symbol,signal_date,entry_date,entry_price,exit_signal_date,close,rs_pct,vol_x,breakout_pct,from_high52,contraction,dry_up,regime_on,ext50_pct,ma50_over_ma200_pct,above_lo52_pct,atr20_pct,trading_value50,ret20_pct,b_dist200_pct,b_dist20_pct,entry_gap_pct,exit_date,exit_price,exit_type,bars_held,pnl_pct,net_pnl_pct,mfe_pct,mae_pct,n_same_day,breadth_tt_pct,b_ret20_pct,b_ret60_pct
003230.KS,2016-09-26,2016-09-27,40200.0,,42000.0,98.69281045751634,6.3582894276885895,5.395232120451698,0.0,2.2084507042253523,3.039348325369896,True,50.90543259557343,9.987255357195778,91.78082191780821,4.5059523809523805,2226683682.0,59.09090909090908,3.59800186071193,0.42857621342866636,-4.285714285714281,2016-09-28,37386.0,STOP,1,-6.999999999999995,-7.371257485029936,8.582089552238802,-7.587064676616917,1,16.233766233766232,0.16391234702748392,5.727139253848756
000660.KS,2016-09-27,2016-09-28,41300.0,2016-11-09,41150.0,89.54248366013073,1.4138044449617022,3.3919597989949812,0.0,1.1091142490372272,1.1342685291281087,True,15.758973781928653,15.678490074845431,59.80582524271845,2.3511543134872417,101116889685.0,15.266106442577021,4.382769502822881,1.14991783727465,0.36452004860267895,2016-11-10,41000.0,EXIT_MA,30,-0.7263922518159771,-1.1226940791540407,5.56900726392251,-6.295399515738498,4,18.181818181818183,0.9740970557533979,5.441743023587753
005070.KS,2016-09-27,2016-09-28,5161.263672,,5063.545898,100.0,4.028502069671903,10.894941999905395,0.0,1.2938736203985801,0.6638204420308379,True,20.380148001329967,45.46404076727819,180.09828966194084,4.697368655114736,1587526998.290166,16.207952228780776,4.382769502822881,1.14991783727465,1.9298289374368283,2016-10-10,4799.97521496,STOP,7,-7.000000000000006,-7.371257485029947,13.59724276066785,-7.056803103780673,4,18.181818181818183,0.9740970557533979,5.441743023587753
018880.KS,2016-09-27,2016-09-28,13350.0,,13350.0,95.42483660130719,2.004099427363076,1.520912547528508,0.0,0.9794050343249427,0.9512733663453309,True,16.76725268958279,8.406660092543428,84.39226519337018,4.213483146067416,12569056275.0,19.19642857142858,4.382769502822881,1.14991783727465,0.0,2016-09-30,12415.5,STOP,2,-6.999999999999995,-7.371257485029947,0.0,-7.86516853932584,4,18.181818181818183,0.9740970557533979,5.441743023587753
103140.KS,2016-09-27,2016-09-28,33850.0,2017-02-06,33850.0,81.69934640522875,1.7646044414174111,2.26586102719033,0.0,0.8731241473396999,0.7889551407775839,True,5.7515073885469725,9.3446291014057,48.46491228070175,2.3707533234859675,4002432509.0,4.475308641975317,4.382769502822881,1.14991783727465,0.0,2017-02-07,40200.0,EXIT_MA,90,18.759231905465292,18.285143155343686,33.67799113737075,-2.6587887740029514,4,18.181818181818183,0.9740970557533979,5.441743023587753
003490.KS,2016-09-28,2016-09-29,22817.99609,,22946.72852,87.58169934640523,1.7076857929023477,0.5641706199450924,0.0,1.016424713162023,0.8198161864904479,True,17.200339607803716,7.454672068962642,53.663784670420746,4.43197793364577,21236093189.915386,22.08904243030796,3.8773901323813975,0.6329473283393172,-0.5610055912231626,2016-10-05,21220.736363699998,STOP,3,-7.000000000000006,-7.371257485029958,0.9873049724060889,-7.6163670689804235,2,19.480519480519483,0.7636838773006138,4.197735631103949
093370.KS,2016-09-28,2016-09-29,7500.0,,7410.0,97.38562091503267,2.31926054691461,1.3679890560875485,-5.363984674329503,1.059625212947189,1.1331891292503917,True,3.3934252386002006,26.545891160786827,120.53571428571428,4.176788124156546,9150302561.0,4.073033707865159,3.8773901323813975,0.6329473283393172,1.2145748987854255,2016-11-10,6974.999999999999,STOP,29,-7.000000000000018,-7.371257485029947,11.06666666666667,-8.666666666666668,2,19.480519480519483,0.7636838773006138,4.197735631103949
003230.KS,2016-09-29,2016-09-30,46700.0,,45750.0,98.69281045751634,14.194372932842297,4.810996563573888,0.0,2.6006968641114985,3.7187771715954043,True,58.970082351714794,12.479480966153368,108.90410958904111,6.0109289617486334,3787495483.0,70.7089552238806,4.64996161063449,1.310231155389907,2.076502732240426,2016-10-07,43431.0,STOP,4,-6.999999999999995,-7.371257485029947,9.207708779443259,-8.886509635974305,3,20.77922077922078,1.7895537397344397,4.095969809181388
036460.KS,2016-09-29,2016-09-30,44450.0,2016-11-11,44750.0,74.50980392156863,3.413184217033219,0.33632286995515237,-0.5555555555555536,1.050887573964497,1.1211040863452644,True,4.84759026264614,7.762614722330929,42.289348171701114,2.430167597765363,8771000026.0,6.168446026097274,4.64996161063449,1.310231155389907,-0.6703910614525133,2016-11-14,43600.0,EXIT_MA,30,-1.9122609673790758,-2.303828787868578,6.636670416197976,-3.5995500562429728,3,20.77922077922078,1.7895537397344397,4.095969809181388
066970.KS,2016-09-29,2016-09-30,17365.16211,,17365.16211,100.0,1.4891350317828065,0.8021348017562824,0.0,1.0825686034068418,0.7526585589488183,True,21.68355487484872,45.5367081176588,170.83332161981707,4.549071347540677,2775037609.48775,17.445482106491262,4.64996161063449,1.310231155389907,0.0,2016-10-13,16149.6007623,STOP,8,-7.000000000000006,-7.371257485029936,1.5915148862379214,-7.957557558326767,3,20.77922077922078,1.7895537397344397,4.095969809181388
011780.KS,2016-10-04,2016-10-05,73300.0,,73300.0,90.84967320261438,2.438494916261743,1.9471488178025131,-2.0053475935828846,1.1153846153846154,1.0377104058103732,True,10.855690995432688,7.671702429949145,53.18704284221525,3.246930422919509,9369741542.0,6.386066763425258,3.9066743280338434,0.5721303853959192,0.0,2016-10-31,67000.0,STOP,18,-8.594815825375168,-8.959706780164101,7.5034106412005475,-10.504774897680768,1,20.77922077922078,0.993295297058916,3.2670870560143284
036570.KS,2016-10-05,2016-10-06,303000.0,,303500.0,92.81045751633987,1.4350906042920388,1.3355592654423987,0.0,0.6621621621621622,0.838596832022951,True,12.993298585256884,10.27630660590384,66.75824175824177,2.009884678747941,32205674900.0,10.564663023679422,3.785336293426611,0.43124731698831464,-0.16474464579900872,2016-10-12,281790.0,STOP,4,-6.999999999999995,-7.371257485029947,1.320132013201314,-9.405940594059404,1,20.12987012987013,0.9976794290077917,5.113869360597079
005930.KS,2016-10-06,2016-10-07,34000.0,,33820.0,91.50326797385621,2.458193336032858,2.360774818401934,0.0,0.9909801563439568,1.1333193460171667,True,6.710587760150433,16.578263972162354,52.068345323741006,2.7232406859846243,395241254320.0,5.886036318096433,4.376257263098671,0.9663022108855168,0.5322294500295754,2016-10-11,31619.999999999996,STOP,2,-7.000000000000006,-7.371257485029958,0.9411764705882453,-9.11764705882353,1,18.83116883116883,1.32413564270204,4.620891505571811
009540.KS,2016-10-07,2016-10-10,97931.51562,,97605.07031,96.73202614379085,1.5746203787375088,2.04777605027755,0.0,0.9375002289247327,0.7374740935243955,True,11.326231115326046,21.792836827517515,84.11328756598395,3.1605355727959044,38089796500.02321,5.281684322365265,3.768394654493745,0.41951681334013724,0.33445527877107306,2016-11-01,91076.3095266,STOP,16,-7.000000000000006,-7.371257485029947,4.666661953577145,-8.333334655685986,1,17.532467532467532,-0.30484392655730774,4.620247267528876
005490.KS,2016-10-24,2016-10-25,247000.0,,246500.0,88.31168831168831,1.424897565897399,1.0245901639344357,-1.0040160642570295,0.8691796008869179,1.063111157594298,True,7.957780405553372,7.956170730842427,58.012820512820504,2.160243407707911,60490298190.0,8.590308370044042,3.271465267087481,0.1506350286208713,0.20283975659229903,2016-11-09,229709.99999999997,STOP,11,-7.000000000000018,-7.371257485029958,1.4170040485830038,-8.2995951417004,2,16.883116883116884,-0.3081724474064962,1.7601596639940986
032640.KS,2016-10-24,2016-10-25,12100.0,,12150.0,76.62337662337663,1.7422226846415672,2.1008403361344463,0.0,1.1727748691099475,0.9970750545306829,True,5.131089383057885,6.604065104394885,36.21076233183857,1.9958847736625516,10611807217.0,4.741379310344818,3.271465267087481,0.1506350286208713,-0.4115226337448541,2016-11-11,11253.0,STOP,13,-6.999999999999995,-7.371257485029936,4.958677685950419,-7.851239669421483,2,16.883116883116884,-0.3081724474064962,1.7601596639940986
005490.KS,2016-12-08,2016-12-09,278000.0,,279000.0,95.45454545454545,2.0989506770046256,5.283018867924527,0.0,1.0476190476190477,1.4484721548594959,True,14.101096024865045,8.917594654788408,78.84615384615385,2.553763440860215,92664136040.0,12.955465587044523,1.6579304105844406,2.540785634668108,-0.35842293906810374,2016-12-19,258539.99999999997,STOP,6,-7.000000000000006,-7.371257485029947,1.618705035971213,-7.374100719424459,4,12.337662337662337,1.4216503715767548,-0.3336841416127667
036460.KS,2016-12-08,2016-12-09,46550.0,2017-01-23,47100.0,85.71428571428571,1.893717952024707,1.7278617710583255,0.0,1.0413943355119826,0.9288337380919466,True,4.850737962200302,7.42410292587854,49.76152623211447,2.3938428874734607,10920578092.0,4.088397790055254,1.6579304105844406,2.540785634668108,-1.1677282377919318,2017-01-24,46050.0,EXIT_MA,31,-1.074113856068748,-1.4690275732101798,6.766917293233088,-2.9001074113856107,4,12.337662337662337,1.4216503715767548,-0.3336841416127667
055550.KS,2016-12-08,2016-12-09,47250.0,2017-01-09,47300.0,86.36363636363636,2.572905044369244,2.2702702702702693,0.0,0.9866071428571429,1.0506473294859098,True,9.399574428716818,6.060271553151564,31.02493074792243,2.4841437632135306,44906177337.0,7.499999999999996,1.6579304105844406,2.540785634668108,-0.10570824524313016,2017-01-10,44800.0,EXIT_MA,21,-5.185185185185182,-5.563687439934939,2.4338624338624326,-5.714285714285716,4,12.337662337662337,1.4216503715767548,-0.3336841416127667
105560.KS,2016-12-08,2016-12-09,43800.0,2017-04-10,44400.0,90.25974025974025,1.9582436075610858,2.422145328719716,0.0,0.9427027027027027,0.9706699736329424,True,8.179226664717486,13.650806836825824,56.8904593639576,2.5731981981981984,47272071288.0,5.840286054827182,1.6579304105844406,2.540785634668108,-1.3513513513513487,2017-04-11,47150.0,EXIT_MA,83,7.648401826484008,7.218667687456137,18.493150684931514,-4.109589041095896,4,12.337662337662337,1.4216503715767548,-0.3336841416127667
047050.KS,2016-12-12,2016-12-13,29050.0,,28800.0,93.5064935064935,1.7043204668086245,1.0526315789473717,0.0,1.1447963800904977,1.1378940214148543,True,11.175448755066597,9.23466160657811,138.01652892561984,4.001736111111111,6667114652.0,10.769230769230775,1.4105725590181528,2.107460935989458,0.868055555555558,2016-12-29,27016.5,STOP,12,-6.999999999999995,-7.371257485029936,1.2048192771084265,-7.40103270223752,1,12.987012987012985,2.6762543232221825,1.3944464833330228
006040.KS,2016-12-14,2016-12-15,67057.67188,2017-01-25,66568.91406,89.6103896103896,2.7077876834223162,0.29454564416901974,0.0,0.863568374706729,1.3606295759377245,True,6.850345776194544,6.640118142890206,40.702476960216,2.173275615095709,616397026.9566249,4.28790037091189,1.8296228542474369,2.268836431320387,0.7342132989573313,2017-01-26,65786.89844,EXIT_MA,29,-1.8950455695420532,-2.2866821141746208,6.9970904125578715,-3.0612234252233805,1,12.987012987012985,2.890408420998769,0.5509196387863291
011780.KS,2016-12-15,2016-12-16,79400.0,2017-02-03,80100.0,93.5064935064935,2.51277813580408,3.6222509702457995,0.0,0.9510961214165261,0.9172887627547941,True,9.059717343354311,10.332291791851933,67.39811912225706,3.50187265917603,12147690412.0,8.979591836734691,1.7885818879088244,2.11397903674424,-0.8739076154806513,2017-02-06,79900.0,EXIT_MA,33,0.6297229219143663,0.22800746114821635,18.136020151133494,-2.896725440806047,1,13.636363636363635,2.8325451825024883,0.032418332272832195
034020.KS,2016-12-20,2016-12-21,21927.80664,2017-01-25,21927.80664,85.06493506493507,2.1785702222616905,1.4651988956431827,-7.046978237294632,0.9632264296022285,0.9849828770067954,True,4.678406519770517,6.734967261964253,91.69549906451368,3.28519714865563,15279530369.265694,2.7829299756405135,1.9667548724499717,1.8723437922394393,0.0,2017-01-26,21531.99805,EXIT_MA,25,-1.8050532663763108,-2.1970490617201244,7.942237993028933,-2.707579922366554,1,13.636363636363635,2.9478626273591324,-0.2525533087075371
005850.KS,2017-01-03,2017-01-04,23350.0,,23250.0,99.35064935064936,2.8042438939666394,2.19780219780219,0.0,0.9924357034795764,0.7219222747930025,True,25.580641676569083,13.804496488558993,67.87003610108304,3.741935483870968,2425363360.0,17.42424242424243,1.901001084861642,0.66980296065835,0.43010752688172893,2017-02-10,21715.5,STOP,25,-6.999999999999995,-7.371257485029947,11.563169164882225,-7.494646680942186,1,13.636363636363635,4.105716048807007,-0.6247555243125924
000880.KS,2017-01-04,2017-01-05,49117.25781,2017-01-24,49117.25781,78.57142857142857,1.9436095197836083,0.6775104618187644,-5.949363673177254,0.757709130086391,1.0250832652780535,True,3.8173485287688047,3.46607301363957,33.51746556593342,1.877523955159092,8078700590.357224,4.500704421834523,1.9662799704430078,0.6138487514711466,0.0,2017-01-25,47067.94922,EXIT_MA,14,-4.172278098112336,-4.554823894127857,2.2880196291642285,-5.248990405720699,1,13.636363636363635,2.8032138150664965,0.674726030702244
000660.KS,2017-01-09,2017-01-10,49850.0,2017-02-14,49550.0,100.0,1.5675128315248998,2.270381836945301,0.0,1.013215859030837,0.8881155091153499,True,13.156272123135949,23.049471007264,92.42718446601941,2.199798183652876,109421862642.0,8.90109890109889,2.0795512144974326,0.5403225633104247,0.6054490413723412,2017-02-15,48300.0,EXIT_MA,24,-3.1093279839518595,-3.496117093796347,10.13039117352057,-4.613841524573726,1,10.38961038961039,1.1898161546701758,1.2913685226847216
161390.KS,2017-01-10,2017-01-11,63200.0,,63300.0,86.36363636363636,1.8444489300969726,3.431372549019618,0.0,1.1778774289985052,0.8515481752591473,True,13.181233013874971,2.3193271161401574,49.116607773851584,2.6856240126382307,12155895694.0,12.834224598930488,1.8849296944299043,0.3167022977214051,-0.15797788309637184,2017-01-20,58775.99999999999,STOP,7,-7.000000000000006,-7.371257485029958,2.0569620253164667,-8.069620253164555,1,11.03896103896104,0.881987583522359,0.8635788011272849
005940.KS,2017-01-17,2017-01-18,11200.0,2017-04-10,11350.0,84.4155844155844,4.4576182549231955,3.1818181818181746,0.0,1.41320293398533,1.8812753326082532,True,12.648378260351745,1.86582819821961,34.00236127508855,1.9691629955947136,10740161874.0,12.935323383084585,3.1064285089605237,1.169781629256872,-1.3215859030836996,2017-04-11,11850.0,EXIT_MA,56,5.803571428571419,5.381201881950393,17.410714285714278,-3.125,1,11.688311688311687,1.642477727698255,1.1783784620038595
005490.KS,2017-01-19,2017-01-20,274500.0,2017-02-06,278000.0,93.5064935064935,1.606748561630077,1.831501831501825,-1.5929203539822967,1.135042735042735,0.9850405802093178,True,6.9930339067852065,11.953465826466303,78.20512820512822,2.643884892086331,99432014400.0,5.303030303030298,3.1149176781475996,1.058197469418709,-1.258992805755399,2017-02-07,260000.0,EXIT_MA,10,-5.282331511839711,-5.660445956902227,2.1857923497267784,-5.828779599271405,1,12.337662337662337,1.7090658632424427,2.9246892114910272
011070.KS,2017-01-25,2017-01-26,99500.0,2017-04-27,99100.0,87.01298701298701,7.720021404178262,7.2510822510822415,0.0,1.232845894263217,1.4565583011955183,True,16.77782753175745,2.8673943743067865,39.577464788732385,2.4722502522704337,12451366356.0,13.12785388127853,2.727383925387783,0.49675804080731023,0.4036326942482349,2017-04-28,129500.0,EXIT_MA,63,30.15075376884422,29.631189881543452,45.728643216080414,-2.311557788944718,2,9.740259740259742,1.2129203967502722,2.966534931180287
086790.KS,2017-01-25,2017-01-26,34200.0,2017-04-04,33950.0,91.55844155844156,1.9122522706647576,0.2954209748892156,-1.5942028985507228,1.0295652173913044,1.0078966324638727,True,3.4115138592750505,14.759112478262004,72.7735368956743,2.334315169366716,31568696363.0,4.141104294478537,2.727383925387783,0.49675804080731023,0.7363770250368162,2017-04-05,36800.0,EXIT_MA,46,7.602339181286544,7.172788925073825,18.421052631578938,-1.0233918128654929,2,9.740259740259742,1.2129203967502722,2.966534931180287
005930.KS,2017-01-26,2017-01-31,39900.0,,39900.0,98.05194805194806,1.4668794442894333,1.2690355329949332,0.0,1.3545706371191135,1.121055097796918,True,11.739666181247909,14.586442037705583,76.54867256637168,2.137844611528822,372200495600.0,11.577181208053688,3.5266780222639627,1.160961999667598,0.0,2017-02-15,37080.0,STOP,11,-7.067669172932334,-7.438656521543397,0.0,-7.067669172932334,1,11.03896103896104,2.919258593123497,5.28819216954699
000720.KS,2017-02-01,2017-02-02,44400.0,2017-04-28,44200.0,84.4155844155844,2.5482466360465135,0.11325028312569874,-1.449275362318836,1.0714285714285714,1.0850790798131127,True,5.348460291734192,8.664037865102326,38.55799373040752,2.9638009049773753,16538262560.0,3.2710280373831724,3.319366002013102,0.7765008666735795,0.4524886877828038,2017-05-02,48750.0,EXIT_MA,61,9.797297297297302,9.35898473323622,16.216216216216207,-1.2387387387387427,3,14.285714285714285,2.68093068111519,4.967657188447583
003230.KS,2017-02-01,2017-02-02,43500.0,2017-04-18,43400.0,98.05194805194806,3.2357397274855457,1.8779342723004744,-18.8785046728972,0.8808664259927798,0.8286469012984962,True,1.0712622263623572,26.67320584395949,90.35087719298245,3.4447004608294933,3485462184.0,5.596107055961075,3.319366002013102,0.7765008666735795,0.23041474654377225,2017-04-19,56600.0,EXIT_MA,53,30.114942528735632,29.595521600477205,48.50574712643678,-1.1494252873563204,3,14.285714285714285,2.68093068111519,4.967657188447583
139130.KS,2017-02-01,2017-02-02,10400.0,2017-04-11,10350.0,77.27272727272727,2.0996364522728213,1.4705882352941124,0.0,1.1339401820546164,0.9167545288519812,True,5.138050831961949,6.022617124394203,32.01530612244898,1.9178743961352656,4655766184.0,7.253886010362698,3.319366002013102,0.7765008666735795,0.48309178743961567,2017-04-12,10800.0,EXIT_MA,48,3.8461538461538547,3.431598341777997,13.942307692307686,-2.4038461538461564,3,14.285714285714285,2.68093068111519,4.967657188447583
032640.KS,2017-02-03,2017-02-06,12300.0,2017-05-02,12100.0,70.77922077922078,3.287115434523029,1.2552301255230214,-3.585657370517925,1.208888888888889,1.677383079269366,True,3.4984175861773936,2.438062693040677,35.65022421524664,2.2520661157024793,11707016688.0,7.079646017699126,2.9182960095935684,0.28939960528524544,1.6528925619834656,2017-05-04,14050.0,EXIT_MA,60,14.22764227642277,13.771643704461,25.203252032520318,-2.4390243902439046,1,13.636363636363635,1.345295203369412,3.4831088872727456
006260.KS,2017-02-10,2017-02-13,70400.0,,70200.0,98.7012987012987,3.147700175499873,6.042296072507547,0.0,1.2619718309859156,1.0984442981952494,True,12.575772154334652,7.612128324158274,102.59740259740258,2.735042735042735,6107287528.0,12.5,2.9380371581552156,0.1430457872632518,0.2849002849002913,2017-03-02,65471.99999999999,STOP,12,-7.000000000000006,-7.371257485029958,1.5625,-7.386363636363635,1,16.233766233766232,-0.004329476783926367,5.4662468889820515
003670.KS,2017-02-13,2017-02-14,12174.3252,2017-05-12,12222.06738,70.77922077922078,3.266249661553251,1.5873008880554762,0.0,1.019920773658715,1.4914454743476724,True,4.995488428525818,6.413065652774419,33.056133842408954,2.480470664857357,1701167259.523299,5.785125982686967,3.0989733478515413,0.3358800375073745,-0.3906227851282029,2017-05-15,13463.37109,EXIT_MA,59,10.588232767102369,10.14676277601614,22.745092434363446,-0.3921627623352797,3,16.883116883116884,-0.4067763271869973,5.000877771312573
034020.KS,2017-02-13,2017-02-14,24183.91602,,24065.17383,94.15584415584416,2.0142901242903397,1.6722400290580142,0.0,0.9384830914302197,0.9813478352536972,True,9.17971367256294,7.2955503987292225,104.7138092228976,2.6809204394597956,13230621594.38594,2.702697977101276,3.0989733478515413,0.3358800375073745,0.4934192075187749,2017-02-17,22402.77734,STOP,3,-7.364972151437366,-7.7347726618108625,0.16367088757363035,-9.492629142862864,3,16.883116883116884,-0.4067763271869973,5.000877771312573
204320.KS,2017-02-13,2017-02-14,58000.0,,57200.0,96.75324675324676,1.4941199572360526,1.0600706713780994,-0.34843205574912606,1.4635488308115543,1.761674022831156,True,13.334654250049539,4.8128342245989275,101.40845070422534,3.723776223776224,13020256590.0,10.000000000000009,3.0989733478515413,0.3358800375073745,1.3986013986013957,2017-02-22,53940.0,STOP,6,-6.999999999999995,-7.371257485029936,0.0,-7.241379310344831,3,16.883116883116884,-0.4067763271869973,5.000877771312573
036460.KS,2017-02-15,2017-02-16,48800.0,2017-03-03,49150.0,79.22077922077922,1.8269507670187592,0.3061224489795844,-0.30425963488843744,1.0805902383654937,0.9546629076480792,True,3.327937435617123,8.712147183179075,35.773480662983424,2.222787385554425,8446161569.0,2.3958333333333304,3.325556216709047,0.5449813357351063,-0.7121057985757906,2017-03-06,47200.0,EXIT_MA,11,-3.2786885245901676,-3.6648015444520787,1.8442622950819665,-4.4057377049180335,2,16.233766233766232,0.9539032998272745,5.534349250732484
085620.KS,2017-02-15,2017-02-16,6300.0,2017-03-27,6280.0,94.8051948051948,2.609070183024666,2.1138211382113914,0.0,1.1437125748502994,0.9777348210280122,True,13.689851189398606,16.61828507489471,59.59339263024142,3.0812101910828025,2164867972.0,19.39163498098859,3.325556216709047,0.5449813357351063,0.31847133757962887,2017-03-28,5930.0,EXIT_MA,27,-5.873015873015874,-6.248772296676486,3.492063492063502,-7.777777777777772,2,16.233766233766232,0.9539032998272745,5.534349250732484
028670.KS,2017-02-16,2017-02-17,4510.0,2017-04-24,4475.0,88.96103896103897,2.259138309623685,0.44893378226711356,0.0,1.1009988901220866,1.522353258389361,True,11.953367357150002,4.817097154844618,56.46853146853146,2.7597765363128492,7813088071.9,9.146341463414643,3.2083959314774813,0.4233625692001697,0.7821229050279266,2017-04-25,5140.0,EXIT_MA,46,13.968957871396892,13.51399197171068,29.490022172949004,-0.8869179600886956,1,16.883116883116884,0.48120637091075835,5.889475654950638
009540.KS,2017-02-21,2017-02-22,101195.8984,2017-04-27,100869.4609,87.66233766233766,2.1758837170423706,2.9999998074164314,-2.215184002294557,0.9180324618079531,1.0167234681103445,True,6.706268268049587,9.600136348684263,55.903132792654844,2.5242719702093703,27115175178.299908,11.151083768324366,4.177843144328852,1.2966418087575704,0.3236237183062096,2017-04-28,107724.6641,EXIT_MA,46,6.4516109874271255,6.026654456539182,16.129027320340473,-0.9677470287669299,1,17.532467532467532,1.8067216496244543,6.679480197033971
006040.KS,2017-02-24,2017-02-27,70381.23438,2017-03-09,70869.99219,84.4155844155844,1.8027522306840358,1.6830336541716617,-0.275098355017811,1.0949723431033136,0.9375547791606473,True,4.139737321737291,10.871694186544346,36.79245767186672,2.724137034365884,901138675.571409,7.09010938223813,3.6445149334130456,0.6065404772063188,-0.6896541045040117,2017-03-10,66568.91406,EXIT_MA,8,-5.4166715795529345,-5.794249736919999,2.5000005406270676,-7.222223217279122,1,15.584415584415584,1.3149959251766985,5.849711185486339
010140.KS,2017-02-28,2017-03-02,9476.999023,2017-03-30,9434.878906,92.20779220779221,1.4281944794269947,0.4484317967297091,-1.2766279283187854,0.9999998218459627,0.8588409697570013,True,9.32802196149105,12.25952678937392,53.29348879783502,2.97767716150908,20952207788.88219,7.692307694063727,3.466823993850343,0.4246648335918257,0.4464298632727015,2017-03-31,9182.15918,EXIT_MA,21,-3.1111097751982952,-3.4978917721036784,12.000003737892118,-3.1111097751982952,1,14.935064935064934,1.1641600627002369,5.4386839571518575
005930.KS,2017-03-02,2017-03-03,39340.0,2017-04-20,39720.0,97.40259740259741,2.0095321755608135,0.1512859304084735,-0.4511278195488688,1.031605562579014,1.0876262930994842,True,5.37709719525008,15.640339681916338,69.45392491467577,1.8277945619335347,408671234040.0,1.5337423312883347,3.979266226056355,0.8995815247281547,-0.9566968781470342,2017-04-21,40480.0,EXIT_MA,35,2.8978139298424077,2.4870442135556114,8.490086426029485,-0.4575495678698527,1,12.987012987012985,1.0656157335385608,6.700459147424853
028050.KS,2017-03-07,2017-03-08,13400.0,,13500.0,95.45454545454545,1.5361517391327897,1.1235955056179803,0.0,1.1457286432160805,1.4368296569359917,True,14.95231607629428,9.067944574464137,47.54098360655738,3.8148148148148144,29163238509.0,8.000000000000007,3.4641452191576994,0.40901270043645077,-0.7407407407407418,2017-03-09,12462.0,STOP,1,-6.999999999999995,-7.371257485029936,2.238805970149249,-7.0895522388059735,1,13.636363636363635,0.7888748733772433,5.128798941240742
010950.KS,2017-03-13,2017-03-14,93000.0,2017-06-05,92700.0,74.67532467532467,3.733420576283866,4.157303370786525,-5.5045871559633035,1.2481857764876634,1.2879709777949322,True,8.787494719053646,5.0592724560311275,33.57348703170029,1.8446601941747571,22982600818.0,10.357142857142865,4.473664898093577,1.2460781142408228,0.3236245954692629,2017-06-07,98900.0,EXIT_MA,56,6.34408602150538,5.9195587319983645,16.129032258064523,-1.505376344086018,2,16.233766233766232,2.048596121696278,4.008394424389183
055550.KS,2017-03-13,2017-03-14,50000.0,2017-03-30,49050.0,77.27272727272727,1.7145113488073667,2.294056308654846,0.0,1.1831750339213025,0.9142649901142955,True,5.838943552563447,8.640180973199785,32.38866396761133,1.8909276248725788,51208098040.0,3.2631578947368345,4.473664898093577,1.2460781142408228,1.9367991845055998,2017-03-31,47350.0,EXIT_MA,13,-5.300000000000004,-5.678043912175646,0.6000000000000005,-6.899999999999995,2,16.233766233766232,2.048596121696278,4.008394424389183
009150.KS,2017-03-14,2017-03-15,62300.0,2017-07-28,62200.0,89.6103896103896,1.5616238837855374,1.3029315960912058,0.0,0.9270664505672609,0.920764078837156,True,11.449561010571575,7.586060655714011,37.15545755237044,2.451768488745981,27149379274.0,12.072072072072082,5.2215137536569145,1.8858711457081068,0.1607717041800738,2017-07-31,90500.0,EXIT_MA,93,45.26484751203852,44.6849479211721,79.7752808988764,0.0,1,16.233766233766232,2.652208385209831,4.7577918196983315
018670.KS,2017-03-17,2017-03-20,113073.75,2017-05-04,113559.0469,82.46753246753246,1.8020552282085716,1.2986991149521065,-9.652508354669187,1.1428573259394965,1.2220793159777548,True,6.664235551449105,9.092636534319176,59.044422106523584,3.6324790645103584,2126250574.9078445,7.834100842055802,6.592914501027525,2.847311785697748,-0.427352036889983,2017-05-08,112588.4609,EXIT_MA,32,-0.42917927458848704,-0.8266675808775492,9.442060778916407,-0.8583653588918772,1,16.233766233766232,3.974368179233556,6.1906731327861175
005380.KS,2017-03-21,2017-03-22,167500.0,,170000.0,83.76623376623377,4.560434425239169,8.280254777070063,0.0,1.1029900332225913,1.2697124722909832,True,15.68560734943858,5.48985122305774,31.782945736434097,2.338235294117647,73400491840.0,13.33333333333333,7.170918532761283,3.0856351401095328,-1.4705882352941124,2017-03-29,155775.0,STOP,5,-6.999999999999995,-7.371257485029936,1.7910447761193993,-7.164179104477608,1,16.233766233766232,4.50923266878458,6.890219861390112
017670.KS,2017-03-23,2017-03-24,59132.40234,,59132.40234,81.81818181818183,1.6776242066980815,0.7677587158930299,0.0,1.4345547736599376,1.4491308422279963,True,13.063706696568445,3.324432436054736,30.27295893128963,2.295238538925222,41673833324.963356,13.636368744664962,6.794427369972533,2.498926024619963,0.0,2017-04-11,54993.134176199994,STOP,12,-7.000000000000006,-7.371257485029947,1.1428537540455475,-8.380953882957021,2,16.233766233766232,3.1382107101985968,6.7203666873182355
047040.KS,2017-03-23,2017-03-24,7290.0,,7280.0,88.96103896103897,2.090385346070974,3.703703703703698,0.0,1.1924119241192412,1.1941430213816735,True,23.027005103592813,0.4617839801704493,43.307086614173215,2.5755494505494503,6281269455.0,16.85393258426966,6.794427369972533,2.498926024619963,0.13736263736263687,2017-04-13,6779.7,STOP,14,-7.000000000000006,-7.371257485029947,1.0973936899862924,-8.504801097393688,2,16.233766233766232,3.1382107101985968,6.7203666873182355
036570.KS,2017-03-29,2017-03-30,306500.0,2017-06-20,304500.0,83.76623376623377,1.7813380300390629,0.995024875621886,-3.639240506329111,0.9436619718309859,0.7845999599228263,True,3.61371988566761,9.374098644361117,39.678899082568805,3.3825944170771756,60199327730.0,11.131386861313874,6.353851222874285,1.5669420723997352,0.6568144499178974,2017-06-21,347000.0,EXIT_MA,54,13.2137030995106,12.761752188933716,39.15171288743882,-2.1207177814029365,2,15.584415584415584,3.601962615655663,6.934260814640392
051910.KS,2017-03-29,2017-03-30,298500.0,,299500.0,72.72727272727273,1.4283768148829081,0.16722408026756952,-11.521418020679464,1.204460966542751,1.1246425027590023,True,8.029144423604095,7.798936552836988,36.44646924829158,2.4040066777963274,72509889050.0,5.830388692579502,6.353851222874285,1.5669420723997352,-0.33388981636059967,2017-04-11,277605.0,STOP,8,-6.999999999999995,-7.371257485029947,0.5025125628140614,-7.202680067001676,2,15.584415584415584,3.601962615655663,6.934260814640392
086790.KS,2017-04-24,2017-04-25,39850.0,2017-09-01,39900.0,98.05194805194806,2.6275830376221605,3.100775193798455,-0.4987531172069848,0.9458563535911603,0.9735647965923973,True,7.200429876410541,15.158218791333745,77.728285077951,2.424812030075188,40325836226.0,4.862023653088032,5.845265723816895,1.0120532628230983,-0.12531328320801727,2017-09-04,48300.0,EXIT_MA,88,21.204516938519458,20.720666571499425,30.740276035131743,-2.509410288582181,1,13.636363636363635,0.8387259000992131,5.167061068466716
005930.KS,2017-04-25,2017-04-26,42700.0,2017-08-04,42700.0,94.8051948051948,1.7376076967712688,0.5652378709373629,0.0,1.0405594405594405,0.9865715797059094,True,4.88514217217868,15.406661129426812,71.4859437751004,1.5480093676814988,458183730520.0,2.941176470588225,6.907121217534162,2.0064698682401794,0.0,2017-08-07,47500.0,EXIT_MA,68,11.241217798594839,10.797141080835981,20.18735362997659,-1.7330210772833698,3,14.935064935064934,1.5504036908839502,5.435810558530552
005940.KS,2017-04-25,2017-04-26,13150.0,2017-07-10,13000.0,87.66233766233766,2.46412724187766,1.9607843137254832,0.0,1.020979020979021,0.9634036855309805,True,7.384767883694043,13.124328365182446,46.89265536723164,2.5576923076923075,16459005075.0,3.585657370517925,6.907121217534162,2.0064698682401794,1.1538461538461497,2017-07-11,14150.0,EXIT_MA,49,7.604562737642584,7.175003604957397,15.209125475285168,-0.38022813688213253,3,14.935064935064934,1.5504036908839502,5.435810558530552
055550.KS,2017-04-25,2017-04-26,48800.0,2017-06-21,48900.0,75.32467532467533,1.4077855875386933,0.2049180327868827,-1.70854271356784,0.909323116219668,0.932565693129881,True,3.131920278392908,7.626830098740212,31.983805668016196,1.8660531697341511,42334651366.0,2.3012552301255207,6.907121217534162,2.0064698682401794,-0.2044989775051076,2017-06-22,48850.0,EXIT_MA,36,0.10245901639345245,-0.29715159844244665,5.327868852459017,-3.995901639344257,3,14.935064935064934,1.5504036908839502,5.435810558530552
000660.KS,2017-04-26,2017-04-27,53800.0,2017-08-04,53700.0,98.7012987012987,1.4293741094327452,0.9398496240601517,-1.6483516483516536,0.9702434625788999,0.8329705303843314,True,8.28141068295929,13.753892205267594,108.54368932038834,2.2858472998137804,190650199291.0,4.678362573099415,7.380859715293742,2.419610415847817,0.18621973929235924,2017-08-07,64000.0,EXIT_MA,67,18.959107806691456,18.4842211487805,35.687732342007436,-2.0446096654275103,1,16.233766233766232,1.8855784722108915,6.784293416265497
023530.KS,2017-04-27,2017-04-28,265500.0,2017-07-17,268000.0,83.11688311688312,3.29754844357718,5.098039215686279,-1.4705882352941124,1.5223880597014925,1.065278117305388,True,19.413625629372188,3.1174619219370925,38.86010362694301,2.639925373134328,43027593490.0,23.502304147465438,7.39530357119671,2.3883139209424975,-0.9328358208955279,2017-07-18,289000.0,EXIT_MA,52,8.851224105461398,8.416688280689089,21.28060263653484,-4.519774011299438,1,15.584415584415584,2.0705553909885266,6.199530023836131
003490.KS,2017-05-04,2017-05-08,22393.25195,2017-07-14,22257.53516,80.51948051948052,2.6258952760450156,4.625206030537621,-3.003449312608164,0.8559440124536579,0.885604567160524,True,9.827559362852245,3.8213971569124316,36.40737337932563,2.4466459699394685,19862040030.61813,5.466238135316903,8.760023353339408,3.435599892739849,0.6097566016380229,2017-07-17,24055.78125,EXIT_MA,48,7.424242373158307,6.995403082247509,18.93939522258623,-5.303032729018186,1,14.285714285714285,3.7082915351383194,7.8732846052044225
000880.KS,2017-05-08,2017-05-10,54736.32422,2017-09-01,54273.57812,79.22077922077922,1.4028977666238973,0.6127484320523457,0.0,1.4869101017171114,1.70945311450663,True,12.793317424836538,1.5723313233954705,33.96526512601461,1.9975639234673732,10176738599.377047,14.345406339657929,11.183509323429487,5.492196638111979,0.8526176383227613,2017-09-04,62999.66016,EXIT_MA,81,15.09662195581023,14.637154403092435,27.77777897340874,-0.8454095275746032,4,14.935064935064934,6.10453784471634,10.483278949526964
003230.KS,2017-05-08,2017-05-10,62200.0,,62900.0,100.0,1.8857115156250475,3.6243822075782584,-0.15873015873015817,0.8664563617245006,0.7307663326449132,True,8.797177154322489,31.03139572437943,166.52542372881354,3.044515103338633,6584505554.0,6.610169491525419,11.183509323429487,5.492196638111979,-1.112877583465821,2017-05-29,57845.99999999999,STOP,13,-7.000000000000006,-7.371257485029958,6.591639871382626,-8.36012861736335,4,14.935064935064934,6.10453784471634,10.483278949526964
066570.KS,2017-05-08,2017-05-10,77100.0,2017-06-28,77000.0,96.75324675324676,2.407870140404044,4.904632152588562,0.0,0.9420654911838791,0.9411980335820159,True,13.20199941193767,22.244687064743673,71.49220489977728,2.551948051948052,76937341756.0,14.583333333333325,11.183509323429487,5.492196638111979,0.12987012987013546,2017-06-29,80300.0,EXIT_MA,35,4.150453955901434,3.73468368062837,15.304798962386501,-1.5564202334630295,4,14.935064935064934,6.10453784471634,10.483278949526964
105560.KS,2017-05-08,2017-05-10,54400.0,2017-08-11,53500.0,92.85714285714286,1.7364356896555015,2.294455066921608,0.0,1.1730205278592376,0.9474207649880035,True,8.069891930108074,14.413487872239617,68.23899371069182,2.5373831775700935,57423163165.0,9.183673469387754,11.183509323429487,5.492196638111979,1.6822429906542036,2017-08-14,56400.0,EXIT_MA,67,3.6764705882353033,3.2625924621345392,11.213235294117641,-4.411764705882348,4,14.935064935064934,6.10453784471634,10.483278949526964
001450.KS,2017-05-10,2017-05-11,38300.0,2017-09-05,38250.0,76.62337662337663,2.0846451026039086,0.2621231979030192,0.0,1.1036496350364964,0.862896992424214,True,11.542050624052248,1.1854441911759217,35.87921847246891,2.3790849673202614,9460975732.0,11.191860465116289,10.018173833892718,4.169238895551408,0.13071895424836555,2017-09-06,43050.0,EXIT_MA,82,12.402088772845943,11.953377839621027,29.76501305483028,-4.699738903394257,2,17.532467532467532,5.452101590988279,9.928914679113966
010140.KS,2017-05-10,2017-05-11,9687.598633,2017-07-11,9603.359375,80.51948051948052,1.8501493573557184,1.3333371850448916,-7.692301899216192,0.943661961515521,1.0102840801554624,True,2.01342612779567,13.580493014686667,56.030880463867014,2.763157627848327,27804052917.518642,8.056873078696803,10.018173833892718,4.169238895551408,0.8771853130821627,2017-07-12,9856.079102,EXIT_MA,43,1.7391355214292803,1.332991267850736,20.000008055659933,-2.608693202246537,2,17.532467532467532,5.452101590988279,9.928914679113966
006400.KS,2017-05-11,2017-05-12,149500.0,2017-07-28,150000.0,94.15584415584416,3.0945342442150165,3.806228373702414,0.0,1.0867924528301887,1.1154088266146318,True,11.209964412811392,19.416199274897195,67.97312430011198,2.2666666666666666,30260149650.0,9.090909090909083,11.216161403219083,5.025242970470112,-0.33333333333332993,2017-07-31,163500.0,EXIT_MA,55,9.364548494983271,8.927963471051203,28.093645484949835,-2.341137123745818,3,18.83116883116883,6.722039398270585,11.157000748043977
042700.KS,2017-05-11,2017-05-12,3940.0,2017-08-02,3890.0,88.31168831168831,22.29609505663717,4.010695187165769,0.0,1.2825396825396826,1.5644715922549621,True,13.180098923479777,13.077808850139828,57.489878542510134,1.6709511568123392,1457029945.0,8.356545961002793,11.216161403219083,5.025242970470112,1.285347043701801,2017-08-03,4240.0,EXIT_MA,58,7.614213197969533,7.184615540492634,25.380710659898487,-5.837563451776651,3,18.83116883116883,6.722039398270585,11.157000748043977
139130.KS,2017-05-11,2017-05-12,12200.0,,12200.0,88.96103896103897,1.9413877724550561,1.6666666666666607,0.0,0.9957805907172996,1.2278314277038083,True,8.909123370826633,12.354253905368463,44.37869822485207,2.3565573770491803,4834779572.0,7.488986784140961,11.216161403219083,5.025242970470112,0.0,2017-05-25,11346.0,STOP,9,-6.999999999999995,-7.371257485029947,3.2786885245901676,-7.377049180327866,3,18.83116883116883,6.722039398270585,11.157000748043977
078930.KS,2017-05-12,2017-05-15,62000.0,2017-08-14,62000.0,78.57142857142857,2.7241944963463953,1.6393442622950838,0.0,1.1790235081374323,1.3553788216215643,True,8.581436077057791,6.5442620503706195,31.634819532908697,2.2661290322580645,9944528534.0,8.581436077057791,10.642785246695684,4.188064484719356,0.0,2017-08-16,70200.0,EXIT_MA,65,13.22580645161291,12.773807224261159,25.161290322580655,-0.3225806451612856,1,18.181818181818183,7.157854758435622,10.165388036653876
006800.KS,2017-05-16,2017-05-17,9540.160156,2017-08-03,9550.087891,70.12987012987013,2.192161715230173,1.6913391827498847,-1.2320329923094064,1.1068373838228538,1.24300222432375,True,6.373570905760029,8.88229385882866,44.01198362118437,2.458420293924812,30758732914.35222,11.730548513579265,10.94349624996449,3.823999346267204,-0.10395438359636078,2017-08-04,10473.3291,EXIT_MA,56,9.78148090536104,9.343231480589132,20.707598737297328,-3.8501507416412672,3,18.83116883116883,7.817153983921132,10.641241450708128
022100.KS,2017-05-16,2017-05-17,7460.0,2017-07-03,7430.0,85.71428571428571,2.9369136539542957,0.5412719891745521,0.0,0.959349593495935,1.003361306131807,True,8.590804127327466,12.558399684148181,43.99224806201549,2.34185733512786,5835979064.6,5.6899004267425335,10.94349624996449,3.823999346267204,0.40376850605652326,2017-07-04,7360.0,EXIT_MA,33,-1.3404825737265424,-1.734332942693706,9.115281501340489,-4.155495978552281,3,18.83116883116883,7.817153983921132,10.641241450708128
071050.KS,2017-05-16,2017-05-17,56500.0,2017-08-03,56900.0,85.06493506493507,4.0001475268823015,0.707964601769917,0.0,1.3948339483394834,1.3904342771069178,True,16.953054345145112,9.411473677108862,42.07240948813982,2.73286467486819,6178589777.0,24.235807860262003,10.94349624996449,3.823999346267204,-0.7029876977152849,2017-08-04,67600.0,EXIT_MA,56,19.64601769911505,19.16838888594492,33.097345132743364,-1.7699115044247815,3,18.83116883116883,7.817153983921132,10.641241450708128
006260.KS,2017-05-17,2017-05-18,71500.0,2017-09-04,72100.0,83.11688311688312,2.498982454533884,3.7410071942445944,0.0,1.253652058432935,1.0476265152789506,True,10.84463302893337,5.632739231050299,50.67920585161965,2.780859916782247,6293671006.0,10.413476263399701,10.759061618702415,3.384429105454756,-0.832177531206657,2017-09-05,83000.0,EXIT_MA,76,16.083916083916083,15.620507237273706,23.77622377622377,-1.9580419580419561,2,18.83116883116883,6.72388026703068,10.040019975294822
034730.KS,2017-05-17,2017-05-18,258500.0,2017-07-11,261500.0,75.97402597402598,2.647910928185947,1.7509727626459082,0.0,1.2468619246861925,1.5202541800706937,True,10.74877181094358,4.7199831468771825,30.75000000000001,2.5239005736137665,30046657920.0,11.513859275053306,10.759061618702415,3.384429105454756,-1.147227533460804,2017-07-12,268000.0,EXIT_MA,38,3.675048355899424,3.2611759073728708,11.605415860735002,-1.1605415860735047,2,18.83116883116883,6.72388026703068,10.040019975294822
005380.KS,2017-05-19,2017-05-22,169000.0,,170000.0,84.4155844155844,2.9756131680521785,2.1021021021021102,0.0,1.1065989847715736,1.1724503275778055,True,12.129806740980143,6.385516805838187,31.782945736434097,3.0,101838950930.0,18.055555555555557,10.394063479474337,2.4962074322520955,-0.588235294117645,2017-06-07,157170.0,STOP,11,-6.999999999999995,-7.371257485029936,2.3668639053254337,-7.100591715976334,1,18.181818181818183,6.651255002184531,9.992400878886043
005490.KS,2017-05-22,2017-05-23,286500.0,2017-06-01,285000.0,71.42857142857143,2.1344926367050387,2.8880866425992746,-3.8785834738617186,0.9241379310344827,1.0341542199254825,True,3.290808930124678,7.727596607158538,46.90721649484537,2.2982456140350878,84016030910.0,6.741573033707859,11.069445719993487,2.834404045624561,0.5263157894736858,2017-06-02,276000.0,EXIT_MA,8,-3.6649214659685847,-4.049492637761132,1.0471204188481575,-5.235602094240843,1,18.83116883116883,7.241003827112968,10.537382508791504
032640.KS,2017-05-25,2017-05-26,15700.0,2017-07-05,15650.0,85.06493506493507,1.8808674276687058,2.287581699346397,0.0,1.2127139364303179,1.2998306730452245,True,8.688103340509755,15.129829891858403,52.6829268292683,3.5143769968051117,28258422588.0,9.824561403508781,12.698812350485333,3.372361047141448,0.31948881789136685,2017-07-06,15150.0,EXIT_MA,28,-3.5031847133757954,-3.8884015408673034,14.012738853503182,-7.324840764331208,1,20.12987012987013,8.21647127977203,11.16420159430811
007810.KS,2017-05-29,2017-05-30,15300.0,2017-07-25,15150.0,94.15584415584416,2.8868872126151084,2.7118644067796627,0.0,1.1655629139072847,1.426144694294796,True,9.30735930735931,24.597709415847113,95.48387096774194,4.0594059405940595,3201712492.0,15.64885496183206,12.993032807730142,3.04769548581858,0.990099009900991,2017-07-26,14950.0,EXIT_MA,40,-2.287581699346408,-2.677651233480749,16.013071895424847,-8.496732026143794,2,21.428571428571427,7.106532809959631,12.824137310367334
051910.KS,2017-05-29,2017-05-30,309500.0,,309500.0,70.12987012987013,1.7145001842826606,1.1437908496731986,0.0,0.9821782178217822,1.0893735387213777,True,8.844733602954102,8.104511799872638,41.002277904328025,1.938610662358643,67622532150.0,10.733452593917715,12.993032807730142,3.04769548581858,0.0,2017-06-08,287835.0,STOP,6,-6.999999999999995,-7.371257485029936,0.0,-7.592891760904685,2,21.428571428571427,7.106532809959631,12.824137310367334
139480.KS,2017-05-31,2017-06-01,244000.0,2017-06-16,243000.0,85.06493506493507,1.9170699958762072,0.6211180124223503,0.0,0.8683274021352313,0.9296682775320964,True,8.255000668240742,17.23201462331898,58.306188925081436,2.94238683127572,23961419640.0,3.404255319148941,12.542704177939989,2.1902873138804457,0.4115226337448652,2017-06-19,231000.0,EXIT_MA,11,-5.327868852459017,-5.705801511730635,6.3524590163934525,-7.377049180327866,1,19.480519480519483,6.242245817280057,11.639121699110122
039490.KS,2017-06-02,2017-06-05,89200.0,2017-07-26,89100.0,73.37662337662337,2.015891611487015,2.296211251435132,0.0,1.1658767772511849,1.3878655334260448,True,9.247406753476062,10.092263250609124,43.70967741935483,2.463524130190797,5270230804.0,10.683229813664585,13.53508902424192,2.59952907634049,0.11223344556678949,2017-07-27,87100.0,EXIT_MA,37,-2.3542600896861,-2.7440634426214694,5.269058295964135,-3.4753363228699596,1,20.77922077922078,6.850119808038735,13.950486656464012
093370.KS,2017-06-05,2017-06-07,8940.0,2017-08-09,8890.0,85.06493506493507,3.0332880603400394,0.7936507936507908,0.0,1.2186836518046709,1.3971313718991,True,16.697295878183247,4.681681392824255,56.790123456790134,3.0539932508436443,9796892951.8,19.650067294751004,13.298840061474436,2.1838934067286653,0.5624296962879693,2017-08-10,10150.0,EXIT_MA,46,13.534675615212532,13.081443377227675,39.821029082774054,-0.11185682326622093,1,20.12987012987013,5.683466633129286,13.111915263492357
004800.KS,2017-06-07,2017-06-08,111373.9844,,111053.9453,85.06493506493507,1.518398752836217,0.8720970871786582,0.0,1.3118279404612314,1.103816270513274,True,20.02767264843468,4.500270996016109,48.927031950048125,3.1412102218218108,21582904241.89158,18.430036274250504,12.809203236269017,1.670282423352143,0.2881834581702103,2017-07-04,103577.805492,STOP,18,-7.000000000000006,-7.371257485029947,2.2988495148064336,-8.045976848431756,1,20.12987012987013,2.9388109835359444,12.633803986701775
011070.KS,2017-06-08,2017-06-09,152500.0,2017-07-28,151500.0,98.05194805194806,3.0812909630799004,6.690140845070425,0.0,1.2020725388601037,1.208416761428575,True,12.589179548156949,31.781389404408067,103.35570469798658,3.102310231023102,25319113430.0,12.639405204460964,12.888686091640288,1.613517835674938,0.660066006600668,2017-07-31,148000.0,EXIT_MA,36,-2.950819672131144,-3.338241549687515,16.393442622950815,-5.245901639344264,2,21.428571428571427,4.116520103944787,13.032146438219549
034220.KS,2017-06-08,2017-06-09,34382.23438,2017-07-20,34148.34375,78.57142857142857,2.2167496173719643,1.5299096643184296,0.0,1.4079527546700432,1.7444262856158246,True,19.845024576770022,2.6785561851181416,54.661020415060065,2.4589037440505437,77309879045.7262,22.073580878289366,12.888686091640288,1.613517835674938,0.6849252535124917,2017-07-21,32417.53711,EXIT_MA,30,-5.71428037016366,-6.090670468486358,7.755106519636246,-7.482987671960606,2,21.428571428571427,4.116520103944787,13.032146438219549
000990.KS,2017-06-09,2017-06-12,22500.0,,22700.0,74.67532467532467,3.6367971814287627,3.1818181818181746,0.0,1.0367892976588629,1.0096848879510738,True,9.7360533694286,13.547041387638604,50.33112582781456,3.248898678414097,17017689828.0,5.827505827505819,13.663484590694331,2.205073414984482,-0.8810572687224627,2017-06-15,20925.0,STOP,3,-6.999999999999995,-7.371257485029936,4.222222222222216,-9.333333333333337,3,22.727272727272727,3.7154212802360753,13.55709965976315
003550.KS,2017-06-09,2017-06-12,92695.48438,,93682.77344,87.01298701298701,2.03412334639378,1.1848301895327706,0.0,1.2240435713497615,1.310143383556372,True,17.01515304149337,12.57616147621805,51.41843246639635,2.5878223492739507,25845794168.077656,20.281687201632526,13.663484590694331,2.205073414984482,-1.0538640389765264,2017-06-21,86206.80047339998,STOP,7,-7.000000000000006,-7.371257485029958,0.4733745909360376,-7.573959839531064,3,22.727272727272727,3.7154212802360753,13.55709965976315
003670.KS,2017-06-09,2017-06-12,14943.38672,,14847.90234,77.27272727272727,2.419551422900864,3.32226120301915,0.0,0.9405403744925539,0.8974315741030942,True,5.78951096517859,15.09445035791337,61.642414462786,3.054661935498695,3116194123.4327354,6.872856733194022,13.663484590694331,2.205073414984482,0.6430832976505041,2017-07-04,13897.349649599999,STOP,16,-7.000000000000006,-7.371257485029947,3.1948902142846958,-7.987215832422756,3,22.727272727272727,3.7154212802360753,13.55709965976315
138040.KS,2017-06-12,2017-06-13,15150.0,,15000.0,79.22077922077922,1.6034388975285592,1.3513513513513598,0.0,1.1487889273356402,1.178348914542452,True,13.139236687283141,11.56645769344049,44.230769230769226,2.5833333333333335,1215316675.0,7.14285714285714,12.44242877678734,1.027149101465108,1.0000000000000009,2017-06-21,14089.499999999998,STOP,6,-7.000000000000018,-7.371257485029947,0.3300330033003229,-7.920792079207917,1,23.376623376623375,3.1430213371447246,11.346862188372686
009540.KS,2017-06-13,2017-06-14,177778.2031,,175871.7344,100.0,1.8840948944135567,1.9337064046625718,0.0,1.0909644158832388,0.9975948250961767,True,29.632875159021754,27.40928164419212,168.03950562134412,2.764226884772223,44560532429.06926,8.529417440338506,13.158878564964983,1.5653709704378738,1.0840108596779974,2017-06-22,165333.728883,STOP,6,-7.000000000000006,-7.371257485029936,0.5361930671915927,-8.84718977115142,1,23.376623376623375,3.669266478767219,11.290757187980027
018670.KS,2017-06-14,2017-06-15,124720.8359,,124720.8359,70.77922077922078,1.6861265089159734,2.39044069483747,-0.7721974859765668,1.023255530057527,1.0518656072795456,True,6.69212997713724,8.640244783719385,59.44104080159809,2.8793774064177855,3240546495.0246644,4.897957440443723,12.975546091744494,1.3097712183214094,0.0,2017-07-06,115990.377387,STOP,15,-7.000000000000006,-7.371257485029947,5.447472229457695,-7.392998317773469,1,24.025974025974026,3.3681349685167117,11.234875433661507
001820.KS,2017-06-15,2017-06-16,17150.0,2017-10-13,17000.0,98.7012987012987,3.7597542578518666,6.91823899371069,0.0,1.2275574112734864,1.191979557301172,True,21.480634557667578,25.826087738385304,109.87654320987654,3.7205882352941178,4707333361.0,16.8384879725086,12.36677625397611,0.6930992379486467,0.8823529411764675,2017-10-16,22400.0,EXIT_MA,78,30.612244897959172,30.09083873070186,73.46938775510203,-0.8746355685131157,3,24.025974025974026,2.9902934772258805,9.840090430343507
010120.KS,2017-06-15,2017-06-16,11380.0,2017-07-11,11340.0,75.97402597402598,2.2777779555219975,3.0909090909090997,0.0,1.1067538126361656,1.0773071165468877,True,9.652091512115879,16.29865785019875,48.818897637795274,2.001763668430335,3350839817.0,7.3863636363636465,12.36677625397611,0.6930992379486467,0.3527336860670305,2017-07-12,10700.0,EXIT_MA,18,-5.975395430579966,-6.350743153411975,1.5817223198594021,-6.678383128295251,3,24.025974025974026,2.9902934772258805,9.840090430343507
181710.KS,2017-06-15,2017-06-16,37900.0,2017-07-27,37750.0,87.01298701298701,1.4255987833292127,0.9358288770053402,0.0,0.9877300613496932,1.0234156665094536,True,13.948504331552414,16.391678780186815,68.52678571428572,2.0463576158940397,5122686628.0,9.420289855072461,12.36677625397611,0.6930992379486467,0.3973509933774766,2017-07-28,38600.0,EXIT_MA,30,1.846965699208436,1.4403909858383468,13.060686015831124,-2.37467018469657,3,24.025974025974026,2.9902934772258805,9.840090430343507
009830.KS,2017-06-20,2017-06-21,32571.71094,2017-09-25,33108.3125,75.97402597402598,3.7727528524906258,0.8169935573945075,0.0,1.136436597863621,1.2099899309308317,True,11.706559099794788,5.935040480249332,35.307023201029295,2.7471640241404636,35385445809.6449,4.576271755204742,12.469142897706487,0.5391196409012755,-1.6207457266207648,2017-09-26,34664.45703,EXIT_MA,67,6.425041944695575,6.0001914778504695,27.182857806609295,-3.624382649639224,1,24.675324675324674,2.829822102114621,8.761102619859251
020150.KS,2017-06-26,2017-06-27,31156.98633,,31303.0332,99.35064935064936,3.3319324165426716,8.98304968438417,0.0,1.7214660256414447,1.7356798651645988,True,50.1494459253111,30.25321310049691,183.25990928402675,4.688958169395545,11685672875.198204,42.256633604228085,13.029073270538438,1.0039214454484302,-0.46655820561185557,2017-07-06,28975.997286899998,STOP,7,-7.000000000000006,-7.371257485029936,5.3124935527100625,-10.312500753342269,1,24.025974025974026,1.4163742328356044,10.808755068596376
036460.KS,2017-06-29,2017-06-30,53700.0,2017-07-10,53700.0,70.77922077922078,1.801845117700845,1.1299435028248483,0.0,1.0166830225711483,1.1093994730896828,True,8.739672768508022,5.261587321887218,40.94488188976377,2.2951582867783986,12347023168.0,5.7086614173228245,13.08230887760371,1.0304763192455324,0.0,2017-07-11,50200.0,EXIT_MA,7,-6.517690875232773,-6.8908737459903335,0.7448789571694592,-6.983240223463683,1,25.324675324675322,2.0567624929245465,10.672445784034167
020150.KS,2017-07-07,2017-07-10,33396.39453,2017-09-21,33639.80859,100.0,3.0619125983314204,2.5222612006315703,0.0,1.576923029336862,1.5478038426948002,True,43.73674273500288,40.34565351989665,204.40529736062203,6.092619116772446,16139708522.236761,50.54466692418038,11.78243467124831,0.08501829661993199,-0.7235893133837878,2017-09-25,34200.0,EXIT_MA,53,2.4062641530903095,1.9974567113614006,35.044517932876396,-3.3527723449133573,1,24.675324675324674,-0.0764089384043043,10.602637836556038
088350.KS,2017-07-10,2017-07-11,7570.0,2017-08-29,7560.0,77.27272727272727,3.0669841992149003,3.8461538461538547,0.0,1.1695906432748537,0.7840187724591027,True,11.920412151359038,4.92404237472428,36.956521739130444,2.3478835978835977,7393541029.4,9.090909090909083,11.791002774341774,0.12778526970906867,0.1322751322751392,2017-08-30,7300.0,EXIT_MA,35,-3.566710700132103,-3.951673930870103,4.623513870541607,-6.208718626155873,1,26.623376623376622,1.027621531199041,11.661636419762967
103140.KS,2017-07-11,2017-07-12,46600.0,,46600.0,76.62337662337663,1.7204368232935652,0.10741138560688146,0.0,1.516728624535316,1.3425739523662303,True,13.046431517151035,3.8069516056937536,59.86277873070327,2.677038626609442,6278753596.0,13.658536585365844,12.345704874853624,0.6669812601702629,0.0,2017-07-25,43050.0,STOP,9,-7.618025751072965,-7.986816067435932,2.467811158798283,-8.798283261802576,2,25.324675324675322,0.8969574868197716,12.813988249748887
139480.KS,2017-07-11,2017-07-12,243000.0,2017-08-14,243000.0,83.76623376623377,1.72110560240928,0.6211180124223503,-3.7623762376237657,1.1889908256880735,0.8911229905595671,True,4.332145463913095,15.212148943274428,58.306188925081436,3.0246913580246915,25353390280.0,1.4613778705636848,12.345704874853624,0.6669812601702629,0.0,2017-08-16,233500.0,EXIT_MA,24,-3.9094650205761305,-4.293059970593793,6.995884773662553,-5.967078189300413,2,25.324675324675322,0.8969574868197716,12.813988249748887
003670.KS,2017-07-12,2017-07-13,16757.59961,2017-10-26,16757.59961,91.55844155844156,8.180210766104217,4.154297967984566,0.0,1.327272637768713,1.910101956206989,True,17.53281171975143,12.575391813164138,75.49999213833829,3.4045581126042883,4147955730.8514204,14.705881988545233,12.053901113062837,0.4488927139507659,0.0,2017-10-27,27451.9082,EXIT_MA,68,63.81766385931691,63.16370112933958,98.00570894532787,-3.9885996536230706,4,25.324675324675322,0.8062802558635118,12.347169155366311
011790.KS,2017-07-12,2017-07-13,37450.0,2017-09-01,37500.0,79.87012987012987,4.972085549380337,6.534090909090917,0.0,1.2327044025157232,1.0932195851222137,True,18.076765641235546,2.968210481949196,42.04545454545454,3.033333333333333,9404025211.0,9.011627906976738,12.053901113062837,0.4488927139507659,-0.13333333333332975,2017-09-04,36300.0,EXIT_MA,36,-3.070761014686252,-3.4577040844879003,4.539385847797073,-6.408544726301734,4,25.324675324675322,0.8062802558635118,12.347169155366311
028670.KS,2017-07-12,2017-07-13,5770.0,2017-09-14,5710.0,83.11688311688312,2.69556522717049,2.8828828828828756,0.0,1.0254957507082152,1.0806506712761086,True,8.577839472132954,14.756745551154893,66.47230320699708,2.9947460595446587,24545080582.4,5.5452865064695045,12.053901113062837,0.4488927139507659,1.050788091068311,2017-09-15,6130.0,EXIT_MA,45,6.239168110918536,5.815059655385935,18.197573656845755,-2.772963604852685,4,25.324675324675322,0.8062802558635118,12.347169155366311
066970.KS,2017-07-12,2017-07-13,22247.67578,2017-10-16,22109.49023,97.40259740259741,4.333390555901459,3.89610182786182,0.0,1.1947288671065373,1.007555711453983,True,19.515956665029034,21.649578455547204,134.14634291971134,4.1666668879140385,3212522259.0872235,18.226591562605886,12.053901113062837,0.4488927139507659,0.6250055906422469,2017-10-17,31091.4707,EXIT_MA,60,39.75154531850158,39.19365491802853,89.23395264437819,-3.105591239427896,4,25.324675324675322,0.8062802558635118,12.347169155366311
005490.KS,2017-07-13,2017-07-14,315000.0,2017-09-14,315000.0,80.51948051948052,1.4992959831980712,1.7770597738287597,0.0,1.18580375782881,1.0506321646437917,True,12.576391122547449,4.876311844077952,57.10723192019951,1.8730158730158728,78629324100.0,15.808823529411775,12.78901876170384,1.0915358110544338,0.0,2017-09-15,324000.0,EXIT_MA,44,2.857142857142847,2.4465355004277267,10.476190476190483,-1.4285714285714235,1,26.451612903225808,2.0257061793742537,12.141797255354714
001430.KS,2017-07-14,2017-07-17,32300.0,2017-09-13,32200.0,73.37662337662337,1.5815939951267641,0.6250000000000089,0.0,1.352112676056338,1.3383172674297936,True,12.289022178825505,7.848096505166557,38.793103448275865,2.9736024844720497,2164943518.0,14.999999999999991,12.934314007572656,1.1950969491705488,0.31055900621117516,2017-09-14,32800.0,EXIT_MA,42,1.5479876160990669,1.1426064280108505,13.46749226006192,-6.19195046439629,1,24.516129032258064,2.2355463033441936,13.103781726908515
005070.KS,2017-07-18,2017-07-19,9594.086914,,9949.423828,99.35064935064936,29.31706944330714,10.89109190786064,0.0,1.8088533267977827,3.7024978611552846,True,70.86194274741014,22.480439452383894,205.17712065570754,6.299106759692457,3520584432.0674396,69.69697271329036,13.271637230165666,1.437326174454845,-3.5714320762977314,2017-08-10,8922.500830019999,STOP,16,-7.000000000000006,-7.371257485029958,41.2037036086413,-7.685184099427689,1,24.516129032258064,2.3978279643413813,12.91995583063137
010950.KS,2017-07-20,2017-07-21,107500.0,2017-11-13,108000.0,75.32467532467533,1.8377073862923305,3.349282296650724,0.0,1.3151308304891922,1.094823914361303,True,8.168743239453558,10.334005580572981,55.61959654178674,2.1435185185185186,29429278852.0,14.528101802757165,13.810073487316266,1.7917720657018466,-0.462962962962965,2017-11-14,121000.0,EXIT_MA,74,12.558139534883717,12.1088056445249,24.65116279069768,-2.3255813953488413,2,26.451612903225808,3.015139723852678,13.618881853128162
024110.KS,2017-07-20,2017-07-21,14900.0,2017-09-04,14950.0,72.72727272727273,1.5365552687050321,0.3355704697986628,0.0,1.191111111111111,0.9241905373926003,True,9.861845972957095,4.921066327415713,35.29411764705883,2.023411371237458,22624742307.0,8.727272727272716,13.810073487316266,1.7917720657018466,-0.33444816053511683,2017-09-05,14650.0,EXIT_MA,31,-1.6778523489932917,-2.0703559324304344,6.375838926174504,-7.0469798657718075,2,26.451612903225808,3.015139723852678,13.618881853128162
010120.KS,2017-07-25,2017-07-26,11520.0,2017-09-19,11360.0,78.57142857142857,3.6171518835288103,0.8880994671403242,-0.5253940455341555,1.0793650793650793,1.333655629506914,True,4.365721005438794,17.909332177869253,49.081364829396335,2.1390845070422535,3617974186.0,1.7921146953405076,13.405150076900863,1.3259240624169832,1.4084507042253502,2017-09-20,11520.0,EXIT_MA,39,0.0,-0.3992015968063978,5.208333333333326,-1.909722222222221,1,25.161290322580644,2.004638557757188,11.063558875558765
103140.KS,2017-07-27,2017-07-28,49200.0,2017-09-20,49400.0,85.71428571428571,1.5370996514556539,1.1258955987717423,0.0,1.308,1.1862853810439027,True,15.124679561873688,5.896361740589695,63.03630363036304,3.188259109311741,6832436882.0,15.82649472450175,13.36053169457454,1.2553714557631324,-0.4048582995951455,2017-09-21,51400.0,EXIT_MA,38,4.471544715447151,4.054492640734786,17.07317073170731,-2.9471544715447107,1,23.870967741935484,1.9860948443336524,10.580867412242734
000150.KS,2017-08-01,2017-08-02,141848.2188,2017-09-06,142398.0156,75.32467532467533,1.7573729579056174,3.5999954080699226,0.0,0.9772725527631824,0.5890009986254,True,9.624988321456108,10.428186145244101,38.650962523039766,3.088803805633928,8505746671.234755,6.584356229570898,12.132352101577037,0.29048480061335535,-0.3860986388633414,2017-09-07,135250.625,EXIT_MA,25,-4.651164361325066,-5.031798435730961,4.263569081912233,-6.9767465419875885,1,24.516129032258064,1.7828012637339574,8.10801037866542
003550.KS,2017-08-30,2017-08-31,92914.88281,,94011.875,82.46753246753246,2.2882853144175055,4.257910781278684,0.0,0.9947642857421711,0.8729769440687344,True,10.712074998999377,12.527984016153182,51.9503556845893,2.3395565049628027,21514301259.9704,12.319790203576297,8.008120534369434,0.09259303492319404,-1.1668655582074083,2017-09-27,85565.0625,STOP,18,-7.910272378031746,-8.277896041193289,1.062573658967958,-8.972846026237146,4,22.58064516129032,-2.091240582410925,0.15493923967209167
005070.KS,2017-08-30,2017-08-31,15501.55762,,15368.30566,100.0,2.165455820787826,7.12074450665332,0.0,1.2080234400156011,1.3142740227542409,True,63.05679458891924,65.15749378929563,310.92635719492694,6.309249231837572,13275734284.953808,51.09170111625101,8.008120534369434,0.09259303492319404,0.8670569348891988,2017-09-04,14346.71289,STOP,2,-7.449862512590522,-7.819324139286765,6.303720077389241,-8.022927375991006,4,22.58064516129032,-2.091240582410925,0.15493923967209167
007810.KS,2017-08-30,2017-08-31,17750.0,,17600.0,95.45454545454545,1.721882668944334,1.4409221902017322,0.0,1.1017214397496087,1.351398186068062,True,13.02337528898021,16.355267631312522,127.09677419354838,4.829545454545454,6639747016.0,34.35114503816794,8.008120534369434,0.09259303492319404,0.8522727272727293,2017-09-05,16500.0,STOP,3,-7.042253521126762,-7.413342329425654,0.28169014084507005,-12.676056338028175,4,22.58064516129032,-2.091240582410925,0.15493923967209167
066570.KS,2017-08-30,2017-08-31,82700.0,2017-11-30,82300.0,87.66233766233766,3.4122312191897186,4.84076433121019,-6.795016987542468,1.1764705882352942,0.9733385464587607,True,11.054137205160043,12.23425804277618,83.29621380846326,2.7399756986634265,90603665574.0,20.497803806734982,8.008120534369434,0.09259303492319404,0.4860267314702238,2017-12-01,90600.0,EXIT_MA,59,9.552599758162028,9.115264030584559,19.105199516324056,-4.594921402660212,4,22.58064516129032,-2.091240582410925,0.15493923967209167
006400.KS,2017-09-11,2017-09-12,204000.0,2017-10-26,202500.0,96.1038961038961,1.8308130021965257,2.2727272727272707,0.0,0.9090909090909091,1.0064528815978333,True,11.822850516317862,27.25796987382425,126.76371780515119,2.567901234567901,62556221720.0,19.82248520710059,6.698364013827618,0.17986628152555362,0.7407407407407307,2017-10-27,194500.0,EXIT_MA,26,-4.656862745098033,-5.037474071464909,10.049019607843146,-6.372549019607843,4,21.656050955414013,1.6971999802521731,-0.11643513331529576
009150.KS,2017-09-11,2017-09-12,110000.0,,109000.0,96.75324675324676,1.5259744280366343,4.807692307692313,-0.9090909090909038,0.8630824372759857,0.8674356256115744,True,10.194508471834695,34.65653843012333,140.35281146637266,2.720183486238532,87682534630.0,19.648737650933047,6.698364013827618,0.17986628152555362,0.917431192660545,2017-09-25,102300.0,STOP,8,-6.999999999999995,-7.371257485029947,4.090909090909101,-7.727272727272727,4,21.656050955414013,1.6971999802521731,-0.11643513331529576
011790.KS,2017-09-11,2017-09-12,40150.0,2017-11-02,39850.0,87.66233766233766,1.4945288668441812,2.4421593830334265,0.0,0.8996832101372756,0.6052170293211067,True,8.138178068437774,12.874547250576217,50.9469696969697,2.5658720200752825,9991169390.0,7.2678331090175075,6.698364013827618,0.17986628152555362,0.7528230865746499,2017-11-03,39350.0,EXIT_MA,31,-1.992528019925277,-2.383775413059308,11.955168119551685,-4.358655043586546,4,21.656050955414013,1.6971999802521731,-0.11643513331529576
093370.KS,2017-09-11,2017-09-12,12250.0,,11950.0,95.45454545454545,2.444462278676055,0.8438818565400741,-2.4489795918367308,0.7925407925407926,0.7362726750495822,True,9.072654253377156,29.6875,101.85810810810811,4.2468619246861925,20674853107.0,18.905472636815922,6.698364013827618,0.17986628152555362,2.5104602510460206,2017-09-20,11392.5,STOP,6,-6.999999999999995,-7.371257485029936,3.6734693877551017,-9.795918367346934,4,21.656050955414013,1.6971999802521731,-0.11643513331529576
000150.KS,2017-09-13,2017-09-14,149545.4062,2017-10-31,149545.4062,80.51948051948052,2.6921888667072693,1.115236670378561,0.0,1.0898873719280282,1.1027132637374013,True,8.773894010813565,13.150856400749976,45.61027710367165,3.345587141144831,5782830696.173183,6.666671088958043,6.566344643430799,0.1347868096119864,0.0,2017-11-01,145696.8125,EXIT_MA,27,-2.573528534104841,-2.962456563908822,9.926468874708894,-4.411766210442103,3,20.382165605095544,0.5076065661059337,-0.3819826726994213
000660.KS,2017-09-13,2017-09-14,76300.0,2017-11-29,75700.0,93.5064935064935,1.5081766109666628,1.0680907877169465,0.0,0.9226869455006337,0.9290485444559298,True,10.627228619863205,22.351258325510702,104.59459459459461,2.0871862615587844,260133697476.0,14.523449319213322,6.566344643430799,0.1347868096119864,0.7926023778071389,2017-11-30,77000.0,EXIT_MA,48,0.917431192660545,0.514567195883453,18.34862385321101,-0.7863695937090465,3,20.382165605095544,0.5076065661059337,-0.3819826726994213
051910.KS,2017-09-13,2017-09-14,406500.0,,407500.0,94.15584415584416,1.718091569132713,2.6448362720403074,0.0,1.1149273447820343,0.8926232169932903,True,18.950318173857195,17.375178805451096,85.6492027334852,2.374233128834356,91057791960.0,17.94500723589001,6.566344643430799,0.1347868096119864,-0.24539877300613355,2017-09-25,366000.0,STOP,6,-9.963099630996307,-10.322528374984351,0.49200492004919383,-10.824108241082408,3,20.382165605095544,0.5076065661059337,-0.3819826726994213
010060.KS,2017-09-14,2017-09-15,98095.74219,,98556.28906,85.06493506493507,2.7054418423914566,0.943395323168339,0.0,1.3369865363193185,1.395705538133352,True,14.98699702442956,7.469409137155303,45.38042898013259,2.8317752267447225,25711269143.092457,15.550753668294615,7.257190231431343,0.8421998717114132,-0.4672932335344049,2017-09-25,91229.04023669999,STOP,5,-7.000000000000018,-7.371257485029958,6.572771932865051,-7.511730209174328,2,19.10828025477707,0.6770628634868103,0.8538547866785207
068270.KS,2017-09-14,2017-09-15,87803.47656,2018-03-14,88172.39844,75.32467532467533,2.6782266127680265,0.2516847809484135,0.0,0.7279154729780644,0.9162695630396551,True,6.994487312362385,9.636390238825609,35.64131725717181,2.0502097850158005,76187996529.16844,8.439202495864428,7.257190231431343,0.8421998717114132,-0.4184097138415166,2018-03-15,235564.1719,EXIT_MA,115,168.28570021259762,167.2146994133457,236.00000712773598,-0.08403888193375675,2,19.10828025477707,0.6770628634868103,0.8538547866785207
035720.KS,2017-09-15,2017-09-18,27300.0,2017-11-28,27100.0,94.15584415584416,1.5003836590674042,1.8796992481203034,0.0,0.8918032786885246,1.207769534411636,True,18.485484435117172,21.152409858729683,90.04207573632539,2.3616236162361623,90390758354.0,19.383259911894267,7.536739181519492,1.139484169916094,0.7380073800737907,2017-11-29,29200.0,EXIT_MA,45,6.959706959706957,6.532722101584376,23.076923076923084,-3.296703296703296,1,19.10828025477707,1.174537906511297,0.662341753610618
006800.KS,2017-09-18,2017-09-19,10671.875,2017-09-21,10572.60254,76.62337662337663,2.057625511383377,0.471698956825084,-7.39130047087947,1.036649515979606,0.9963598769842108,True,0.8675589591697008,13.325855520408103,59.431146728885366,2.262910988518067,29159372584.69216,3.3980644056379683,8.877265510568023,2.3646796787973434,0.9389595383389793,2017-09-25,9976.962891,EXIT_MA,3,-6.5116215191801,-6.884828618903926,0.46511714202051024,-9.395342243045391,2,20.382165605095544,2.684074777070067,1.6652594537982734
007810.KS,2017-09-18,2017-09-19,19600.0,,19800.0,95.45454545454545,4.060495981196774,10.924369747899165,0.0,1.186490455212922,1.166215682340171,True,26.05844527917489,12.47162610183814,155.48387096774192,4.343434343434343,6927814311.0,20.731707317073166,8.877265510568023,2.3646796787973434,-1.0101010101010055,2017-09-21,18228.0,STOP,2,-6.999999999999995,-7.371257485029936,3.0612244897959107,-7.653061224489798,2,20.382165605095544,2.684074777070067,1.6652594537982734
181710.KS,2017-09-19,2017-09-20,37000.0,2017-09-20,37000.0,72.07792207792207,1.610834333454278,0.13531799729364913,-11.904761904761907,0.8793456032719836,1.1300489631671378,True,3.499398584575797,12.717756302123572,65.17857142857142,2.5270270270270268,7299178428.0,12.804878048780477,8.672946908252044,2.163575573927745,0.0,2017-09-21,34750.0,EXIT_MA,1,-6.081081081081086,-6.456006905108702,0.9459459459459474,-8.378378378378383,1,19.10828025477707,2.1443083767355597,1.1466737840074792
006280.KS,2017-09-20,2017-09-21,204000.0,2017-12-07,202500.0,75.97402597402598,7.686532612260384,6.578947368421062,0.0,1.1630434782608696,1.4787053870578288,True,11.343267168856874,10.199197152162398,51.11940298507462,2.345679012345679,5241735610.0,13.128491620111738,8.395258259615247,1.9020972716822904,0.7407407407407307,2017-12-08,210500.0,EXIT_MA,49,3.1862745098039325,2.774353254275752,20.09803921568627,-5.392156862745101,2,17.8343949044586,1.9354314949595608,0.8465896199681744
128940.KS,2017-09-20,2017-09-21,392187.375,2018-01-22,389140.4062,78.57142857142857,3.1288017675599584,3.712298535675651,-22.856452032886175,1.2189615183955973,1.3048463154985361,True,17.267434897540525,13.4048620881003,68.11599542276016,2.824383841895675,32734334282.865234,21.467389319696185,8.395258259615247,1.9020972716822904,0.7829998508132263,2018-01-23,504367.75,EXIT_MA,77,28.60377007291477,28.090381769230465,42.64151159888816,-4.32852727602463,2,17.8343949044586,1.9354314949595608,0.8465896199681744
034730.KS,2017-09-27,2017-09-28,289500.0,2017-11-13,287000.0,77.92207792207793,2.3357734055621564,2.8673835125448077,-0.17391304347825765,1.114119922630561,1.0508097595169528,True,6.422426579649954,8.10550789705764,37.64988009592327,2.3432055749128917,27614940860.0,7.089552238805963,6.226310624692211,0.1340458365321595,0.8710801393728262,2017-11-14,280000.0,EXIT_MA,27,-3.2815198618307395,-3.6676215789491873,7.9447322970638945,-3.2815198618307395,1,15.286624203821656,0.3311179255694796,-0.9150175479855194
042700.KS,2017-09-28,2017-09-29,4475.0,2018-01-12,4470.0,89.6774193548387,4.391253741529098,4.806565064478319,-5.496828752642702,1.0464716006884682,0.8039935002842791,True,10.065990347680497,11.683418812820555,80.97165991902835,3.736017897091723,3159528883.4,14.615384615384608,6.161216860313123,0.15629903231371145,0.11185682326622093,2018-01-15,5575.0,EXIT_MA,66,24.581005586592177,24.08367622297307,54.1899441340782,-5.251396648044693,1,15.286624203821656,0.035824203028655965,-0.31002163132406446
001450.KS,2017-10-10,2017-10-11,46750.0,2017-10-18,47200.0,87.09677419354838,1.6439793249435835,2.275189599133265,-4.0650406504065035,0.7766323024054983,0.7935109799765808,True,2.70023281620575,20.977368895557348,56.81063122923589,2.6853813559322033,10352403700.0,4.540420819490576,8.687463459693756,2.4845630600467405,-0.9533898305084776,2017-10-19,46150.0,EXIT_MA,6,-1.2834224598930466,-1.6775006137457749,3.4224598930481243,-2.67379679144385,3,19.10828025477707,3.2285889962152536,1.9264513869777566
096770.KS,2017-10-10,2017-10-11,195580.2656,2017-11-15,193686.0156,85.16129032258064,2.1135674609055455,2.5062625700334795,0.0,0.8920863145703323,0.8214039558881162,True,12.060931901020222,9.92545722946061,39.590443706422704,2.5550123248030725,49801245552.719734,8.488056434737912,8.687463459693756,2.4845630600467405,0.9780003962247763,2017-11-16,185635.5,EXIT_MA,26,-5.084749000361322,-5.463652197964675,5.569005117456993,-6.779665350858388,3,19.10828025477707,3.2285889962152536,1.9264513869777566
105560.KS,2017-10-10,2017-10-11,57900.0,2017-11-21,57900.0,78.06451612903226,1.8611722811348963,1.2237762237762295,-3.8205980066445155,1.1491308325709058,1.0191138926202872,True,2.882120899818763,9.013602971442957,52.97225891677675,2.655440414507772,55813905064.0,5.464480874316946,8.687463459693756,2.4845630600467405,0.0,2017-11-22,55800.0,EXIT_MA,30,-3.626943005181349,-4.011665787595797,3.626943005181338,-3.799654576856648,3,19.10828025477707,3.2285889962152536,1.9264513869777566
018260.KS,2017-10-11,2017-10-12,178500.0,2017-11-30,177500.0,73.54838709677419,2.23167935960087,0.8522727272727293,-7.0680628272251305,1.0276243093922652,0.8728805979793761,True,3.233686169594052,12.009380801928282,41.99999999999999,2.6901408450704225,16122993710.0,8.231707317073166,9.669340544931693,3.2305931372689667,0.5633802816901401,2017-12-01,190000.0,EXIT_MA,36,6.442577030812324,6.0176565636234525,19.6078431372549,-1.1204481792717047,1,19.10828025477707,5.516279930717238,3.2896667108325284
005940.KS,2017-10-12,2017-10-13,14700.0,2017-11-09,14700.0,81.93548387096774,3.4391260954026053,2.083333333333326,-2.3255813953488413,1.0030211480362539,0.971911083875255,True,6.521739130434789,7.220275509490537,53.125,2.840136054421769,13922912894.0,12.643678160919535,10.301980950108526,3.6054431472309023,0.0,2017-11-10,13850.0,EXIT_MA,20,-5.782312925170063,-6.158431436446832,2.3809523809523725,-6.802721088435371,1,22.29299363057325,6.367171499875757,3.8898412404162475
008770.KS,2017-10-13,2017-10-16,62800.0,2018-02-07,61700.0,72.25806451612902,2.3047161518844423,3.872053872053871,-7.357357357357353,1.1428571428571428,0.8736543195966401,True,2.253894597282069,12.89900086068181,44.158878504672906,2.99837925445705,23056254268.0,8.435852372583486,10.143970291079295,3.2253970789364983,1.7828200972447306,2018-02-08,83000.0,EXIT_MA,79,32.16560509554141,31.637997889571178,58.917197452229296,-4.299363057324845,1,19.10828025477707,6.6298266456758626,3.2395708263772915
005490.KS,2017-10-16,2017-10-17,338500.0,2017-10-24,344000.0,83.87096774193549,2.373770303199299,0.8797653958944274,-0.8645533141210415,1.1230982019363762,1.0872512334664464,True,4.464014576374131,13.133325889597947,52.212389380530965,2.638081395348837,72074659450.0,3.458646616541361,10.321372376407755,3.205465950497288,-1.5988372093023284,2017-10-25,332000.0,EXIT_MA,6,-1.9202363367799125,-2.31177231946742,1.6248153618906969,-2.954209748892167,1,19.745222929936308,5.705425023813104,3.6909915360507695
103140.KS,2017-10-17,2017-10-18,58100.0,,58600.0,92.90322580645162,2.2512468667875036,3.7168141592920367,0.0,1.0345313601127555,0.8625028267372936,True,9.399794642023718,20.55297050036291,76.2406015037594,3.169795221843003,8963126156.0,6.545454545454543,10.404974704134595,3.0835656398775724,-0.8532423208191142,2017-10-20,54033.0,STOP,2,-6.999999999999995,-7.371257485029936,0.0,-7.0567986230636865,1,19.745222929936308,6.001149784971482,3.107716874142308
051900.KS,2017-10-18,2017-10-19,1065000.0,2017-12-27,1063000.0,72.90322580645162,2.0143634560185877,1.0456273764258617,0.0,1.5732758620689655,1.9465187405065891,True,11.875894586174951,5.041124966834709,43.45479082321189,2.7328316086547506,27946611000.0,17.0704845814978,10.231205955194156,2.7589871233144603,0.18814675446847673,2017-12-28,1190000.0,EXIT_MA,48,11.737089201877925,11.291032957559066,21.126760563380277,-3.4741784037558676,1,20.382165605095544,5.2490729396935665,2.827763769541658
008930.KS,2017-10-19,2017-10-20,88797.14062,,89685.10938,91.61290322580645,3.9293097431931567,2.0202049911291153,0.0,1.3227843769324872,1.4538864359226,True,14.567026668514217,21.219356366964192,93.67383327309187,3.5049492599503815,18051869439.95536,13.228699860347582,9.688939825405951,2.123968321665748,-0.9900960885687593,2017-10-27,82581.3407766,STOP,5,-7.000000000000006,-7.371257485029958,1.9999940173749176,-7.100005153296573,1,21.656050955414013,4.548359916592659,1.9776487180695357
018880.KS,2017-10-23,2017-10-24,14250.0,,14550.0,91.61290322580645,1.8507149185080765,5.434782608695654,0.0,1.263157894736842,1.011005909205338,True,21.23989667527706,17.050951935081148,76.36363636363637,3.9690721649484533,22175244003.0,18.775510204081634,10.22107242418928,2.3148594762822494,-2.0618556701030966,2017-10-24,13252.5,STOP,0,-6.999999999999995,-7.371257485029936,0.7017543859649145,-7.36842105263158,1,21.656050955414013,4.726922316886828,2.473728135653541
088350.KS,2017-10-25,2017-10-26,8070.0,,8090.0,74.19354838709677,2.8700805944073293,3.717948717948727,0.0,1.2401352874859075,0.8547602247259969,True,11.879408103996681,6.729839632179835,39.482758620689665,3.498145859085291,19983406801.6,15.57142857142857,10.107917695061541,2.0408785394462337,-0.24721878862793423,2017-11-07,7505.099999999999,STOP,8,-7.000000000000006,-7.371257485029947,1.1152416356877248,-7.558859975216848,2,23.56687898089172,3.0721087167004724,1.7322000268565674
112610.KS,2017-10-25,2017-10-26,13137.02734,2017-10-30,13066.0166,78.70967741935485,5.101442761219413,2.2222230289139278,-12.658230100575029,1.2276728029103987,1.2934112502937325,True,4.7319093475783225,18.05312902804075,79.22078024542397,3.7862317387534934,1256799707.0419216,5.544934545684388,10.107917695061541,2.0408785394462337,0.5434765787761142,2017-10-31,12474.25879,EXIT_MA,3,-5.045042023943913,-5.424103732431151,0.7207234753307423,-6.666666113522757,2,23.56687898089172,3.0721087167004724,1.7322000268565674
011070.KS,2017-10-26,2017-10-27,175000.0,,175000.0,95.48387096774194,4.312892726592815,1.1560693641618602,-5.1490514905149,1.1180555555555556,1.23817352028875,True,4.740244194397891,19.131823626718393,133.6448598130841,4.571428571428571,44427756860.0,3.2448377581120846,9.47752206494965,1.4208553173733707,0.0,2017-11-13,162750.0,STOP,11,-6.999999999999995,-7.371257485029936,5.714285714285716,-8.285714285714285,1,19.10828025477707,2.6729510022662772,1.1870078545140217
051910.KS,2017-10-27,2017-10-30,406000.0,2017-12-07,405500.0,91.61290322580645,2.048292736034472,1.122194513715713,-0.4907975460122671,0.928150765606596,1.1133691863690869,True,7.768357828155303,21.564668158211433,84.73804100227791,2.749691738594328,101408321830.0,4.375804375804382,10.068974350034733,1.899143012916693,0.12330456226881115,2017-12-08,393500.0,EXIT_MA,29,-3.078817733990147,-3.465728641239685,4.92610837438423,-4.31034482758621,1,21.019108280254777,3.5001216198930374,2.3250946054589328
010120.KS,2017-10-31,2017-11-01,11940.0,2018-02-02,11980.0,79.35483870967742,4.597633455441056,2.3931623931623847,-0.33277870216306127,1.0408163265306123,1.4795743578909069,True,4.260948269860054,11.792262376743334,57.21784776902887,2.654424040066778,3130630484.0,9.506398537477146,11.012469061664,2.4942074003028836,-0.33388981636059967,2018-02-05,12040.0,EXIT_MA,64,0.8375209380234505,0.4349759442588974,22.278056951423775,-3.5175879396984966,3,19.745222929936308,6.008655515395822,3.2821148281876322
030000.KS,2017-10-31,2017-11-01,20800.0,2018-01-03,20800.0,72.90322580645162,10.643339512058217,8.900523560209429,0.0,1.3958944281524928,1.8065304626031595,True,10.644183201234103,0.9911628031910702,41.01694915254237,2.295673076923077,5296319965.0,10.344827586206895,11.012469061664,2.4942074003028836,0.0,2018-01-04,20150.0,EXIT_MA,42,-3.125,-3.51172654690618,6.25,-5.288461538461542,3,19.745222929936308,6.008655515395822,3.2821148281876322
082740.KS,2017-10-31,2017-11-01,3359.129883,2017-12-13,3335.418457,71.61290322580646,2.653550273186259,2.0556232869657354,-8.459868314636765,0.9932106134435778,1.0791363130340368,True,5.478905772267972,5.004429291052803,38.8157914190848,2.630330950405243,1536164858.6027076,8.344034743328788,11.012469061664,2.4942074003028836,0.7108980868723469,2017-12-14,3315.658936,EXIT_MA,31,-1.2941133124979576,-1.688148788296373,24.470593624855084,-5.4117611504097995,3,19.745222929936308,6.008655515395822,3.2821148281876322
006400.KS,2017-11-01,2017-11-02,226000.0,,224500.0,98.06451612903226,3.6021546115858887,2.0454545454545503,0.0,0.9705372616984402,1.073712957291335,True,12.227554489102177,26.13061366036664,151.39977603583426,3.752783964365256,78225308690.0,3.935185185185186,12.339347663751287,3.453500877469984,0.6681514476614803,2017-11-13,210180.0,STOP,7,-6.999999999999995,-7.371257485029936,0.6637168141592875,-7.079646017699115,3,20.382165605095544,7.671665899426672,6.4756613583382805
010060.KS,2017-11-01,2017-11-02,113293.6797,2018-03-05,115135.8516,90.96774193548387,3.610308753552867,8.225111763655612,0.0,1.3293768904654912,1.4380779769271115,True,22.032176881821684,13.02404914528308,69.83694958736393,3.7239995469838507,35336879165.03074,21.951219346857485,12.339347663751287,3.453500877469984,-1.5999985012487672,2018-03-06,142307.9062,EXIT_MA,81,25.609748555108514,25.108312433132006,52.032518368277515,-5.691058333592092,3,20.382165605095544,7.671665899426672,6.4756613583382805
032830.KS,2017-11-01,2017-11-02,136500.0,,137500.0,74.83870967741936,1.7634869244982039,1.1029411764705843,0.0,1.4151624548736461,1.541354254721462,True,14.631096290120894,3.3227814027607216,31.578947368421062,3.1818181818181817,33388834640.0,17.021276595744684,12.339347663751287,3.453500877469984,-0.727272727272732,2017-12-01,126944.99999999999,STOP,21,-7.000000000000006,-7.371257485029947,1.46520146520146,-7.692307692307687,3,20.382165605095544,7.671665899426672,6.4756613583382805
066970.KS,2017-11-08,2017-11-09,37816.44141,,37217.64453,100.0,1.9820085046239622,2.6683685216099873,-10.421281638070479,1.080471469860643,1.238962585827611,True,9.800515470652837,56.88565316613645,243.8297940236434,5.934405900458527,18568208716.616154,7.589885629922599,11.542664781347023,1.8068244319779936,1.6089059035354403,2017-12-07,35169.290511299994,STOP,20,-7.000000000000018,-7.371257485029958,17.53958702271241,-7.429959021096577,1,19.745222929936308,3.8337615685598347,6.552002930993406
001820.KS,2017-11-09,2017-11-10,27650.0,2018-02-05,27350.0,98.70967741935483,3.5020667200013764,7.677165354330717,-3.014184397163122,1.0162532078699744,1.0776017915491154,True,10.420283418789623,42.90824539438385,237.6543209876543,5.393053016453382,12359728155.0,11.178861788617889,11.347034487669582,1.5802585030520788,1.0968921389396646,2018-02-06,39550.0,EXIT_MA,58,43.03797468354431,42.466964804568086,93.8517179023508,-1.6274864376130238,2,21.019108280254777,3.063329684238747,6.329132589890563
020150.KS,2017-11-09,2017-11-10,38000.0,2017-11-13,38150.0,97.41935483870968,3.9215988909539323,4.092769440654842,-13.785310734463273,1.0271293375394321,1.1272741568863769,True,2.4656209712075716,42.524196022322045,245.2178410361083,5.0,39115702440.0,8.380681818181813,11.347034487669582,1.5802585030520788,-0.3931847968545177,2017-11-14,37700.0,EXIT_MA,2,-0.7894736842105288,-1.185523689463186,3.6842105263157787,-4.6052631578947345,2,21.019108280254777,3.063329684238747,6.329132589890563
011790.KS,2017-11-10,2017-11-13,42000.0,2017-12-01,42000.0,85.16129032258064,1.8883689670878994,1.0830324909747224,-3.2258064516129004,1.0199637023593466,1.11816655658118,True,5.458745543112542,16.22938858893914,54.128440366972484,2.9107142857142856,7298669743.0,4.089219330855021,10.904030156400136,1.1371478440527216,0.0,2017-12-04,41800.0,EXIT_MA,15,-0.4761904761904745,-0.8734911130120704,5.714285714285716,-3.3333333333333326,1,21.019108280254777,2.802768037158554,6.189423118175519
003670.KS,2017-11-14,2017-11-15,32082.92578,2018-03-23,31844.21484,98.70967741935483,1.474909275143895,2.61538270548205,0.0,0.9738146372485166,1.1264952810066202,True,10.175092240641437,56.049025970822505,204.56621285816468,4.827586541932776,46773802840.88206,15.397923783144062,9.973037775598549,0.30382927526688697,0.7496210573863848,2018-03-26,45307.58594,EXIT_MA,86,41.22024359836922,40.65649013091064,55.357143958084464,-6.845237105429602,1,19.745222929936308,1.7014282900424949,7.08506249516494
008930.KS,2017-11-16,2017-11-17,105224.6094,,107444.5391,95.48387096774194,4.556056385163243,0.41493654051123485,0.0,1.3174705185445714,1.6927055510192783,True,28.501945016817377,22.43139173648787,132.02509196468796,3.6735525793697614,25834278307.22626,19.80198256184589,10.109563627184027,0.4338651041759123,-2.066116825103481,2017-11-23,97232.86719,STOP,4,-7.594936446492517,-7.963818935728084,5.063290926314434,-8.86076289868366,1,21.656050955414013,2.4960970832613283,8.592594977844946
009150.KS,2017-11-17,2017-11-20,110500.0,,109000.0,92.90322580645162,2.8698099483610235,2.8301886792452935,-2.67857142857143,1.0021786492374727,1.038823734818998,True,6.1612482225295695,20.97369010168133,140.35281146637266,2.9128440366972477,79160215100.0,9.768378650553867,9.964657267926725,0.3138289126485949,1.3761467889908285,2017-11-27,102765.0,STOP,5,-6.999999999999995,-7.371257485029936,0.4524886877828038,-7.692307692307687,1,21.656050955414013,1.7854684119824382,7.909259588336637
036570.KS,2017-11-21,2017-11-22,472500.0,,465000.0,87.09677419354838,1.7105107859970707,2.0856201975850697,-2.8213166144200663,0.92079940784604,1.3557555498981106,True,5.741898806139845,18.577341548583682,113.30275229357798,3.774193548387097,119603409770.0,10.18957345971565,9.601485782833707,0.029486058230365764,1.6129032258064502,2017-11-30,439424.99999999994,STOP,6,-7.000000000000018,-7.371257485029947,1.0582010582010692,-7.619047619047614,1,20.382165605095544,1.6145401572162044,7.307158141030667
006800.KS,2017-11-22,2017-11-23,10969.69531,,11019.33203,74.19354838709677,4.430208661316138,3.7383150603218507,-3.4782585350187856,1.0842378084356832,1.4649105654570165,True,8.59781770562611,3.7643141386168644,66.16767111811205,2.7882881772099575,31647923406.467545,7.7669947994705835,9.913351791198743,0.32205373709333074,-0.4504512602475863,2017-11-30,10201.816638299999,STOP,5,-7.000000000000006,-7.371257485029958,2.2624385909220113,-7.239822962776521,3,23.56687898089172,1.926178936810441,7.877282802547758
020150.KS,2017-11-22,2017-11-23,41050.0,,40500.0,96.7741935483871,2.2231547096436715,0.496277915632759,-8.47457627118644,1.2741116751269035,1.566053318200289,True,10.737429251086873,34.074835126097035,266.4828980855147,5.222222222222222,40134185268.0,21.257485029940113,9.913351791198743,0.32205373709333074,1.3580246913580174,2017-12-04,38176.5,STOP,7,-6.999999999999995,-7.371257485029947,4.506699147381243,-9.744214372716197,3,23.56687898089172,1.926178936810441,7.877282802547758
138040.KS,2017-11-22,2017-11-23,17100.0,,16750.0,82.58064516129032,1.4408669047630243,1.2084592145015005,0.0,0.8604651162790697,0.6451827597673084,True,5.412208936438012,12.535410764872523,56.54205607476634,2.1791044776119404,1231678717.0,5.3459119496855445,9.913351791198743,0.32205373709333074,2.0895522388059806,2017-11-27,15902.999999999998,STOP,2,-7.000000000000006,-7.371257485029958,0.0,-7.309941520467833,3,23.56687898089172,1.926178936810441,7.877282802547758
007810.KS,2017-11-24,2017-11-27,19800.0,,19700.0,91.02564102564102,1.7897082376056777,2.604166666666674,-0.5050505050505083,1.024,0.8429082437008877,True,12.571428571428566,13.800783599681354,153.53925353925354,4.34010152284264,5702517293.0,16.568047337278102,9.857388635573749,0.2665783230941132,0.50761421319796,2017-11-27,18414.0,STOP,0,-6.999999999999995,-7.371257485029936,0.0,-7.32323232323232,2,24.203821656050955,1.9105833557788943,7.519023976024486
022100.KS,2017-11-24,2017-11-27,8400.0,,8360.0,85.25641025641025,3.3709927556384214,3.4653465346534684,0.0,1.2699069286452946,1.2867296068618665,True,17.49494040926467,3.0486480223615775,62.01550387596899,3.0801435406698565,12735993731.8,16.75977653631284,9.857388635573749,0.2665783230941132,0.4784688995215225,2017-12-08,7811.999999999999,STOP,9,-7.000000000000006,-7.371257485029936,2.0238095238095166,-7.738095238095233,2,24.203821656050955,1.9105833557788943,7.519023976024486
207940.KS,2018-01-02,2018-01-03,594862.0625,2018-04-23,592580.0,95.54140127388536,1.6220679713271624,4.144387023867369,-4.064039334100045,0.9115380984115435,0.8390900965363053,True,4.715558762347571,34.11092336525216,170.48611106768448,3.7034661969691864,93859720907.53496,6.858703852682924,5.02396974345769,0.4507917210684331,0.38510623038239267,2018-04-24,724940.625,EXIT_MA,76,21.867012657241027,21.380517596733096,53.452696439185,-3.5805569631531142,1,24.203821656050955,-1.3231724818619561,4.436210409017205
005490.KS,2018-01-03,2018-01-04,362000.0,2018-02-09,357500.0,77.70700636942675,2.0677658839485065,3.3236994219653093,0.0,1.1038759689922482,0.942465514853388,True,9.013843995852898,6.977654542488998,46.51639344262295,2.4685314685314688,78214940800.0,6.7164179104477695,5.217511947025755,0.7018607675854938,1.2587412587412583,2018-02-12,355500.0,EXIT_MA,27,-1.7955801104972413,-2.1876137228305836,10.497237569060779,-4.6961325966850875,1,22.29299363057325,0.40300845707548216,4.795644669660382
006400.KS,2018-01-05,2018-01-08,224500.0,2018-01-10,220500.0,87.89808917197452,1.95164271168522,1.1467889908256979,-5.161290322580648,1.0267379679144386,0.943265548446792,True,3.7842417396215744,18.745808182427904,109.00473933649289,3.151927437641723,70442746280.0,3.0373831775700966,5.5172786838357135,1.1811054060191228,1.8140589569161092,2018-01-11,216000.0,EXIT_MA,3,-3.786191536748329,-4.170278596481869,1.1135857461024523,-6.013363028953234,2,21.656050955414013,-0.1658852738127159,4.303668463086363
009150.KS,2018-01-05,2018-01-08,108000.0,2018-01-19,107000.0,87.26114649681529,3.0800945376490434,3.3816425120772875,-4.46428571428571,1.086193745232647,1.1201701957690864,True,5.238310679229685,10.856220766052104,124.08376963350784,2.8411214953271027,71164928800.0,6.467661691542292,5.5172786838357135,1.1811054060191228,0.9345794392523255,2018-01-22,101000.0,EXIT_MA,10,-6.481481481481477,-6.85480890071708,1.388888888888884,-8.703703703703702,2,21.656050955414013,-0.1658852738127159,4.303668463086363
018260.KS,2018-01-08,2018-01-09,250000.0,,248000.0,92.35668789808918,4.708103702191729,7.3593073593073655,0.0,1.5395948434622468,1.5545306330899171,True,22.50543370875322,16.737306461378765,96.82539682539681,3.1754032258064515,32794858540.0,24.623115577889454,6.088498594446223,1.8130679567159413,0.8064516129032251,2018-02-06,232499.99999999997,STOP,20,-7.000000000000006,-7.371257485029947,8.000000000000007,-7.799999999999995,3,21.656050955414013,0.12588688400205772,3.265249467850939
035720.KS,2018-01-08,2018-01-09,31600.0,,31900.0,90.44585987261146,1.7109132608541209,0.3144654088050425,-0.9316770186335366,1.2820512820512822,1.2669233473105896,True,9.254058497157347,24.42205830339754,113.23529411764706,3.8714733542319744,138852943300.0,13.523131672597867,6.088498594446223,1.8130679567159413,-0.9404388714733591,2018-01-11,28400.0,STOP,2,-10.126582278481012,-10.485358397129795,1.2658227848101333,-12.658227848101266,3,21.656050955414013,0.12588688400205772,3.265249467850939
071050.KS,2018-01-08,2018-01-09,79200.0,2018-02-28,79000.0,87.26114649681529,1.6523525862549355,6.182795698924726,0.0,1.1693735498839908,0.8952028126926295,True,16.964259275709924,7.643515124470079,90.36144578313252,2.626582278481013,12068502278.0,13.180515759312318,6.088498594446223,1.8130679567159413,0.25316455696202667,2018-03-02,77300.0,EXIT_MA,35,-2.3989898989899006,-2.7886146898122965,17.803030303030297,-4.1666666666666625,3,21.656050955414013,0.12588688400205772,3.265249467850939
003550.KS,2018-01-09,2018-01-10,102129.5859,2018-01-31,102678.0781,81.52866242038218,1.6731381906493474,2.2950869312507782,0.0,1.0717485862655702,0.8773129211984724,True,6.086366171906743,11.05516933794226,58.64406742757586,2.3557696275189635,22478289866.57786,6.242909530517116,5.86749874609469,1.6157025851550655,-0.5341862743728054,2018-02-01,97851.32812,EXIT_MA,16,-4.1890483960143055,-4.57152724473281,3.651985726890139,-6.552100178445941,1,20.382165605095544,1.4492521855815843,2.118253891693933
051900.KS,2018-01-11,2018-01-12,1230000.0,2018-01-23,1250000.0,85.98726114649682,1.4574473334910787,1.4610389610389518,0.0,0.9461161651504548,0.8408214145292816,True,4.403314178805284,19.469348859718714,61.08247422680413,2.868,37560450880.0,5.218855218855212,4.763503835783789,0.5865976076956603,-1.6000000000000014,2018-01-24,1194000.0,EXIT_MA,8,-2.9268292682926855,-3.314346915924249,3.0081300813008083,-8.699186991869922,1,22.929936305732486,0.970369805194804,0.5776875317997865
005940.KS,2018-01-12,2018-01-15,16400.0,,16000.0,78.343949044586,3.2288855676038017,3.5598705501618033,0.0,1.157556270096463,1.4117768899084104,True,12.763408274015076,2.261220518549223,65.80310880829015,2.4375,14567798602.0,15.107913669064743,5.041478328895965,0.8798192276675776,2.499999999999991,2018-02-06,15000.0,STOP,16,-8.536585365853655,-8.901708777566808,7.621951219512191,-9.756097560975608,3,22.929936305732486,1.008700504589144,0.6600622034462766
009420.KS,2018-01-12,2018-01-15,37400.0,,39000.0,100.0,5.827646899872366,5.691056910569103,0.0,1.8989071038251366,2.414434155570261,True,121.08843537414967,26.824358329139407,248.21428571428572,6.878205128205128,65137042211.0,185.71428571428572,5.041478328895965,0.8798192276675776,-4.102564102564099,2018-01-19,34782.0,STOP,4,-6.999999999999995,-7.371257485029947,8.957219251336902,-15.775401069518713,3,22.929936305732486,1.008700504589144,0.6600622034462766
039490.KS,2018-01-12,2018-01-15,96900.0,2018-03-05,93700.0,76.43312101910828,2.1397130439669763,1.0787486515641875,0.0,1.0,1.587820230876007,True,12.530924987389813,0.5664456441658583,34.62643678160919,3.3991462113127002,9076415030.0,12.75571600481349,5.041478328895965,0.8798192276675776,3.415154749199578,2018-03-06,99800.0,EXIT_MA,33,2.992776057791535,2.5816272511735905,19.711042311661497,-0.10319917440660964,3,22.929936305732486,1.008700504589144,0.6600622034462766
006280.KS,2018-01-15,2018-01-16,234000.0,2018-01-17,234000.0,81.52866242038218,1.6867482024904297,1.0799136069114423,-2.092050209205021,0.9122807017543859,1.4104373849196084,True,5.78183626418336,16.87381949305895,69.56521739130434,3.408119658119658,8784806330.0,7.093821510297493,5.270738601013325,1.0879424099186075,0.0,2018-01-18,221500.0,EXIT_MA,2,-5.341880341880345,-5.719757067062458,1.0683760683760646,-6.8376068376068355,2,22.29299363057325,1.7362852498984171,0.7792664574221453
022100.KS,2018-01-15,2018-01-16,8940.0,,8840.0,82.16560509554141,3.9370548718640084,1.4925373134328401,0.0,0.9731663685152058,1.0841785879203503,True,11.161410391831406,9.720813758562862,58.42293906810036,2.8902714932126696,12527099101.4,10.224438902743138,5.270738601013325,1.0879424099186075,1.1312217194570096,2018-02-06,8314.199999999999,STOP,15,-7.000000000000018,-7.371257485029936,6.823266219239366,-7.718120805369133,2,22.29299363057325,1.7362852498984171,0.7792664574221453
020150.KS,2018-01-16,2018-01-17,40400.0,,40300.0,95.54140127388536,2.385363998704979,2.284263959390853,-8.926553672316384,1.0041379310344827,0.7111232432272039,True,8.52295677931869,18.440855275122047,240.66170283004928,4.181141439205955,31279505224.0,9.066305818673893,5.948428301725306,1.730504429247648,0.2481389578163684,2018-01-19,37572.0,STOP,2,-6.999999999999995,-7.371257485029947,1.6089108910890992,-7.920792079207917,1,23.56687898089172,1.6605164252422755,1.563893954119422
005850.KS,2018-01-23,2018-01-24,27050.0,,27050.0,83.43949044585987,2.7233117742769855,7.341269841269837,0.0,1.0451612903225806,0.9106234316311793,True,17.72129863347549,10.055799027707923,54.571428571428584,4.380776340110906,2928449538.0,13.89473684210527,6.183555019787823,1.8197825246782706,0.0,2018-02-13,25156.5,STOP,14,-6.999999999999995,-7.3712574850299255,10.16635859519408,-9.057301293900188,2,21.019108280254777,4.394135251131748,1.769311855566702
112610.KS,2018-01-23,2018-01-24,16545.55273,2018-03-19,16261.50977,91.0828025477707,3.195762477233588,6.182378164632185,0.0,1.2985241147695856,1.350159117436502,True,28.492874119369095,6.051770138178059,114.68749791376563,3.682677632459462,2118791900.5169504,35.23622101496744,6.183555019787823,1.8197825246782706,1.746719486797077,2018-03-20,16001.13574,EXIT_MA,36,-3.2904128310737857,-3.676479047317005,13.161663230817911,-6.1516424178112095,2,21.019108280254777,4.394135251131748,1.769311855566702
042700.KS,2018-01-24,2018-01-25,6300.0,,6225.0,92.99363057324841,1.8797982913705966,1.2195121951219523,-3.8610038610038644,0.9029345372460497,0.7815309970602555,True,7.801541258983469,27.712748605267066,116.89895470383274,4.27710843373494,5910454621.0,5.957446808510647,6.157203544016521,1.6770911057583993,1.2048192771084265,2018-01-31,5859.0,STOP,4,-6.999999999999995,-7.371257485029947,1.1904761904761862,-7.539682539682535,1,20.382165605095544,3.9933768527695923,2.312723772021097
016360.KS,2018-01-25,2018-01-26,43100.0,,42950.0,71.3375796178344,1.5219669733750967,0.3504672897196359,0.0,1.3353115727002967,1.5946361379529166,True,13.651398481119848,1.0130439431198512,38.939996198964025,2.107101280558789,13321530629.0,17.349726775956277,7.081337389420916,2.3711859179954775,0.34924330616996624,2018-02-06,40083.0,STOP,7,-6.999999999999995,-7.3712574850299255,3.132250580046403,-8.352668213457083,2,22.929936305732486,5.557107249488968,2.627545934889386
034730.KS,2018-01-25,2018-01-26,318500.0,,319500.0,70.70063694267516,2.010671021687807,4.754098360655745,0.0,1.0352112676056338,0.9189989038074792,True,9.748557295960424,5.9012904809974565,50.70754716981132,2.2613458528951487,31328399460.0,14.311270125223619,7.081337389420916,2.3711859179954775,-0.3129890453834161,2018-02-06,296205.0,STOP,7,-6.999999999999995,-7.371257485029936,3.9246467817896313,-8.47723704866562,2,22.929936305732486,5.557107249488968,2.627545934889386
004170.KS,2018-01-26,2018-01-29,343500.0,,340500.0,92.99363057324841,4.889044956984136,3.0257186081694476,0.0,1.1181244364292156,1.1764927599580404,True,17.199600729700883,23.833981565347106,103.89221556886228,4.236417033773862,19264043720.0,16.211604095563146,7.513383065683277,2.588806299893953,0.8810572687224738,2018-02-09,316000.0,STOP,9,-8.005822416302767,-8.37306464218579,6.550218340611358,-8.296943231441045,3,24.203821656050955,5.667164302937544,2.9109559411913954
081660.KS,2018-01-26,2018-01-29,17960.0,,17960.0,78.98089171974523,1.9887521651199422,1.5837104072398134,0.0,1.1241830065359477,0.9905971677757823,True,9.890109890109876,8.874588645962401,38.15384615384616,2.878619153674833,4183397952.0,11.414392059553347,7.513383065683277,2.588806299893953,0.0,2018-02-06,16702.8,STOP,6,-7.000000000000006,-7.3712574850299255,0.7795100222717233,-8.01781737193764,3,24.203821656050955,5.667164302937544,2.9109559411913954
139480.KS,2018-01-26,2018-01-29,305500.0,,294500.0,83.43949044585987,6.078105093532617,5.178571428571432,0.0,0.9899497487437185,1.412396002241395,True,11.679939324990517,10.927657247420841,55.00000000000001,3.268251273344652,24704180230.0,9.888059701492535,7.513383065683277,2.588806299893953,3.735144312393879,2018-02-05,284115.0,STOP,5,-6.999999999999995,-7.371257485029936,1.8003273322422242,-7.528641571194761,3,24.203821656050955,5.667164302937544,2.9109559411913954
006280.KS,2018-01-29,2018-01-30,238500.0,,238000.0,81.52866242038218,2.767741530464909,0.634249471458781,-0.4184100418409997,1.0498533724340176,1.0797780857743915,True,6.549670949545594,15.812259394159355,72.46376811594205,3.65546218487395,9158990610.0,5.3097345132743445,8.393623016898433,3.253497001962802,0.21008403361344463,2018-02-02,221804.99999999997,STOP,3,-7.000000000000018,-7.371257485029947,9.014675052410892,-8.805031446540879,1,24.840764331210192,5.296878671430805,2.9626346288421646
081660.KS,2018-03-08,2018-03-09,21200.0,,21200.0,94.26751592356688,2.008649673481092,2.9126213592232997,0.0,1.5606060606060606,2.2233376512786855,True,20.24957458876915,13.225481192239275,63.07692307692307,3.9150943396226414,5080918954.0,21.004566210045674,0.11171894908208468,0.6616878099269918,0.0,2018-03-13,19716.0,STOP,2,-6.999999999999995,-7.371257485029947,0.0,-7.735849056603772,1,8.125,-2.3545669509380973,-3.069177386302746
008770.KS,2018-03-09,2018-03-12,93500.0,2018-06-26,92200.0,92.35668789808918,4.244077478130122,0.875273522975939,-5.046343975283218,0.9351784413692644,1.0324206207547062,True,4.939676758479394,23.398876404494384,110.74285714285712,3.5574837310195226,36309472804.0,3.016759776536304,1.162795370055636,1.7397434509149878,1.4099783080260275,2018-06-27,115500.0,EXIT_MA,72,23.529411764705888,23.03628038041563,41.176470588235304,-6.631016042780747,3,10.625,0.25026971122039665,-0.6029884493630067
051900.KS,2018-03-09,2018-03-12,1165000.0,2018-03-14,1154000.0,76.43312101910828,1.6589958158995817,0.4351610095735481,-7.679999999999998,0.8912466843501327,0.9719387509275051,True,0.45964203635351364,8.414813696251278,48.71134020618557,2.7772963604852685,35805807900.0,4.33996383363473,1.162795370055636,1.7397434509149878,0.9532062391681029,2018-03-15,1141000.0,EXIT_MA,3,-2.060085836909875,-2.4510635381597368,0.8583690987124415,-4.29184549356223,3,10.625,0.25026971122039665,-0.6029884493630067
051910.KS,2018-03-09,2018-03-12,410500.0,2018-03-23,406500.0,82.80254777070064,1.760844370709137,1.4981273408239737,-7.927519818799544,0.9611752360965372,0.9673920485699622,True,0.9636878446177555,10.154443851657291,52.532833020637895,2.8105781057810577,85228030410.0,4.633204633204624,1.162795370055636,1.7397434509149878,0.9840098400984099,2018-03-26,390500.0,EXIT_MA,10,-4.8721071863580985,-5.251859253478431,2.3142509135200884,-4.8721071863580985,3,10.625,0.25026971122039665,-0.6029884493630067
028050.KS,2018-03-12,2018-03-13,18150.0,,18000.0,92.99363057324841,1.9492253624300515,5.882352941176472,0.0,0.9280469897209985,0.7500855649781647,True,16.406906809804056,22.054795601828104,84.04907975460122,4.513888888888888,48612420768.0,19.999999999999996,2.1359239030432686,2.5745041625941045,0.8333333333333304,2018-03-14,16879.5,STOP,1,-6.999999999999995,-7.371257485029947,2.754820936639124,-7.7134986225895315,2,11.180124223602485,3.653572447357556,0.8992817642651918
096770.KS,2018-03-12,2018-03-13,200789.4219,2018-04-10,203157.2188,83.43949044585987,1.4987863115452102,0.7042213827047616,-1.3793101516558548,1.201754423897223,1.1105412520815678,True,7.341239084157181,6.172544422542714,41.118427107765584,2.8554778408888097,51332894910.07317,12.59842355681544,2.1359239030432686,2.5745041625941045,-1.1654997612125295,2018-04-11,192265.3438,EXIT_MA,21,-4.245282455290534,-4.627536816746458,3.301888932825303,-5.6603766236551945,2,11.180124223602485,3.653572447357556,0.8992817642651918
066970.KS,2018-03-13,2018-03-14,36204.29297,2018-04-04,36158.23047,95.54140127388536,1.5466436760613531,2.7486876487059053,-16.132478411758356,1.0143041507826633,1.008380726063996,True,3.411936666046045,14.11948670536356,181.36201121618646,4.229299451666446,17281888138.113346,15.10263856636158,2.519326071155814,2.818291283956853,0.1273914663446174,2018-04-05,34776.38672,EXIT_MA,16,-3.9440246801206946,-4.327481667425603,10.559790942935777,-6.234099701574703,1,11.801242236024844,3.6081220781725154,1.2374184253246767
010120.KS,2018-03-15,2018-03-16,12960.0,,12800.0,80.2547770700637,1.4551111409578772,2.728731942215079,-10.238429172510521,1.011042944785276,1.0390041338504683,True,2.6134359467692825,5.93360678708823,49.53271028037383,2.8046875,6677330160.0,16.36363636363636,2.35056826926594,2.2481053500376547,1.2499999999999956,2018-03-23,12052.8,STOP,5,-7.000000000000006,-7.371257485029947,1.6975308641975273,-8.179012345679016,1,12.422360248447205,4.485658689526217,1.2750866720845133
081660.KS,2018-03-20,2018-03-21,22000.0,2018-07-23,21900.0,91.71974522292994,2.7546830522562114,2.8169014084507005,0.0,1.221024258760108,1.1652657517898959,True,19.816172447751402,15.465037681855232,68.46153846153847,4.08675799086758,5633883694.0,25.0,1.9484620863116087,1.5611200795949243,0.45662100456620447,2018-07-24,31000.0,EXIT_MA,84,40.90909090909092,40.346579568136455,67.72727272727272,-3.1818181818181857,1,13.043478260869565,1.7479777802447583,0.13899494798628176
011780.KS,2018-03-21,2018-03-22,98800.0,2018-03-23,97800.0,82.80254777070064,1.651179401633237,0.4106776180698102,-9.861751152073728,0.9058633674018289,0.8207687040871924,True,0.9808982963345425,17.04281096105622,45.75260804769001,3.9877300613496933,20701741596.0,7.590759075907583,1.8897025685217006,1.393948053652272,1.0224948875255713,2018-03-26,96900.0,EXIT_MA,2,-1.9230769230769273,-2.314601566098584,2.2267206477732726,-5.364372469635626,1,13.043478260869565,2.892189647559462,0.1245059449156205
001820.KS,2018-03-22,2018-03-23,46500.0,,47400.0,99.36305732484077,2.070440375275677,2.0452099031216253,-6.508875739644971,0.998262883613202,0.8895996605103542,True,11.650256748480704,40.83614619703593,397.3767051416579,4.287974683544304,20752827297.0,22.00772200772201,2.305304975867828,1.707105830222,-1.898734177215189,2018-03-29,43245.0,STOP,4,-6.999999999999995,-7.371257485029936,4.946236559139794,-8.064516129032262,1,13.043478260869565,2.7316741373053954,0.7056598385074553
001820.KS,2018-04-16,2018-04-17,57900.0,2018-07-31,57400.0,100.0,2.327209346212137,7.490636704119846,0.0,1.300303336703741,1.378823274015935,True,35.39332468451468,29.553233101087883,374.3801652892562,5.2526132404181185,18327991990.0,28.411633109619693,0.45200060736527714,0.4492528443380106,0.8710801393728262,2018-08-01,90400.0,EXIT_MA,71,56.131260794473235,55.50798230826774,89.11917098445596,-0.17271157167529916,4,10.559006211180124,-0.7086798460819832,-2.3033812734323478
003230.KS,2018-04-16,2018-04-17,89900.0,2018-07-09,89300.0,92.35668789808918,2.731873723641196,1.3620885357548351,-13.719806763285025,1.0491803278688525,1.0397149355399407,True,3.3421284080914715,25.097900123777617,94.1304347826087,4.720044792833146,7848887308.0,7.074340527577938,0.45200060736527714,0.4492528443380106,0.6718924972004547,2018-07-10,100500.0,EXIT_MA,55,11.790878754171308,11.344607781100757,30.700778642936587,-3.1145717463848754,4,10.559006211180124,-0.7086798460819832,-2.3033812734323478
052690.KS,2018-04-16,2018-04-17,32050.0,2018-05-29,31850.0,91.71974522292994,3.146519106124843,0.7911392405063333,0.0,1.1334488734835355,1.0097959768157927,True,22.443487621097958,20.90872116669571,86.80351906158357,5.4945054945054945,5195249774.0,9.63855421686748,0.45200060736527714,0.4492528443380106,0.6279434850863463,2018-05-30,30700.0,EXIT_MA,28,-4.212168486739465,-4.594555039686621,28.237129485179402,-7.95631825273011,4,10.559006211180124,-0.7086798460819832,-2.3033812734323478
192820.KS,2018-04-16,2018-04-17,156228.9688,2018-06-22,156720.25,86.62420382165605,1.9042832720194274,1.5923511883859431,0.0,1.1835854309039011,1.1365400526991227,True,17.973370280624557,8.937816352243754,55.60975560643173,4.122256654771799,14010139387.893538,15.162456137444579,0.45200060736527714,0.4492528443380106,-0.31347652903820356,2018-06-25,156720.25,EXIT_MA,44,0.31446229452420926,-0.08599464078327124,12.89307537181925,-6.289306570651831,4,10.559006211180124,-0.7086798460819832,-2.3033812734323478
017800.KS,2018-04-18,2018-04-19,61466.66797,,59600.0,94.26751592356688,2.3411588915044654,3.712294631583113,0.0,0.895105015565533,1.3478157580513717,True,26.920128832988443,20.401692089566303,97.787606374912,4.608502321308727,43409521810.590256,11.750002730890706,1.3284316934317086,1.4446968805206017,3.1319932382550375,2018-05-25,57164.001212099996,STOP,23,-7.000000000000006,-7.371257485029936,32.863333505988955,-7.809110463483615,1,11.801242236024844,-0.20080689337230728,-1.5982489838419434
024110.KS,2018-04-23,2018-04-24,16600.0,2018-05-29,16600.0,75.79617834394905,1.4141371598939476,0.30211480362538623,-3.488372093023251,0.9411764705882353,0.814623417254197,True,3.381702684187582,3.15762423307957,38.912133891213394,2.5903614457831328,16978244054.0,3.750000000000009,1.0269047990178137,1.025484480748573,0.0,2018-05-30,16000.0,EXIT_MA,23,-3.6144578313253017,-3.9992304547531443,3.0120481927710774,-7.530120481927716,1,12.422360248447205,1.5194424399213258,-2.517332269503547
071050.KS,2018-04-24,2018-04-25,86500.0,2018-06-18,87200.0,89.171974522293,1.4805822106891509,0.5767012687427853,-4.490690032858713,0.9797356828193833,1.2178596589481567,True,6.453109358595599,12.377215606650926,90.39301310043668,3.0905963302752295,17301243312.0,5.186972255729794,0.6049566848583154,0.5935609244315021,-0.8027522935779796,2018-06-19,84700.0,EXIT_MA,34,-2.0809248554913284,-2.4718193670462463,14.335260115606928,-2.774566473988438,1,12.422360248447205,0.4926402171782973,-3.828309237096661
082740.KS,2018-04-26,2018-04-27,4884.570312,,4908.281738,94.26751592356688,1.493044792301779,0.648306074196392,0.0,0.9039746450200212,0.5549845636886239,True,19.98609252525374,16.292551177109527,91.66667541704201,3.719805621312935,6404068667.070714,7.068974126188876,1.0443114199921943,0.9213214307683071,-0.48309015793501775,2018-06-19,3940.061768,STOP,32,-19.336573816526116,-19.658583501889282,19.25565797853952,-35.0323633339071,1,13.664596273291925,1.6118148768116791,-4.716747073265648
023590.KS,2018-04-27,2018-04-30,23950.0,2018-06-15,23900.0,74.52229299363057,2.663061375673048,0.8438818565400741,-10.486891385767795,0.9011345218800648,1.0763098571250258,True,3.2263637541571244,9.171067521689924,36.57142857142857,2.8661087866108788,3863401536.0,8.883826879271073,1.7074956646438544,1.508242860756992,0.20920502092049986,2018-06-18,23850.0,EXIT_MA,30,-0.41753653444676075,-0.8150713187404013,13.778705636743215,-3.9665970772442605,1,12.422360248447205,1.9032157382852022,-2.9341011275833995
005490.KS,2018-04-30,2018-05-02,371000.0,,372500.0,76.43312101910828,1.500747942779776,2.6170798898071723,-5.696202531645566,1.0933940774487472,1.0336517831689214,True,8.379400640093104,1.591711866160228,42.44741873804971,2.8120805369127515,83392781980.0,13.740458015267176,2.6199268509175866,2.295792309946698,-0.4026845637583931,2018-05-25,345030.0,STOP,15,-6.999999999999995,-7.371257485029936,2.5606469002695365,-7.14285714285714,4,14.906832298136646,2.9138834431549965,-1.9902931967073045
011780.KS,2018-04-30,2018-05-02,107000.0,,107500.0,85.35031847133759,4.142260422263188,8.366935483870975,-0.9216589861751112,1.012531328320802,1.150393113823878,True,14.410387398893153,9.869036482694105,60.20864381520119,3.9069767441860463,15985420054.0,12.21294363256784,2.6199268509175866,2.295792309946698,-0.46511627906976605,2018-05-30,99510.0,STOP,18,-6.999999999999995,-7.371257485029947,7.476635514018692,-7.009345794392519,4,14.906832298136646,2.9138834431549965,-1.9902931967073045
051900.KS,2018-04-30,2018-05-02,1390000.0,,1370000.0,88.53503184713377,1.4786960450406617,4.580152671755733,0.0,1.0821643286573146,1.1003995493670087,True,15.013935995164385,7.978552230214531,74.74489795918366,2.9927007299270074,34914934200.0,9.512390087929656,2.6199268509175866,2.295792309946698,1.4598540145985384,2018-05-08,1292700.0,STOP,3,-6.999999999999995,-7.371257485029936,0.4316546762589857,-8.273381294964032,4,14.906832298136646,2.9138834431549965,-1.9902931967073045
103590.KS,2018-04-30,2018-05-02,5976.162598,,5815.411621,86.62420382165605,7.1192417538070325,3.1879187810497367,0.0,1.5793988374531116,2.186382712663384,True,26.148671957419634,3.424537957634133,39.297845445457426,4.288618278530621,1618111733.28508,28.661091903212423,2.6199268509175866,2.295792309946698,2.7642235404199633,2018-05-09,5557.83121614,STOP,4,-6.999999999999995,-7.371257485029947,2.8481072294947785,-10.12657627827146,4,14.906832298136646,2.9138834431549965,-1.9902931967073045
112610.KS,2018-05-02,2018-05-03,16924.2793,2018-05-08,17042.63086,84.71337579617835,3.0495042409809128,0.98177385559437,-8.396941975264172,1.1010195130480913,0.9347313155155909,True,5.4605145885421535,16.092061289760306,86.04651214073036,3.5277776532208485,1721766421.3428385,6.194695778650305,2.195272749814192,1.7677318081079862,-0.6944441909950694,2018-05-09,15977.46582,EXIT_MA,3,-5.594409447024429,-5.971278071986397,12.86712380124808,-8.391611275287802,1,15.527950310559005,2.5867753327222243,-2.450027293500956
006360.KS,2018-05-14,2018-05-15,46900.0,,46750.0,92.35668789808918,2.6232213879572246,6.492027334851946,0.0,1.5586854460093897,1.66966465301863,True,40.003593675131775,10.9534648037082,81.55339805825244,4.3957219251336905,30056071682.0,35.90116279069768,0.8840553241152849,0.15567155826989865,0.3208556149732589,2018-06-18,43617.0,STOP,21,-6.999999999999995,-7.371257485029936,16.631130063965884,-7.249466950959493,3,16.049382716049383,1.3673398206607512,3.8035964269930833
010120.KS,2018-05-14,2018-05-15,16060.0,,16120.0,88.53503184713377,2.5707705626967243,2.8061224489795977,0.0,1.644979919678715,2.0702045125969875,True,26.753475498521738,4.297336307571187,59.60396039603961,5.186104218362283,11236436298.0,33.22314049586777,0.8840553241152849,0.15567155826989865,-0.3722084367245637,2018-05-23,14935.8,STOP,5,-7.000000000000006,-7.371257485029947,1.6189290161892966,-7.721046077210458,3,16.049382716049383,1.3673398206607512,3.8035964269930833
064350.KS,2018-05-14,2018-05-15,38800.0,,40050.0,99.36305732484077,1.6439169782895187,7.806191117092864,0.0,2.8567474048442905,4.419240896217818,True,104.95368711939,6.082896772617463,167.0,7.815230961298377,85280133691.0,139.82035928143713,0.8840553241152849,0.15567155826989865,-3.1210986267166008,2018-05-16,35750.0,STOP,1,-7.860824742268047,-8.228645801181145,5.4123711340206215,-14.175257731958768,3,16.049382716049383,1.3673398206607512,3.8035964269930833
000660.KS,2018-05-23,2018-05-24,95300.0,,95300.0,87.26114649681529,2.619700851893107,6.599552572706946,0.0,0.9648622981956315,0.8262833290344658,True,12.28938376340285,8.224252587014869,75.83025830258303,2.707240293809024,346957615934.0,12.914691943127954,0.6765578308414177,0.07442811723001874,0.0,2018-06-08,88629.0,STOP,10,-6.999999999999995,-7.371257485029947,2.5183630640083887,-8.079748163693601,1,15.432098765432098,-0.17849664062432602,2.3870421950957565
000720.KS,2018-05-28,2018-05-29,78700.0,,79100.0,97.5,4.798800455805022,3.8057742782152237,0.0,1.6359820089955022,2.1505560609107217,True,51.27753977968177,22.838382295936952,130.94890510948906,7.604298356510745,229474229729.0,58.358358358358366,0.9472832760399452,0.3218517271220467,-0.5056890012642201,2018-05-30,73191.0,STOP,1,-6.999999999999995,-7.3712574850299255,0.8894536213468918,-7.242693773824649,2,16.666666666666664,1.2312062297029414,0.9291029417761276
066970.KS,2018-05-28,2018-05-29,45232.33203,2018-07-24,45232.33203,95.0,2.232206164800614,4.025417483096438,0.0,1.3144016536980179,1.4510924334123791,True,22.172729666356396,5.754264799801767,169.78022171305352,4.276988070650225,14844884646.545845,30.06622106599346,0.9472832760399452,0.3218517271220467,0.0,2018-07-25,46153.5625,EXIT_MA,39,2.0366636621543366,1.6293316714870443,13.238292193355218,-5.397143592731091,2,16.666666666666664,1.2312062297029414,0.9291029417761276
081660.KS,2019-02-27,2019-02-28,56700.0,2019-05-30,56600.0,100.0,1.860358473956445,1.4336917562723928,0.0,1.2289719626168225,1.1502667902548602,True,15.054681465219332,18.83828653907709,223.42857142857144,3.9885159010600706,26774447584.0,21.720430107526887,0.11296046161859419,1.2370440766102941,0.17667844522968323,2019-05-31,77500.0,EXIT_MA,63,36.68430335097001,36.13865742940925,55.026455026455025,-4.938271604938271,1,4.878048780487805,2.6201622572142647,6.447977156996787
000270.KS,2019-04-03,2019-04-04,36500.0,2019-05-31,36400.0,89.63414634146342,1.7317309865944697,1.5341701534170138,-1.6216216216216162,0.9887076537013801,0.9219335212207175,True,3.0023486799287014,8.327905034140803,34.81481481481481,2.71978021978022,34268738704.0,5.507246376811592,0.28559964392651516,1.9052751389220912,0.27472527472527375,2019-06-03,38900.0,EXIT_MA,40,6.57534246575342,6.1498919968282495,26.84931506849315,-0.2739726027397249,1,6.097560975609756,1.2718294150398712,10.51161529571607
180640.KS,2019-04-08,2019-04-09,31600.0,,30400.0,98.17073170731707,17.846120309437524,8.571428571428562,-6.31741140215717,1.2671081677704195,1.8876334916568018,True,13.44553494794194,13.762324747137056,89.40809968847351,4.136513157894737,22980930833.0,13.221601489757905,0.7944545136213677,1.8077753630040494,3.9473684210526327,2019-04-10,29387.999999999996,STOP,1,-7.000000000000006,-7.371257485029958,9.493670886075956,-7.120253164556967,1,6.666666666666667,3.390860889432501,9.150882409250304
005850.KS,2019-04-11,2019-04-12,24100.0,2019-05-09,24050.0,94.51219512195121,1.9065511794205228,0.2083333333333437,0.0,1.150855365474339,1.0376763272903258,True,12.546211802143281,10.293036039174709,84.2911877394636,3.5862785862785866,1649758008.0,2.777777777777768,1.550831107084405,1.9729006107725766,0.20790020790020236,2019-05-10,23400.0,EXIT_MA,18,-2.904564315352698,-3.2921708450319276,8.298755186721984,-7.468879668049788,1,6.666666666666667,3.1897132769708403,7.1724812038482355
003490.KS,2019-04-12,2019-04-15,25718.31055,,24157.56836,88.41463414634147,4.454312551992613,3.188404435182468,-3.653587178774531,1.1719451431182306,1.654881081437373,True,3.4703252801691953,11.162806102958589,39.88211997592277,3.4550560121027023,21610660945.09053,6.110282083548735,1.9869890899330445,2.2515499919800064,6.460675870772925,2019-04-17,23918.028811499997,STOP,2,-7.000000000000006,-7.371257485029958,9.894458250096827,-8.179422889813415,2,7.2727272727272725,2.634969793833153,8.182528111304066
112610.KS,2019-04-12,2019-04-15,18912.58594,,18770.56445,97.5609756097561,2.043481824300291,0.37975090113293586,0.0,0.9090909466243994,0.8635464170028819,True,19.054773221831912,10.52151269241197,59.87904085871962,3.6065571858708805,2489342697.433473,23.136654770473154,1.9869890899330445,2.2515499919800064,0.7566181101176239,2019-04-19,17588.7049242,STOP,4,-7.000000000000006,-7.371257485029936,8.13516625849633,-7.13392126428587,2,7.2727272727272725,2.634969793833153,8.182528111304066
018880.KS,2019-04-18,2019-04-19,12750.0,,12800.0,85.97560975609755,3.2539179928922195,2.400000000000002,-3.396226415094339,1.1942446043165467,1.2923769935631764,True,6.32995514205017,4.93741064890687,31.147540983606547,2.8515625,9735979729.0,10.822510822510822,1.1959279117011112,0.8149839611623744,-0.390625,2019-05-07,11857.5,STOP,10,-6.999999999999995,-7.371257485029936,0.39215686274509665,-7.4509803921568585,2,7.878787878787878,1.3222757564288479,4.212721005625952
086280.KS,2019-04-18,2019-04-19,73500.0,2019-07-03,73250.0,83.53658536585365,1.9099714996021673,2.807017543859658,-22.074468085106382,0.890282131661442,0.8616790742242205,True,7.9507773929702985,6.289160401002514,38.862559241706165,2.5426621160409555,13833924230.0,16.733067729083672,1.1959279117011112,0.8149839611623744,0.34129692832765013,2019-07-04,76750.0,EXIT_MA,51,4.421768707482987,4.004915339389248,14.965986394557817,-3.401360544217691,2,7.878787878787878,1.3222757564288479,4.212721005625952
011790.KS,2019-11-04,2019-11-05,46950.0,,47100.0,94.57831325301204,1.706756462105578,3.1763417305586072,0.0,1.1777188328912467,0.98307550689796,True,9.532336457291702,10.262508413731219,54.934210526315795,3.0414012738853504,9514299944.0,19.543147208121823,1.3265255018147126,2.6965161685533756,-0.31847133757961776,2019-11-07,43663.5,STOP,2,-6.999999999999995,-7.371257485029936,0.21299254526092604,-7.241746538871141,1,7.83132530120482,5.421418040304871,9.412526676314359
005930.KS,2019-11-06,2019-11-07,53400.0,2019-11-29,53300.0,92.7710843373494,1.4252247256187454,1.1385199240986799,0.0,1.100709219858156,1.0660774821831793,True,10.180878552971585,5.719796100114194,42.32309746328438,1.7260787992495312,493567412722.0,8.997955010224956,1.9525906306651741,2.824770030540802,0.18761726078799779,2019-12-02,50900.0,EXIT_MA,17,-4.681647940074907,-5.062160323547671,0.7490636704119868,-5.992509363295884,1,7.83132530120482,4.78435684789249,12.276206638061304
011210.KS,2019-11-12,2019-11-13,54400.0,,54200.0,98.79518072289156,2.0488087542275415,3.831417624521083,0.0,0.9448275862068966,0.911520584650542,True,13.150038621323134,5.394478456740215,80.66666666666666,2.518450184501845,6486589117.0,20.444444444444443,1.7719301286377664,1.843983930773807,0.36900369003689537,2019-11-22,50592.0,STOP,7,-6.999999999999995,-7.371257485029947,2.0220588235294157,-7.169117647058821,1,7.83132530120482,3.517602650832874,11.168689391806307
035420.KS,2019-11-14,2019-11-15,177000.0,2020-01-28,180000.0,99.3975903614458,5.566538244511083,6.824925816023741,0.0,1.326145552560647,1.4722571112043041,True,15.089514066496168,17.536542291361368,69.01408450704226,3.0,63503229570.0,17.647058823529417,1.68693151635404,1.5199297697758851,-1.6666666666666718,2020-01-29,183000.0,EXIT_MA,48,3.3898305084745672,2.977096654149336,9.887005649717517,-6.4971751412429395,1,7.83132530120482,2.949557770688238,11.003696153342668
000990.KS,2019-11-15,2019-11-18,18600.0,,18500.0,98.79518072289156,3.306942575900327,2.777777777777768,0.0,1.3536895674300256,1.1300494830070758,True,12.161998302413002,13.444641229774579,84.07960199004975,2.9324324324324325,6202191994.0,8.823529411764696,2.769440521032429,2.3625431166400146,0.540540540540535,2019-11-21,17298.0,STOP,3,-6.999999999999995,-7.371257485029947,0.8064516129032251,-7.795698924731187,2,8.433734939759036,4.925049080928168,11.458317709675958
012330.KS,2019-11-15,2019-11-18,254000.0,2019-11-29,257500.0,89.1566265060241,1.4272110581413053,3.4136546184738936,-0.770712909441229,0.9390519187358917,0.889400210800986,True,4.986341582745535,6.677395152609078,54.191616766467064,1.9223300970873787,51770523660.0,6.846473029045641,2.769440521032429,2.3625431166400146,-1.3592233009708687,2019-12-02,245000.0,EXIT_MA,10,-3.543307086614178,-3.9283637449510467,2.3622047244094446,-3.937007874015752,2,8.433734939759036,4.925049080928168,11.458317709675958
000500.KS,2019-12-12,2019-12-13,10566.62012,,10478.56543,98.19277108433735,1.869001377517331,1.0615747842751988,0.0,1.0423721825475551,2.285285305369038,True,21.7765088560812,6.044493117064609,48.75000338814577,2.7310909309271723,218093077.35868886,21.73913685292581,2.012144723303888,1.3049985440783507,0.8403315376349196,2020-01-02,9826.9567116,STOP,11,-6.999999999999995,-7.371257485029947,7.083331675597315,-8.74999851892092,2,8.982035928143713,-0.08787657323314768,3.6376339946878167
000990.KS,2019-12-12,2019-12-13,22000.0,2020-02-24,21700.0,99.3975903614458,1.4211405216495132,0.4629629629629539,0.0,1.0909090909090908,1.2156173223414626,True,21.24259693820538,17.99452813396183,115.92039800995026,2.9608294930875574,6915945323.0,23.29545454545454,2.012144723303888,1.3049985440783507,1.382488479262678,2020-02-25,27200.0,EXIT_MA,47,23.636363636363633,23.142805298493908,49.09090909090909,-0.4545454545454519,2,8.982035928143713,-0.08787657323314768,3.6376339946878167
000660.KS,2019-12-13,2019-12-16,87200.0,2020-02-26,87900.0,92.7710843373494,2.0142232367754556,1.6184971098266,0.0,1.1758389261744966,1.4722350596708396,True,7.601909658464923,7.419704789769543,52.33968804159446,2.286689419795222,240566585426.0,3.169014084507049,3.5978067695009663,2.8447017446582956,-0.7963594994311762,2020-02-27,94700.0,EXIT_MA,48,8.600917431192666,8.167380834660975,21.559633027522928,-0.2293577981651418,3,9.580838323353294,0.3732375775282959,4.806035599098246
005930.KS,2019-12-13,2019-12-16,54500.0,2020-02-24,54700.0,93.97590361445783,1.6804105640140772,1.6728624535315983,0.0,1.0844892812105926,1.276005565739994,True,6.8359375,9.662391903831224,46.061415220293725,1.896709323583181,563039369664.0,1.862197392923659,3.5978067695009663,2.8447017446582956,-0.3656307129798919,2020-02-25,56200.0,EXIT_MA,46,3.119266055045866,2.7076122983390905,15.229357798165143,-0.3669724770642202,3,9.580838323353294,0.3732375775282959,4.806035599098246
028050.KS,2019-12-13,2019-12-16,19900.0,,19900.0,90.36144578313254,2.305814237915376,0.75949367088608,0.0,0.9440993788819876,0.9626454577439393,True,9.497083746010793,8.435136707388025,32.666666666666664,1.9974874371859297,13141801082.0,5.013192612137196,3.5978067695009663,2.8447017446582956,0.0,2020-01-08,18507.0,STOP,14,-6.999999999999995,-7.371257485029936,0.0,-7.286432160804024,3,9.580838323353294,0.3732375775282959,4.806035599098246
012330.KS,2019-12-17,2019-12-18,259500.0,2020-01-02,263500.0,90.96385542168674,2.205949807794154,0.19011406844107182,0.0,1.0,1.2176888807516204,True,6.567985116881014,5.696026674076138,48.45070422535211,2.2011385199240987,62877811500.0,2.529182879377423,4.836126913911598,3.926909051555194,-1.5180265654648917,2020-01-03,249000.0,EXIT_MA,9,-4.046242774566478,-4.429291705606131,3.4682080924855585,-5.780346820809246,1,8.982035928143713,1.9709805779707823,4.980105904030507
014680.KS,2019-12-18,2019-12-19,106500.0,2020-02-18,105000.0,96.98795180722891,1.4810001992310278,0.4784688995215225,0.0,1.33801580333626,1.2826241793956508,True,10.890503548496122,11.000656475663506,41.7004048582996,3.2428571428571433,4550987890.0,9.034267912772576,4.7923739191604975,3.712927008750899,1.4285714285714235,2020-02-19,106500.0,EXIT_MA,39,0.0,-0.39920159680638667,11.267605633802823,-4.225352112676061,2,8.982035928143713,3.267269859515576,4.927095731427866
029780.KS,2019-12-18,2019-12-19,41600.0,,41650.0,89.7590361445783,1.7850673256399578,2.083333333333326,0.0,1.0220492866407263,1.3717540717740406,True,15.029827662395046,1.825851583646787,32.22222222222222,2.3949579831932777,3264537197.0,12.567567567567561,4.7923739191604975,3.712927008750899,-0.12004801920768582,2019-12-27,38688.0,STOP,5,-6.999999999999995,-7.3712574850299255,0.24038461538462563,-8.413461538461542,2,8.982035928143713,3.267269859515576,4.927095731427866
180640.KS,2019-12-23,2019-12-24,47750.0,,46200.0,98.79518072289156,20.720530067824733,8.450704225352123,-0.4310344827586188,1.3068493150684932,2.4416813050598165,True,33.371824480369504,5.530929640969395,87.04453441295547,4.783549783549783,24799082059.0,40.42553191489362,5.204895515692121,3.4456514394651805,3.354978354978355,2019-12-24,44407.5,STOP,0,-6.999999999999995,-7.371257485029947,5.759162303664911,-10.157068062827223,1,8.383233532934131,3.7772526960207164,6.227461762456277
004800.KS,2019-12-24,2019-12-26,102940.4688,2019-12-27,102451.4375,87.95180722891565,2.188261578151087,1.2077289154926119,-5.417610370874715,0.8550729817506629,1.1562225585379544,True,2.663366605482431,2.2267308644239536,77.16701840677204,1.4140811728483553,4772784627.877898,4.74999612057263,4.54814452709833,2.6402691744768836,0.4773298568895079,2019-12-30,97438.89844,EXIT_MA,2,-5.344419375715914,-5.722285965034413,0.9501167144480682,-6.65083282581671,1,7.18562874251497,3.239916884289795,6.836826167188237
229640.KS,2020-01-03,2020-01-06,8460.0,2020-01-30,8470.0,88.55421686746988,1.5239721734166254,3.292682926829271,-7.934782608695656,0.7322175732217573,0.45012308760523595,True,8.832523835222151,4.3551717664726874,52.61261261261261,1.948051948051948,1986984736.8,8.173690932311617,3.844760474974218,0.9585546336914108,-0.11806375442738881,2020-01-31,8050.0,EXIT_MA,17,-4.846335697399528,-5.226190644715301,7.328605200945626,-7.5650118203309695,1,7.18562874251497,4.433147158466855,7.653345527378486
011790.KS,2020-01-07,2020-01-08,51600.0,2020-02-28,52200.0,96.3855421686747,2.02449776237259,1.1627906976744207,0.0,0.96,0.9911253552963123,True,11.688811862122094,14.726512878104469,71.71052631578947,2.6436781609195403,9596656301.0,13.10942578548213,3.8070571848704438,0.4476565295304491,-1.1494252873563204,2020-03-02,52000.0,EXIT_MA,36,0.7751937984496138,0.3728976156214703,17.248062015503884,-3.100775193798455,2,7.784431137724551,5.570816772474041,7.267214617058326
035720.KS,2020-01-07,2020-01-08,31700.0,2020-03-11,32000.0,95.78313253012048,1.9200673739603993,2.564102564102555,0.0,1.151291512915129,0.9956550334537907,True,5.645427533839542,14.57643787944698,67.36401673640167,2.15625,67231874680.0,7.0234113712374535,3.8070571848704438,0.4476565295304491,-0.9375000000000022,2020-03-12,33400.0,EXIT_MA,44,5.362776025236604,4.942166140904303,20.820189274447955,-1.577287066246058,2,7.784431137724551,5.570816772474041,7.267214617058326
011070.KS,2020-01-09,2020-01-10,146000.0,2020-02-24,145500.0,94.57831325301204,2.2338683994985553,1.7482517482517501,0.0,1.1847133757961783,1.0208803288747559,True,13.636363636363647,12.063646269577655,78.96678966789668,2.8350515463917527,17411464320.0,11.494252873563227,4.331851081425886,0.5630766993043324,0.3436426116838476,2020-02-25,143000.0,EXIT_MA,30,-2.0547945205479423,-2.4457933448172153,11.986301369863007,-2.73972602739726,1,8.383233532934131,4.682452952328253,5.758443196443563
020150.KS,2020-01-13,2020-01-14,47450.0,2020-02-28,46750.0,89.1566265060241,2.5832839842424273,2.297592997811826,0.0,1.2813688212927756,1.452650664503501,True,16.816591704147932,4.423381757219547,49.6,2.732620320855615,15094238441.0,20.489690721649477,6.358443775491418,1.9878692881271753,1.4973262032085488,2020-03-02,46750.0,EXIT_MA,32,-1.475237091675452,-1.868549518455187,14.64699683877766,-4.004214963119068,1,8.982035928143713,5.871899304237127,7.030335001720678
271560.KS,2020-01-17,2020-01-20,116000.0,,116500.0,83.73493975903614,1.4447898357754279,1.304347826086949,-4.508196721311474,1.1314741035856575,1.064646028002815,True,8.939592294744724,10.819227042627166,48.4076433121019,2.9828326180257507,8320619500.0,10.952380952380958,7.272509681764805,2.2678899684069664,-0.42918454935622075,2020-01-23,107880.0,STOP,3,-6.999999999999995,-7.371257485029936,0.8620689655172376,-7.758620689655171,1,10.119047619047619,2.49991518344852,7.741540970507899
006400.KS,2020-01-20,2020-01-21,276000.0,2020-03-11,275500.0,87.34939759036145,1.741588594691588,0.36429872495447047,0.0,1.44,1.7018754250905943,True,16.500338294993245,1.5284217757169927,35.380835380835386,2.422867513611615,61205614890.0,21.365638766519822,7.816472638516059,2.6580280058145833,0.1814882032667775,2020-03-12,289000.0,EXIT_MA,35,4.710144927536231,4.292140356967233,27.173913043478272,-2.898550724637683,1,11.30952380952381,3.0928157379721988,8.74834259809285
011210.KS,2020-01-22,2020-01-23,53100.0,,52500.0,84.33734939759037,3.4441588330260946,2.941176470588225,-5.063291139240511,1.3671274961597542,1.4279816591159502,True,4.009826452175291,6.525409420901562,34.96143958868893,3.471428571428571,5582206280.0,5.000000000000004,7.9945986798767965,2.6199613423845802,1.1428571428571344,2020-01-29,49383.0,STOP,2,-6.999999999999995,-7.371257485029936,2.0715630885122405,-9.416195856873822,2,12.5,2.8613847301827366,8.590496443386918
207940.KS,2020-01-22,2020-01-23,714290.9375,,687666.6875,92.7710843373494,1.898785878212187,1.687294941821249,0.0,1.043913726509766,1.0595972277017462,True,10.806044703735939,20.211590071725773,81.16233407719709,2.903760515518646,39496448184.62125,13.997487482742631,7.9945986798767965,2.6199613423845802,3.871679475530798,2020-03-13,664290.5718749999,STOP,34,-7.000000000000018,-7.371257485029958,15.441957080688852,-10.543130403358925,2,12.5,2.8613847301827366,8.590496443386918
204320.KS,2020-01-23,2020-01-28,37700.0,,39000.0,85.54216867469879,5.633153947847538,7.438016528925617,0.0,1.2762645914396886,1.6017431456542677,True,10.553618504974915,6.090656882720458,42.335766423357654,2.6794871794871793,9550684982.0,12.230215827338121,6.977676600943106,1.5665213758760732,-3.3333333333333326,2020-01-30,35061.0,STOP,2,-6.999999999999995,-7.371257485029947,1.724137931034475,-9.416445623342174,1,12.5,1.9249321712350387,7.285526263860542
007810.KS,2020-02-07,2020-02-10,12350.0,,12300.0,99.3975903614458,2.112984109095139,0.8196721311475308,0.0,1.2791243158717749,1.2408218362778605,True,11.419098864068712,48.927501821223316,192.5089179548157,5.764227642276422,5516473804.6,12.328767123287676,5.4760574936188355,0.2751734034008635,0.40650406504065817,2020-02-28,11200.0,STOP,14,-9.311740890688258,-9.673769869168547,8.502024291497978,-12.955465587044534,1,10.119047619047619,2.818742549281228,3.496112804855933
009150.KS,2020-02-11,2020-02-12,141000.0,2020-02-27,141000.0,95.18072289156626,2.3922759728819862,1.8050541516245522,0.0,1.5305466237942122,1.34147463911922,True,12.431225580097284,17.803432371755722,66.66666666666667,3.404255319148936,82288633290.0,6.41509433962264,6.017668651349495,0.7099894376191074,0.0,2020-02-28,128500.0,EXIT_MA,12,-8.865248226950351,-9.229059611273904,5.319148936170204,-11.34751773049646,1,11.30952380952381,0.758262356670425,3.8394801297944037
036570.KS,2020-02-19,2020-02-20,700000.0,,687000.0,93.37349397590361,1.71842157543234,1.477104874446078,0.0,1.4201183431952662,1.3573241922713342,True,14.541998732868722,12.904015209984365,59.58188153310105,2.911208151382824,49044116300.0,9.047619047619037,5.369973558317298,0.3220531310061725,1.8922852983988436,2020-02-25,651000.0,STOP,3,-6.999999999999995,-7.371257485029936,1.5714285714285792,-7.428571428571429,1,10.119047619047619,-2.311450671483417,4.000339585557433
000990.KS,2020-05-26,2020-05-27,32150.0,,32700.0,98.80952380952381,2.227748681411968,1.710730948678063,0.0,1.1582608695652175,1.2757881051075148,True,35.75224178013949,11.16213066903562,161.60000000000002,4.296636085626911,35548543321.0,24.571428571428577,0.06950582933704652,4.245245354060079,-1.6819571865443472,2020-05-28,29899.499999999996,STOP,1,-7.000000000000006,-7.371257485029947,0.15552099533437946,-11.197511664074655,2,8.928571428571429,6.008682696867784,-2.262647791882122
006400.KS,2020-05-26,2020-05-27,378000.0,,388000.0,96.42857142857143,1.7004865569771814,11.494252873563227,0.0,1.3959484346224678,0.9547890326962765,True,42.453280464074595,5.452257658616855,112.02185792349728,3.427835051546392,231946401960.0,36.37961335676625,0.06950582933704652,4.245245354060079,-2.577319587628868,2020-05-28,351540.0,STOP,1,-6.999999999999995,-7.371257485029947,1.3227513227513255,-7.804232804232802,2,8.928571428571429,6.008682696867784,-2.262647791882122
068270.KS,2020-06-01,2020-06-02,185388.25,2020-08-12,183373.1719,94.04761904761905,1.8474136300002824,2.477480648806285,-0.6550180769633318,0.7212207408732991,0.46501788416092005,True,11.208880714174786,14.818076838388272,68.81626412254649,2.9120889384582873,379586892984.0335,8.076008706578076,1.7409860263068344,4.817380985362862,1.0988947178701247,2020-08-13,243825.8594,EXIT_MA,52,31.52174390771798,30.996707005890745,47.60870092899631,-3.478257764448389,1,10.119047619047619,6.034217967087607,2.528612734559643
039490.KS,2020-06-02,2020-06-03,91900.0,,89400.0,88.69047619047619,2.059913720502402,3.5921205098493614,0.0,1.1227467811158798,0.8370426420219446,True,21.40800695312075,2.485734168406406,69.96197718631178,3.2606263982102908,6707296236.0,22.46575342465753,2.7853424170946273,5.426385498524611,2.796420581655479,2020-06-12,83100.0,STOP,7,-9.575625680087052,-9.936601226274334,4.3525571273123065,-9.684439608269857,1,10.714285714285714,10.120448593468435,1.3528604907794728
011200.KS,2020-06-04,2020-06-05,5520.0,,5520.0,98.21428571428571,5.493459400469055,7.392996108949412,0.0,1.7939698492462313,2.470470294851804,True,50.63446582071225,3.77785959049588,152.05479452054794,4.175724637681159,13073099352.7,53.33333333333334,5.82197941332363,7.462226813709694,0.0,2020-06-08,5133.599999999999,STOP,1,-7.000000000000006,-7.371257485029958,0.18115942028984477,-7.427536231884058,3,11.904761904761903,11.540433199613442,5.4386273331896495
051910.KS,2020-06-04,2020-06-05,421500.0,2020-09-17,417500.0,85.71428571428571,1.6634173097403542,0.36057692307691624,-0.47675804529201393,1.1219065077910173,1.0786250441589298,True,20.66822740541634,3.894660981322451,81.5217391304348,3.299401197604791,198442343930.0,17.937853107344637,5.82197941332363,7.462226813709694,0.9580838323353325,2020-09-18,653000.0,EXIT_MA,74,54.92289442467377,54.30443975631181,86.23962040332147,-0.11862396204033177,3,11.904761904761903,11.540433199613442,5.4386273331896495
207940.KS,2020-06-04,2020-06-05,981294.25,2020-07-31,988901.1875,99.40476190476191,1.4646521849033827,0.7751943415545304,0.0,0.9240642572576315,0.6087384690752461,True,16.372752393029156,28.265924126392438,160.52104974070295,3.176922565380174,219219997260.315,14.638446348932455,5.82197941332363,7.462226813709694,-0.7692313040123633,2020-08-03,1107569.375,EXIT_MA,41,12.868222248321537,12.417650502819267,33.798450362875364,-0.7751943415545304,3,11.904761904761903,11.540433199613442,5.4386273331896495
003670.KS,2020-06-09,2020-06-10,60250.97266,2020-09-24,60441.94141,81.54761904761905,1.7633891817817176,1.6051341556755805,-1.0937503774422819,1.0292657097558493,1.233918940422713,True,21.364340730367793,2.4202494911764294,91.23866947476212,3.9178513053325164,27296113019.627,25.84492575239521,7.4806060592365275,7.332327190994969,-0.3159540305043951,2020-09-25,75242.10156,EXIT_MA,76,24.881140068220752,24.382612562958418,62.44057003411039,-4.120446974374204,1,14.285714285714285,13.877537985395838,14.707033022506955
097950.KS,2020-06-10,2020-06-11,327500.0,,329500.0,89.88095238095238,2.346520673510907,2.170542635658923,0.0,0.8176538908246226,0.95775333641826,True,22.11844933659477,9.617201068465043,112.58064516129033,3.148710166919575,25076274780.0,12.842465753424648,7.7419999838673315,6.994664718300014,-0.6069802731411222,2020-06-12,304575.0,STOP,1,-6.999999999999995,-7.371257485029947,1.8320610687022842,-7.022900763358775,1,14.880952380952381,13.155393740098887,19.699835562190437
011070.KS,2020-06-11,2020-06-12,159500.0,2020-07-23,167000.0,94.64285714285714,1.5080544094245514,0.6024096385542244,0.0,1.103448275862069,0.8917465492260854,True,22.776062343772985,6.133372867403519,118.87287024901703,3.5179640718562872,40642123780.0,16.783216783216794,6.752052544393172,5.426350362261978,-4.491017964071853,2020-07-24,158500.0,EXIT_MA,30,-0.6269592476489061,-1.0236580131273487,13.479623824451403,-2.8213166144200663,1,15.476190476190476,13.08183406937886,22.88195487853686
003230.KS,2020-06-17,2020-06-18,137500.0,,137000.0,97.02380952380952,2.8803924426517953,3.396226415094339,0.0,1.1021619330224672,1.2481983989863685,True,20.266165703952097,20.473161265077124,127.19734660033168,4.562043795620438,10059277626.0,8.73015873015872,4.840933102448575,2.1922880042035686,0.36496350364962904,2020-06-29,127500.0,STOP,7,-7.272727272727275,-7.642896026129565,1.8181818181818077,-8.363636363636362,2,13.690476190476192,7.609921033881095,46.88469217140694
004370.KS,2020-06-17,2020-06-18,379500.0,2020-08-18,375000.0,92.85714285714286,1.754425345927809,2.7397260273972712,0.0,1.3361433087460484,1.280230097819582,True,20.34659820282414,18.80093408950103,68.53932584269661,3.46,15347573170.0,20.578778135048225,4.840933102448575,2.1922880042035686,1.200000000000001,2020-08-19,366500.0,EXIT_MA,43,-3.4255599472990728,-3.811086654096285,5.797101449275366,-5.401844532279309,2,13.690476190476192,7.609921033881095,46.88469217140694
039490.KS,2020-06-18,2020-06-19,97900.0,,96600.0,89.88095238095238,2.147435679829996,0.7299270072992803,0.0,1.30835734870317,1.298323216155876,True,20.79529823683881,9.190458635426491,83.65019011406845,4.425465838509317,7893113364.0,13.915094339622636,4.41473083827757,1.5035356515265663,1.3457556935817738,2020-06-25,91047.0,STOP,4,-6.999999999999995,-7.371257485029936,0.10214504596526286,-8.17160367722165,1,13.095238095238097,6.764211609265591,36.224496204458134
035420.KS,2020-06-22,2020-06-23,272000.0,2020-09-14,270000.0,97.61904761904762,1.798647308032574,6.299212598425208,0.0,1.102439024390244,1.1923840180224132,True,25.4180602006689,19.055980312184605,147.7064220183486,4.296296296296296,231094663860.0,12.03319502074689,3.9819985403741986,0.457547245660761,0.7407407407407307,2020-09-15,304000.0,EXIT_MA,59,11.764705882352944,11.318539391804627,27.573529411764696,-4.227941176470584,1,13.690476190476192,6.624386122022097,32.09749363704126
011790.KS,2020-06-23,2020-06-24,63000.0,2020-09-24,62700.0,93.45238095238095,1.8066720778708019,0.6420545746388395,0.0,1.1827848101265823,1.133631255246087,True,17.02346068422329,10.83494944793526,123.52941176470588,4.4657097288676235,27372981971.0,6.451612903225801,4.152135538339263,0.42992390774314604,0.4784688995215225,2020-09-25,78700.0,EXIT_MA,66,24.92063492063492,24.421949751291084,65.87301587301589,-4.6031746031745975,2,14.880952380952381,4.998569280927723,25.017009872257635
035720.KS,2020-06-23,2020-06-24,56300.0,2020-09-22,56300.0,98.80952380952381,1.619747192664607,0.7155635062611854,0.0,1.0896057347670252,1.0755772616472996,True,25.283724242289374,31.035588797037427,132.64462809917353,3.818827708703375,319915391900.0,4.2592592592592515,4.152135538339263,0.42992390774314604,0.0,2020-09-23,71700.0,EXIT_MA,64,27.353463587921855,26.84506652769063,49.378330373001766,-5.506216696269983,2,14.880952380952381,4.998569280927723,25.017009872257635
112610.KS,2020-07-06,2020-07-07,22534.14453,2020-10-19,22250.10156,86.90476190476191,3.092417981348831,2.6200882383264235,0.0,1.1573276232149192,1.8554938472901228,True,23.798240598302954,8.187051131193934,138.57867901485227,5.196807384819863,6855993487.646799,15.337428747162019,6.613352686360252,2.4092899573471493,1.276591790981474,2020-10-20,46157.125,EXIT_MA,70,104.83193821070249,104.01424584259588,200.42017836476526,0.0,3,19.047619047619047,0.16663963736549547,19.978611581205683
251270.KS,2020-07-06,2020-07-07,117500.0,2020-10-08,116500.0,78.57142857142857,4.603537036645815,6.8807339449541205,0.0,1.606837606837607,1.5951149897900638,True,19.63196483949805,4.2672905301590625,37.70685579196218,3.8240343347639483,47538521850.0,18.274111675126914,6.613352686360252,2.4092899573471493,0.8583690987124415,2020-10-12,158500.0,EXIT_MA,64,34.893617021276604,34.35511954813777,74.04255319148936,-2.9787234042553234,3,19.047619047619047,0.16663963736549547,19.978611581205683
281820.KS,2020-07-06,2020-07-07,24400.0,,24100.0,85.11904761904762,1.76470667433801,3.6559139784946293,0.0,1.0630407911001236,1.4391462646613757,True,18.94773209614531,3.5798729598814027,88.28125,4.429460580912863,4766246858.0,13.947990543735234,6.613352686360252,2.4092899573471493,1.2448132780082943,2020-07-15,22692.0,STOP,6,-6.999999999999995,-7.371257485029947,1.2295081967213184,-7.581967213114749,3,19.047619047619047,0.16663963736549547,19.978611581205683
066970.KS,2020-07-07,2020-07-08,37773.89844,,37103.63672,98.21428571428571,5.009478845084366,5.990115294890419,0.0,1.7269433324732741,2.4949261397274283,True,63.32803287545712,9.998779414372994,191.85685621718807,6.5721707400330525,27178486426.863266,57.94606109465394,5.429388300237847,1.3558759967311929,1.8064582861730738,2020-07-15,35129.7255492,STOP,5,-7.000000000000006,-7.3712574850299255,3.4220471632104177,-7.477819808529129,1,19.047619047619047,-1.130694629403628,19.756626716054427
097950.KS,2020-07-09,2020-07-10,382000.0,2020-09-07,382000.0,91.66666666666666,1.496663238328072,3.2432432432432323,0.0,1.0530697190426639,0.7518421488154705,True,21.416311741148043,21.99183800079487,146.4516129032258,3.56020942408377,29013960100.0,19.375000000000007,5.561287199514164,1.6393101288388001,0.0,2020-09-08,392500.0,EXIT_MA,41,2.7486910994764413,2.338516683909675,18.062827225130885,-5.104712041884818,1,19.642857142857142,-0.4079478349532373,16.509913424510003
006280.KS,2020-07-10,2020-07-13,200000.0,,169000.0,82.73809523809523,5.531636626941998,1.8072289156626509,0.0,0.9192546583850931,0.9413398460398685,True,12.381965686926444,14.518524159463887,71.7479674796748,3.9053254437869818,21422302740.0,10.457516339869288,4.684047385527146,0.7694144473066267,18.343195266272193,2020-07-15,186000.0,STOP,2,-6.999999999999995,-7.371257485029936,6.499999999999995,-8.999999999999996,1,19.642857142857142,0.8418116863252001,17.772872021662913
042700.KS,2020-07-13,2020-07-14,4435.0,2020-08-27,4465.0,80.95238095238095,1.5327568415159736,2.1739130434782705,-10.610610610610616,0.9275715155203895,1.1936938889062112,True,5.715503362060792,8.259961295449013,69.44971537001898,3.7178051511758117,4674402939.6,17.500000000000004,6.402958811000348,2.0763069505022935,-0.6718924972004436,2020-08-28,4900.0,EXIT_MA,32,10.484780157835406,10.043723151217288,53.88951521984215,-1.3528748590755368,1,19.642857142857142,7.644208601839275,17.714913239847597
000990.KS,2020-07-15,2020-07-16,32100.0,2020-09-25,31850.0,94.04761904761905,1.5740533298585784,2.411575562700974,-2.599388379204892,0.7935076645626691,0.8634665835859591,True,9.187521426122736,19.88574481639027,154.8,3.838304552590267,37846645598.0,13.953488372093027,7.122713136412351,2.560251944970693,0.7849293563579218,2020-09-28,37050.0,EXIT_MA,51,15.420560747663558,14.959800026115989,25.70093457943925,-6.853582554517135,1,19.047619047619047,2.841121534193536,15.00889772672247
005070.KS,2020-07-16,2020-07-17,14091.61035,2020-08-20,14091.61035,91.66666666666666,7.570746474464231,3.9999950611182777,0.0,1.0130719274195585,1.1686390454393654,True,16.87780646681407,27.588130779249354,188.88888220563743,4.8776224287240515,28973144321.410755,12.598424427375555,6.212655162133385,1.5972867197117546,0.0,2020-08-21,13943.79688,EXIT_MA,24,-1.048946616665436,-1.4439608018284589,21.678325784817055,-4.195800517575343,2,19.642857142857142,2.35671440422891,15.034030808440146
014680.KS,2020-07-16,2020-07-17,156500.0,,154000.0,97.02380952380952,1.4751804307832903,0.6535947712418277,0.0,0.9853181076672104,0.8115747306819154,True,32.644272179155905,16.48089251853562,132.62839879154077,5.211038961038961,11232047954.0,26.74897119341564,6.212655162133385,1.5972867197117546,1.6233766233766156,2020-07-20,145545.0,STOP,1,-6.999999999999995,-7.371257485029936,0.6389776357827559,-8.626198083067093,2,19.642857142857142,2.35671440422891,15.034030808440146
007810.KS,2020-07-17,2020-07-20,15150.0,,15000.0,98.80952380952381,2.6921586067377445,0.33444816053511683,0.0,1.2048192771084338,1.095833688987438,True,37.61215390543291,9.350280643850684,256.718192627824,6.916666666666667,9685960286.8,37.61467889908256,7.02743433311972,2.2657722428398364,1.0000000000000009,2020-08-14,14089.499999999998,STOP,19,-7.000000000000018,-7.371257485029947,20.462046204620464,-12.211221122112214,2,19.642857142857142,2.7959329338336003,17.123196753388893
039490.KS,2020-07-17,2020-07-20,103000.0,,103000.0,86.30952380952381,2.239553821641622,5.102040816326525,0.0,1.0658682634730539,1.2462336744328182,True,18.249448934606917,15.121757806046588,95.81749049429658,3.932038834951456,9217798178.0,8.76451953537487,7.02743433311972,2.2657722428398364,0.0,2020-07-23,95790.0,STOP,3,-6.999999999999995,-7.371257485029947,0.4854368932038833,-8.058252427184465,2,19.642857142857142,2.7959329338336003,17.123196753388893
001440.KS,2020-07-20,2020-07-21,6851.089844,,6584.70459,82.73809523809523,16.223357860130164,12.35794740223275,-1.6169202097783053,1.1494697662632702,1.594469032466894,True,9.326623156139346,15.347947077718672,95.30863035063089,2.9898850443342346,1941766193.3524342,15.306119490300496,6.843540275318638,1.957587043729192,4.045515639449504,2020-07-21,6371.5135549199995,STOP,0,-7.000000000000006,-7.371257485029947,0.12150209951327096,-7.533415934575793,2,19.047619047619047,3.360556895897049,15.929642864588022
006280.KS,2020-07-20,2020-07-21,228000.0,,218500.0,97.02380952380952,10.097692797542576,2.5821596244131495,0.0,2.0029282576866763,2.628099754421049,True,39.947479664382236,16.83753648132904,122.0528455284553,5.034324942791762,41964804920.0,36.99059561128526,6.843540275318638,1.957587043729192,4.347826086956519,2020-07-21,212040.0,STOP,0,-6.999999999999995,-7.371257485029936,3.5087719298245723,-9.210526315789469,2,19.047619047619047,3.360556895897049,15.929642864588022
009150.KS,2020-07-22,2020-07-23,143000.0,,142000.0,80.95238095238095,2.824429665825035,1.7921146953405076,-2.73972602739726,0.9518716577540107,1.0047873705351074,True,10.928833684868366,6.156161759400924,67.84869976359337,2.975352112676056,82009318180.0,4.4117647058823595,8.239340159949492,2.9769657585299703,0.7042253521126751,2020-08-18,132990.0,STOP,17,-6.999999999999995,-7.371257485029947,3.4965034965035002,-8.041958041958042,1,18.452380952380953,3.1066199873855727,17.980312449482483
000100.KS,2020-07-24,2020-07-27,47469.93359,2020-09-24,46482.69141,82.14285714285714,9.226135484929326,2.540838591772032,-0.8771936347291676,0.9574727376082031,1.2794565958148922,True,7.48392826928006,13.31306886784731,45.24421779978596,2.9823004530279205,49991968564.0695,8.653853283707559,6.774392924234296,1.2761915209677177,2.1238920339014866,2020-09-25,51665.71484,EXIT_MA,43,8.838818453463947,8.404332152252515,29.98267078468857,-5.372619481686536,1,15.476190476190476,3.082006044099317,13.771333272094544
001820.KS,2020-07-28,2020-07-29,60500.0,,59500.0,75.59523809523809,5.043575189628464,2.0583190394511064,-13.011695906432752,1.092707045735476,1.4490260878626031,True,7.856288293514124,5.424993669646305,72.46376811594205,3.100840336134454,12726588996.0,11.63227016885553,9.410429239251417,3.2302953119692557,1.680672268907557,2020-08-18,56264.99999999999,STOP,13,-7.000000000000018,-7.371257485029947,10.08264462809918,-8.760330578512399,1,16.666666666666664,7.051073906843919,19.079124179128936
011200.KS,2020-07-30,2020-07-31,5900.0,,5850.0,93.45238095238095,1.4821436987980638,5.595667870036092,0.0,0.865296803652968,0.6212830369130916,True,18.991924821512107,28.655169706644323,167.12328767123287,2.9786324786324787,20927647390.4,22.899159663865554,9.774458002299124,3.0099043226938127,0.8547008547008517,2020-08-21,5487.0,STOP,14,-6.999999999999995,-7.371257485029947,17.796610169491522,-9.491525423728808,1,16.666666666666664,6.164734251547088,17.546317173090852
006400.KS,2020-08-03,2020-08-04,429500.0,2020-09-24,414500.0,89.28571428571429,1.6104098159645044,2.7261462205700138,0.0,0.9875598086124402,0.8474332716806132,True,9.122021850730544,29.66487169202672,126.50273224043715,2.9613992762364294,252302015780.0,6.829896907216493,8.90495240483762,1.9136218887304768,3.6188178528347326,2020-09-25,415000.0,EXIT_MA,37,-3.3760186263096625,-3.761743102851345,18.509895227008144,-5.471478463329449,2,16.666666666666664,2.8844665488126697,16.30877395297583
020150.KS,2020-08-03,2020-08-04,55700.0,,55200.0,84.52380952380952,3.6337880073739317,1.2844036697247763,0.0,0.8383527965580824,0.9249961106434386,True,11.485872397148222,14.103657271910208,144.78935698447893,2.993659420289855,36177243259.0,5.142857142857138,8.90495240483762,1.9136218887304768,0.9057971014492683,2020-08-18,51801.0,STOP,9,-6.999999999999995,-7.371257485029936,3.9497307001795434,-10.23339317773788,2,16.666666666666664,2.8844665488126697,16.30877395297583
006280.KS,2020-08-05,2020-08-06,270500.0,,276500.0,98.80952380952381,3.5395914733725187,6.756756756756754,0.0,1.3721804511278195,1.5860001111546476,True,56.57738263774845,25.310010821550843,180.9959349593496,7.368896925858952,73277913060.0,84.33333333333333,11.730912179025776,4.034206831544895,-2.169981916817365,2020-09-04,245500.0,STOP,20,-9.242144177449163,-9.604450987120028,17.19038817005545,-9.42698706099815,3,17.159763313609467,7.0860924317575735,19.14225036731274
009830.KS,2020-08-05,2020-08-06,31337.52734,2020-12-04,31015.56641,93.45238095238095,1.5131023652120605,1.940035526395234,0.0,1.1035822288606076,0.9495203282782442,True,36.811210936091435,18.351349405610385,207.12009400477825,5.596886515154246,72148223605.44365,44.50000814128414,11.730912179025776,4.034206831544895,1.0380623901686814,2020-12-07,48401.45312,EXIT_MA,82,54.45204911945678,53.83547407307172,84.93150500112175,-2.5684934591907127,3,17.159763313609467,7.0860924317575735,19.14225036731274
039490.KS,2020-08-05,2020-08-06,106000.0,2020-09-21,105000.0,84.52380952380952,4.575352968097073,0.4784688995215225,0.0,0.9221835075493612,1.0874100786332035,True,14.548786873799969,18.008136361295634,99.61977186311788,4.2,11322974742.0,24.70308788598574,11.730912179025776,4.034206831544895,0.952380952380949,2020-09-22,104500.0,EXIT_MA,32,-1.4150943396226467,-1.808646857228935,17.452830188679247,-5.75471698113208,3,17.159763313609467,7.0860924317575735,19.14225036731274
014680.KS,2020-08-07,2020-08-10,173000.0,,172000.0,96.42857142857143,2.1590932616295393,1.775147928994092,0.0,1.0324483775811208,0.9731949659052366,True,27.47350478025643,28.145344723608545,159.8187311178248,5.232558139534884,13765413420.0,23.297491039426532,13.498909048979257,4.937573749553881,0.5813953488372103,2020-08-12,160890.0,STOP,2,-6.999999999999995,-7.371257485029936,4.046242774566466,-8.092485549132943,2,17.159763313609467,9.367279246599235,22.020146870935076
066970.KS,2020-08-07,2020-08-10,44189.23438,,43710.48047,97.61904761904762,2.0292316330976203,0.3296747523795496,0.0,1.1634861312593103,1.0270807827358015,True,41.336702573450054,37.25814977555888,243.82622679249315,5.503833460835897,38847621924.13608,15.277783210622054,13.498909048979257,4.937573749553881,1.0952840253691143,2020-08-18,39880.42578,STOP,5,-9.750810713186208,-10.111086917923984,4.767068879005998,-15.27627453770789,2,17.159763313609467,9.367279246599235,22.020146870935076
207940.KS,2020-08-12,2020-08-13,1273400.5,,1282528.75,96.42857142857143,2.8100627776692706,1.3221153371383298,0.0,1.1963300013794154,1.1292446291698852,True,10.789853893169287,39.04446887368547,237.87575593606167,3.256227686903705,216691114943.29626,12.550071866985025,17.115181963362414,6.948901664590301,-0.7117384308149011,2020-08-31,1184262.4649999999,STOP,11,-7.000000000000006,-7.371257485029958,0.8363138698312067,-7.407410315921814,1,15.384615384615385,10.46697491445312,22.250762935123202
028260.KS,2020-08-13,2020-08-14,127500.0,,126500.0,75.0,4.768025559090968,5.41666666666667,0.0,1.2549019607843137,1.2698310790652698,True,13.118125726549223,5.683982627534112,67.25168259892928,3.122529644268775,81949313380.0,15.525114155251153,17.265882887292605,6.582033056087999,0.7905138339920903,2020-08-18,118574.99999999999,STOP,1,-7.000000000000006,-7.371257485029947,1.17647058823529,-9.80392156862745,2,16.56804733727811,11.620783320416251,21.979570588750175
271560.KS,2020-08-13,2020-08-14,157500.0,,157500.0,83.33333333333334,1.5980003896956527,4.651162790697683,0.0,1.0469135802469136,0.9022617786100174,True,14.0560504019118,17.349626935431782,94.44444444444444,2.8412698412698414,15744966460.0,14.963503649635035,17.265882887292605,6.582033056087999,0.0,2020-08-26,146475.0,STOP,7,-6.999999999999995,-7.371257485029947,4.444444444444451,-9.206349206349207,2,16.56804733727811,11.620783320416251,21.979570588750175
192820.KS,2020-08-14,2020-08-18,111521.9375,,112995.7969,78.57142857142857,7.478364935733287,6.481484262283788,0.0,1.1577723679453147,1.8600315344010099,True,22.223406877346296,12.243741571369338,89.45634397207837,3.186956207041007,14684712245.419092,19.04761985785528,15.733318947482733,4.795861104979782,-1.304348869988814,2020-08-20,103715.401875,STOP,2,-7.000000000000006,-7.371257485029947,4.40528519332799,-9.691633002699584,1,16.56804733727811,9.372205694628866,22.19954946577245
011070.KS,2020-09-02,2020-09-03,168500.0,2020-09-03,169000.0,76.19047619047619,3.701998034103527,0.5952380952380931,-5.84958217270195,1.2038095238095239,1.145901416562587,True,3.408186991372464,14.242374463058049,121.49410222804717,4.068047337278107,37865935930.0,1.1976047904191711,12.941293083848858,0.2268570152869076,-0.295857988165682,2020-09-04,155500.0,EXIT_MA,1,-7.71513353115727,-8.083536191711538,0.29673590504450953,-8.01186943620178,1,14.117647058823529,3.701809544578416,8.015377503608834
001440.KS,2020-09-04,2020-09-07,7408.833496,,6992.606934,74.40476190476191,15.584811203725037,7.969153438309684,-18.4465976785965,0.9273691483436963,1.5111099963065442,True,14.304378129826567,12.168020064020668,107.40740365694434,4.767858200765273,8372882674.739419,9.803920519922782,13.001736922448037,0.15848989781979128,5.952380362982956,2020-09-17,6890.21515128,STOP,8,-7.000000000000006,-7.371257485029936,14.606738909495931,-7.303372741365221,1,14.705882352941178,1.0945010833593338,8.796018359648405
011780.KS,2020-09-07,2020-09-08,111000.0,,111500.0,88.09523809523809,2.1315427711016355,2.2935779816513735,0.0,1.1394849785407726,0.9066174079577288,True,24.314320117736244,19.66871358000808,153.69738339021617,4.771300448430493,19705049220.0,18.365180467091303,13.703111994807537,0.7645381324322909,-0.4484304932735439,2020-09-08,103230.0,STOP,0,-6.999999999999995,-7.371257485029947,0.0,-10.090090090090087,1,15.294117647058824,1.3841249018619717,11.814468705665737
009150.KS,2020-09-08,2020-09-09,141500.0,2020-09-22,143000.0,70.23809523809523,3.3079131705791465,1.0600706713780994,-2.0547945205479423,1.0366748166259168,1.2938254445030934,True,7.0679844264749825,7.293051577945309,66.86114352392065,3.688811188811189,85911475000.0,1.4184397163120588,14.47886233820741,1.4788672728234697,-1.0489510489510523,2020-09-23,137000.0,EXIT_MA,10,-3.180212014134276,-3.5667181537984094,3.886925795053009,-7.420494699646641,2,15.88235294117647,0.6507777370498458,18.27291320094213
026960.KS,2020-09-08,2020-09-09,26500.0,2020-11-24,26650.0,88.69047619047619,2.0736291587211033,2.303262955854124,0.0,1.0366624525916561,0.9534760093704313,True,28.038820024983192,17.521844077749392,83.1615120274914,4.3245778611632275,4414273184.0,25.707547169811317,14.47886233820741,1.4788672728234697,-0.5628517823639823,2020-11-25,28750.0,EXIT_MA,51,8.490566037735858,8.057469965728913,16.603773584905657,-0.7547169811320753,2,15.88235294117647,0.6507777370498458,18.27291320094213
011070.KS,2020-09-10,2020-09-11,168500.0,,169500.0,70.23809523809523,2.077369166513839,0.2958579881656709,-5.571030640668528,1.148217636022514,1.273799425962888,True,4.301273767768143,12.582093274586414,122.14941022280472,4.424778761061947,38766268860.0,4.9535603715170184,14.070451114846128,1.4181294154045565,-0.5899705014749235,2020-09-21,156705.0,STOP,6,-6.999999999999995,-7.371257485029947,2.0771513353115667,-7.41839762611276,2,14.705882352941178,-1.474710323546513,11.930124245311369
011200.KS,2020-09-10,2020-09-11,7200.0,2021-01-29,7080.0,92.85714285714286,6.899473911335144,2.460202604920414,0.0,1.1963214714114354,1.4674759167950544,True,24.94044152681456,34.568985989076225,223.2876712328767,5.148305084745763,24382702184.0,10.971786833855802,14.070451114846128,1.4181294154045565,1.6949152542372836,2021-02-01,13350.0,EXIT_MA,94,85.41666666666667,84.67648037258814,136.11111111111111,-6.25,2,14.705882352941178,-1.474710323546513,11.930124245311369
066970.KS,2020-09-18,2020-09-21,43949.85547,,43758.35547,97.02380952380952,4.560398741858324,2.3516278549630565,-3.382660289299877,0.7558736075046999,0.9014510574791628,True,11.651318468141136,53.52271347774105,244.2028110905996,4.173962225916348,35092291357.49744,12.561584291567751,14.327178931573513,1.256128251149069,0.43763070605176146,2020-09-21,40873.3655871,STOP,0,-7.000000000000006,-7.371257485029947,1.5250601232523087,-8.496730512683992,1,12.352941176470589,4.678047283174824,14.203466645613428
011780.KS,2020-10-08,2020-10-12,139000.0,,141000.0,97.02380952380952,2.684432756241058,9.302325581395344,0.0,1.2518457752255947,1.2146164094514913,True,41.163749949941945,27.728491916585952,220.81911262798636,4.872340425531915,23257396492.0,26.457399103139025,12.66704314386564,0.8364886252895998,-1.4184397163120588,2020-10-19,129269.99999999999,STOP,5,-7.000000000000006,-7.371257485029947,9.35251798561152,-7.913669064748197,1,10.588235294117647,0.3246340561753547,11.241016672479942
192820.KS,2020-10-12,2020-10-13,123312.8047,,123804.0859,82.14285714285714,1.8586537197860749,3.703700058402859,0.0,1.0929062688745546,0.862203695799065,True,21.906381818632514,16.354835996314023,107.57824739425455,3.9960322286907664,17682565190.694027,25.373130629832353,13.165989843040183,1.3287832320546311,-0.39682147517879907,2020-10-15,114680.90837099998,STOP,2,-7.000000000000006,-7.371257485029947,0.39840242154511873,-7.968131633940523,1,12.352941176470589,0.07577586448630491,9.957179360368173
103140.KS,2020-10-22,2020-10-23,27800.0,,27700.0,75.0,3.222596017795157,1.0948905109489093,0.0,1.2303523035230353,1.6130791981392405,True,12.574168901893845,11.680472029955746,100.72463768115942,3.7093862815884475,8060457177.0,9.92063492063493,10.528565835067273,0.07300570905091064,0.3610108303249149,2020-10-27,25854.0,STOP,2,-6.999999999999995,-7.371257485029936,0.0,-8.453237410071946,1,9.411764705882353,-2.3772946165540043,6.265713305121423
006280.KS,2020-10-23,2020-10-26,272500.0,2021-02-18,269000.0,97.02380952380952,8.251140908570084,2.8680688336520044,-10.779436152570476,1.2875536480686696,1.422819608531801,True,6.147896772156902,44.983337385757395,149.0740740740741,5.9572490706319705,85217907940.0,6.114398422090739,10.750651803585786,0.37871750814550964,1.3011152416356975,2021-02-19,408000.0,EXIT_MA,79,49.72477064220185,49.127066966983456,97.43119266055047,-6.422018348623848,1,11.176470588235295,-1.196114291925654,7.288093394956241
036570.KS,2020-11-04,2020-11-05,847000.0,2020-11-10,837000.0,76.92307692307693,1.901605966960672,2.073170731707319,-15.879396984924622,1.209090909090909,0.8314652936166881,True,4.275676483779334,5.918912677729038,72.57731958762888,2.6045400238948626,82151014660.0,6.218274111675126,10.30355356401531,0.15063383596349844,1.194743130227005,2020-11-11,783000.0,EXIT_MA,4,-7.5560802833530065,-7.925117887012279,0.5903187721369552,-7.5560802833530065,2,11.176470588235295,-0.3626456889721852,1.9663802693923094
207940.KS,2020-11-04,2020-11-05,1166903.375,2021-01-18,1115176.25,82.24852071005917,2.137175849267122,0.6868079934044813,-13.048635361975315,1.4930876345014374,1.4643994912606428,True,0.6287583792602636,14.024967612236928,100.27322198899368,3.1718971619956933,86499513975.92108,2.949439158477496,10.30355356401531,0.15063383596349844,4.638470824679053,2021-01-19,1195809.75,EXIT_MA,50,2.4771866822306476,2.0680961166329226,15.123863618956456,-3.389826514127614,2,11.176470588235295,-0.3626456889721852,1.9663802693923094
006400.KS,2020-11-05,2020-11-06,494000.0,2021-02-24,484000.0,92.3076923076923,1.8343556687961082,2.7600849256900206,-0.8196721311475419,1.1644295302013423,1.242060238655502,True,10.112615174610395,22.427095228810966,164.48087431693986,3.0991735537190084,176404410460.0,10.125142207053472,12.897605939682588,2.4913007335436888,2.066115702479343,2021-02-25,704000.0,EXIT_MA,74,42.510121457489866,41.941218777020865,65.58704453441295,-2.429149797570851,3,18.235294117647058,1.124875307451223,3.0384882139501412
011780.KS,2020-11-05,2020-11-06,153000.0,,154000.0,95.85798816568047,2.539997260053667,1.3157894736842035,0.0,1.1400551639595464,1.2426901869940827,True,31.170999284521827,39.669812302778126,250.39817974971558,6.055194805194805,30576757588.0,20.78431372549019,12.897605939682588,2.4913007335436888,-0.649350649350644,2020-11-10,142290.0,STOP,2,-6.999999999999995,-7.371257485029936,2.287581699346397,-11.764705882352944,3,18.235294117647058,1.124875307451223,3.0384882139501412
066970.KS,2020-11-05,2020-11-06,40407.05859,2021-02-23,40167.67969,93.49112426035504,1.6602968403955234,2.6927813066158324,-11.310781396709569,0.8911460564949826,0.5972862869298522,True,3.1041850462800946,37.16155193398003,215.9585892976152,3.0393333593623852,25647326281.692432,4.3532346451578885,12.897605939682588,2.4913007335436888,0.595949036258614,2021-02-24,67887.6875,EXIT_MA,73,68.0094762374041,67.33877972547833,112.55924211532667,-3.7914747656963788,3,18.235294117647058,1.124875307451223,3.0384882139501412
051910.KS,2020-11-06,2020-11-09,739000.0,,720000.0,94.67455621301775,1.8716858190964887,3.151862464183375,-6.25,1.063791554357592,0.7856245716516107,True,6.8280957891925675,37.10066213041223,213.0434782608696,3.5972222222222223,466266208200.0,4.046242774566466,12.979849154067269,2.5529382001057366,2.6388888888888795,2020-11-11,687270.0,STOP,2,-6.999999999999995,-7.371257485029947,1.4884979702300516,-7.307171853856564,1,18.823529411764707,1.025938535766313,2.7567677501638688
010060.KS,2020-11-09,2020-11-10,64476.07812,,63647.09766,73.37278106508876,1.6387555447424929,1.7673057287151739,-3.7604445744413906,1.2872887476842534,1.4408622674099336,True,9.453207856353574,24.36372207123818,159.774421620915,5.151954531401645,34259621222.682514,10.031848731723558,14.36261196603481,3.7600933076920917,1.3024638836296676,2020-11-13,59962.75265159999,STOP,3,-7.000000000000006,-7.371257485029947,0.14285215956928443,-8.857142752031887,5,21.176470588235293,1.8084381923796577,2.5486331171858945
011170.KS,2020-11-09,2020-11-10,261352.9375,2020-12-22,261832.4844,86.98224852071006,1.9372662893304071,7.058826685506747,0.0,1.2852596352387484,1.266037511818798,True,26.48258299866859,12.448879024881698,133.33333330362814,4.725273416074267,71188607364.86803,21.333335372296048,14.36261196603481,3.7600933076920917,-0.1831502691879039,2020-12-23,249843.8125,EXIT_MA,31,-4.403671567686129,-4.785293637276212,8.807331159229847,-6.2385347017574695,5,21.176470588235293,1.8084381923796577,2.5486331171858945
034020.KS,2020-11-09,2020-11-10,15115.93164,,15019.95801,98.22485207100591,1.4577183084727825,5.033559585320679,-0.3062287927085183,0.9773983567346984,0.4841178166169732,True,16.157138636084014,89.42619631351086,576.0610103251063,5.5829509306331255,163792762610.61707,24.153948794210557,14.36261196603481,3.7600933076920917,0.6389740233368357,2020-11-19,14012.22949,STOP,7,-7.301582041290578,-7.671635605996007,6.031747838732615,-9.206346212346329,5,21.176470588235293,1.8084381923796577,2.5486331171858945
112610.KS,2020-11-09,2020-11-10,60832.72266,,61779.53516,98.81656804733728,2.218993919429991,6.097558939074865,0.0,1.2466091489310696,1.3149304969918572,True,22.904502829190143,79.2869383857041,562.4365218683712,6.371646885664265,53770040424.47342,8.298759767838693,14.36261196603481,3.7600933076920917,-1.5325665652030085,2020-11-12,56574.432073799995,STOP,2,-7.000000000000006,-7.371257485029958,5.83657399298787,-9.33852482939319,5,21.176470588235293,1.8084381923796577,2.5486331171858945
267260.KS,2020-11-09,2020-11-10,16900.0,2020-11-16,17100.0,93.49112426035504,2.0250694749258935,2.39520958083832,-11.168831168831172,1.0935251798561152,0.6275074210019731,True,10.772818552827612,46.660079614657455,248.9795918367347,5.307017543859649,17890017451.0,4.268292682926833,14.36261196603481,3.7600933076920917,-1.1695906432748537,2020-11-17,15950.0,EXIT_MA,5,-5.621301775147924,-5.998063045506619,1.775147928994092,-6.804733727810652,5,21.176470588235293,1.8084381923796577,2.5486331171858945
001120.KS,2020-11-10,2020-11-11,18250.0,2021-05-28,18200.0,76.92307692307693,6.272030252455134,5.507246376811592,0.0,1.2551020408163265,1.464303864209761,True,16.360846493190962,12.40347681107865,173.6842105263158,2.541208791208791,4421418778.0,20.13201320132014,14.574802322218838,3.8893908600036164,0.27472527472527375,2021-05-31,31900.0,EXIT_MA,135,74.7945205479452,74.09673803078773,101.64383561643837,-2.1917808219178103,1,20.0,2.067294094249128,1.4123529502427123
000270.KS,2020-11-11,2020-11-12,58600.0,2021-02-24,58100.0,89.3491124260355,1.8155361485064614,6.215722120658129,0.0,1.022379269729093,1.0460369273369592,True,22.10243154067628,25.98177112636435,170.2325581395349,3.8898450946643717,121886457573.0,18.20956256358088,16.051418412799578,5.0543284489822815,0.8605851979345935,2021-02-25,76500.0,EXIT_MA,70,30.546075085324233,30.024933069015567,74.06143344709896,-2.3890784982935176,4,18.235294117647058,4.427264160398425,2.2003419262714985
006800.KS,2020-11-11,2020-11-12,9411.105469,2020-12-29,9510.37793,82.24852071005917,1.8535813404954784,3.1216267691928534,-1.9447282913757857,1.036572283699474,0.8532769205875365,True,7.739711274221306,23.673714525909475,166.48120720774867,2.3956143901633604,20871784685.35147,11.525021950670444,16.051418412799578,5.0543284489822815,-1.0438329762569198,2020-12-30,9222.486328,EXIT_MA,33,-2.0042187564607294,-2.395419479987826,12.869197938429778,-2.3206770736914017,4,18.235294117647058,4.427264160398425,2.2003419262714985
018880.KS,2020-11-11,2020-11-12,13450.0,2021-02-18,13450.0,78.69822485207101,2.752618321154758,5.905511811023612,-3.237410071942448,0.9760765550239234,0.801405137642704,True,8.406544692512297,17.386594256032772,63.03030303030304,3.3457249070631967,16150890541.0,8.467741935483875,16.051418412799578,5.0543284489822815,0.0,2021-02-19,16800.0,EXIT_MA,66,24.907063197026027,24.408432206219555,50.18587360594795,-2.6022304832713727,4,18.235294117647058,4.427264160398425,2.2003419262714985
068270.KS,2020-11-11,2020-11-12,237780.5938,2021-01-15,238989.6406,82.84023668639054,3.1211925582529942,2.9513852334118296,-9.878421342770737,1.2151895549078402,1.240022548555474,True,9.123697292375276,10.595083099929226,111.78571584221055,3.7605402319685304,255143103581.24158,13.167936941221114,16.051418412799578,5.0543284489822815,-0.5058992502623205,2021-01-18,269256.2812,EXIT_MA,44,13.237281855925808,12.785236818576795,36.77965203230977,-4.237289948259848,4,18.235294117647058,4.427264160398425,2.2003419262714985
014680.KS,2020-11-13,2020-11-16,166000.0,,163000.0,87.57396449704143,2.1915158750634447,4.487179487179493,-7.909604519774016,0.9827586206896551,0.852003373158262,True,9.154222192459649,22.432247406113824,146.22356495468276,3.52760736196319,10832223950.0,10.508474576271176,16.301072428300056,4.801697235829039,1.8404907975460016,2020-12-09,154380.0,STOP,17,-6.999999999999995,-7.371257485029947,4.518072289156616,-7.530120481927716,4,19.411764705882355,6.5060061632034705,3.587974502855551
082740.KS,2020-11-13,2020-11-16,4315.494141,2021-01-28,4165.321289,82.84023668639054,3.900431697599165,1.5414325839375742,-10.221462236368383,0.9494454784100529,0.8026489266488336,True,4.990541962550443,17.708443166971442,178.10028005021766,3.5151800363316466,3324739670.6124554,8.884299373354331,16.301072428300056,4.801697235829039,3.605312569683017,2021-01-29,5967.395508,EXIT_MA,51,38.278382799917686,37.726373287742376,88.64468190689175,-5.6776590349679745,4,19.411764705882355,6.5060061632034705,3.587974502855551
204320.KS,2020-11-13,2020-11-16,45900.0,,44700.0,88.16568047337277,4.002122781536855,9.693251533742341,0.0,0.993103448275862,1.1871778292222335,True,25.922587188010592,23.114806690192747,163.71681415929206,4.278523489932886,38647203039.0,26.988636363636353,16.301072428300056,4.801697235829039,2.684563758389258,2020-11-17,42687.0,STOP,1,-6.999999999999995,-7.371257485029958,0.8714596949890963,-7.189542483660127,4,19.411764705882355,6.5060061632034705,3.587974502855551
307950.KS,2020-11-13,2020-11-16,81200.0,2021-02-24,81000.0,95.85798816568047,2.0438876364493703,6.299212598425208,0.0,0.8894230769230769,0.7214941234833164,True,31.92612137203166,36.50294302372761,271.559633027523,5.277777777777778,16320099903.0,19.11764705882353,16.301072428300056,4.801697235829039,0.24691358024691024,2021-02-25,130500.0,EXIT_MA,68,60.71428571428572,60.07271171941832,98.89162561576354,-5.541871921182262,4,19.411764705882355,6.5060061632034705,3.587974502855551
039490.KS,2020-11-16,2020-11-17,121500.0,2021-02-22,123000.0,87.57396449704143,4.707369122308689,7.8947368421052655,0.0,1.240024554941682,1.1777015900892327,True,16.589887959961324,19.44567100302299,133.8403041825095,4.0528455284552845,9946832156.0,28.795811518324598,18.492424832025023,6.428623360534691,-1.2195121951219523,2021-02-23,140000.0,EXIT_MA,65,15.22633744855968,14.766352069523503,37.860082304526756,-6.584362139917699,3,19.411764705882355,8.364370992800097,8.295150403260099
042700.KS,2020-11-16,2020-11-17,6250.0,2021-06-21,6275.0,85.79881656804734,4.8296268187528995,5.907172995780585,0.0,0.9850581073602657,1.1798005208241922,True,15.466004232220065,15.577862729355974,138.1404174573055,3.6852589641434266,7135552012.0,10.087719298245613,18.492424832025023,6.428623360534691,-0.3984063745019917,2021-06-22,16525.0,EXIT_MA,147,164.4,163.34451097804396,210.0,-4.400000000000004,3,19.411764705882355,8.364370992800097,8.295150403260099
281820.KS,2020-11-16,2020-11-17,25600.0,,25700.0,73.37278106508876,2.2082431013328887,1.3806706114398493,0.0,1.0341880341880343,1.4308434234055016,True,15.974729241877261,7.2383464195409974,100.78125,5.009727626459144,5531090124.0,9.361702127659566,18.492424832025023,6.428623360534691,-0.3891050583657574,2020-11-19,23808.0,STOP,2,-6.999999999999995,-7.371257485029947,0.1953125,-7.2265625,3,19.411764705882355,8.364370992800097,8.295150403260099
000500.KS,2020-11-20,2020-11-23,10214.39941,2020-12-07,10214.39941,73.52941176470588,10.228397145389142,2.654862438855865,-17.142858514909786,1.0917536951437847,1.510378660645231,True,3.0515696756221233,23.151402399803935,122.00957752641708,4.568964524660193,924410314.9783814,6.422013544304117,18.534409001808626,5.235957603963182,0.0,2020-12-08,9531.97168,EXIT_MA,11,-6.6810362764147975,-7.053567069722533,3.4482762604247874,-6.6810362764147975,1,22.941176470588236,8.162026430945502,9.60026759513748
001440.KS,2020-11-23,2020-11-24,10613.77832,,10530.5332,95.29411764705881,15.230648871248443,2.0161287916293125,0.0,1.50917211296049,3.0238079168734027,True,44.81306396461164,20.58640827687106,212.34567747766584,4.122530223350894,20357133020.59398,43.750008281758525,20.688622096619014,6.690375224918466,0.7905119182379128,2020-11-25,9870.813837599999,STOP,1,-7.000000000000006,-7.371257485029947,3.9215682431927856,-7.058824722090106,2,24.11764705882353,11.036267847823321,9.965653454053935
006260.KS,2020-11-23,2020-11-24,64600.0,,63000.0,90.0,2.007222518416095,1.1235955056179803,-2.6275115919629055,0.8668503213957759,0.9782632680623438,True,9.997555609875342,34.36951969829381,161.41078838174275,4.468253968253968,16452562340.0,15.596330275229352,20.688622096619014,6.690375224918466,2.5396825396825307,2020-11-26,60077.99999999999,STOP,2,-7.000000000000006,-7.371257485029947,0.0,-7.585139318885448,2,24.11764705882353,11.036267847823321,9.965653454053935
336260.KS,2020-11-24,2020-11-25,46800.0,,46900.0,100.0,2.9282295679043853,1.9565217391304346,-19.442565957588155,0.7239777247958727,0.5541035784547406,True,6.592254743995163,65.182566970621,1042.8363380141811,4.408315565031983,85817053051.98494,18.584070796460182,21.26496485368086,6.684837738817073,-0.2132196162046962,2020-12-03,43524.0,STOP,6,-6.999999999999995,-7.371257485029947,6.623931623931623,-10.68376068376068,1,25.882352941176475,12.309721438084352,10.485706230889868
000990.KS,2020-11-25,2020-11-26,36500.0,2020-12-04,36600.0,75.88235294117646,4.152489400153878,0.687757909215958,-6.153846153846154,0.8917910447761194,1.1727329949652328,True,3.700345667818894,16.52222717443339,144.0,3.5792349726775954,26751912315.0,12.098009188361413,20.409397803435823,5.472998691225617,-0.2732240437158473,2020-12-07,35500.0,EXIT_MA,7,-2.73972602739726,-3.127990594154162,2.7397260273972712,-4.657534246575345,3,22.35294117647059,10.92757425220412,10.965902167813013
003670.KS,2020-11-25,2020-11-26,83262.83594,2021-03-23,82689.92188,78.23529411764706,2.571092268151559,0.34762265999874753,-11.632655743253718,0.7001924499024673,0.9080611546990971,True,6.526924242965215,17.146768082004748,161.63141471638608,2.8233243379864215,34125617487.119858,14.550260000840254,20.409397803435823,5.472998691225617,0.6928462948984526,2021-03-24,140500.0,EXIT_MA,78,68.74275108914816,68.06912733230526,121.58745605656821,-0.802757235510998,3,22.35294117647059,10.92757425220412,10.965902167813013
204320.KS,2020-11-25,2020-11-26,46800.0,2021-02-24,47350.0,91.17647058823529,1.5544761317638325,2.2678185745140356,0.0,1.3144329896907216,1.1847010499007073,True,25.64347503051532,28.91595115109635,179.35103244837757,4.366420274551214,43755933922.0,30.261348005502064,20.409397803435823,5.472998691225617,-1.1615628299894376,2021-02-25,64200.0,EXIT_MA,60,37.17948717948718,36.631864476175856,90.17094017094016,-1.388888888888884,3,22.35294117647059,10.92757425220412,10.965902167813013
007810.KS,2020-11-27,2020-11-30,14400.0,,14050.0,71.17647058823529,1.4817780625117865,0.3571428571428559,-17.595307917888558,0.8605200945626478,0.9913229406268301,True,4.406628520472622,14.867373722285059,169.67370441458735,3.2740213523131674,2968404032.0,11.95219123505975,21.648053439111692,5.345456068480181,2.491103202846978,2020-12-07,13392.0,STOP,5,-6.999999999999995,-7.371257485029936,1.736111111111116,-7.986111111111116,6,28.235294117647058,16.156851766919456,13.209698315409657
009150.KS,2020-11-27,2020-11-30,159500.0,2021-02-24,158500.0,72.94117647058823,2.614326719717276,0.31645569620253333,0.0,1.2229299363057324,1.451970491878341,True,11.65116934347703,9.664810079645259,84.94749124854141,2.6182965299684544,75307483290.0,18.726591760299627,21.648053439111692,5.345456068480181,0.6309148264984188,2021-02-25,192500.0,EXIT_MA,58,20.68965517241379,20.207860141785396,39.81191222570533,-2.1943573667711602,6,28.235294117647058,16.156851766919456,13.209698315409657
011790.KS,2020-11-27,2020-11-30,89800.0,2021-03-05,88600.0,80.0,4.091196436099083,2.073732718894017,-8.659793814432993,0.8620378719567178,0.9920937296738035,True,9.425946052761592,22.772262214792317,215.86452762923352,3.137697516930023,26437739336.0,21.038251366120207,21.648053439111692,5.345456068480181,1.3544018058690765,2021-03-08,114000.0,EXIT_MA,64,26.9487750556793,26.44199351853085,59.242761692650326,-6.681514476614703,6,28.235294117647058,16.156851766919456,13.209698315409657
026960.KS,2020-11-27,2020-11-30,32950.0,,32500.0,91.76470588235294,5.762771911013981,6.209150326797386,0.0,1.0450928381962865,1.2601049263214672,True,11.891482476072435,38.82164577682721,123.36769759450172,2.5615384615384618,5787905705.0,12.262521588946452,21.648053439111692,5.345456068480181,1.3846153846153841,2020-12-08,30643.499999999996,STOP,6,-7.000000000000006,-7.371257485029958,6.221547799696503,-7.435508345978759,6,28.235294117647058,16.156851766919456,13.209698315409657
034020.KS,2020-11-27,2020-11-30,16747.49219,,16411.58398,98.82352941176471,2.9726681396503225,2.395214427989689,0.0,1.0647787992441144,1.0658360000834162,True,21.767881948019173,79.06563615281155,638.6992719398506,5.043860147861245,83406616436.77118,24.36364453167439,21.648053439111692,5.345456068480181,2.0467750730785994,2020-11-30,15575.1677367,STOP,0,-7.000000000000006,-7.371257485029936,1.4326654837508501,-7.449850257252155,6,28.235294117647058,16.156851766919456,13.209698315409657
096770.KS,2020-11-27,2020-11-30,172375.8281,2021-03-05,170008.0312,71.76470588235294,3.526490028410704,2.5714329161147464,-4.010690346109169,1.203251965453436,1.5578079809180574,True,22.517239105123043,14.81120125588511,213.26352836972296,4.3314764355673585,110776351519.23291,43.02789680592982,21.648053439111692,5.345456068480181,1.3927559088161567,2021-03-08,238674.2188,EXIT_MA,64,38.46153572155051,37.90879505998741,79.9450564611965,-4.945054184195108,6,28.235294117647058,16.156851766919456,13.209698315409657
008930.KS,2020-11-30,2020-12-01,66245.25781,2021-02-08,66245.25781,94.11764705882352,7.077705744429757,5.7142848261081625,-0.8462698493550636,1.61951182843516,2.673435643693656,True,22.661916397108396,36.63037053391478,259.5907666513378,3.9829307360650135,19024651357.341373,30.669140913761474,19.60113813588609,3.0607150551692053,0.0,2021-02-09,72760.47656,EXIT_MA,47,9.83499644410244,9.396533384445371,40.15932508905426,-4.409667056287048,1,28.235294117647058,12.659127501566502,10.290908214656213
006260.KS,2020-12-01,2020-12-02,67300.0,2021-01-28,67900.0,90.0,2.4455661614594604,5.108359133126927,0.0,1.0806890299184044,1.345586572727615,True,18.074635690188856,32.889643777369514,181.74273858921163,4.381443298969072,15926749258.0,22.78481012658229,21.470639461814265,4.164647694006995,-0.8836524300441795,2021-01-29,68100.0,EXIT_MA,39,1.1887072808320909,0.7847603455792607,18.87072808320951,-6.835066864784545,1,29.411764705882355,12.415768023637375,11.41445161481036
004020.KS,2020-12-02,2020-12-03,35300.0,2021-01-29,35000.0,79.41176470588235,1.5190186547422988,1.59651669085632,0.0,1.0183220829315334,0.8290930885709926,True,17.623336469955643,22.44007818125706,166.1596958174905,3.3428571428571425,43499954008.0,17.647058823529417,23.26531751162999,5.149281172109821,0.8571428571428674,2021-02-01,38250.0,EXIT_MA,39,8.356940509915024,7.92437787314888,40.36827195467423,-2.2662889518413554,2,28.823529411764703,13.514492084661622,11.686631806540305
010060.KS,2020-12-02,2020-12-03,66963.00781,,66594.57812,74.11764705882354,1.4767751605663118,2.263088547201475,0.0,0.746888022744634,0.7789708682472817,True,14.02347028272053,23.365467677776607,171.80450720039704,3.540802695305069,26482192450.15539,21.105530276184204,23.26531751162999,5.149281172109821,0.5532427720108091,2020-12-10,62275.59726329999,STOP,5,-7.000000000000006,-7.371257485029947,1.3755262496772946,-7.4277834175441875,2,28.823529411764703,13.514492084661622,11.686631806540305
005380.KS,2020-12-03,2020-12-04,198000.0,,196500.0,84.11764705882354,2.8197025756173395,4.244031830238737,0.0,0.9661399548532731,1.005149548403511,True,11.489361702127665,34.36044428520244,198.17905918057664,2.697201017811705,392372550100.0,12.285714285714278,24.072013886649035,5.363093624497806,0.7633587786259444,2020-12-22,184140.0,STOP,12,-6.999999999999995,-7.371257485029936,0.5050505050504972,-7.57575757575758,1,28.823529411764703,11.700683466114835,13.848621175973829
005490.KS,2020-12-04,2020-12-07,272500.0,2021-01-22,265500.0,75.88235294117646,1.6943672320328658,4.3222003929273,0.0,1.2237762237762237,1.0676008969005097,True,19.913283049546095,14.505139310879823,92.3913043478261,2.721280602636535,87862506390.0,16.447368421052634,25.551851339275977,6.086973453276712,2.6365348399246757,2021-01-25,262000.0,EXIT_MA,32,-3.8532110091743066,-4.237030526103758,8.440366972477054,-4.220183486238527,4,25.882352941176475,13.033310614525151,14.563672153721763
035720.KS,2020-12-04,2020-12-07,79000.0,,77900.0,88.8235294117647,2.6340384533908883,2.365308804205002,-5.461165048543693,0.8125,0.9870549987746496,True,7.876807178862233,25.656017261780462,190.67164179104478,2.362002567394095,221912930600.0,5.128205128205132,25.551851339275977,6.086973453276712,1.412066752246477,2020-12-18,73470.0,STOP,9,-6.999999999999995,-7.371257485029947,0.0,-7.468354430379742,4,25.882352941176475,13.033310614525151,14.563672153721763
103140.KS,2020-12-04,2020-12-07,29400.0,,28800.0,72.35294117647058,2.2161135531882548,2.857142857142847,0.0,0.8402061855670103,0.9638336255088311,True,10.991213195622018,14.856086845861881,108.69565217391303,2.65625,9263976248.0,13.833992094861669,25.551851339275977,6.086973453276712,2.083333333333326,2020-12-23,27341.999999999996,STOP,12,-7.000000000000018,-7.371257485029958,1.1904761904761862,-9.013605442176875,4,25.882352941176475,13.033310614525151,14.563672153721763
281820.KS,2020-12-04,2020-12-07,26800.0,2021-01-29,26650.0,76.47058823529412,1.7310675399030773,1.5238095238095273,0.0,0.8410041841004184,1.035565586825948,True,14.574376612209793,11.362466635546454,108.203125,3.930581613508443,6978206557.0,8.775510204081627,25.551851339275977,6.086973453276712,0.5628517823639712,2021-02-01,26450.0,EXIT_MA,37,-1.3059701492537323,-1.6999582923704848,16.977611940298498,-5.037313432835822,4,25.882352941176475,13.033310614525151,14.563672153721763
000100.KS,2020-12-07,2020-12-08,57753.71484,2021-01-28,57424.63281,78.82352941176471,7.120631748239481,3.8690493154872163,-3.0555553317748396,1.0603830277167476,1.6362386635014785,True,9.78640434352458,14.131844510355386,79.4344437020708,2.306590243915919,25052840485.30207,7.384616923259313,26.039478682972096,6.016318858179526,0.5730677130993955,2021-01-29,58913.72266,EXIT_MA,35,2.0085423478189535,1.6013226178875462,21.153840828847372,-6.267805681467397,1,27.647058823529413,12.186989047549224,14.302369430415162
066570.KS,2020-12-08,2020-12-09,96800.0,2021-03-04,95000.0,78.23529411764706,4.904258767221039,3.0368763557483636,-1.144640998959412,1.2321428571428572,1.5129346360701417,True,6.748769579971681,23.217722395292494,127.00119474313021,2.5631578947368423,92704302586.0,10.59371362048893,23.856606720989593,3.8003176781107095,1.8947368421052602,2021-03-05,142500.0,EXIT_MA,56,47.21074380165289,46.62307616172612,99.3801652892562,-5.8884297520661155,1,27.647058823529413,10.114840657951207,13.684590305036682
000660.KS,2020-12-09,2020-12-10,117000.0,2021-03-25,120500.0,83.52941176470588,1.439596446934305,0.4166666666666652,0.0,1.4908536585365855,1.3389872483504262,True,31.78905002515475,7.2986404895880375,74.63768115942028,3.5269709543568464,357345323824.0,38.50574712643677,26.195624487696524,5.350590738463046,-2.904564315352698,2021-03-26,134000.0,EXIT_MA,70,14.529914529914523,14.07270928229012,28.63247863247864,-3.8461538461538436,6,28.823529411764703,10.845291238520494,14.979886917311113
005070.KS,2020-12-09,2020-12-10,16259.55078,2021-01-29,16998.62109,85.29411764705883,30.624874371472462,7.142855819220384,0.0,1.2579506205602962,2.876803531557498,True,19.064051231214975,15.588212981361949,248.48484479470966,3.9420284413198843,14366468396.866993,16.949153235029236,26.195624487696524,5.350590738463046,-4.347825074086642,2021-02-01,17688.41992,EXIT_MA,34,8.787875872669094,8.353592935053666,33.9393914054986,-3.9393913685972004,6,28.823529411764703,10.845291238520494,14.979886917311113
006360.KS,2020-12-09,2020-12-10,35100.0,2021-02-18,35150.0,71.76470588235294,1.5501016787623765,0.28530670470756636,0.0,1.223915592028136,1.3073517521776488,True,21.094153718951315,11.52863427660269,133.55481727574752,3.1365576102418204,17986018870.0,13.022508038585201,26.195624487696524,5.350590738463046,-0.14224751066855834,2021-02-19,38400.0,EXIT_MA,46,9.401709401709413,8.964976030844296,28.774928774928775,-1.139601139601143,6,28.823529411764703,10.845291238520494,14.979886917311113
112610.KS,2020-12-09,2020-12-10,64383.26953,2021-02-18,65330.08203,98.82352941176471,2.86701664838828,4.942964220331114,0.0,0.7887876724598925,0.7987405331257456,True,20.34113960839301,66.76155501041501,600.5075742516898,4.782609658388638,48604592189.226875,12.65305695361909,26.195624487696524,5.350590738463046,-1.4492749290674678,2021-02-19,81500.0,EXIT_MA,46,26.58568071325471,26.08034865451916,67.74544192676697,-0.735293894603184,6,28.823529411764703,10.845291238520494,14.979886917311113
161390.KS,2020-12-09,2020-12-10,40000.0,,40200.0,79.41176470588235,1.9341480364310335,5.235602094240832,0.0,1.1743772241992882,1.185008490793865,True,19.43313823940105,23.27384930917349,157.6923076923077,4.054726368159204,15043623364.0,19.465081723625556,26.195624487696524,5.350590738463046,-0.497512437810943,2021-01-06,37200.0,STOP,16,-6.999999999999995,-7.371257485029947,2.499999999999991,-7.250000000000001,6,28.823529411764703,10.845291238520494,14.979886917311113
272210.KS,2020-12-09,2020-12-10,11804.57324,2021-03-09,11893.3291,72.35294117647058,3.8280257578058894,3.4748989474159497,0.0,1.1315791258643337,1.62604064442325,True,17.184081927032402,18.809206781170328,183.2981093931965,2.9477626247641626,6942949878.275163,17.543862829077984,26.195624487696524,5.350590738463046,-0.7462659046406195,2021-03-10,16863.67578,EXIT_MA,58,42.85714050938449,42.2868525233191,71.80450870750835,-1.8797004812348472,6,28.823529411764703,10.845291238520494,14.979886917311113
088350.KS,2020-12-14,2020-12-15,2515.0,,2505.0,87.05882352941177,3.181795730551655,4.811715481171541,0.0,1.2565947242206235,1.0844524707483116,True,35.662063363119415,15.7110763668038,179.88826815642457,4.870259481037924,18352666927.3,22.794117647058833,25.94629092027807,4.083374466344836,0.3992015968063978,2021-01-04,2338.95,STOP,11,-7.000000000000006,-7.371257485029958,14.11530815109343,-7.753479125248508,2,27.058823529411764,8.618455916786182,13.03906001970605
336260.KS,2020-12-14,2020-12-15,53700.0,,54300.0,100.0,2.2956095962737537,8.817635270541091,-6.732011332559418,1.2078323249447809,0.8561826750872067,True,22.942353753752776,50.14357449012006,1223.1559307925381,4.71915285451197,89813485706.76665,28.672985781990512,25.94629092027807,4.083374466344836,-1.104972375690605,2020-12-28,49941.0,STOP,8,-6.999999999999995,-7.371257485029936,12.662942271880828,-7.728119180633142,2,27.058823529411764,8.618455916786182,13.03906001970605
014680.KS,2020-12-16,2020-12-17,173000.0,2021-04-29,172000.0,81.17647058823529,2.0762279008158435,0.5847953216374213,-2.824858757062143,0.8392857142857143,1.0893104116231709,True,10.582486820110582,21.21070432194012,159.8187311178248,2.7761627906976742,10263254210.0,5.8461538461538565,25.982336470845425,3.578630679331929,0.5813953488372103,2021-04-30,241500.0,EXIT_MA,90,39.595375722543345,39.03810875359108,57.22543352601157,-1.1560693641618491,1,29.411764705882355,8.883823144894443,15.195107945497789
010060.KS,2020-12-17,2020-12-18,70923.6875,2021-03-24,70371.03125,79.41176470588235,3.1404608819031825,3.663493561599118,0.0,0.8915454181185433,0.8561377254707344,True,15.687460672138865,26.641385525966243,187.21802900566206,3.219895171708173,29027006371.088272,15.75757213347837,25.696728830051853,3.0982138703814055,0.7853462428831559,2021-03-25,102701.1797,EXIT_MA,63,44.805188957497435,44.227124330920596,79.87012223525463,-1.9480555209428374,1,28.823529411764703,8.754348196543615,14.841238788941059
093370.KS,2020-12-18,2020-12-21,11500.0,,11500.0,72.35294117647058,13.026186955353825,7.9812206572769995,-4.958677685950407,1.3659180977542933,2.3696011403636854,True,19.28718129576996,14.479441888080746,149.45770065075922,3.126086956521739,23369169988.0,17.827868852459016,25.55690187030024,2.745272106804264,0.0,2020-12-23,10695.0,STOP,2,-6.999999999999995,-7.371257485029936,1.304347826086949,-8.695652173913048,1,27.647058823529413,8.563929195222242,16.02040923172181
000990.KS,2020-12-22,2020-12-23,39450.0,2021-03-02,39000.0,78.23529411764706,9.727812917963702,4.0000000000000036,0.0,1.0039370078740157,1.645277049980053,True,11.998162081442775,12.07866298671516,160.0,3.307692307692308,30197479629.0,12.391930835734865,23.411046437339667,0.7730819776169406,1.1538461538461497,2021-03-03,55800.0,EXIT_MA,44,41.4448669201521,40.88021675280618,88.33967046894804,-4.562737642585546,2,25.882352941176475,4.4282104378239096,17.162398369487917
032830.KS,2020-12-22,2020-12-23,80800.0,,80000.0,79.41176470588235,3.072114315532248,4.30247718383312,0.0,1.0729411764705883,0.9475847146129067,True,15.687181860249888,25.228855225867196,150.78369905956114,2.61875,51000196984.0,6.10079575596818,23.411046437339667,0.7730819776169406,1.0000000000000009,2021-01-05,75144.0,STOP,6,-6.999999999999995,-7.371257485029947,4.207920792079212,-7.425742574257422,2,25.882352941176475,4.4282104378239096,17.162398369487917
005930.KS,2020-12-24,2020-12-28,79000.0,2021-02-23,77800.0,70.0,1.4827694105853104,4.429530201342291,0.0,0.934984520123839,0.9401872415081491,True,18.04691530361424,16.652949245541837,83.05882352941177,2.056555269922879,1478679174050.0,14.411764705882346,26.30385825455377,2.827818915237268,1.5424164524421524,2021-02-24,81800.0,EXIT_MA,38,3.544303797468351,3.130953283306792,22.531645569620263,-2.1518987341772156,1,25.882352941176475,6.89095212951083,23.173265591056058
022100.KS,2020-12-29,2020-12-30,7770.0,2021-02-09,7850.0,78.82352941176471,3.9484261647222203,2.614379084967311,0.0,1.1919191919191918,1.3775384353788194,True,12.056413623775942,30.8399520000747,166.10169491525423,3.3949044585987265,23082965273.2,11.347517730496449,26.431253639905307,2.568252793045489,-1.0191082802547768,2021-02-10,7800.0,EXIT_MA,28,0.38610038610038533,-0.014642529612596267,20.077220077220083,-2.9601029601029616,1,27.647058823529413,8.843683739592588,21.16165882593142
011210.KS,2020-12-30,2021-01-04,55100.0,2021-02-26,53500.0,71.17647058823529,6.993399092238559,3.0828516377649384,0.0,1.2323064113238968,1.1442529320764054,True,15.276879982762326,18.666061531970925,161.61369193154033,3.102803738317757,13134233603.0,10.082304526748963,28.52717828116551,4.041606457934943,2.990654205607468,2021-03-02,78900.0,EXIT_MA,38,43.19419237749547,42.62255887499049,96.91470054446461,0.0,1,29.411764705882355,9.081141539337567,21.86047374893978
005380.KS,2021-01-04,2021-01-05,207000.0,2021-03-08,207500.0,81.17647058823529,2.8922993501821486,4.271356783919589,0.0,1.0304449648711944,0.8702537629333347,True,14.350270031962964,31.409908246250563,214.8710166919575,2.855421686746988,371845105510.0,13.698630136986312,31.375865520947134,6.095810141343505,-0.24096385542168308,2021-03-09,230500.0,EXIT_MA,42,11.352657004830924,10.908135419981303,39.61352657004831,-2.1739130434782594,3,29.411764705882355,10.035877978816865,24.45369935181645
028670.KS,2021-01-04,2021-01-05,5300.0,,5370.0,72.94117647058823,1.4456956853354248,5.500982318271119,0.0,1.2780806979280261,1.2827668518203836,True,28.885155406216256,14.244584590074027,157.55395683453236,4.017690875232774,37499974661.5,24.018475750577363,31.375865520947134,6.095810141343505,-1.3035381750465591,2021-01-08,4929.0,STOP,3,-6.999999999999995,-7.371257485029947,5.849056603773595,-7.169811320754715,3,29.411764705882355,10.035877978816865,24.45369935181645
051910.KS,2021-01-04,2021-01-05,891000.0,2021-02-22,889000.0,90.58823529411765,1.874517669008932,3.0127462340671984,0.0,1.0505050505050506,0.8610152315133469,True,18.020338263016743,32.48849040757369,286.5217391304348,2.8515185601799775,353755031880.0,5.70749108204518,31.375865520947134,6.095810141343505,0.22497187851517886,2021-02-23,901000.0,EXIT_MA,33,1.122334455667784,0.7186524817928586,17.84511784511784,-1.7957351290684653,3,29.411764705882355,10.035877978816865,24.45369935181645
009830.KS,2021-01-05,2021-01-06,57845.64062,,57845.64062,95.88235294117648,2.869017239848075,8.77901238281713,0.0,1.2205975842520236,0.9129876223189952,True,13.785098160391263,54.209005970430745,472.7949104696366,3.6688316651924726,243921941297.72177,15.913980975950048,33.07173519720257,7.189198978375488,0.0,2021-02-01,53796.4457766,STOP,18,-7.000000000000006,-7.371257485029936,12.430428400362326,-7.173070512361801,6,30.0,10.917139557082534,25.28886951161038
011780.KS,2021-01-05,2021-01-06,165000.0,2021-03-09,162500.0,87.6470588235294,2.353705237529908,6.557377049180335,0.0,0.9133333333333333,0.8880108173258551,True,15.166548547129688,42.57457756850223,269.7383390216155,4.1692307692307695,56364181330.0,15.248226950354615,33.07173519720257,7.189198978375488,1.538461538461533,2021-03-10,212500.0,EXIT_MA,42,28.787878787878785,28.273755519264498,77.87878787878788,-6.36363636363636,6,30.0,10.917139557082534,25.28886951161038
047040.KS,2021-01-05,2021-01-06,5900.0,2021-03-04,5790.0,83.52941176470588,10.738580082583915,6.238532110091732,0.0,1.678714859437751,2.364728898416729,True,50.20234512815192,12.3038041063664,154.50549450549448,6.0449050086355784,32289636798.3,52.16819973718791,33.07173519720257,7.189198978375488,1.899827288428324,2021-03-05,5600.0,EXIT_MA,39,-5.0847457627118615,-5.463648973239965,13.559322033898313,-7.2881355932203356,6,30.0,10.917139557082534,25.28886951161038
064350.KS,2021-01-05,2021-01-06,21850.0,,21650.0,70.0,25.243641590251055,8.250000000000002,0.0,1.9692307692307693,2.981146887705689,True,34.446997453890575,3.1509630967708757,144.63276836158192,4.214780600461894,57237748253.0,37.46031746031746,33.07173519720257,7.189198978375488,0.9237875288683695,2021-01-12,20320.5,STOP,4,-6.999999999999995,-7.371257485029936,6.864988558352403,-7.78032036613272,6,30.0,10.917139557082534,25.28886951161038
267260.KS,2021-01-05,2021-01-06,17900.0,2021-01-28,17900.0,84.70588235294117,4.9680161051643745,2.8735632183908066,-7.012987012987015,0.9381933438985737,0.9541421669072355,True,10.548418972332009,37.532117299811006,265.3061224489796,4.0083798882681565,8573918796.0,9.480122324159023,33.07173519720257,7.189198978375488,0.0,2021-01-29,17650.0,EXIT_MA,17,-1.3966480446927387,-1.7902742002029348,15.921787709497215,-8.37988826815642,6,30.0,10.917139557082534,25.28886951161038
298040.KS,2021-01-05,2021-01-06,66000.0,2021-03-09,65000.0,95.29411764705881,2.1501421792190096,2.2012578616352307,-9.090909090909093,1.0188679245283019,0.9781611150545194,True,6.581838454727307,50.40445891289336,642.8571428571429,2.9153846153846157,8758070612.0,5.691056910569103,33.07173519720257,7.189198978375488,1.538461538461533,2021-03-10,69000.0,EXIT_MA,42,4.545454545454541,4.128107421520588,46.21212121212122,-4.3939393939393945,6,30.0,10.917139557082534,25.28886951161038
071050.KS,2021-01-06,2021-01-07,89000.0,,87000.0,70.0,3.656993038197633,4.066985645933019,0.0,1.1046511627906976,1.2730560630904244,True,14.269202479773035,25.57117351882472,171.875,2.6839080459770117,36403918728.0,7.806691449814118,31.70950003902464,5.9382606629771795,2.298850574712641,2021-01-12,82770.0,STOP,3,-6.999999999999995,-7.371257485029936,7.191011235955047,-7.303370786516849,1,29.411764705882355,8.667924151907691,24.091122317912415
003550.KS,2021-01-07,2021-01-08,117926.2109,,117926.2109,73.52941176470588,5.098400696794699,4.878046409602477,0.0,2.4975196695468047,2.70641041551547,True,38.10025499584879,7.236264369205725,132.43243278614685,4.865116596822666,61993229860.808044,43.908976630666906,34.121406612508686,7.653660232444204,0.0,2021-01-11,109671.376137,STOP,1,-7.000000000000006,-7.371257485029936,4.186045886088929,-7.8139567358896596,3,29.411764705882355,10.426015398309518,26.12398053129079
011170.KS,2021-01-07,2021-01-08,293962.0938,,291564.375,72.35294117647058,2.335188933501488,4.288160735652569,0.0,0.9831827390349327,1.0376707986070768,True,12.426035800255342,29.713135936870707,159.82905691490674,2.9111843928120473,83800520969.78392,10.344825934042646,34.121406612508686,7.653660232444204,0.8223634317464201,2021-01-11,273384.74723399995,STOP,1,-7.000000000000006,-7.371257485029936,0.16313749633527497,-7.667208825684291,3,29.411764705882355,10.426015398309518,26.12398053129079
086280.KS,2021-01-07,2021-01-08,105000.0,,99750.0,78.82352941176471,4.988823184004575,1.526717557251911,-0.4987531172069848,1.1471135940409682,1.3127309448043594,True,8.359133126934992,36.078405286148254,172.16916780354708,3.258145363408521,62412242240.0,3.100775193798455,34.121406612508686,7.653660232444204,5.263157894736836,2021-01-11,97650.0,STOP,1,-6.999999999999995,-7.371257485029947,6.904761904761902,-9.04761904761905,3,29.411764705882355,10.426015398309518,26.12398053129079
012330.KS,2021-01-08,2021-01-11,368500.0,,359500.0,77.64705882352942,10.602760362547166,14.308426073131963,0.0,2.1955241460541814,1.9848714549271325,True,43.97853338139293,16.29715882626921,178.68217054263567,4.221140472878999,161307821860.0,48.553719008264466,38.972466182825684,11.042904980276225,2.5034770514603677,2021-01-12,342705.0,STOP,1,-6.999999999999995,-7.371257485029936,9.905020352781557,-11.940298507462687,2,30.0,16.70720867852562,31.168676967534424
035720.KS,2021-01-08,2021-01-11,88200.0,2021-03-09,86800.0,84.11764705882354,3.712638332827672,5.853658536585371,0.0,1.303030303030303,1.3895512776656078,True,16.981132075471695,19.558824714194788,223.88059701492534,2.413594470046083,262549999340.0,15.88785046728971,38.972466182825684,11.042904980276225,1.6129032258064502,2021-03-10,90500.0,EXIT_MA,39,2.6077097505669,2.198098134796167,17.68707482993197,-3.628117913832196,2,30.0,16.70720867852562,31.168676967534424
006800.KS,2021-01-11,2021-01-12,10423.69238,,10423.69238,70.0,5.613940689844802,0.4784697675315863,0.0,1.2697364964143616,1.6323588046182946,True,9.516459480544516,22.38096321245957,192.07231820119804,2.8428574232348964,31982581103.396103,3.4482721387302018,38.29257585166608,10.149075705228361,0.0,2021-01-18,9694.0339134,STOP,4,-6.999999999999995,-7.371257485029936,0.9523826719068929,-7.9047590907512895,1,30.0,14.261813198326445,32.26113966310273
011170.KS,2021-01-12,2021-01-13,304032.5938,,300196.2188,74.70588235294117,4.4592799048625285,1.9543982581361252,0.0,1.3398535163480934,1.4756518000498273,True,14.191902371565313,29.934465506452646,167.52136786335777,3.4345051867122294,92909841714.93758,12.792792219245674,36.83553694122219,8.640723652265825,1.2779558034859528,2021-01-18,282453.0,STOP,3,-7.097789592321002,-7.468656699736876,2.9968415182464625,-9.30599237613714,1,30.0,13.817422987729477,32.387631876503
003490.KS,2021-01-14,2021-01-15,26864.50391,,26184.89648,79.41176470588235,1.7009398750628906,4.465706214063325,0.0,1.151106945055647,0.9277328006261762,True,25.777709031104056,29.69252155733937,183.73225857418828,3.4961840242493847,185341586577.7429,19.525550132749704,36.924504244740454,8.036145380101845,2.5954176695679676,2021-01-18,24983.988636299997,STOP,1,-7.000000000000006,-7.371257485029947,5.357143109068496,-10.26785463539943,2,30.0,14.036999054309218,34.22577470970698
034220.KS,2021-01-14,2021-01-15,20442.22656,,20114.77734,70.0,2.1534046234071056,1.8957350842813359,0.0,1.197452439195811,1.368312871660509,True,27.71012648364657,21.515058344783977,141.573039995431,4.8953503230774515,85237067917.22955,27.976188085405894,36.924504244740454,8.036145380101845,1.6279037767364946,2021-01-18,19011.2707008,STOP,1,-6.999999999999995,-7.371257485029936,1.3730005348302043,-7.322647098183799,2,30.0,14.036999054309218,34.22577470970698
012450.KS,2021-01-18,2021-01-19,44152.94531,,42986.64062,72.35294117647058,7.047102893293794,6.758616783216453,0.0,2.0318805930227417,2.52862174991047,True,35.77041827952891,9.770092547550679,158.0000051471992,4.3540055608095125,21803136052.686684,32.989694005165184,30.245887020354978,2.3688358599048387,2.7131794277903465,2021-02-26,41062.2391383,STOP,26,-7.000000000000006,-7.371257485029958,17.358491276603804,-9.182392797433081,1,30.0,8.735867060383784,27.123904236328688
005850.KS,2021-01-19,2021-01-20,24850.0,,22900.0,73.52941176470588,19.19780164735043,12.254901960784315,0.0,2.009419152276295,3.082801203349102,True,38.1515444015444,17.723092219736515,148.91304347826087,4.6943231441048034,8662088284.0,37.537537537537546,33.252301253973336,4.47121933838126,8.515283842794762,2021-01-20,23110.5,STOP,0,-6.999999999999995,-7.371257485029947,0.6036217303822866,-9.859154929577462,2,30.0,11.631046007627388,31.320347663660208
294870.KS,2021-01-19,2021-01-20,30750.0,,30600.0,71.76470588235294,2.1284456104556595,5.517241379310356,0.0,1.3444676409185803,1.2463331401924487,True,26.87093163066463,11.570353066345952,142.85714285714283,4.542483660130719,36338279326.0,16.793893129771,33.252301253973336,4.47121933838126,0.4901960784313708,2021-01-28,28200.0,STOP,6,-8.292682926829265,-8.658780000973664,4.390243902439028,-8.617886178861788,2,30.0,11.631046007627388,31.320347663660208
034730.KS,2021-01-20,2021-01-21,336500.0,,334000.0,74.70588235294117,2.571474536717208,5.529225908372837,0.0,1.7281767955801104,1.9213680933309796,True,36.382196815026546,8.382014515843505,212.1495327102804,4.3562874251497,144496772060.0,37.166324435318266,33.79268694498268,4.605773055005558,0.7485029940119681,2021-01-29,312945.0,STOP,6,-6.999999999999995,-7.371257485029947,7.1322436849925674,-8.618127786032693,2,30.0,12.350212662891469,31.9271763150345
093370.KS,2021-01-20,2021-01-21,13800.0,,13600.0,78.23529411764706,1.9816208656326444,1.8726591760299671,0.0,1.4182475158084915,1.349888374532074,True,27.388535031847127,18.83480448357617,195.0108459869848,5.4963235294117645,44534436731.4,18.260869565217398,33.79268694498268,4.605773055005558,1.4705882352941124,2021-01-25,12834.0,STOP,2,-6.999999999999995,-7.371257485029936,1.449275362318847,-7.971014492753625,2,30.0,12.350212662891469,31.9271763150345
005850.KS,2021-01-21,2021-01-22,26350.0,,26750.0,82.94117647058825,12.342955236457454,7.000000000000006,0.0,2.3553299492385786,3.612831063900373,True,57.42702448210923,19.672506382604094,190.76086956521738,5.383177570093458,13059830442.0,67.1875,35.37231356752859,5.483468919321477,-1.495327102803734,2021-01-29,24505.5,STOP,5,-6.999999999999995,-7.371257485029936,4.743833017077792,-8.349146110056926,3,30.0,13.754528259386301,34.853309498697136
034220.KS,2021-01-21,2021-01-22,22032.69727,,21798.80469,77.05882352941177,5.60074272988032,5.191871461007835,0.0,1.3352192257022044,1.4773747147378582,True,33.23421316072424,23.89217510123627,161.79775337398584,4.967812654869013,103220445050.00319,32.38635651772233,35.37231356752859,5.483468919321477,1.0729605743350579,2021-01-28,20490.4084611,STOP,4,-7.000000000000006,-7.371257485029958,5.944804505544754,-7.006365998147257,3,30.0,13.754528259386301,34.853309498697136
161390.KS,2021-01-21,2021-01-22,45300.0,,44900.0,71.76470588235294,1.420620159662582,6.2721893491124225,0.0,1.2253086419753085,1.3571026330789029,True,19.695030923437827,26.213788230544054,187.82051282051282,3.5579064587973273,21519421941.0,11.691542288557223,35.37231356752859,5.483468919321477,0.8908685968819663,2021-01-29,42129.0,STOP,5,-6.999999999999995,-7.371257485029936,3.532008830022071,-9.161147902869759,3,30.0,13.754528259386301,34.853309498697136
336260.KS,2021-01-22,2021-01-25,62400.0,,62500.0,100.0,6.895488156107476,5.042016806722693,0.0,1.0097087378640777,1.2785767634648544,True,23.464106514953965,41.19051656193476,1422.9695336009877,5.044,111846334289.0,14.468864468864462,34.08891769607798,4.10212347911878,-0.16000000000000458,2021-01-29,58031.99999999999,STOP,4,-7.000000000000006,-7.371257485029958,4.006410256410264,-12.5,1,30.0,14.886525164717046,34.742400354665605
086280.KS,2021-01-25,2021-01-26,113750.0,,113750.0,74.70588235294117,3.299803881115961,0.8869179600886845,0.0,1.4993160054719563,1.5537519043540022,True,20.715271145070567,32.711300459482786,210.36834924965893,5.538461538461538,90343204430.0,26.038781163434898,36.574844585974574,5.582064746181659,0.0,2021-01-27,105787.5,STOP,1,-6.999999999999995,-7.371257485029936,0.219780219780219,-7.912087912087918,1,29.411764705882355,16.27533357004345,36.82875145259481
020150.KS,2021-01-27,2021-01-28,65100.0,2021-03-08,67500.0,70.58823529411765,1.4840714101599668,1.8099547511312153,0.0,1.4776758409785933,1.2819583991329249,True,30.879900725171595,7.477180844412956,199.33481152993346,4.103703703703704,29590680290.0,33.928571428571416,32.124438113322284,1.6556639998825284,-3.5555555555555562,2021-03-09,62500.0,EXIT_MA,25,-3.9938556067588338,-4.377113668208887,26.42089093701996,-7.219662058371734,1,29.411764705882355,11.178521328955672,37.73063952433788
000240.KS,2021-02-03,2021-02-04,20500.0,,20600.0,70.58823529411765,7.726003965559841,11.956521739130444,0.0,2.1347517730496453,2.33935141828263,True,32.50144722454493,11.681799896557665,175.03337783711618,4.854368932038835,9294937311.0,43.55400696864111,30.718023566102648,0.6892433128899977,-0.4854368932038833,2021-02-24,19065.0,STOP,12,-6.999999999999995,-7.371257485029947,14.146341463414625,-13.170731707317074,1,28.235294117647058,5.4399780716860135,29.51292911235257
026960.KS,2021-02-05,2021-02-08,39300.0,,38500.0,84.11764705882354,5.987519647674795,10.157367668097272,0.0,1.326007326007326,1.3546453472472733,True,19.442807061086455,30.204093998364012,164.60481099656357,3.8376623376623376,9898200338.0,14.925373134328357,29.664678178120862,0.3588196262294785,2.0779220779220786,2021-03-05,36549.0,STOP,16,-6.999999999999995,-7.371257485029936,13.23155216284988,-20.992366412213737,2,28.235294117647058,-1.0008961950335737,27.22568558619902
079550.KS,2021-02-05,2021-02-08,45350.0,,45350.0,73.52941176470588,4.256825117512946,3.5388127853881235,0.0,1.6225806451612903,1.811984406570336,True,37.60771938342031,4.820215963486585,181.67701863354034,5.1984564498346195,9044417365.0,45.352564102564095,29.664678178120862,0.3588196262294785,0.0,2021-02-09,42175.5,STOP,1,-6.999999999999995,-7.371257485029936,3.7486218302094754,-7.82800441014333,2,28.235294117647058,-1.0008961950335737,27.22568558619902
005070.KS,2021-02-16,2021-02-17,21383.77344,,20989.60156,77.64705882352942,2.904165573051655,0.2352946673321865,-0.9302347995645888,0.8239521581839027,0.5172893080698062,True,12.603084254859054,26.357275716581043,330.3030230047557,4.002346393277606,38251480783.431984,5.185177761037929,29.795110528502722,1.8470269045888887,1.877938839730886,2021-02-26,19886.9092992,STOP,7,-7.000000000000006,-7.371257485029947,8.525347573080166,-10.36866994602802,3,28.235294117647058,2.506565360395152,24.579096236437948
035420.KS,2021-02-16,2021-02-17,396500.0,,394000.0,77.05882352941177,1.407632854002855,1.546391752577314,0.0,1.1291291291291292,1.0214476231380265,True,25.31806615776082,9.712371430814738,175.52447552447555,3.91497461928934,364776548100.0,28.75816993464053,29.795110528502722,1.8470269045888887,0.6345177664974555,2021-02-26,368745.0,STOP,7,-6.999999999999995,-7.371257485029936,2.2698612862547263,-7.061790668348045,3,28.235294117647058,2.506565360395152,24.579096236437948
120110.KS,2021-02-16,2021-02-17,57800.0,,58000.0,74.70588235294117,1.5009108101356126,2.2927689594356204,0.0,1.901292596944771,2.780069001774951,True,32.468481637127724,17.433751743375183,176.8496420047733,4.978448275862069,26262177482.0,36.63133097762072,29.795110528502722,1.8470269045888887,-0.34482758620689724,2021-02-18,53754.0,STOP,1,-6.999999999999995,-7.371257485029936,1.211072664359869,-8.477508650519027,3,28.235294117647058,2.506565360395152,24.579096236437948
011200.KS,2021-02-17,2021-02-18,15800.0,2021-06-24,15800.0,97.6470588235294,1.5685944101283424,0.9584664536741228,-4.53172205438066,0.7929515418502202,0.7839684290856995,True,10.986232087665071,65.42043586123553,621.4611872146119,4.762658227848101,114132402374.0,12.455516014234869,28.25631354310463,0.7023576443526025,0.0,2021-06-25,42100.0,EXIT_MA,88,166.45569620253164,165.39200080850955,223.41772151898732,-2.215189873417722,2,28.235294117647058,3.9748783383461994,23.10185696795253
088350.KS,2021-02-17,2021-02-18,3290.0,,3300.0,85.88235294117646,4.117749748952681,6.796116504854366,-2.6548672566371723,0.8917525773195877,0.8287444518438872,True,20.486326627478178,45.07846123286765,268.7150837988827,4.6893939393939394,41996778162.2,11.675126903553302,28.25631354310463,0.7023576443526025,-0.303030303030305,2021-03-18,3059.7,STOP,19,-7.000000000000006,-7.371257485029947,11.398176291793316,-7.14285714285714,2,28.235294117647058,3.9748783383461994,23.10185696795253
267270.KS,2021-03-16,2021-03-17,52873.5625,,52769.07031,92.94117647058823,2.1034878279769695,2.226721610475235,0.0,1.5886335612133102,2.2118825155704798,True,35.86590940895626,29.395997155690033,363.30275067776955,4.628713166919539,14331686422.964155,45.743138969624496,20.6590399414631,0.4696430205779478,0.19801787180662167,2021-03-22,49172.413125,STOP,3,-7.000000000000006,-7.371257485029947,0.9881400369040838,-8.10276905400501,1,18.71345029239766,-2.5367040991420398,11.040836159945332
267260.KS,2021-03-17,2021-03-18,21850.0,,21550.0,88.23529411764706,1.6467389715555296,2.1327014218009532,0.0,1.3012729844413014,1.497415069574654,True,17.087747894593864,27.2346426645651,339.7959183673469,4.640371229698376,13030950041.0,21.067415730337082,19.64574052571575,0.01493226384661206,1.39211136890951,2021-03-18,20320.5,STOP,0,-6.999999999999995,-7.371257485029936,0.4576659038901587,-9.839816933638446,1,19.883040935672515,-3.659211254248007,10.544029890600747
204320.KS,2021-03-18,2021-03-19,70700.0,2021-03-19,71900.0,95.29411764705881,1.4910705676897291,0.139275766016711,-10.124999999999995,0.9226480836236933,0.6423244473289702,True,2.5326564371684457,60.07578740719182,324.18879056047194,4.346314325452017,85038960792.0,2.4216524216524205,20.12842637683083,0.7343464309277792,-1.6689847009735748,2021-03-22,73800.0,EXIT_MA,1,4.384724186704392,3.96801870092911,5.09193776520509,-2.40452616690241,1,18.71345029239766,-2.1610020784241346,10.614800069999086
004020.KS,2021-03-26,2021-03-29,47150.0,2021-06-07,46400.0,84.11764705882354,2.28511441069608,0.8695652173912993,-0.7486631016042744,0.9116143170197224,0.9476459355615667,True,9.28446935795375,31.67823221554564,252.85171102661596,3.803879310344828,51017837948.0,12.758201701093563,17.85211508699551,0.4299714558243739,1.6163793103448176,2021-06-08,52000.0,EXIT_MA,49,10.286320254506887,9.846055502991891,33.61611876988335,-3.181336161187698,3,15.789473684210526,-1.8930903450642966,8.342058174401213
082740.KS,2021-03-26,2021-03-29,7113.45166,2021-06-15,6979.086426,85.88235294117646,3.739619917759803,4.373522379486583,-10.808081826405235,1.0641710643834703,1.5701037046153994,True,18.051284798859424,22.79228638086328,365.9630686091049,4.0373733759806,7764142062.787126,31.98804633846879,17.85211508699551,0.4299714558243739,1.9252553385702864,2021-06-16,7405.893555,EXIT_MA,55,4.1111110186415445,3.6954978010022455,36.11111320885818,-4.444443219847505,3,15.789473684210526,-1.8930903450642966,8.342058174401213
241560.KS,2021-03-26,2021-03-29,40550.0,2021-06-17,39550.0,72.94117647058823,1.7996826067113294,6.460296096904439,0.0,0.9591364687740941,0.9030668646789847,True,16.19025235758982,13.530505549116567,188.6861313868613,3.754740834386852,15235971727.0,14.637681159420278,17.85211508699551,0.4299714558243739,2.528445006321123,2021-06-18,47150.0,EXIT_MA,57,16.276202219482116,15.812025763516125,46.48581997533909,-2.5893958076448786,3,15.789473684210526,-1.8930903450642966,8.342058174401213
006360.KS,2021-03-29,2021-03-30,44850.0,,44250.0,79.41176470588235,1.8073318357519037,1.3745704467353903,-0.5617977528089901,0.8697095435684647,1.2527555096674114,True,10.055462979083241,26.80696055318579,178.30188679245285,3.07909604519774,42048710456.0,21.733149931224215,17.46508675192544,0.22762262802253908,1.3559322033898313,2021-04-01,41710.5,STOP,2,-6.999999999999995,-7.371257485029936,0.33444816053511683,-7.46934225195095,4,15.789473684210526,0.7663614854384271,8.097982377838697
011780.KS,2021-03-29,2021-03-30,266000.0,,260000.0,98.82352941176471,2.7213130042054465,4.6277665995975825,-6.137184115523464,0.8177458033573142,0.9580768038933867,True,14.51726568005638,59.953783614318624,376.1904761904762,6.913461538461537,183670286910.0,23.222748815165883,17.46508675192544,0.22762262802253908,2.3076923076922995,2021-04-05,247379.99999999997,STOP,4,-7.000000000000006,-7.371257485029958,2.6315789473684292,-8.64661654135338,4,15.789473684210526,0.7663614854384271,8.097982377838697
047040.KS,2021-03-29,2021-03-30,6800.0,,6770.0,87.05882352941177,1.485324401071357,0.4451038575667754,0.0,0.8407437348423605,0.8851628123265032,True,10.45847609724262,45.30066498346432,197.58241758241758,4.549483013293944,44712887987.2,15.332197614991472,17.46508675192544,0.22762262802253908,0.4431314623338345,2021-04-02,6324.0,STOP,3,-6.999999999999995,-7.371257485029947,0.2941176470588225,-7.205882352941173,4,15.789473684210526,0.7663614854384271,8.097982377838697
267270.KS,2021-03-29,2021-03-30,58829.67578,,57471.26562,97.05882352941177,2.9259183947612226,1.4760140940747846,0.0,1.504994341056102,1.5069226183206015,True,38.4135315738033,32.23624576422335,388.8888813841188,5.5363634847337115,16607928876.849306,46.862484049317764,17.46508675192544,0.22762262802253908,2.3636336269011515,2021-04-01,54711.598475399995,STOP,2,-7.000000000000006,-7.371257485029958,2.1314378387689237,-9.058612459346104,4,15.789473684210526,0.7663614854384271,8.097982377838697
009830.KS,2021-03-31,2021-04-01,56132.04297,2021-04-02,55467.75781,93.52941176470588,1.9704336655184238,1.9328610674143931,-12.412586045284858,0.9520293988932543,1.1359554736625983,True,2.3577005715366584,21.998295797905975,399.3653550703805,3.802393718030838,104395038638.01233,8.559047810851506,18.045534651496475,1.0578727558992584,1.1976059358221214,2021-04-05,53530.26172,EXIT_MA,2,-4.635108776266228,-5.015806944824042,0.0,-5.621301832335579,3,19.298245614035086,-0.6996476819569608,6.540870546651001
138040.KS,2021-03-31,2021-04-01,17500.0,,17200.0,84.11764705882354,1.7369851991742855,5.521472392638027,0.0,1.1486486486486487,0.8565527359059372,True,42.47610211891784,18.573449102266927,147.8386167146974,3.0523255813953485,2848622763.0,39.837398373983746,18.045534651496475,1.0578727558992584,1.744186046511631,2021-04-01,16274.999999999998,STOP,0,-7.000000000000006,-7.371257485029947,0.0,-8.571428571428575,3,19.298245614035086,-0.6996476819569608,6.540870546651001
272210.KS,2021-03-31,2021-04-01,19615.11719,,19615.11719,94.11764705882352,5.202928783021526,5.238096987390484,0.0,1.0857142962729072,1.2286043024245168,True,14.549314897065702,42.64800507251565,331.6406105300894,5.124433926463835,53939249490.98304,10.499993750295133,18.045534651496475,1.0578727558992584,0.0,2021-04-08,18242.058986699998,STOP,5,-7.000000000000018,-7.371257485029947,1.583709528681121,-7.239812264409928,3,19.298245614035086,-0.6996476819569608,6.540870546651001
052690.KS,2021-04-02,2021-04-05,26200.0,2021-07-29,25900.0,75.29411764705883,7.955441392170154,8.823529411764696,0.0,1.490909090909091,1.3748087757084668,True,35.318704284221525,11.254813630749116,76.79180887372014,4.044401544401544,5667105218.0,31.139240506329124,19.60524258391869,2.5331748409130883,1.158301158301156,2021-07-30,54000.0,EXIT_MA,82,106.10687022900764,105.28408831192576,140.4580152671756,-1.9083969465648831,1,19.298245614035086,2.8596366047212163,4.087179976416455
034220.KS,2021-04-05,2021-04-06,23015.04688,2021-05-11,23015.04688,82.35294117647058,2.3131115101943487,5.353314889959759,-1.2048216799492306,0.9539479947815629,0.7259058641115855,True,6.919328219272325,34.94626004367105,142.3645286386757,2.8252033501832248,94929333160.35226,11.3122078354011,19.686483500352956,2.5869549520041613,0.0,2021-05-12,21798.80469,EXIT_MA,25,-5.284552303288637,-5.662657882916244,12.195129797623938,-8.739832599463304,2,19.883040935672515,4.1627298912883415,5.141823489756825
079550.KS,2021-04-05,2021-04-06,43900.0,,43900.0,73.52941176470588,1.7182913087839282,4.7732696897374804,-3.19735391400221,0.8589298123697012,0.7712483760262926,True,11.18709317934301,18.196650151925642,130.4461942257218,3.439635535307517,10235833070.0,17.066666666666674,19.686483500352956,2.5869549520041613,0.0,2021-04-21,40827.0,STOP,11,-6.999999999999995,-7.371257485029947,1.252847380410027,-7.51708428246014,2,19.883040935672515,4.1627298912883415,5.141823489756825
002380.KS,2021-04-06,2021-04-07,252000.0,2021-06-16,250000.0,77.05882352941177,3.277345350266284,2.8806584362139898,0.0,1.6526508226691041,1.8595362127578312,True,18.680275338238793,22.68491555037857,95.3125,3.09,10391647710.0,25.0,19.674605286311486,2.5379904179547053,0.8000000000000007,2021-06-17,307000.0,EXIT_MA,49,21.825396825396815,21.339067895954123,49.60317460317461,-0.7936507936507908,3,21.637426900584796,5.072374604025431,3.146774994056334
035720.KS,2021-04-06,2021-04-07,108800.0,2021-08-02,108800.0,90.0,2.571720240357484,7.086614173228356,0.0,0.8666127728375101,0.718748777394708,True,13.102415900869069,22.99234142661706,261.46179401993356,2.6378676470588234,332640005130.0,23.356009070294782,19.674605286311486,2.5379904179547053,0.0,2021-08-03,146000.0,EXIT_MA,82,34.191176470588225,33.65548315134437,59.00735294117647,-3.308823529411764,3,21.637426900584796,5.072374604025431,3.146774994056334
066970.KS,2021-04-06,2021-04-07,83303.64844,2021-06-02,82729.14062,96.47058823529412,1.7692543443366802,1.766779216505765,-0.11560534433942005,1.1666668444778547,1.1226182930574646,True,14.55847051336372,41.09412459180823,417.59674483235347,4.143519704556555,46787237824.01524,32.71889410606352,19.674605286311486,2.5379904179547053,0.6944443223928731,2021-06-03,83878.15625,EXIT_MA,39,0.6896550400355972,0.2877003292969249,24.137935896628516,-6.436777284565231,3,21.637426900584796,5.072374604025431,3.146774994056334
005070.KS,2021-04-07,2021-04-08,20349.07422,2021-10-06,20299.80273,77.05882352941177,2.0378184042207694,2.999997176859326,-9.050776539430938,0.7055831524900228,0.5515565631976747,True,5.489551735935394,18.86660439687311,202.05278789562692,3.6771827314205625,18758273809.610596,16.713875482874798,19.84076126648524,2.575190770833391,0.24271905818662454,2021-10-07,44048.60156,EXIT_MA,123,116.4648921310977,115.60076082518513,168.28086275464972,-1.4527880079647115,1,22.22222222222222,6.060936943352657,-0.46856525701655105
006360.KS,2021-04-08,2021-04-09,45650.0,,45400.0,75.88235294117646,4.079871982562244,0.8888888888888946,0.0,1.1914132379248659,1.4760279893890373,True,13.064700901529115,24.235017480894783,137.07571801566579,3.325991189427313,46849462146.0,19.316688567674124,19.83484503974109,2.5492627364890774,0.5506607929515406,2021-05-04,42454.5,STOP,17,-6.999999999999995,-7.371257485029947,7.009857612267245,-7.338444687842283,4,23.976608187134502,4.299036437154591,-0.16484114662047578
047040.KS,2021-04-08,2021-04-09,7000.0,2021-06-30,7000.0,84.70588235294117,4.157361928773859,2.3391812865497075,0.0,1.0510396975425331,1.0220508880845833,True,13.408074654915447,42.566939409512685,159.25925925925927,4.042857142857144,41018588532.8,22.377622377622373,19.83484503974109,2.5492627364890774,0.0,2021-07-01,7970.0,EXIT_MA,57,13.857142857142858,13.402623324779018,36.28571428571428,-5.714285714285716,4,23.976608187134502,4.299036437154591,-0.16484114662047578
071050.KS,2021-04-08,2021-04-09,99700.0,2021-06-14,98400.0,72.35294117647058,2.8771602766236755,2.2869022869022926,0.0,0.9855072463768116,1.0929440204750913,True,11.904653595960513,20.324580248771884,130.44496487119437,2.301829268292683,38464709338.0,14.02085747392816,19.83484503974109,2.5492627364890774,1.3211382113821113,2021-06-15,104500.0,EXIT_MA,45,4.81444332998997,4.396022398532939,21.364092276830494,-1.8054162487462388,4,23.976608187134502,4.299036437154591,-0.16484114662047578
112610.KS,2021-04-08,2021-04-09,80400.0,,79100.0,98.23529411764706,1.5624200673035713,0.8928571428571397,-14.301191765980503,0.860135551447936,0.8815700728964193,True,4.714121182435571,31.264888965520488,524.6238689379484,4.500632111251581,54274286476.0,22.635658914728673,19.83484503974109,2.5492627364890774,1.643489254108732,2021-04-28,74772.0,STOP,13,-6.999999999999995,-7.371257485029936,9.079601990049756,-8.83084577114428,4,23.976608187134502,4.299036437154591,-0.16484114662047578
003670.KS,2021-04-12,2021-04-13,169500.0,,169000.0,95.88235294117648,1.5659650242938719,2.114803625377637,-2.5936599423631135,0.748159057437408,0.7785509906371988,True,10.99435176671484,46.32554720158515,310.65274838892856,3.7573964497041423,86441020810.0,7.301587301587298,19.09007447004687,2.0204905461850498,0.2958579881656709,2021-04-28,157635.0,STOP,11,-6.999999999999995,-7.371257485029936,1.7699115044247815,-8.55457227138643,3,22.22222222222222,2.951040255011339,-0.4033920268678326
011790.KS,2021-04-12,2021-04-13,145000.0,,144000.0,94.11764705882352,2.8199567888391455,3.597122302158273,0.0,1.198992443324937,0.9821717815597689,True,15.514198620247077,32.2364896759856,290.2439024390244,3.5243055555555554,48819982030.0,26.315789473684205,19.09007447004687,2.0204905461850498,0.694444444444442,2021-04-28,134850.0,STOP,11,-6.999999999999995,-7.371257485029947,4.137931034482767,-7.931034482758625,3,22.22222222222222,2.951040255011339,-0.4033920268678326
096770.KS,2021-04-12,2021-04-13,254775.25,2021-07-01,252407.4531,82.94117647058825,3.0746413587893535,6.175299190907801,-16.062990604129503,1.2302284247247657,1.054049710843192,True,4.69455780556296,35.30717154578069,197.10144471463943,5.075047003435731,381147922153.8324,16.63019194384916,19.09007447004687,2.0204905461850498,0.9380851757423647,2021-07-02,252407.4531,EXIT_MA,56,-0.9293669224149426,-1.3248584716268663,12.26766289111676,-6.319699892356101,3,22.22222222222222,2.951040255011339,-0.4033920268678326
005850.KS,2021-04-14,2021-04-15,25350.0,,25450.0,80.58823529411765,1.9028039201019118,0.5928853754940677,-10.701754385964913,0.8574585635359117,0.8837925875780579,True,5.470368835474515,39.991587741308535,130.31674208144796,3.9292730844793713,8969769487.0,9.698275862068972,20.388545664241665,3.1455266680020966,-0.39292730844793233,2021-04-27,23575.5,STOP,8,-6.999999999999995,-7.371257485029947,4.930966469428011,-8.08678500986193,1,23.976608187134502,4.425919048400329,3.126477982564202
006280.KS,2021-04-15,2021-04-16,383500.0,,396000.0,85.29411764705883,7.601901036222358,1.538461538461533,-21.584158415841582,1.0146699266503667,1.2377527269087483,True,5.240778143935376,17.552601571408477,179.85865724381625,4.273989898989899,79467283560.0,2.990897269180759,20.605008518207036,3.3179979669936133,-3.1565656565656575,2021-04-29,356655.0,STOP,9,-6.999999999999995,-7.371257485029936,9.908735332464147,-11.082138200782266,2,23.976608187134502,4.185246218423133,5.98554545295249
066570.KS,2021-04-15,2021-04-16,173000.0,,172000.0,92.3529411764706,2.388187176494389,4.2424242424242475,-7.027027027027022,1.0,1.148628540574208,True,10.483042137718401,40.71559956433119,228.2442748091603,3.953488372093023,335304617190.0,10.61093247588425,20.605008518207036,3.3179979669936133,0.5813953488372103,2021-04-23,160890.0,STOP,5,-6.999999999999995,-7.371257485029936,0.8670520231213841,-7.514450867052025,2,23.976608187134502,4.185246218423133,5.98554545295249
000990.KS,2021-04-20,2021-04-21,60800.0,,60600.0,76.47058823529412,3.0205186372084167,2.3648648648648685,-15.007012622720895,0.831858407079646,0.9009666192277045,True,6.720202874049019,30.03721303028568,172.97297297297297,3.2013201320132016,63591825940.0,10.58394160583942,20.852844149395764,3.2716675740695367,0.3300330033003229,2021-04-28,56543.99999999999,STOP,5,-7.000000000000018,-7.371257485029958,3.125,-7.7302631578947345,1,23.976608187134502,7.187309441706469,1.8937959951613959
001430.KS,2021-04-21,2021-04-22,22650.0,2021-07-08,22550.0,94.11764705882352,1.455496457813776,4.39814814814814,0.0,1.063893016344725,0.9566433137795384,True,32.49118683901293,39.06876223081983,165.91981132075472,3.702882483370288,5593610858.0,33.4319526627219,18.77571790540513,1.4141599225209855,0.44345898004434225,2021-07-09,30100.0,EXIT_MA,54,32.891832229580565,32.36132591329481,60.9271523178808,-3.7527593818984517,2,23.391812865497073,5.850778722987537,0.988019287721964
011780.KS,2021-04-21,2021-04-22,287000.0,,282000.0,97.6470588235294,1.6637335714376644,0.5347593582887722,0.0,0.6409202958093673,0.8070713960782991,True,16.983323653862104,53.25051812483312,328.57142857142856,4.663120567375886,152571434900.0,22.342733188720175,18.77571790540513,1.4141599225209855,1.773049645390068,2021-04-28,266910.0,STOP,4,-6.999999999999995,-7.371257485029947,1.9163763066202044,-10.801393728222997,2,23.391812865497073,5.850778722987537,0.988019287721964
010060.KS,2021-04-22,2021-04-23,130794.3281,,131715.4062,96.47058823529412,2.8410190046485924,4.761896997621973,0.0,0.9624572578246475,0.9828385071462955,True,18.162280837232547,46.0862001944446,297.774670143537,4.405594058745723,60127196367.40955,26.548661624607806,18.75705837867665,1.3274535091670092,-0.6992941270677289,2021-04-28,121638.72513299999,STOP,3,-7.000000000000006,-7.371257485029947,3.521129369217668,-9.154932766537904,1,23.837209302325583,5.6240484791642675,-0.9806814635778927
003550.KS,2021-04-26,2021-04-27,133284.0469,,136026.5156,74.11764705882354,2.949051685112342,6.896553377134573,0.0,1.7199694693171406,1.6522679134434965,True,28.890093081173383,12.484142914478301,108.05369811792147,3.205644250142066,49166332341.67547,40.58956975768855,19.779923231506412,2.0799535096462263,-2.0161280232043444,2021-05-27,119500.0,STOP,20,-10.341858024720574,-10.699774759152824,4.115224310464716,-19.345186089183784,3,24.418604651162788,5.977852323047039,3.041413718409447
009540.KS,2021-04-26,2021-04-27,150500.0,,150500.0,77.64705882352942,2.3085608676099607,5.6140350877192935,0.0,0.9370277078085643,0.8905402240729018,True,23.05805396565821,20.827714301239396,98.8110964332893,3.372093023255814,59143673910.0,12.313432835820892,19.779923231506412,2.0799535096462263,0.0,2021-06-08,139965.0,STOP,28,-6.999999999999995,-7.371257485029936,8.637873754152814,-7.641196013289031,3,24.418604651162788,5.977852323047039,3.041413718409447
028670.KS,2021-04-26,2021-04-27,7620.0,,7430.0,89.41176470588236,2.4697902970125094,1.0884353741496655,0.0,0.9403076923076923,1.027462589113312,True,21.302161562071454,34.90069980894282,131.82527301092045,4.010767160161508,96451482359.2,15.015479876160986,19.779923231506412,2.0799535096462263,2.5572005383580176,2021-05-03,7086.599999999999,STOP,4,-7.000000000000006,-7.371257485029947,2.2309711286089273,-10.104986876640421,3,24.418604651162788,5.977852323047039,3.041413718409447
047050.KS,2021-04-27,2021-04-28,22200.0,2021-04-30,22300.0,72.35294117647058,1.8093097841520431,0.22471910112360494,-5.508474576271183,0.7858117326057299,0.7371152626431244,True,5.005415077459152,29.88395027751021,72.20077220077219,2.8026905829596416,47142942232.0,6.95443645083933,19.472873806374082,1.7782248691861513,-0.4484304932735439,2021-05-03,20900.0,EXIT_MA,3,-5.855855855855852,-6.2316807825789855,3.153153153153143,-6.531531531531531,2,25.581395348837212,4.7368052768729685,4.7692240485844195
103140.KS,2021-04-27,2021-04-28,39300.0,2021-06-17,38900.0,74.11764705882354,3.301411446989187,5.563093622795123,0.0,1.30814639905549,1.1447918327563829,True,14.786508896692151,20.313484631975086,104.73684210526315,2.7506426735218508,22356944644.0,18.417047184170478,19.472873806374082,1.7782248691861513,1.0282776349614497,2021-06-18,38150.0,EXIT_MA,35,-2.9262086513994867,-3.313728776543612,27.09923664122138,-6.61577608142494,2,25.581395348837212,4.7368052768729685,4.7692240485844195
042660.KS,2021-04-29,2021-04-30,30505.61914,,30157.97852,72.35294117647058,4.326571795616187,4.204209918591251,0.0,1.2698412086146929,1.6272462939483245,True,25.870577698886898,7.784338053301831,113.53846138508352,2.701730177172366,12124144471.957417,26.642339716062402,17.49281828897631,0.14173981640248634,1.1527318376775453,2021-05-27,28370.225800199998,STOP,17,-7.000000000000006,-7.371257485029936,16.096874308514696,-7.834756636249018,5,23.25581395348837,2.8072218938614224,3.845538499042833
051910.KS,2021-04-29,2021-04-30,950000.0,,951000.0,76.47058823529412,3.315114914144735,4.505494505494512,-7.490272373540852,0.8672712283594394,0.8794816376865378,True,10.158693385845009,11.139719608120814,181.36094674556213,2.6708727655099898,385351926640.0,16.117216117216127,17.49281828897631,0.14173981640248634,-0.1051524710830698,2021-05-12,883499.9999999999,STOP,7,-7.000000000000018,-7.371257485029947,0.0,-9.473684210526311,5,23.25581395348837,2.8072218938614224,3.845538499042833
071970.KS,2021-04-29,2021-04-30,6950.0,2021-06-21,6480.0,95.88235294117648,6.204793687288302,9.090909090909083,0.0,1.5154116269996099,2.097901297762611,True,62.19463356027233,7.740330486020741,200.0,4.915123456790123,6414242567.1,55.395683453237424,17.49281828897631,0.14173981640248634,7.253086419753085,2021-06-22,6950.0,EXIT_MA,35,0.0,-0.39920159680637557,100.0,-3.8848920863309377,5,23.25581395348837,2.8072218938614224,3.845538499042833
103590.KS,2021-04-29,2021-04-30,4288.274902,,4226.811523,74.11764705882354,7.331517540407502,3.712300621690612,0.0,1.3293055780839036,1.1709341062470677,True,15.339962050322598,18.531318689184715,90.61834673775367,3.0704703745078716,2657714203.4367824,17.32284390879746,17.49281828897631,0.14173981640248634,1.4541310551830833,2021-04-30,3988.0956588599997,STOP,0,-7.000000000000006,-7.371257485029947,0.4410190678582726,-8.710029499876503,5,23.25581395348837,2.8072218938614224,3.845538499042833
267260.KS,2021-04-29,2021-04-30,22200.0,,21900.0,85.88235294117646,3.638030465657814,2.336448598130847,0.0,0.8710601719197708,0.8543585174976052,True,11.808852810537607,20.314006842793873,192.7807486631016,3.1621004566210047,12403138165.0,3.0588235294117583,17.49281828897631,0.14173981640248634,1.3698630136986356,2021-05-04,20646.0,STOP,2,-6.999999999999995,-7.371257485029947,2.4774774774774855,-9.009009009009006,5,23.25581395348837,2.8072218938614224,3.845538499042833
003490.KS,2021-05-07,2021-05-10,28150.0,2021-07-08,27900.0,73.52941176470588,2.2255981483037828,1.0869565217391353,-11.146496815286621,1.1152416356877324,1.279027328115812,True,2.313982910997847,27.243797858093544,127.78430138500471,2.1146953405017923,60371344523.0,2.5735294117646967,17.287413930604757,0.6512943437180896,0.8960573476702427,2021-07-09,30350.0,EXIT_MA,43,7.815275310834813,7.38487501019276,24.689165186500883,-0.5328596802841923,1,23.837209302325583,1.7160508780182049,3.4277494255630314
111770.KS,2021-05-10,2021-05-11,46800.0,,46800.0,72.94117647058823,2.973579927292779,5.643340857787815,0.0,1.6409366869037294,1.3031360293722825,True,15.098005459777175,22.64744251985129,100.85836909871246,3.7553418803418803,6513249883.0,17.146433041301634,18.96616389392285,2.102749405200788,0.0,2021-06-17,43524.0,STOP,26,-6.999999999999995,-7.371257485029947,6.730769230769229,-7.051282051282048,1,24.418604651162788,3.7491912329512544,5.337041925486119
006260.KS,2021-05-11,2021-05-12,77400.0,,77200.0,70.0,2.4450770138755913,1.846965699208436,-1.6560509554140124,1.5330396475770924,1.7057041312033974,True,14.421224247813846,9.571021412389458,130.10432190760062,3.341968911917098,14286979966.0,17.503805175038046,17.28991970879308,0.733046895615086,0.2590673575129543,2021-05-13,71982.0,STOP,1,-6.999999999999995,-7.371257485029958,1.2919896640826822,-7.36434108527132,4,22.674418604651162,2.3548946746128507,3.510628697266638
028050.KS,2021-05-11,2021-05-12,19300.0,2021-08-13,19200.0,74.11764705882354,2.423150194851985,4.347826086956519,0.0,1.7984496124031009,1.6291368972741964,True,31.040131040131037,13.590200790758967,92.0,4.622395833333334,48076458598.0,38.62815884476534,17.28991970879308,0.733046895615086,0.5208333333333259,2021-08-17,22900.0,EXIT_MA,67,18.65284974093264,18.179185670110563,45.85492227979275,-4.404145077720212,4,22.674418604651162,2.3548946746128507,3.510628697266638
090430.KS,2021-05-11,2021-05-12,291500.0,2021-06-22,291500.0,71.17647058823529,1.8099613027091805,1.7452006980802848,0.0,1.1371994342291372,1.4169354775393888,True,14.18386932508129,24.20453439719763,94.33333333333334,3.104631217838765,56305925910.0,14.090019569471623,17.28991970879308,0.733046895615086,0.0,2021-06-23,275500.0,EXIT_MA,29,-5.488850771869636,-5.8661407887484085,2.9159519725557415,-11.835334476843906,4,22.674418604651162,2.3548946746128507,3.510628697266638
138930.KS,2021-05-11,2021-05-12,8260.0,,8290.0,70.58823529411765,1.6953236389348363,1.097560975609757,0.0,1.6591809775429327,1.3653476672266807,True,20.979510828322923,16.530478627972812,86.7117117117117,2.6658624849215924,15040100702.2,21.911764705882362,17.28991970879308,0.733046895615086,-0.3618817852834688,2021-05-21,7681.799999999999,STOP,6,-7.000000000000006,-7.371257485029947,1.3317191283293006,-7.263922518159804,4,22.674418604651162,2.3548946746128507,3.510628697266638
005850.KS,2021-05-25,2021-05-26,32150.0,2021-07-19,32200.0,95.88235294117648,2.5682466527968844,1.4173228346456623,0.0,1.7124868835257083,2.4928464713033867,True,28.99090654168168,30.85905248673089,191.40271493212668,4.658385093167702,10651030075.0,30.89430894308942,14.165365905543092,0.03176517100935694,-0.15527950310558758,2021-07-20,31950.0,EXIT_MA,39,-0.6220839813374845,-1.0188022089568927,18.97356143079316,-6.3763608087091805,2,20.348837209302324,-0.30681434483523784,2.310880390084802
012450.KS,2021-05-25,2021-05-26,54649.68359,2021-08-17,54371.99219,83.52941176470588,9.967975272747422,8.057397810098532,0.0,1.6209149044738351,2.2157223375417563,True,20.605122408144716,22.843868365911813,112.36442804236822,3.891726768270176,29442512811.94661,22.681709655538327,14.165365905543092,0.03176517100935694,0.5107250788781492,2021-08-18,55371.67969,EXIT_MA,59,1.3211350049465054,0.9166594161043928,15.040650613216112,-6.707316674511787,2,20.348837209302324,-0.30681434483523784,2.310880390084802
051600.KS,2021-05-26,2021-05-27,44400.0,,44700.0,78.23529411764706,2.5562101741765684,3.953488372093017,0.0,1.6835341365461847,1.5921591029792708,True,31.081199964810423,14.201034811875225,67.10280373831776,3.9093959731543624,19510193394.0,30.701754385964918,13.872945646209578,0.018053972071729874,-0.6711409395973145,2021-06-21,41292.0,STOP,17,-6.999999999999995,-7.371257485029947,14.414414414414424,-8.108108108108103,1,20.930232558139537,-1.5260182984293769,5.160390432253803
000150.KS,2021-05-27,2021-05-28,86000.0,2021-08-02,86000.0,93.56725146198829,2.2537019742741893,1.17647058823529,0.0,1.6808080808080808,1.3438531775967695,True,46.83284958169711,12.879368245570921,136.9146005509642,5.75,9843945619.0,53.02491103202846,13.581356209734263,0.00465974432413141,0.0,2021-08-03,95200.0,EXIT_MA,47,10.697674418604652,10.255767534698057,37.7906976744186,-4.534883720930227,2,22.093023255813954,-1.5522050995117276,3.9962248165794634
000720.KS,2021-05-27,2021-05-28,55800.0,2021-07-23,56300.0,78.3625730994152,3.399029155482414,2.550091074681249,0.0,1.1774891774891776,0.9036427056256515,True,16.09204882876938,23.427756992695524,89.88195615514334,3.7300177619893424,57741706788.0,8.269230769230763,13.581356209734263,0.00465974432413141,-0.8880994671403242,2021-07-26,55000.0,EXIT_MA,41,-1.4336917562724039,-1.8271700326944695,10.931899641577058,-4.8387096774193505,2,22.093023255813954,-1.5522050995117276,3.9962248165794634
000270.KS,2021-05-28,2021-05-31,85100.0,2021-07-19,84700.0,87.13450292397661,2.17189029049068,0.47449584816132706,-16.551724137931036,1.0357142857142858,0.9451124983104373,True,1.8812548113933847,24.297856753059378,178.6184210526316,2.744982290436836,243562197912.0,4.054054054054057,14.228276880794354,0.7266728355972862,0.47225501770955525,2021-07-20,85100.0,EXIT_MA,36,0.0,-0.39920159680637557,10.105757931844895,-1.527614571092828,2,22.674418604651162,0.2281966847456296,3.42978700362242
001440.KS,2021-05-28,2021-05-31,14484.68555,2021-07-23,14026.83594,91.81286549707602,4.285273632854802,4.334362065166886,0.0,1.651991787817465,1.711340056011792,True,39.880453961920395,10.564479840683273,162.46104701643222,4.569732752217534,28633179677.58262,49.115046389402714,14.228276880794354,0.7266728355972862,3.2640975624043556,2021-07-26,21643.7832,EXIT_MA,40,49.42528869741325,48.82878055890063,195.9770144267992,-0.2873590169170104,2,22.674418604651162,0.2281966847456296,3.42978700362242
011210.KS,2021-05-31,2021-06-01,84500.0,2021-08-06,84400.0,85.38011695906432,2.018590153718433,1.1990407673860837,-22.21198156682027,1.2435424354243543,1.4364146024337388,True,9.448349197292316,22.34442985709242,146.78362573099415,3.9454976303317535,29313187628.0,21.61383285302594,14.589328812572887,1.1588061380051418,0.11848341232227888,2021-08-09,94300.0,EXIT_MA,49,11.597633136094675,11.152133602617242,36.09467455621302,-2.3668639053254448,2,24.418604651162788,0.9404283257933521,5.2712488796455625
034020.KS,2021-05-31,2021-06-01,19386.7832,2021-07-26,19098.85938,98.24561403508771,8.14821712615116,9.944752271741342,0.0,1.7100917648488734,2.6871047169614672,True,46.66862680181938,3.4032947852425943,432.1678768977005,4.472362194542741,86921269113.21011,40.63603240969045,14.589328812572887,1.1588061380051418,1.5075445830105894,2021-07-27,21978.08594,EXIT_MA,40,13.366336814454073,12.913776587649872,58.415834453649836,-5.94060081096901,2,24.418604651162788,0.9404283257933521,5.2712488796455625
000500.KS,2021-06-01,2021-06-02,13692.5791,2021-07-21,13340.3584,76.60818713450293,2.984293681403555,0.3311313703487695,0.0,0.7453659136527218,0.4501902720180077,True,8.38848490171651,19.83710240361718,89.37500275732673,3.836633467058876,5146203121.435047,1.848744393511792,15.050424089395253,1.6068407641508298,2.6402641476259037,2021-07-22,14815.28223,EXIT_MA,36,8.199354714700902,7.767421162945598,59.80706644228915,0.0,2,25.0,2.351121316840654,6.4637574548658705
081660.KS,2021-06-01,2021-06-02,58000.0,,58000.0,70.17543859649122,1.4456455655245362,0.5199306759098743,0.0,1.1963525835866262,0.9747381456375678,True,21.1513556418933,11.7096305629933,91.41914191419143,5.043103448275862,31391295891.0,27.192982456140346,15.050424089395253,1.6068407641508298,0.0,2021-06-08,53940.0,STOP,4,-6.999999999999995,-7.371257485029936,3.103448275862064,-7.068965517241377,2,25.0,2.351121316840654,6.4637574548658705
103590.KS,2021-06-02,2021-06-03,5011.655273,2021-08-09,4964.375488,85.96491228070175,33.395542991883914,11.702120519658887,0.0,1.4837800019133023,2.724835624885243,True,28.311657899918895,19.25559947212745,105.88233442760986,3.65714321245154,3510501352.1371746,31.578941575066644,14.95560113858141,1.5259282816012298,0.9523813239809664,2021-08-10,5616.836426,EXIT_MA,48,12.075474469690239,11.62806738597888,64.15094893538979,-3.584905090498236,1,23.837209302325583,3.1027766219097197,7.613868144132274
204320.KS,2021-06-04,2021-06-07,71400.0,,70000.0,87.13450292397661,3.3533217669591924,2.941176470588225,-12.5,1.0975056689342404,1.1067325506613033,True,8.618067839741794,18.356496466990823,216.0270880361174,3.7142857142857144,40456583072.0,11.111111111111116,15.175270739844414,1.7371686007626508,2.0000000000000018,2021-06-10,66402.0,STOP,3,-6.999999999999995,-7.371257485029947,5.042016806722693,-8.823529411764708,1,24.418604651162788,2.5202313518653208,9.53172791664565
073240.KS,2021-06-07,2021-06-08,6760.0,,6700.0,90.64327485380117,6.087882315138473,12.040133779264206,0.0,1.3386295928500496,1.2910480929665689,True,53.10436233175657,10.689962627814786,138.01065719360568,6.287313432835822,7074871490.6,62.42424242424243,15.435067332443797,2.027249338495385,0.8955223880596996,2021-06-08,6286.799999999999,STOP,0,-7.000000000000006,-7.371257485029947,2.8106508875739733,-12.72189349112426,3,24.418604651162788,1.7177582522739154,7.911211131714957
161390.KS,2021-06-07,2021-06-08,53700.0,2021-07-08,53700.0,78.94736842105263,2.454452630277611,3.6679536679536717,0.0,0.8601546029515109,1.1126063073621177,True,8.590148022324673,21.173955391655387,138.66666666666669,3.021415270018622,14536433371.0,8.484848484848495,15.435067332443797,2.027249338495385,0.0,2021-07-09,49950.0,EXIT_MA,23,-6.983240223463683,-7.354564613789183,7.076350093109873,-8.472998137802612,3,24.418604651162788,1.7177582522739154,7.911211131714957
307950.KS,2021-06-07,2021-06-08,120000.0,2021-07-27,119500.0,87.71929824561403,6.655170186352297,3.463203463203457,-16.140350877192976,1.0953846153846154,1.173494621824665,True,5.752212389380529,15.412113165151675,222.97297297297297,3.577405857740586,9890829930.0,11.16279069767443,15.435067332443797,2.027249338495385,0.4184100418409997,2021-07-28,120500.0,EXIT_MA,36,0.4166666666666652,0.015801729873587966,23.750000000000004,-1.6666666666666718,3,24.418604651162788,1.7177582522739154,7.911211131714957
073240.KS,2021-06-09,2021-06-10,7030.0,,7040.0,92.39766081871345,4.422384551506707,1.2949640287769792,0.0,1.571489909832546,1.858346521915503,True,56.56273628964106,12.672033075453392,150.08880994671406,6.150568181818182,9143278262.8,37.5,13.832281119176915,0.8913584379216299,-0.14204545454545858,2021-06-15,6537.9,STOP,3,-7.000000000000006,-7.371257485029947,11.237553342816508,-8.250355618776673,1,22.674418604651162,0.2103177244250798,5.597052023431326
007340.KS,2021-06-11,2021-06-14,7940.0,2021-07-26,8200.0,77.77777777777779,1.7846516663604672,4.458598726114649,0.0,0.8998822143698468,0.7438852125760912,True,19.86201251242472,23.76886058544705,88.07339449541286,2.4634146341463414,1216812781.0,10.363391655450883,14.64709550507921,1.6277941560050246,-3.170731707317076,2021-07-27,7800.0,EXIT_MA,31,-1.7632241813602012,-2.1553869590793306,9.94962216624684,-5.037783375314864,3,21.511627906976745,4.074486697787694,6.62247967186218
011790.KS,2021-06-11,2021-06-14,140500.0,2021-08-17,140000.0,83.04093567251462,2.4453013441654585,1.449275362318847,-6.040268456375841,0.8073394495412844,0.7822968345936973,True,2.6543481448892736,26.316374447747926,163.15789473684214,3.125,51694430040.0,8.94941634241244,14.64709550507921,1.6277941560050246,0.3571428571428559,2021-08-18,152500.0,EXIT_MA,46,8.540925266903908,8.107628160050018,22.064056939501775,-2.135231316725983,3,21.511627906976745,4.074486697787694,6.62247967186218
298040.KS,2021-06-11,2021-06-14,79200.0,,77800.0,91.81286549707602,4.742450231667602,3.595206391478034,-11.187214611872143,1.1397849462365592,1.427683429798948,True,9.753689021809663,6.303752858696066,325.1366120218579,3.3161953727506424,6556320838.0,20.62015503875969,14.64709550507921,1.6277941560050246,1.799485861182526,2021-06-18,73656.0,STOP,4,-6.999999999999995,-7.371257485029936,0.0,-7.57575757575758,3,21.511627906976745,4.074486697787694,6.62247967186218
064350.KS,2021-06-14,2021-06-15,25800.0,,26000.0,76.0233918128655,3.0381944331180017,1.9607843137254832,0.0,1.436950146627566,1.9717594869410866,True,23.756485315817024,13.134087237479797,92.59259259259258,3.5865384615384617,59673702779.0,29.35323383084578,14.54861610518905,1.558745187637034,-0.7692307692307665,2021-06-16,23994.0,STOP,1,-6.999999999999995,-7.371257485029936,0.19379844961240345,-8.333333333333337,1,22.093023255813954,3.1335168289044146,6.0704261366713475
028670.KS,2021-06-16,2021-06-17,7540.0,2021-08-02,7430.0,87.13450292397661,2.2555756675668803,2.3415977961432466,-3.506493506493502,0.8789722785665991,0.8895253204574901,True,9.056216057537059,33.01769371568029,126.87022900763361,3.802153432032301,74048406655.2,7.52532561505066,15.098057801513809,2.0218872763466456,1.4804845222072593,2021-08-03,7290.0,EXIT_MA,33,-3.3156498673740042,-3.701615336965325,18.302387267904518,-6.763925729442965,2,24.418604651162788,3.328969961671091,8.012623263852037
120110.KS,2021-06-16,2021-06-17,67400.0,2021-08-19,67900.0,81.87134502923976,3.938540199774817,3.6641221374045907,0.0,0.8919540229885058,1.042674088142047,True,8.85946067271619,29.069905795564477,122.25859247135844,2.7835051546391756,18719216196.0,13.735343383584597,15.098057801513809,2.0218872763466456,-0.7363770250368162,2021-08-20,73400.0,EXIT_MA,45,8.902077151335309,8.467338320391837,27.1513353115727,-1.4836795252225476,2,24.418604651162788,3.328969961671091,8.012623263852037
073240.KS,2021-06-22,2021-06-23,7940.0,,7890.0,95.90643274853801,2.218777830385055,0.8951406649616356,0.0,1.4211180124223604,1.6399525294154027,True,54.16479415385218,22.633631456931823,180.28419182948488,6.2896070975918885,13195332343.6,67.51592356687898,13.858390844268698,0.9281590372109738,0.6337135614702172,2021-06-25,7384.2,STOP,2,-7.000000000000006,-7.371257485029947,1.2594458438287104,-7.556675062972296,1,22.674418604651162,2.918652580481207,7.328810897271598
000990.KS,2021-06-24,2021-06-25,60400.0,2021-08-17,59600.0,79.53216374269006,3.212609843893122,1.3605442176870763,-16.409537166900424,0.8173913043478261,0.8708754778376899,True,7.074844597750718,14.138074219891417,110.60070671378091,3.1543624161073827,62743692512.0,14.39539347408829,14.257554223914859,1.2577679157231403,1.342281879194629,2021-08-18,60000.0,EXIT_MA,37,-0.6622516556291425,-1.0588095332513814,15.066225165562908,-3.4768211920529812,1,21.511627906976745,3.809499499892599,7.039091140065135
047050.KS,2021-06-25,2021-06-28,23950.0,2021-08-17,23750.0,73.68421052631578,2.1254481041081896,0.6355932203389925,0.0,1.1495601173020529,1.2673398383833112,True,10.856982823002248,19.74066621953945,83.39768339768341,3.2842105263157895,26404214981.0,10.465116279069765,14.652544100468567,1.5949799974250833,0.8421052631578885,2021-08-18,22550.0,EXIT_MA,36,-5.845511482254695,-6.221377703882425,18.99791231732777,-7.306889352818368,1,24.418604651162788,3.578544082305757,7.885888644844319
008930.KS,2021-06-29,2021-06-30,73529.41406,2021-07-27,73337.17969,74.85380116959064,2.563362001883581,1.8691649707315072,-15.690604578476686,0.9935360371397732,0.928257090211068,True,8.832090094526123,6.441378520821961,138.0000123288358,2.9357774789007567,21071022005.150753,8.226953853966922,13.731431351539424,0.8454245345548728,0.2621240287840054,2021-07-28,71414.84375,EXIT_MA,20,-2.8758155318285405,-3.263536827110658,22.48365741975016,-4.44444798286211,2,22.093023255813954,2.0115588973632192,5.5859637709739784
073240.KS,2021-06-29,2021-06-30,8200.0,,8160.0,95.90643274853801,1.8290191102701028,1.2406947890818865,0.0,1.0282201732327465,0.9081516684616412,True,48.06212803019307,29.055070631143252,189.87566607460033,6.813725490196078,14720696798.7,55.72519083969465,13.731431351539424,0.8454245345548728,0.4901960784313708,2021-07-02,7625.999999999999,STOP,2,-7.000000000000006,-7.371257485029947,0.4878048780487809,-8.780487804878046,2,22.093023255813954,2.0115588973632192,5.5859637709739784
042700.KS,2021-07-02,2021-07-05,17975.0,,17925.0,97.6608187134503,2.676000904185834,2.136752136752129,-6.02883355176933,0.7703435804701627,0.7267153453203763,True,7.1684802104508005,54.44493178512892,387.09239130434787,2.9218967921896795,33135566985.0,5.596465390279826,13.034114573468392,0.4657659688575455,0.2789400278939924,2021-07-09,16716.75,STOP,4,-6.999999999999995,-7.371257485029936,0.5563282336578546,-7.371349095966617,1,20.348837209302324,1.2870037158384084,4.601570118326315
066570.KS,2021-07-06,2021-07-07,171000.0,,170000.0,78.94736842105263,1.8493729584694354,1.7964071856287456,-8.108108108108103,1.1965811965811965,1.1533562438324765,True,9.044259140474665,17.367622646907144,163.9751552795031,2.8676470588235294,163955488410.0,11.475409836065564,13.488285764445717,1.030753774833526,0.588235294117645,2021-07-09,158000.0,STOP,2,-7.602339181286554,-7.971192118686599,0.0,-8.187134502923977,1,22.093023255813954,1.7667144407793156,5.534378216126501
004800.KS,2021-07-15,2021-07-16,155266.5,,153432.6406,87.79069767441861,3.552507061548565,1.6194324695752993,0.0,1.667964788971588,1.628406509559308,True,21.52844832198344,18.175888637588187,104.06503350756289,3.2470111903946455,10457594450.400105,23.645315320198467,11.690169229628289,0.32714016771882015,1.1952211686044434,2021-07-20,144397.845,STOP,2,-6.999999999999995,-7.371257485029936,1.1811043592790282,-7.874012166178801,1,18.023255813953487,0.6511568366519338,2.034341012724772
020560.KS,2021-07-16,2021-07-19,18150.0,,18650.0,72.09302325581395,49.42937531234143,8.430232558139528,0.0,2.6482758620689655,2.5187267764289856,True,10.97227180768774,13.422743606012876,98.59567930705938,1.2868632707774799,11338712746.0,8.430232558139528,11.195426184986324,0.029195556533001543,-2.680965147453085,2021-07-19,16879.5,STOP,0,-6.999999999999995,-7.371257485029947,0.8264462809917328,-7.7134986225895315,1,18.023255813953487,0.27479108141417186,3.318451628492247
081660.KS,2021-08-04,2021-08-05,55600.0,,55600.0,70.34883720930233,2.338013864724923,0.18018018018017834,-6.2394603709949426,0.8567026194144838,0.6992893990657756,True,1.7420582637973858,16.19508305647841,83.4983498349835,2.679856115107914,22376053176.0,1.090909090909098,9.183436685615632,1.1003067504315789,0.0,2021-08-17,51708.0,STOP,7,-6.999999999999995,-7.371257485029936,3.0575539568345356,-18.794964028776985,1,17.341040462427745,-0.15097995541214493,2.210671443317236
006400.KS,2021-08-05,2021-08-06,775000.0,2021-09-02,771000.0,81.97674418604652,1.6990286323427126,0.12987012987013546,-4.223602484472044,1.1428571428571428,0.9936784583203941,True,10.452123087502141,7.57571671296422,93.9622641509434,2.5875486381322954,200663860480.0,5.327868852459017,8.873587988060173,0.9328499361973552,0.5188067444876765,2021-09-03,757000.0,EXIT_MA,19,-2.3225806451612874,-2.7125104629450725,6.838709677419352,-3.741935483870973,1,16.184971098265898,0.7209424686793975,3.6205655948488458
064350.KS,2021-08-06,2021-08-09,27000.0,,26600.0,80.23255813953489,1.8371183264698474,2.3076923076922995,0.0,1.0748898678414096,0.919659750233481,True,11.877523553162849,18.107869801174825,79.72972972972974,2.6597744360902253,69917873883.0,15.15151515151516,8.517406695801677,0.6738133623046094,1.5037593984962516,2021-08-11,24800.0,STOP,2,-8.148148148148149,-8.514822207436968,1.85185185185186,-9.444444444444445,1,16.184971098265898,1.6286815145684086,4.748391149550191
000720.KS,2021-08-31,2021-09-01,54200.0,2021-09-01,55500.0,76.16279069767442,1.5690618204464337,0.5434782608695565,-7.807308970099669,1.1884550084889642,0.879983556237805,True,0.8046206658553823,17.04232014073055,87.18381112984824,2.7207207207207205,44134069846.0,2.0220588235294157,3.9799957237595773,0.5909821374962876,-2.3423423423423406,2021-09-02,54000.0,EXIT_MA,1,-0.36900369003689537,-0.7667322182203895,0.9225092250922495,-1.845018450184499,3,16.76300578034682,-0.7375030627101653,-1.625096709181606
006360.KS,2021-08-31,2021-09-01,44550.0,2021-09-28,44750.0,70.34883720930233,1.8350242872830456,0.6749156355455588,-7.349896480331264,1.320872274143302,1.0160686425779097,True,4.6318595244218885,4.32735699475546,91.23931623931625,2.9106145251396645,28790718608.0,1.9362186788154823,3.9799957237595773,0.5909821374962876,-0.4469273743016755,2021-09-29,42200.0,EXIT_MA,17,-5.274971941638606,-5.653115766222882,6.285072951739612,-6.060606060606055,3,16.76300578034682,-0.7375030627101653,-1.625096709181606
138040.KS,2021-08-31,2021-09-01,28800.0,2021-11-17,28750.0,98.83720930232558,3.011113539444666,5.311355311355315,0.0,1.3257790368271956,1.1417472269144129,True,24.265214384508994,44.67233616808404,222.67115600448935,3.4347826086956523,4456268967.0,16.869918699186993,3.9799957237595773,0.5909821374962876,0.17391304347826875,2021-11-18,34300.0,EXIT_MA,51,19.097222222222232,18.62178420935907,36.111111111111114,-1.5625,3,16.76300578034682,-0.7375030627101653,-1.625096709181606
000150.KS,2021-09-01,2021-09-02,100000.0,2021-09-02,100000.0,94.18604651162791,3.0956968061979415,0.6036217303822866,-13.043478260869568,0.940032414910859,0.8702013853983315,True,3.0587847308104488,41.730144239547194,137.52969121140143,4.025,9568394168.0,7.526881720430101,4.108140197443433,0.8824255815096604,0.0,2021-09-03,95700.0,EXIT_MA,1,-4.300000000000004,-4.682035928143701,0.49999999999998934,-6.899999999999995,2,16.184971098265898,-0.9304470611582571,-1.2565330395957974
002380.KS,2021-09-01,2021-09-02,386500.0,2021-10-06,385000.0,95.34883720930233,2.142135817630149,3.3557046979865834,0.0,1.4861111111111112,1.7716602679067355,True,16.95018226002429,26.165314119822547,175.98566308243727,4.422077922077922,20985843860.0,12.081513828238721,4.108140197443433,0.8824255815096604,0.3896103896103842,2021-10-07,376500.0,EXIT_MA,21,-2.587322121604141,-2.9761950871865617,23.415265200517467,-4.139715394566624,2,16.184971098265898,-0.9304470611582571,-1.2565330395957974
016360.KS,2021-09-02,2021-09-03,50500.0,,50300.0,72.67441860465115,1.5180818128918072,0.19920318725099584,0.0,1.2795838751625488,1.3156425603835566,True,10.986077094503655,6.688480982115008,72.26027397260273,2.261431411530815,15964505832.0,12.026726057906467,2.9822887839910717,0.06643874579499442,0.3976143141153132,2021-09-29,46965.0,STOP,15,-6.999999999999995,-7.371257485029936,0.0,-7.722772277227719,1,15.028901734104046,-3.1865146333114547,-1.2539669686615018
004020.KS,2021-09-07,2021-09-08,53400.0,,53200.0,83.72093023255815,2.283190949524847,1.333333333333342,-14.054927302100161,0.9315068493150684,0.8561377026144351,True,3.7826027584323407,8.50726048854833,127.35042735042734,3.045112781954887,42030338118.0,5.138339920948609,3.0293849340869983,0.7724791304897893,0.3759398496240518,2021-09-23,49662.0,STOP,8,-6.999999999999995,-7.371257485029947,2.0599250936329527,-8.801498127340823,5,17.91907514450867,-2.238975400298149,-1.9897717289294348
005490.KS,2021-09-07,2021-09-08,359000.0,2021-09-27,360500.0,78.48837209302324,1.4370437945664978,2.4147727272727293,-11.965811965811968,1.07035175879397,1.0096000989396277,True,5.889264209134959,7.733932470491434,94.86486486486487,2.89875173370319,149788531730.0,6.814814814814807,3.0293849340869983,0.7724791304897893,-0.4160887656033285,2021-09-28,344500.0,EXIT_MA,11,-4.038997214484674,-4.422075069915876,5.710306406685239,-8.07799442896936,5,17.91907514450867,-2.238975400298149,-1.9897717289294348
093370.KS,2021-09-07,2021-09-08,18500.0,2021-12-07,18700.0,94.18604651162791,5.029415051278071,2.465753424657535,0.0,1.1933701657458564,1.5522298037123001,True,41.40955837870539,16.23144331256099,120.51886792452828,5.040106951871658,72910624923.0,31.690140845070424,3.0293849340869983,0.7724791304897893,-1.0695187165775444,2021-12-08,22100.0,EXIT_MA,60,19.45945945945946,18.982575389761024,44.05405405405405,-2.1621621621621623,5,17.91907514450867,-2.238975400298149,-1.9897717289294348
120110.KS,2021-09-07,2021-09-08,90700.0,2021-10-27,90000.0,95.34883720930233,2.16877048552723,1.6949152542372836,0.0,1.2146422628951747,1.231485235326373,True,12.01274456115895,32.617002137439854,171.49321266968326,3.5999999999999996,29484893660.0,14.068441064638781,3.0293849340869983,0.7724791304897893,0.7777777777777883,2021-10-28,89800.0,EXIT_MA,31,-0.9922822491730932,-1.387522639395955,26.240352811466373,-4.4101433296582115,5,17.91907514450867,-2.238975400298149,-1.9897717289294348
267260.KS,2021-09-07,2021-09-08,26500.0,,26450.0,90.11627906976744,3.248142290620854,2.7184466019417375,0.0,1.0174216027874565,1.1654952952175934,True,17.40423454214568,12.020485791711199,115.9183673469388,4.735349716446125,12116320754.0,15.250544662309373,3.0293849340869983,0.7724791304897893,0.1890359168241984,2021-10-08,24645.0,STOP,18,-6.999999999999995,-7.371257485029947,7.924528301886791,-7.547169811320753,5,17.91907514450867,-2.238975400298149,-1.9897717289294348
003490.KS,2021-09-14,2021-09-15,32200.0,2021-10-14,32450.0,81.97674418604652,3.4308088750338572,2.5276461295418606,-5.942028985507242,1.07223113964687,1.1825780605746166,True,6.817209256394219,7.487118827857997,125.47719698661126,2.8043143297380584,61671382853.0,13.066202090592327,1.330450918661552,0.037013573380861864,-0.7704160246533087,2021-10-15,31150.0,EXIT_MA,17,-3.2608695652173947,-3.647053718649662,8.54037267080745,-6.36645962732919,3,17.341040462427745,0.18262250967335802,-2.837578488373038
138930.KS,2021-09-14,2021-09-15,8010.0,2021-11-11,8070.0,73.83720930232558,1.4099639816460376,0.3731343283582156,-2.6537997587454787,0.948051948051948,1.068872482835455,True,4.987901022558727,11.165585612946604,63.525835866261396,2.094175960346964,9039161557.8,4.3984476067270295,1.330450918661552,0.037013573380861864,-0.743494423791824,2021-11-12,8420.0,EXIT_MA,37,5.118601747815221,4.698966611097388,15.605493133583014,-2.4968789013732784,3,17.341040462427745,0.18262250967335802,-2.837578488373038
175330.KS,2021-09-14,2021-09-15,8320.0,2021-11-05,8410.0,84.88372093023256,1.7691725702475907,0.7185628742514938,0.0,0.9712793733681462,0.889169437948088,True,8.985822771687001,13.684210526315788,88.56502242152466,2.7110582639714624,3827825880.2,7.270408163265296,1.330450918661552,0.037013573380861864,-1.0701545778834753,2021-11-08,8400.0,EXIT_MA,33,0.9615384615384581,0.5584983878397232,11.41826923076923,-3.3653846153846145,3,17.341040462427745,0.18262250967335802,-2.837578488373038
014680.KS,2021-09-15,2021-09-16,339000.0,2021-11-01,341500.0,93.6046511627907,1.9036774965261567,0.4411764705882337,0.0,1.1819021237303786,1.064185492591687,True,22.09073683457867,17.336633351860975,150.1831501831502,3.8945827232796484,20409892800.0,19.405594405594396,1.3914544061837564,0.19099608373063237,-0.7320644216691097,2021-11-02,323000.0,EXIT_MA,28,-4.71976401179941,-5.100124235305204,15.634218289085556,-5.899705014749268,3,19.07514450867052,-0.17506022985760428,-3.3849279066744398
028050.KS,2021-09-15,2021-09-16,27300.0,,26850.0,94.18604651162791,7.951029797896869,10.950413223140497,-1.8281535648994485,1.0344827586206897,1.3421408042753082,True,16.713757878722024,29.936881345401666,168.5,3.9292364990689013,66496254242.0,16.485900216919735,1.3914544061837564,0.19099608373063237,1.6759776536312776,2021-09-29,25300.0,STOP,6,-7.326007326007322,-7.695963384586124,4.578754578754585,-7.692307692307687,3,19.07514450867052,-0.17506022985760428,-3.3849279066744398
036460.KS,2021-09-15,2021-09-16,40800.0,2021-11-11,40800.0,75.5813953488372,5.437492836333622,3.4220532319391594,0.0,1.3195342820181113,1.9216716759760109,True,12.78507256392536,6.676299725752699,75.86206896551724,2.861519607843137,14606620454.0,13.649025069637876,1.3914544061837564,0.19099608373063237,0.0,2021-11-12,42500.0,EXIT_MA,36,4.166666666666674,3.7508316699933486,26.960784313725483,-5.514705882352944,3,19.07514450867052,-0.17506022985760428,-3.3849279066744398
005070.KS,2023-03-06,2023-03-07,94601.02344,,97557.30469,100.0,10.71165951307243,9.999997357040623,0.0,1.6793676374535444,3.2269936208930163,True,57.27766490060944,6.892409240450359,206.9767424788168,5.106061459291837,25387116393.75269,56.893816958477416,2.476236396216147,0.6584733220167838,-3.0303023022150266,2023-03-14,87978.9517992,STOP,5,-6.999999999999995,-7.371257485029947,11.66666982942315,-8.333336779384858,3,10.81081081081081,-0.716811228127523,2.902447289531551
006400.KS,2023-03-06,2023-03-07,779000.0,,781000.0,96.75675675675676,6.902431841431265,5.114401076716013,0.0,1.1555555555555554,1.5112898285194332,True,17.351845173698766,6.337729985380003,59.063136456211815,2.7400768245838667,79109929440.0,9.383753501400571,2.476236396216147,0.6584733220167838,-0.2560819462227859,2023-03-10,722000.0,STOP,3,-7.317073170731703,-7.687064894601036,2.8241335044929317,-7.4454428754813895,3,10.81081081081081,-0.716811228127523,2.902447289531551
012450.KS,2023-03-06,2023-03-07,107077.8359,,107077.8359,99.45945945945947,1.5820070942022162,2.662405997391293,0.0,1.0360111471883147,0.8666460905954806,True,20.346560989010154,19.314368959395,131.45259429843134,3.8329867834021094,35696120640.5452,18.573191900656294,2.476236396216147,0.6584733220167838,0.0,2023-03-22,99582.387387,STOP,11,-7.000000000000006,-7.371257485029958,3.7344403408885007,-7.88381667321314,3,10.81081081081081,-0.716811228127523,2.902447289531551
003670.KS,2023-03-07,2023-03-08,259000.0,,260500.0,99.45945945945947,10.816520742904233,6.981519507186862,0.0,1.0892940626460963,2.113814144335632,True,25.28134197718486,20.0060022623912,165.81632653061226,4.280230326295585,102300116814.0,15.521064301552112,2.5350358714535615,0.6365631415896633,-0.5758157389635365,2023-03-09,240869.99999999997,STOP,1,-7.000000000000006,-7.371257485029947,2.316602316602312,-7.335907335907333,3,11.891891891891893,1.0319194816167832,3.3800444435676313
051910.KS,2023-03-07,2023-03-08,727000.0,,740000.0,89.1891891891892,4.426864120303952,1.6483516483516425,0.0,0.9564293304994687,1.661251197491022,True,13.101424466589219,5.697807789858,67.42081447963801,3.2905405405405403,57929473660.0,12.462006079027365,2.5350358714535615,0.6365631415896633,-1.756756756756761,2023-03-21,676110.0,STOP,9,-6.999999999999995,-7.371257485029936,2.4759284731774356,-7.427785419532329,3,11.891891891891893,1.0319194816167832,3.3800444435676313
112610.KS,2023-03-07,2023-03-08,75000.0,,76300.0,87.56756756756758,5.744742111996961,4.234972677595628,-3.539823008849563,0.9801801801801802,1.6744729881526066,True,11.844034007622394,8.307203810279828,67.6923076923077,3.9187418086500654,12960864214.0,16.133942161339434,2.5350358714535615,0.6365631415896633,-1.7038007863695914,2023-03-13,69750.0,STOP,3,-6.999999999999995,-7.371257485029936,2.2666666666666613,-7.199999999999996,3,11.891891891891893,1.0319194816167832,3.3800444435676313
005070.KS,2023-03-22,2023-03-23,120714.8438,2023-07-13,122685.7031,100.0,3.2465345997229913,4.88626607482352,0.0,1.75873550663667,2.413403344729968,True,66.63989887840577,20.791566811612718,286.0465149794338,6.94377560322267,60989435759.706505,70.54794539981073,1.1538810810923117,0.23732363327360062,-1.6064294780896882,2023-07-14,188216.625,EXIT_MA,77,55.91837679203457,55.29594814216618,97.95918834631338,-5.632650621878199,1,10.27027027027027,-1.7080391981217802,2.5556589643757066
006260.KS,2023-03-28,2023-03-29,80300.0,2023-05-19,80700.0,92.97297297297298,8.20646539076451,4.263565891472876,0.0,1.4822771213748658,2.452725036371046,True,16.692694777025864,5.830502249563851,59.80198019801981,3.45724907063197,5828598880.0,19.91084695393759,2.0983442490909443,0.9817838339910567,-0.495662949194553,2023-05-22,82400.0,EXIT_MA,36,2.6151930261519407,2.205551537025574,25.155666251556653,-5.977584059775842,2,12.432432432432433,1.3443566010081343,6.774539819751557
241560.KS,2023-03-28,2023-03-29,42450.0,2023-07-27,42500.0,91.35135135135135,1.7574337568721705,1.3110846245530494,-2.298850574712641,1.1198465963566635,1.0979112663288484,True,12.317978804936702,10.894077824261661,50.70921985815602,3.7176470588235295,12706335691.0,10.677083333333325,2.0983442490909443,0.9817838339910567,-0.11764705882353343,2023-07-28,56300.0,EXIT_MA,83,32.62661955241462,32.09717196937103,57.83274440518256,-2.1201413427561877,2,12.432432432432433,1.3443566010081343,6.774539819751557
001040.KS,2023-03-31,2023-04-03,104300.0,,104300.0,92.43243243243244,2.1060267086125446,2.2549019607843057,0.0,1.1767195767195766,1.6214236147211794,True,17.518478456823505,10.690945372910953,53.83480825958702,2.63183125599233,5428190588.0,18.65756541524459,3.9327533180465446,2.5052551705585957,0.0,2023-04-24,96999.0,STOP,15,-6.999999999999995,-7.371257485029947,10.354745925215724,-25.119846596356666,5,12.972972972972974,1.841642623266715,11.636657062439237
004370.KS,2023-03-31,2023-04-03,372500.0,2023-06-20,379000.0,86.48648648648648,3.142979211620946,2.849389416553594,0.0,1.0174418604651163,1.3632151438481652,True,7.578768095373256,11.31473348289045,43.28922495274101,2.2229551451187333,3023057490.0,5.7182705718270554,3.9327533180465446,2.5052551705585957,-1.715039577836408,2023-06-21,414500.0,EXIT_MA,53,11.275167785234895,10.830955538587261,22.416107382550333,-0.5369127516778538,5,12.972972972972974,1.841642623266715,11.636657062439237
005490.KS,2023-03-31,2023-04-03,385000.0,,368000.0,95.67567567567568,9.8181464780742,6.82148040638606,0.0,1.2027972027972027,2.2074571804528946,True,14.702490415484837,17.51368972400784,74.40758293838863,3.6548913043478257,150899416800.0,10.843373493975905,3.9327533180465446,2.5052551705585957,4.619565217391308,2023-04-05,358050.0,STOP,2,-6.999999999999995,-7.371257485029936,4.285714285714293,-7.012987012987015,5,12.972972972972974,1.841642623266715,11.636657062439237
022100.KS,2023-03-31,2023-04-03,9950.0,2023-05-31,9500.0,96.21621621621622,20.39311697137236,2.7027027027026973,0.0,1.9380281690140846,4.568280992174088,True,38.556676973338774,9.906826697657634,90.1901901901902,5.252631578947368,34538750001.8,38.48396501457727,3.9327533180465446,2.5052551705585957,4.73684210526315,2023-06-01,11500.0,EXIT_MA,40,15.57788944723617,15.116500667007692,95.17587939698493,-6.331658291457288,5,12.972972972972974,1.841642623266715,11.636657062439237
028050.KS,2023-03-31,2023-04-03,31900.0,,31700.0,95.13513513513514,3.8812148707614056,2.4232633279483107,0.0,1.0065530799475753,1.690335366682189,True,15.710322674843047,14.642005272628356,70.43010752688173,3.533123028391167,22013042152.0,17.19038817005545,3.9327533180465446,2.5052551705585957,0.6309148264984188,2023-04-07,29666.999999999996,STOP,4,-7.000000000000006,-7.371257485029947,1.5673981191222541,-8.307210031347967,5,12.972972972972974,1.841642623266715,11.636657062439237
003670.KS,2023-04-03,2023-04-04,289000.0,2023-06-28,288500.0,99.45945945945947,2.1917999830725177,2.8520499108734443,0.0,1.1573802541544478,1.6471586023948206,True,23.152709359605915,26.342642030439322,180.09708737864077,5.563258232235702,193689452444.0,23.027718550106613,3.7475770729810343,2.2976182036293036,0.17331022530329143,2023-06-29,351000.0,EXIT_MA,58,21.45328719723183,20.968443735366638,46.19377162629759,-3.114186851211076,3,12.432432432432433,0.3947003816342054,9.590515426471114
007340.KS,2023-04-03,2023-04-04,15800.0,,15660.0,87.02702702702703,2.9222336739974235,0.6426735218509005,-6.33971291866029,1.01256038647343,1.6540943334425156,True,12.671597547989766,9.059807598750801,61.111111111111114,3.722860791826309,1770317410.0,7.851239669421495,3.7475770729810343,2.2976182036293036,0.8939974457215838,2023-04-20,14693.999999999998,STOP,12,-7.000000000000006,-7.371257485029958,1.8987341772152,-7.215189873417726,3,12.432432432432433,0.3947003816342054,9.590515426471114
012450.KS,2023-04-03,2023-04-04,115519.6562,2023-07-28,113964.5859,97.2972972972973,1.6294177237373049,2.6000005952649285,0.0,1.010074063688308,2.0163637923789,True,15.12309296741272,25.011134485001783,146.3385521662511,3.654971082995003,36117058509.47497,6.431536407246341,3.7475770729810343,2.2976182036293036,1.36452064272361,2023-07-31,130403.9141,EXIT_MA,80,12.884610627849158,12.433973459674096,45.19230901242934,-2.88461454060317,3,12.432432432432433,0.3947003816342054,9.590515426471114
271560.KS,2023-04-04,2023-04-05,142000.0,,140400.0,89.1891891891892,1.58096420139206,1.0799136069114423,0.0,1.0534716679968077,1.4726671202469617,True,10.188513396851317,13.499550163455453,62.87703016241299,2.3005698005698005,6877090608.0,12.230215827338121,4.0831789730936485,2.5992398463998034,1.139601139601143,2023-04-10,132060.0,STOP,3,-6.999999999999995,-7.371257485029936,0.21126760563381364,-8.028169014084508,1,13.513513513513514,0.6966087367740403,9.53172089908314
009150.KS,2023-04-05,2023-04-06,157000.0,2023-04-18,157800.0,76.21621621621621,4.164218153405274,0.6377551020408267,-6.350148367952524,1.0139349701393496,2.0658610312891805,True,5.355926771621999,8.755840676156978,40.89285714285715,2.420785804816223,30907991432.0,3.815789473684217,4.690374367505079,3.072328152382986,-0.5069708491761693,2023-04-19,147800.0,EXIT_MA,9,-5.859872611464967,-6.235681503235568,0.0,-7.515923566878979,1,14.054054054054054,2.6028944858381697,8.962562505148242
039490.KS,2023-04-11,2023-04-12,107000.0,,105600.0,80.0,3.368818716971729,1.8322082931533368,-1.4005602240896309,1.021702838063439,1.8724980057007772,True,5.200239091452485,13.092756790860637,50.85714285714287,2.604166666666667,3265830802.0,12.82051282051282,6.803971174711121,4.30719086943665,1.325757575757569,2023-04-24,99510.0,STOP,8,-6.999999999999995,-7.371257485029947,3.2710280373831724,-7.009345794392519,4,13.513513513513514,8.4671212682778,7.727368881957575
051910.KS,2023-04-11,2023-04-12,799000.0,,806000.0,93.51351351351352,8.336732701634642,5.22193211488251,0.0,1.2358318098720293,1.9880422477975852,True,15.466162397570349,9.299303217724898,74.08207343412528,3.678660049627792,120933945980.0,14.326241134751783,6.803971174711121,4.30719086943665,-0.8684863523573227,2023-04-25,743070.0,STOP,9,-6.999999999999995,-7.371257485029947,3.8798498122653235,-8.760951188986233,4,13.513513513513514,8.4671212682778,7.727368881957575
138040.KS,2023-04-11,2023-04-12,44300.0,2023-06-12,44300.0,94.5945945945946,1.425274640831635,0.3397508493771184,-8.091286307053947,0.9843081312410842,1.6500241861221883,True,5.348267579843524,26.70734463276836,117.6904176904177,3.6455981941309257,17451254468.0,10.88861076345431,6.803971174711121,4.30719086943665,0.0,2023-06-13,44100.0,EXIT_MA,40,-0.4514672686230292,-0.8488666008840018,7.900677200902928,-5.0790067720090315,4,13.513513513513514,8.4671212682778,7.727368881957575
373220.KS,2023-04-11,2023-04-12,608000.0,,610000.0,92.97297297297298,3.4595042260454067,2.006688963210701,-2.2435897435897467,0.8511821974965229,1.6221007761143182,True,10.731919837351157,11.031497689699133,71.34831460674158,2.9754098360655736,142290738460.0,11.313868613138677,6.803971174711121,4.30719086943665,-0.3278688524590123,2023-04-21,565440.0,STOP,7,-6.999999999999995,-7.371257485029936,0.328947368421062,-7.401315789473683,4,13.513513513513514,8.4671212682778,7.727368881957575
003550.KS,2023-04-12,2023-04-13,96700.0,,93500.0,77.29729729729729,6.393424847021312,1.7410228509249226,0.0,1.0671378091872792,1.349139321114027,True,11.823378859999512,3.269233144367467,33.76251788268956,2.978609625668449,23267940138.0,5.53047404063205,6.867564098976886,4.05693339301596,3.4224598930481243,2023-04-14,89931.0,STOP,1,-6.999999999999995,-7.3712574850299255,1.0341261633919352,-8.583247156153051,2,15.675675675675677,7.182354398117541,6.896210911211842
103140.KS,2023-04-12,2023-04-13,40600.0,2023-05-25,40400.0,91.35135135135135,3.8234494603645017,2.020202020202011,0.0,0.9536423841059603,1.4971701372954769,True,10.289099396685874,19.23765502425052,71.54989384288749,3.0136138613861387,6827984492.0,8.02139037433156,6.867564098976886,4.05693339301596,0.4950495049504955,2023-05-26,39500.0,EXIT_MA,29,-2.7093596059113323,-3.0977453959076806,17.24137931034482,-3.9408866995073843,2,15.675675675675677,7.182354398117541,6.896210911211842
267260.KS,2023-04-13,2023-04-14,45550.0,2023-08-25,45500.0,97.2972972972973,9.016226569090882,10.303030303030303,0.0,1.1891891891891893,2.0289486365211458,True,14.465408805031444,12.648515377585067,125.80645161290325,3.642857142857143,7386899358.0,13.749999999999996,7.285444056561796,4.116265117406637,0.1098901098901095,2023-08-28,67500.0,EXIT_MA,91,48.188803512623494,47.59723144271282,84.41273326015369,-1.3172338090010949,3,16.756756756756758,7.7273743245156234,6.742051527422643
267270.KS,2023-04-13,2023-04-14,59456.63672,2023-08-07,58411.70312,87.02702702702703,5.0850475697034225,2.946591725166514,-13.467488654880789,1.0385486315434094,1.7906687621562443,True,4.329973720855063,11.203931111543831,82.08469459806587,3.604650743831968,4322466756.024321,10.693068452507282,7.285444056561796,4.116265117406637,1.7889113725263472,2023-08-08,79310.34375,EXIT_MA,78,33.391910685256796,32.85940804779071,63.444629651093386,-5.272408687969932,3,16.756756756756758,7.7273743245156234,6.742051527422643
298040.KS,2023-04-13,2023-04-14,78100.0,2023-09-25,76600.0,81.62162162162161,4.721461527632364,4.0760869565217295,-14.699331848552344,1.1625947767481044,1.9943047077268736,True,9.50679056468906,3.00132156806443,56.167176350662594,3.622715404699739,4343522090.0,10.693641618497107,7.285444056561796,4.116265117406637,1.9582245430809442,2023-09-26,168700.0,EXIT_MA,112,116.00512163892445,115.14282574415829,166.32522407170293,-6.40204865556978,3,16.756756756756758,7.7273743245156234,6.742051527422643
042660.KS,2023-04-14,2023-04-17,23465.86133,,23118.21875,87.56756756756758,2.035675709069819,0.7575718773126461,-5.506220479561996,0.9092847574755482,1.4023483450301408,True,7.985221138123411,17.484618733933964,51.13635788183966,4.342106062994151,8003706627.47775,13.675211284313349,7.658911112003475,4.1437340502955555,1.5037602323924704,2023-05-04,21823.251036899997,STOP,12,-7.000000000000006,-7.371257485029947,12.407411000412672,-8.70370113961635,1,16.756756756756758,7.338180370979819,8.073502269012112
001430.KS,2023-04-17,2023-04-18,26050.0,,26250.0,97.2972972972973,2.2543496237435687,0.1908396946564972,0.0,0.7789504979931619,0.9658818101998916,True,21.70018637514255,17.543773603413616,88.84892086330936,5.514285714285714,8959025808.0,18.778280542986426,7.809243228730689,3.908836484658229,-0.7619047619047636,2023-04-21,24226.5,STOP,3,-6.999999999999995,-7.371257485029936,1.7274472168905985,-10.364683301343568,1,16.756756756756758,8.267903709283498,8.765278257989252
005830.KS,2023-04-18,2023-04-19,80800.0,,81700.0,84.32432432432432,1.4063496206046744,3.5487959442332073,0.0,0.9530956848030019,0.9802481441101818,True,12.98263082199358,13.472417283233828,53.571428571428584,3.127294981640147,10635149928.0,13.001383125864452,7.564054192082148,3.3335498622515614,-1.1015911872705009,2023-05-15,75144.0,STOP,16,-6.999999999999995,-7.371257485029947,8.168316831683175,-8.168316831683164,1,17.83783783783784,7.65130665529421,8.013560791654406
192820.KS,2023-04-19,2023-04-20,86200.0,,85700.0,82.70270270270271,5.467390188323022,3.6275695284159637,-1.2672811059907807,1.0961702127659574,1.399883460123635,True,7.210768614891916,19.243391610477943,101.41010575793183,3.284714119019837,5846223224.0,9.171974522292992,7.676372734095938,3.1661028028000526,0.5834305717619559,2023-04-21,80166.0,STOP,1,-6.999999999999995,-7.3712574850299255,0.11600928074246841,-12.645011600928068,2,18.37837837837838,6.542107422192411,7.507329778365057
271560.KS,2023-04-19,2023-04-20,144100.0,,144000.0,88.64864864864866,1.9423329412791643,1.194659170765977,0.0,1.192200557103064,1.2482272759956925,True,10.583790259411142,14.22581479905789,65.70771001150749,2.704861111111111,9141715170.0,7.86516853932584,7.676372734095938,3.1661028028000526,0.0694444444444553,2023-05-17,134013.0,STOP,17,-6.999999999999995,-7.371257485029958,2.7758501040943795,-8.60513532269257,2,18.37837837837838,6.542107422192411,7.507329778365057
112610.KS,2023-04-21,2023-04-24,85000.0,,84100.0,91.35135135135135,3.285907866773526,1.4475271411338975,0.0,1.171919770773639,1.6926793396352422,True,17.036377299674356,8.403545163115211,84.83516483516485,4.583828775267539,34932660076.0,20.142857142857153,6.28199554713238,1.392489389724938,1.0701545778834642,2023-04-25,79050.0,STOP,1,-6.999999999999995,-7.371257485029947,3.6470588235294032,-8.352941176470585,1,16.756756756756758,5.359920789179506,3.0684788450006772
005930.KS,2023-05-19,2023-05-22,68400.0,2023-07-21,68400.0,74.5945945945946,1.573345305678089,3.167420814479649,0.0,1.0308370044052864,0.9052688910861247,True,7.267195684220429,5.307834588452898,30.038022813688215,1.6885964912280702,834894429824.0,4.427480916030535,5.465435383836015,1.263364903722053,0.0,2023-07-24,70100.0,EXIT_MA,43,2.4853801169590684,2.0762568430390704,7.602339181286544,-0.5847953216374324,4,16.756756756756758,-1.448111820621989,3.2058300765475556
007660.KS,2023-05-19,2023-05-22,10360.0,2023-08-25,10340.0,93.51351351351352,1.6554978024000353,2.8855721393034717,-3.183520599250933,0.7619885613726353,0.449823976637453,True,9.288462351498739,30.735535933894354,117.22689075630251,4.545454545454546,59736277700.8,12.51360174102285,5.465435383836015,1.263364903722053,0.19342359767891004,2023-08-28,32100.0,EXIT_MA,67,209.84555984555985,208.60865142302268,317.953667953668,-0.9652509652509633,4,16.756756756756758,-1.448111820621989,3.2058300765475556
042700.KS,2023-05-19,2023-05-22,25950.0,2023-09-19,25950.0,99.45945945945947,6.41873194909148,11.853448275862078,0.0,0.8806466951973372,0.9069407944628471,True,32.24681996086105,33.80657699585743,140.27777777777777,5.834296724470136,97443443732.0,27.518427518427522,5.465435383836015,1.263364903722053,0.0,2023-09-20,49300.0,EXIT_MA,84,89.98073217726397,89.22232606078786,143.9306358381503,-5.587668593448935,4,16.756756756756758,-1.448111820621989,3.2058300765475556
281820.KS,2023-05-19,2023-05-22,19690.0,2023-05-25,19640.0,75.67567567567568,2.0746316406874854,0.7696254489481857,-5.349397590361448,0.8444070647603028,0.5736666357125556,True,3.6619480423514927,11.690998965398336,46.567164179104466,2.3167006109979633,809647476.6,2.1320852834113335,5.465435383836015,1.263364903722053,0.2545824847250522,2023-05-26,19360.0,EXIT_MA,4,-1.6759776536312887,-2.0684887208822667,0.8125952260030544,-3.3011681056373754,4,16.756756756756758,-1.448111820621989,3.2058300765475556
042660.KS,2023-05-24,2023-05-25,26420.82227,,26898.83008,93.51351351351352,3.9320470699510466,4.208755561362931,0.0,1.0148698127388889,1.3143075277999312,True,19.678279942628674,18.614837400932593,75.85226844406745,4.5638130035728315,15694373014.35356,9.751771146868737,6.620785773984084,2.322189322027546,-1.7770579931482233,2023-05-26,24571.3647111,STOP,1,-7.000000000000006,-7.371257485029947,1.644735828276711,-8.22368663547276,1,17.83783783783784,1.7416267485635073,5.934941580931441
066570.KS,2023-05-30,2023-05-31,125200.0,2023-07-10,124900.0,85.4054054054054,4.856817584749835,7.210300429184557,0.0,1.0201577563540754,0.9410081735638485,True,10.715172144807283,13.542646933013947,60.53984575835476,2.2137710168134506,94617732212.0,15.970287836583097,7.3102212034446445,2.573543828535163,0.24019215372297342,2023-07-11,118900.0,EXIT_MA,28,-5.031948881789139,-5.411062858308934,5.7507987220447365,-6.549520766773165,1,15.135135135135137,3.5944226074617225,6.4942198091177294
373220.KS,2023-05-31,2023-06-01,595000.0,2023-06-19,599000.0,86.48648648648648,2.0299450693145085,1.1824324324324342,-4.006410256410254,0.9331259720062208,0.7373028362777629,True,4.329954366530808,9.402719157004169,68.25842696629213,2.5459098497495827,175825326960.0,3.098106712564541,6.9429425028070035,2.087229014032821,-0.6677796327211993,2023-06-20,561000.0,EXIT_MA,12,-5.714285714285716,-6.090675791274592,3.1932773109243806,-6.72268907563025,1,14.054054054054054,3.0217541713947638,5.96405715889925
000150.KS,2023-06-05,2023-06-07,104800.0,,104800.0,77.29729729729729,2.0833620211331207,4.800000000000004,-2.692664809656453,0.8726625111308994,0.7749860255560147,True,8.565035428666135,7.563137573890333,70.6840390879479,2.385496183206107,9675782266.0,12.68817204301076,8.469331308083184,3.0748095276905474,0.0,2023-06-15,97464.0,STOP,6,-6.999999999999995,-7.371257485029947,2.0038167938931206,-7.633587786259543,2,19.45945945945946,4.577077966703569,7.545509769689196
010120.KS,2023-06-05,2023-06-07,13820.0,2023-09-07,13820.0,89.1891891891892,1.8370833909412316,3.4431137724550975,0.0,0.8946877912395154,0.7765391457437282,True,11.383345691350467,12.022390754785128,51.86813186813186,3.49493487698987,9853524948.0,6.965944272445812,8.469331308083184,3.0748095276905474,0.0,2023-09-08,18500.0,EXIT_MA,66,33.86396526772793,33.32957818083082,98.98697539797394,-2.460202604920403,2,19.45945945945946,4.577077966703569,7.545509769689196
081660.KS,2023-06-07,2023-06-08,38300.0,2023-07-10,38650.0,73.51351351351352,2.8890851193409985,2.384105960264904,-5.269607843137258,1.1334792122538293,1.576575304974245,True,6.986657808780383,4.103509884156531,43.14814814814816,3.2082794307891334,7835749566.0,5.027173913043481,8.457503820747746,2.8747419992982692,-0.9055627425614499,2023-07-11,37100.0,EXIT_MA,23,-3.1331592689295085,-3.5198532439038255,6.788511749347248,-4.308093994778073,1,21.08108108108108,4.074078114797031,8.123302682062006
103590.KS,2023-06-13,2023-06-14,8567.09375,2023-08-08,8633.286133,96.75675675675676,1.6196353989965673,1.5572910220929215,0.0,0.9580457172314176,0.6188263238371781,True,21.33858416958876,31.332498373463878,125.43210177404673,4.994522925074931,18271764556.142887,18.725622882893568,9.27809104875954,2.6509363364684013,-0.7667113307757156,2023-08-09,9143.907227,EXIT_MA,40,6.732895586674292,6.306816163174589,36.75497317862315,-4.525383511765579,1,19.45945945945946,6.565755876630619,10.851275912580904
082740.KS,2023-06-14,2023-06-15,9610.0,2023-08-14,9660.0,87.56756756756758,1.9543426157050467,0.7299270072992803,0.0,1.0215482841181165,1.1444634947514274,True,18.4346035015448,7.099806977690815,55.80645161290323,3.4213250517598346,6406949914.4,24.32432432432432,8.461223214656744,1.6403240169667654,-0.5175983436852993,2023-08-16,10220.0,EXIT_MA,43,6.347554630593133,5.923013494343254,32.67429760665972,-0.20811654526534662,1,18.91891891891892,5.63575027636134,10.142106931088811
006260.KS,2023-06-16,2023-06-19,98000.0,,94500.0,89.72972972972974,4.316351539748235,4.535398230088505,-2.577319587628868,0.9666011787819253,1.019497549073428,True,7.8274760383386655,20.486399912013574,82.7852998065764,3.529100529100529,25027994846.0,12.768496420047736,8.660002411994206,1.3903292771377362,3.703703703703698,2023-06-20,91140.0,STOP,1,-6.999999999999995,-7.371257485029936,5.102040816326525,-7.040816326530608,4,20.0,5.256433005927108,10.364412116617427
009540.KS,2023-06-16,2023-06-19,114100.0,2023-08-14,114000.0,92.43243243243244,2.3999658132004758,4.491292392300639,0.0,1.0614995787700083,1.2223140970733695,True,26.145266232904007,11.186023622047237,64.5021645021645,2.7105263157894735,24165363128.0,31.185270425776746,8.660002411994206,1.3903292771377362,0.0877192982456032,2023-08-16,114800.0,EXIT_MA,41,0.6134969325153339,0.2118462461579984,13.935144609991234,-2.103418054338302,4,20.0,5.256433005927108,10.364412116617427
042660.KS,2023-06-16,2023-06-19,28854.31836,2023-08-16,28810.86328,95.13513513513514,7.437373400690634,6.763286959870074,0.0,1.1452417792493195,1.8825735093564597,True,21.12243779622105,22.189854072239214,88.35226842772362,5.030165420298369,25217380156.177574,30.769234840262705,8.660002411994206,1.3903292771377362,0.15082880223920014,2023-08-17,34546.96094,EXIT_MA,42,19.728910276014556,19.250950554353842,50.301199906771956,-1.204819936006274,4,20.0,5.256433005927108,10.364412116617427
192820.KS,2023-06-16,2023-06-19,94200.0,,94200.0,88.64864864864866,2.110051303554874,3.063457330415753,0.0,0.9159261790840738,0.8722621944999179,True,14.95655569657326,16.672005923015032,121.38660399529964,3.3545647558386413,9422866694.0,8.525345622119819,8.660002411994206,1.3903292771377362,0.0,2023-07-06,87606.0,STOP,13,-6.999999999999995,-7.371257485029936,2.7600849256900206,-7.1125265392781305,4,20.0,5.256433005927108,10.364412116617427
000880.KS,2023-06-19,2023-06-20,42109.94922,,42109.94922,75.13513513513513,2.9429255903188145,0.31495489137154387,-2.1505437746334843,0.8028167390623074,0.9411337695826218,True,10.991076049613003,4.074711610949899,36.989239931484974,2.8728406930147314,9577153683.637577,10.017272884203754,7.956352098169606,0.5785909034878411,0.0,2023-06-29,39162.2527746,STOP,7,-7.000000000000006,-7.371257485029958,1.4128749880264024,-7.221348651153747,6,23.243243243243246,3.740959754557549,9.259526155113962
009970.KS,2023-06-19,2023-06-20,75400.0,2023-08-29,74800.0,82.16216216216216,2.043155922300718,3.457814661134173,0.0,1.1166253101736974,1.2336918761740563,True,12.11031175059951,9.89318685300633,62.25596529284165,2.7606951871657754,936489410.0,8.720930232558132,7.956352098169606,0.5785909034878411,0.8021390374331583,2023-08-30,76700.0,EXIT_MA,50,1.724137931034475,1.318053548076259,11.936339522546424,-3.4482758620689613,6,23.243243243243246,3.740959754557549,9.259526155113962
034220.KS,2023-06-19,2023-06-20,16138.60059,,16138.60059,74.5945945945946,1.7995082254565533,2.0710080666053177,0.0,0.9336234017363237,1.0596928888572736,True,8.912516425069583,8.436514811658213,44.35146200666278,2.5333335174880856,26936492254.71683,8.627204712301895,7.956352098169606,0.5785909034878411,0.0,2023-06-26,15008.898548699999,STOP,4,-7.000000000000006,-7.371257485029947,0.0,-7.014493070120653,6,23.243243243243246,3.740959754557549,9.259526155113962
064350.KS,2023-06-19,2023-06-20,37900.0,,37500.0,91.8918918918919,2.8365286066481,10.619469026548668,0.0,0.8981636060100167,0.7420917426072515,True,18.994732499841337,12.620387742338956,106.61157024793386,2.9133333333333336,135644501377.0,20.3852327447833,7.956352098169606,0.5785909034878411,1.0666666666666602,2023-07-14,35247.0,STOP,18,-6.999999999999995,-7.371257485029947,6.200527704485492,-8.443271767810023,6,23.243243243243246,3.740959754557549,9.259526155113962
103140.KS,2023-06-19,2023-06-20,43600.0,2023-07-04,43550.0,87.02702702702703,1.5240497062509464,2.4705882352941133,-4.704595185995619,0.818871103622578,0.7215690347279514,True,5.111990731801508,21.19403858248139,84.92569002123143,2.3995407577497128,13495094987.0,8.064516129032251,7.956352098169606,0.5785909034878411,0.11481056257176547,2023-07-05,42050.0,EXIT_MA,11,-3.5550458715596367,-3.9400556684795474,3.7844036697247674,-6.192660550458717,6,23.243243243243246,3.740959754557549,9.259526155113962
112610.KS,2023-06-19,2023-06-20,88700.0,,88400.0,85.94594594594595,1.4396482527599133,3.7558685446009488,0.0,0.8373450036469731,0.671058410993308,True,12.746473484172128,10.965495768348955,94.28571428571428,3.0429864253393664,44520683686.0,14.507772020725396,7.956352098169606,0.5785909034878411,0.33936651583710287,2023-06-26,82491.0,STOP,4,-6.999999999999995,-7.371257485029936,0.7891770011273946,-13.528748590755358,6,23.243243243243246,3.740959754557549,9.259526155113962
022100.KS,2023-06-20,2023-06-21,14700.0,2023-10-25,14970.0,98.91891891891892,2.506259519668722,8.24295010845988,-11.629279811097993,1.007341206511331,0.7571461259744497,True,18.093465021614975,57.207168103181004,199.69969969969972,4.268537074148297,172790775486.4,29.835212489158724,7.738849864180697,0.27197135541365824,-1.8036072144288595,2023-10-26,44000.0,EXIT_MA,85,199.31972789115648,198.1248387578584,340.8163265306122,-1.0884353741496544,2,22.702702702702705,2.644815842466164,7.776295595821003
281820.KS,2023-06-20,2023-06-21,21700.0,,21400.0,79.45945945945945,9.73137094849655,5.1597051597051635,0.0,1.2967863894139886,1.6731575723306005,True,10.831442983955352,12.112968828476767,59.70149253731343,2.8177570093457946,671251385.4,8.961303462321801,7.738849864180697,0.27197135541365824,1.4018691588784993,2023-06-23,20181.0,STOP,2,-6.999999999999995,-7.371257485029947,0.23041474654377225,-7.603686635944696,2,22.702702702702705,2.644815842466164,7.776295595821003
281820.KS,2023-07-03,2023-07-04,22500.0,,22200.0,80.54054054054053,5.252089369736429,1.1389521640091216,0.0,1.6413846752236483,2.779876408443564,True,13.703878224170762,11.851143179591773,65.67164179104476,3.5090090090090094,966538242.0,12.23458038422649,7.317984239515729,0.07744708254548982,1.3513513513513598,2023-07-10,20925.0,STOP,4,-6.999999999999995,-7.371257485029936,2.8888888888888964,-9.333333333333337,1,23.243243243243246,0.042664758216814924,4.916729241499818
005490.KS,2023-07-13,2023-07-14,430500.0,2023-09-13,431500.0,88.10810810810811,2.745210314435206,1.2910798122065748,0.0,1.1972789115646258,1.4260583626936483,True,12.425418827023794,18.6246329779014,104.50236966824646,2.8331402085747395,334688928520.0,11.787564766839376,6.5346913685586205,0.5607187940152913,-0.2317497103128674,2023-09-14,533000.0,EXIT_MA,43,23.809523809523814,23.31527421347781,77.46806039488968,-1.0452961672473893,1,22.702702702702705,-0.6635918460594414,0.7676479425066773
307950.KS,2023-07-14,2023-07-17,157800.0,,159000.0,83.78378378378379,3.828232690057102,2.779573367808652,0.0,1.6636971046770601,1.789947541184243,True,22.800784689290854,11.572316746877377,69.87179487179486,3.8930817610062896,12646420962.0,28.122481869460113,7.983678169550257,1.9943702624895643,-0.7547169811320753,2023-07-19,146754.0,STOP,2,-6.999999999999995,-7.371257485029947,1.7110266159695797,-8.55513307984791,1,24.864864864864867,0.09559065891482366,2.0338497381425347
281820.KS,2023-07-17,2023-07-18,23900.0,,23600.0,84.86486486486487,3.3856611803608105,1.724137931034475,0.0,1.2567783094098883,1.8050408154420474,True,17.426956452511753,12.909768142159695,76.11940298507463,4.322033898305085,1443957206.0,21.775025799793603,7.51367025654206,1.6147399893918335,1.2711864406779627,2023-07-19,22227.0,STOP,1,-6.999999999999995,-7.371257485029947,0.20920502092049986,-7.949790794979084,1,23.243243243243246,0.3640544165548931,1.8634085294641833
003670.KS,2023-07-18,2023-07-19,465500.0,,458000.0,97.83783783783784,3.056877691289615,9.047619047619037,0.0,1.2811059907834101,1.2822925220735744,True,27.003493982585546,37.63439218664723,322.11981566820276,3.717248908296943,325392404210.0,22.623828647925027,6.962256294505664,1.1678921437102252,1.637554585152845,2023-08-08,432915.0,STOP,14,-6.999999999999995,-7.371257485029947,49.087003222341565,-7.518796992481203,1,23.783783783783786,0.10404217771657898,1.2636515375969548
009420.KS,2023-07-19,2023-07-20,21900.0,2023-12-06,22100.0,75.67567567567568,2.3188174141744833,1.3761467889908285,-7.724425887265141,1.0085470085470085,0.7770268936238295,True,3.604110411041095,19.60302775441547,74.01574803149606,4.024886877828054,9394830895.8,5.741626794258381,6.891452106090523,1.1416943852237793,-0.9049773755656076,2023-12-07,33450.0,EXIT_MA,94,52.73972602739727,52.12998660213819,81.7351598173516,-3.65296803652968,2,24.864864864864867,0.9916290045498544,1.7607469486678573
066970.KS,2023-07-19,2023-07-20,270000.0,,279000.0,74.05405405405405,7.470249939653742,7.307692307692304,-17.210682492581597,1.1314741035856575,1.6185478801301973,True,10.872675250357645,7.560295359100677,62.777129521586936,4.399641577060931,187757749970.0,13.414634146341452,6.891452106090523,1.1416943852237793,-3.2258064516129004,2023-07-27,251099.99999999997,STOP,5,-7.000000000000006,-7.371257485029958,17.777777777777782,-11.851851851851848,2,24.864864864864867,0.9916290045498544,1.7607469486678573
138040.KS,2023-07-20,2023-07-21,47250.0,2023-10-17,47150.0,86.48648648648648,1.7345940718432473,2.2776572668112838,-2.178423236514526,1.1055662188099808,0.866451889554146,True,6.930648160747488,12.500478383446655,131.69533169533167,2.6617179215270412,31694584093.0,8.390804597701141,6.469524686425365,0.818319569454351,0.21208907741250282,2023-10-18,51700.0,EXIT_MA,57,9.417989417989414,8.98119105703936,26.560846560846564,-0.952380952380949,1,25.405405405405407,0.25176501227455184,2.19423361697646
000100.KS,2023-07-21,2023-07-24,64476.19141,,63809.52344,76.21621621621621,16.921412593882483,8.76623072002294,0.0,1.4244828534404839,1.97838802348139,True,13.324988401977356,6.469031703845096,33.73253570922825,2.738805520375472,14374696149.218822,15.716755862806231,6.760452578005816,1.1100860756242836,1.0447781679906676,2023-07-25,59962.8580113,STOP,1,-7.000000000000006,-7.371257485029936,0.8862585824375602,-7.237815801378467,1,24.864864864864867,1.5431271346537212,3.4182686744600677
096770.KS,2023-07-24,2023-07-25,197814.1875,,192428.1562,71.89189189189189,5.495504226383519,7.730266900119975,-4.842614924579703,1.1830324604238402,1.5349117826288718,True,9.429297655168622,5.8855785799290405,41.58321307946289,3.2010185290129582,126109284430.02809,14.577259055641,7.436190746209359,1.7459785934271554,2.798982958815044,2023-07-27,183967.194375,STOP,2,-7.000000000000006,-7.371257485029947,13.61385699395299,-8.76238181854372,2,23.783783783783786,1.7942095453165052,5.605017552249336
361610.KS,2023-07-24,2023-07-25,102500.0,,100000.0,86.48648648648648,2.184331165647837,1.6260162601626105,-2.9126213592232997,0.9072411729503291,1.0055568570142484,True,8.839983456322509,27.472451241211626,108.11654526534858,3.765,49204867318.0,10.13215859030836,7.436190746209359,1.7459785934271554,2.499999999999991,2023-08-09,95325.0,STOP,11,-6.999999999999995,-7.371257485029936,17.07317073170731,-7.317073170731703,2,23.783783783783786,1.7942095453165052,5.605017552249336
000500.KS,2023-07-25,2023-07-26,12814.78516,,12679.32227,85.4054054054054,7.373544523439924,3.0836998929133275,0.0,1.460071384515718,1.0505444815206193,True,18.553046406023288,11.614703863959285,58.64407224554906,4.649572086316253,2469003342.496568,17.0585258863905,7.667623950397395,1.9442771640127976,1.0683764251383732,2023-07-26,11917.750198799999,STOP,0,-7.000000000000006,-7.371257485029936,8.66807290275322,-13.530658441409237,3,24.864864864864867,2.1333494854587576,6.102223421331265
000880.KS,2023-07-25,2023-07-26,44225.36328,,44159.25781,80.0,4.009668425594279,3.4055747794599744,0.0,1.2970169088142576,1.3121776179144715,True,9.850355130552146,9.320365249416751,43.65591209160789,3.0688620839843774,9459431653.52781,10.779435655295067,7.667623950397395,1.9442771640127976,0.14969787373786403,2023-07-26,41129.58785039999,STOP,0,-7.000000000000018,-7.371257485029936,1.3452935055234816,-7.32436393906315,3,24.864864864864867,2.1333494854587576,6.102223421331265
047050.KS,2023-07-25,2023-07-26,77000.0,,74400.0,98.91891891891892,4.391486223761395,12.72727272727272,0.0,1.7789247311827956,1.444656478649093,True,90.32513877874702,44.05719392314567,288.5117493472585,5.221774193548387,163705975590.0,91.01412066752246,7.667623950397395,1.9442771640127976,3.4946236559139754,2023-07-27,71610.0,STOP,1,-6.999999999999995,-7.371257485029936,25.584415584415577,-15.58441558441559,3,24.864864864864867,2.1333494854587576,6.102223421331265
000660.KS,2023-07-27,2023-07-28,126200.0,,124000.0,84.32432432432432,2.4669278068343865,3.161397670549082,0.0,1.1826347305389222,0.9479559413111348,True,10.609601627031552,20.317681781593766,65.33333333333333,2.741935483870968,448006604348.0,6.712564543889843,6.1769851129837905,0.5225137744576447,1.774193548387104,2023-08-03,117365.99999999999,STOP,4,-7.000000000000006,-7.371257485029947,2.2187004754358197,-7.131537242472263,2,24.324324324324326,2.1093967332852515,4.0886988688633386
192820.KS,2023-07-27,2023-07-28,102900.0,2023-10-04,103400.0,91.8918918918919,2.140072388937591,3.7111334002005947,0.0,1.2394755003450655,1.2614851472071833,True,14.29455719149313,20.06808476752635,143.00822561692127,3.7572533849129592,8961210500.0,13.501646542261248,6.1769851129837905,0.5225137744576447,-0.4835589941972973,2023-10-05,126500.0,EXIT_MA,44,22.934888241010686,22.444130204120416,52.76967930029155,-4.178814382896013,2,24.324324324324326,2.1093967332852515,4.0886988688633386
010140.KS,2023-07-28,2023-07-31,8940.0,,8890.0,92.43243243243244,3.2913572036334746,1.36830102622576,0.0,1.4982578397212543,1.5340052168695444,True,26.396906190462666,22.544843146991433,81.985670419652,4.291338582677166,76314449415.0,33.283358320839575,6.270702109161785,0.6110970417594563,0.5624296962879693,2023-08-17,8314.199999999999,STOP,12,-7.000000000000018,-7.371257485029936,5.92841163310962,-8.83668903803132,2,22.702702702702705,1.7174426545440324,3.3247706795504817
028050.KS,2023-07-28,2023-07-31,35950.0,,35750.0,86.48648648648648,2.1935313533823257,3.6231884057970953,0.0,1.434889434889435,1.3766135812114881,True,19.70934904902224,9.66610665858787,85.71428571428572,3.6713286713286712,32565695984.0,26.325088339222624,6.270702109161785,0.6110970417594563,0.5594405594405494,2023-08-25,33433.5,STOP,18,-6.999999999999995,-7.371257485029936,5.146036161335177,-8.20584144645341,2,22.702702702702705,1.7174426545440324,3.3247706795504817
000100.KS,2023-07-31,2023-08-01,70476.1875,2023-10-17,69523.8125,80.54054054054053,3.827245778729323,3.2531828839609256,0.0,1.933332895698767,2.7946855826262507,True,20.993143455098995,7.735529222184123,45.708590764518966,3.4657527419112695,21447757473.79942,21.061367407737563,7.165228957321523,1.48794567092978,1.369854393413772,2023-10-18,65238.09375,EXIT_MA,50,-7.4324306348154785,-7.801961849846151,19.45946502852469,-17.43242842130187,1,24.324324324324326,1.1569819185437202,5.2442704541210805
000150.KS,2023-08-01,2023-08-02,112800.0,,116300.0,84.86486486486487,13.051127621727666,2.6478375992939007,0.0,1.8258575197889182,2.8124561982084773,True,23.337646085647012,2.351632248785651,72.55192878338279,4.0584694754944115,17825350150.0,32.3094425483504,8.457920477796165,2.6715872431495757,-3.009458297506451,2023-08-03,104904.0,STOP,1,-6.999999999999995,-7.371257485029947,4.964539007092195,-7.446808510638303,3,24.324324324324326,2.8442418115033563,6.642707578718299
073240.KS,2023-08-01,2023-08-02,4925.0,,4935.0,83.24324324324324,3.934104138786948,3.894736842105262,-5.640535372848953,1.1770114942528735,1.349138037132671,True,4.27231237322514,26.822667193665307,82.10332103321034,3.6271529888551166,2417049261.8,5.111821086261981,8.457920477796165,2.6715872431495757,-0.20263424518743856,2023-08-03,4580.25,STOP,1,-6.999999999999995,-7.371257485029947,0.0,-8.629441624365485,3,24.324324324324326,2.8442418115033563,6.642707578718299
326030.KS,2023-08-01,2023-08-02,90000.0,,90000.0,78.91891891891892,4.46180213188527,3.4482758620689724,0.0,1.3853073463268366,1.5059442062831203,True,13.785779306159608,11.728560733405846,73.74517374517376,4.083333333333333,14560031248.0,8.173076923076916,8.457920477796165,2.6715872431495757,0.0,2023-08-25,83700.0,STOP,16,-6.999999999999995,-7.371257485029936,14.444444444444438,-6.999999999999995,3,24.324324324324326,2.8442418115033563,6.642707578718299
071970.KS,2023-08-02,2023-08-03,12780.0,,12650.0,97.83783783783784,17.04311251503956,8.490566037735858,0.0,1.9621342512908777,3.0615251045150216,True,67.98130295062809,21.74306661385628,262.46418338108884,6.948616600790514,9482916132.4,68.44207723035952,6.3129259118830605,0.6510929867374227,1.0276679841897174,2023-08-03,11885.4,STOP,0,-7.000000000000006,-7.371257485029936,0.0,-10.328638497652587,1,23.243243243243246,1.4528875920899464,4.108690145367433
307950.KS,2023-08-30,2023-08-31,176000.0,2023-10-16,174900.0,90.81081081081082,2.7917501372034574,1.9825072886297423,0.0,0.9267816465994142,0.6062501413725717,True,18.340392708770324,20.700384656218617,86.85897435897436,4.502572898799314,21948056072.0,15.674603174603185,3.04879845646977,0.1615109622886024,0.6289308176100628,2023-10-17,173300.0,EXIT_MA,28,-1.5340909090909127,-1.9271683904917514,49.43181818181819,-4.829545454545459,1,17.83783783783784,-3.968778258584549,-2.0719482919815513
005930.KS,2023-09-01,2023-09-04,72900.0,2023-09-21,71000.0,71.89189189189189,2.3299200444167094,1.139601139601143,-3.2697547683923744,0.9576427255985267,0.926641629140265,True,1.6522062823926875,7.637540453074432,34.98098859315591,1.795774647887324,918717856606.0,3.197674418604657,3.1153410351828725,0.45901188001242765,2.6760563380281654,2023-09-22,68300.0,EXIT_MA,14,-6.310013717421126,-6.68402563870888,0.0,-6.310013717421126,2,16.216216216216218,-1.5997579522352146,-1.805547435914101
281820.KS,2023-09-01,2023-09-04,23700.0,,23100.0,87.02702702702703,1.8911875493726285,2.4390243902439046,-2.941176470588236,0.6889906046735726,0.5701047975388417,True,6.060606060606055,15.057290923786425,72.38805970149254,3.8008658008658007,2012409513.0,5.239179954441919,3.1153410351828725,0.45901188001242765,2.5974025974025983,2023-09-06,22041.0,STOP,2,-6.999999999999995,-7.371257485029936,0.0,-8.860759493670889,2,16.216216216216218,-1.5997579522352146,-1.805547435914101
085620.KS,2023-09-08,2023-09-11,4370.0,2023-12-07,4350.0,90.27027027027027,1.8001576011477076,1.7543859649122862,0.0,1.6319129646418857,1.3523203386077682,True,17.09286675639301,19.0132948902771,75.75757575757575,4.419540229885058,526992607.9,17.567567567567565,2.355045634319519,0.10184101931889344,0.45977011494253706,2023-12-08,4945.0,EXIT_MA,59,13.157894736842103,12.706166614140146,29.748283752860406,-1.4874141876430214,1,13.513513513513514,-2.071069887992927,-2.3331099423465673
000810.KS,2023-09-11,2023-09-12,267000.0,2023-10-23,267000.0,84.86486486486487,1.6603541770463102,3.0888030888030826,0.0,1.0534351145038168,1.0248088335016008,True,9.278434903613974,10.482822550560144,45.1086956521739,2.4625468164794007,17773439600.0,6.586826347305386,2.6933853994569823,0.531220636686558,0.0,2023-10-24,257500.0,EXIT_MA,25,-3.5580524344569264,-3.943050229129752,2.8089887640449396,-5.992509363295884,2,14.054054054054054,-1.3267725688399734,-2.6243589539338585
267270.KS,2023-09-11,2023-09-12,81504.70312,2023-09-12,80982.23438,89.1891891891892,2.1027146621095616,1.839686393969986,-15.760870266685744,0.8549810378995824,0.8997985804583649,True,0.44584794419626483,20.670321025501458,152.44299733322495,4.045161909991746,15274541024.921337,3.471291058292003,2.6933853994569823,0.531220636686558,0.645164638886575,2023-09-13,77324.97656,EXIT_MA,1,-5.128202913451718,-5.506932642340123,0.25640775562645324,-6.794872452754241,2,14.054054054054054,-1.3267725688399734,-2.6243589539338585
005830.KS,2023-09-15,2023-09-18,93000.0,,94000.0,87.56756756756758,1.6482695423715106,3.0701754385964897,0.0,1.1046931407942238,0.8119725094122832,True,19.23184251249397,6.882316655707932,76.69172932330828,2.877659574468085,14683451504.0,14.774114774114766,4.363483915400956,2.027046818232936,-1.0638297872340385,2023-10-23,86490.0,STOP,20,-6.999999999999995,-7.371257485029936,1.6129032258064502,-8.924731182795698,2,17.2972972972973,3.8642455180674773,0.2922496103328065
103590.KS,2023-09-15,2023-09-18,12737.16992,,12737.16992,97.2972972972973,2.7359008924629347,4.3377208230029884,0.0,0.7983917485943453,0.6205119217100172,True,24.763812166367916,42.15515928924609,232.59258890345492,5.805494223162564,18254976603.46585,47.21312434764362,4.363483915400956,2.027046818232936,0.0,2023-09-22,11845.5680256,STOP,4,-7.000000000000006,-7.371257485029947,2.4498840948178113,-7.05270822044588,2,17.2972972972973,3.8642455180674773,0.2922496103328065
018670.KS,2023-09-19,2023-09-20,147400.0,2023-11-17,147400.0,80.0,31.261691987806596,8.943089430894302,0.0,1.6402266288951841,2.8142385182902823,True,17.778665601278476,1.3852883992222953,46.66666666666666,2.8595658073270016,1411313574.0,16.98412698412699,2.628689501147785,0.1621088812671978,0.0,2023-11-20,145700.0,EXIT_MA,38,-1.1533242876526462,-1.5479217954863511,18.521031207598384,-2.510176390773411,1,13.513513513513514,1.7279198634513993,-0.8903257081658955
010140.KS,2023-11-22,2023-11-23,7970.0,2023-11-24,7960.0,86.48648648648648,1.6878654114498057,1.0152284263959421,-13.195201744820062,0.8703374777975134,1.0022429409290052,True,4.016935420641343,12.11697225864583,62.947799385875136,3.448492462311558,30364139505.2,4.73684210526315,0.1938935733487357,4.213060244138123,0.12562814070351536,2023-11-27,7670.0,EXIT_MA,2,-3.7641154328732718,-4.148290620765993,1.129234629861986,-5.018820577164362,1,11.891891891891893,6.285203091714031,0.2474536419876383
010140.KS,2023-11-28,2023-11-29,8220.0,,8160.0,87.56756756756758,2.214619947070436,1.2406947890818865,-11.014176663031627,1.0654867256637168,1.2139796597049428,True,7.083803574709324,10.974055762271263,67.04196519959058,3.167892156862745,31856337069.4,19.648093841642233,0.5567417773884031,2.841354965863929,0.7352941176470562,2023-12-18,7644.599999999999,STOP,13,-7.000000000000006,-7.371257485029958,0.9732360097323589,-11.678832116788318,4,16.216216216216218,10.701101456552053,-1.1911440916011151
071970.KS,2023-11-28,2023-11-29,11710.0,,11520.0,95.67567567567568,4.681617168582088,6.27306273062731,-11.79173047473201,0.9473240623683101,1.0552474140448487,True,16.490717145977428,21.864717987898818,148.27586206896552,4.869791666666667,3143172717.6,15.199999999999992,0.5567417773884031,2.841354965863929,1.649305555555558,2023-12-07,10890.3,STOP,6,-7.000000000000006,-7.371257485029947,6.746370623398801,-8.539709649871908,4,16.216216216216218,10.701101456552053,-1.1911440916011151
307950.KS,2023-11-28,2023-11-29,183000.0,,184000.0,91.8918918918919,1.67784940248664,0.10881392818280489,-23.33333333333333,1.1420289855072463,1.3298866800062055,True,11.850023707341983,16.233192728094913,96.58119658119656,4.508152173913044,26968108224.0,41.53846153846155,0.5567417773884031,2.841354965863929,-0.5434782608695676,2023-12-07,170190.0,STOP,6,-6.999999999999995,-7.371257485029947,7.431693989071042,-7.4863387978142075,4,16.216216216216218,10.701101456552053,-1.1911440916011151
402340.KS,2023-11-28,2023-11-29,50300.0,2024-01-08,50200.0,83.24324324324324,3.204473545822058,1.3118062563067578,0.0,1.0696864111498259,1.037266745766368,True,11.806499031158824,4.400497599200115,56.87500000000001,2.8486055776892427,15450799867.0,17.97884841363102,0.5567417773884031,2.841354965863929,0.19920318725099584,2024-01-09,49350.0,EXIT_MA,26,-1.88866799204771,-2.280329996071462,4.97017892644136,-5.566600397614319,4,16.216216216216218,10.701101456552053,-1.1911440916011151
018260.KS,2023-11-29,2023-11-30,166100.0,,166200.0,88.10810810810811,3.687306978304411,4.135338345864659,0.0,1.0690690690690692,1.274068066610171,True,18.51619436085401,8.50623450079504,44.27083333333333,2.6083032490974727,18077235278.0,20.347574221578558,0.4653454230076015,2.3065391371841937,-0.06016847172082285,2024-01-24,154473.0,STOP,36,-6.999999999999995,-7.371257485029947,4.756170981336538,-7.525586995785671,2,15.675675675675677,9.48269844823546,-1.6168041975649583
298040.KS,2023-11-29,2023-11-30,212500.0,,212000.0,98.37837837837839,1.7110371019137556,2.6634382566586012,0.0,1.009764229578471,0.9634907646815591,True,16.27779423218263,43.91475086334484,227.6661514683153,4.716981132075472,13778106972.0,15.973741794310726,0.4653454230076015,2.3065391371841937,0.2358490566037652,2023-12-05,197625.0,STOP,3,-6.999999999999995,-7.371257485029936,4.235294117647048,-10.776470588235298,2,15.675675675675677,9.48269844823546,-1.6168041975649583
229640.KS,2023-11-30,2023-12-01,16640.0,,16800.0,97.83783783783784,5.020792221862737,7.416879795396425,-2.211874272409775,1.0597880423915218,1.2106817384491806,True,55.22498383073084,27.52970842440776,154.16036308623296,6.127976190476191,51201286962.2,34.723336006415394,1.0721285085723231,2.5350371054535747,-0.952380952380949,2023-12-05,15475.199999999999,STOP,2,-7.000000000000006,-7.371257485029936,13.040865384615374,-8.353365384615385,1,15.135135135135137,8.20145414679141,-0.820726325304244
079550.KS,2023-12-12,2023-12-13,131800.0,,133600.0,95.67567567567568,12.613329246197074,4.293520686963315,0.0,1.6263013698630138,2.748171011665138,True,43.32918508346564,13.23129251700681,97.34121122599704,3.8622754491017965,43813328168.0,36.74513817809621,0.9906331653184663,1.1633556246558818,-1.3473053892215536,2023-12-14,122573.99999999999,STOP,1,-7.000000000000006,-7.371257485029958,4.1729893778452265,-8.118361153262521,2,12.972972972972974,4.192747148874965,-0.05164662497203487
180640.KS,2023-12-12,2023-12-13,56900.0,2024-02-14,56900.0,89.1891891891892,1.6477023821396963,4.0219378427788,0.0,0.9565217391304348,0.7417392609258997,True,19.50015751338863,5.2259379782432225,59.8314606741573,3.5588752196836557,3715140748.0,17.440660474716196,0.9906331653184663,1.1633556246558818,0.0,2024-02-15,70900.0,EXIT_MA,41,24.604569420035148,24.10714598921664,53.602811950790866,-2.987697715289983,2,12.972972972972974,4.192747148874965,-0.05164662497203487
000660.KS,2023-12-14,2023-12-15,137000.0,2024-01-16,136700.0,90.81081081081082,2.3746901206017585,1.5601783060921193,0.0,0.9766162310866575,1.03232080708876,True,7.2779495550358675,15.438308820531876,82.26666666666667,2.2713972201901975,449771386410.0,3.325774754346189,1.3095958831868204,1.3571270290031467,0.2194586686174116,2024-01-17,133800.0,EXIT_MA,20,-2.335766423357666,-2.7256436033043396,4.8905109489051135,-5.839416058394164,4,14.594594594594595,2.2506410923018416,-1.1158643468618945
016360.KS,2023-12-14,2023-12-15,40200.0,2023-12-27,40100.0,70.8108108108108,1.8837110562493184,0.7537688442211143,0.0,0.688588007736944,0.8504429834638644,True,5.55409318241642,6.034386513341516,31.907894736842103,1.1346633416458853,6279189280.0,2.9525032092426295,1.3095958831868204,1.3571270290031467,0.24937655860348684,2023-12-28,38100.0,EXIT_MA,8,-5.223880597014929,-5.602228379062768,1.6169154228855787,-5.970149253731338,4,14.594594594594595,2.2506410923018416,-1.1158643468618945
028260.KS,2023-12-14,2023-12-15,132700.0,,134000.0,81.62162162162161,3.921043382906842,3.2357473035439233,0.0,1.1615720524017468,1.5030757529586933,True,17.860221295758794,4.4069975664631,33.866133866133865,1.6417910447761193,28017990418.0,13.752122241086596,1.3095958831868204,1.3571270290031467,-0.970149253731345,2024-01-10,123410.99999999999,STOP,15,-7.000000000000006,-7.371257485029947,0.07535795026374359,-7.385079125847782,4,14.594594594594595,2.2506410923018416,-1.1158643468618945
161890.KS,2023-12-14,2023-12-15,54100.0,2024-01-29,54300.0,80.54054054054053,2.2427829636106087,3.23193916349811,-6.540447504302927,0.9342560553633218,0.8879075430225479,True,7.755199237974275,8.568350748680388,45.77181208053691,3.1215469613259668,8767391024.0,16.523605150214582,1.3095958831868204,1.3571270290031467,-0.36832412523020164,2024-01-30,51000.0,EXIT_MA,29,-5.7301293900184795,-6.1064562188008376,3.3271719038816983,-9.14972273567468,4,14.594594594594595,2.2506410923018416,-1.1158643468618945
079550.KS,2023-12-18,2023-12-19,140000.0,,138100.0,97.2972972972973,3.741800680324269,0.07246376811593791,0.0,1.9502681618722575,3.12332220574012,True,42.6947716470345,16.00560969470315,103.98818316100443,4.844315713251268,57343784444.0,48.49462365591397,2.1582699221099233,1.9168362302684594,1.3758146270818283,2023-12-26,130199.99999999999,STOP,4,-7.000000000000006,-7.371257485029947,4.785714285714282,-7.642857142857141,1,12.972972972972974,3.0370968805466303,-0.305270634807997
000120.KS,2023-12-20,2023-12-21,124300.0,2024-02-22,125300.0,93.51351351351352,1.9431801253755825,0.07987220447285281,0.0,1.3092142453363482,1.2594582579685167,True,34.835571625344365,12.640682670804072,79.51289398280804,4.732641660015962,12716999008.0,34.01069518716577,3.9703234633792883,3.470270923680907,-0.7980845969672745,2024-02-23,129000.0,EXIT_MA,41,3.7811745776347605,3.3668784715364053,19.549477071600975,-4.263877715205144,2,15.135135135135137,4.084886730166604,2.131468790312563
000270.KS,2023-12-20,2023-12-21,94300.0,,95000.0,82.70270270270271,2.8810007030111118,5.555555555555558,0.0,1.0994475138121547,1.1144367120621186,True,14.243109336668436,0.40812383781303474,60.202360876897146,1.8526315789473686,89905512070.0,14.32009626955475,3.9703234633792883,3.470270923680907,-0.736842105263158,2024-01-17,87699.0,STOP,16,-6.999999999999995,-7.371257485029947,6.9989395546129485,-7.211028632025451,2,15.135135135135137,4.084886730166604,2.131468790312563
022100.KS,2023-12-21,2023-12-22,59200.0,2024-01-18,60200.0,100.0,5.049308257641942,2.033898305084736,-5.1968503937007915,0.900990099009901,0.9301946794722294,True,12.611769987653854,69.56474849809369,920.3389830508474,4.892026578073089,189216354680.0,6.548672566371683,3.367020248424546,2.7321609397898294,-1.661129568106312,2024-01-19,58100.0,EXIT_MA,17,-1.858108108108103,-2.249892107676532,34.45945945945945,-7.094594594594595,3,15.135135135135137,3.3821635461018795,3.3817520678460555
229640.KS,2023-12-21,2023-12-22,21950.0,,22400.0,99.45945945945947,3.450286500634569,0.22371364653244186,0.0,1.58411507191995,1.2273447098666377,True,61.26013275164499,48.71923898438464,238.8804841149773,10.466517857142858,96513106553.2,84.81848184818482,3.367020248424546,2.7321609397898294,-2.00892857142857,2023-12-27,20413.5,STOP,2,-6.999999999999995,-7.371257485029947,2.505694760820054,-10.159453302961275,3,15.135135135135137,3.3821635461018795,3.3817520678460555
307950.KS,2023-12-21,2023-12-22,205500.0,,203000.0,93.51351351351352,3.712175690252257,3.2553407934893253,-15.416666666666668,0.9324942791762014,1.079506730483336,True,24.448258950465917,11.237269122315308,116.88034188034186,4.403940886699507,27660095334.0,19.76401179941003,3.367020248424546,2.7321609397898294,1.2315270935960632,2024-01-03,191115.0,STOP,5,-6.999999999999995,-7.371257485029947,5.109489051094895,-8.272506082725062,3,15.135135135135137,3.3821635461018795,3.3817520678460555
272210.KS,2023-12-22,2023-12-26,17200.0,2024-01-25,17110.0,89.72972972972974,1.520666210382665,0.8844339622641417,-1.9484240687679066,0.9038912330051571,0.906586912811114,True,17.294614456509816,3.692856685883261,64.51923076923076,3.068381063705435,15990640057.6,8.291139240506329,3.312357773423491,2.5036703583910302,0.5260081823495133,2024-01-26,16380.0,EXIT_MA,21,-4.767441860465116,-5.147611753237724,15.755813953488374,-5.639534883720931,1,15.135135135135137,4.1207600574089565,3.643357053371532
128940.KS,2023-12-26,2023-12-27,342500.0,,337745.0938,77.83783783783784,2.8000746547219113,1.4727565125462583,0.0,0.9750370601351308,0.9802356313130468,True,13.281377294040686,1.9178079303920015,39.75658751147804,2.801161625637799,12538963817.09968,12.950823559041291,3.4060078575469888,2.409221445251819,1.407838718396226,2024-01-19,318525.0,STOP,15,-6.999999999999995,-7.371257485029936,10.072992700729921,-7.737226277372267,2,15.675675675675677,4.284645335121273,4.280462767732218
326030.KS,2023-12-26,2023-12-27,98100.0,,97500.0,83.78378378378379,2.4320499194104817,3.7234042553191404,-2.20661985957874,0.8584474885844748,1.0184973853949457,True,14.436619718309851,7.414364780191374,65.2542372881356,2.7384615384615385,10129095326.0,12.977983777520286,3.4060078575469888,2.409221445251819,0.6153846153846176,2024-01-17,91233.0,STOP,13,-6.999999999999995,-7.371257485029936,6.829765545361877,-9.072375127420996,2,15.675675675675677,4.284645335121273,4.280462767732218
005930.KS,2023-12-27,2023-12-28,77700.0,2024-01-16,78000.0,77.29729729729729,1.6149434310106991,1.6949152542372836,0.0,1.0192307692307692,1.1932222898388025,True,9.036009841198833,4.069014678712235,41.048824593128394,1.25,920939875618.0,7.290233837689142,3.808515272813784,2.653232579192788,-0.38461538461538325,2024-01-17,73100.0,EXIT_MA,12,-5.920205920205923,-6.295773960444606,2.7027027027026973,-8.622908622908621,3,14.054054054054054,3.6379349992150978,6.111728148227602
009420.KS,2023-12-27,2023-12-28,44000.0,,44300.0,97.83783783783784,13.672741673723802,9.789343246592308,0.0,1.2320280537697252,1.9516428365511196,True,29.037895779324806,33.97384990917125,186.73139158576052,5.677200902934537,38180546904.0,19.729729729729726,3.808515272813784,2.653232579192788,-0.6772009029345383,2024-01-04,40920.0,STOP,3,-6.999999999999995,-7.371257485029936,2.954545454545454,-9.659090909090907,3,14.054054054054054,3.6379349992150978,6.111728148227602
175330.KS,2023-12-27,2023-12-28,11000.0,2024-01-08,11000.0,77.83783783783784,1.8551318576571791,0.5484460694698434,-2.9982363315696703,0.908881199538639,1.2992281005842583,True,3.981548001663704,13.334368957001974,39.771283354510814,1.7863636363636364,4658953840.2,1.6635859519408491,3.808515272813784,2.653232579192788,0.0,2024-01-09,10740.0,EXIT_MA,6,-2.3636363636363678,-2.753402286336415,4.2727272727272725,-3.9090909090909065,3,14.054054054054054,3.6379349992150978,6.111728148227602
003230.KS,2024-01-02,2024-01-03,233000.0,,234500.0,96.75675675675676,4.044105340746616,0.4282655246252709,0.0,0.944386149003148,1.0675820208405724,True,13.607735984341996,33.316110031066536,125.91522157996144,3.9445628997867805,12884227064.0,10.874704491725762,5.945404749265681,4.311885581846697,-0.6396588486140775,2024-01-03,216690.0,STOP,0,-6.999999999999995,-7.371257485029947,0.0,-8.369098712446355,2,14.054054054054054,5.305902596180245,10.978975864620777
281820.KS,2024-01-02,2024-01-03,28100.0,2024-02-01,28900.0,91.35135135135135,1.9918266708886672,2.1201413427561766,0.0,0.9662231320368475,1.0174581393534694,True,20.581461330484995,11.815215083987841,95.27027027027026,4.230103806228374,2619416716.6,9.056603773584904,5.945404749265681,4.311885581846697,-2.768166089965396,2024-02-02,28000.0,EXIT_MA,22,-0.3558718861209953,-0.7536528366754114,20.818505338078296,-3.558718861209964,2,14.054054054054054,5.305902596180245,10.978975864620777
267260.KS,2024-01-05,2024-01-08,90200.0,2024-07-22,90300.0,97.2972972972973,1.4969713791288464,0.33333333333334103,0.0,1.052219321148825,0.8242303216207448,True,9.80325397018409,26.733497199127765,149.4475138121547,4.108527131782946,25199267988.0,8.664259927797824,2.1799634120552858,0.22244359370038325,-0.11074197120708451,2024-07-23,298500.0,EXIT_MA,133,230.9312638580931,229.6101809684401,303.5476718403547,-1.8847006651884657,1,12.972972972972974,3.3596888892061028,7.304647266787168
000810.KS,2024-02-01,2024-02-02,292000.0,2024-04-05,289500.0,77.29729729729729,4.602256674439403,9.451795841209831,0.0,1.5018050541516246,1.354069948223017,True,14.129149254908135,3.7814395450407545,44.389027431421454,2.806563039723662,18921381020.0,15.799999999999992,0.5283268592437773,1.5212225932093926,0.8635578583765069,2024-04-08,304000.0,EXIT_MA,43,4.109589041095885,3.6939818992152595,18.493150684931514,-2.2260273972602773,10,11.891891891891893,-1.722447397218052,1.60207491800064
003690.KS,2024-02-01,2024-02-02,6516.666504,2024-04-04,6508.333496,72.97297297297297,4.637903896737042,2.8985532964426852,-3.5802445037037,1.21088424534224,1.284351775620376,True,6.371390320563797,10.206011324752563,40.50975192893598,1.8758000842309632,2228017172.8019676,12.698415515151517,0.5283268592437773,1.5212225932093926,0.12803597119170895,2024-04-05,6608.333496,EXIT_MA,42,1.4066546438080696,1.0018376592020317,9.335041092352947,-4.219948954441688,10,11.891891891891893,-1.722447397218052,1.60207491800064
024110.KS,2024-02-01,2024-02-02,13210.0,2024-03-29,13130.0,78.91891891891892,6.79999564841046,4.70494417862839,0.0,1.6907894736842106,1.5847932518321344,True,11.431723669693628,7.6554805346684685,36.91345151199166,1.4508758568164508,13173697917.6,14.472537053182212,0.5283268592437773,1.5212225932093926,0.6092916984006047,2024-04-01,13500.0,EXIT_MA,38,2.195306585919754,1.7873412901675767,21.19606358819077,-3.1037093111279335,10,11.891891891891893,-1.722447397218052,1.60207491800064
028260.KS,2024-02-01,2024-02-02,152900.0,,148700.0,90.27027027027027,7.89302538316996,7.519884309472169,0.0,1.5265700483091786,1.7917502354302803,True,20.027767015368724,11.128752304193966,48.55144855144855,2.293207800941493,46283329286.0,16.994492525570415,0.5283268592437773,1.5212225932093926,2.824478816408882,2024-02-02,142197.0,STOP,0,-6.999999999999995,-7.371257485029936,0.915631131458472,-7.2596468279921496,10,11.891891891891893,-1.722447397218052,1.60207491800064
078930.KS,2024-02-01,2024-02-02,50500.0,,49700.0,80.0,5.50754667928449,7.1120689655172376,0.0,1.7526315789473683,1.503530401619579,True,18.65539798500693,5.184385319488216,41.99999999999999,2.359154929577465,6016693853.0,22.113022113022108,0.5283268592437773,1.5212225932093926,1.6096579476861272,2024-02-15,46965.0,STOP,7,-6.999999999999995,-7.371257485029936,4.5544554455445585,-7.326732673267323,10,11.891891891891893,-1.722447397218052,1.60207491800064
088350.KS,2024-02-01,2024-02-02,3470.0,,3355.0,83.78378378378379,26.319794552983073,8.225806451612904,0.0,1.8685314685314685,2.9908622179765776,True,24.015820796214825,3.2764198932992317,54.96535796766744,3.4351713859910578,7332488558.4,27.809523809523817,0.5283268592437773,1.5212225932093926,3.427719821162434,2024-02-26,3227.1,STOP,14,-7.000000000000006,-7.371257485029947,9.942363112391938,-13.400576368876083,10,11.891891891891893,-1.722447397218052,1.60207491800064
138040.KS,2024-02-01,2024-02-02,69400.0,2024-04-12,70000.0,93.51351351351352,2.4692327324110224,2.1897810218978186,0.0,1.1160220994475138,1.2332154261117012,True,19.49062852070602,14.787328366178286,81.34715025906736,2.5857142857142854,23536400214.0,22.591943957968486,0.5283268592437773,1.5212225932093926,-0.8571428571428563,2024-04-15,76800.0,EXIT_MA,47,10.662824207492804,10.221056446185429,27.23342939481268,-3.3141210374639796,10,11.891891891891893,-1.722447397218052,1.60207491800064
139130.KS,2024-02-01,2024-02-02,9820.0,,9800.0,88.64864864864866,7.786777689548686,8.64745011086474,0.0,1.657718120805369,1.5920010522321402,True,16.292868161860685,9.393964963295186,45.83333333333333,1.8724489795918366,4240320153.6,18.214716525934872,0.5283268592437773,1.5212225932093926,0.20408163265306367,2024-02-14,9132.599999999999,STOP,6,-7.000000000000018,-7.371257485029947,1.6293279022403295,-7.128309572301427,10,11.891891891891893,-1.722447397218052,1.60207491800064
175330.KS,2024-02-01,2024-02-02,12460.0,,12580.0,87.56756756756758,5.047041880542399,9.965034965034958,0.0,1.2223273415326394,1.089890314948286,True,16.808111571245533,12.297714381047719,53.9779681762546,2.2813990461049283,4757737015.4,12.321428571428573,0.5283268592437773,1.5212225932093926,-0.9538950715421324,2024-02-05,11587.8,STOP,1,-7.000000000000006,-7.371257485029947,0.08025682182986049,-7.223113964687,10,11.891891891891893,-1.722447397218052,1.60207491800064
402340.KS,2024-02-01,2024-02-02,54500.0,2024-05-03,53600.0,88.10810810810811,3.993568687299263,2.2900763358778553,0.0,1.0951111111111111,1.1827735421388832,True,7.727866546075779,9.07895097421283,50.350631136044875,2.6679104477611943,12550361694.0,9.61145194274029,0.5283268592437773,1.5212225932093926,1.679104477611948,2024-05-07,76300.0,EXIT_MA,61,39.99999999999999,39.44111776447106,58.71559633027523,-0.917431192660545,10,11.891891891891893,-1.722447397218052,1.60207491800064
005830.KS,2024-02-02,2024-02-05,99200.0,,99200.0,80.54054054054053,3.030742633816398,5.756929637526653,0.0,1.4334334334334333,1.3006024391230053,True,20.52291393303203,1.323353809412442,53.56037151702786,2.9838709677419355,11795626882.0,25.41087231352719,3.3950167593415292,4.352584298004114,0.0,2024-02-27,92256.0,STOP,14,-6.999999999999995,-7.371257485029936,6.25,-7.76209677419355,4,14.594594594594595,1.4440971526719082,7.011166333915231
055550.KS,2024-02-02,2024-02-05,44400.0,,45300.0,75.67567567567568,5.359003740844066,6.58823529411765,0.0,1.546526867627785,2.5084213438120404,True,19.06952293336839,6.075391735905877,39.384615384615394,2.461368653421634,44928896073.0,22.930800542740837,3.3950167593415292,4.352584298004114,-1.9867549668874163,2024-02-05,41292.0,STOP,0,-6.999999999999995,-7.371257485029947,0.0,-7.432432432432434,4,14.594594594594595,1.4440971526719082,7.011166333915231
105560.KS,2024-02-02,2024-02-05,65000.0,,66300.0,82.16216216216216,4.807378471643265,7.804878048780495,0.0,1.803186504217432,1.8818405932728777,True,25.67767373090193,2.205732774069813,42.58064516129032,2.537707390648567,66950561868.0,29.239766081871355,3.3950167593415292,4.352584298004114,-1.9607843137254943,2024-02-26,60449.99999999999,STOP,13,-7.000000000000006,-7.371257485029958,9.38461538461539,-8.153846153846157,4,14.594594594594595,1.4440971526719082,7.011166333915231
316140.KS,2024-02-02,2024-02-05,14780.0,,14710.0,70.27027027027027,3.351022137607754,1.5182884748102143,0.0,1.8580323785803239,1.4186346911669108,True,13.953272186415466,5.993152090911336,34.337899543379,1.7573079537729437,27246543668.0,17.77421937550041,3.3950167593415292,4.352584298004114,0.47586675730795225,2024-02-07,13745.4,STOP,2,-7.000000000000006,-7.371257485029936,1.4884979702300516,-7.983761840324766,4,14.594594594594595,1.4440971526719082,7.011166333915231
002380.KS,2024-02-05,2024-02-06,270500.0,,271500.0,70.27027027027027,3.0008135969982868,0.7421150278293043,0.0,2.0237732398658945,2.1478262213856993,True,21.792571326036246,0.9521437386076803,43.2717678100264,4.071823204419889,7213202190.0,22.297297297297302,2.4379530081501732,3.3465369797641698,-0.36832412523020164,2024-02-14,251564.99999999997,STOP,4,-7.000000000000006,-7.371257485029947,6.099815157116462,-7.208872458410354,3,14.594594594594595,0.9147833718075038,7.007289905165592
018670.KS,2024-02-05,2024-02-06,159300.0,2024-03-14,159300.0,71.89189189189189,1.4792952814181017,2.5096525096525157,-6.238964096527367,1.258160237388724,0.9310215982865494,True,5.656222640808628,9.787302211445347,37.56476683937824,2.1437539234149403,1358240058.0,6.483957219251346,2.4379530081501732,3.3465369797641698,0.0,2024-03-15,152100.0,EXIT_MA,25,-4.519774011299438,-4.900932598080687,2.4482109227871973,-5.524168236032645,3,14.594594594594595,0.9147833718075038,7.007289905165592
267250.KS,2024-02-05,2024-02-06,72500.0,,73600.0,75.13513513513513,3.082784181358812,0.8219178082191858,0.0,1.5075376884422111,1.5509161658637736,True,14.946119006715609,3.9996751532870523,31.428571428571427,3.4307065217391304,16035734586.0,16.825396825396833,2.4379530081501732,3.3465369797641698,-1.4945652173913082,2024-02-15,67425.0,STOP,5,-6.999999999999995,-7.371257485029947,2.4827586206896513,-8.275862068965523,3,14.594594594594595,0.9147833718075038,7.007289905165592
073240.KS,2024-02-07,2024-02-08,6490.0,,6480.0,95.13513513513514,1.8953316280004926,2.857142857142847,0.0,1.7927041111754487,2.10486727863525,True,18.356164383561648,12.46514350860435,107.02875399361021,4.000771604938272,2552129900.2,18.681318681318682,3.149460973400231,3.904120902117003,0.15432098765431057,2024-03-12,6035.7,STOP,20,-7.000000000000006,-7.371257485029936,6.009244992295848,-8.320493066255775,2,16.756756756756758,2.659348166856912,8.296613352133475
294870.KS,2024-02-07,2024-02-08,18500.0,,18570.0,95.67567567567568,1.4299276656251132,1.4754098360655776,0.0,1.2311621966794382,1.5551007500637026,True,19.5365304151915,24.91506820676317,86.25877632898695,3.360258481421648,7306957792.2,19.96124031007751,3.149460973400231,3.904120902117003,-0.3769520732364029,2024-02-14,17205.0,STOP,2,-6.999999999999995,-7.371257485029936,1.1891891891891992,-7.027027027027022,2,16.756756756756758,2.659348166856912,8.296613352133475
028260.KS,2024-02-08,2024-02-13,154000.0,2024-04-03,156500.0,90.27027027027027,1.7517971535114478,0.38486209108403724,0.0,2.005161290322581,2.4476688806701246,True,22.99784655527437,13.063761535146368,56.34365634365635,3.143769968051118,61913633324.0,28.700657894736835,3.564893039356387,4.165744746792477,-1.5974440894568676,2024-04-04,152000.0,EXIT_MA,36,-1.2987012987012991,-1.692718459185527,11.493506493506489,-4.545454545454541,1,17.83783783783784,3.1512416935897347,9.009221265811806
000660.KS,2024-02-13,2024-02-14,146300.0,2024-07-18,150000.0,89.1891891891892,2.142837128359551,3.1636863823933936,0.0,1.093544137022398,1.1764051719269963,True,10.271414708736426,13.2938829731857,89.87341772151898,2.833333333333333,451458831820.0,11.85682326621924,4.707469017888455,5.07109802860104,-2.4666666666666615,2024-07-19,208500.0,EXIT_MA,106,42.51537935748462,41.94645568739486,69.85645933014355,-0.9569377990430672,2,18.91891891891892,4.934153445764045,8.893039884927578
042700.KS,2024-02-13,2024-02-14,79400.0,,81000.0,99.45945945945947,7.159255779457149,3.1847133757961776,0.0,1.5627118644067797,2.192156417147137,True,35.91060102688011,25.73935003655212,469.2199578355587,4.555555555555555,84597801196.0,41.85639229422067,4.707469017888455,5.07109802860104,-1.975308641975304,2024-02-19,73842.0,STOP,3,-6.999999999999995,-7.371257485029936,1.133501259445846,-7.43073047858942,2,18.91891891891892,4.934153445764045,8.893039884927578
071050.KS,2024-02-14,2024-02-15,67800.0,2024-03-29,67200.0,72.43243243243244,1.7573771737951813,0.14903129657228842,0.0,1.4346201743462017,1.7284324251486594,True,11.835973904939422,9.0575797449975,41.47368421052631,3.3482142857142856,7873290186.0,19.999999999999996,3.5434891731133344,3.718192313204005,0.8928571428571397,2024-04-01,67400.0,EXIT_MA,31,-0.5899705014749235,-0.9868169266187499,10.914454277286145,-3.392330383480824,2,19.45945945945946,3.738333579065367,5.378679285766497
281820.KS,2024-02-14,2024-02-15,35300.0,,35300.0,97.2972972972973,2.4869248363926104,2.6162790697674465,0.0,1.3036831132731064,1.2329404270326145,True,22.463139635732876,24.852461856652486,112.39470517448855,5.842776203966006,4738812714.0,22.14532871972319,3.5434891731133344,3.718192313204005,0.0,2024-02-22,32829.0,STOP,5,-6.999999999999995,-7.371257485029936,6.798866855524088,-8.498583569405094,2,19.45945945945946,3.738333579065367,5.378679285766497
030200.KS,2024-02-19,2024-02-20,42200.0,,42200.0,81.08108108108108,2.676972270283236,6.970849176172367,0.0,1.608832807570978,1.6219464083994914,True,19.468901282450535,8.456726156208028,45.51724137931035,2.322274881516588,28847724497.0,24.852071005917153,5.842811477790133,4.904801842648632,0.0,2024-02-21,39246.0,STOP,1,-6.999999999999995,-7.371257485029936,0.0,-7.5829383886255926,3,20.0,9.844919229212689,7.589116197762791
039490.KS,2024-02-19,2024-02-20,122000.0,2024-04-12,121800.0,78.37837837837837,1.5803186983951185,1.8394648829431537,0.0,1.547112462006079,1.627344416741777,True,23.04024567641829,3.7934866944869583,59.63302752293578,3.4852216748768474,6455714502.0,31.25,5.842811477790133,4.904801842648632,0.16420361247948545,2024-04-15,121600.0,EXIT_MA,37,-0.3278688524590123,-0.7257615915709503,11.967213114754106,-6.065573770491806,3,20.0,9.844919229212689,7.589116197762791
086790.KS,2024-02-19,2024-02-20,59500.0,,58900.0,88.64864864864866,1.7215362867525814,2.7923211169284423,0.0,1.9153094462540716,1.9319091255124274,True,30.03068635892001,8.15450643776825,56.85752330226366,3.9303904923599324,64144073581.0,43.309002433090015,5.842811477790133,4.904801842648632,1.018675721561979,2024-02-20,55334.99999999999,STOP,0,-7.000000000000018,-7.371257485029947,0.0,-7.394957983193273,3,20.0,9.844919229212689,7.589116197762791
032830.KS,2024-02-21,2024-02-22,87800.0,2024-04-09,88300.0,82.70270270270271,3.25288596723584,2.674418604651163,0.0,1.6381709741550696,1.6177178545368445,True,25.522417763625516,1.5394164218852646,46.92179700499168,4.099660249150623,35396579342.0,44.75409836065574,4.708839315221125,3.0953967155859408,-0.5662514156285381,2024-04-11,85400.0,EXIT_MA,33,-2.733485193621865,-3.121774673886857,23.576309794988614,-5.6947608200455635,1,20.0,7.667740113442267,5.638018503906883
009970.KS,2024-02-22,2024-02-23,97700.0,,97700.0,83.24324324324324,1.6666944217777702,1.6649323621227952,0.0,1.3510140405616224,1.0758197118986017,True,21.541600318471342,4.562512601380142,58.090614886731395,4.488229273285568,2138969616.0,32.92517006802722,5.106420022585101,3.149196880749927,0.0,2024-02-28,90861.0,STOP,3,-6.999999999999995,-7.3712574850299255,6.141248720573178,-7.164790174002045,2,19.45945945945946,7.490484787246943,5.9368761855211005
018260.KS,2024-02-22,2024-02-23,171000.0,2024-02-27,170100.0,80.54054054054053,1.8975670023463496,2.408187838651421,-1.104651162790693,1.1391076115485563,0.8882039207801221,True,4.132231404958686,15.781676938288758,47.65625,3.5420340975896534,31234777918.0,4.036697247706411,5.106420022585101,3.149196880749927,0.5291005291005346,2024-02-28,163200.0,EXIT_MA,3,-4.561403508771933,-4.9423959099345165,1.1695906432748648,-9.239766081871348,2,19.45945945945946,7.490484787246943,5.9368761855211005
029780.KS,2024-02-23,2024-02-26,38000.0,2024-04-02,38000.0,74.5945945945946,1.9227554936361115,1.333333333333342,0.0,1.4524714828897338,1.6167822680070516,True,14.21701232341448,6.906163893865025,33.33333333333333,2.4671052631578947,3610622441.0,17.829457364341096,5.207247931215542,2.8876155843968965,0.0,2024-04-03,36300.0,EXIT_MA,26,-4.473684210526319,-4.855026788528205,9.473684210526322,-6.447368421052635,1,20.0,8.017606044903914,6.8520395900428355
012450.KS,2024-02-26,2024-02-27,185608.9844,2024-05-17,184609.2969,94.5945945945946,3.2365434592281987,3.875000735767653,0.0,1.3419159910459557,1.5781382792742662,True,21.56943264396558,12.541931820712193,91.91686125914298,4.2839950440220775,72573464800.02695,18.291817373649533,4.3688031215902035,1.7455761798429004,0.5415152523664757,2024-05-20,230483.9219,EXIT_MA,54,24.177136492106154,23.681419380361213,49.31178827138714,-0.059845271153802226,1,20.54054054054054,7.154480100069538,6.0673397553857145
175330.KS,2024-02-27,2024-02-28,12960.0,2024-04-02,13610.0,92.43243243243244,2.322408503345301,1.1144130757800852,0.0,1.2831585441085749,1.185569430546434,True,19.597883969841302,14.925998677014896,66.58506731946146,4.019103600293902,6402818834.8,25.553505535055354,3.474981986994763,0.6155458847446837,-4.7759000734753805,2024-04-03,12380.0,EXIT_MA,24,-4.475308641975307,-4.856644735220916,8.796296296296301,-5.7870370370370345,3,17.83783783783784,5.910286073886906,4.095950391409375
272210.KS,2024-02-27,2024-02-28,17230.0,2024-02-29,17160.0,74.05405405405405,6.790653399136752,0.05830903790087216,-11.317829457364336,1.0842245989304813,1.3687600021972062,True,1.5156355375714359,14.166267061993887,46.54141759180188,3.84032634032634,29524891467.4,4.634146341463419,3.474981986994763,0.6155458847446837,0.40792540792540244,2024-03-04,16660.0,EXIT_MA,2,-3.3081834010446842,-3.694178676888815,2.611723737666871,-4.701102727800343,3,17.83783783783784,5.910286073886906,4.095950391409375
281820.KS,2024-02-27,2024-02-28,39000.0,2024-04-09,39200.0,97.83783783783784,12.390061055161063,3.9787798408488007,0.0,1.4204986149584486,2.068432898872354,True,29.28333498235547,27.430214085785607,135.86040914560772,6.849489795918368,7311537697.0,24.642289348171698,3.474981986994763,0.6155458847446837,-0.5102040816326481,2024-04-11,36800.0,EXIT_MA,29,-5.641025641025643,-6.017708173396796,38.717948717948715,-7.692307692307687,3,17.83783783783784,5.910286073886906,4.095950391409375
042700.KS,2024-02-28,2024-02-29,87700.0,2024-07-15,90100.0,99.45945945945947,3.318338754270616,5.751173708920199,0.0,1.5939278937381405,1.8096651881201944,True,41.98814926878467,25.69763514684631,533.1693605059733,6.076581576026637,131632536786.0,50.668896321070235,4.5175584017896675,1.3650497587329946,-2.663706992230852,2024-07-16,159600.0,EXIT_MA,92,81.98403648802737,81.25755330843445,123.71721778791334,-3.6488027366020526,2,18.37837837837838,6.064029070151689,5.257538342099299
294870.KS,2024-02-28,2024-02-29,20450.0,,20400.0,95.13513513513514,2.0578503413979186,4.2411854879918165,0.0,1.046714172604909,0.9573046230956331,True,24.160093485246858,27.5959275912681,104.61384152457373,3.2377450980392157,7342466512.6,13.522537562604331,4.5175584017896675,1.3650497587329946,0.2450980392156854,2024-03-06,19018.5,STOP,3,-6.999999999999995,-7.371257485029947,1.4669926650366705,-7.92176039119804,2,18.37837837837838,6.064029070151689,5.257538342099299
000270.KS,2024-02-29,2024-03-04,124500.0,,124500.0,93.51351351351352,2.6778781779150105,2.13289581624283,0.0,1.2036823935558112,1.1273282465061887,True,22.771378983906597,15.734152006071579,67.11409395973153,4.7269076305220885,243286169214.0,27.040816326530614,4.09976413880766,0.7092932758922643,0.0,2024-03-20,115784.99999999999,STOP,12,-7.000000000000006,-7.371257485029958,5.783132530120483,-7.550200803212848,2,18.91891891891892,5.744736278892981,4.22318813046858
326030.KS,2024-02-29,2024-03-04,96800.0,2024-03-04,96900.0,78.91891891891892,5.234897028485524,1.7857142857142794,-6.737247353224252,0.9745222929936306,1.327676382111174,True,4.906461112073446,8.61584412224692,64.23728813559322,3.106295149638803,16074469228.0,5.4406964091403776,4.09976413880766,0.7092932758922643,-0.10319917440660964,2024-03-05,91500.0,EXIT_MA,1,-5.475206611570249,-5.8525510961548015,0.0,-6.095041322314055,2,18.91891891891892,5.744736278892981,4.22318813046858
005940.KS,2024-03-04,2024-03-05,11840.0,2024-04-01,11950.0,73.51351351351352,1.738567452547185,0.42016806722688926,0.0,1.2674698795180723,1.0767924954980712,True,12.404996613740682,4.356873966242447,39.9297423887588,2.3849372384937237,6691020997.0,12.948960302457468,5.322835071558818,1.582498523939302,-0.9205020920502127,2024-04-02,11220.0,EXIT_MA,20,-5.236486486486491,-5.61478394562227,10.641891891891886,-5.827702702702697,2,18.91891891891892,7.095456141188294,6.756859626281497
086790.KS,2024-03-04,2024-03-05,60700.0,,60200.0,91.35135135135135,1.4511504976178133,0.33333333333334103,0.0,1.6305732484076434,1.3676561803069005,True,25.442800583454893,12.796225239888837,60.31957390146472,5.456810631229236,78960030770.0,25.94142259414225,5.322835071558818,1.582498523939302,0.8305647840531671,2024-04-01,56450.99999999999,STOP,19,-7.000000000000018,-7.371257485029958,7.413509060955525,-7.742998352553543,2,18.91891891891892,7.095456141188294,6.756859626281497
007660.KS,2024-03-05,2024-03-06,38200.0,,38500.0,98.91891891891892,7.082723330627262,2.5299600532623145,-8.00477897252091,1.2164674634794157,1.815001717514287,True,28.74101320849356,7.507747172551649,380.64918851435704,5.0649350649350655,90576443150.0,42.59259259259258,4.311950970838052,0.4338163248842397,-0.7792207792207795,2024-03-13,35526.0,STOP,5,-6.999999999999995,-7.371257485029947,11.387434554973819,-8.246073298429323,2,22.162162162162165,4.20616027943026,5.34602889200797
079550.KS,2024-03-05,2024-03-06,154100.0,2024-04-30,152300.0,96.75675675675676,1.924092507542804,2.4899057873485786,0.0,1.386832878846903,1.351163823516495,True,21.538584310908938,30.42731573277544,124.96307237813883,5.0755088640840444,55686020870.0,44.49715370018976,4.311950970838052,0.4338163248842397,1.1818778726198298,2024-05-02,161600.0,EXIT_MA,39,4.866969500324458,4.448338883556691,24.140168721609335,0.0,2,22.162162162162165,4.20616027943026,5.34602889200797
055550.KS,2024-03-08,2024-03-11,45250.0,2024-04-03,46000.0,78.91891891891892,1.5118887085386434,0.10881392818280489,0.0,1.1308724832214765,1.6392854791894003,True,12.642946347674911,11.00253470782906,41.53846153846155,3.5815217391304346,95686376783.0,9.13404507710558,5.421836507006783,1.2489035094934264,-1.6304347826086918,2024-04-04,44050.0,EXIT_MA,18,-2.6519337016574607,-3.0405487367805795,13.812154696132595,-4.3093922651933685,1,22.162162162162165,4.04278196494694,7.555165980991174
105560.KS,2024-03-13,2024-03-14,75900.0,,77500.0,92.43243243243244,1.464892852286792,4.026845637583887,0.0,1.1699316628701595,1.1925834073652393,True,28.694785785453348,11.690190477956852,66.66666666666667,4.064516129032258,131761417690.0,11.190817790530838,5.828387851624939,1.4499807824658317,-2.0645161290322567,2024-03-27,70587.0,STOP,9,-6.999999999999995,-7.371257485029947,3.5573122529644285,-9.486166007905139,1,20.0,1.6579677531296966,6.243912748986014
005830.KS,2024-03-14,2024-03-15,105900.0,,106200.0,82.16216216216216,3.079360069305119,0.7590132827324458,0.0,1.0338461538461539,1.2858656911744288,True,18.312871816581634,7.514208543691647,52.80575539568346,4.227871939736347,16177006668.0,11.5546218487395,6.780120876321094,2.2094441370658746,-0.28248587570621764,2024-03-18,98487.0,STOP,1,-6.999999999999995,-7.371257485029947,3.3050047214353118,-7.1765816808309735,2,21.08108108108108,3.75283698518607,8.288661359723015
138930.KS,2024-03-14,2024-03-15,8250.0,,8340.0,70.27027027027027,2.4537594036521564,2.9629629629629672,0.0,1.057591623036649,1.2330179471898728,True,11.482422136078064,6.1428338334716726,35.17017828200972,2.4580335731414866,10716742267.4,8.735332464146017,6.780120876321094,2.2094441370658746,-1.0791366906474864,2024-04-02,7672.499999999999,STOP,12,-7.000000000000006,-7.371257485029958,1.9393939393939297,-7.151515151515153,2,21.08108108108108,3.75283698518607,8.288661359723015
001040.KS,2024-03-15,2024-03-18,113000.0,2024-06-04,109200.0,70.8108108108108,6.0577519171937615,0.9242144177449063,-4.960835509138384,0.8949373979314099,1.2630335488141815,True,13.757109819363711,13.694533438349431,80.19801980198021,4.006410256410256,12499646690.0,12.693498452012374,4.718378951207525,0.15770236531178483,3.4798534798534897,2024-06-05,125000.0,EXIT_MA,53,10.619469026548668,10.17787433981594,35.30973451327433,-5.752212389380529,1,19.45945945945946,2.0292309283677756,4.8212060183799865
103590.KS,2024-03-18,2024-03-19,17030.0,2024-07-22,17200.0,98.37837837837839,15.920128049707602,14.134041141340404,0.0,1.5205691308382308,2.695041115389466,True,46.52264285957679,6.528076772833691,253.1960666691302,5.220930232558139,18984262806.8,58.81809787626962,5.439961105601898,0.8010915256932316,-0.9883720930232598,2024-07-23,25100.0,EXIT_MA,85,47.386964180857305,46.79859306636285,77.62771579565472,-3.5819142689371697,1,20.54054054054054,1.3999032702098235,4.769930338503525
071970.KS,2024-03-20,2024-03-21,11620.0,2024-08-22,11530.0,90.81081081081082,1.8615614383364938,2.5800711743772187,-11.715160796324653,1.1203453858607664,1.1151599598566453,True,3.8383256182568104,9.867906792658188,129.22465208747514,3.668690372940156,1959905034.6,12.378167641325533,5.5623121208417725,0.9468191920388058,0.7805724197744945,2024-08-23,19700.0,EXIT_MA,105,69.53528399311533,68.85849643226456,113.85542168674698,-3.3562822719449215,1,21.62162162162162,1.2171711657167572,4.733793061472102
007660.KS,2024-03-27,2024-03-28,43150.0,,43750.0,97.2972972972973,3.6156239940669814,2.820211515863691,0.0,1.120844327176781,1.2477596515619807,True,34.648528868644576,8.679800648894531,402.8735632183908,7.04,153652490250.0,50.08576329331047,7.929403025946136,2.431986204532266,-1.3714285714285679,2024-04-02,40129.5,STOP,3,-6.999999999999995,-7.371257485029947,7.763615295480886,-7.300115874855151,3,23.118279569892472,4.954574410859158,5.418408532619101
259960.KS,2024-03-27,2024-03-28,255500.0,,257000.0,90.27027027027027,3.27901523453387,4.048582995951411,0.0,1.1851851851851851,1.4463013697716003,True,15.750123857136433,16.33774256678693,75.42662116040955,4.056420233463035,27056715330.0,14.732142857142861,7.929403025946136,2.431986204532266,-0.5836575875486361,2024-04-11,237500.0,STOP,9,-7.045009784735812,-7.416087589986365,1.7612524461839474,-7.240704500978479,3,23.118279569892472,4.954574410859158,5.418408532619101
298040.KS,2024-03-27,2024-03-28,260000.0,2024-06-28,260500.0,97.83783783783784,1.5912523228111763,2.5590551181102317,0.0,1.2485368708544675,1.046663812906109,True,31.492605118368576,14.853700815704185,297.1036585365854,6.387715930902112,17832841242.0,35.67708333333333,7.929403025946136,2.431986204532266,-0.19193857965451588,2024-07-01,344500.0,EXIT_MA,62,32.49999999999999,31.971057884231534,80.38461538461539,-1.9230769230769273,3,23.118279569892472,4.954574410859158,5.418408532619101
005930.KS,2024-03-29,2024-04-01,83200.0,,82400.0,72.43243243243244,1.4888328815388958,1.7283950617283939,0.0,1.3498233215547704,1.4468271058558169,True,10.574342458400432,3.8092651022838764,34.86088379705401,1.8992718446601942,1386460481914.0,12.261580381471383,7.542125717353532,1.742594190150304,0.9708737864077666,2024-04-19,77376.0,STOP,13,-6.999999999999995,-7.3712574850299255,3.3653846153846256,-8.29326923076923,1,20.967741935483872,3.9460850064975572,2.8773516580716585
000500.KS,2024-04-29,2024-04-30,27944.44531,,27444.44531,98.37837837837839,4.210490427952867,2.277433473065571,0.0,1.4821430050813111,1.6797096678886443,True,57.099703115459356,36.09054610637485,218.95086996604024,9.458501959790567,34805871039.512085,70.63904162735481,4.913061799951746,0.5266952042947359,1.8218622907194115,2024-05-03,25988.334138299997,STOP,2,-7.000000000000006,-7.371257485029947,2.982102599480796,-10.934397180202959,3,18.817204301075268,-2.1550024765386255,7.548788325091338
073240.KS,2024-04-29,2024-04-30,6940.0,2024-06-13,6740.0,84.32432432432432,2.034481022054562,0.5970149253731405,-0.5899705014749235,1.0478359908883828,1.1338880854729223,True,8.328779452891432,18.034963907306768,62.019230769230774,3.479228486646884,2380014204.2,14.431239388794559,4.913061799951746,0.5266952042947359,2.9673590504450953,2024-06-14,6750.0,EXIT_MA,29,-2.737752161383289,-3.126024607844835,20.461095100864558,-5.043227665706052,3,18.817204301075268,-2.1550024765386255,7.548788325091338
272210.KS,2024-04-29,2024-04-30,20150.0,,20350.0,84.86486486486487,2.408186352913328,1.750000000000007,0.0,1.1657608695652173,1.5681647868524726,True,16.911021233569244,12.38672645508283,73.63481228668942,4.004914004914005,39289418113.6,18.520675596971458,4.913061799951746,0.5266952042947359,-0.9828009828009798,2024-05-09,18739.5,STOP,5,-6.999999999999995,-7.371257485029936,1.2406947890818865,-7.642679900744421,3,18.817204301075268,-2.1550024765386255,7.548788325091338
229640.KS,2024-04-30,2024-05-02,30000.0,2024-07-01,30300.0,98.91891891891892,28.542082470090065,11.602209944751385,0.0,1.8128654970760234,3.1300214361171848,True,57.76648477527389,29.560533336931183,349.5548961424332,5.483498349834984,25495141420.8,59.557661927330166,5.0655797254113955,0.8047188714478626,-0.990099009900991,2024-07-02,30900.0,EXIT_MA,40,3.0000000000000027,2.588822355289433,51.0,-5.333333333333334,1,16.666666666666664,-2.0306728081918357,7.807886945567022
090430.KS,2024-05-02,2024-05-03,170500.0,2024-06-28,173400.0,88.10810810810811,3.2319436897262896,2.0000000000000018,0.0,1.1998128217126813,1.6640953349341987,True,34.884951071145196,2.011601425181908,83.10454065469905,3.731257208765859,32811680816.0,29.21013412816691,4.705282333954863,0.620747533171162,-1.6724336793540906,2024-07-01,169700.0,EXIT_MA,38,-0.46920821114369016,-0.8665367212788433,17.59530791788857,-5.337243401759528,2,15.591397849462366,-2.5247356572726365,5.553280805431737
103140.KS,2024-05-02,2024-05-03,73000.0,,72700.0,94.5945945945946,5.155088698449598,6.911764705882351,0.0,1.1960552268244575,1.2467649814860386,True,41.79279138711187,26.532702380878924,127.89968652037618,5.364511691884457,32445983760.0,46.277665995975845,4.705282333954863,0.620747533171162,0.4126547455295837,2024-05-23,66600.0,STOP,12,-8.76712328767123,-9.13132638831925,8.082191780821923,-12.602739726027401,2,15.591397849462366,-2.5247356572726365,5.553280805431737
002380.KS,2024-05-03,2024-05-07,280000.0,2024-06-24,280500.0,74.5945945945946,4.3928794421454676,6.451612903225801,-3.7735849056603765,1.0278787878787878,0.8836352420901911,True,6.77985458144581,11.332201744850101,48.021108179419535,3.413547237076649,9056657350.0,8.092485549132956,4.399632152267419,0.4146533974932032,-0.17825311942959443,2024-06-25,284000.0,EXIT_MA,33,1.4285714285714235,1.0236669518106645,16.964285714285722,-1.9642857142857184,1,13.440860215053762,-1.1208136154089554,2.344648344427913
021240.KS,2024-05-07,2024-05-08,59000.0,2024-05-24,59300.0,70.27027027027027,2.1362801179994086,2.2413793103448265,-4.354838709677422,0.8654646324549237,0.9246632522197988,True,6.812205050614217,10.806630275330065,47.146401985111666,2.8499156829679593,6787679350.0,7.039711191335729,6.615613915680307,2.5951243565691673,-0.5059021922428353,2024-05-27,56700.0,EXIT_MA,12,-3.898305084745768,-4.281944585405462,7.118644067796609,-5.762711864406778,1,17.741935483870968,-0.2786248358862209,5.5203755916111374
071050.KS,2024-05-08,2024-05-09,69100.0,2024-05-27,69100.0,72.97297297297297,1.9759898082312286,1.6176470588235237,-6.747638326585692,0.9033659066232356,0.782853075239384,True,2.046844079510879,14.784569159508232,45.47368421052631,3.1910274963820546,9547160208.0,4.06626506024097,6.996895945661641,2.9366623751957643,0.0,2024-05-28,66500.0,EXIT_MA,12,-3.76266280752533,-4.146843794321631,4.775687409551366,-5.065123010130246,1,18.817204301075268,1.1362454800157629,6.554231084992357
000500.KS,2024-05-09,2024-05-10,31944.44531,,31611.11133,98.91891891891892,1.6046254605366097,4.981549779285421,0.0,1.451773370499711,1.6468017290513348,True,65.58989679174638,43.14358951275467,267.3745759992863,9.10808501144841,42136020886.60599,66.37427015789474,5.68921504203419,1.7130720404598287,1.0544835849654266,2024-05-31,29708.334138299997,STOP,14,-7.000000000000006,-7.371257485029947,29.565219299780665,-7.826086744468819,2,17.741935483870968,-0.20274903680363998,3.930127144387252
251270.KS,2024-05-09,2024-05-10,68500.0,,64800.0,77.29729729729729,8.347816078724751,3.514376996805102,-4.705882352941182,1.125703564727955,1.9779984632900873,True,9.659513978203481,12.3940219587928,74.19354838709677,4.228395061728396,7713233948.0,10.769230769230775,5.68921504203419,1.7130720404598287,5.709876543209869,2024-05-14,63704.99999999999,STOP,2,-7.000000000000006,-7.371257485029958,5.693430656934306,-8.9051094890511,2,17.741935483870968,-0.20274903680363998,3.930127144387252
003230.KS,2024-05-10,2024-05-13,331500.0,2024-08-02,325500.0,96.21621621621622,1.4168946514697771,3.1695721077654504,0.0,1.1645870469399882,0.9409872182223081,True,40.15432045607206,17.284879581046077,213.58381502890174,5.153609831029185,18080179264.0,46.292134831460686,6.272275702302843,2.250908517620176,1.8433179723502224,2024-08-05,545000.0,EXIT_MA,58,64.40422322775264,63.74791894341032,116.59125188536952,-2.865761689291102,1,18.27956989247312,0.8306337418473531,4.0952941707577795
018670.KS,2024-05-13,2024-05-14,170000.0,2024-07-16,169000.0,72.97297297297297,2.1906196600413703,1.0161386730424438,-0.5297233666862855,1.1069703243616287,0.8920448096115394,True,8.347224003077326,6.198425883057812,41.06844741235391,2.529585798816568,1434996332.0,4.514533085961658,6.2335208667880115,2.196377534332905,0.591715976331364,2024-07-17,172500.0,EXIT_MA,44,1.4705882352941124,1.065516026769986,35.00000000000001,-3.529411764705881,1,17.741935483870968,0.7480716483342142,2.927570203216301
005830.KS,2024-05-14,2024-05-16,105100.0,,104100.0,71.35135135135135,1.4790644145044058,2.0588235294117574,-1.9774011299435013,0.96,0.6968750051805912,True,7.596899224806197,10.449618420827322,46.61971830985916,3.6983669548511044,18947816186.0,18.161180476730987,6.330034636426407,2.220744293456489,0.9606147934678289,2024-05-24,97743.0,STOP,6,-6.999999999999995,-7.371257485029947,8.658420551855372,-7.516650808753567,1,17.20430107526882,1.8092198122815928,4.194753866628553
000810.KS,2024-05-16,2024-05-17,373000.0,,370000.0,84.86486486486487,2.5941315754874354,8.187134502923987,0.0,1.0238777459407833,0.9055663837454987,True,19.841938200427546,13.647322989711586,70.11494252873563,3.5472972972972974,35900024620.0,27.806563039723663,7.182287417786815,2.910040646224199,0.8108108108108025,2024-05-22,346890.0,STOP,3,-6.999999999999995,-7.371257485029947,1.8766756032171594,-7.9088471849866,1,17.741935483870968,3.092014024054901,5.325577641382928
007660.KS,2024-05-21,2024-05-22,53000.0,,53000.0,96.21621621621622,1.466407430742211,1.9230769230769162,0.0,1.1391705069124425,1.1288945589253763,True,32.21573616724043,23.73749845659958,486.283185840708,5.070754716981132,187589495265.0,35.72343149807939,5.987527129294978,1.1475415870924044,0.0,2024-05-28,49290.0,STOP,4,-6.999999999999995,-7.371257485029947,3.584905660377369,-8.207547169811324,1,18.817204301075268,3.3962114344761707,2.4979359552788294
005380.KS,2024-05-22,2024-05-23,273500.0,,277000.0,84.32432432432432,3.3411345081825217,8.627450980392148,0.0,0.9244186046511628,0.8193457804330447,True,14.519596494129328,16.772957028440103,63.229228049499106,2.815884476534296,254105875780.0,17.872340425531917,5.941586014442546,0.8743611394657735,-1.2635379061371799,2024-05-31,254354.99999999997,STOP,6,-7.000000000000006,-7.371257485029947,0.5484460694698434,-7.4954296160877565,1,17.20430107526882,5.077428895355118,2.6438637189065917
011790.KS,2024-05-27,2024-05-28,133700.0,2024-07-22,135600.0,88.10810810810811,4.2127901420889255,8.047808764940246,-6.6758430832759785,0.9880636604774535,0.9924746109328975,True,16.52487754575922,23.762981712602294,97.95620437956205,4.675516224188791,75651493746.0,19.893899204244025,5.8557917446743435,0.4769995917945691,-1.4011799410029502,2024-07-23,148000.0,EXIT_MA,39,10.695587135377703,10.253688583939091,49.58863126402393,-1.4958863126402377,2,18.27956989247312,1.7654859385219046,2.8676847606874833
097950.KS,2024-05-27,2024-05-28,372000.0,,371500.0,72.97297297297297,1.8651177379815171,1.641586867305067,0.0,1.414187643020595,1.5714393486811118,True,15.175941714462882,5.277759644885438,41.793893129771,3.304172274562584,16108411030.0,10.237388724035611,5.8557917446743435,0.4769995917945691,0.13458950201883368,2024-06-04,345960.0,STOP,5,-6.999999999999995,-7.371257485029936,0.6720430107526987,-8.333333333333337,2,18.27956989247312,1.7654859385219046,2.8676847606874833
047810.KS,2024-05-28,2024-05-29,58100.0,,58600.0,71.35135135135135,5.439927739447772,5.206463195691202,0.0,1.183739837398374,1.1933751218421713,True,12.985635785211613,3.137475204947582,32.57918552036199,2.901023890784983,31557146669.0,11.619047619047617,5.831784050218669,0.2974684785491011,-0.8532423208191142,2024-05-30,54033.0,STOP,1,-6.999999999999995,-7.371257485029936,0.5163511187607606,-7.2289156626506035,1,19.892473118279568,3.5847698338222767,3.725645118166665
281820.KS,2024-06-07,2024-06-10,44000.0,,43800.0,94.5945945945946,1.868371590441546,4.285714285714293,-13.267326732673268,1.0206733608978145,0.8555172472315544,True,15.01798797300491,26.90367171202155,134.85254691689005,4.805936073059361,9217328941.0,20.827586206896555,5.731388944062155,0.6048447989726258,0.45662100456620447,2024-06-11,40920.0,STOP,1,-6.999999999999995,-7.371257485029936,1.8181818181818077,-7.954545454545459,2,20.43010752688172,-0.8152903080274498,1.5788916541752407
402340.KS,2024-06-07,2024-06-10,88100.0,2024-07-18,87500.0,92.97297297297298,1.7430427161037072,0.5747126436781658,0.0,1.028864656831302,1.015762667913645,True,10.421241260947479,35.720310860861936,117.93275217932751,4.131428571428572,35459363850.0,11.323155216284997,5.731388944062155,0.6048447989726258,0.6857142857142895,2024-07-19,88200.0,EXIT_MA,29,0.11350737797957144,-0.28614734209219117,23.723041997729855,-2.0431328036322416,2,20.43010752688172,-0.8152903080274498,1.5788916541752407
029780.KS,2024-06-13,2024-06-14,39900.0,2024-06-14,43300.0,82.25806451612904,2.4541136563013497,6.127450980392157,0.0,1.1858407079646018,0.9367605826532519,True,12.892712814496154,11.453354061632792,51.929824561403514,2.748267898383372,2761170730.0,9.620253164556969,6.858073658340191,1.8100139175706742,-7.852193995381063,2024-06-17,38300.0,EXIT_MA,1,-4.010025062656641,-4.393218575380575,0.25062656641603454,-5.137844611528819,2,19.35483870967742,0.8991482455939392,1.3289103439475758
036460.KS,2024-06-13,2024-06-14,52200.0,,51800.0,95.16129032258065,9.463546464617849,4.964539007092195,0.0,2.7057416267942584,4.613126434745677,True,73.87218045112782,12.838867899516138,127.19298245614037,6.114864864864865,99134951394.0,87.00361010830323,6.858073658340191,1.8100139175706742,0.7722007722007707,2024-07-02,48546.0,STOP,12,-6.999999999999995,-7.371257485029936,23.563218390804597,-11.68582375478927,2,19.35483870967742,0.8991482455939392,1.3289103439475758
009540.KS,2024-06-14,2024-06-17,139000.0,2024-09-02,138900.0,77.95698924731182,1.7673473639740187,0.6521739130434856,0.0,0.8740245261984393,0.8630507746830788,True,8.605563982673159,10.641647850648406,53.820598006644516,3.0849532037437,31742266720.0,0.8714596949890963,6.945515773492206,1.9302617809318745,0.07199424046075986,2024-09-03,180900.0,EXIT_MA,55,30.143884892086326,29.624348425451274,53.23741007194245,-1.7985611510791366,3,20.43010752688172,0.19687330185251817,3.434020450348063
082740.KS,2024-06-14,2024-06-17,15300.0,,15430.0,91.93548387096774,8.461840001076055,11.811594202898545,0.0,1.0797385620915032,1.1012926070582447,True,28.226436418634805,21.974557802442863,101.43603133159269,5.0421257290991575,20979986473.4,20.83007047768206,6.945515773492206,1.9302617809318745,-0.8425145819831448,2024-07-03,14228.999999999998,STOP,12,-7.000000000000018,-7.371257485029958,11.045751633986933,-8.431372549019612,3,20.43010752688172,0.19687330185251817,3.434020450348063
259960.KS,2024-06-14,2024-06-17,271000.0,2024-08-05,272000.0,83.87096774193549,1.5434292840732902,0.36900369003689537,0.0,1.0452261306532664,0.8965971238330904,True,8.151093439363821,20.81675005344279,85.66552901023891,3.4007352941176467,41127865370.0,5.222437137330749,6.945515773492206,1.9302617809318745,-0.3676470588235281,2024-08-06,282500.0,EXIT_MA,36,4.243542435424352,3.827400549454607,11.439114391143912,-4.059040590405905,3,20.43010752688172,0.19687330185251817,3.434020450348063
000270.KS,2024-06-17,2024-06-18,129900.0,,129100.0,83.87096774193549,1.7739598660911768,2.9505582137161035,0.0,0.943067649028801,0.8544229378821094,True,11.354540436102667,16.943467976618564,67.88036410923277,2.885360185902401,176445603754.0,14.551907719609591,6.340935670686099,1.3646270216689294,0.6196746707978207,2024-07-09,120806.99999999999,STOP,15,-7.000000000000006,-7.371257485029958,3.9260969976905313,-7.159353348729791,3,19.892473118279568,0.7149613584094272,2.169154085542857
064350.KS,2024-06-17,2024-06-18,42450.0,,42600.0,85.48387096774194,5.357890449814685,6.102117061021173,0.0,0.9818181818181818,0.8558836778746441,True,10.185712068697939,24.813765606966733,83.22580645161291,3.46830985915493,100504284708.0,13.448735019973368,6.340935670686099,1.3646270216689294,-0.35211267605633756,2024-06-20,39478.5,STOP,2,-6.999999999999995,-7.371257485029947,0.0,-7.656065959952885,3,19.892473118279568,0.7149613584094272,2.169154085542857
272210.KS,2024-06-17,2024-06-18,19500.0,,19550.0,79.03225806451613,1.9707495241432678,3.2206969376979977,-3.9312039312039304,1.085512367491166,0.8860698848517904,True,8.379900656377504,12.802041122617446,66.8088737201365,3.381074168797954,34729569492.6,8.611111111111104,6.340935670686099,1.3646270216689294,-0.2557544757033292,2024-07-02,18135.0,STOP,10,-6.999999999999995,-7.371257485029947,15.128205128205119,-8.56410256410256,3,19.892473118279568,0.7149613584094272,2.169154085542857
007660.KS,2024-06-18,2024-06-19,56600.0,,56100.0,96.23655913978494,3.17270422680424,2.1857923497267784,0.0,1.1005659555942533,1.0984268319490658,True,26.20354539728247,31.22845861470902,289.58333333333337,5.472370766488414,157206359065.0,9.5703125,7.056084047806954,2.0557000744507725,0.891265597147961,2024-06-21,52300.0,STOP,2,-7.597173144876324,-7.966046705176211,0.5300353356890497,-8.657243816254411,2,18.817204301075268,0.7942712571156196,4.056592882388643
281820.KS,2024-06-18,2024-06-19,46100.0,,45100.0,90.32258064516128,1.4085142315329313,0.22222222222221255,-10.693069306930692,1.1649791542584873,1.2765506976685266,True,18.124672603457313,24.07463976757942,141.8230563002681,5.12749445676275,8286651401.0,26.68539325842696,7.056084047806954,2.0557000744507725,2.2172949002217335,2024-06-24,42873.0,STOP,3,-6.999999999999995,-7.371257485029936,8.459869848156188,-9.97830802603037,2,18.817204301075268,0.7942712571156196,4.056592882388643
012450.KS,2024-06-19,2024-06-20,281579.1562,,278802.25,93.01075268817203,2.595793182011475,3.080084223291557,0.0,0.9340540214227061,0.942299023146163,True,14.79533785579723,39.42603531243489,167.0212914489338,4.860557251600372,143729035877.19928,20.963860603241514,8.29111752604399,3.1500404816108274,0.9960128370556598,2024-06-21,261868.615266,STOP,1,-7.000000000000006,-7.371257485029936,0.7889544559974704,-7.692308511861368,2,19.35483870967742,2.6852171231690924,3.984558025362128
079550.KS,2024-06-19,2024-06-20,209500.0,,211000.0,94.08602150537635,3.1612815455155956,2.1791767554479424,0.0,1.2995475113122172,1.5888088823589752,True,26.217309118751952,31.045403235921242,190.633608815427,4.348341232227488,46172549214.0,34.99680102367242,8.29111752604399,3.1500404816108274,-0.7109004739336511,2024-07-02,194835.0,STOP,8,-6.999999999999995,-7.371257485029947,8.830548926014314,-7.637231503579955,2,19.35483870967742,2.6852171231690924,3.984558025362128
011780.KS,2024-06-20,2024-06-21,156400.0,,156700.0,71.50537634408603,1.9385318126260556,0.7069408740359995,-2.9721362229102155,1.1076672104404568,1.0854045639095278,True,12.34907797757321,4.605300163872328,44.82439926062847,4.259731971920868,12529677322.0,2.084690553745938,8.62632133205632,3.3694253402591468,-0.19144862795149598,2024-06-26,145452.0,STOP,3,-6.999999999999995,-7.371257485029936,1.0869565217391353,-7.416879795396425,1,20.967741935483872,3.0905511079771575,1.9155156323877875
000810.KS,2024-06-21,2024-06-24,369000.0,2024-07-24,369000.0,86.02150537634408,1.4308695216126768,1.3736263736263687,-1.3368983957219305,0.8834586466165414,0.9580041571802508,True,13.110382245654906,14.786861596382895,69.65517241379311,3.4214092140921406,33042279420.0,6.187050359712232,7.6707887238409045,2.3912980067923417,0.0,2024-07-25,359500.0,EXIT_MA,23,-2.57452574525745,-2.9634497941785853,6.639566395663965,-6.504065040650408,3,22.58064516129032,2.2944272247617636,1.2988601388971954
012630.KS,2024-06-21,2024-06-24,8240.0,2024-06-24,8380.0,70.43010752688173,1.4187433800103273,0.9638554216867545,-5.4176072234762955,0.916030534351145,0.7308261293990962,True,1.4552410469987231,12.647205231539239,49.642857142857146,2.297136038186158,598452399.2,2.822085889570558,7.6707887238409045,2.3912980067923417,-1.670644391408116,2024-06-25,8210.0,EXIT_MA,1,-0.364077669902918,-0.7618258628374286,0.6067961165048485,-1.6990291262135915,3,22.58064516129032,2.2944272247617636,1.2988601388971954
329180.KS,2024-06-21,2024-06-24,144900.0,2024-09-05,146300.0,72.04301075268818,2.4278904228771387,2.3792862141357674,-1.0148849797023018,0.9529411764705882,0.8580171856966289,True,11.930592321699084,7.35561660937738,43.290891283055835,2.980177717019822,40159942914.0,10.165662650602414,7.6707887238409045,2.3912980067923417,-0.9569377990430672,2024-09-06,179700.0,EXIT_MA,53,24.01656314699794,23.521487046610723,53.554175293305725,-1.104209799861977,3,22.58064516129032,2.2944272247617636,1.2988601388971954
021240.KS,2024-06-25,2024-06-26,61000.0,,62100.0,74.19354838709677,2.187316241439295,3.499999999999992,0.0,1.174025974025974,1.2061350320434228,True,8.863333567071031,8.425994563874472,54.09429280397022,3.260869565217391,7717256550.0,11.290322580645151,7.190325550558252,1.7877644118062141,-1.7713365539452464,2024-07-05,56729.99999999999,STOP,7,-7.000000000000018,-7.371257485029947,10.491803278688527,-7.21311475409836,1,20.967741935483872,1.8876273210244099,0.6274660764730156
294870.KS,2024-06-26,2024-06-27,18590.0,2024-07-08,18590.0,83.33333333333334,3.601132391641648,3.6231884057970953,-8.872549019607845,0.951063829787234,0.9732197017028935,True,7.5088482268847345,12.970845242956308,86.45937813440321,2.4529316837009145,3201704520.4,6.167904054825812,7.822670267912901,2.305817636092833,0.0,2024-07-09,17600.0,EXIT_MA,8,-5.3254437869822535,-5.703386127153987,0.0,-7.638515330823026,1,21.50537634408602,2.541452834690716,1.3407791545660963
085620.KS,2024-06-27,2024-06-28,5370.0,2024-07-19,5350.0,74.73118279569893,35.3606782020857,0.1872659176029856,-16.275430359937403,1.3386988598256204,2.6157524503928995,True,5.965774045317684,2.1595180162178984,53.29512893982808,3.8130841121495327,675053072.0,3.6821705426356655,7.467873714761275,1.8139078041596868,0.37383177570093906,2024-07-22,5170.0,EXIT_MA,16,-3.724394785847296,-4.108728539197215,11.545623836126628,-4.841713221601484,1,24.193548387096776,3.987599747733772,1.3926619389832418
007660.KS,2024-06-28,2024-07-01,58400.0,,58700.0,95.16129032258065,2.582134440240984,0.8591065292096189,0.0,1.1142974190905366,1.0639124695254647,True,26.241988902748513,34.09564458799865,172.38979118329465,5.259795570698467,157364795488.0,21.03092783505154,7.948699403912962,2.014220443434156,-0.5110732538330498,2024-07-12,54312.0,STOP,9,-6.999999999999995,-7.371257485029947,2.2260273972602773,-10.787671232876717,1,23.118279569892472,6.161404950794891,1.863745287154872
000100.KS,2024-07-01,2024-07-02,83200.0,,83800.0,77.41935483870968,2.0874640572099437,1.0856453558504287,0.0,0.8849270664505673,0.9491593133678848,True,12.919743437718978,9.423949411359844,56.56583903047696,4.260143198090692,47708150734.0,21.802325581395344,8.148905770342484,1.939028946534993,-0.7159904534606243,2024-07-02,77376.0,STOP,0,-6.999999999999995,-7.3712574850299255,0.12019230769231282,-7.451923076923073,1,23.118279569892472,6.364072251573494,2.0543240849924427
055550.KS,2024-07-02,2024-07-03,49600.0,2024-09-11,49500.0,77.41935483870968,1.913045480166339,1.85185185185186,-3.8834951456310662,0.91005291005291,0.7820940660981566,True,6.125249233539876,12.829134363018424,52.3076923076923,2.8434343434343434,65498101979.0,5.319148936170204,7.203971915655849,0.9062464279640192,0.20202020202020332,2024-09-12,53500.0,EXIT_MA,50,7.86290322580645,7.432312793767304,30.241935483870975,-0.5040322580645129,2,20.967741935483872,3.665959108107608,1.006123722754526
105560.KS,2024-07-02,2024-07-03,84300.0,,83200.0,88.70967741935483,2.4957655673855745,1.5873015873015817,0.0,0.8858800773694391,0.9951756524636137,True,7.797154777020543,21.879465942377998,78.92473118279571,2.7764423076923075,101424738276.0,4.918032786885251,7.203971915655849,0.9062464279640192,1.3221153846153744,2024-08-05,77400.0,STOP,23,-8.185053380782914,-8.551580113793777,9.608540925266906,-12.218268090154217,2,20.967741935483872,3.665959108107608,1.006123722754526
086280.KS,2024-07-03,2024-07-04,122000.0,,124500.0,87.09677419354838,3.0862293379880072,0.40322580645162365,0.0,1.8802358051504808,2.466255592196239,True,28.639623070405662,6.255180628976387,50.45317220543806,4.769076305220884,36511398912.0,36.88840021990105,7.666947832430626,1.1413480322138403,-2.008032128514059,2024-08-02,113459.99999999999,STOP,21,-7.000000000000018,-7.371257485029947,6.1475409836065475,-8.032786885245901,4,22.58064516129032,4.955107138875148,3.2154046750598297
086790.KS,2024-07-03,2024-07-04,64200.0,2024-07-25,64600.0,85.48387096774194,2.106304704946616,2.5396825396825307,0.0,0.9365079365079365,0.9151416973559332,True,7.212799150263893,18.766877574754105,72.03728362183755,2.5773993808049536,52445274604.0,6.9536423841059625,7.666947832430626,1.1413480322138403,-0.6191950464396245,2024-07-26,60900.0,EXIT_MA,16,-5.1401869158878455,-5.518868804447186,5.451713395638635,-5.451713395638624,4,22.58064516129032,4.955107138875148,3.2154046750598297
138040.KS,2024-07-03,2024-07-04,82500.0,,82200.0,86.02150537634408,2.6546188776372546,2.238805970149249,-3.8596491228070184,1.1519659936238045,1.0554925351298603,True,5.533444601360893,15.61011087527644,99.75698663426489,2.846715328467153,27069081724.0,9.45406125166446,7.666947832430626,1.1413480322138403,0.36496350364962904,2024-08-05,76725.0,STOP,22,-6.999999999999995,-7.371257485029936,4.1212121212121255,-10.909090909090914,4,22.58064516129032,4.955107138875148,3.2154046750598297
138930.KS,2024-07-03,2024-07-04,8680.0,2024-09-11,8630.0,72.58064516129032,1.4548604599786092,0.5827505827505908,-0.34642032332563577,1.029535864978903,0.7915162820970997,True,3.5765722515602505,9.970897044169181,31.554878048780477,2.0162224797219004,6466861242.4,4.6060606060606135,7.666947832430626,1.1413480322138403,0.5793742757821629,2024-09-12,9260.0,EXIT_MA,49,6.682027649769595,6.256151291886258,19.12442396313363,-3.3410138248847976,4,22.58064516129032,4.955107138875148,3.2154046750598297
005940.KS,2024-07-04,2024-07-05,13010.0,2024-08-05,13010.0,77.41935483870968,3.1573407983518567,0.38580246913579863,-0.3828483920367498,1.177587844254511,0.9708406460298897,True,5.4243715864706665,10.55804911262217,39.59227467811159,2.209838585703305,6901282877.8,9.052808046940486,8.803989024253012,2.0109199466303407,0.0,2024-08-06,13110.0,EXIT_MA,22,0.768639508070712,0.3663694900744252,10.68408916218293,-3.1514219830899304,3,25.268817204301076,5.03587808142778,3.0247972647702515
032830.KS,2024-07-04,2024-07-05,92400.0,,91400.0,73.11827956989248,2.956279681285273,0.6607929515418443,-13.773584905660375,1.0555108608205954,0.9806985215707351,True,5.156584366874517,9.52575968547793,52.079866888519135,3.211159737417943,30919820344.0,12.561576354679804,8.803989024253012,2.0109199466303407,1.0940919037199182,2024-08-05,85932.0,STOP,21,-6.999999999999995,-7.371257485029947,7.792207792207795,-10.71428571428571,3,25.268817204301076,5.03587808142778,3.0247972647702515
039490.KS,2024-07-04,2024-07-05,136100.0,,136000.0,80.10752688172043,2.747012354442153,2.6415094339622636,0.0,1.2363636363636363,1.0779336574918643,True,5.920652969672435,16.246203153363183,78.24377457404981,3.2169117647058822,6979264280.0,4.134762633996947,8.803989024253012,2.0109199466303407,0.07352941176470562,2024-07-25,126572.99999999999,STOP,14,-7.000000000000006,-7.371257485029958,7.567964731814847,-7.421013960323297,3,25.268817204301076,5.03587808142778,3.0247972647702515
000100.KS,2024-07-05,2024-07-08,90000.0,,89500.0,80.10752688172043,8.50526635189261,6.042654028436023,0.0,1.1994342291371993,1.5678482649671066,True,19.126846798881946,10.321511320775834,67.21530540844496,3.899441340782123,59884063060.0,9.413202933985332,10.173618823542574,3.09770701714589,0.5586592178770999,2024-08-05,83700.0,STOP,20,-6.999999999999995,-7.371257485029936,11.555555555555564,-15.222222222222225,3,24.193548387096776,5.12585300452002,5.453521323953314
028260.KS,2024-07-05,2024-07-08,152800.0,,154300.0,74.19354838709677,2.7970025881647347,4.8946295037389564,-9.660421545667452,1.1495448634590377,1.0790527250345465,True,8.478627671541062,6.635879404896228,54.14585414585416,2.456254050550875,41683623710.0,12.136627906976738,10.173618823542574,3.09770701714589,-0.9721322099805585,2024-08-05,142104.0,STOP,20,-6.999999999999995,-7.371257485029947,3.141361256544495,-13.089005235602091,3,24.193548387096776,5.12585300452002,5.453521323953314
175330.KS,2024-07-05,2024-07-08,15710.0,,15860.0,88.70967741935483,2.32087265280022,4.0000000000000036,0.0,1.1936017650303365,1.1672303157821269,True,15.459654640225962,14.769836197064823,94.12484700122398,3.2030264817150065,4784218080.6,12.402551381998572,10.173618823542574,3.09770701714589,-0.9457755359394748,2024-07-09,14610.3,STOP,1,-7.000000000000006,-7.371257485029947,0.7001909611712209,-7.256524506683637,3,24.193548387096776,5.12585300452002,5.453521323953314
034020.KS,2024-07-09,2024-07-10,22350.0,,22250.0,83.33333333333334,3.002144751385699,3.009259259259256,0.0,0.9780853517877739,0.8171559663485283,True,16.390990029607778,16.0544192908008,65.7973174366617,3.6449438202247193,196062107803.0,16.12734864300627,10.240181898370748,2.69385759226215,0.44943820224718767,2024-07-12,20785.5,STOP,2,-6.999999999999995,-7.371257485029947,0.0,-10.648769574944073,2,24.193548387096776,5.990411889407543,5.996686934491291
281820.KS,2024-07-09,2024-07-10,51900.0,,52400.0,94.08602150537635,2.6704387543135213,4.800000000000004,0.0,1.1297112090063632,0.8539935055211774,True,30.17663279755547,23.71625141571556,180.96514745308312,5.5534351145038165,9684407458.0,26.265060240963845,10.240181898370748,2.69385759226215,-0.9541984732824416,2024-07-17,48267.0,STOP,5,-6.999999999999995,-7.371257485029947,13.68015414258188,-10.404624277456643,2,24.193548387096776,5.990411889407543,5.996686934491291
006260.KS,2024-07-10,2024-07-11,159800.0,2024-07-12,156700.0,89.24731182795699,3.1350403103129576,4.258150365934799,-16.426666666666666,0.8667015159435442,0.8877676179687212,True,4.055992350191251,39.526825132840116,104.83660130718953,4.90427568602425,104756987242.0,9.046624913013224,10.193436839832737,2.4591715372888068,1.9783024888321732,2024-07-15,151200.0,EXIT_MA,2,-5.38172715894869,-5.7594448150007915,0.12515644555695093,-7.259073842302877,2,25.806451612903224,5.125049831848405,5.948740702485766
012450.KS,2024-07-10,2024-07-11,287133.0,2024-09-19,284911.4688,93.54838709677419,2.294844515065757,0.1953207169620219,0.0,1.0617551187865732,0.9359969485960727,True,14.3710760469701,34.83760795716617,172.87236149488967,4.892787144972946,124565359690.39696,20.990570440781386,10.193436839832737,2.4591715372888068,0.7797268426422921,2024-09-20,279541.5,EXIT_MA,47,-2.6438967307832906,-3.032543849622482,27.65956891057455,-4.448744135992733,2,25.806451612903224,5.125049831848405,5.948740702485766
011780.KS,2024-07-11,2024-07-12,164200.0,,164500.0,77.95698924731182,3.683189188415289,2.8124999999999956,0.0,0.9555375909458367,1.1004325812540117,True,11.37289948680451,9.327905255366398,52.03327171903882,3.7294832826747717,13922521352.0,11.374407582938396,11.014912328014415,3.0425443950234943,-0.18237082066869803,2024-07-19,152706.0,STOP,5,-6.999999999999995,-7.371257485029947,1.705237515225333,-9.805115712545675,1,26.344086021505376,4.953381452621275,7.812978674451476
002380.KS,2024-07-15,2024-07-16,336000.0,,335000.0,86.55913978494624,2.4232444391031995,1.2084592145015005,0.0,1.1652340019102196,0.9794730527010179,True,12.423652594133827,15.994044201368274,76.78100263852244,4.067164179104477,10507772300.0,19.856887298747772,9.731982820012263,1.5682247978067831,0.29850746268655914,2024-07-22,312480.0,STOP,4,-6.999999999999995,-7.371257485029947,2.678571428571419,-7.58928571428571,4,24.731182795698924,4.257126920593857,9.629336352905327
052690.KS,2024-07-15,2024-07-16,78500.0,,80200.0,76.34408602150538,13.290995054009397,3.483870967741942,-0.987654320987652,1.562015503875969,2.693269641598548,True,15.518681761875964,6.866774416993771,53.34608030592734,3.690773067331671,20104899086.0,16.231884057971023,9.731982820012263,1.5682247978067831,-2.1197007481296715,2024-07-22,73005.0,STOP,4,-6.999999999999995,-7.371257485029936,24.968152866242033,-9.171974522292992,4,24.731182795698924,4.257126920593857,9.629336352905327
079550.KS,2024-07-15,2024-07-16,235500.0,,233500.0,95.16129032258065,5.356146018369842,2.412280701754388,0.0,1.2127303182579565,1.4228877285984982,True,27.869534741084735,31.597987921765338,221.6253443526171,5.460385438972163,59863035948.0,13.075060532687655,9.731982820012263,1.5682247978067831,0.8565310492505418,2024-07-25,219014.99999999997,STOP,7,-7.000000000000018,-7.371257485029947,5.73248407643312,-7.855626326963905,4,24.731182795698924,4.257126920593857,9.629336352905327
294870.KS,2024-07-15,2024-07-16,19750.0,2024-09-25,19750.0,86.02150537634408,4.8963932517590845,5.614973262032086,-3.1862745098039214,1.225868725868726,1.5282596909320183,True,12.319293895517468,11.26593011630408,98.09428284854565,2.873417721518987,3534086961.2,15.63231850117095,9.731982820012263,1.5682247978067831,0.0,2024-09-26,22550.0,EXIT_MA,48,14.177215189873426,13.721417923646385,42.784810126582286,-5.873417721518992,4,24.731182795698924,4.257126920593857,9.629336352905327
010140.KS,2024-07-16,2024-07-17,10350.0,,10280.0,79.56989247311827,1.765445646035064,1.7821782178217838,0.0,0.8473728106755629,0.830411651956126,True,8.121752666231941,14.632602496940606,50.733137829912025,2.8015564202334633,64782713887.8,16.027088036117387,9.868894286718287,1.5675707886300794,0.6809338521400754,2024-08-05,9625.5,STOP,13,-6.999999999999995,-7.371257485029947,18.64734299516908,-7.826086956521738,2,25.268817204301076,3.6965675158225464,10.90907612543135
267250.KS,2024-07-16,2024-07-17,81200.0,,79900.0,72.58064516129032,2.102386843366654,2.8314028314028405,0.0,1.14214463840399,0.9676427557741017,True,13.610510749630311,6.085815351429624,39.198606271777,2.609511889862328,16700911282.0,16.98389458272327,9.868894286718287,1.5675707886300794,1.6270337922402955,2024-08-05,75516.0,STOP,13,-6.999999999999995,-7.371257485029936,4.679802955665036,-7.635467980295562,2,25.268817204301076,3.6965675158225464,10.90907612543135
006360.KS,2024-07-17,2024-07-18,18300.0,,18220.0,73.65591397849462,5.631494742146217,1.5041782729805053,0.0,1.6136214800261952,2.4363028633051913,True,18.856576252169035,2.0959459729465113,42.90196078431372,2.757958287596048,7604191990.6,22.28187919463087,8.935560528021135,0.6776025285673226,0.4390779363337094,2024-08-05,17019.0,STOP,12,-6.999999999999995,-7.371257485029936,11.475409836065564,-9.016393442622949,2,23.118279569892472,1.6429938447900305,7.917033889222558
071050.KS,2024-07-17,2024-07-18,75000.0,,75200.0,79.03225806451613,3.723216798204476,0.8042895442359255,0.0,1.0818181818181818,1.3248303704986226,True,9.739368998628262,8.639078582837566,58.31578947368421,3.098404255319149,9288849996.0,12.238805970149258,8.935560528021135,0.6776025285673226,-0.26595744680850686,2024-07-25,69750.0,STOP,5,-6.999999999999995,-7.371257485029936,1.6000000000000014,-8.133333333333336,2,23.118279569892472,1.6429938447900305,7.917033889222558
138040.KS,2024-08-16,2024-08-19,89200.0,2024-12-05,88800.0,88.70967741935483,3.340483144028525,3.617269544924162,0.0,1.3235563703024749,1.3159669494896729,True,11.429001656377057,11.073633740783585,85.38622129436327,3.4909909909909906,27654107120.0,10.03717472118959,2.3437343369196784,0.7903355692550962,0.45045045045044585,2024-12-06,101100.0,EXIT_MA,73,13.340807174887903,12.888348862812492,20.17937219730941,-2.914798206278024,1,16.577540106951872,-4.500862626415081,-0.9631124149285797
001720.KS,2024-08-19,2024-08-20,80300.0,2024-10-28,79900.0,82.25806451612904,5.64754068503851,5.270092226613965,0.0,1.7777777777777777,1.6951827673338125,True,10.631109634183499,10.050894462560578,44.48462929475588,2.3153942428035044,393565160.0,12.2191011235955,1.403761929346814,0.16236295876854712,0.5006257822277815,2024-10-29,80400.0,EXIT_MA,44,0.12453300124533051,-0.27516573329059435,7.098381070983817,-3.486924034869243,4,17.11229946524064,-4.332018905278112,-1.7433234124144992
003690.KS,2024-08-19,2024-08-20,7375.0,,7333.333496,73.65591397849462,1.5973953817765594,0.9174356902618586,0.0,1.3735628852239112,1.1622663436366307,True,9.051256139071008,3.161254571333716,51.072969787028974,2.4602269963367824,1987783426.7400236,8.10810791367289,1.403761929346814,0.16236295876854712,0.5681795873967443,2024-09-11,6858.749999999999,STOP,16,-7.000000000000018,-7.371257485029947,1.6949152542372836,-7.457627118644073,4,17.11229946524064,-4.332018905278112,-1.7433234124144992
005830.KS,2024-08-19,2024-08-20,113600.0,2024-09-11,111700.0,74.19354838709677,2.232050208167344,0.5400540054005365,-3.2900432900432874,1.206620395088094,1.2863886677233864,True,4.552772473698008,12.280480499416724,47.16732542819499,4.310653536257834,16100143582.0,5.576559546313797,1.403761929346814,0.16236295876854712,1.7009847806624956,2024-09-12,109000.0,EXIT_MA,17,-4.049295774647888,-4.432332518062465,9.154929577464799,-5.7218309859154886,4,17.11229946524064,-4.332018905278112,-1.7433234124144992
012630.KS,2024-08-19,2024-08-20,10480.0,2024-11-20,10440.0,91.39784946236558,1.4256372389021388,1.0648596321394033,0.0,1.515923566878981,1.7850718785589534,True,18.733509234828503,11.498151799696931,78.15699658703072,3.9750957854406135,1363927514.2,19.314285714285706,1.403761929346814,0.16236295876854712,0.3831417624521105,2024-11-21,11130.0,EXIT_MA,61,6.202290076335881,5.778328838506197,14.599236641221381,-2.194656488549618,4,17.11229946524064,-4.332018905278112,-1.7433234124144992
006360.KS,2024-08-20,2024-08-21,20750.0,,20700.0,88.17204301075269,2.1686686600446223,1.4705882352941124,0.0,1.3393548387096774,1.2724302678114947,True,22.430149755139706,8.229420048649327,62.35294117647059,5.045893719806763,15099150735.2,16.29213483146068,2.171881494114758,1.1230782477180679,0.24154589371980784,2024-09-05,19297.5,STOP,11,-6.999999999999995,-7.371257485029947,4.819277108433728,-10.120481927710845,2,17.647058823529413,-2.4201152432228756,0.33597948618619977
016360.KS,2024-08-20,2024-08-21,47700.0,,47800.0,79.03225806451613,1.4895658600572599,4.139433551198257,0.0,1.0614525139664805,0.695851175125298,True,13.836627768516308,6.49724499565667,35.60283687943262,3.1433054393305437,20470283276.0,7.415730337078652,2.171881494114758,1.1230782477180679,-0.20920502092049986,2024-09-25,44361.0,STOP,22,-6.999999999999995,-7.371257485029947,2.515723270440251,-10.062893081761004,2,17.647058823529413,-2.4201152432228756,0.33597948618619977
006280.KS,2024-08-21,2024-08-22,164000.0,,164000.0,91.39784946236558,5.211298530035783,3.20956576463185,0.0,1.38160632542655,2.139167218486681,True,27.084495691525625,8.546314793397114,73.3615221987315,5.0426829268292686,9168905970.0,28.82953652788689,2.2667107054051616,1.430964819071523,0.0,2024-09-04,152520.0,STOP,9,-6.999999999999995,-7.371257485029947,8.231707317073166,-8.048780487804875,1,18.71657754010695,-2.637076692470508,-0.8027979199438762
161890.KS,2024-08-22,2024-08-23,69900.0,,70500.0,87.09677419354838,1.7524764031758036,1.4388489208633004,-3.424657534246578,1.0566534914361,1.116974885087204,True,9.93980600692388,18.18881347654,62.06896551724137,5.815602836879433,31154317010.0,9.133126934984514,2.4310039367769543,1.7740829864773877,-0.8510638297872353,2024-08-27,65006.99999999999,STOP,2,-7.000000000000006,-7.371257485029958,2.002861230329045,-9.585121602288982,1,18.71657754010695,-1.8501415415739686,-0.5575105295421934
029780.KS,2024-08-23,2024-08-26,44800.0,,44850.0,81.72043010752688,4.577646623644503,5.158264947245028,0.0,0.8991228070175439,0.8546358575975721,True,13.383557488118104,7.82241302940474,53.595890410958916,3.10479375696767,2490615101.0,15.295629820051415,2.1274869512126537,1.5664142868765607,-0.11148272017836858,2024-09-11,41664.0,STOP,12,-6.999999999999995,-7.371257485029936,2.678571428571419,-7.92410714285714,1,19.25133689839572,-0.33054659671797326,0.9109883671466035
000100.KS,2024-08-26,2024-08-27,111700.0,2024-11-01,111600.0,96.23655913978494,4.430336277855666,0.17953321364452268,0.0,1.4577861163227017,2.77592223218764,True,24.902070509233344,22.745559732648204,108.50534171600512,5.725806451612903,179084782606.0,16.614420062695935,1.9200162063765847,1.4927253647198935,0.08960573476701761,2024-11-04,133900.0,EXIT_MA,43,19.87466427931961,19.396122705350294,49.41808415398388,-1.7009847806624845,1,19.786096256684495,-1.24052466106791,2.374179279390365
033780.KS,2024-08-27,2024-08-28,110500.0,,111000.0,79.56989247311827,1.4311672056249929,1.3698630136986356,0.0,1.3801916932907348,1.303372334161928,True,19.94294605809128,2.182350180804371,32.93413173652695,2.959459459459459,30752995090.0,19.999999999999996,1.5275587364127263,1.3085456946918095,-0.45045045045044585,2024-10-04,102765.0,STOP,22,-6.999999999999995,-7.371257485029936,2.714932126696823,-7.601809954751126,2,19.786096256684495,-2.758242658734844,1.999984054738957
103140.KS,2024-08-27,2024-08-28,64600.0,,64900.0,90.32258064516128,1.5218918572290832,4.006410256410264,-16.04139715394567,0.77,0.5819507135267324,True,7.290461233261691,18.77902467281278,103.44827586206895,3.8906009244992297,29655768960.0,8.892617449664431,1.5275587364127263,1.3085456946918095,-0.46224961479198745,2024-09-09,59300.0,STOP,8,-8.204334365325073,-8.570784128337749,5.882352941176472,-15.170278637770895,2,19.786096256684495,-2.758242658734844,1.999984054738957
021240.KS,2024-08-28,2024-08-29,68600.0,,68000.0,86.02150537634408,1.778334162486385,2.2556390977443552,0.0,0.8796380090497737,0.7449096991663331,True,10.612271455527367,7.951587200547872,66.66666666666667,4.220588235294118,11059302976.0,11.842105263157897,1.513536921342773,1.4227840614757792,0.8823529411764675,2024-09-12,63797.99999999999,STOP,10,-7.000000000000006,-7.371257485029947,2.0408163265306145,-8.45481049562682,1,20.32085561497326,-1.766125215635661,0.27250711813886497
042660.KS,2024-08-30,2024-09-02,35050.0,,34550.0,76.34408602150538,2.832918167661646,0.43604651162789665,-1.2335532419106676,1.1353251318101933,1.069455531197177,True,11.368984301969508,11.252364601357346,61.44859813084111,5.04341534008683,57002039861.0,5.981595092024539,0.8381911603154268,1.2418127286396352,1.447178002894356,2024-09-04,32596.499999999996,STOP,2,-7.000000000000006,-7.371257485029947,0.14265335235377208,-8.131241084165474,2,18.181818181818183,-3.7214465140183117,-0.5647868005205448
395400.KS,2024-08-30,2024-09-02,5350.0,2024-09-27,5330.0,82.25806451612904,1.778118215095641,1.3307984790874583,0.0,0.8165249088699879,0.6577479552037668,True,7.0216653615243985,15.326768439882589,42.13333333333333,2.307692307692308,1957778544.4,2.1072796934865856,0.8381911603154268,1.2418127286396352,0.37523452157599557,2024-09-30,5180.0,EXIT_MA,17,-3.1775700934579487,-3.564086779711595,3.9252336448598157,-5.046728971962622,2,18.181818181818183,-3.7214465140183117,-0.5647868005205448
000810.KS,2024-09-03,2024-09-04,368000.0,2024-09-05,377000.0,82.79569892473118,1.5839041928381883,3.429355281207136,-3.084832904884316,0.8720538720538721,0.9611325606384606,True,4.504504504504503,16.162063386007432,62.850971922246224,3.7665782493368702,33904856120.0,14.939024390243905,0.37688484403914924,0.4420783579441423,-2.3872679045092826,2024-09-06,361000.0,EXIT_MA,2,-1.9021739130434812,-2.2937820012149612,1.0869565217391353,-5.163043478260865,2,18.181818181818183,9.136811841779302,-1.3527486257860044
032830.KS,2024-09-03,2024-09-04,98000.0,2024-09-25,100500.0,83.33333333333334,1.5501344623680497,1.310483870967749,-5.188679245283023,0.7638979725310661,0.6935208654765118,True,8.787426121971809,10.049972899083336,67.22129783693845,3.960199004975124,28718439592.0,19.64285714285714,0.37688484403914924,0.4420783579441423,-2.487562189054726,2024-09-26,94700.0,EXIT_MA,13,-3.367346938775506,-3.7531060328322874,5.204081632653068,-6.224489795918364,2,18.181818181818183,9.136811841779302,-1.3527486257860044
011790.KS,2024-09-26,2024-09-27,145900.0,,146900.0,84.40860215053763,1.7134801753125037,8.333333333333325,-24.78238607270865,0.9587235518557059,0.9307540016172269,True,13.29107090524888,10.244736070194227,114.45255474452556,4.659632402995235,40200333298.0,15.578284815106214,0.40808477593636816,2.4417048540817943,-0.6807351940095296,2024-11-06,135687.0,STOP,25,-6.999999999999995,-7.371257485029936,17.47772446881426,-13.913639479095274,2,17.5531914893617,-0.9799793885864827,-4.512441720037019
086280.KS,2024-09-26,2024-09-27,123300.0,,124500.0,83.87096774193549,1.5670009780987766,1.3018714401952902,-2.429467084639503,0.9629242819843342,0.8738167619166806,True,8.80964866282119,15.548621157152498,50.45317220543806,3.6907630522088355,26209517802.0,7.792207792207795,0.40808477593636816,2.4417048540817943,-0.9638554216867434,2024-10-07,114668.99999999999,STOP,4,-7.000000000000018,-7.371257485029958,1.8653690186536842,-7.785888077858882,2,17.5531914893617,-0.9799793885864827,-4.512441720037019
000150.KS,2025-02-18,2025-02-19,360000.0,,359500.0,98.93617021276596,1.525415677207614,3.7518037518037506,0.0,1.0856055802155993,0.7239922182474221,True,31.344352375524288,32.37284815774011,296.7991169977925,6.342141863699583,41987179258.0,31.204379562043805,0.3576616953181011,3.561277458143697,0.13908205841446364,2025-02-28,330000.0,STOP,7,-8.333333333333337,-8.699268130405857,7.222222222222219,-11.250000000000004,5,19.473684210526315,5.206643554298496,8.686888884959366
012450.KS,2025-02-18,2025-02-19,639000.0,,643000.0,98.40425531914893,2.7791080994235253,8.98305084745763,0.0,1.8145251396648046,1.883423373910776,True,69.68833293748187,16.749185828401036,343.58608398597727,4.498444790046657,189751420340.0,62.78481012658228,0.3576616953181011,3.561277458143697,-0.6220839813374845,2025-02-28,594270.0,STOP,7,-6.999999999999995,-7.371257485029947,9.702660406885766,-7.355242566510167,5,19.473684210526315,5.206643554298496,8.686888884959366
034020.KS,2025-02-18,2025-02-19,30900.0,,30300.0,92.02127659574468,3.7234431660820895,5.574912891986061,0.0,1.4877262583684603,1.6410347219833588,True,45.96641327282711,6.196075622664288,111.59217877094973,4.438943894389439,228668360434.4,49.26108374384237,0.3576616953181011,3.561277458143697,1.980198019801982,2025-02-20,28736.999999999996,STOP,1,-7.000000000000018,-7.371257485029947,0.0,-9.061488673139163,5,19.473684210526315,5.206643554298496,8.686888884959366
064350.KS,2025-02-18,2025-02-19,89700.0,,89700.0,96.80851063829788,2.2452510594466313,4.42374854481955,0.0,1.921875,2.0344970505362654,True,55.37848605577689,12.720332322892114,230.3867403314917,4.7268673355629875,111002662554.0,59.32504440497335,0.3576616953181011,3.561277458143697,0.0,2025-02-25,83421.0,STOP,4,-6.999999999999995,-7.371257485029936,5.351170568561869,-8.807134894091417,5,19.473684210526315,5.206643554298496,8.686888884959366
079550.KS,2025-02-18,2025-02-19,307000.0,,306000.0,93.61702127659575,4.557605467280406,3.378378378378377,0.0,1.2245626561942164,1.5606748807418005,True,35.145878050719446,7.594563771146179,190.3225806451613,4.82843137254902,78476842534.0,35.099337748344375,0.3576616953181011,3.561277458143697,0.32679738562091387,2025-02-27,285510.0,STOP,6,-6.999999999999995,-7.371257485029947,2.28013029315961,-7.9804560260586355,5,19.473684210526315,5.206643554298496,8.686888884959366
010140.KS,2025-02-19,2025-02-20,14680.0,,14730.0,89.8936170212766,8.166333227949524,6.277056277056281,0.0,1.3421926910299002,1.7831485935902645,True,21.45849137504534,13.457634412625952,106.88202247191012,4.0020366598778,125537241026.2,10.337078651685383,2.050283194368463,5.025769322192075,-0.33944331296673624,2025-02-20,13652.4,STOP,0,-7.000000000000006,-7.371257485029947,0.0,-8.038147138964579,1,18.421052631578945,5.6985400761171645,8.199441345299242
005440.KS,2025-02-21,2025-02-24,5550.0,,5480.0,70.2127659574468,2.3991708387966364,4.1825095057034245,0.0,0.9944547134935305,0.966484724040444,True,10.488326142183158,6.255054548960182,38.38383838383839,2.677919708029197,694684644.1,12.757201646090532,1.392309082584986,3.8189342215912747,1.2773722627737127,2025-03-12,5161.5,STOP,11,-6.999999999999995,-7.371257485029947,5.7657657657657735,-7.207207207207212,2,18.421052631578945,5.338387190102978,6.9407698654508465
139480.KS,2025-02-21,2025-02-24,77500.0,2025-05-14,78100.0,71.80851063829788,1.5100794046595671,3.3068783068783025,-8.440797186400939,1.09720885466795,1.835828485481789,True,18.082854550952533,6.08709599807522,40.72072072072073,2.8937259923175414,21226933670.0,17.62048192771084,1.392309082584986,3.8189342215912747,-0.7682458386683688,2025-05-15,83200.0,EXIT_MA,54,7.354838709677414,6.926276479299465,22.709677419354833,-4.516129032258065,2,18.421052631578945,5.338387190102978,6.9407698654508465
006800.KS,2025-03-17,2025-03-18,9847.907227,,9847.907227,74.60317460317461,3.6699361937869157,1.7435908980573123,0.0,1.4391057579404687,1.7886192755478687,True,16.59340175278303,3.4356156632834978,48.948946340692686,2.7923405746153707,5828669968.558144,17.257684294150778,0.06437663523779502,0.5101927532897621,0.0,2025-03-31,9158.55372111,STOP,9,-6.999999999999995,-7.371257485029947,2.8225777984372424,-7.7620988843622785,3,16.75392670157068,0.7579896809627451,6.885537021811428
047810.KS,2025-03-17,2025-03-18,97100.0,,95000.0,95.23809523809523,2.5828029670420842,8.077360637087594,0.0,1.8043972706595905,1.93543223322144,True,57.58219155359454,7.296714053705311,95.6745623069001,5.157894736842105,109657708140.0,73.35766423357664,0.06437663523779502,0.5101927532897621,2.210526315789463,2025-03-18,90303.0,STOP,0,-6.999999999999995,-7.371257485029936,0.9268795056642576,-12.461380020597323,3,16.75392670157068,0.7579896809627451,6.885537021811428
271560.KS,2025-03-17,2025-03-18,113400.0,2025-05-20,113700.0,71.42857142857143,1.9724045202804366,1.3368983957219305,0.0,1.2912801484230056,1.2068311892473302,True,9.472184244478242,6.433977055547291,35.518474374255064,2.735268249780123,11754785676.0,3.5519125683060038,0.06437663523779502,0.5101927532897621,-0.26385224274406704,2025-05-21,118800.0,EXIT_MA,43,4.761904761904767,4.343693565250439,12.257495590828915,-2.9982363315696703,3,16.75392670157068,0.7579896809627451,6.885537021811428
272210.KS,2025-03-18,2025-03-19,42150.0,,41300.0,97.88359788359789,2.818996579060977,1.101591187270512,0.0,1.3347536617842877,1.6307301534006187,True,39.635527605910006,32.738835208530624,154.62392108508016,6.425544794188862,245770304577.0,20.232896652110632,0.15253787983315892,0.570005208769353,2.058111380145289,2025-03-20,39199.5,STOP,1,-6.999999999999995,-7.371257485029936,2.9655990510083052,-8.659549228944252,1,16.230366492146597,0.0735577438640167,5.2463202770939965
111770.KS,2025-03-19,2025-03-20,52000.0,,52000.0,85.71428571428571,1.772112810117017,2.3622047244094446,0.0,1.1042163882259348,1.0691844968363169,True,17.644397185584037,10.30945844771649,60.741885625966006,3.1875,2512044839.0,16.59192825112108,0.7951492763697665,1.193228856202877,0.0,2025-03-31,48050.0,STOP,7,-7.596153846153841,-7.96503147551052,2.6923076923076827,-8.076923076923082,1,17.801047120418847,0.06890707585798239,5.378324691418035
006040.KS,2025-03-20,2025-03-21,37800.0,,37800.0,74.07407407407408,2.8856838856546427,1.8867924528301883,0.0,1.043010752688172,1.199681043381377,True,8.006171781244653,9.910261031071666,41.91126469724284,2.5595238095238093,644888233.0,9.724238026124809,1.1370621713019613,1.5869843428939934,0.0,2025-03-28,35154.0,STOP,5,-6.999999999999995,-7.3712574850299255,0.92592592592593,-7.539682539682535,1,15.706806282722512,-1.288402173381431,5.951463003809776
012330.KS,2025-03-24,2025-03-25,288000.0,,279500.0,75.66137566137566,1.9264188740354509,1.6363636363636358,0.0,1.0506912442396312,1.2609188281257322,True,9.909555642941402,6.863332177713333,37.00980392156863,2.8801431127012522,51300711970.0,9.82318271119842,0.9701379377653474,1.4585653422749978,3.0411449016100267,2025-03-28,267840.0,STOP,3,-6.999999999999995,-7.371257485029936,0.3472222222222321,-8.159722222222221,1,13.612565445026178,-0.8479687686407722,5.942616215428842
026960.KS,2025-03-26,2025-03-27,28900.0,,28900.0,88.88888888888889,1.90584440695365,4.900181488203259,-7.223113964687,0.9833333333333333,0.8181953520543225,True,17.718940936863547,9.116688186285081,68.90707188778494,3.3217993079584778,2676454561.0,22.7176220806794,1.4616991891238662,1.9471789616110735,0.0,2025-03-31,26877.0,STOP,2,-6.999999999999995,-7.371257485029936,0.34602076124568004,-11.591695501730104,1,15.706806282722512,0.5189504502396858,9.974005314748457
001720.KS,2025-05-07,2025-05-08,97600.0,2025-08-01,97600.0,86.31578947368422,3.5895617284800743,2.3060796645702375,0.0,1.2559366754617414,1.7778718770794266,True,21.32965366350912,2.5444254646508346,50.385208012326665,2.733094262295082,765998244.0,31.8918918918919,0.1269774696736503,3.9033415621384515,0.0,2025-08-04,119600.0,EXIT_MA,60,22.540983606557386,22.051798043257765,82.99180327868851,-6.5573770491803245,5,21.465968586387437,4.396010839081721,1.460532137577597
015760.KS,2025-05-07,2025-05-08,26500.0,2025-08-26,26600.0,83.6842105263158,1.9443519630005262,2.3076923076922995,0.0,1.1542730299667037,1.138766247450966,True,15.276273022751896,6.847995702927845,44.565217391304344,2.330827067669173,41513888986.0,20.9090909090909,0.1269774696736503,3.9033415621384515,-0.3759398496240629,2025-08-27,37500.0,EXIT_MA,76,41.50943396226414,40.94452604225511,60.18867924528302,-5.849056603773583,5,21.465968586387437,4.396010839081721,1.460532137577597
180640.KS,2025-05-07,2025-05-08,84100.0,2025-07-07,85400.0,74.21052631578947,2.1681043001787863,1.9093078758949833,-8.270676691729328,0.8818181818181818,1.0096968216219468,True,5.544157994908172,4.398425908005943,53.3213644524237,3.5362997658079625,3655744972.0,5.562422744128548,0.1269774696736503,3.9033415621384515,-1.5222482435597207,2025-07-08,119400.0,EXIT_MA,41,41.97384066587395,41.40707882688843,96.19500594530321,-0.11890606420927874,5,21.465968586387437,4.396010839081721,1.460532137577597
316140.KS,2025-05-07,2025-05-08,17680.0,2025-09-04,17830.0,75.78947368421053,1.5961838652806402,0.1122964626614209,0.0,0.9865539761813292,1.0979286508998454,True,7.227481026208493,3.737900873726141,31.683899556868546,2.055524397083567,29874878478.6,8.454987834549875,0.1269774696736503,3.9033415621384515,-0.8412787436904101,2025-09-05,24350.0,EXIT_MA,83,37.7262443438914,37.17643897724911,53.28054298642535,-1.4705882352941124,5,21.465968586387437,4.396010839081721,1.460532137577597
375500.KS,2025-05-07,2025-05-08,45000.0,2025-07-21,44950.0,90.0,1.5404250144547131,2.0431328036322416,-0.9911894273127775,0.9049338146811071,0.7080140418802331,True,7.520451609816781,21.18383674415909,54.73321858864026,3.2591768631813123,7408255933.0,8.574879227053135,0.1269774696736503,3.9033415621384515,0.11123470522802492,2025-07-22,49000.0,EXIT_MA,51,8.888888888888879,8.454202705699721,32.666666666666664,-4.333333333333334,5,21.465968586387437,4.396010839081721,1.460532137577597
001800.KS,2025-05-08,2025-05-09,19500.0,,19460.0,84.21052631578947,1.7143302910591496,3.0174695606140833,0.0,1.3277611940298508,1.1072150223892916,True,19.65076242006887,3.2638198851424827,37.81869688385269,2.350976361767729,2456773001.6,21.24610591900311,0.40228691643280357,3.6071386705383457,0.20554984583760483,2025-05-23,18135.0,STOP,10,-6.999999999999995,-7.371257485029947,1.538461538461533,-7.948717948717954,6,21.98952879581152,10.792888681750522,2.2823903922513322
023590.KS,2025-05-08,2025-05-09,22700.0,2025-08-01,22700.0,80.0,2.5424440839366467,3.65296803652968,0.0,0.9815950920245399,0.8405211090237112,True,9.151407908909071,10.51282119409409,32.903981264637004,2.2224669603524227,1900726290.8,22.24017232094777,0.40228691643280357,3.6071386705383457,0.0,2025-08-04,32850.0,EXIT_MA,59,44.7136563876652,44.13595716056873,86.56387665198237,-1.1013215859030812,6,21.98952879581152,10.792888681750522,2.2823903922513322
032640.KS,2025-05-08,2025-05-09,12540.0,2025-09-01,12490.0,81.05263157894737,1.8170493503385765,0.08012820512821595,0.0,1.2413793103448276,1.562044897738965,True,14.318664421175953,5.113983480933815,30.37578288100209,2.1737389911929546,10550786731.0,20.09615384615384,0.40228691643280357,3.6071386705383457,0.4003202562049557,2025-09-02,14240.0,EXIT_MA,79,13.556618819776723,13.10329898416882,23.923444976076546,-0.07974481658692412,6,21.98952879581152,10.792888681750522,2.2823903922513322
069960.KS,2025-05-08,2025-05-09,61600.0,2025-07-24,62100.0,81.57894736842105,1.8036171534768641,2.3064250411861664,0.0,0.9166666666666666,0.6694276300752674,True,6.448626966985493,16.360662604342235,49.09963985594237,2.9871175523349436,4164179442.0,5.254237288135588,0.40228691643280357,3.6071386705383457,-0.8051529790660261,2025-07-25,72300.0,EXIT_MA,53,17.37012987012987,16.90158643751458,35.876623376623385,-0.649350649350644,6,21.98952879581152,10.792888681750522,2.2823903922513322
079550.KS,2025-05-08,2025-05-09,376000.0,2025-08-08,372500.0,94.21052631578948,4.729408671379995,7.348703170028825,0.0,1.370919881305638,1.042539807834458,True,30.203782026634983,19.375271222084976,144.42257217847768,5.006711409395973,86046039570.0,55.85774058577406,0.40228691643280357,3.6071386705383457,0.9395973154362469,2025-08-11,498000.0,EXIT_MA,64,32.446808510638306,31.91807873614474,72.87234042553192,-4.654255319148937,6,21.98952879581152,10.792888681750522,2.2823903922513322
298040.KS,2025-05-08,2025-05-09,524000.0,2025-12-15,537000.0,86.31578947368422,1.4060029998146182,2.091254752851701,0.0,1.1620227038183695,1.079804643823805,True,19.000132961042414,11.07049897546657,116.09657947686118,4.781191806331471,27120402690.0,36.46759847522236,0.40228691643280357,3.6071386705383457,-2.420856610800748,2025-12-16,1910000.0,EXIT_MA,148,264.5038167938931,263.0487117368317,373.85496183206106,-3.62595419847328,6,21.98952879581152,10.792888681750522,2.2823903922513322
047810.KS,2025-05-09,2025-05-12,94300.0,,93100.0,93.6842105263158,1.4975409695145623,1.7486338797814138,-2.0000000000000018,0.853763440860215,0.5666204685678143,True,17.443738015945097,29.352397658433116,90.97435897435898,4.049409237379162,135156801902.0,27.012278308321957,0.37293858730340634,3.0155586953783065,1.2889366272824887,2025-05-12,87699.0,STOP,0,-6.999999999999995,-7.371257485029947,0.10604453870626251,-8.907741251325552,3,20.94240837696335,10.412000620435858,2.2211028392746357
064350.KS,2025-05-09,2025-05-12,122000.0,,125400.0,99.47368421052632,1.4920810642915494,5.644481887110353,0.0,0.9682600382409178,0.8715166207662516,True,21.617689845795752,50.97240372050118,248.81780250347708,4.81658692185008,160675362172.0,36.89956331877728,0.37293858730340634,3.0155586953783065,-2.7113237639553422,2025-05-12,113459.99999999999,STOP,0,-7.000000000000018,-7.371257485029947,0.08196721311475308,-13.032786885245907,3,20.94240837696335,10.412000620435858,2.2211028392746357
082740.KS,2025-05-09,2025-05-12,31250.0,,31350.0,96.84210526315789,2.657649070907573,6.996587030716728,0.0,0.9727947238252267,0.848774357635484,True,28.49413886384129,31.362730845851505,170.02583979328168,4.441786283891547,53649715916.0,43.807339449541296,0.37293858730340634,3.0155586953783065,-0.31897926634768536,2025-05-12,29062.499999999996,STOP,0,-7.000000000000006,-7.371257485029947,0.0,-8.320000000000006,3,20.94240837696335,10.412000620435858,2.2211028392746357
000150.KS,2025-05-12,2025-05-13,362500.0,2025-07-28,357500.0,95.26315789473684,1.4483146013006696,2.4355300859598916,-4.9202127659574435,0.9434697855750487,1.3679151958923903,True,16.116668832012483,27.97938230036996,179.07884465261517,5.06993006993007,52141211260.0,43.86317907444668,1.595208324523334,3.5679171947356814,1.3986013986013957,2025-07-29,540000.0,EXIT_MA,53,48.96551724137932,48.370844517860824,92.96551724137932,-0.6896551724137945,5,21.875,13.673546396653347,2.6891958678361583
005440.KS,2025-05-12,2025-05-13,5970.0,2025-08-01,5970.0,81.05263157894737,4.132251257526912,5.1056338028169,0.0,1.162227602905569,1.3139805066171206,True,12.705304889560121,8.711044524940736,50.75757575757576,2.7763819095477387,637120274.8,22.085889570552155,1.595208324523334,3.5679171947356814,0.0,2025-08-04,8100.0,EXIT_MA,57,35.67839195979901,35.136761652574265,76.04690117252932,-0.8375209380234505,5,21.875,13.673546396653347,2.6891958678361583
005940.KS,2025-05-12,2025-05-13,15630.0,2025-08-01,15780.0,73.15789473684211,1.6539936446959589,1.2836970474968012,0.0,0.977657413676371,1.1320587980412433,True,10.200148050895997,2.836008474271967,34.64163822525597,2.138783269961977,8652388299.2,29.344262295081958,1.595208324523334,3.5679171947356814,-0.9505703422053258,2025-08-04,18500.0,EXIT_MA,57,18.362124120281507,17.88962063077939,50.35188739603327,-0.8317338451695466,5,21.875,13.673546396653347,2.6891958678361583
006800.KS,2025-05-12,2025-05-13,12458.79395,2025-07-30,12508.43066,92.10526315789474,2.08406457576801,2.4390206350135335,0.0,1.3531499542095864,1.794416753804888,True,28.792214065970345,12.13607797397529,89.18918753362209,3.0833340986838076,10748636140.621367,48.23528522060159,1.595208324523334,3.5679171947356814,-0.3968260395665113,2025-07-31,19020.75586,EXIT_MA,55,52.66931884686963,52.059860488199504,101.9920353526675,-1.5139438918162607,5,21.875,13.673546396653347,2.6891958678361583
016360.KS,2025-05-12,2025-05-13,54900.0,2025-08-01,54600.0,78.42105263157895,1.7365757413063578,1.298701298701288,0.0,1.2998909487459105,1.5153125097348992,True,17.315914999677705,1.1551962094784818,52.513966480446925,2.298534798534799,11630401152.0,29.845422116527942,1.595208324523334,3.5679171947356814,0.5494505494505475,2025-08-04,66800.0,EXIT_MA,57,21.675774134790537,21.1900425015179,47.35883424408014,-3.4608378870673917,5,21.875,13.673546396653347,2.6891958678361583
021240.KS,2025-05-13,2025-05-14,100000.0,,102800.0,91.05263157894737,3.434104279019845,7.8698845750262425,0.0,1.3586885245901639,1.2333514074743677,True,25.783085356303847,14.491444101227868,88.97058823529412,3.842412451361868,14957771680.0,45.81560283687944,1.693730157215545,3.2761308422902813,-2.7237354085603127,2025-05-20,93000.0,STOP,4,-6.999999999999995,-7.371257485029936,0.20000000000000018,-7.799999999999995,3,21.875,6.681220872210902,2.3556061482150836
111770.KS,2025-05-13,2025-05-14,51000.0,2025-07-23,51000.0,74.73684210526315,1.5474407640504684,5.4808686659772565,-3.409090909090906,0.972822299651568,0.762992853375225,True,7.77683854606932,11.73817563578834,57.65069551777435,2.892156862745098,2648900581.0,11.842105263157897,1.693730157215545,3.2761308422902813,0.0,2025-07-24,59400.0,EXIT_MA,49,16.470588235294127,16.005635787249027,29.019607843137262,-1.9607843137254943,3,21.875,6.681220872210902,2.3556061482150836
278470.KS,2025-05-13,2025-05-14,107700.0,2025-11-06,109100.0,99.47368421052632,1.5225055250869401,3.510436432637576,0.0,1.5332902391725922,1.6443086816493362,True,53.73992446874472,25.11062922021827,166.09756097560978,4.106324472960587,60278358310.0,65.55386949924127,1.693730157215545,3.2761308422902813,-1.2832263978001857,2025-11-07,237500.0,EXIT_MA,118,120.51996285979571,119.63964364678259,159.5171773444754,-2.32126276694522,3,21.875,6.681220872210902,2.3556061482150836
034020.KS,2025-05-14,2025-05-15,31900.0,2025-08-19,31300.0,90.52631578947368,2.0440977924664754,3.814262023217241,0.0,1.1835178798330006,1.2019068483381743,True,21.728308637654116,19.280503786516977,97.35182849936947,4.337060702875399,193031264813.0,33.760683760683754,2.990609996382232,4.120633795316353,1.9169329073482455,2025-08-20,54300.0,EXIT_MA,66,70.2194357366771,69.53991703114148,126.33228840125392,-2.5078369905956133,1,22.916666666666664,8.543938450694789,2.222081695483591
011200.KS,2025-05-15,2025-05-16,22250.0,2025-08-01,22150.0,81.05263157894737,2.7497558163731224,4.976303317535535,0.0,1.0807537012113055,1.2781530864333615,True,12.08606590559469,7.619918964841177,44.676681907250156,2.984198645598194,45346963488.6,15.244536940686793,2.2891479801262493,3.0270544650529363,0.4514672686230181,2025-08-04,22600.0,EXIT_MA,54,1.573033707865168,1.1675525353786798,17.97752808988764,-5.393258426966296,1,22.916666666666664,6.737688626499017,1.1697982449894395
003690.KS,2025-05-19,2025-05-20,8840.0,2025-08-01,8820.0,71.57894736842105,2.2587736631358117,3.157894736842115,0.0,1.157190635451505,1.3326684840683052,True,10.283084925477649,3.620014898378998,37.63328649336572,1.5646258503401362,2095625511.2,13.22207958921695,1.6841448700430695,1.711426336798838,0.22675736961450532,2025-08-04,10290.0,EXIT_MA,52,16.402714932126706,15.938033435391663,32.23981900452488,-1.1312217194570096,2,21.875,6.3736243461126385,-0.8904388393009333
006040.KS,2025-05-19,2025-05-20,46650.0,2025-07-21,46300.0,87.89473684210526,3.3087567081511806,3.811659192825112,0.0,1.0112528132033007,1.2722086518718407,True,19.56100710135571,16.249796231289505,73.82252792281334,3.941684665226782,1804451859.0,9.715639810426534,1.6841448700430695,1.711426336798838,0.7559395248380119,2025-07-22,47000.0,EXIT_MA,43,0.7502679528403,0.3480712743858305,18.7566988210075,-5.466237942122188,2,21.875,6.3736243461126385,-0.8904388393009333
000500.KS,2025-05-20,2025-05-21,40944.44531,,40666.66797,90.0,2.7891288111644674,7.331376835123615,0.0,1.1666343108350385,1.1013076566967805,True,43.98678582634916,8.832848412421356,145.63760460749626,4.965846566258523,5723813745.306803,52.34131107704969,1.6650613783572243,1.3879182145577929,0.6830590108954038,2025-06-12,38078.3341383,STOP,14,-7.000000000000006,-7.371257485029947,13.70420172386504,-9.769334935948116,4,22.916666666666664,5.318556097179394,-2.609749149474838
000720.KS,2025-05-20,2025-05-21,47700.0,2025-07-23,46750.0,86.31578947368422,1.4253687644663053,1.85185185185186,0.0,1.2659110723626852,1.0865966912883422,True,22.98747763864042,19.193502869148027,93.98340248962656,3.3689839572192515,27886696453.0,19.108280254777064,1.6650613783572243,1.3879182145577929,2.032085561497321,2025-07-24,66600.0,EXIT_MA,44,39.622641509433954,39.06526569502504,78.40670859538783,-1.2578616352201255,4,22.916666666666664,5.318556097179394,-2.609749149474838
009970.KS,2025-05-20,2025-05-21,110500.0,2025-08-05,112000.0,82.63157894736842,1.660556039656051,1.2658227848101333,0.0,1.2408863473909935,1.1071168525169555,True,18.563685636856377,8.569326958440593,44.144144144144136,3.200892857142857,1157618396.0,23.893805309734507,1.6650613783572243,1.3879182145577929,-1.3392857142857095,2025-08-06,131400.0,EXIT_MA,53,18.914027149321267,18.439320454114405,31.131221719457013,-3.7104072398190024,4,22.916666666666664,5.318556097179394,-2.609749149474838
071050.KS,2025-05-20,2025-05-21,96700.0,2025-08-08,96700.0,80.52631578947368,1.945423511841263,0.7291666666666696,0.0,1.2340425531914894,1.4886327834021775,True,25.320753738887024,2.1039538453395457,51.80533751962324,2.784384694932782,11313500080.0,37.35795454545454,1.6650613783572243,1.3879182145577929,0.0,2025-08-11,136100.0,EXIT_MA,56,40.7445708376422,40.182716263440035,69.59669079627714,-0.9307135470527417,4,22.916666666666664,5.318556097179394,-2.609749149474838
023530.KS,2025-05-22,2025-05-23,77300.0,2025-07-17,78000.0,75.78947368421053,1.7068366059616817,0.12836970474967568,0.0,1.377319587628866,1.6550964966319595,True,16.588442796926838,8.559559933146188,49.13957934990441,3.128205128205128,4728166158.0,14.537444933920707,1.4146891023519181,0.5862158998454436,-0.8974358974358942,2025-07-18,75900.0,EXIT_MA,38,-1.8111254851228997,-2.2030970400725214,8.538163001293665,-6.856403622250973,1,23.4375,4.229591600255644,-2.2945307434797946
064350.KS,2025-05-26,2025-05-27,139700.0,2025-08-08,136600.0,100.0,2.0913918831454925,7.053291536050166,0.0,1.1574774774774774,0.981121751373638,True,25.059508550921006,51.08181846474105,279.9721835883171,5.7137628111273795,167848716986.0,22.511210762331846,3.4582479277911027,2.1095079024603614,2.2693997071742356,2025-08-11,179900.0,EXIT_MA,52,28.775948460987834,28.261872818429,57.838224767358625,-2.6485325697924167,2,25.0,4.705484733039977,0.536437533153733
383220.KS,2025-05-26,2025-05-27,76600.0,2025-07-24,76900.0,75.91623036649214,1.8664874465876564,0.7863695937090354,0.0,1.1058394160583942,1.2486627263885526,True,15.264704118951977,8.466309534454597,62.579281183932345,3.4655396618985694,4161362800.0,10.966810966810957,3.4582479277911027,2.1095079024603614,-0.39011703511053764,2025-07-25,74500.0,EXIT_MA,41,-2.741514360313313,-3.1297717880166553,9.00783289817233,-8.616187989556135,2,25.0,4.705484733039977,0.536437533153733
000880.KS,2025-05-27,2025-05-28,81972.27344,2025-08-05,81707.84375,94.76439790575915,3.181596670584991,14.444444695628444,0.0,1.119538952909577,0.7243939661669614,True,33.15808188700666,32.933290823438945,141.878672190393,4.615696559120129,23584560208.384815,32.618021857223624,3.192166429538612,1.606886413232722,0.3236282807915991,2025-08-06,119124.2266,EXIT_MA,48,45.32258482155376,44.74245474242582,83.06450986727691,-1.4516150767380886,3,24.479166666666664,4.554911111835858,-0.14653483489958097
010140.KS,2025-05-27,2025-05-28,16540.0,2025-07-04,16350.0,84.81675392670157,3.533170485236659,4.007633587786263,0.0,0.98989898989899,0.9642752170511787,True,13.506983977118114,17.780194441491748,84.53724604966139,3.2140672782874615,125487589673.6,12.063056888279643,3.192166429538612,1.606886413232722,1.1620795107033732,2025-07-07,15610.0,EXIT_MA,26,-5.622732769044736,-5.999488326852953,12.152357920193468,-5.743651753325274,3,24.479166666666664,4.554911111835858,-0.14653483489958097
377300.KS,2025-05-27,2025-05-28,35400.0,2025-07-21,35950.0,77.4869109947644,5.775152459049651,9.27051671732524,0.0,0.9623507805325987,1.0890655337513837,True,18.964889638968852,10.207877461706794,65.66820276497695,3.5605006954102922,8079821142.0,18.0623973727422,3.192166429538612,1.606886413232722,-1.5299026425591111,2025-07-22,57000.0,EXIT_MA,37,61.01694915254237,60.374166920396476,222.03389830508473,-0.4237288135593209,3,24.479166666666664,4.554911111835858,-0.14653483489958097
139130.KS,2025-05-28,2025-05-29,10740.0,2025-08-29,10690.0,73.82198952879581,1.6533243217099438,0.18744142455482393,0.0,0.8894536213468869,0.9251313274842426,True,10.823139125025927,9.520295202952035,42.72363150867824,1.7867165575304025,4447370544.4,10.092687950566436,4.493310488141411,2.630750637980328,0.467726847521055,2025-09-01,13750.0,EXIT_MA,64,28.026070763500922,27.514988644684557,45.2513966480447,-0.7448789571694592,1,24.870466321243523,4.8639143312524835,1.8460914274816442
009540.KS,2025-05-29,2025-05-30,310000.0,2025-07-04,310500.0,90.57591623036649,2.025728293461395,2.4752475247524774,0.0,1.0617673579801623,0.8496326095713,True,26.905627988719495,13.373136956436117,142.01091192517538,3.828502415458937,59091133730.0,16.51031894934334,6.478532121350078,4.227315573493429,-0.16103059581320522,2025-07-07,305000.0,EXIT_MA,24,-1.6129032258064502,-2.00566608718048,28.548387096774185,-1.774193548387093,3,24.870466321243523,6.739474854984651,7.417140922189414
402340.KS,2025-05-29,2025-05-30,112000.0,2025-07-30,113200.0,78.53403141361257,1.8765587923598577,0.3991130820399036,0.0,1.0793650793650793,1.014455329606209,True,22.001163968702176,6.158220208572884,60.79545454545454,3.897968197879859,28049490928.0,30.56516724336793,6.478532121350078,4.227315573493429,-1.0600706713780883,2025-07-31,148300.0,EXIT_MA,42,32.41071428571429,31.882128599942973,80.80357142857142,-2.589285714285716,3,24.870466321243523,6.739474854984651,7.417140922189414
443060.KS,2025-05-29,2025-05-30,180500.0,2025-07-15,179700.0,73.82198952879581,1.4168014648651224,0.8417508417508435,-9.5166163141994,1.0858330858330858,2.904194422273425,True,15.008,10.688820960389345,79.52047952047951,4.769059543683918,38360069400.0,17.29765013054829,6.478532121350078,4.227315573493429,0.4451864218141255,2025-07-16,180200.0,EXIT_MA,31,-0.16620498614958734,-0.5647430899972883,19.66759002770082,-3.878116343490301,3,24.870466321243523,6.739474854984651,7.417140922189414
001800.KS,2025-06-04,2025-06-05,24250.0,,22250.0,83.7696335078534,7.889203281621628,12.37373737373737,0.0,1.5762572135201978,1.4586407963108965,True,26.443444262593196,9.24125600625767,53.554175293305725,3.460674157303371,2916370464.6,20.010787486515635,8.468508493667205,5.17208491392962,8.98876404494382,2025-06-05,22552.5,STOP,0,-6.999999999999995,-7.371257485029936,0.0,-12.989690721649483,3,24.870466321243523,8.244818746245608,7.556991128274326
006260.KS,2025-06-04,2025-06-05,180100.0,2025-07-28,173200.0,87.43455497382199,2.265564928462196,4.652567975830824,-5.458515283842791,1.197678388528508,1.320522053458198,True,34.46787366851962,13.509202508052475,103.2863849765258,4.621824480369515,30144471348.0,36.37795275590552,8.468508493667205,5.17208491392962,3.9838337182448003,2025-07-29,170000.0,EXIT_MA,37,-5.607995558023315,-5.984809947013259,22.15435868961688,-6.440866185452531,3,24.870466321243523,8.244818746245608,7.556991128274326
017800.KS,2025-06-04,2025-06-05,81400.0,2025-07-28,81300.0,90.57591623036649,2.7318741049769475,3.435114503816794,0.0,0.9984051036682615,1.0114914133933663,True,19.749013138514115,26.312460173862885,115.36423841059604,3.6100861008610083,12819107962.0,8.400000000000007,8.468508493667205,5.17208491392962,0.12300123001229846,2025-07-29,82000.0,EXIT_MA,37,0.7371007371007376,0.3349566223817657,12.776412776412771,-5.405405405405405,3,24.870466321243523,8.244818746245608,7.556991128274326
012450.KS,2025-06-05,2025-06-09,891000.0,2025-06-30,905000.0,98.42931937172776,1.5377621769814345,0.6674082313681939,0.0,1.0443658134137253,0.879932117429757,True,15.36688759287539,56.75850058808989,305.3498056601417,4.325593922651934,237899985382.1775,1.6853932584269593,10.052466145083748,6.255834951076045,-1.5469613259668558,2025-07-01,853000.0,EXIT_MA,16,-4.264870931537601,-4.6470470954835585,10.77441077441077,-6.172839506172845,2,23.83419689119171,9.256740829287313,9.696587097980757
012630.KS,2025-06-05,2025-06-09,22100.0,,21300.0,93.717277486911,1.8865388156305951,2.898550724637672,0.0,1.2919554082554987,1.3448775418793844,True,19.426751592356673,33.53798695707515,172.37851662404094,4.396713615023475,3338710266.8,8.673469387755105,10.052466145083748,6.255834951076045,3.7558685446009488,2025-07-14,20553.0,STOP,25,-6.999999999999995,-7.371257485029947,14.705882352941169,-7.239819004524883,2,23.83419689119171,9.256740829287313,9.696587097980757
105560.KS,2025-06-09,2025-06-10,110800.0,2025-08-01,110700.0,75.39267015706807,1.704267439277802,2.499999999999991,0.0,1.5093596059113301,1.4129592790748302,True,25.059309970853395,1.5137961879859718,57.02127659574467,2.5925925925925926,112019701886.0,17.14285714285715,11.67297599708299,7.347486546109194,0.09033423667570428,2025-08-04,106700.0,EXIT_MA,39,-3.700361010830322,-4.084790707393882,14.259927797833939,-5.505415162454874,2,23.83419689119171,10.711075183456153,11.102600729063795
352820.KS,2025-06-09,2025-06-10,308000.0,,302000.0,81.15183246073299,2.3476240308780745,3.2478632478632585,0.0,1.2903225806451613,1.299517533772636,True,19.07578266698209,17.69264502177559,91.13924050632912,3.385761589403973,51137483380.0,13.962264150943394,11.67297599708299,7.347486546109194,1.9867549668874274,2025-07-04,285000.0,STOP,18,-7.467532467532467,-7.836923555486431,4.870129870129869,-10.71428571428571,2,23.83419689119171,10.711075183456153,11.102600729063795
192820.KS,2025-06-10,2025-06-11,237500.0,2025-07-24,237000.0,86.38743455497382,1.4769190157423793,3.267973856209161,0.0,1.1478104917052758,1.0179788652700814,True,27.29753246892759,19.325366686855673,101.35938827527613,3.973628691983122,14862986158.0,21.22762148337596,12.225043981194549,7.3575373555376355,0.21097046413502962,2025-07-25,236500.0,EXIT_MA,32,-0.42105263157894424,-0.8185733795566752,20.842105263157883,-2.1052631578947323,2,23.83419689119171,11.429926849496352,13.171894194969402
272210.KS,2025-06-10,2025-06-11,53000.0,2025-08-08,51400.0,96.33507853403141,4.1862834121434505,5.220061412487209,0.0,1.111884634510194,1.2874567636244627,True,27.35381565906838,43.47391003730821,205.58858501783592,5.277237354085603,128676538201.0,9.711846318036276,12.225043981194549,7.3575373555376355,3.112840466926059,2025-08-11,51200.0,EXIT_MA,43,-3.396226415094339,-3.781870221820516,32.452830188679236,-5.283018867924527,2,23.83419689119171,11.429926849496352,13.171894194969402
042660.KS,2025-06-12,2025-06-13,84000.0,2025-06-26,84000.0,93.19371727748691,3.8658837187959687,1.3268998793727338,-6.562847608453836,0.9432063263838965,1.0703302040507183,True,8.983341117857702,46.21612008252116,214.01869158878503,3.5476190476190474,244102802906.0,8.108108108108114,13.95151752222208,7.92543450421106,0.0,2025-06-27,82000.0,EXIT_MA,10,-2.3809523809523836,-2.7706491778348052,14.047619047619042,-6.428571428571428,1,23.83419689119171,11.946316786335288,13.459153199409934
047810.KS,2025-06-13,2025-06-16,101400.0,,97700.0,80.6282722513089,3.1487854897548098,5.393743257820938,0.0,1.1057010785824346,1.2791413798452227,True,16.720825766988433,27.903671897681946,100.41025641025642,3.9738996929375636,81185574932.0,7.836644591611486,12.892472361713804,6.486332345668022,3.7871033776867957,2025-06-19,94302.0,STOP,3,-6.999999999999995,-7.371257485029947,0.39447731755424265,-7.199211045364895,3,24.352331606217618,9.621030400924768,12.790878766570547
071970.KS,2025-06-13,2025-06-16,45500.0,,46000.0,94.76439790575915,1.8858940992719193,1.882613510520481,0.0,1.1408241921138453,1.062711633658649,True,24.969436822516222,39.87759902565631,211.6531165311653,4.736413043478261,22468977303.0,15.723270440251568,12.892472361713804,6.486332345668022,-1.0869565217391353,2025-07-04,42315.0,STOP,14,-6.999999999999995,-7.371257485029936,24.835164835164836,-9.67032967032967,3,24.352331606217618,9.621030400924768,12.790878766570547
181710.KS,2025-06-13,2025-06-16,28000.0,2025-08-01,28550.0,79.05759162303664,5.892988438219822,10.873786407766994,0.0,1.6386999244142102,2.021314639598211,True,36.24693384746072,11.144055098376704,82.54475703324809,3.239929947460595,2322770795.6,41.33663366336633,12.892472361713804,6.486332345668022,-1.9264448336252182,2025-08-04,27050.0,EXIT_MA,35,-3.392857142857142,-3.7785143997718817,29.285714285714292,-3.9285714285714257,3,24.352331606217618,9.621030400924768,12.790878766570547
010120.KS,2025-06-16,2025-06-17,58400.0,,57200.0,81.67539267015707,1.4472890414840163,4.18943533697631,-1.8867924528301883,1.100731570061902,0.8321005872795003,True,32.55960547295042,15.046564765416504,117.82178217821783,4.16520979020979,52660238972.0,19.665271966527186,14.848526296311636,7.755996002469789,2.0979020979021046,2025-06-23,53500.0,STOP,4,-8.390410958904104,-8.756117901183934,0.1712328767123239,-8.732876712328764,3,23.83419689119171,12.409580970250111,12.86901082061509
082740.KS,2025-06-16,2025-06-17,30350.0,,30200.0,90.0523560209424,1.4702240876612742,1.342281879194629,-3.6682615629984094,0.966698382492864,0.9289056783188492,True,12.95208886561694,31.986987407008826,152.50836120401337,3.990066225165563,31586364414.0,3.7800687285223455,14.848526296311636,7.755996002469789,0.4966887417218624,2025-06-25,28225.499999999996,STOP,6,-7.000000000000018,-7.371257485029958,6.58978583196046,-9.390444810543652,3,23.83419689119171,12.409580970250111,12.86901082061509
267250.KS,2025-06-16,2025-06-17,139500.0,,136600.0,89.52879581151832,2.0688809986424626,7.559055118110236,0.0,2.0240963855421685,2.2045264599126733,True,57.76951329375621,7.170530641547734,104.18535127055306,4.267935578330893,28739526304.0,65.77669902912622,14.848526296311636,7.755996002469789,2.1229868228404003,2025-06-17,129734.99999999999,STOP,0,-7.000000000000006,-7.371257485029947,0.931899641577072,-7.885304659498205,3,23.83419689119171,12.409580970250111,12.86901082061509
175330.KS,2025-06-17,2025-06-18,21400.0,2025-08-11,21900.0,72.77486910994764,3.284326201138093,1.6241299303944245,0.0,1.794057794057794,1.7550711815246072,True,22.06949600347816,3.394201704160693,64.04494382022472,3.577625570776256,8470898834.2,22.55176273083379,14.916769279403685,7.254835306003238,-2.2831050228310557,2025-08-12,21850.0,EXIT_MA,39,2.102803738317749,1.6952077154102962,22.663551401869153,-6.542056074766355,1,24.352331606217618,12.312368621002513,12.937058331434216
035720.KS,2025-06-19,2025-06-20,60100.0,,60400.0,75.91623036649214,4.875398740651852,9.025270758122739,0.0,2.0608519269776875,2.2499730053160265,True,45.265638904254544,5.019353779512148,84.14634146341464,4.627483443708609,148892199234.0,65.2530779753762,15.848357081147736,6.806591130859285,-0.4966887417218513,2025-07-23,55892.99999999999,STOP,23,-7.000000000000018,-7.371257485029947,19.134775374376044,-9.983361064891849,1,23.83419689119171,14.449224918128989,12.917215097687972
323410.KS,2025-06-20,2025-06-23,30650.0,,32050.0,72.77486910994764,13.00483123794841,4.3973941368078195,0.0,2.2056555269922877,3.258683564272549,True,36.26700680272108,4.375610189047663,67.10114702815433,4.368174726989079,28820592497.0,39.95633187772927,17.484650637606048,7.62355151884051,-4.368174726989082,2025-07-23,28504.499999999996,STOP,22,-7.000000000000018,-7.371257485029958,26.4274061990212,-7.014681892332786,1,23.83419689119171,15.09228430396401,14.328096679462332
001440.KS,2025-06-23,2025-06-24,18050.0,,17550.0,71.72774869109948,4.7736345829771105,0.5730659025787954,0.0,1.7329050022946306,2.633475619798699,True,36.582252867838186,4.564430158278054,75.49999999999999,4.339031339031339,25102836403.2,45.04132231404958,17.125744423855238,6.562542314137598,2.8490028490028463,2025-06-26,16786.5,STOP,2,-6.999999999999995,-7.371257485029936,0.6648199445983272,-9.252077562326866,1,24.352331606217618,16.224117241391987,14.528484923297258
000660.KS,2025-06-24,2025-06-25,289000.0,,278500.0,74.3455497382199,1.6188992242147695,5.893536121673004,0.0,1.4768191587350323,1.2164209390889384,True,35.94384567322712,7.035321593429411,82.26439790575917,3.6059245960502695,699052113474.0,39.25000000000001,20.49617381836555,8.731607640987814,3.7701974865349985,2025-07-07,266000.0,STOP,8,-7.958477508650519,-8.325908736160892,3.287197231833905,-8.477508650519027,3,25.38860103626943,19.735031871315112,18.649283510534897
010120.KS,2025-06-24,2025-06-25,61400.0,,62200.0,85.86387434554975,3.787452991325399,6.3247863247863245,0.0,1.3266041816870944,1.0499257296019269,True,35.4057819575061,20.360641734769523,136.86214775323685,4.409163987138263,58015763540.0,22.200392927308442,20.49617381836555,8.731607640987814,-1.2861736334405127,2025-06-26,57101.99999999999,STOP,1,-7.000000000000018,-7.371257485029958,1.140065146579805,-9.446254071661242,3,25.38860103626943,19.735031871315112,18.649283510534897
329180.KS,2025-06-24,2025-06-25,469500.0,,463500.0,93.717277486911,1.8769843386130518,1.2008733624454093,0.0,1.0550033134526176,1.0821136271852352,True,15.635057256193408,39.59076638579959,258.1916537867079,4.5091693635382954,113879748660.0,19.151670951156817,20.49617381836555,8.731607640987814,1.2944983818770295,2025-06-25,436634.99999999994,STOP,0,-7.000000000000018,-7.371257485029958,1.3844515441959526,-7.348242811501593,3,25.38860103626943,19.735031871315112,18.649283510534897
004800.KS,2025-06-27,2025-06-30,75000.0,,74100.0,70.68062827225131,3.3072788564172324,1.5068493150685036,0.0,1.3742331288343559,1.9067770314038162,True,26.00112227720246,15.670684034282845,85.01872659176031,4.554655870445344,3201714765.0,23.50000000000001,18.38311665667134,4.691204972375251,1.2145748987854255,2025-07-04,69750.0,STOP,4,-6.999999999999995,-7.371257485029936,7.200000000000006,-8.133333333333336,2,25.38860103626943,14.448253961735812,19.466921746588483
103590.KS,2025-06-27,2025-06-30,38000.0,,37600.0,79.05759162303664,7.279165190065029,9.143686502177072,0.0,1.1617873651771957,1.4178077002875742,True,29.68200317307028,8.995697538255065,118.60465116279069,4.25531914893617,23102367794.0,29.432013769363174,18.38311665667134,4.691204972375251,1.0638297872340496,2025-07-07,35300.0,STOP,5,-7.105263157894736,-7.476100430717514,9.473684210526322,-7.105263157894736,2,25.38860103626943,14.448253961735812,19.466921746588483
086790.KS,2025-07-01,2025-07-02,87300.0,2025-08-01,88900.0,71.72774869109948,1.865858697782561,2.774566473988438,0.0,1.1798727588201272,1.184296544592403,True,25.724791401499083,12.153535033109964,70.30651340996168,3.1608548931383575,67656985618.0,22.283356258596964,19.50791741698106,4.515811037550166,-1.7997750281214864,2025-08-04,81500.0,EXIT_MA,23,-6.643757159221075,-7.016436771359924,11.225658648339065,-6.7583046964490245,1,24.870466321243523,14.530316581851999,22.53756987674258
267270.KS,2025-07-02,2025-07-03,84400.0,,87000.0,71.72774869109948,32.51988400956438,3.4482758620689724,0.0,1.5776397515527951,2.6968380024458103,True,21.818029068302103,11.01991325840601,86.69527896995707,4.666666666666667,14042326514.0,22.19101123595506,18.848701970871097,3.364752765423873,-2.9885057471264354,2025-07-04,78492.0,STOP,1,-6.999999999999995,-7.371257485029936,0.9478672985782088,-9.715639810426534,1,24.352331606217618,13.934578451817824,22.714753725076964
007660.KS,2025-07-08,2025-07-09,58200.0,,58800.0,82.19895287958116,2.843188766322676,8.487084870848705,0.0,1.4258001939864209,1.3436518326250562,True,37.40243959433565,19.58229131908993,178.67298578199052,5.348639455782313,65644748365.0,43.065693430656935,19.9859839363016,2.9162933656520007,-1.0204081632653073,2025-08-20,54126.0,STOP,29,-6.999999999999995,-7.371257485029947,16.8384879725086,-7.903780068728528,1,24.870466321243523,8.464921381840185,33.44657457445559
085620.KS,2025-07-09,2025-07-10,7440.0,,7400.0,71.20418848167539,8.747304326621004,6.782106782106778,0.0,0.7839195979899497,1.1813564071400735,True,24.801834924275656,12.93181028202477,71.6937354988399,4.0675675675675675,1200884076.6,12.462006079027365,20.580122731659078,3.1508041448678137,0.540540540540535,2025-07-24,6919.2,STOP,10,-7.000000000000006,-7.371257485029936,7.6612903225806495,-7.258064516129037,1,25.38860103626943,7.79830851858454,36.62379809677208
001800.KS,2025-07-10,2025-07-11,25350.0,,25600.0,78.01047120418848,2.428076011521169,4.489795918367356,0.0,1.2255125284738042,1.2020493989834087,True,24.259780603824876,21.28990477311865,76.67356797791581,4.2578125,5833385355.2,17.701149425287355,22.33401741511809,4.327901869458106,-0.9765625,2025-07-21,23575.5,STOP,6,-6.999999999999995,-7.371257485029947,1.5779092702169706,-7.4950690335305765,2,24.870466321243523,9.013604257012942,30.190257220180627
138930.KS,2025-07-10,2025-07-11,15190.0,,15080.0,75.91623036649214,1.7642924197587693,2.6548672566371723,0.0,1.298804780876494,1.3388364112891145,True,30.927781347132278,7.90417927506768,81.9059107358263,3.066976127320955,14946754561.0,27.580372250423004,22.33401741511809,4.327901869458106,0.7294429708222916,2025-08-01,14126.699999999999,STOP,15,-7.000000000000006,-7.371257485029936,5.661619486504277,-9.414088215931537,2,24.870466321243523,9.013604257012942,30.190257220180627
024110.KS,2025-07-14,2025-07-15,22400.0,,21850.0,71.72774869109948,1.8994029361882547,3.309692671394804,0.0,1.5012048192771084,1.1615751772233667,True,28.993789406569537,10.878153034473502,69.24864446165763,2.530892448512586,19701805513.8,27.256843331391956,22.745550204597365,4.02943068412005,2.517162471395884,2025-07-16,20832.0,STOP,1,-6.999999999999995,-7.371257485029936,0.0,-8.03571428571429,1,24.870466321243523,8.666426551636608,30.381660762834528
103140.KS,2025-07-15,2025-07-16,155600.0,,155200.0,97.90575916230367,2.878749477836161,3.8127090301003363,0.0,1.4099706744868035,0.9640944125662135,True,69.32140519310495,37.683445240562996,236.29469122426866,8.125,72288972940.0,48.51674641148325,23.087876359348435,4.012193071001757,0.2577319587628857,2025-08-01,144708.0,STOP,12,-6.999999999999995,-7.371257485029947,10.668380462724937,-14.84575835475579,1,24.870466321243523,8.9814586855264,29.783933350146373
004800.KS,2025-07-16,2025-07-17,82200.0,,81300.0,73.29842931937172,1.5829751310169908,0.12315270935960854,0.0,1.1201272871917263,1.2356731245525971,True,24.433696583812914,24.24304370355932,102.99625468164794,4.089790897908979,5440771302.0,22.072072072072068,21.83825673105988,2.721418957579691,1.1070110701107083,2025-07-23,76446.0,STOP,4,-6.999999999999995,-7.371257485029947,0.36496350364962904,-7.907542579075422,1,25.38860103626943,7.2064688412186495,30.192895058537683
010140.KS,2025-07-17,2025-07-18,18820.0,2025-12-01,18910.0,77.4869109947644,1.8171177280350992,4.072647220693448,0.0,1.0086595081399377,0.959248087068254,True,15.57690662168274,22.502246181491458,100.31779661016951,3.8789000528820727,135055096434.4,8.428899082568808,21.920452983270145,2.557275186392949,-0.4759386567953494,2025-12-02,24350.0,EXIT_MA,90,29.383634431455906,28.867132896799387,72.68862911795961,-4.3570669500531345,1,26.94300518134715,7.2051303915221965,29.221066653492265
009830.KS,2025-07-21,2025-07-22,38050.0,,37900.0,86.91099476439791,3.1777825176266457,0.13210039630118242,-2.944942381562099,1.04,0.9387900568387628,True,12.286315290492688,41.93263529708591,155.04710632570658,5.514511873350923,149496987026.0,19.37007874015748,22.341650186611584,2.5549729411730615,0.3957783641160839,2025-07-30,35386.5,STOP,6,-6.999999999999995,-7.371257485029936,3.1537450722733285,-16.031537450722734,1,27.979274611398964,6.513254067509178,29.030073687056746
071970.KS,2025-07-22,2025-07-23,56800.0,2025-09-29,57500.0,96.33507853403141,2.030059907371131,1.232394366197176,0.0,0.9696969696969697,0.7959743872820327,True,24.70720916110003,51.57357686093318,253.62853628536283,4.886956521739131,22531699668.0,3.4172661870503607,20.653827507953835,1.1424671283188026,-1.2173913043478257,2025-09-30,79300.0,EXIT_MA,47,39.612676056338024,39.055340024176985,69.36619718309859,-5.2816901408450745,2,27.979274611398964,2.1362029837783236,27.47885007087354
082740.KS,2025-07-22,2025-07-23,30300.0,2025-11-05,30850.0,82.19895287958116,3.1423616914043633,1.983471074380172,-1.594896331738438,0.8166351606805293,0.8252686315739337,True,9.634315363019308,26.96385868339124,157.94314381270902,4.051863857374392,26583285703.0,3.350083752093802,20.653827507953835,1.1424671283188026,-1.7828200972447306,2025-11-06,46600.0,EXIT_MA,69,53.79537953795379,53.18142592702386,77.8877887788779,-1.650165016501648,2,27.979274611398964,2.1362029837783236,27.47885007087354
007340.KS,2025-07-23,2025-07-24,28700.0,,29000.0,72.25130890052355,1.7998283468049843,2.6548672566371723,0.0,1.166444740346205,1.0012424235242168,True,24.741913282863038,11.951420942254565,82.38993710691824,3.4913793103448274,2637215788.0,32.11845102505695,21.0530382370135,1.4614992240252311,-1.0344827586206917,2025-08-05,26691.0,STOP,8,-6.999999999999995,-7.371257485029947,10.104529616724744,-11.149825783972123,1,26.94300518134715,2.4296636370948255,26.06194054480808
042660.KS,2025-07-24,2025-07-25,88000.0,2025-09-26,88800.0,92.14659685863874,2.5199907754697306,2.0689655172413834,-3.8961038961038974,0.9157266091572661,0.8417381099894548,True,10.313299709309543,33.7598245293365,231.96261682242988,3.823198198198198,214413565332.0,10.585305105853049,21.170160581431485,1.4950420612114934,-0.9009009009009028,2025-09-29,105600.0,EXIT_MA,44,19.999999999999996,19.52095808383234,40.68181818181817,-2.0454545454545503,2,27.461139896373055,3.6008355049262697,26.48820147796691
267270.KS,2025-07-24,2025-07-25,93000.0,,94600.0,80.10471204188482,7.910224584237898,4.299889746416752,0.0,1.0987573577501635,1.2478281218428307,True,26.94919348345366,11.90653181057073,103.00429184549355,4.503171247357294,19304814686.0,23.984272608125814,21.170160581431485,1.4950420612114934,-1.6913319238900604,2025-09-01,86490.0,STOP,25,-6.999999999999995,-7.371257485029936,19.354838709677423,-8.602150537634412,2,27.461139896373055,3.6008355049262697,26.48820147796691
329180.KS,2025-07-25,2025-07-28,474000.0,,444500.0,89.52879581151832,1.6961499697179112,1.7162471395880896,-4.099244875943908,0.8236065573770491,0.7430391479520722,True,7.312715772192857,32.64843728733771,182.58105530832802,3.610798650168729,96854698590.0,5.331753554502372,21.26207442190036,1.4471080168683148,6.636670416197976,2025-08-20,439500.0,STOP,16,-7.278481012658233,-7.648626797038838,8.227848101265822,-9.177215189873422,1,27.31958762886598,4.5848449480375475,25.517416938163827
047810.KS,2025-07-28,2025-07-29,97500.0,,98500.0,84.89583333333334,3.064879862220656,4.012671594508976,-0.30364372469635637,0.7965823200788695,0.7692063675745549,True,9.710186897150885,26.17274234801428,101.4314928425358,3.1319796954314723,74959075090.0,9.68819599109132,21.64397269040419,1.6523195474097196,-1.0152284263959421,2025-08-01,90675.0,STOP,3,-6.999999999999995,-7.371257485029947,7.0769230769230695,-8.20512820512821,1,25.773195876288657,4.486768603656488,25.919818478292033
103590.KS,2025-07-29,2025-07-30,43500.0,,43800.0,86.45833333333334,1.413265023360062,2.8169014084507005,0.0,1.0781049935979514,0.8447530926595878,True,25.053533190578147,22.02450941966503,154.6511627906977,4.914383561643835,30981966698.0,7.881773399014769,22.29409384869705,2.0911905008103693,-0.6849315068493178,2025-08-01,40455.0,STOP,2,-6.999999999999995,-7.371257485029947,0.34482758620688614,-7.011494252873563,1,27.31958762886598,4.561039938822176,25.92753491527615
004800.KS,2025-07-30,2025-07-31,88000.0,,87300.0,86.45833333333334,1.5977446119058851,1.5116279069767424,0.0,1.1314031180400892,0.9649927526330083,True,23.720982965335445,30.668555529321353,117.97752808988764,4.198167239404352,6725938058.0,13.524057217165142,23.03749585517949,2.555738636203997,0.8018327605956443,2025-08-04,81840.0,STOP,2,-6.999999999999995,-7.371257485029936,1.1363636363636465,-10.113636363636369,1,25.773195876288657,5.834354729915225,27.29629606365316
010120.KS,2025-08-05,2025-08-06,64600.0,,65800.0,87.5,2.0055727952154974,3.949447077409163,0.0,1.0993589743589745,1.0914714757417339,True,18.464640645254214,32.095080680642596,150.57121096725058,4.544072948328267,62138051840.0,22.077922077922075,20.37086192980344,0.1990037907678488,-1.8237082066869248,2025-08-18,59500.0,STOP,7,-7.8947368421052655,-8.262422523374301,2.3219814241486114,-12.538699690402478,1,23.195876288659793,2.6661760319243166,24.084786428392935
035720.KS,2025-08-07,2025-08-08,62500.0,2025-09-02,63600.0,86.97916666666666,2.4751667208709476,2.580645161290329,-9.659090909090907,0.9546165884194053,0.813047808644163,True,13.318485523385304,28.66804218248511,93.90243902439023,4.056603773584905,288792243566.0,4.6052631578947345,21.21297217346514,0.9567741685712949,-1.7295597484276781,2025-09-03,59600.0,EXIT_MA,17,-4.64,-5.0206786427145715,8.479999999999999,-6.879999999999997,2,23.711340206185564,1.396378906936535,23.740809705409085
086280.KS,2025-08-07,2025-08-08,167500.0,2025-09-29,166700.0,71.875,1.8199061869113415,4.383218534752653,0.0,1.2682481751824817,1.1087376701242913,True,22.571726886369326,8.72679596437651,59.216809933142315,3.5392921415716856,29960888718.0,17.06460674157304,21.21297217346514,0.9567741685712949,0.47990401919615344,2025-09-30,166500.0,EXIT_MA,35,-0.5970149253731294,-0.993833229064256,14.447761194029841,-3.2835820895522394,2,23.711340206185564,1.396378906936535,23.740809705409085
009540.KS,2025-08-13,2025-08-14,377000.0,,379500.0,88.08290155440415,1.9689238781572187,2.016129032258074,-3.1887755102040782,1.1578947368421053,1.0236488622985112,True,9.36914608490158,35.35421307005464,125.89285714285717,4.120553359683794,111486088410.0,14.826021180030246,20.54901222173655,0.771926891224739,-0.6587615283267456,2025-08-20,350610.0,STOP,3,-6.999999999999995,-7.371257485029936,1.458885941644561,-11.538461538461542,1,17.525773195876287,1.1922694529514777,23.851326854830756
336260.KS,2025-08-14,2025-08-18,26500.0,,26150.0,81.86528497409327,5.689040138006684,2.7504911591355707,0.0,1.113739763421292,1.0405609978061836,True,16.874642448512578,26.19016733687898,104.7768206734534,4.980879541108987,19133137075.0,16.481069042316253,20.457457716315687,0.7596951925120443,1.3384321223709472,2025-08-20,24645.0,STOP,2,-6.999999999999995,-7.371257485029947,1.6981132075471805,-10.566037735849054,1,17.010309278350515,1.045327103500071,23.97800950306617
001720.KS,2025-08-28,2025-08-29,147500.0,,142400.0,87.04663212435233,1.6588121765067112,5.481481481481487,-14.423076923076927,0.754261577915221,0.41647741193116905,True,7.782436912457036,36.534198655512554,99.16083916083916,4.018609550561798,8333419344.0,11.076443057722308,18.195460586346268,0.299930416882388,3.5814606741572996,2025-09-04,137175.0,STOP,4,-6.999999999999995,-7.371257485029947,6.16949152542372,-7.457627118644073,4,17.525773195876287,-1.7867703041712923,18.42740387421673
003230.KS,2025-08-28,2025-08-29,1626000.0,,1597000.0,95.85492227979275,2.225475611319053,4.790026246719159,0.0,1.0355329949238579,1.2194299875661854,True,14.152966404574707,43.13997329554464,239.78723404255317,3.8541014402003757,65931844680.0,17.254038179148303,18.195460586346268,0.299930416882388,1.8159048215403928,2025-09-23,1512180.0,STOP,16,-6.999999999999995,-7.371257485029947,2.398523985239853,-7.626076260762604,4,17.525773195876287,-1.7867703041712923,18.42740387421673
009540.KS,2025-08-28,2025-08-29,404000.0,2025-11-06,408500.0,92.2279792746114,4.395385802121973,4.878048780487809,0.0,1.236024844720497,1.1272729997665252,True,16.18977188691051,32.62190234232807,143.1547619047619,4.657282741738066,117232485940.0,15.232722143864596,18.195460586346268,0.299930416882388,-1.1015911872705009,2025-11-07,413000.0,EXIT_MA,44,2.2277227722772297,1.8196280705914836,22.40099009900991,-3.4653465346534684,4,17.525773195876287,-1.7867703041712923,18.42740387421673
034730.KS,2025-08-28,2025-08-29,206500.0,2025-12-19,207500.0,75.12953367875647,2.038194546960779,0.728155339805836,-9.782608695652172,0.7623024157470921,0.6435624037440244,True,3.076907792117467,28.076398189296746,79.80935875216637,3.0602409638554215,60818545206.0,2.2167487684729092,18.195460586346268,0.299930416882388,-0.48192771084337727,2025-12-22,253000.0,EXIT_MA,75,22.51815980629539,22.029065355970868,38.01452784503632,-2.9055690072639195,4,17.525773195876287,-1.7867703041712923,18.42740387421673
009150.KS,2025-09-04,2025-09-05,180200.0,2025-11-18,178400.0,75.64766839378238,1.6119903537203564,1.076487252124636,0.0,1.0427350427350428,1.0313227024822704,True,20.173524102066654,12.61464236134817,68.93939393939394,2.6765695067264574,66445703974.0,14.652956298200515,17.70252967650503,0.4764507793877826,1.0089686098654793,2025-11-19,208000.0,EXIT_MA,47,15.427302996670367,14.966515359957121,39.01220865704773,-2.441731409544945,1,17.010309278350515,0.08411717717189404,10.106157296033036
001040.KS,2025-09-05,2025-09-08,174000.0,2025-10-16,175600.0,84.4559585492228,6.353514091266033,4.648390941597147,-0.17055144968731728,0.9119669876203577,1.1310549779468377,True,11.501974778710489,25.935403388963074,95.1111111111111,4.4646924829157175,32365187284.0,13.144329896907214,17.714526210699866,0.6467557929743517,-0.9111617312072884,2025-10-17,168700.0,EXIT_MA,23,-3.0459770114942497,-3.433019019432393,19.82758620689655,-5.632183908045974,3,19.072164948453608,-0.6989483305434585,9.763258773665173
267250.KS,2025-09-05,2025-09-08,143500.0,2025-12-18,144700.0,89.11917098445595,1.4424200598189476,2.478753541076495,-3.4045393858477935,0.9789936492427943,0.8438180231964354,True,7.630056083664338,39.14654467547791,116.29297458893872,3.0511402902557014,32721014180.0,5.852231163130939,17.714526210699866,0.6467557929743517,-0.8293020041465149,2025-12-19,191200.0,EXIT_MA,68,33.2404181184669,32.708520241746484,65.1567944250871,-1.3937282229965153,3,19.072164948453608,-0.6989483305434585,9.763258773665173
443060.KS,2025-09-05,2025-09-08,222500.0,,220000.0,86.52849740932642,2.0003692077819752,1.1494252873563315,0.0,1.2085441259134344,1.2132487876145348,True,12.403179988146572,16.571421764676096,119.7802197802198,4.0636363636363635,22084263672.0,5.515587529976029,17.714526210699866,0.6467557929743517,1.1363636363636465,2025-09-22,206925.0,STOP,9,-6.999999999999995,-7.371257485029947,2.2471910112359605,-8.98876404494382,3,19.072164948453608,-0.6989483305434585,9.763258773665173
007660.KS,2025-09-08,2025-09-09,69200.0,2025-12-24,69100.0,95.33678756476684,3.4610574309979367,1.9174041297935096,0.0,1.055643879173291,1.0649328138320358,True,13.938034857453797,47.654867222726715,227.48815165876778,4.92040520984081,84370278313.0,6.965944272445812,18.086144145134895,1.0859349395758722,0.14471780028944004,2025-12-26,119200.0,EXIT_MA,71,72.2543352601156,71.56669320318902,126.30057803468206,-0.7225433526011571,1,17.525773195876287,0.29844386684638735,11.226688058010215
006800.KS,2025-09-09,2025-09-10,22535.0293,,21840.11719,94.81865284974094,2.815439045126472,10.943019741200665,-6.183371371190127,1.0039744821183239,0.9055265769426262,True,12.377916133619449,50.660304696407856,175.6892159713276,3.338637325782591,53561645209.323654,19.825709491913734,19.385551968382675,2.270720862535769,3.1818149323767253,2025-09-24,20957.577248999998,STOP,9,-7.000000000000006,-7.371257485029936,4.185029615204461,-11.674004080394074,6,22.68041237113402,1.6614858149384792,10.635436268832631
007810.KS,2025-09-09,2025-09-10,16400.0,2026-03-03,15130.0,79.79274611398964,19.42065725184834,13.163799551234101,0.0,1.160275319567355,2.3416256940283846,True,27.245508982035926,11.207339998690614,93.23116219667943,3.344348975545274,1277963675.0,22.312045270816494,19.385551968382675,2.270720862535769,8.393919365499002,2026-03-04,49400.0,EXIT_MA,112,201.21951219512195,200.0170390925466,362.1951219512195,-3.5975609756097593,6,22.68041237113402,1.6614858149384792,10.635436268832631
016360.KS,2025-09-09,2025-09-10,73100.0,2025-12-29,72600.0,74.09326424870466,1.9855865971741276,2.9787234042553123,-9.925558312655092,0.7339901477832512,0.5722008837063193,True,2.236241761955715,28.619879280756024,72.65160523186682,2.162534435261708,26342472126.0,7.079646017699126,19.385551968382675,2.270720862535769,0.688705234159781,2025-12-30,76100.0,EXIT_MA,72,4.1039671682626455,3.6883824689881495,15.458276333789334,-3.283173734610123,6,22.68041237113402,1.6614858149384792,10.635436268832631
039490.KS,2025-09-09,2025-09-10,235000.0,2025-11-21,231000.0,87.56476683937824,1.944539874178168,6.206896551724128,-3.749999999999998,0.9117434638162646,0.736470483817357,True,7.502862089185491,38.058248684489506,111.53846153846155,3.432900432900433,29261098846.0,13.513513513513509,19.385551968382675,2.270720862535769,1.7316017316017396,2025-11-24,268000.0,EXIT_MA,47,14.042553191489372,13.587293498110164,37.23404255319149,-1.9148936170212738,6,22.68041237113402,1.6614858149384792,10.635436268832631
069960.KS,2025-09-09,2025-09-10,76600.0,2025-11-03,77300.0,71.50259067357513,1.7497817940582858,1.0457516339869244,-7.202881152460982,1.0390421655387818,1.2767917979846863,True,3.48890138431468,21.976272321246327,85.59423769507804,2.784605433376455,4754664182.0,6.767955801104963,19.385551968382675,2.270720862535769,-0.9055627425614499,2025-11-04,79300.0,EXIT_MA,33,3.5248041775456818,3.1115315061782445,18.276762402088774,0.0,6,22.68041237113402,1.6614858149384792,10.635436268832631
353200.KS,2025-09-09,2025-09-10,25700.0,2026-01-06,25300.0,83.41968911917098,4.2454888856764015,2.2222222222222143,0.0,0.9588228313753412,1.0689735788657566,True,18.016942195021834,22.477825546684183,96.58119658119656,3.725296442687747,16164328599.8,6.526315789473691,19.385551968382675,2.270720862535769,1.5810276679841806,2026-01-07,45500.0,EXIT_MA,76,77.04280155642023,76.33604386557622,111.284046692607,-3.3073929961089488,6,22.68041237113402,1.6614858149384792,10.635436268832631
000660.KS,2025-09-10,2025-09-11,310000.0,2025-12-16,304000.0,84.97409326424871,1.6810050114291868,5.372616984402079,0.0,1.0347085789129011,0.8951950067044987,True,12.35955056179776,24.75935545303425,98.95287958115185,3.055098684210526,860111694940.0,13.011152416356886,21.1819118441134,3.7769519594293532,1.9736842105263053,2025-12-17,530000.0,EXIT_MA,63,70.96774193548387,70.28523597965359,108.38709677419357,-1.4516129032258074,5,25.773195876288657,3.906697067876319,12.345523301043748
071050.KS,2025-09-10,2025-09-11,148700.0,,150200.0,89.11917098445595,2.2699517534630624,5.034965034965033,-8.190709046454769,0.9508909169926119,0.851278252111994,True,7.218319913197413,42.041064638783276,129.66360856269114,3.4520639147802927,38494006150.0,8.05755395683454,21.1819118441134,3.7769519594293532,-0.9986684420772329,2025-10-14,138291.0,STOP,17,-6.999999999999995,-7.371257485029936,9.81842636180228,-7.128446536650978,5,25.773195876288657,3.906697067876319,12.345523301043748
267260.KS,2025-09-10,2025-09-11,568000.0,2025-12-18,560000.0,82.38341968911918,1.8564370253863107,7.899807321772645,0.0,0.9111257406188282,0.6420819676362041,True,15.747917570947267,21.341551349012768,134.30962343096235,3.1964285714285716,95337558250.0,18.26821541710666,21.1819118441134,3.7769519594293532,1.4285714285714235,2025-12-19,807000.0,EXIT_MA,65,42.0774647887324,41.510289280593746,71.83098591549295,-1.9366197183098621,5,25.773195876288657,3.906697067876319,12.345523301043748
316140.KS,2025-09-10,2025-09-11,25700.0,2025-10-13,25750.0,76.68393782383419,1.619670693246079,0.7827788649706457,-3.738317757009346,0.8421052631578947,0.6435122063982865,True,3.709372105199571,30.207800721075053,72.58713136729223,2.0679611650485437,44915295684.0,2.589641434262946,21.1819118441134,3.7769519594293532,-0.1941747572815511,2025-10-14,24900.0,EXIT_MA,17,-3.11284046692607,-3.4996155548824515,4.863813229571989,-4.085603112840463,5,25.773195876288657,3.906697067876319,12.345523301043748
402340.KS,2025-09-10,2025-09-11,177900.0,2025-12-16,174300.0,92.74611398963731,1.893234958698784,6.670746634026936,-9.313215400624353,1.1044546850998465,0.8550565773134454,True,13.768390271921472,36.326102044811435,146.88385269121812,3.798049340218015,79537799668.0,23.18021201413427,21.1819118441134,3.7769519594293532,2.06540447504302,2025-12-17,281500.0,EXIT_MA,63,58.23496346261945,57.603286961770685,87.18381112984824,-1.0680157391793177,5,25.773195876288657,3.906697067876319,12.345523301043748
009970.KS,2025-09-11,2025-09-12,137000.0,2025-10-14,136800.0,70.46632124352331,1.4153632898818092,0.2932551319648091,-4.933981931897147,1.0203442879499218,0.9812658144279636,True,3.2795796339916583,26.220697541452264,71.21401752190238,4.0113304093567255,2095653098.0,7.547169811320753,22.059750796750023,4.509856465790696,0.14619883040936088,2025-10-15,131200.0,EXIT_MA,17,-4.233576642335768,-4.615877733583917,10.58394160583942,-5.474452554744524,1,25.257731958762886,3.7163796230530677,12.5163605753553
004370.KS,2025-09-12,2025-09-15,515000.0,,522000.0,70.46632124352331,12.326852855522976,6.9672131147541005,0.0,1.8787330316742081,2.2734848049379397,True,29.973606892087055,3.932199003687642,60.12269938650307,3.912835249042146,21501627140.0,37.00787401574803,23.724421424473128,5.833358276696288,-1.3409961685823757,2025-09-17,478949.99999999994,STOP,2,-7.000000000000006,-7.371257485029958,1.9417475728155331,-9.223300970873783,3,24.742268041237114,5.266523180823168,14.030776709957138
014680.KS,2025-09-12,2025-09-15,189500.0,2025-11-21,186400.0,73.57512953367875,2.1649074382097226,3.498056635202662,0.0,1.0930599369085174,1.0705261699568323,True,7.428966630165412,32.24948360886897,111.81818181818181,3.462982832618026,9483865464.0,8.624708624708632,23.724421424473128,5.833358276696288,1.6630901287553623,2025-11-24,211500.0,EXIT_MA,44,11.609498680738795,11.163951779817683,25.857519788918214,-1.0026385224274459,3,24.742268041237114,5.266523180823168,14.030776709957138
336260.KS,2025-09-12,2025-09-15,32250.0,,32750.0,92.2279792746114,9.115697983432453,4.465709728867617,0.0,1.1581012161632012,2.405754033780296,True,33.04895388990452,31.462996491115614,156.46045418950666,5.751908396946566,32762185621.0,25.239005736137663,23.724421424473128,5.833358276696288,-1.526717557251911,2025-09-23,29992.499999999996,STOP,5,-7.000000000000006,-7.371257485029958,8.372093023255811,-7.131782945736431,3,24.742268041237114,5.266523180823168,14.030776709957138
000880.KS,2025-09-15,2025-09-16,123355.0547,,122958.4141,95.85492227979275,3.3922665609723017,2.9900377865405003,-14.52205991562282,0.9457362804638052,1.0137030935145455,True,5.665010373141288,52.55180303749576,253.61218025709542,3.9247317300914983,35715495244.76524,13.276495123876852,23.942079689808438,5.820860771803216,0.3225810961398956,2025-09-24,114720.20087099998,STOP,5,-7.000000000000018,-7.371257485029947,2.357979984747227,-7.3955028613837515,5,25.773195876288657,7.239841244726497,12.756134003607134
004800.KS,2025-09-15,2025-09-16,94500.0,,94000.0,88.60103626943005,1.8508800473488234,3.7527593818984517,0.0,0.9238171611868484,0.6635019177391579,True,12.950902405613895,39.15093550922133,112.18961625282166,3.2446808510638294,5258783742.0,6.818181818181812,23.942079689808438,5.820860771803216,0.5319148936170137,2025-09-24,87885.0,STOP,5,-6.999999999999995,-7.371257485029947,0.4232804232804144,-8.888888888888891,5,25.773195876288657,7.239841244726497,12.756134003607134
005440.KS,2025-09-15,2025-09-16,9300.0,,9290.0,82.90155440414507,6.357817660819898,11.79302045728039,-11.015325670498088,1.0529287226534934,1.169526025764166,True,10.78515550467467,30.22584064199776,112.5858123569794,3.5898815931108716,2716510118.2,21.437908496732017,23.942079689808438,5.820860771803216,0.10764262648008671,2025-09-17,8649.0,STOP,1,-6.999999999999995,-7.371257485029947,0.0,-7.311827956989248,5,25.773195876288657,7.239841244726497,12.756134003607134
006260.KS,2025-09-15,2025-09-16,191500.0,,187800.0,78.23834196891191,1.5290129056365716,1.18534482758621,-10.99526066350711,0.8913843175217813,0.8830459420563096,True,7.959575519965045,27.19329353226556,120.4225352112676,3.3639510117145903,28172633674.0,19.84684109763879,23.942079689808438,5.820860771803216,1.970181043663466,2025-09-24,178095.0,STOP,5,-6.999999999999995,-7.371257485029936,0.26109660574411553,-13.211488250652737,5,25.773195876288657,7.239841244726497,12.756134003607134
062040.KS,2025-09-15,2025-09-16,122700.0,,122000.0,94.81865284974094,1.662196148423506,0.08203445447088065,-6.225980015372789,0.934626739772248,1.3657658171532658,True,12.731237641145054,41.977507305697955,311.4671163575042,4.278688524590164,52215571088.0,5.902777777777768,23.942079689808438,5.820860771803216,0.5737704918032716,2025-09-25,114110.99999999999,STOP,6,-7.000000000000018,-7.371257485029947,5.623471882640585,-7.090464547677266,5,25.773195876288657,7.239841244726497,12.756134003607134
034220.KS,2025-09-16,2025-09-17,12990.0,2025-11-13,13310.0,70.98445595854922,7.675729631281174,9.009009009009006,0.0,0.9376053962900506,1.1335512526295628,True,22.168373903146453,15.054518573276642,74.67191601049869,2.802404207362885,37670773398.0,15.03889369057909,25.260745379581806,6.641303154623968,-2.404207362885047,2025-11-14,13270.0,EXIT_MA,36,2.155504234026173,1.7476978298983203,20.24634334103157,-2.6943802925327165,3,26.804123711340207,9.457540152180233,14.435378364563567
103140.KS,2025-09-16,2025-09-17,137800.0,2025-09-17,137800.0,92.2279792746114,2.2035326713515713,3.609022556390973,-16.48484848484848,0.8769643541586815,0.9696414573732457,True,3.3634372468420937,62.75912586985717,198.59154929577466,3.5014513788098696,56318094846.0,20.034843205574916,25.260745379581806,6.641303154623968,0.0,2025-09-18,134100.0,EXIT_MA,1,-2.6850507982583482,-3.0735336294030358,0.07256894049347817,-8.20029027576198,3,26.804123711340207,9.457540152180233,14.435378364563567
272210.KS,2025-09-16,2025-09-17,58800.0,,59600.0,91.19170984455958,2.453027986934961,1.8803418803418737,-13.119533527696792,0.790632318501171,0.8667839050449255,True,9.734317750814725,33.93189602665174,252.87152161042036,3.9597315436241614,75604787630.0,18.72509960159363,25.260745379581806,6.641303154623968,-1.342281879194629,2025-10-14,54683.99999999999,STOP,13,-7.000000000000018,-7.371257485029958,6.1224489795918435,-13.265306122448983,3,26.804123711340207,9.457540152180233,14.435378364563567
047810.KS,2025-09-17,2025-09-18,112000.0,,115000.0,83.41968911917098,7.358434372394429,9.004739336492884,0.0,1.2554557124518613,1.3971808070052594,True,23.22132693296759,20.146501284139106,130.69207622868606,3.4608695652173913,66997787728.0,30.681818181818187,23.73598807288886,5.061518204105697,-2.608695652173909,2025-10-02,104160.0,STOP,9,-6.999999999999995,-7.371257485029947,0.8928571428571397,-7.767857142857137,1,26.288659793814436,9.051171245394517,9.98053961410401
005930.KS,2025-09-22,2025-09-23,85800.0,2026-03-31,83500.0,71.50259067357513,1.561499814753213,3.7267080745341685,0.0,1.2121212121212122,1.214432563100584,True,18.581004317200644,17.72593143688297,67.33466933867736,1.9640718562874253,1267921618788.0,16.9467787114846,25.099558231128192,5.375750161771609,2.754491017964078,2026-04-01,179000.0,EXIT_MA,124,108.6247086247086,107.79187545654611,159.90675990675987,-3.9627039627039617,1,25.257731958762886,8.062338742913955,13.505172515430663
034020.KS,2025-09-24,2025-09-25,67000.0,,65900.0,97.92746113989638,1.6701245474863942,1.6975308641975273,-5.043227665706052,0.9283865401207938,0.9227128812940035,True,3.9760176711896467,60.28506362214401,302.56566890653636,3.5811836115326257,464704608118.0,4.107424960505535,24.78649160132045,4.542000759602716,1.6691957511380862,2025-09-26,62309.99999999999,STOP,1,-7.000000000000006,-7.371257485029958,0.0,-7.313432835820899,1,23.195876288659793,8.941502430644267,12.379719487065689
111770.KS,2025-09-29,2025-09-30,64600.0,,65200.0,71.50259067357513,1.607828655098414,1.3996889580093264,0.0,1.2153846153846153,1.092979931566786,True,9.753223580109749,14.646878889928882,72.71523178807946,2.983128834355828,2402125300.0,11.073253833049401,22.681055949789332,2.136290279883135,-0.9202453987730008,2025-10-15,60077.99999999999,STOP,6,-7.000000000000006,-7.371257485029947,2.0123839009287936,-7.27554179566563,1,21.1340206185567,9.172333944350886,12.341040389915081
034020.KS,2025-10-10,2025-10-13,74900.0,2025-11-21,74500.0,98.44559585492227,2.7802441932677504,11.194029850746269,0.0,1.1088777219430486,1.1082198386160589,True,17.33761733761734,54.3842756215966,333.64377182770664,3.751677852348993,460846829142.0,18.630573248407643,28.099868622381408,5.47076116237879,0.5369127516778427,2025-11-24,74200.0,EXIT_MA,30,-0.9345794392523366,-1.3300501800137976,30.040053404539393,-4.27236315086782,1,23.711340206185564,12.651007331966401,13.425675200508124
001440.KS,2025-10-13,2025-10-14,18650.0,,18140.0,75.12953367875647,12.19430081718287,8.298507462686565,0.0,1.2817246447819697,1.622244714275939,True,13.790334721734322,15.25617343084058,81.4,3.156008820286659,22556052600.6,19.342105263157894,26.91297470944647,4.1546061141374935,2.811466372657101,2025-10-14,17344.5,STOP,0,-6.999999999999995,-7.3712574850299255,0.05361930294907058,-8.847184986595169,2,20.618556701030926,11.335603322928357,12.871839787693439
443060.KS,2025-10-13,2025-10-14,236500.0,,239500.0,83.41968911917098,1.7829390325577998,4.357298474945526,0.0,1.2096444626072742,0.9882607523883334,True,16.496259472921302,17.232865073232762,130.95467695274831,3.9300626304801667,21441312910.0,8.863636363636363,26.91297470944647,4.1546061141374935,-1.2526096033402934,2025-11-07,219944.99999999997,STOP,18,-7.000000000000018,-7.371257485029958,8.668076109936585,-9.302325581395355,2,20.618556701030926,11.335603322928357,12.871839787693439
004800.KS,2025-10-14,2025-10-15,95400.0,2025-12-17,96000.0,88.60103626943005,2.6940310426675524,1.1591148577450028,0.0,1.1009490940465918,0.7092078076620232,True,10.7547474561019,37.5884948728531,116.70428893905193,3.1302083333333335,4391090840.0,13.609467455621305,25.858467792839022,3.042118959097806,-0.6249999999999978,2025-12-18,122500.0,EXIT_MA,46,28.40670859538783,27.894106964268527,78.19706498951781,-0.8385744234800874,2,21.1340206185567,9.256299917621291,11.235997999442858
103590.KS,2025-10-14,2025-10-15,40600.0,2025-12-18,40400.0,76.68393782383419,4.8258576509231474,0.6226650062266526,-7.762557077625576,1.045071454745328,1.2947451363711169,True,6.0242228608169635,18.81248319165605,101.49625935162096,4.161509900990099,30838815294.0,11.911357340720219,25.858467792839022,3.042118959097806,0.4950495049504955,2025-12-19,54600.0,EXIT_MA,47,34.48275862068966,33.9459013008466,67.24137931034481,-1.7241379310344862,2,21.1340206185567,9.256299917621291,11.235997999442858
052690.KS,2025-10-15,2025-10-16,98500.0,2025-11-06,96700.0,72.53886010362694,2.7872219708422508,3.4224598930481243,-15.91304347826087,0.8697729988052568,0.7368508803094108,True,5.633418175065263,21.62919855442176,94.17670682730923,3.3040330920372285,40548270947.0,4.653679653679643,28.964189072907477,5.282066730626855,1.8614270941054833,2025-11-07,90100.0,EXIT_MA,16,-8.527918781725885,-8.893076790581267,19.695431472081214,-8.832487309644666,1,23.195876288659793,10.34083254642917,13.746858625482417
028260.KS,2025-10-16,2025-10-17,214500.0,2026-03-04,217000.0,80.82901554404145,2.2986968377973436,4.578313253012056,0.0,1.3888208894328846,1.1966804331267542,True,21.91011235955056,22.463441566706454,100.36934441366574,3.5368663594470044,60412359146.0,18.96929824561404,31.88466795849598,7.280181851354484,-1.1520737327188946,2026-03-05,294500.0,EXIT_MA,92,37.2960372960373,36.74794932279961,69.6969696969697,-6.526806526806528,2,23.195876288659793,12.085705756892406,17.63726406252859
062040.KS,2025-10-16,2025-10-17,135000.0,,138500.0,94.81865284974094,5.304599904854792,6.867283950617287,0.0,1.315045719035744,1.4043564553083956,True,20.564782896340404,41.7745264710329,248.86649874055416,5.1046931407942235,64087950840.0,23.001776198934287,31.88466795849598,7.280181851354484,-2.527075812274371,2025-10-22,125549.99999999999,STOP,3,-7.000000000000006,-7.371257485029958,3.2592592592592506,-8.148148148148149,2,23.195876288659793,12.085705756892406,17.63726406252859
000150.KS,2025-10-17,2025-10-20,725000.0,2025-12-16,697000.0,97.42268041237114,3.4775911768288186,5.766312594840661,0.0,1.2962668784749802,1.2216639721492661,True,20.10614833195479,32.12813915894446,319.87951807228916,4.777618364418938,89419346360.0,11.878009630818621,31.61124169734604,6.755247768612427,4.017216642754673,2025-12-17,834000.0,EXIT_MA,42,15.034482758620694,14.575263266570303,49.241379310344826,-5.931034482758624,2,21.649484536082475,10.406293253548649,17.43575449599053
015760.KS,2025-10-17,2025-10-20,43900.0,2025-12-29,42700.0,86.5979381443299,2.6204792608621155,5.432098765432092,0.0,1.2868217054263567,1.051071316118352,True,13.367848134873217,29.683890137964507,118.30265848670756,2.927400468384075,118756746713.0,13.715046604527291,31.61124169734604,6.755247768612427,2.810304449648715,2025-12-30,47500.0,EXIT_MA,50,8.200455580865595,7.7685176344350015,23.234624145785876,-6.150341685649208,2,21.649484536082475,10.406293253548649,17.43575449599053
006260.KS,2025-10-20,2025-10-21,199100.0,2025-11-19,197200.0,78.8659793814433,2.332514239624281,1.9121447028423777,-6.540284360189574,1.0491560007419773,1.1784711330998732,True,14.04777051645365,19.301344391125696,131.45539906103286,3.701825557809331,28282490812.0,7.9956188389923355,33.60281871563722,8.002547208981703,0.9634888438133871,2025-11-20,196000.0,EXIT_MA,22,-1.557006529382221,-1.9499925312609356,18.03114013058764,-6.7302862882973375,3,24.22680412371134,11.956055508478158,19.65514746020318
006800.KS,2025-10-20,2025-10-21,25265.04492,,25066.49805,94.84536082474226,3.525379961956853,6.765322904091353,0.0,1.3441052436503598,1.1802142749811257,True,25.555676744079037,38.60346120697547,216.41603084966374,4.8683162824174415,57207331982.057205,14.253392376127906,33.60281871563722,8.002547208981703,0.7920806073667075,2025-10-22,23496.4917756,STOP,1,-7.000000000000006,-7.371257485029936,0.0,-9.233792686247089,3,24.22680412371134,11.956055508478158,19.65514746020318
071050.KS,2025-10-20,2025-10-21,180500.0,,175700.0,92.26804123711341,3.1417663026736498,7.593386405388847,0.0,1.317817014446228,1.2122751126490845,True,24.20999052695576,32.30386471622582,168.65443425076455,4.080819578827547,37374487898.0,17.133333333333333,33.60281871563722,8.002547208981703,2.7319294251565207,2025-10-22,167865.0,STOP,1,-6.999999999999995,-7.371257485029947,1.4958448753462639,-8.254847645429365,3,24.22680412371134,11.956055508478158,19.65514746020318
042660.KS,2025-10-21,2025-10-22,123900.0,2025-11-24,120700.0,96.3917525773196,1.5175384349223424,4.774305555555558,-2.029220779220775,1.1703992210321323,0.8545859078851766,True,8.58515433126119,35.65988918450535,351.21495327102804,3.873239436619718,312634071356.0,10.228310502283101,33.60990125854242,7.691114012080291,2.6512013256006606,2025-11-25,120000.0,EXIT_MA,24,-3.147699757869249,-3.5343356869795506,22.356739305891836,-9.443099273607746,4,24.742268041237114,10.848150181981332,19.092690558934123
071970.KS,2025-10-21,2025-10-22,98400.0,,94800.0,99.48453608247422,1.7468806238342203,0.8510638297872353,-0.21052631578947212,1.1978609625668448,1.0830559076932067,True,10.939474792866166,75.91222092987351,452.1258008153756,4.936708860759493,32259569194.0,3.719912472647713,33.60990125854242,7.691114012080291,3.797468354430378,2025-11-05,90400.0,STOP,10,-8.130081300813007,-8.496827483244896,8.333333333333325,-13.617886178861793,4,24.742268041237114,10.848150181981332,19.092690558934123
085620.KS,2025-10-21,2025-10-22,8490.0,2025-12-16,8400.0,73.19587628865979,4.145543306845567,0.9615384615384581,0.0,1.0868443680137576,1.2740193573368706,True,10.562685093780843,26.23052959501557,94.89559164733178,3.208333333333333,1088848562.1,5.263157894736836,33.60990125854242,7.691114012080291,1.0714285714285676,2025-12-17,8810.0,EXIT_MA,40,3.769140164899887,3.3548921003693444,18.963486454652532,-4.122497055359242,4,24.742268041237114,10.848150181981332,19.092690558934123
329180.KS,2025-10-21,2025-10-22,582000.0,,563000.0,92.78350515463917,2.2556159411920778,5.827067669172936,0.0,1.059371362048894,0.9148599437554654,True,13.480609529952424,26.653306613226448,227.89749563191614,3.543516873889876,110746560160.0,12.938816449348046,33.60990125854242,7.691114012080291,3.374777975133214,2025-11-05,541260.0,STOP,10,-6.999999999999995,-7.371257485029947,9.965635738831624,-10.481099656357385,4,24.742268041237114,10.848150181981332,19.092690558934123
000880.KS,2025-10-22,2025-10-23,124412.7578,,127057.0234,94.84536082474226,1.580251964520205,0.6282731575811162,-11.672798376760207,1.2769435317371198,1.0276621859906814,True,12.397659780961856,33.915985064823026,265.3992399813393,3.8293442186840956,25360356447.221455,1.8008459529599063,35.358418788529235,8.656833752892833,-2.081164448245687,2025-11-05,115703.864754,STOP,9,-7.000000000000006,-7.371257485029947,15.727945144866817,-9.139210400173292,3,26.288659793814436,13.777466558326502,22.515883716548935
051910.KS,2025-10-22,2025-10-23,406500.0,,391000.0,75.25773195876289,5.828534138824013,10.451977401129952,0.0,1.615784008307373,1.8816912244062671,True,34.28120063191153,16.72693161865515,114.3640350877193,3.753196930946292,90566894450.0,35.763888888888886,35.358418788529235,8.656833752892833,3.9641943734015417,2025-11-05,378045.0,STOP,9,-6.999999999999995,-7.371257485029947,4.182041820418214,-8.241082410824108,3,26.288659793814436,13.777466558326502,22.515883716548935
064350.KS,2025-10-22,2025-10-23,230500.0,,234500.0,97.9381443298969,2.03313055901953,0.4282655246252709,0.0,1.3015656909462219,1.0189459455100576,True,15.869988437706905,43.9365598662921,427.5590551181103,4.744136460554371,152039616024.0,5.156950672645744,35.358418788529235,8.656833752892833,-1.7057569296375252,2025-11-05,214365.0,STOP,9,-6.999999999999995,-7.371257485029947,8.24295010845988,-9.110629067245124,3,26.288659793814436,13.777466558326502,22.515883716548935
010120.KS,2025-10-23,2025-10-24,73100.0,2026-06-08,73400.0,89.17525773195877,7.323991017873486,11.805026656511796,0.0,1.5037443834248627,2.008299820304298,True,23.52743184113093,20.250538820362852,179.51256664127953,3.981607629427793,59297884490.0,20.922570016474463,33.69399803592796,7.015077213300591,-0.4087193460490468,2026-06-09,218500.0,EXIT_MA,151,198.90560875512998,197.7123727920356,358.2763337893297,-2.0519835841313228,3,25.257731958762886,11.101609353717134,20.786364430933357
028050.KS,2025-10-23,2025-10-24,30550.0,,30300.0,72.16494845360825,3.443186272097798,6.315789473684208,0.0,1.314900153609831,1.2284316468873202,True,7.867568529725877,25.82306830907055,85.77559779276518,2.821782178217822,21384245739.0,8.02139037433156,33.69399803592796,7.015077213300591,0.8250825082508184,2025-10-27,28411.499999999996,STOP,1,-7.000000000000018,-7.371257485029947,0.16366612111293755,-8.01963993453355,3,25.257731958762886,11.101609353717134,20.786364430933357
267270.KS,2025-10-23,2025-10-24,113900.0,,114900.0,88.14432989690721,4.723116237749116,8.396226415094343,0.0,1.6046966731898238,1.4076735711835482,True,21.085022973485646,22.454720840350227,131.88698284561048,4.051348999129678,14401697198.0,19.067357512953365,33.69399803592796,7.015077213300591,-0.8703220191470851,2025-10-30,105927.0,STOP,4,-6.999999999999995,-7.371257485029947,5.355575065847229,-10.272168568920105,3,25.257731958762886,11.101609353717134,20.786364430933357
000720.KS,2025-10-24,2025-10-27,73500.0,,66600.0,82.9896907216495,3.770804513783146,5.714285714285716,-17.879161528976574,1.6694915254237288,1.3797806935519021,True,10.944527736131926,19.250290527319503,176.3485477178423,4.256756756756757,64594059832.0,15.224913494809677,36.676284639261645,8.93508662767406,10.360360360360366,2025-10-28,68355.0,STOP,1,-6.999999999999995,-7.371257485029947,1.2244897959183598,-8.163265306122447,4,25.773195876288657,14.406836662777733,23.54339195211528
010060.KS,2025-10-24,2025-10-27,110100.0,,108000.0,70.61855670103093,1.5055398830809665,3.349282296650724,0.0,1.1681877444589308,1.2778995838149214,True,13.693784739767567,17.51708780502892,96.72131147540983,3.546296296296296,13999644290.0,8.108108108108114,36.676284639261645,8.93508662767406,1.9444444444444375,2025-11-21,102393.0,STOP,19,-6.999999999999995,-7.371257485029947,19.709355131698448,-7.356948228882832,4,25.773195876288657,14.406836662777733,23.54339195211528
062040.KS,2025-10-24,2025-10-27,148200.0,,144700.0,94.84536082474226,3.2200513818599386,2.696948190205828,0.0,1.6416011971567528,1.9426136950479822,True,24.340488425249628,40.38088632217012,264.48362720403026,5.680718728403593,78455226274.0,20.2826267664173,36.676284639261645,8.93508662767406,2.4187975120939953,2025-11-18,137826.0,STOP,16,-6.999999999999995,-7.371257485029936,20.715249662618085,-7.4898785425101195,4,25.773195876288657,14.406836662777733,23.54339195211528
093370.KS,2025-10-24,2025-10-27,9030.0,,7900.0,79.38144329896907,9.1561517626301,4.913678618857897,0.0,1.5623529411764705,1.9500708928157227,True,31.303393943423185,19.21023171951932,106.266318537859,4.512658227848101,8057563142.8,23.8244514106583,36.676284639261645,8.93508662767406,14.303797468354439,2025-10-31,8397.9,STOP,4,-7.000000000000006,-7.371257485029936,15.282392026578062,-7.530454042081947,4,25.773195876288657,14.406836662777733,23.54339195211528
006800.KS,2025-10-27,2025-10-28,25016.86133,,25612.50195,94.3298969072165,2.5416505313288598,1.275762808315184,0.0,1.4530928360079458,1.4189621802180266,True,24.70877559161744,38.80785221272325,223.30827349647566,5.48158853922508,63654002986.115555,16.478557936978767,39.798458121952976,10.853534039772317,-2.325585454957879,2025-11-06,23265.681036899998,STOP,7,-7.000000000000006,-7.371257485029947,10.317463233906011,-12.301585995959952,2,27.31958762886598,16.553419694185088,26.494579747427483
128940.KS,2025-10-27,2025-10-28,423500.0,,428000.0,73.71134020618557,10.228952074592351,7.944514501891553,0.0,1.4335800545383717,1.6411521880938469,True,32.3520316655328,14.790788481164308,99.06976744186046,4.655373831775702,36551409710.0,16.93989071038251,39.798458121952976,10.853534039772317,-1.0514018691588745,2025-10-29,393855.0,STOP,1,-6.999999999999995,-7.371257485029947,0.0,-7.792207792207795,2,27.31958762886598,16.553419694185088,26.494579747427483
001440.KS,2025-10-28,2025-10-29,20700.0,2025-12-26,19970.0,72.68041237113401,5.283503730719541,2.1483375959079343,0.0,1.3897330595482547,1.9642879882175182,True,21.82028914780698,15.544560038343347,99.70000000000002,4.063595393089634,34435640457.4,25.360954174513495,38.29941068306797,9.179904109847259,3.6554832248372637,2025-12-29,21900.0,EXIT_MA,42,5.797101449275366,5.374757730914981,38.40579710144927,-2.898550724637683,1,27.31958762886598,15.037045596248543,24.953572092066278
035720.KS,2025-10-29,2025-10-30,68000.0,,67700.0,77.31958762886599,4.4955760142934285,3.834355828220848,-3.8352272727272707,1.1734475374732334,1.3662052543109964,True,9.4159097520768,24.593993213922527,106.40243902439023,3.5450516986706058,175204660272.0,7.802547770700641,40.33325249905464,10.192257624601165,0.4431314623338345,2025-10-30,63239.99999999999,STOP,0,-7.000000000000006,-7.371257485029958,0.14705882352941124,-7.058823529411762,2,27.31958762886598,17.53990414463984,26.32909412568729
336260.KS,2025-10-29,2025-10-30,44200.0,,42600.0,94.3298969072165,6.763278464251775,4.4117647058823595,0.0,1.2956354652758715,1.7361885371873966,True,44.33828013823948,41.91879363736031,233.59436178543461,5.827464788732394,79644049015.0,43.434343434343425,40.33325249905464,10.192257624601165,3.7558685446009488,2025-11-05,41106.0,STOP,4,-6.999999999999995,-7.371257485029947,4.751131221719462,-12.952488687782804,2,27.31958762886598,17.53990414463984,26.32909412568729
272210.KS,2025-10-30,2025-10-31,61700.0,,63000.0,88.65979381443299,8.89522986710275,0.9615384615384581,-8.163265306122447,1.1822014051522247,1.425797112775377,True,14.85242375075202,21.825167680895486,260.61820263308533,4.607142857142857,75845671982.0,5.882352941176472,40.124108980532554,9.43747241643913,-2.0634920634920673,2025-11-05,57380.99999999999,STOP,3,-7.000000000000018,-7.371257485029958,1.7828200972447306,-14.58670988654781,1,27.31958762886598,17.740139811704346,25.577741672762233
011070.KS,2025-10-31,2025-11-03,244000.0,,241000.0,76.28865979381443,1.7456333135549522,3.433476394849788,0.0,1.2954924874791318,0.8403310250261474,True,29.593581622447118,15.171689834240109,97.54098360655739,3.5394190871369293,44002479914.0,27.311146328578985,40.41946279008726,8.937098463235603,1.2448132780082943,2025-11-05,226919.99999999997,STOP,2,-7.000000000000018,-7.371257485029947,1.6393442622950838,-8.606557377049185,2,27.31958762886598,21.306535360074363,26.56219417618857
352820.KS,2025-10-31,2025-11-03,350500.0,,341000.0,75.77319587628865,2.2645907048820133,3.0211480362537735,0.0,1.4088215931533903,1.6726205646339902,True,19.043463082562397,8.930224952608024,84.02590393955747,3.295454545454545,73116161790.0,27.001862197392935,40.41946279008726,8.937098463235603,2.7859237536656867,2025-11-05,325965.0,STOP,2,-6.999999999999995,-7.371257485029936,0.14265335235377208,-8.131241084165474,2,27.31958762886598,21.306535360074363,26.56219417618857
001720.KS,2025-11-03,2025-11-04,152600.0,,153400.0,80.41237113402062,1.8629464209821014,4.424778761061954,-7.8125,1.0117252931323284,0.8679229864758731,True,10.520324500353029,26.539487179487175,114.54545454545455,3.5560625814863105,5027041468.0,15.512048192771077,43.89154562867539,10.808566413538934,-0.521512385919165,2025-11-05,141900.0,STOP,1,-7.011795543905642,-7.383005940935949,0.0,-10.681520314547832,2,26.288659793814436,23.043187825485578,35.341947230435046
307950.KS,2025-11-03,2025-11-04,219000.0,,225000.0,76.80412371134021,7.464042203212547,7.655502392344493,0.0,1.837920489296636,2.5884229511507537,True,38.30493472007082,10.599416695559949,104.35967302452318,3.582222222222222,19094393944.0,47.347740667976424,43.89154562867539,10.808566413538934,-2.6666666666666616,2025-11-05,203670.0,STOP,1,-6.999999999999995,-7.371257485029936,7.30593607305936,-7.077625570776258,2,26.288659793814436,23.043187825485578,35.341947230435046
000500.KS,2025-11-04,2025-11-05,48388.89062,,51777.77734,81.44329896907216,3.6761269459989103,0.7567525107238904,0.0,2.012053126627151,2.9885215007968178,True,52.92727569807574,1.958226154469811,176.14814581333334,4.581544998393321,5120417959.111218,68.23104790191454,40.08900923597019,7.199788335976165,-6.545060244179268,2025-11-06,45001.668276599994,STOP,1,-7.000000000000006,-7.371257485029947,1.4925301050433548,-8.15155143972176,2,26.804123711340207,20.3568333834697,30.942426622190446
128940.KS,2025-11-04,2025-11-05,469000.0,,451500.0,79.89690721649485,3.6328425552125387,2.7303754266211566,0.0,1.6770389780543729,2.1530949849335412,True,32.97794009365889,18.768692610406656,110.00000000000001,5.04983388704319,50122319100.0,23.024523160762932,40.08900923597019,7.199788335976165,3.875968992248069,2025-11-07,431000.0,STOP,2,-8.102345415778256,-8.46920232030608,2.3454157782516027,-8.208955223880599,2,26.804123711340207,20.3568333834697,30.942426622190446
009970.KS,2025-11-06,2025-11-07,164000.0,,156900.0,75.77319587628865,4.859343063075985,8.65650969529086,0.0,1.2147465437788019,1.3313077917185274,True,15.348987663760273,18.856194158638615,96.37046307884856,3.7412364563416185,2318427460.0,14.109090909090916,36.15207227980679,3.3428399908769224,4.525175270873172,2025-11-07,152520.0,STOP,0,-6.999999999999995,-7.371257485029947,6.4024390243902385,-12.804878048780488,3,23.711340206185564,13.446372439052222,25.89974440495808
011070.KS,2025-11-06,2025-11-07,248500.0,,256000.0,80.9278350515464,1.95041463147814,3.0181086519114775,0.0,1.3677264547090582,0.9090679435433584,True,33.1987470992851,17.888009028957686,109.8360655737705,4.1171875,47606954008.0,35.021097046413495,36.15207227980679,3.3428399908769224,-2.9296875,2025-11-19,231104.99999999997,STOP,8,-7.000000000000006,-7.371257485029947,4.426559356136828,-7.847082494969815,3,23.711340206185564,13.446372439052222,25.89974440495808
069960.KS,2025-11-06,2025-11-07,88300.0,2025-12-29,88300.0,76.80412371134021,1.715531477716796,0.7990867579908745,-1.5607580824972156,1.0324786324786326,0.9587424230677136,True,9.249727803622676,18.927031679934082,112.00480192076832,3.346545866364666,7634264286.0,1.6110471806674243,36.15207227980679,3.3428399908769224,0.0,2025-12-30,88500.0,EXIT_MA,36,0.22650056625141968,-0.17360522443222726,13.023782559456398,-2.604756511891282,3,23.711340206185564,13.446372439052222,25.89974440495808
000240.KS,2025-11-10,2025-11-11,27200.0,,27700.0,75.25773195876289,6.775056922731054,12.601626016260159,0.0,1.4225721784776904,1.3032893259877043,True,17.92754055089616,20.444674621447124,103.67647058823528,4.061371841155235,1996058827.0,25.909090909090903,37.041627386009665,3.439522842020759,-1.8050541516245522,2025-12-16,25296.0,STOP,25,-6.999999999999995,-7.371257485029947,11.397058823529417,-9.558823529411764,2,25.257731958762886,13.63322967512568,26.891815829571208
001720.KS,2025-11-10,2025-11-11,156200.0,,155000.0,81.95876288659794,3.501608298408375,0.7147498375568606,-6.850961538461542,1.2754716981132075,1.1809203646284179,True,10.260641930343727,26.159161786812057,116.78321678321679,4.619354838709677,5664575464.0,18.32061068702291,37.041627386009665,3.439522842020759,0.7741935483871032,2025-11-18,145266.0,STOP,5,-6.999999999999995,-7.371257485029936,8.002560819462223,-8.38668373879642,2,25.257731958762886,13.63322967512568,26.891815829571208
000990.KS,2025-11-11,2025-11-12,68200.0,,69100.0,86.5979381443299,10.570921215698034,7.800312012480504,0.0,1.2921174652241112,1.8772584720652454,True,26.014406856934436,20.105353652059165,136.64383561643834,5.050651230101303,35810004227.0,24.95479204339963,37.78219489835195,3.5652368571893467,-1.302460202604916,2025-11-21,63000.0,STOP,7,-7.624633431085048,-7.993397369483901,6.598240469208205,-10.410557184750735,2,23.711340206185564,15.289419395735404,28.053777208507146
161390.KS,2025-11-11,2025-11-12,58500.0,2026-01-07,59300.0,71.64948453608247,2.2213798621323777,0.33840947546530664,0.0,2.0897666068222622,1.538826398263456,True,40.955550273353936,3.0054477566260562,69.91404011461317,3.558178752107926,17123332851.0,49.558638083228246,37.78219489835195,3.5652368571893467,-1.3490725126475533,2026-01-08,56000.0,EXIT_MA,38,-4.273504273504269,-4.6556459730112465,8.034188034188027,-5.2991452991453025,2,23.711340206185564,15.289419395735404,28.053777208507146
005440.KS,2025-11-12,2025-11-13,8920.0,,8920.0,73.19587628865979,1.677220257158278,0.5636978579481422,-14.559386973180077,1.1800262812089357,1.1570532677548648,True,11.263564924535352,14.452133753528894,101.80995475113122,4.310538116591928,2449973185.8,7.599517490952956,38.87341545854357,4.028067296132898,0.0,2025-11-18,8295.599999999999,STOP,3,-7.000000000000018,-7.37125748502997,0.0,-8.968609865470857,2,25.257731958762886,13.482973797191855,30.10994828997542
010950.KS,2025-11-12,2025-11-13,86400.0,,87500.0,72.16494845360825,2.565078221406338,5.5488540410132625,0.0,1.5774099318403116,1.4819019392666537,True,32.105382350720916,9.934978443715071,73.61111111111111,3.9257142857142857,23765581351.0,33.58778625954197,38.87341545854357,4.028067296132898,-1.2571428571428567,2025-11-25,80352.0,STOP,8,-6.999999999999995,-7.371257485029936,4.861111111111116,-8.564814814814813,2,25.257731958762886,13.482973797191855,30.10994828997542
047810.KS,2025-11-17,2025-11-18,111800.0,,111200.0,77.31958762886599,1.9235341687469385,1.645338208409508,-3.304347826086962,1.1839142091152814,0.9243757503266437,True,8.714780126312505,18.264066736424645,123.06920762286859,4.096223021582734,77626030014.0,14.051282051282055,35.75482221110728,1.2777699273640142,0.5395683453237377,2025-11-19,103974.0,STOP,1,-6.999999999999995,-7.371257485029947,4.203935599284447,-7.155635062611809,2,24.742268041237114,7.197441030502882,28.702851579847334
111770.KS,2025-11-17,2025-11-18,76000.0,2026-01-19,77000.0,78.35051546391753,3.802735582919147,8.450704225352123,0.0,1.636529680365297,1.4357737825787686,True,25.554396034437787,11.8965839685081,101.0443864229765,4.181818181818182,3218071570.0,25.0,35.75482221110728,1.2777699273640142,-1.2987012987012991,2026-01-20,81000.0,EXIT_MA,42,6.578947368421062,6.153482508666874,26.84210526315789,-0.1315789473684159,2,24.742268041237114,7.197441030502882,28.702851579847334
004170.KS,2025-12-02,2025-12-03,241000.0,2026-03-23,238500.0,77.31958762886599,1.6626213406447723,1.273885350318471,0.0,1.3926119646943445,1.0833722729185669,True,22.283862631897367,13.60256750026938,89.43606036536933,4.29979035639413,10636452974.0,34.44193912063134,29.28100097316648,0.09740318779898338,1.048218029350112,2026-03-24,330500.0,EXIT_MA,72,37.136929460580916,36.58947664836303,62.24066390041494,-6.016597510373445,2,22.05128205128205,-3.0766204273124487,25.92966755209627
316140.KS,2025-12-02,2025-12-03,28500.0,2026-03-09,29000.0,72.68041237113401,2.115642929607551,4.88245931283906,0.0,0.9900990099009901,1.1030672719599808,True,11.02603369065851,19.93287065203169,90.28871391076116,2.896551724137931,53406684690.0,10.476190476190483,29.28100097316648,0.09740318779898338,-1.7241379310344862,2026-03-10,33100.0,EXIT_MA,62,16.140350877192986,15.6767167419547,45.61403508771931,-5.263157894736848,2,22.05128205128205,-3.0766204273124487,25.92966755209627
011070.KS,2025-12-03,2025-12-04,270000.0,2026-01-27,271000.0,85.56701030927834,1.9169536516834706,4.4315992292870865,0.0,1.0226339861616043,0.7359639163339327,True,22.30897684704607,29.325037355248405,122.13114754098359,4.275830258302583,44953805850.0,15.565031982942434,30.30037020360039,1.0936010054906076,-0.36900369003689537,2026-01-28,260000.0,EXIT_MA,36,-3.703703703703709,-4.08812005618393,10.925925925925917,-6.296296296296299,1,24.102564102564102,0.7961234740855305,26.751500991269083
011210.KS,2025-12-04,2025-12-05,66200.0,2026-03-04,67200.0,74.74226804123711,4.553679764901553,4.347826086956519,0.0,1.3816675297773175,1.6636914626015298,True,22.52042007001167,13.692872948504675,81.37651821862349,4.073660714285714,7346769069.0,19.36056838365896,29.736984338047613,0.8958879236609318,-1.4880952380952328,2026-03-05,84800.0,EXIT_MA,57,28.09667673716012,27.585312758169465,70.0906344410876,-2.7190332326283984,1,22.564102564102566,0.05116315923630044,25.858290250670414
005380.KS,2025-12-05,2025-12-08,321000.0,,315000.0,74.22680412371135,4.476209734857177,10.720562390158172,0.0,0.9822904368358913,1.093138899970721,True,24.52561669829223,17.250345896863628,77.46478873239437,2.833333333333333,245637958720.0,19.318181818181813,31.711815543151832,2.499860649132235,1.904761904761898,2025-12-10,298530.0,STOP,2,-6.999999999999995,-7.371257485029936,0.0,-7.320872274143298,1,24.615384615384617,3.7000170629982065,27.92187672634423
307950.KS,2025-12-08,2025-12-09,292000.0,,302000.0,92.78350515463917,3.0358482235748934,3.0716723549488067,0.0,1.504379988320031,2.013622000547906,True,64.83996332037903,17.975317704862093,174.2960944595822,4.811258278145695,44782052936.0,60.04239533651299,33.136146547730846,3.7639985102340567,-3.31125827814569,2025-12-17,271560.0,STOP,6,-6.999999999999995,-7.371257485029936,5.821917808219168,-8.732876712328764,1,23.076923076923077,2.0035673861681813,29.049039922376597
071970.KS,2025-12-09,2025-12-10,89000.0,2025-12-11,90200.0,96.3917525773196,1.9722028024244682,0.44543429844097204,-10.604558969276512,0.8451282051282051,0.7456776090523002,True,4.181104181104178,46.455334336992735,425.33488642981945,4.684035476718403,28428400620.0,7.637231503579955,32.444604960543224,3.4337879366820756,-1.3303769401330379,2025-12-12,86700.0,EXIT_MA,2,-2.5842696629213457,-2.97315481396756,1.1235955056179803,-4.044943820224722,1,24.615384615384617,0.9049229800446312,27.10080344536452
001430.KS,2025-12-10,2025-12-11,35000.0,2026-03-04,34950.0,74.22680412371135,5.117979655255598,10.952380952380958,0.0,1.2117863720073665,1.0959364715754518,True,28.72454053257707,9.921519330697759,130.8454425363276,3.9985693848354793,3509098988.0,21.143847487001732,31.850054472620194,3.2401938497466976,0.14306151645206988,2026-03-05,61300.0,EXIT_MA,53,75.14285714285714,74.44368406045052,164.28571428571428,-2.571428571428569,1,23.589743589743588,-0.37081181508215044,24.75373473226723
009970.KS,2025-12-11,2025-12-12,204500.0,,204500.0,90.72164948453609,3.112556945863949,3.1786074672048414,0.0,1.1616341030195383,1.1816098056532593,True,31.17214660491847,23.853141769909403,155.94493116395495,4.547677261613692,3128429924.0,29.75888324873097,30.763326873569664,2.708434984631447,0.0,2025-12-26,190185.0,STOP,9,-6.999999999999995,-7.371257485029936,5.623471882640585,-9.290953545232272,1,23.076923076923077,-1.4388657752778866,22.917892985759458
000500.KS,2025-12-12,2025-12-15,45000.0,2026-02-02,46111.10938,72.16494845360825,1.8052303477521674,6.273999452627632,-10.94420859897034,0.7299999959733997,0.5988381807817246,True,19.34203244520143,12.6484073188192,136.4672275897436,4.927710700418632,6849997335.586024,12.771730122327307,32.24732459065114,3.9191533698333503,-2.4096348904629195,2026-02-03,45833.33203,EXIT_MA,33,1.8518489555555462,1.4452547481481393,27.160494800000002,-4.197534711111106,3,26.666666666666668,3.878533475985635,22.72451828390882
000720.KS,2025-12-12,2025-12-15,70700.0,2026-05-04,78000.0,86.08247422680412,2.017225172838007,0.25706940874035134,-3.8224414303329235,1.0964467005076142,1.5481479725705074,True,21.85596000624903,12.383025791386482,223.6514522821577,4.852564102564102,118668501966.0,24.20382165605095,32.24732459065114,3.9191533698333503,-9.35897435897436,2026-05-06,161000.0,EXIT_MA,93,127.7227722772277,126.81369933400526,180.62234794908062,-3.960396039603964,3,26.666666666666668,3.878533475985635,22.72451828390882
023590.KS,2025-12-12,2025-12-15,40700.0,,41300.0,79.89690721649485,4.156512153978486,1.724137931034475,-0.6016847172081841,0.903137789904502,1.1511273692980628,True,11.32975712321751,20.777335000260443,141.23831775700936,3.553268765133172,3025218542.0,6.3063063063063085,32.24732459065114,3.9191533698333503,-1.4527845036319653,2025-12-26,37851.0,STOP,8,-6.999999999999995,-7.371257485029936,0.7371007371007376,-8.968058968058967,3,26.666666666666668,3.878533475985635,22.72451828390882
010130.KS,2025-12-15,2025-12-16,1699000.0,,1592000.0,90.20618556701031,2.779424865180822,2.1822849807445532,-20.399999999999995,1.4019774974428911,0.8493081470435037,True,33.93683431205936,31.3820527133154,143.79785604900462,5.527638190954774,55356687920.0,44.3336355394379,29.52208756311181,2.0079718461338603,6.721105527638183,2025-12-16,1580070.0,STOP,0,-6.999999999999995,-7.371257485029936,0.0,-19.54090641553855,1,22.05128205128205,0.032770997126618795,20.053356376981245
071970.KS,2025-12-22,2025-12-23,92700.0,,91200.0,96.90721649484536,2.522130136333414,0.9966777408637828,-9.613478691774036,1.0414698162729659,0.937290291819784,True,5.078809106830118,40.66204772902233,431.1589982527664,4.671052631578947,27619989470.0,13.011152416356886,28.586139005402167,1.6437469171201702,1.6447368421052655,2026-01-02,86211.0,STOP,5,-6.999999999999995,-7.371257485029936,6.903991370010787,-8.62998921251349,1,18.974358974358974,6.756787803973285,18.372574113996
010060.KS,2025-12-23,2025-12-24,119600.0,,121900.0,81.44329896907216,1.934469573701287,4.455869751499564,-5.209953343701401,1.0161480897991335,0.9978731232892377,True,12.824404872089158,22.91135784492173,122.04007285974501,4.200164068908942,17768772820.0,22.144288577154313,28.623693934286788,1.5993139181519345,-1.8867924528301883,2026-01-02,111227.99999999999,STOP,4,-7.000000000000018,-7.371257485029958,4.096989966555187,-11.872909698996658,2,17.94871794871795,6.727698133355653,18.103714762568647
042660.KS,2025-12-23,2025-12-24,130800.0,,123400.0,92.78350515463917,3.8214669873617053,1.8992568125516085,-12.482269503546096,0.7530864197530864,0.8094720394845188,True,2.7648234510326386,23.99418648176306,313.40033500837524,3.6547811993517016,305285044880.0,9.203539823008855,28.623693934286788,1.5993139181519345,5.996758508914102,2025-12-24,121643.99999999999,STOP,0,-7.000000000000006,-7.371257485029958,0.0,-9.938837920489297,2,17.94871794871795,6.727698133355653,18.103714762568647
042700.KS,2025-12-26,2025-12-29,136200.0,2025-12-30,132600.0,82.9896907216495,2.7522057053607294,1.6871165644171793,-12.475247524752476,0.8580152671755725,0.9198582944107913,True,2.5189033724544174,32.51439460688892,120.26578073089702,3.9177978883861235,178809138620.0,6.67739340305713,28.377925300967078,1.5403525710493415,2.714932126696823,2026-01-02,127600.0,EXIT_MA,2,-6.3142437591776845,-6.688238794071177,6.240822320117467,-6.975036710719529,1,16.41025641025641,3.5809754208461664,18.972894800193664
006260.KS,2025-12-29,2025-12-30,199800.0,2026-02-02,207000.0,76.80412371134021,1.6612922128425769,1.7199017199017286,-6.966292134831464,1.0475964953824295,0.8880349247457267,True,5.616555777786858,18.133653191245692,124.7557003257329,4.398550724637682,45620705668.0,15.707098937954168,30.868583626635694,3.4012041750578037,-3.4782608695652195,2026-02-03,205500.0,EXIT_MA,23,2.8528528528528607,2.442262621903346,24.124124124124123,-3.1531531531531543,1,18.974358974358974,7.4866478143058135,24.64553086704835
307950.KS,2025-12-30,2026-01-02,326500.0,2026-03-04,332000.0,95.87628865979381,2.1264657593668126,3.265940902021769,0.0,1.5951252538930265,1.5670597319451618,True,47.30677078711509,34.84100631188489,201.54405086285198,7.939759036144578,80223569868.0,68.69918699186992,30.3368865597583,2.874408748166246,-1.6566265060240948,2026-03-05,406500.0,EXIT_MA,40,24.502297090352208,24.00528193230691,66.30934150076571,-6.125574272588052,1,18.974358974358974,7.49418540167901,22.818771509156278
042700.KS,2026-01-02,2026-01-05,154900.0,2026-05-19,144500.0,82.9896907216495,2.499636989208524,6.093979441997055,-4.62046204620462,1.0835181079083518,1.2842918560138732,True,12.395382844342118,30.80202260680238,140.03322259136212,4.1280276816609,177283551996.0,19.917012448132777,32.931764869944935,4.802172575518138,7.197231833910034,2026-05-20,295000.0,EXIT_MA,91,90.44544867656552,89.6851874044036,175.0161394448031,-1.0974822466107148,3,19.48717948717949,7.877483619404813,25.84330314996095
204320.KS,2026-01-02,2026-01-05,64100.0,,65400.0,90.72164948453609,4.387359663206515,7.037643207855981,0.0,1.3349149861605378,1.7792898753076622,True,43.63209101091516,19.5217345653087,100.30627871362938,6.292048929663609,50747069032.0,28.740157480314956,32.931764869944935,4.802172575518138,-1.9877675840978548,2026-01-06,59612.99999999999,STOP,1,-7.000000000000006,-7.371257485029947,1.2480499219968744,-12.792511700468022,3,19.48717948717949,7.877483619404813,25.84330314996095
352820.KS,2026-01-02,2026-01-05,351000.0,,346000.0,71.64948453608247,2.292967516530353,4.060150375939853,0.0,1.0283479960899315,1.0604029580014471,True,13.625168303175595,9.488709909391634,80.49034950443401,3.2225433526011558,95373275120.0,16.10738255033557,32.931764869944935,4.802172575518138,1.4450867052023142,2026-01-07,326430.0,STOP,2,-6.999999999999995,-7.371257485029936,0.7122507122507171,-8.974358974358976,3,19.48717948717949,7.877483619404813,25.84330314996095
012450.KS,2026-01-05,2026-01-06,997000.0,2026-03-23,1012000.0,77.83505154639175,1.6758185650672823,3.1600407747196746,-8.581752484191508,0.9804772234273319,0.8756577027600824,True,9.192921881743633,5.0289387597405755,231.80327868852459,4.580039525691699,182978153560.0,16.85912240184757,37.08755885209627,7.846235404676394,-1.4822134387351804,2026-03-24,1310000.0,EXIT_MA,51,31.394182547642924,30.869654872802045,65.99799398194584,-1.6048144433299938,3,22.05128205128205,10.435794313764113,28.985509107545894
034020.KS,2026-01-05,2026-01-06,86000.0,,83200.0,96.3917525773196,2.9875801206352364,2.4630541871921263,-13.692946058091282,0.8605803255484784,0.8699434944768412,True,5.391163356303208,37.10018452187127,375.70040022870216,3.768028846153846,425558977630.0,6.1224489795918435,37.08755885209627,7.846235404676394,3.3653846153846256,2026-03-04,79980.0,STOP,37,-6.999999999999995,-7.371257485029947,28.13953488372094,-8.139534883720934,3,22.05128205128205,10.435794313764113,28.985509107545894
047810.KS,2026-01-05,2026-01-06,123000.0,2026-03-23,124400.0,75.77319587628865,1.9618327110343932,2.8949545078577277,0.0,1.1022304832713754,1.1384811038482991,True,15.450293266018257,13.73563157728075,149.54864593781343,4.381028938906752,74536775782.0,15.936626281453869,37.08755885209627,7.846235404676394,-1.12540192926045,2026-03-24,177400.0,EXIT_MA,51,44.22764227642277,43.651883225419084,75.20325203252031,-0.7317073170731714,3,22.05128205128205,10.435794313764113,28.985509107545894
006800.KS,2026-01-06,2026-01-07,28491.42578,,28491.42578,93.29896907216495,3.520446461687513,10.810815311851151,0.0,1.3794505280351703,1.7304079979454237,True,23.472723957563836,26.002521096153774,259.6491157469595,4.529615881511703,124108244001.26851,31.651379136914404,38.76139260249269,8.836161606519589,0.0,2026-01-09,26497.0259754,STOP,2,-7.000000000000006,-7.371257485029947,0.8710817139036209,-7.665505183433474,4,21.025641025641026,12.336322083508989,27.506685423731113
034730.KS,2026-01-06,2026-01-07,285000.0,2026-03-23,287500.0,83.50515463917526,2.009882220944209,4.735883424408005,0.0,0.8327645051194539,0.7843274329437281,True,11.693861693861685,29.268458044249577,149.13344887348353,2.9478260869565216,56320058790.0,8.08270676691729,38.76139260249269,8.836161606519589,-0.8695652173912993,2026-03-24,343000.0,EXIT_MA,50,20.350877192982452,19.870434569457586,48.7719298245614,-5.263157894736848,4,21.025641025641026,12.336322083508989,27.506685423731113
039490.KS,2026-01-06,2026-01-07,317000.0,2026-03-24,319000.0,88.14432989690721,1.6814438114410888,3.571428571428581,0.0,1.021021021021021,0.9907068264020226,True,10.998990918264372,33.67038916460076,192.1245421245421,3.377742946708464,34101266390.0,13.120567375886516,38.76139260249269,8.836161606519589,-0.6269592476489061,2026-03-25,414000.0,EXIT_MA,51,30.59936908517351,30.07801431836643,63.09148264984228,-4.57413249211357,4,21.025641025641026,12.336322083508989,27.506685423731113
181710.KS,2026-01-06,2026-01-07,34500.0,,34800.0,72.68041237113401,2.7490892731244614,3.4175334323922835,0.0,1.181508515815085,1.020592338542593,True,13.599268786315854,16.501900562277406,98.17767653758543,4.098419540229885,2956326843.0,4.6616541353383445,38.76139260249269,8.836161606519589,-0.8620689655172376,2026-01-07,32084.999999999996,STOP,0,-7.000000000000006,-7.371257485029947,0.28985507246377384,-9.275362318840575,4,21.025641025641026,12.336322083508989,27.506685423731113
005380.KS,2026-01-07,2026-01-08,361000.0,2026-03-23,350500.0,81.44329896907216,7.3344068680223415,6.212121212121202,0.0,1.4153132250580047,1.5189984761845252,True,24.995542241717494,24.335445423386105,97.46478873239437,3.6019971469329533,352613531550.0,11.269841269841274,39.12396609498412,8.860965757452055,2.9957203994293913,2026-03-24,508000.0,EXIT_MA,49,40.72022160664821,40.15846423496497,90.30470914127424,-6.371191135734067,2,21.025641025641026,11.000116472975407,26.04719258499284
086280.KS,2026-01-07,2026-01-08,233500.0,,218500.0,77.31958762886599,5.600902835509783,12.628865979381443,0.0,1.4703589743589744,1.2586030906051273,True,26.280139630580024,16.07436949281025,107.30550284629983,3.3363844393592674,35156652870.0,21.862799776910215,39.12396609498412,8.860965757452055,6.864988558352403,2026-01-08,217155.0,STOP,0,-6.999999999999995,-7.371257485029936,0.21413276231263545,-7.066381156316915,2,21.025641025641026,11.000116472975407,26.04719258499284
086280.KS,2026-01-08,2026-01-09,226000.0,2026-03-04,223500.0,79.89690721649485,3.288261881359749,1.8223234624145768,0.0,1.6324601142406934,1.4642371035201363,True,28.36859880074436,16.398303243425726,112.04933586337762,3.472035794183445,37404483180.0,22.734761120263602,38.74284982575187,8.377042834530425,1.118568232662187,2026-03-05,249000.0,EXIT_MA,35,10.176991150442483,9.73716284245667,30.973451327433633,-3.761061946902655,1,20.918367346938776,9.567613984229006,26.999764399160718
010140.KS,2026-01-09,2026-01-12,28500.0,,28650.0,85.56701030927834,3.548400908667889,4.753199268738584,-5.44554455445545,1.071108263933376,1.261776315378261,True,10.737476808905377,29.877888078713877,153.53982300884957,3.4118673647469464,131262935725.0,5.914972273567476,39.3579901322552,8.612835474703662,-0.5235602094240788,2026-02-06,26505.0,STOP,19,-6.999999999999995,-7.371257485029936,12.280701754385959,-7.017543859649122,4,21.93877551020408,10.685765583551387,28.763739447904136
042660.KS,2026-01-09,2026-01-12,135200.0,,134400.0,93.29896907216495,2.0494803048980934,1.8953752843062999,-4.680851063829783,1.174380551659654,1.364852097464595,True,12.432866536164223,20.779309351863784,275.94405594405595,4.151785714285714,288662908744.0,16.666666666666675,39.3579901322552,8.612835474703662,0.5952380952380931,2026-03-04,125735.99999999999,STOP,33,-7.000000000000006,-7.371257485029947,14.49704142011834,-19.748520710059168,4,21.93877551020408,10.685765583551387,28.763739447904136
071970.KS,2026-01-09,2026-01-12,101000.0,,100500.0,96.90721649484536,1.8088237598733752,1.412714429868811,-0.3964321110009883,1.2450469238790407,1.272492846919691,True,16.26023784183981,32.37978560490047,324.94714587737843,5.338308457711443,28164453262.0,11.419068736141913,39.3579901322552,8.612835474703662,0.4975124378109541,2026-01-14,93930.0,STOP,2,-6.999999999999995,-7.371257485029936,3.960396039603964,-8.811881188118809,4,21.93877551020408,10.685765583551387,28.763739447904136
082740.KS,2026-01-09,2026-01-12,50500.0,,49700.0,86.08247422680412,2.3637527523169375,1.0162601626016343,-3.1189083820662766,1.1014164305949008,1.080805861939359,True,12.975086379341704,22.252636551848703,181.74603174603178,4.668008048289739,51823526024.0,7.1120689655172376,39.3579901322552,8.612835474703662,1.6096579476861272,2026-03-04,46965.0,STOP,33,-6.999999999999995,-7.371257485029936,18.61386138613861,-16.23762376237624,4,21.93877551020408,10.685765583551387,28.763739447904136
267250.KS,2026-01-12,2026-01-13,227000.0,2026-03-23,228000.0,93.81443298969072,2.22109694690189,7.042253521126751,0.0,1.0052237752364817,0.9425637024077962,True,11.490352172594886,44.463635432450666,240.8071748878924,3.43859649122807,40434567454.0,10.144927536231885,40.09858231389081,8.892353587821521,-0.43859649122807154,2026-03-24,254000.0,EXIT_MA,46,11.894273127753308,11.447589402692415,39.647577092511014,-4.405286343612335,2,22.95918367346939,11.844982805320448,26.454359587678166
267270.KS,2026-01-12,2026-01-13,120700.0,,122100.0,74.74226804123711,2.2381528051069326,6.730769230769229,0.0,1.5312343828085957,1.3524469929888228,True,24.66561842723245,14.698270309517403,116.48936170212765,5.151515151515151,18959089776.0,22.344689378757508,40.09858231389081,8.892353587821521,-1.146601146601145,2026-01-21,112250.99999999999,STOP,6,-7.000000000000018,-7.371257485029947,9.196354598177292,-9.776304888152442,2,22.95918367346939,11.844982805320448,26.454359587678166
012330.KS,2026-01-13,2026-01-14,448000.0,,451000.0,74.74226804123711,5.617835814826169,7.8947368421052655,0.0,1.6391437308868502,1.7790901259255532,True,33.85172434261292,13.240014115511944,92.32409381663113,4.656319290465632,115343997970.0,25.104022191400844,41.71093687779332,9.73799099652597,-0.6651884700665134,2026-02-06,416640.0,STOP,17,-6.999999999999995,-7.371257485029947,11.49553571428572,-9.375,3,24.489795918367346,14.158934745465302,25.19148297862712
015760.KS,2026-01-13,2026-01-14,55000.0,,55700.0,88.14432989690721,1.5510820249704707,6.297709923664119,0.0,1.0166616176916086,0.675670144195639,True,13.608550216202996,32.45262119922736,184.7648261758691,3.3011669658886897,228126560858.0,14.139344262295083,41.71093687779332,9.73799099652597,-1.2567324955116699,2026-03-03,51150.0,STOP,30,-6.999999999999995,-7.371257485029947,26.363636363636367,-7.818181818181813,3,24.489795918367346,14.158934745465302,25.19148297862712
329180.KS,2026-01-13,2026-01-14,639000.0,,645000.0,79.89690721649485,1.518469394824709,5.9113300492610765,0.0,1.0103397341211227,1.0972371055037153,True,17.200276192898944,18.825434524452113,134.1197822141561,3.5775193798449614,158682841680.0,15.384615384615374,41.71093687779332,9.73799099652597,-0.9302325581395321,2026-01-27,594270.0,STOP,9,-6.999999999999995,-7.371257485029947,2.0344287949921824,-10.641627543035991,3,24.489795918367346,14.158934745465302,25.19148297862712
000990.KS,2026-01-14,2026-01-15,80300.0,2026-03-04,81900.0,80.41237113402062,1.4553112649511237,5.950840879689512,0.0,1.2762137902896777,0.7352588788405943,True,23.061666065632892,29.194572243899607,168.9655172413793,4.010989010989011,43200839546.0,21.153846153846146,42.1829486835535,9.736970899386254,-1.9536019536019578,2026-03-05,85000.0,EXIT_MA,31,5.853051058530512,5.430483988436574,41.34495641344957,-6.849315068493156,4,25.0,13.340978536655012,25.986631584434218
052690.KS,2026-01-14,2026-01-15,114600.0,2026-03-31,116800.0,72.16494845360825,8.999667151640054,8.752327746741152,0.0,1.2169576059850373,1.7165394638505382,True,23.506397377603893,10.324311712552504,133.83383383383384,3.6044520547945207,25423481952.0,12.415784408084708,42.1829486835535,9.736970899386254,-1.8835616438356184,2026-04-01,158300.0,EXIT_MA,50,38.132635253054104,37.581207567413166,67.5392670157068,-2.7923211169284423,4,25.0,13.340978536655012,25.986631584434218
298040.KS,2026-01-14,2026-01-15,2242000.0,2026-03-30,2125000.0,98.4536082474227,1.4731491971641606,0.2358490566037652,-8.719931271477666,1.140562248995984,1.1117689738891008,True,7.205198317004502,61.842650483871296,455.55555555555554,4.442352941176471,129492945480.0,8.307849133537214,42.1829486835535,9.736970899386254,5.505882352941183,2026-03-31,2442000.0,EXIT_MA,49,8.920606601248892,8.485793800445496,37.154326494201605,-6.2890276538804635,4,25.0,13.340978536655012,25.986631584434218
336260.KS,2026-01-14,2026-01-15,35900.0,,36900.0,81.44329896907216,2.8321375284866224,7.423580786026207,-15.945330296127558,1.137007874015748,0.7690453117305073,True,13.131189257135855,29.88611022618668,188.9584964761159,4.139566395663956,30067939110.0,14.953271028037385,42.1829486835535,9.736970899386254,-2.7100271002710064,2026-02-02,33200.0,STOP,12,-7.520891364902504,-7.890069443286141,11.281337047353768,-11.281337047353757,4,25.0,13.340978536655012,25.986631584434218
004800.KS,2026-01-15,2026-01-16,148000.0,,151300.0,93.29896907216495,4.369798681520482,9.241877256317688,-7.912355447352404,1.1772428884026258,1.0263034211389221,True,16.300521161621596,47.129790632907806,238.10055865921788,4.23331130204891,9873048148.0,18.38810641627544,43.95733739527061,10.558747393913826,-2.181097157964307,2026-02-02,137640.0,STOP,11,-6.999999999999995,-7.371257485029936,9.72972972972972,-7.567567567567568,3,25.510204081632654,17.282585196544375,25.765131090637162
353200.KS,2026-01-15,2026-01-16,51200.0,,50600.0,95.36082474226805,1.8416998904565258,2.2222222222222143,-4.347826086956519,0.941586748038361,0.6564674711501013,True,6.857010115515383,72.06321060147451,285.6707317073171,4.822134387351778,78064402225.0,10.480349344978169,43.95733739527061,10.558747393913826,1.1857707509881354,2026-01-21,47616.0,STOP,3,-6.999999999999995,-7.371257485029947,3.515625,-7.2265625,3,25.510204081632654,17.282585196544375,25.765131090637162
454910.KS,2026-01-15,2026-01-16,92000.0,,91300.0,70.61855670103093,3.7774151068091344,1.4444444444444482,-0.8686210640608039,1.129928894634777,1.6065620274274097,True,14.652401044806119,24.734399780706042,126.55086848635237,4.222343921139101,42905806628.0,7.919621749408989,43.95733739527061,10.558747393913826,0.766703176341732,2026-03-04,85560.0,STOP,29,-6.999999999999995,-7.371257485029936,41.95652173913042,-14.021739130434785,3,25.510204081632654,17.282585196544375,25.765131090637162
022100.KS,2026-01-16,2026-01-19,41450.0,,42000.0,82.9896907216495,7.547885662770201,8.667529107373873,0.0,1.401541695865452,2.1611193356167817,True,52.777272561929365,11.091579532252371,135.29411764705884,5.279761904761904,56457348696.0,57.5984990619137,44.773589487579635,10.4826706160138,-1.3095238095238049,2026-02-02,37650.0,STOP,10,-9.167671893848006,-9.530275998064198,10.012062726176119,-10.977080820265384,1,26.53061224489796,21.04483664253123,26.59368913441864
000270.KS,2026-01-19,2026-01-20,174000.0,,169500.0,72.16494845360825,3.6905645652113748,6.269592476489039,0.0,2.092407457443934,2.2194494941362395,True,38.40576159913771,16.62262345194052,106.70731707317071,3.625368731563422,148873519868.0,39.50617283950617,46.18492072630072,10.868339369410274,2.6548672566371723,2026-01-20,161820.0,STOP,0,-6.999999999999995,-7.371257485029947,1.724137931034475,-7.011494252873563,1,27.040816326530614,20.91135418761889,26.28898987240229
014680.KS,2026-01-20,2026-01-21,257000.0,2026-03-13,261000.0,79.89690721649485,1.9020644820067865,0.7722007722007707,0.0,1.1058823529411765,1.203867041225535,True,12.68943482578473,28.864086528831812,196.5909090909091,3.9655172413793105,12927480810.0,19.72477064220184,45.136412526626366,9.339493071556838,-1.532567049808431,2026-03-16,274500.0,EXIT_MA,34,6.809338521400776,6.382953936485003,34.82490272373542,-1.5564202334630295,2,28.061224489795915,22.311622395959407,27.04911443433524
457190.KS,2026-01-20,2026-01-21,81700.0,2026-03-20,83500.0,84.5360824742268,7.626662214409104,6.7774936061381075,0.0,1.409299279633268,1.8748576297214157,True,45.584517478859745,18.83413878658855,167.20000000000002,5.269461077844311,32114584733.0,50.17985611510791,45.136412526626366,9.339493071556838,-2.1556886227544925,2026-03-23,87600.0,EXIT_MA,39,7.221542227662181,6.793512118968925,52.38678090575275,-3.6719706242350103,2,28.061224489795915,22.311622395959407,27.04911443433524
204320.KS,2026-01-21,2026-01-22,74000.0,,71400.0,84.02061855670104,4.374694394822098,3.779069767441867,0.0,1.2710280373831775,1.7492405774875999,True,37.736795401057144,31.65373528552744,118.68300153139356,7.394957983193278,97322727813.0,31.0091743119266,45.35754009223556,8.797888811674092,3.6414565826330625,2026-01-22,68820.0,STOP,0,-6.999999999999995,-7.371257485029936,1.3513513513513598,-9.594594594594597,1,28.061224489795915,22.120857001175963,24.567244852478943
000150.KS,2026-01-22,2026-01-23,913000.0,,900000.0,87.62886597938144,2.923810974673683,1.2373453318335281,-11.591355599214149,1.067103109656301,1.3103728767929153,True,5.902287489409774,36.5621635519275,275.7828810020877,4.916666666666666,120443832880.0,13.493064312736447,46.10083755086609,8.722052402235093,1.4444444444444482,2026-02-02,835000.0,STOP,6,-8.54326396495071,-8.908360715589636,4.928806133625407,-12.267250821467691,3,28.57142857142857,20.618948026650518,22.501556816605838
006400.KS,2026-01-22,2026-01-23,402000.0,,384500.0,78.8659793814433,10.99454814733853,13.254786450662737,0.0,1.6526717557251909,2.274891892040289,True,29.248041950989958,31.887451550446364,140.01248439450688,4.105981794538362,200313585050.0,36.10619469026548,46.10083755086609,8.722052402235093,4.551365409622887,2026-01-23,373860.0,STOP,0,-6.999999999999995,-7.371257485029936,0.0,-9.825870646766166,3,28.57142857142857,20.618948026650518,22.501556816605838
278470.KS,2026-01-22,2026-01-23,282000.0,,286000.0,96.90721649484536,2.6293964994702796,10.960232783705148,0.0,1.1105651105651106,1.0859380066422684,True,19.310833924325223,29.576825256967098,580.952380952381,4.3225524475524475,125835801580.0,17.21311475409837,46.10083755086609,8.722052402235093,-1.3986013986013957,2026-02-03,262260.0,STOP,7,-6.999999999999995,-7.371257485029936,4.078014184397172,-9.57446808510638,3,28.57142857142857,20.618948026650518,22.501556816605838
001720.KS,2026-01-23,2026-01-26,164100.0,2026-03-31,165800.0,70.10309278350515,4.380021724416498,2.6625386996903977,-0.5398920215956782,1.6946826758147513,1.5847685849602873,True,15.527188606148435,12.455727942328787,131.8881118881119,4.508443908323281,4519563650.0,16.432584269662918,46.66550820749362,8.506704472465776,-1.0253317249698468,2026-04-01,191500.0,EXIT_MA,43,16.697135892748328,16.231279062837146,65.75258988421695,-2.498476538695915,3,28.061224489795915,21.19704169961998,24.42792466347765
006800.KS,2026-01-23,2026-01-26,33455.08984,2026-04-30,34547.09375,95.36082474226805,4.7308962893402144,6.74846640989093,0.0,1.4776630390683925,1.2769859613553125,True,42.023422151942654,24.036305306894757,336.09020533948205,5.352011284596118,139432791604.70325,45.606694859227574,46.66550820749362,8.506704472465776,-3.160913962552925,2026-05-04,66500.0,EXIT_MA,65,98.77393938572068,97.98043064565792,129.3768360121074,-4.451040535600614,3,28.061224489795915,21.19704169961998,24.42792466347765
071050.KS,2026-01-23,2026-01-26,195000.0,2026-03-23,195800.0,82.4742268041237,1.8729424615176014,1.3457556935817738,0.0,1.2308823529411765,1.0741985637971956,True,17.655542068766607,21.28177472014925,199.388379204893,3.8738508682328905,44988749934.0,21.539416511483545,46.66550820749362,8.506704472465776,-0.40858018386108474,2026-03-24,217000.0,EXIT_MA,37,11.282051282051286,10.837811556374422,54.10256410256411,-1.3846153846153841,3,28.061224489795915,21.19704169961998,24.42792466347765
010130.KS,2026-01-26,2026-01-27,1784000.0,,1807000.0,88.14432989690721,2.363072267041537,7.1767497034400884,0.0,1.3031390134529148,1.7180117865610545,True,34.77028639618138,36.725641156375865,176.7228177641654,6.1206419479800775,94344913640.0,37.310030395136785,44.95846939403203,6.651347175046962,-1.2728278915329239,2026-02-02,1659120.0,STOP,4,-6.999999999999995,-7.371257485029936,14.013452914798208,-8.632286995515692,2,28.061224489795915,20.468422561637368,21.279295366592986
023590.KS,2026-01-26,2026-01-27,44250.0,2026-03-04,44000.0,74.22680412371135,2.7515235883922986,3.0444964871194413,0.0,1.134004647560031,1.2087415500991854,True,14.643043251693587,15.231551467641037,150.0,4.176136363636364,2932403765.0,11.675126903553302,44.95846939403203,6.651347175046962,0.5681818181818121,2026-03-05,49750.0,EXIT_MA,23,12.429378531073443,11.980558656697893,40.79096045197741,-1.6949152542372836,2,28.061224489795915,20.468422561637368,21.279295366592986
000660.KS,2026-01-27,2026-01-28,810000.0,2026-03-30,800000.0,97.42268041237114,1.478940166259146,1.522842639593902,0.0,1.0879712746858168,1.0021175793083024,True,27.45754070675206,65.38215276625007,385.43689320388347,4.11875,2445388471480.0,33.5559265442404,48.359546149764164,8.449837053773713,1.2499999999999956,2026-03-31,817000.0,EXIT_MA,40,0.8641975308641969,0.46154604371504426,35.679012345679006,-2.3456790123456805,3,28.57142857142857,23.129392139155325,24.418573319269022
010950.KS,2026-01-27,2026-01-28,101000.0,2026-03-31,101500.0,70.10309278350515,1.631899630578181,0.794438927507457,0.0,1.3084243919633416,1.231305703463689,True,19.229413837660058,27.416753664185833,101.38888888888889,4.051724137931034,27869502622.0,23.78048780487805,48.359546149764164,8.449837053773713,-0.49261083743842304,2026-04-01,108500.0,EXIT_MA,41,7.425742574257432,6.996897294519866,75.34653465346534,-6.336633663366332,3,28.57142857142857,23.129392139155325,24.418573319269022
402340.KS,2026-01-27,2026-01-28,482000.0,2026-03-30,473000.0,99.48453608247422,1.4445360652260295,1.5021459227467782,0.0,1.167392657125078,0.9281167497700314,True,34.91542827804559,67.6814249023106,528.9893617021277,5.021141649048626,164632354000.0,41.40508221225709,48.359546149764164,8.449837053773713,1.9027484143763207,2026-03-31,473500.0,EXIT_MA,40,-1.763485477178428,-2.15564721180046,41.28630705394192,-4.045643153526967,3,28.57142857142857,23.129392139155325,24.418573319269022
032830.KS,2026-01-28,2026-01-29,200000.0,,192200.0,72.68041237113401,1.5039739447213187,1.693121693121702,0.0,1.501511879049676,1.427984515251758,True,20.10548285903542,18.76475041189829,161.14130434782606,3.7096774193548385,43877367228.0,21.954314720812174,50.279135255193566,9.17685221553528,4.058272632674287,2026-02-02,186000.0,STOP,2,-6.999999999999995,-7.371257485029936,0.0,-11.050000000000004,4,28.061224489795915,22.51478445315971,25.88703734631772
103590.KS,2026-01-28,2026-01-29,66000.0,,66000.0,82.9896907216495,1.5056787436932422,1.6949152542372836,0.0,0.9906382978723405,0.7893679462034958,True,14.55151346848098,36.92055881819991,229.1770573566085,4.742424242424242,34354102992.0,19.34900542495479,50.279135255193566,9.17685221553528,0.0,2026-02-02,61379.99999999999,STOP,2,-7.000000000000006,-7.371257485029958,3.9393939393939315,-10.606060606060607,4,28.061224489795915,22.51478445315971,25.88703734631772
128940.KS,2026-01-28,2026-01-29,522000.0,,519000.0,74.74226804123711,3.797204838451165,4.426559356136828,0.0,1.332950960711213,1.6224871921710853,True,15.80685469475187,30.718916120375983,141.39534883720933,5.1252408477842,57035640770.0,15.07760532150777,50.279135255193566,9.17685221553528,0.5780346820809301,2026-01-30,485459.99999999994,STOP,1,-7.000000000000006,-7.371257485029947,0.0,-8.045977011494255,4,28.061224489795915,22.51478445315971,25.88703734631772
353200.KS,2026-01-28,2026-01-29,56500.0,,54500.0,96.3917525773196,1.7762416516792399,2.8301886792452935,0.0,1.1795841209829867,0.9826182346677682,True,12.93698323559276,66.1161818441557,315.3963414634147,4.899082568807339,60584215163.0,15.588547189819725,50.279135255193566,9.17685221553528,3.669724770642202,2026-01-29,52545.0,STOP,0,-6.999999999999995,-7.371257485029936,0.0,-12.212389380530976,4,28.061224489795915,22.51478445315971,25.88703734631772
001040.KS,2026-01-30,2026-02-02,216000.0,,217500.0,73.19587628865979,1.8683347155043186,4.066985645933019,0.0,1.432441361083581,1.1094913627126506,True,19.600123174379736,12.41500383255445,130.89171974522293,4.2,24143443986.0,25.504904789382564,50.59855849680852,8.114022567687872,-0.6896551724137945,2026-02-04,200880.0,STOP,2,-6.999999999999995,-7.371257485029947,4.39814814814814,-7.453703703703707,3,29.081632653061224,21.22525610861141,26.75131295040267
111770.KS,2026-01-30,2026-02-02,92700.0,,90900.0,78.35051546391753,1.9339738618506854,3.0612244897959107,-3.297872340425534,1.2648432288192129,0.9760663134406118,True,4.85396576385364,33.11171591000694,125.0,4.697469746974697,7117520080.0,14.627994955863798,50.59855849680852,8.114022567687872,1.980198019801982,2026-02-02,86211.0,STOP,0,-6.999999999999995,-7.371257485029936,0.10787486515642097,-9.924487594390508,3,29.081632653061224,21.22525610861141,26.75131295040267
353200.KS,2026-01-30,2026-02-02,62400.0,,63300.0,96.3917525773196,4.605506786721591,12.0353982300885,0.0,1.4184049079754601,1.126287146652183,True,30.426719963736005,64.62299830740163,382.4695121951219,5.6635071090047395,66617923417.0,32.01251303441084,50.59855849680852,8.114022567687872,-1.4218009478673022,2026-02-05,58031.99999999999,STOP,3,-7.000000000000006,-7.371257485029958,4.166666666666674,-7.051282051282048,3,29.081632653061224,21.22525610861141,26.75131295040267
001440.KS,2026-02-03,2026-02-04,30450.0,,30800.0,82.9896907216495,4.17947834776282,1.1494252873563315,0.0,1.4192495921696575,1.6756946113081395,True,25.198162676313963,34.838050189505545,204.95049504950495,5.974025974025974,101642880276.0,18.00766283524904,51.21274155839086,8.030103979979252,-1.1363636363636354,2026-03-04,28318.499999999996,STOP,16,-7.000000000000018,-7.371257485029947,22.66009852216748,-17.077175697865353,4,28.061224489795915,16.85125337798976,31.333560390752258
009150.KS,2026-02-03,2026-02-04,303000.0,,307500.0,85.56701030927834,2.1491868868648414,2.499999999999991,0.0,1.13585291113381,1.3227966283109127,True,15.337009114436828,42.93411391946989,180.82191780821918,4.471544715447155,171963134530.0,14.738805970149249,51.21274155839086,8.030103979979252,-1.4634146341463428,2026-02-06,279500.0,STOP,2,-7.755775577557755,-8.124015994413814,0.8250825082508184,-9.570957095709575,4,28.061224489795915,16.85125337798976,31.333560390752258
120110.KS,2026-02-03,2026-02-04,57300.0,2026-05-15,57300.0,77.31958762886599,2.058782326249429,2.321428571428563,0.0,1.4637944458863223,1.5925346341754998,True,26.677425773218676,16.955934350779888,117.45730550284632,5.113438045375219,13966872198.0,35.30106257378984,51.21274155839086,8.030103979979252,0.0,2026-05-18,77200.0,EXIT_MA,67,34.72949389179756,34.19165160081234,83.0715532286213,-5.584642233856895,4,28.061224489795915,16.85125337798976,31.333560390752258
267270.KS,2026-02-03,2026-02-04,130800.0,,135900.0,74.74226804123711,9.102322392472605,3.1107738998482626,0.0,1.3645870897944465,2.3324174056669795,True,29.1579547614522,17.69311648508982,140.95744680851064,6.254598969830758,35294506448.0,23.657870791628753,51.21274155839086,8.030103979979252,-3.7527593818984517,2026-02-06,121643.99999999999,STOP,2,-7.000000000000006,-7.371257485029958,2.67584097859328,-9.785932721712543,4,28.061224489795915,16.85125337798976,31.333560390752258
020150.KS,2026-02-04,2026-02-05,46350.0,,47750.0,82.9896907216495,4.4886863525769085,9.644087256027545,0.0,1.872340425531915,2.0023460235711483,True,32.008183125069124,31.2460427895771,142.01723264064876,6.764397905759162,19397000851.0,61.317567567567565,52.94684607288358,8.814655273209638,-2.9319371727748678,2026-02-11,43105.5,STOP,4,-6.999999999999995,-7.371257485029936,8.953613807982741,-10.14023732470335,3,29.081632653061224,18.01866001259025,35.84790387922408
062040.KS,2026-02-04,2026-02-05,154700.0,,157000.0,73.71134020618557,2.2526180453557196,3.835978835978837,-6.935388263189091,1.2203636363636363,1.2472394457048528,True,10.903902122008425,28.436504840275447,252.80898876404495,4.818471337579617,44559463612.0,13.850616388687452,52.94684607288358,8.814655273209638,-1.4649681528662417,2026-02-06,142200.0,STOP,1,-8.080155138978673,-8.447100627445813,0.8403361344537785,-11.700064641241115,3,29.081632653061224,18.01866001259025,35.84790387922408
103590.KS,2026-02-04,2026-02-05,69400.0,,69500.0,79.89690721649485,1.8031240116372909,1.3119533527696792,0.0,1.3559322033898304,1.1059150162300813,True,18.76687514952664,35.58269593348064,246.63341645885288,5.323741007194244,35240225720.0,9.4488188976378,52.94684607288358,8.814655273209638,-0.14388489208633226,2026-02-06,63200.0,STOP,1,-8.933717579250722,-9.297255632826573,2.1613832853025983,-12.680115273775217,3,29.081632653061224,18.01866001259025,35.84790387922408
009970.KS,2026-02-05,2026-02-06,206500.0,2026-04-02,217500.0,85.56701030927834,1.7859826261554055,1.1627906976744207,0.0,1.1950643213441847,0.9801263338271176,True,12.98231761796913,32.55524914186954,171.5355805243446,4.47816091954023,3649081038.0,14.473684210526304,46.46774587193949,3.966558618944216,-5.057471264367819,2026-04-03,219500.0,EXIT_MA,36,6.295399515738498,5.871066583539952,26.876513317191275,-2.9055690072639195,1,28.061224489795915,13.425966942309575,26.76812161023687
062040.KS,2026-02-09,2026-02-10,159500.0,,159500.0,74.74226804123711,2.440072196818908,1.0132995566814351,-5.453467694131597,1.449236894492369,1.3670212125020011,True,12.011573358802208,27.481893302536275,258.42696629213486,5.545454545454546,47052727346.0,15.07936507936507,49.12854541109548,5.425838262301874,0.0,2026-02-13,148335.0,STOP,3,-6.999999999999995,-7.371257485029947,3.1974921630093966,-9.028213166144205,2,27.55102040816326,14.557417619450973,27.651615007680896
103590.KS,2026-02-09,2026-02-10,71500.0,2026-03-30,71800.0,78.8659793814433,1.8015916959185485,0.7012622720897532,0.0,1.6005291005291005,1.240295575199726,True,21.013955369783588,35.36499462425389,258.1047381546135,6.107242339832869,36808526558.0,16.55844155844155,49.12854541109548,5.425838262301874,-0.41782729805014407,2026-03-31,69700.0,EXIT_MA,31,-2.5174825174825166,-2.906634283879783,37.06293706293706,-6.2937062937062915,2,27.55102040816326,14.557417619450973,27.651615007680896
111770.KS,2026-02-10,2026-02-11,96800.0,,97200.0,80.9278350515464,2.0872887893382974,2.748414376321362,0.0,1.5016759776536313,1.2823220234378943,True,11.906790393515854,30.166758456875463,131.98090692124106,5.37037037037037,6852871298.0,12.891986062717775,48.6342087948612,4.863024147917305,-0.4115226337448541,2026-02-12,90024.0,STOP,1,-6.999999999999995,-7.371257485029936,0.9297520661156966,-7.334710743801653,2,27.55102040816326,12.978830385859585,27.119645946295545
128940.KS,2026-02-10,2026-02-11,606000.0,,591000.0,82.4742268041237,1.57495908239129,3.321678321678312,0.0,1.6287207452851624,1.5163635018282102,True,28.080098823223466,29.572402367196226,174.88372093023256,5.7571912013536375,67300925920.0,37.12296983758701,48.6342087948612,4.863024147917305,2.538071065989844,2026-03-04,537000.0,STOP,11,-11.386138613861386,-11.739886563506651,6.765676567656764,-21.61716171617162,2,27.55102040816326,12.978830385859585,27.119645946295545
000120.KS,2026-02-11,2026-02-12,146500.0,,145700.0,73.71134020618557,4.53208006758886,3.3333333333333437,0.0,1.8951494365507104,2.0593592489668517,True,46.0300278629703,11.851752202865406,87.75773195876289,4.512697323266987,11965057194.0,46.285140562249,49.5100397067997,5.250168437783809,0.5490734385724005,2026-02-13,136245.0,STOP,1,-6.999999999999995,-7.371257485029936,1.0238907849829282,-7.849829351535831,6,27.55102040816326,13.368129467917967,33.47617374833798
002380.KS,2026-02-11,2026-02-12,547000.0,,549000.0,73.19587628865979,2.9877175851113167,5.1724137931034475,0.0,1.6,1.3684976706743592,True,24.75571512975503,16.588399711218127,137.14902807775377,4.2622950819672125,13024353660.0,22.956326987681976,49.5100397067997,5.250168437783809,-0.36429872495445936,2026-03-04,508709.99999999994,STOP,10,-7.000000000000006,-7.371257485029947,26.508226691042047,-10.420475319926869,6,27.55102040816326,13.368129467917967,33.47617374833798
005440.KS,2026-02-11,2026-02-12,14500.0,,12100.0,78.35051546391753,12.650175343107566,12.662942271880828,0.0,1.7520049352251696,1.8421667558514472,True,38.48513287705726,8.040533438850517,153.9349422875131,4.5041322314049586,2556787449.6,42.352941176470594,49.5100397067997,5.250168437783809,19.834710743801654,2026-02-12,13485.0,STOP,0,-6.999999999999995,-7.371257485029936,1.379310344827589,-16.137931034482754,6,27.55102040816326,13.368129467917967,33.47617374833798
047040.KS,2026-02-11,2026-02-12,7470.0,2026-05-28,7480.0,90.72164948453609,3.974944341223298,0.6729475100942128,0.0,1.65126213592233,2.123142522526224,True,72.76821803903452,9.782691381190256,151.85185185185185,6.935160427807487,32766971118.3,89.8477157360406,49.5100397067997,5.250168437783809,-0.13368983957219305,2026-05-29,26500.0,EXIT_MA,69,254.75234270414995,253.3361656873669,440.1606425702811,-5.35475234270415,6,27.55102040816326,13.368129467917967,33.47617374833798
139130.KS,2026-02-11,2026-02-12,20100.0,,19540.0,70.10309278350515,1.5873719774066166,4.603854389721618,0.0,1.726295210166178,1.1796104756841679,True,29.33373929389338,11.741256000059174,129.34272300469485,3.1320368474923233,11296244208.2,35.31855955678671,49.5100397067997,5.250168437783809,2.865916069600827,2026-02-27,18693.0,STOP,8,-6.999999999999995,-7.371257485029936,9.45273631840795,-9.850746268656717,6,27.55102040816326,13.368129467917967,33.47617374833798
267260.KS,2026-02-11,2026-02-12,997000.0,,995000.0,86.08247422680412,1.4218398446761629,1.5306122448979664,0.0,1.3875214653692043,1.2126836993735006,True,16.428738591153746,38.71068531616086,275.47169811320754,5.010050251256281,137154160620.0,7.917570498915394,49.5100397067997,5.250168437783809,0.20100502512563345,2026-03-04,920000.0,STOP,10,-7.723169508525574,-8.091540089329863,11.935807422266809,-14.44332998996991,6,27.55102040816326,13.368129467917967,33.47617374833798
000150.KS,2026-02-12,2026-02-13,975000.0,2026-04-02,973000.0,86.08247422680412,1.9346927171163344,1.565762004175375,-4.420432220039294,1.282980866062437,1.0441608519107415,True,15.281628397431346,26.303975338386376,306.2630480167015,6.038026721479959,119850892700.0,16.666666666666675,53.54342594396036,7.780431861992532,0.20554984583760483,2026-04-03,1060000.0,EXIT_MA,31,8.717948717948708,8.283944930651522,32.82051282051282,-4.61538461538461,4,28.061224489795915,15.106048805260919,35.04359038943572
005440.KS,2026-02-12,2026-02-13,13400.0,2026-04-09,13930.0,85.56701030927834,28.74511004531796,7.401696222050891,0.0,1.9243243243243244,2.913857643055855,True,57.29804196120058,8.916711762680162,189.30425752855658,4.698492462311558,4716535307.2,64.46280991735537,53.54342594396036,7.780431861992532,-3.804737975592243,2026-04-10,13120.0,EXIT_MA,36,-2.0895522388059695,-2.480412309708935,47.686567164179095,-4.179104477611939,4,28.061224489795915,15.106048805260919,35.04359038943572
086790.KS,2026-02-12,2026-02-13,131500.0,,130000.0,70.10309278350515,1.7364385859417033,1.7214397496087663,0.0,1.7740458015267175,1.5675427216025104,True,30.747877861367012,14.49694261794816,149.04214559386975,3.4923076923076923,73532052940.0,35.13513513513513,53.54342594396036,7.780431861992532,1.1538461538461497,2026-02-27,122294.99999999999,STOP,7,-7.000000000000006,-7.371257485029947,1.6730038022813698,-8.59315589353612,4,28.061224489795915,15.106048805260919,35.04359038943572
267270.KS,2026-02-12,2026-02-13,142000.0,,145000.0,76.28865979381443,2.945317643017091,0.554785020804438,0.0,1.4822585621721691,2.4408949158016764,True,31.38580308439498,20.18993062740273,157.09219858156027,6.572413793103449,52685015238.0,19.834710743801654,53.54342594396036,7.780431861992532,-2.0689655172413834,2026-03-04,132000.0,STOP,9,-7.042253521126762,-7.413342329425654,4.577464788732399,-20.211267605633797,4,28.061224489795915,15.106048805260919,35.04359038943572
005940.KS,2026-02-13,2026-02-19,36050.0,,30900.0,73.71134020618557,2.9303430551975915,3.3444816053511683,0.0,1.7399756986634265,1.3719622784214536,True,33.91115926327193,13.962435610606526,153.27868852459017,4.749190938511327,23015069716.0,36.42384105960266,52.47924383677434,6.788261442129606,16.666666666666675,2026-03-03,33526.5,STOP,7,-6.999999999999995,-7.371257485029936,18.169209431345344,-8.044382801664351,3,28.061224489795915,13.763794374263473,39.29031123452269
138930.KS,2026-02-13,2026-02-19,22750.0,,22050.0,72.68041237113401,2.437848108012692,2.3201856148491906,0.0,1.810615711252654,1.3298099250111508,True,34.87393415949989,14.627271707426527,137.0967741935484,3.494331065759637,18382188108.8,47.590361445783124,52.47924383677434,6.788261442129606,3.1746031746031855,2026-02-26,21100.0,STOP,5,-7.252747252747249,-7.622995766708341,1.318681318681314,-10.329670329670327,3,28.061224489795915,13.763794374263473,39.29031123452269
175330.KS,2026-02-13,2026-02-19,36000.0,,34650.0,70.10309278350515,3.6178108803706204,1.7621145374449254,0.0,1.860023724792408,1.8508979851971077,True,34.584013050570974,12.61555823347631,116.0224438902743,4.025974025974026,14526452080.0,44.676409185803756,52.47924383677434,6.788261442129606,3.8961038961038863,2026-02-25,33480.0,STOP,4,-6.999999999999995,-7.371257485029936,6.944444444444442,-7.638888888888884,3,28.061224489795915,13.763794374263473,39.29031123452269
009150.KS,2026-02-19,2026-02-20,357000.0,2026-07-08,358000.0,91.28205128205128,2.3642009910644184,10.83591331269349,0.0,1.4424188528234771,1.1640855207709353,True,28.661275831087153,42.58628199543928,226.9406392694064,4.626396648044693,180435473250.0,22.602739726027398,56.501605756927866,9.27092280886379,-0.27932960893854997,2026-07-09,1552000.0,EXIT_MA,94,334.73389355742296,332.9984289124831,577.0308123249299,-1.8207282913165312,2,29.081632653061224,15.752158547720585,44.477300873449096
016360.KS,2026-02-19,2026-02-20,119300.0,,111500.0,74.87179487179488,2.5626927888119733,6.494746895893022,0.0,1.7303988995873452,1.3975067035561595,True,33.05489260143197,14.634738566450189,165.16052318668252,4.605381165919282,44978623494.0,33.532934131736525,56.501605756927866,9.27092280886379,6.995515695067267,2026-02-20,110948.99999999999,STOP,0,-7.000000000000018,-7.371257485029958,0.08382229673093988,-7.292539815590948,2,29.081632653061224,15.752158547720585,44.477300873449096
000880.KS,2026-02-20,2026-02-23,170951.8594,,167646.5156,88.71794871794872,1.4227350302596289,0.5551095703635545,-7.106231833128174,1.0180212432374283,0.7540001846918077,True,24.673072783607775,16.081868811077182,318.4818231630184,5.5914830865712295,70932276309.49261,1.765646381008712,59.39924282386204,10.813611414730673,1.9716149710420572,2026-03-04,158985.22924199997,STOP,6,-7.000000000000006,-7.371257485029936,14.849182213691691,-14.153134680674896,1,29.081632653061224,18.887167476845935,45.037383244400274
032830.KS,2026-02-23,2026-02-24,235500.0,,232000.0,80.0,3.528300248805958,2.428256070640167,0.0,1.481981981981982,1.3037994125213583,True,33.22767000884357,21.1790985574414,215.2173913043478,4.782327586206896,58178899210.0,32.79908414424728,59.70164467318868,10.543033648127832,1.5086206896551824,2026-03-04,215000.0,STOP,5,-8.704883227176218,-9.069334791139594,10.191082802547768,-16.730360934182585,2,28.57142857142857,19.066659492959758,51.71802133331771
062040.KS,2026-02-23,2026-02-24,164000.0,,164700.0,71.7948717948718,3.241383442316541,0.060753341433783525,-2.3710729104920003,1.301537496077816,1.288936819868834,True,14.723952020729714,24.564916063452948,270.1123595505618,5.695203400121432,46828944488.0,16.14950634696757,59.70164467318868,10.543033648127832,-0.4250151791135415,2026-03-03,152520.0,STOP,4,-6.999999999999995,-7.371257485029947,13.109756097560975,-8.41463414634146,2,28.57142857142857,19.066659492959758,51.71802133331771
001820.KS,2026-02-24,2026-02-25,61500.0,,60700.0,85.12820512820512,14.693184425174238,6.491228070175437,0.0,2.3272311212814647,3.4906850760546946,True,84.3415937803693,10.951807330407458,179.08045977011494,5.374794069192751,9042585598.0,93.9297124600639,62.31777326814589,11.804099997177552,1.317957166392092,2026-02-25,57194.99999999999,STOP,0,-7.000000000000018,-7.371257485029947,0.1626016260162677,-8.780487804878046,2,28.57142857142857,20.537187985836635,55.21442841306396
006400.KS,2026-02-24,2026-02-25,422000.0,,421500.0,74.35897435897436,2.752005550583331,0.23781212841855748,0.0,1.0439243347226674,0.8796658343311642,True,27.79698017100236,34.0600916983709,163.10861423220976,5.504151838671412,346908699100.0,9.62288686605981,62.31777326814589,11.804099997177552,0.11862396204034287,2026-03-04,390000.0,STOP,4,-7.5829383886255926,-7.951868774299742,12.203791469194304,-17.417061611374407,2,28.57142857142857,20.537187985836635,55.21442841306396
000270.KS,2026-02-25,2026-02-26,197400.0,,196100.0,75.38461538461539,2.4753353638024262,10.916289592760187,0.0,0.9618218352310783,0.952042195664648,True,35.820254602374256,26.99677630739865,139.14634146341464,3.4637939826619073,246456421162.0,23.33333333333334,64.63225906647132,12.78804486421179,0.6629270780214247,2026-03-03,183582.0,STOP,2,-6.999999999999995,-7.3712574850299255,7.6494427558257305,-8.814589665653493,2,29.081632653061224,21.919333347588843,57.703648659745795
005850.KS,2026-02-25,2026-02-26,72900.0,,72200.0,84.1025641025641,3.052272275498334,13.166144200626961,0.0,1.0175554819476649,0.9679993855611945,True,43.4190139446188,31.730165375758833,165.44117647058823,4.712603878116344,19274492089.0,28.24156305506216,64.63225906647132,12.78804486421179,0.969529085872578,2026-03-04,65000.0,STOP,3,-10.836762688614543,-11.192703755725864,6.172839506172845,-20.713305898491086,2,29.081632653061224,21.919333347588843,57.703648659745795
012330.KS,2026-02-26,2026-02-27,507000.0,,529000.0,73.33333333333333,1.972768301012086,11.13445378151261,0.0,0.7674481271894368,0.8124549362364946,True,26.262023533904568,28.516433797027663,125.58635394456287,3.513705103969754,204254586520.0,13.641245972073035,69.81809078030079,15.476556318771806,-4.15879017013232,2026-03-03,471509.99999999994,STOP,1,-7.000000000000006,-7.371257485029958,4.7337278106508895,-7.8895463510848085,3,29.591836734693878,27.430155200552807,59.2395063127489
066570.KS,2026-02-26,2026-02-27,144700.0,,146700.0,70.76923076923077,2.8196239637252307,5.161290322580636,0.0,1.7174011812812358,2.278790471756637,True,42.85992521034589,21.06935479116927,126.73879443585783,4.475119291070211,191070304706.0,43.12195121951219,69.81809078030079,15.476556318771806,-1.363326516700747,2026-03-03,134571.0,STOP,1,-6.999999999999995,-7.371257485029936,4.975812024879067,-12.23220456116102,3,29.591836734693878,27.430155200552807,59.2395063127489
278470.KS,2026-02-26,2026-02-27,317000.0,,317000.0,91.7948717948718,1.4663008072990502,3.4257748776509,0.0,0.9901146698299723,0.992645539159149,True,23.31271638075232,23.456908702782787,501.51802656546494,5.788643533123029,144589136010.0,14.028776978417268,69.81809078030079,15.476556318771806,0.0,2026-03-03,294810.0,STOP,1,-6.999999999999995,-7.371257485029936,1.577287066246047,-10.252365930599371,3,29.591836734693878,27.430155200552807,59.2395063127489
064350.KS,2026-03-03,2026-03-04,260000.0,,249000.0,76.92307692307693,4.907225005106592,2.680412371134011,0.0,1.0223773352494354,1.2716088335671358,True,19.618374150901708,7.812107510675714,218.4143222506394,5.572289156626506,182786882434.0,11.659192825112097,54.503206600936394,4.34055281978154,4.417670682730934,2026-03-04,241799.99999999997,STOP,0,-7.000000000000006,-7.371257485029958,3.4615384615384714,-22.88461538461538,1,28.061224489795915,12.011659486871885,47.50483310444296
010060.KS,2026-03-18,2026-03-19,196900.0,,193600.0,89.74358974358975,2.039522396195828,11.264367816091948,0.0,1.3817743877960658,1.0562912722662885,True,44.89282720632259,27.909937680091133,228.13559322033896,7.324380165289256,35227373988.0,24.4215938303342,51.55022239043707,3.8765808175106775,1.7045454545454586,2026-03-24,183117.0,STOP,3,-6.999999999999995,-7.371257485029936,15.794819705434238,-12.138141188420516,2,27.040816326530614,7.293373260295577,44.845356233112746
353200.KS,2026-03-18,2026-03-19,72400.0,2026-06-25,74800.0,95.8974358974359,2.427304473920366,7.010014306151646,0.0,1.3651671274189494,1.1685684360140394,True,32.79363726743361,55.05352605834053,470.1219512195122,7.814171122994653,75115122719.0,25.92592592592593,51.55022239043707,3.8765808175106775,-3.208556149732622,2026-06-26,133000.0,EXIT_MA,67,83.70165745856353,82.96831750862914,173.4806629834254,-0.4143646408839796,2,27.040816326530614,7.293373260295577,44.845356233112746
475150.KS,2026-03-20,2026-03-23,58600.0,,59900.0,95.8974358974359,4.967655603898393,9.506398537477146,0.0,1.995782370307887,2.760112592544831,True,128.77963823026155,13.625080285381985,378.81694644284573,7.362270450751252,84985480422.0,110.9154929577465,46.678551926843916,1.036001271917919,-2.170283806343909,2026-03-23,54497.99999999999,STOP,0,-7.000000000000018,-7.371257485029947,1.1945392491467643,-10.409556313993173,1,26.39593908629442,1.830995552424164,42.52011804570308
017670.KS,2026-04-08,2026-04-09,93000.0,2026-06-17,89000.0,70.91836734693877,1.446735120994322,8.404384896467732,0.0,0.825147347740668,0.6008195095517017,True,15.939763430774834,27.309816408776566,75.5424063116371,3.48876404494382,106409060644.0,14.249037227214378,42.71978455355212,6.316770834939001,4.494382022471921,2026-06-18,98100.0,EXIT_MA,46,5.483870967741944,5.062777670465524,50.0,-3.2258064516129004,3,25.380710659898476,4.677218867894073,28.995219920076632
028260.KS,2026-04-08,2026-04-09,305000.0,2026-04-13,309000.0,73.9795918367347,1.654052568390339,1.3114754098360715,-14.166666666666671,1.0321750321750323,1.023750692290138,True,3.9808863613419954,30.969012917527916,185.31855955678668,5.728155339805825,141708474090.0,8.994708994709,42.71978455355212,6.316770834939001,-1.2944983818770184,2026-04-14,297000.0,EXIT_MA,3,-2.622950819672132,-3.0116815549229403,2.9508196721311553,-6.229508196721312,3,25.380710659898476,4.677218867894073,28.995219920076632
267270.KS,2026-04-08,2026-04-09,158400.0,2026-05-20,160900.0,80.61224489795919,1.4050714402117057,4.345006485084313,0.0,1.1711859764448096,0.7941165798435754,True,22.536326804155117,27.12741495907096,185.2836879432624,5.668116842759478,75213683752.0,25.116640746500774,42.71978455355212,6.316770834939001,-1.5537600994406486,2026-05-21,163900.0,EXIT_MA,28,3.472222222222232,3.0591594588600834,37.310606060606055,-5.113636363636365,3,25.380710659898476,4.677218867894073,28.995219920076632
093370.KS,2026-04-09,2026-04-10,10940.0,2026-06-01,11240.0,83.16326530612244,21.333966452800905,6.137865911237017,0.0,1.8536147283340818,3.385240670778961,True,42.784552845528445,13.502991853507318,193.47258485639688,6.0587188612099645,15535916792.6,57.64375876577841,39.94571161817897,4.424851761956972,-2.6690391459074703,2026-06-02,10370.0,EXIT_MA,34,-5.210237659963434,-5.588639904833837,40.95063985374772,-6.581352833638022,1,24.873096446700508,3.488286678905661,25.98357697960665
006360.KS,2026-04-10,2026-04-13,36200.0,,37650.0,86.22448979591837,3.709402672757641,0.6684491978609541,0.0,1.4144174923129484,1.9110589701103138,True,57.98882118938518,16.14610621431478,145.4367666232073,8.067729083665338,67435827589.6,63.69565217391304,41.40610182690114,5.53182851091143,-3.8512616201859196,2026-05-12,33666.0,STOP,19,-6.999999999999995,-7.371257485029947,23.895027624309396,-9.254143646408842,3,25.380710659898476,6.772619151924686,26.684023871207785
011070.KS,2026-04-10,2026-04-13,366000.0,2026-07-02,380000.0,81.12244897959184,1.909754734288372,6.741573033707859,0.0,1.2239955971381398,1.049278293184807,True,35.879281985267816,23.927334605132835,211.47540983606555,6.3618421052631575,82669177000.0,52.0,41.40610182690114,5.53182851091143,-3.68421052631579,2026-07-03,889000.0,EXIT_MA,55,142.89617486338798,141.9265294547517,388.52459016393436,-2.1857923497267784,3,25.380710659898476,6.772619151924686,26.684023871207785
020150.KS,2026-04-10,2026-04-13,48600.0,,49150.0,83.6734693877551,1.9161180367373727,4.021164021164014,0.0,1.0343137254901962,1.0304989735324912,True,17.874187591433444,31.07833043860959,149.11302584896097,6.12410986775178,16530378516.0,31.946308724832218,41.40610182690114,5.53182851091143,-1.1190233977619535,2026-04-14,45198.0,STOP,1,-6.999999999999995,-7.371257485029936,5.555555555555558,-7.201646090534974,3,25.380710659898476,6.772619151924686,26.684023871207785
007810.KS,2026-04-14,2026-04-15,89700.0,,89100.0,99.48979591836735,1.7695103527755796,1.94508009153318,0.0,1.1996842936069456,1.0353272497471637,True,41.06583072100314,84.7638967098383,892.2048997772828,8.872053872053872,33322801288.0,69.71428571428571,43.02830374964519,6.928641408449776,0.6734006734006703,2026-05-15,83421.0,STOP,20,-6.999999999999995,-7.371257485029936,18.171683389074687,-7.46934225195095,3,25.380710659898476,5.802166148278753,26.35239305063739
039490.KS,2026-04-14,2026-04-15,484000.0,,480000.0,88.26530612244898,1.7309827081220097,1.0526315789473717,-3.128153380423815,0.9130682898991821,0.8757924290020559,True,9.066121336059997,44.437388312091095,339.5604395604396,6.539062499999999,68016715520.0,8.108108108108114,43.02830374964519,6.928641408449776,0.8333333333333304,2026-04-17,450119.99999999994,STOP,2,-7.000000000000018,-7.371257485029947,1.0330578512396604,-7.74793388429752,3,25.380710659898476,5.802166148278753,26.35239305063739
062040.KS,2026-04-14,2026-04-15,186400.0,2026-06-08,183600.0,85.20408163265306,2.8593774762517983,3.0881527231892303,0.0,1.0553228058867763,1.2989031956549495,True,22.457146668445272,15.109846870813314,312.5842696629213,6.67483660130719,73381626790.0,31.330472103004283,43.02830374964519,6.928641408449776,1.5250544662309462,2026-06-09,225000.0,EXIT_MA,35,20.708154506437772,20.226285626172547,82.93991416309012,-0.3755364806867001,3,25.380710659898476,5.802166148278753,26.35239305063739
000500.KS,2026-04-15,2026-04-16,79722.21875,,71111.10938,82.6530612244898,6.638743366588835,8.843536936623607,0.0,0.9200870411890575,0.9080344431754694,True,27.650234445184818,29.19826118557547,264.67235579487175,6.601562782425543,7731464754.88504,16.68185511950473,45.45652739503727,8.981567955943381,12.109372846350052,2026-04-16,74141.6634375,STOP,0,-7.000000000000006,-7.371257485029936,5.15680227477362,-8.641107733846153,4,26.39593908629442,2.8077555394095066,26.968773323657057
006260.KS,2026-04-15,2026-04-16,342500.0,2026-06-08,343500.0,84.18367346938776,1.7862268733730011,10.096153846153854,0.0,0.9588377723970944,0.8298256390231455,True,31.300312674398167,26.544353453905202,255.95854922279796,6.2663755458515285,53668010126.0,21.808510638297875,45.45652739503727,8.981567955943381,-0.29112081513827937,2026-06-09,386500.0,EXIT_MA,34,12.846715328467152,12.396229438932348,76.35036496350365,-4.379562043795615,4,26.39593908629442,2.8077555394095066,26.968773323657057
103590.KS,2026-04-15,2026-04-16,88200.0,2026-05-28,86800.0,87.24489795918367,2.0386108434213845,0.6960556844547661,-3.016759776536315,0.9781347612672914,0.7820580832777735,True,13.603643692903699,40.18838628591874,332.9177057356609,5.846774193548387,41232289178.0,5.467800729040095,45.45652739503727,8.981567955943381,1.6129032258064502,2026-05-29,97600.0,EXIT_MA,28,10.657596371882082,10.215849480177974,67.68707482993197,-3.74149659863946,4,26.39593908629442,2.8077555394095066,26.968773323657057
457190.KS,2026-04-15,2026-04-16,104900.0,2026-05-15,104900.0,83.6734693877551,1.5396107194528001,3.553800592300105,-14.15711947626841,0.8192517126295451,0.6906875895936121,True,7.128267973856217,52.16664983178063,183.13090418353573,5.34795042897998,48209492212.0,10.189075630252109,45.45652739503727,8.981567955943381,0.0,2026-05-18,99900.0,EXIT_MA,20,-4.766444232602474,-5.146618107921441,25.643469971401345,-10.390848427073408,4,26.39593908629442,2.8077555394095066,26.968773323657057
000500.KS,2026-04-16,2026-04-17,77000.0,2026-06-12,79166.66406,90.3061224489796,3.5285110206094386,6.026785924685107,0.0,1.0284302577518392,1.1676112211851044,True,40.57135562957763,29.95827156032056,305.98289261538457,6.3052637758196335,8342206181.119596,28.14747870305947,48.10416929031591,10.93148992325057,-2.7368389027455975,2026-06-15,148333.3281,EXIT_MA,37,92.64068584415585,91.87166115016723,358.1529625974026,-1.9480519480519431,5,28.934010152284262,8.030746227523755,28.617721753998993
000990.KS,2026-04-16,2026-04-17,103000.0,2026-06-23,103500.0,72.95918367346938,1.5425457801358666,2.2727272727272707,-8.325952170062001,1.0374501992031873,1.049950644437358,True,13.47937635681864,36.21222021020405,181.6326530612245,6.053140096618358,39981048442.0,17.74744027303754,48.10416929031591,10.93148992325057,-0.48309178743961567,2026-06-24,152800.0,EXIT_MA,44,48.34951456310679,47.757300932116344,123.78640776699031,-0.8737864077669855,5,28.934010152284262,8.030746227523755,28.617721753998993
001440.KS,2026-04-16,2026-04-17,42100.0,,42100.0,91.3265306122449,3.2767455665183856,0.8383233532934131,0.0,1.0680306905370844,1.486212336488591,True,35.70576668923058,37.0228459746254,316.83168316831683,5.599762470308789,189469278399.0,39.86710963455149,48.10416929031591,10.93148992325057,0.0,2026-04-17,39153.0,STOP,0,-6.999999999999995,-7.3712574850299255,0.0,-8.551068883610446,5,28.934010152284262,8.030746227523755,28.617721753998993
023530.KS,2026-04-16,2026-04-17,120200.0,2026-07-08,121700.0,71.42857142857143,2.2014758055791237,4.28449014567267,0.0,0.9101978691019786,0.7705458100494268,True,16.38804942427605,31.136109961498427,101.82421227197347,5.690221857025472,18204248122.0,13.209302325581396,48.10416929031591,10.93148992325057,-1.232539030402624,2026-07-09,162600.0,EXIT_MA,55,35.274542429284516,34.73452429583428,75.54076539101497,-2.911813643926786,5,28.934010152284262,8.030746227523755,28.617721753998993
052690.KS,2026-04-16,2026-04-17,189500.0,,189100.0,87.24489795918367,1.401929361660699,1.9956850053937325,0.0,0.7912942090944423,0.5831244969153816,True,18.428798677305004,41.16918969217542,278.5785785785786,6.21893178212586,70184891360.0,12.55952380952381,48.10416929031591,10.93148992325057,0.21152829190904665,2026-05-08,176235.0,STOP,13,-6.999999999999995,-7.371257485029936,3.95778364116095,-10.817941952506594,5,28.934010152284262,8.030746227523755,28.617721753998993
020150.KS,2026-04-17,2026-04-20,53200.0,2026-06-05,52900.0,81.63265306122449,2.7435626531749264,3.1189083820662766,0.0,1.1727912431587177,1.3781906848765069,True,24.385713277998544,31.02980821073711,168.11961479979723,6.469754253308128,16849741456.0,30.456226880394578,46.75324364510831,9.921189665493246,0.5671077504725952,2026-06-08,47550.0,EXIT_MA,31,-10.620300751879697,-10.977105938498944,56.20300751879699,-12.218045112781951,1,28.934010152284262,7.10440242763466,26.245646488376195
007660.KS,2026-04-20,2026-04-21,134800.0,,133300.0,82.14285714285714,3.0378801408267924,3.6547433903576954,-10.053981106612685,0.830722587165235,0.9546519371884774,True,17.263098631197437,16.92505496483536,365.2705061082025,6.571642910727682,145768836470.0,15.411255411255409,46.85581288729559,9.61219104201314,1.1252813203300738,2026-05-12,125363.99999999999,STOP,13,-7.000000000000006,-7.371257485029958,21.95845697329377,-7.937685459940658,1,28.934010152284262,15.04582794246867,27.290382111241883
005440.KS,2026-04-21,2026-04-22,14850.0,2026-04-30,15280.0,78.06122448979592,1.857031686430959,2.1390374331550888,-18.50666666666667,0.837514654161782,0.4142703614226405,True,7.723978455204317,44.4587025155311,212.47443762781185,5.153795811518325,16141640859.6,6.332637439109257,50.26844642012542,11.775484591886087,-2.814136125654454,2026-05-04,14530.0,EXIT_MA,7,-2.154882154882154,-2.5454814277169557,6.464646464646462,-4.107744107744105,3,28.426395939086298,15.026329236296831,30.113259985390073
066970.KS,2026-04-21,2026-04-22,198000.0,,196400.0,90.81632653061224,1.8363360498029007,0.5632360471070186,0.0,0.9433319130805283,1.2100410179209755,True,43.99671534987388,29.68100784406942,310.8786610878661,7.191955193482688,120229054350.0,57.11999999999999,50.26844642012542,11.775484591886087,0.8146639511201537,2026-04-23,184140.0,STOP,1,-6.999999999999995,-7.371257485029936,0.15151515151514694,-7.32323232323232,3,28.426395939086298,15.026329236296831,30.113259985390073
082740.KS,2026-04-21,2026-04-22,59400.0,2026-06-01,60600.0,71.93877551020408,5.751578547478696,1.1686143572620988,0.0,1.1387096774193548,1.94338479807192,True,21.323750225229745,12.531963547475012,183.17757009345797,5.474422442244224,33841562395.0,28.52598091198304,50.26844642012542,11.775484591886087,-1.980198019801982,2026-06-02,59500.0,EXIT_MA,26,0.16835016835017313,-0.23152348501650488,58.922558922558935,-5.387205387205385,3,28.426395939086298,15.026329236296831,30.113259985390073
006400.KS,2026-04-22,2026-04-23,657000.0,,659000.0,93.36734693877551,2.044075224872389,1.6975308641975273,0.0,1.2005219660722053,1.1707926658504455,True,53.5307410945181,43.27534180730612,311.36079900124844,4.647192716236722,381805884010.0,63.11881188118811,50.366846836558764,11.534039956018937,-0.3034901365705611,2026-05-13,611010.0,STOP,12,-6.999999999999995,-7.371257485029947,10.045662100456632,-8.675799086757996,2,28.934010152284262,13.748517342706524,29.58892635917787
336260.KS,2026-04-22,2026-04-23,47900.0,2026-06-18,48250.0,75.51020408163265,2.3347481471217826,3.208556149732611,0.0,0.8191956742142615,1.2247435062840621,True,22.886104319478395,21.433486681872658,277.83868441660144,6.170984455958549,37437818718.0,22.92993630573248,50.366846836558764,11.534039956018937,-0.7253886010362698,2026-06-19,65000.0,EXIT_MA,37,35.69937369519833,35.15765962855082,127.34864300626305,-4.175365344467641,2,28.934010152284262,13.748517342706524,29.58892635917787
010060.KS,2026-04-23,2026-04-24,322000.0,,322000.0,96.42857142857143,1.643899116040696,0.15552099533437946,0.0,1.5553057553956835,1.8009989296572502,True,71.7534857423271,51.70148118478599,442.08754208754215,8.341614906832298,69193948866.0,75.6683033278778,51.12029127790612,11.555690832366604,0.0,2026-05-15,299460.0,STOP,13,-6.999999999999995,-7.371257485029936,23.913043478260864,-12.422360248447205,4,28.934010152284262,18.594589196732336,29.773936786500578
034020.KS,2026-04-23,2026-04-24,123000.0,,122600.0,88.77551020408163,1.4571656711419436,4.965753424657526,0.0,0.798719487795118,0.818371015439254,True,21.017096379358,25.5497790969309,453.49887133182847,4.384176182707993,567237777106.0,21.506442021803764,51.12029127790612,11.555690832366604,0.32626427406199365,2026-05-15,114389.99999999999,STOP,13,-7.000000000000018,-7.371257485029947,13.170731707317064,-11.869918699186988,4,28.934010152284262,18.594589196732336,29.773936786500578
229640.KS,2026-04-23,2026-04-24,61800.0,2026-06-04,62800.0,72.44897959183673,3.03110259829014,1.7828200972447306,0.0,1.2007259528130672,1.7958706630046493,True,37.153839433912815,13.695449748587741,120.73813708260106,5.525477707006369,11935072160.0,40.80717488789239,51.12029127790612,11.555690832366604,-1.5923566878980888,2026-06-05,61400.0,EXIT_MA,26,-0.6472491909385147,-1.0438669586393612,77.66990291262137,-5.177993527508096,4,28.934010152284262,18.594589196732336,29.773936786500578
298040.KS,2026-04-23,2026-04-24,3292000.0,2026-06-05,3268000.0,94.89795918367348,1.655122587589725,2.8643374252439457,0.0,0.7602131438721137,1.0394263893922053,True,21.379597233674286,40.96341070741394,656.4814814814815,5.192778457772338,130472500820.0,14.265734265734276,51.12029127790612,11.555690832366604,0.7343941248469932,2026-06-08,2985000.0,EXIT_MA,27,-9.32563791008505,-9.687611411441999,44.04617253948968,-9.32563791008505,4,28.934010152284262,18.594589196732336,29.773936786500578
004800.KS,2026-04-24,2026-04-27,177000.0,2026-06-05,171000.0,74.48979591836735,1.4404590275490685,2.1505376344086002,-2.1179164281625695,0.7869589657110736,0.989062536372047,True,14.315510809835153,25.014416447285946,247.9145473041709,4.535087719298246,5581482690.0,22.492836676217777,50.52140938861041,10.565252263122593,3.5087719298245723,2026-06-08,166200.0,EXIT_MA,26,-6.101694915254241,-6.47653844852667,79.66101694915255,-9.6045197740113,2,29.441624365482234,19.062043102655668,30.831646400961855
267260.KS,2026-04-24,2026-04-27,1300000.0,,1248000.0,82.14285714285714,1.7751042719258179,8.616187989556146,0.0,1.0046748831279217,1.062486646250267,True,27.064285568836667,29.345260239877003,325.9385665529011,4.4631410256410255,156109786560.0,36.393442622950815,50.52140938861041,10.565252263122593,4.166666666666674,2026-05-15,1209000.0,STOP,12,-6.999999999999995,-7.371257485029936,10.000000000000009,-11.307692307692307,2,29.441624365482234,19.062043102655668,30.831646400961855
001440.KS,2026-04-28,2026-04-29,46000.0,,45900.0,90.3061224489796,2.969506452170714,2.4553571428571397,0.0,1.5119075689695827,2.4988227867477772,True,39.943290953992495,38.76948332176886,307.63765541740673,6.669389978213508,254025298067.0,71.91011235955057,53.10865329565546,10.625506231945025,0.2178649237472685,2026-06-02,42780.0,STOP,21,-6.999999999999995,-7.371257485029936,64.99999999999999,-9.130434782608699,4,29.441624365482234,31.441319105190637,28.432875008453284
005380.KS,2026-04-28,2026-04-29,565000.0,2026-06-22,555000.0,76.53061224489795,1.7227571444009488,0.7259528130671544,-17.65578635014837,0.8344481605351171,0.7719720978286497,True,7.321034922844882,52.091053467443096,208.5047248471373,4.495495495495495,792097400040.0,24.57912457912459,53.10865329565546,10.625506231945025,1.8018018018018056,2026-06-23,582000.0,EXIT_MA,35,3.0088495575221197,2.5976365852365957,38.58407079646018,-10.088495575221234,4,29.441624365482234,31.441319105190637,28.432875008453284
028050.KS,2026-04-28,2026-04-29,55600.0,,56300.0,81.63265306122449,1.9707116837480556,1.9927536231884035,0.0,0.8715596330275229,1.0917853871746945,True,40.89089089089089,32.62969232301105,198.6737400530504,6.780639431616341,132855418541.0,57.70308123249299,53.10865329565546,10.625506231945025,-1.243339253996445,2026-05-13,51708.0,STOP,8,-6.999999999999995,-7.371257485029936,21.0431654676259,-7.194244604316546,4,29.441624365482234,31.441319105190637,28.432875008453284
307950.KS,2026-04-28,2026-04-29,485500.0,,478000.0,87.24489795918367,2.8646342711637107,3.800217155266017,-5.346534653465351,0.8941176470588236,0.9096019106856023,True,14.395117865262662,48.68201938541681,305.77249575551787,5.402719665271967,67797188650.0,33.33333333333333,53.10865329565546,10.625506231945025,1.5690376569037712,2026-04-30,451514.99999999994,STOP,1,-7.000000000000018,-7.371257485029958,0.0,-7.31204943357363,4,29.441624365482234,31.441319105190637,28.432875008453284
001820.KS,2026-04-29,2026-04-30,70000.0,,71000.0,87.75510204081633,2.2894944445601895,3.197674418604657,0.0,0.8485847760373729,0.7334738425396604,True,26.616139099420423,52.542488149563724,198.94736842105263,6.021126760563381,23154737335.0,22.837370242214526,53.61466365178431,10.342345148546684,-1.4084507042253502,2026-05-06,65099.99999999999,STOP,2,-7.000000000000006,-7.371257485029947,1.0000000000000009,-8.857142857142852,3,28.426395939086298,22.12568061501674,28.147472386880533
010950.KS,2026-04-29,2026-04-30,133700.0,,134300.0,71.42857142857143,1.7533462312798977,7.871485943775092,-4.953998584571828,0.7247769389155799,0.4949204978826404,True,15.875754961173417,36.682184438397194,165.41501976284584,4.471332836932241,128447020428.0,18.95482728077944,53.61466365178431,10.342345148546684,-0.44676098287416144,2026-05-06,124340.99999999999,STOP,2,-7.000000000000006,-7.371257485029947,2.842183994016456,-9.498878085265517,3,28.426395939086298,22.12568061501674,28.147472386880533
267250.KS,2026-04-29,2026-04-30,304500.0,,301000.0,78.06122448979592,1.9090089526005871,1.0067114093959662,0.0,0.9886914378029079,1.0046779615771528,True,13.162148952968167,31.640094329117563,323.943661971831,4.6262458471760795,48271013900.0,22.357723577235777,53.61466365178431,10.342345148546684,1.1627906976744207,2026-05-07,283185.0,STOP,3,-6.999999999999995,-7.371257485029936,9.35960591133005,-7.060755336617408,3,28.426395939086298,22.12568061501674,28.147472386880533
007340.KS,2026-04-30,2026-05-04,48000.0,,48050.0,73.9795918367347,1.7851951537641095,10.080183276059573,0.0,1.2168568920105356,1.0308133516081062,True,36.13440616500454,26.871613303259313,135.53921568627453,5.582726326742976,12451002360.0,28.82037533512065,50.888713063689075,7.613571946757514,-0.10405827263267886,2026-05-19,44640.0,STOP,10,-6.999999999999995,-7.371257485029936,12.916666666666664,-9.062499999999996,1,27.918781725888326,26.075799101036658,26.30963965048747
032830.KS,2026-05-04,2026-05-06,280500.0,2026-07-08,265000.0,72.95918367346938,1.6129319119435777,0.952380952380949,0.0,0.7942827973455845,1.02992307523202,True,14.57973019716361,33.06330978298391,232.9145728643216,3.9952830188679247,101380417370.0,19.909502262443436,57.93000576107996,11.706947109988475,5.849056603773595,2026-07-09,336000.0,EXIT_MA,44,19.78609625668448,19.307908247675766,84.13547237076648,-3.7433155080213942,2,28.934010152284262,29.00508592713662,40.150562427746465
402340.KS,2026-05-04,2026-05-06,1100000.0,,991000.0,99.48979591836735,2.4258020845043915,12.99885974914481,0.0,1.246054617812543,1.050625788455917,True,61.0805890575729,69.1107953061735,1112.9742962056303,4.805751765893038,389894528560.0,105.17598343685299,57.93000576107996,11.706947109988475,10.998990918264372,2026-05-18,1022999.9999999999,STOP,8,-7.000000000000006,-7.371257485029947,11.909090909090914,-10.636363636363633,2,28.934010152284262,29.00508592713662,40.150562427746465
000660.KS,2026-05-06,2026-05-07,1622000.0,2026-07-08,1601000.0,96.42857142857143,1.4913606900179015,10.413793103448278,0.0,1.1793988129427533,0.9199943321505455,True,53.52896049098581,63.919093634931045,821.1737629459149,4.250468457214241,4626845127380.0,80.6997742663657,67.3099639120072,17.090686335323756,1.311680199875087,2026-07-09,2228000.0,EXIT_MA,43,37.3612823674476,36.81293393484302,84.15536374845868,-3.3908754623921067,8,29.441624365482234,35.48830902567586,39.645390199781325
005930.KS,2026-05-06,2026-05-07,272000.0,2026-07-02,266000.0,90.81632653061224,1.8371594816011778,14.40860215053763,0.0,1.1235955056179776,0.8737719916289531,True,32.161435690543506,58.59566454175105,393.50649350649354,3.776315789473684,5895494459721.0,37.75245986535474,67.3099639120072,17.090686335323756,2.2556390977443552,2026-07-03,288500.0,EXIT_MA,39,6.066176470588225,5.642758600446163,37.683823529411775,-4.411764705882348,8,29.441624365482234,35.48830902567586,39.645390199781325
005940.KS,2026-05-06,2026-05-07,38300.0,,38450.0,70.91836734693877,2.2784580253987157,5.342465753424652,-1.913265306122447,0.8809182209469153,0.9572710763017613,True,14.20339788523226,37.20312321710924,182.09831254585472,3.907672301690507,39066007210.0,26.272577996715917,67.3099639120072,17.090686335323756,-0.39011703511053764,2026-05-12,35619.0,STOP,3,-6.999999999999995,-7.3712574850299255,0.0,-12.793733681462138,8,29.441624365482234,35.48830902567586,39.645390199781325
006800.KS,2026-05-06,2026-05-07,82800.0,,83800.0,95.91836734693877,5.078887072403154,13.09041835357625,0.0,1.0920794734573194,1.0801202503900162,True,24.54298342447352,88.1445107985139,756.9895151002135,5.09546539379475,299248925541.64557,32.59493670886076,67.3099639120072,17.090686335323756,-1.1933174224343701,2026-05-07,77004.0,STOP,0,-6.999999999999995,-7.371257485029947,0.0,-8.574879227053145,8,29.441624365482234,35.48830902567586,39.645390199781325
016360.KS,2026-05-06,2026-05-07,147100.0,,149500.0,78.57142857142857,7.87826141104224,7.015032211882599,0.0,1.4713460684140383,1.8150925845587254,True,44.30780516998398,23.310033714518674,225.0,4.207357859531773,69388548150.0,55.405405405405396,67.3099639120072,17.090686335323756,-1.6053511705685586,2026-05-08,136803.0,STOP,1,-6.999999999999995,-7.371257485029947,0.40788579197823527,-7.545887151597553,8,29.441624365482234,35.48830902567586,39.645390199781325
034730.KS,2026-05-06,2026-05-07,535000.0,,520000.0,86.73469387755102,2.3605984256069243,9.35856992639328,0.0,1.3863636363636365,0.9634817268402638,True,42.71207838186459,32.26227401670838,308.483896307934,4.509615384615385,90513516480.0,65.60509554140128,67.3099639120072,17.090686335323756,2.8846153846153744,2026-05-15,497549.99999999994,STOP,6,-7.000000000000006,-7.371257485029947,9.158878504672895,-8.03738317757009,8,29.441624365482234,35.48830902567586,39.645390199781325
071050.KS,2026-05-06,2026-05-07,284000.0,,291500.0,77.04081632653062,2.502926073348575,8.364312267657992,-0.34188034188034067,1.0943722943722944,1.0330212971063761,True,22.07378868461829,30.767882763983657,300.41208791208794,5.034305317324185,78368851330.0,35.58139534883722,67.3099639120072,17.090686335323756,-2.572898799313894,2026-05-11,264120.0,STOP,2,-6.999999999999995,-7.371257485029936,0.0,-7.042253521126762,8,29.441624365482234,35.48830902567586,39.645390199781325
281820.KS,2026-05-06,2026-05-07,71300.0,,69700.0,78.06122448979592,1.4972366482090462,4.1853512705530616,0.0,1.0548054011119936,1.0459275761016347,True,38.376017470716704,23.6506017441682,198.50107066381156,4.436872309899569,7798442225.0,61.156069364161844,67.3099639120072,17.090686335323756,2.295552367288378,2026-05-07,66309.0,STOP,0,-6.999999999999995,-7.371257485029947,0.0,-8.976157082748948,8,29.441624365482234,35.48830902567586,39.645390199781325
028260.KS,2026-05-07,2026-05-08,405000.0,,405000.0,77.04081632653062,2.601848045340587,4.922279792746109,0.0,1.2026143790849673,1.3186756831075992,True,35.71476442597681,23.76564074702323,249.74093264248705,4.327160493827161,149258089500.0,47.810218978102185,68.87608306763393,16.913927045292443,0.0,2026-05-18,376650.0,STOP,6,-6.999999999999995,-7.371257485029936,18.518518518518512,-7.654320987654318,1,28.934010152284262,36.31210163229499,39.45094428214097
307950.KS,2026-05-11,2026-05-12,652000.0,,635000.0,89.79591836734694,7.164907073726228,7.263513513513509,0.0,1.5518230233510857,2.1134998786853028,True,49.34851121877792,45.30032823972265,439.04923599320887,5.330708661417323,84038173970.0,61.3722998729352,74.60566534399575,18.69936694482397,2.677165354330713,2026-05-12,606360.0,STOP,0,-6.999999999999995,-7.371257485029936,2.7607361963190247,-13.957055214723923,1,28.934010152284262,35.37949139561907,53.70455565036054
004170.KS,2026-05-13,2026-05-14,473000.0,2026-07-13,482500.0,84.6938775510204,3.012328247667391,3.6519871106337254,0.0,1.3502377179080824,1.2750356956520932,True,34.44230822814791,39.117322701874,212.905317769131,5.839378238341969,23765851690.0,40.670553935860056,73.33395927792739,15.677270459406834,-1.9689119170984481,2026-07-14,602000.0,EXIT_MA,41,27.27272727272727,26.764652513155518,67.44186046511629,-0.3171247357293905,3,28.426395939086298,35.04084632842586,47.95300844244525
012330.KS,2026-05-13,2026-05-14,680000.0,,649000.0,77.04081632653062,4.729965900198072,6.919275123558477,0.0,1.9053030303030303,1.9672007735423653,True,51.919475655430716,16.929772340032436,168.18181818181816,5.354391371340523,177728713090.0,65.77266922094509,73.33395927792739,15.677270459406834,4.776579352850541,2026-05-15,632400.0,STOP,1,-6.999999999999995,-7.371257485029947,1.0294117647058787,-10.29411764705882,3,28.426395939086298,35.04084632842586,47.95300844244525
307950.KS,2026-05-13,2026-05-14,702000.0,,699000.0,94.38775510204081,4.969345034017796,3.402366863905315,0.0,1.8873137041075971,2.734253692785042,True,62.05313673668105,44.97166710359153,493.3786078098472,6.198140200286123,91494087550.0,80.15463917525774,73.33395927792739,15.677270459406834,0.42918454935623185,2026-05-15,652860.0,STOP,1,-6.999999999999995,-7.371257485029936,2.991452991452981,-11.111111111111116,3,28.426395939086298,35.04084632842586,47.95300844244525
066570.KS,2026-05-14,2026-05-15,256000.0,,217000.0,86.22448979591837,2.9949499569511713,11.282051282051286,0.0,1.8428698487992885,2.466970115358429,True,71.62833370242652,27.985261591565912,214.49275362318843,5.112903225806452,213694302048.0,80.83333333333333,75.44184667213476,15.981457794744935,17.972350230414747,2026-05-15,238079.99999999997,STOP,0,-7.000000000000006,-7.371257485029958,4.1015625,-8.984375,1,28.426395939086298,33.742367827070495,49.06013097791375
005850.KS,2026-05-15,2026-05-18,70500.0,,71900.0,74.48979591836735,3.276061334237701,0.8415147265077083,-2.043596730245234,1.3874788494077834,1.619763097710464,True,15.747448404649212,33.67333763718528,139.26788685524127,5.7475660639777475,13520442948.0,22.905982905982913,63.934241478185115,7.7889360225736,-1.947148817802502,2026-05-18,65565.0,STOP,0,-6.999999999999995,-7.371257485029936,0.0,-9.9290780141844,3,26.39593908629442,23.01264584064844,35.690217045924165
066570.KS,2026-05-15,2026-05-18,249000.0,,240500.0,91.3265306122449,3.9746972913265717,7.126948775055686,0.0,2.0746190225959014,2.6430011322313574,True,86.33877241101453,29.568726659438617,248.55072463768116,5.511434511434511,236286227278.0,96.80851063829788,63.934241478185115,7.7889360225736,3.534303534303529,2026-05-18,231569.99999999997,STOP,0,-7.000000000000006,-7.371257485029958,0.20080321285140812,-14.859437751004013,3,26.39593908629442,23.01264584064844,35.690217045924165
454910.KS,2026-05-15,2026-05-18,132100.0,,127400.0,71.93877551020408,15.704301075068694,5.550952775476392,0.0,1.828474862695395,3.5444260299628176,True,37.21055465805061,13.04903661766048,174.56896551724137,5.914442700156986,72752185738.0,36.54876741693462,63.934241478185115,7.7889360225736,3.689167974882257,2026-05-18,122852.99999999999,STOP,0,-7.000000000000006,-7.371257485029958,0.0,-14.837244511733537,3,26.39593908629442,23.01264584064844,35.690217045924165
001820.KS,2026-05-20,2026-05-21,75200.0,2026-07-08,78600.0,90.81632653061224,9.650743557943928,7.6712328767123195,0.0,1.4550724637681158,1.4765472783209537,True,29.482892114063564,54.139925219168774,230.9473684210526,7.589058524173028,23025075545.0,24.56418383518224,55.599855590527646,1.2536372765831194,-4.325699745547073,2026-07-09,103200.0,EXIT_MA,33,37.23404255319149,36.68620206395721,161.70212765957447,-1.0638297872340385,1,16.243654822335024,15.916482569470979,24.10972245707441
005850.KS,2026-05-22,2026-05-26,78200.0,,75800.0,77.55102040816327,2.7248433704827644,4.40771349862259,0.0,1.6708860759493671,1.7017175306761716,True,21.75924438590291,31.654189400668265,152.24625623960065,7.239445910290238,14527957096.0,18.437499999999996,67.70798006132597,8.057373111467836,3.16622691292876,2026-05-27,72726.0,STOP,1,-6.999999999999995,-7.371257485029936,0.12787723785165905,-9.079283887468026,2,24.36548223350254,22.277895611060018,31.460352398123103
034730.KS,2026-05-22,2026-05-26,661000.0,,642000.0,90.81632653061224,1.5751811681408139,7.000000000000006,0.0,1.5640138408304498,1.3252043143774628,True,57.82098871653678,37.75809111628112,371.01980924431405,6.339563862928349,93911930750.0,68.28309305373526,67.70798006132597,8.057373111467836,2.9595015576324046,2026-06-05,614730.0,STOP,7,-6.999999999999995,-7.371257485029936,8.774583963691374,-11.497730711043875,2,24.36548223350254,22.277895611060018,31.460352398123103
009420.KS,2026-05-27,2026-05-28,67700.0,,70700.0,79.59183673469387,5.1577674781991885,9.612403100775202,0.0,1.7486546375435263,1.582046368932538,True,39.37350917657263,14.904750039640291,191.5463917525773,6.785714285714286,25165419807.0,37.01550387596899,74.02089125275448,10.767876276297784,-4.243281471004245,2026-05-28,62960.99999999999,STOP,0,-7.000000000000006,-7.371257485029936,0.4431314623338345,-12.112259970457906,3,20.812182741116754,27.071811448060167,30.463737384117895
307950.KS,2026-05-27,2026-05-28,756000.0,,765000.0,95.40816326530613,3.402452225631998,5.809128630705396,0.0,1.6757210865303835,1.6672636130026919,True,62.00076235652874,48.14907771536314,480.8656036446469,8.57843137254902,112414323350.0,78.11408614668218,74.02089125275448,10.767876276297784,-1.17647058823529,2026-05-28,703080.0,STOP,0,-6.999999999999995,-7.371257485029947,3.571428571428581,-7.936507936507942,3,20.812182741116754,27.071811448060167,30.463737384117895
402340.KS,2026-05-27,2026-05-28,1264000.0,,1276000.0,99.48979591836735,1.6445041826515687,2.8203062046736393,0.0,1.4884746074019652,1.2793009051762374,True,63.12546342461201,79.21403983068807,1195.4314720812183,7.611677115987462,627670507700.0,76.0,74.02089125275448,10.767876276297784,-0.9404388714733591,2026-05-28,1175520.0,STOP,0,-6.999999999999995,-7.371257485029947,0.39556962025315556,-7.1993670886076,3,20.812182741116754,27.071811448060167,30.463737384117895
000150.KS,2026-05-29,2026-06-01,2145000.0,,1972000.0,91.3265306122449,2.7769722425694447,3.7894736842105203,0.0,1.4780383795309169,1.2734286432974629,True,38.3393663888655,49.203989993615174,401.7811704834606,7.459432048681541,126541537700.0,24.573594440934944,77.34840097098285,11.542266067307994,8.772819472616632,2026-06-02,1994849.9999999998,STOP,1,-7.000000000000006,-7.371257485029947,16.037296037296045,-15.617715617715621,4,18.781725888324875,27.63326063576601,46.34464559536235
012330.KS,2026-05-29,2026-06-01,770000.0,,768000.0,88.26530612244898,3.690217447692875,2.5367156208277786,0.0,1.84375,2.139980169661131,True,61.60595921974623,23.763452761519076,217.35537190082647,8.391927083333334,317375374270.0,71.81208053691275,77.34840097098285,11.542266067307994,0.26041666666667407,2026-06-02,716100.0,STOP,1,-6.999999999999995,-7.371257485029936,6.7532467532467555,-9.350649350649354,4,18.781725888324875,27.63326063576601,46.34464559536235
018260.KS,2026-05-29,2026-06-01,323000.0,,299000.0,82.6530612244898,8.553030344410299,14.340344168260044,0.0,2.1755955274671854,2.5633924826774397,True,71.6654418519199,3.0422963495401856,134.1425215348473,6.0,109879836642.0,73.33333333333334,77.34840097098285,11.542266067307994,8.026755852842804,2026-06-02,300390.0,STOP,1,-6.999999999999995,-7.371257485029947,20.278637770897824,-11.919504643962853,4,18.781725888324875,27.63326063576601,46.34464559536235
066570.KS,2026-05-29,2026-06-01,375000.0,,293000.0,93.36734693877551,4.6242790993647755,9.943714821763594,0.0,2.181056701030928,2.1154973557068835,True,96.07580705605226,40.44756901040443,324.6376811594203,8.428327645051196,401272530268.0,109.28571428571429,77.34840097098285,11.542266067307994,27.98634812286689,2026-06-02,348750.0,STOP,1,-6.999999999999995,-7.371257485029936,16.799999999999994,-12.0,4,18.781725888324875,27.63326063576601,46.34464559536235
003550.KS,2026-06-01,2026-06-02,152700.0,,165800.0,82.6530612244898,9.490690808831458,9.00723208415517,0.0,2.029194788887145,2.839592355906251,True,63.9473944427964,15.962137152489131,147.83258594917788,7.872436670687575,82233208856.0,68.6673448626653,82.79714176378145,14.076697955129823,-7.901085645355854,2026-06-02,142011.0,STOP,0,-6.999999999999995,-7.371257485029936,0.982318271119853,-12.83562540929928,2,18.68686868686869,31.348249289651363,72.53972317306838
181710.KS,2026-06-01,2026-06-02,57500.0,,59600.0,83.16326530612244,8.478051903567183,12.452830188679243,0.0,1.7300783049286044,2.285155566571974,True,49.993708317604124,20.91933385573974,217.52797016515717,5.8137583892617455,5740053657.0,41.567695961995256,82.79714176378145,14.076697955129823,-3.5234899328859037,2026-06-02,53475.0,STOP,0,-6.999999999999995,-7.371257485029936,0.0,-18.956521739130437,2,18.68686868686869,31.348249289651363,72.53972317306838
036570.KS,2026-06-02,2026-06-04,309500.0,,338000.0,76.53061224489795,6.189458415035828,11.735537190082646,0.0,1.316415543219667,1.5679216362408914,True,33.343853558466144,13.191791496326012,124.13793103448273,5.473372781065089,40275808930.0,24.95378927911276,81.99970391359119,12.636683878526522,-8.431952662721898,2026-06-04,287835.0,STOP,0,-6.999999999999995,-7.371257485029936,0.0,-7.108239095315028,4,18.68686868686869,33.378746330005995,57.622636302050246
066570.KS,2026-06-02,2026-06-04,358000.0,,392500.0,95.40816326530613,4.698565349525407,3.1537450722733285,0.0,2.236118059029515,2.1093561373816403,True,145.05519204834926,46.27214611872146,468.84057971014494,8.48407643312102,519287776162.0,178.5663591199432,81.99970391359119,12.636683878526522,-8.789808917197451,2026-06-04,332940.0,STOP,0,-6.999999999999995,-7.371257485029936,0.8379888268156499,-8.37988826815642,4,18.68686868686869,33.378746330005995,57.622636302050246
085620.KS,2026-06-02,2026-06-04,18900.0,,17200.0,83.16326530612244,4.421316825278982,1.8354055654233203,-5.908096280087527,1.3895316804407714,0.8232317488249014,True,5.859182668636143,47.04371808475738,221.49532710280374,6.386627906976744,5033456029.8,7.972379158819831,81.99970391359119,12.636683878526522,9.883720930232553,2026-06-04,17577.0,STOP,0,-6.999999999999995,-7.3712574850299255,2.857142857142847,-9.94708994708995,4,18.68686868686869,33.378746330005995,57.622636302050246
402340.KS,2026-06-02,2026-06-04,1347000.0,,1346000.0,99.48979591836735,1.404521783219435,0.6731488406880981,0.0,1.36787210395828,1.255328089423321,True,61.03175172875841,82.15041039738757,1266.4974619289342,7.838038632986627,717379302600.0,60.04756242568372,81.99970391359119,12.636683878526522,0.07429420505200568,2026-06-05,1252710.0,STOP,1,-6.999999999999995,-7.371257485029936,3.340757238307357,-9.057164068299928,4,18.68686868686869,33.378746330005995,57.622636302050246
000810.KS,2026-06-04,2026-06-05,705000.0,,730000.0,70.91836734693877,2.5991832286364764,12.480739599383671,0.0,1.7314313821938023,1.2857447573522527,True,45.75804165085957,3.1878563739099475,100.82530949105917,4.883561643835616,90923265690.0,54.17106652587118,77.64872323470688,9.371057070852595,-3.424657534246578,2026-06-08,655650.0,STOP,1,-6.999999999999995,-7.371257485029947,3.262411347517724,-7.801418439716312,4,20.707070707070706,24.54118954436457,54.69312580255301
028260.KS,2026-06-04,2026-06-05,504000.0,,535000.0,89.79591836734694,2.3166508364636598,7.429718875502012,0.0,1.5315080399826162,1.2536884624307776,True,55.32909444589611,30.458249610344843,286.2815884476534,8.172897196261681,218611659550.0,67.1875,77.64872323470688,9.371057070852595,-5.794392523364489,2026-06-05,468719.99999999994,STOP,0,-7.000000000000006,-7.371257485029947,0.0,-13.095238095238093,4,20.707070707070706,24.54118954436457,54.69312580255301
069960.KS,2026-06-04,2026-06-05,137500.0,2026-07-20,139800.0,74.48979591836735,4.369471121469167,9.218750000000009,0.0,1.5527824620573356,1.4416781149029503,True,41.64133738601823,8.811289033431624,111.17824773413898,7.267525035765379,14252275396.0,25.156669650850482,77.64872323470688,9.371057070852595,-1.6452074391988591,2026-07-21,136500.0,EXIT_MA,31,-0.727272727272732,-1.1235710397387022,61.45454545454545,-2.763636363636368,4,20.707070707070706,24.54118954436457,54.69312580255301
085620.KS,2026-06-04,2026-06-05,21200.0,,19410.0,86.73469387755102,5.311088868573395,9.229037703995502,0.0,1.4372203211371413,1.2223197196947317,True,19.138227350847046,46.60076890717551,262.803738317757,6.069036579082947,5423010223.0,18.065693430656935,77.64872323470688,9.371057070852595,9.222050489438427,2026-06-05,19716.0,STOP,0,-6.999999999999995,-7.371257485029947,14.150943396226424,-15.518867924528301,4,20.707070707070706,24.54118954436457,54.69312580255301
161390.KS,2026-06-09,2026-06-10,72000.0,,73000.0,70.05076142131979,1.4853291260917734,1.388888888888884,-3.820816864295129,1.3986605569263306,1.3464928664554885,True,18.69146722164412,10.278547286696615,94.4074567243675,5.61986301369863,29416291500.0,17.55233494363928,64.11379849569099,1.6226901757660173,-1.3698630136986356,2026-06-17,66960.0,STOP,5,-6.999999999999995,-7.371257485029936,5.555555555555558,-7.08333333333333,1,12.626262626262626,7.98786577754067,44.33158752847002
093370.KS,2026-06-12,2026-06-15,19010.0,,19010.0,93.90862944162437,4.124285317755069,11.889346674514423,0.0,1.418652655282417,1.1262625197761709,True,56.16015246356811,41.60632339341488,353.1585220500596,8.311415044713309,60158639267.4,58.02161263507897,62.35175013684242,1.7603528123678602,0.0,2026-06-17,17679.3,STOP,2,-7.000000000000006,-7.371257485029947,23.882167280378752,-9.20568122041031,2,14.14141414141414,3.564635426793794,46.375487149238694
281820.KS,2026-06-12,2026-06-15,87900.0,,87100.0,87.81725888324873,2.460306267746093,5.575757575757567,0.0,1.5421366954213669,1.2269058134462705,True,41.928335152927374,34.21029611162141,257.70020533880904,8.676808266360506,10114706201.0,17.227456258411845,62.35175013684242,1.7603528123678602,0.9184845005740572,2026-06-23,81747.0,STOP,6,-6.999999999999995,-7.371257485029947,13.083048919226403,-10.125142207053472,2,14.14141414141414,3.564635426793794,46.375487149238694
204320.KS,2026-06-15,2026-06-16,72200.0,,70600.0,73.60406091370558,13.918689542180747,3.8235294117647145,-1.1204481792717047,1.4936120789779326,1.8145204706623252,True,25.813062461017555,13.016595504712791,116.23277182235836,8.073654390934843,41977971314.0,12.241653418123999,69.88948894259322,6.673837839668262,2.2662889518413554,2026-06-19,67146.0,STOP,3,-6.999999999999995,-7.371257485029936,9.556786703601116,-12.742382271468145,1,18.68686868686869,7.073565973496376,51.51158233523241
079550.KS,2026-06-16,2026-06-17,997000.0,,1002000.0,81.7258883248731,2.8820691535183443,6.709265175718859,-1.764705882352946,1.191333088505325,0.773652821203572,True,15.512312090749791,45.97223390828775,174.89711934156378,7.135728542914172,309234809180.0,20.14388489208634,72.5284549090922,8.096264487587955,-0.4990019960079861,2026-06-18,927209.9999999999,STOP,1,-7.000000000000006,-7.371257485029958,0.6018054162487463,-12.437311935807427,4,20.707070707070706,16.46056018979145,47.28364119101218
085620.KS,2026-06-16,2026-06-17,31700.0,,32250.0,95.93908629441624,7.270095877120939,3.3653846153846256,0.0,2.5936644505279625,4.206832945952011,True,82.14987687233129,49.41443788779909,493.9226519337017,9.448062015503876,24854243464.6,118.34800270819228,72.5284549090922,8.096264487587955,-1.7054263565891459,2026-06-22,29000.0,STOP,3,-8.517350157728709,-8.88255035669986,17.665615141955836,-23.65930599369085,4,20.707070707070706,16.46056018979145,47.28364119101218
375500.KS,2026-06-16,2026-06-17,95100.0,,89400.0,80.71065989847716,1.8489867740486094,1.5909090909090873,-12.78048780487805,1.0208967336173667,0.4946822025725843,True,4.405101135142719,55.88212538400272,131.0077519379845,6.655480984340045,109465505378.0,11.332503113325032,72.5284549090922,8.096264487587955,6.375838926174504,2026-06-17,88443.0,STOP,0,-6.999999999999995,-7.371257485029936,0.525762355415349,-11.356466876971606,4,20.707070707070706,16.46056018979145,47.28364119101218
475150.KS,2026-06-16,2026-06-17,53400.0,,55800.0,85.27918781725889,14.290122121670498,3.3333333333333437,-18.181818181818176,1.6275862068965516,2.211075399111477,True,12.278160086925016,60.681030469194575,217.76765375854214,9.740143369175627,106875115581.0,25.534308211473554,72.5284549090922,8.096264487587955,-4.3010752688172005,2026-06-17,49662.0,STOP,0,-6.999999999999995,-7.371257485029947,8.98876404494382,-7.02247191011236,4,20.707070707070706,16.46056018979145,47.28364119101218
402340.KS,2026-06-18,2026-06-19,1819000.0,,1700000.0,99.49238578680203,1.4300828624240105,5.459057071960305,0.0,1.3945045381076713,1.1469798016098034,True,67.0564650851988,93.45118998848936,1221.9284603421463,7.105882352941177,923095280320.0,66.66666666666667,77.15627944433479,10.131603537511902,7.000000000000006,2026-06-24,1691670.0,STOP,3,-6.999999999999995,-7.371257485029947,20.34084661902145,-11.434854315557995,1,14.14141414141414,24.646086994607884,56.78128309479862
034730.KS,2026-06-19,2026-06-22,725000.0,,724000.0,92.89340101522842,1.9997576165813604,0.6954102920723182,0.0,1.2356979405034325,1.042825778460154,True,39.142467280379755,54.76868576153671,304.6953605366126,7.12707182320442,131015128280.0,37.6425855513308,75.91691896369672,8.774602852404833,0.13812154696133394,2026-07-02,674250.0,STOP,8,-6.999999999999995,-7.371257485029936,21.79310344827585,-7.586206896551728,1,13.131313131313133,25.571958151113282,67.4590930398187
005440.KS,2026-06-25,2026-06-26,14700.0,,14840.0,80.20304568527918,2.578580655145273,2.4154589371980784,-20.853333333333335,1.054539960719142,0.8837488105498658,True,5.833689915846518,27.74854800136659,103.56652949245544,5.9181266846361185,4961280986.2,12.00000000000001,69.91574019284224,5.5442345310796615,-0.9433962264150941,2026-07-08,13670.999999999998,STOP,8,-7.000000000000018,-7.371257485029958,12.993197278911573,-8.163265306122447,2,8.080808080808081,8.526250724583617,64.19402583428155
483650.KS,2026-06-25,2026-06-26,232000.0,,232000.0,77.66497461928934,1.4830427563435449,0.6507592190889477,-10.769230769230765,1.0311161861261775,0.8497599251872179,True,9.359680217210942,26.7730957353675,91.41914191419143,7.491379310344827,48186161780.0,12.077294685990347,69.91574019284224,5.5442345310796615,0.0,2026-07-01,215760.0,STOP,3,-6.999999999999995,-7.371257485029936,9.913793103448265,-7.543103448275867,2,8.080808080808081,8.526250724583617,64.19402583428155
181710.KS,2026-08-12,2026-08-13,61400.0,,61300.0,93.90862944162437,6.269643692075398,13.099630996309951,0.0,1.5516352824578792,1.6864847778158532,True,55.343250297762346,9.674057295321736,147.1774193548387,6.596655791190864,9246573442.0,61.9550858652576,12.600526739985106,1.543955080061865,0.16313213703098572,2026-09-09,57101.99999999999,STOP,18,-7.000000000000018,-7.371257485029958,27.3615635179153,-7.328990228013033,1,10.1010101010101,-4.051289529418023,-12.199628402476026
078930.KS,2026-08-13,2026-08-14,107000.0,,107400.0,91.87817258883248,2.191281114382074,0.9398496240601517,0.0,1.4065680814288457,1.3663311482017026,True,33.171312369804575,17.92367305161573,146.04810996563575,7.446461824953444,37276524606.0,31.295843520782405,16.313016906282265,5.54393701351783,-0.3724394785847296,2026-09-23,110700.0,OPEN,27,3.457943925233642,3.0449381610610615,24.48598130841122,-1.5887850467289688,2,10.1010101010101,-6.4668284996553975,-9.349340761275315
088350.KS,2026-08-13,2026-08-14,5010.0,,5030.0,78.1725888324873,3.414293209327049,4.4652128764278265,-23.787878787878793,0.9614864255434292,0.857082190903084,True,8.580679978413386,10.356081495554204,71.08843537414967,5.146123260437376,21573381700.1,11.283185840707954,16.313016906282265,5.54393701351783,-0.3976143141153132,2026-09-23,5640.0,OPEN,27,12.574850299401197,12.125449699403589,30.738522954091806,0.0,2,10.1010101010101,-6.4668284996553975,-9.349340761275315
001450.KS,2026-08-14,2026-08-18,45700.0,,45350.0,86.80203045685279,2.0886199143309745,0.1103752759381793,0.0,1.0382978723404255,1.254013885225395,True,19.335824430293137,17.30279505502137,76.11650485436894,5.512679162072767,21010828910.0,18.407310704960842,18.80917108063198,7.962151650895555,0.7717750826901959,2026-09-23,47550.0,OPEN,26,4.048140043763682,3.632778207261622,19.693654266958415,-1.6411378555798661,1,11.11111111111111,2.3068328407955807,-4.039245628904231
007340.KS,2026-08-18,2026-08-19,61100.0,,62800.0,92.42424242424242,4.852995692764687,2.446982055464919,0.0,1.3504398826979471,1.551307999034742,True,52.82780103183102,20.889045790859484,184.16289592760182,6.337579617834395,9511001749.0,62.483829236739986,16.668073632475956,5.999561871990267,-2.7070063694267565,2026-08-19,56822.99999999999,STOP,0,-7.000000000000018,-7.371257485029947,2.2913256955810146,-12.438625204582653,1,10.606060606060606,5.4258042855013455,-4.704153972865677
089860.KS,2026-08-19,2026-08-20,47000.0,,46850.0,86.86868686868688,2.6822870866208586,0.5364806866952732,0.0,1.327307940606843,2.142574730092705,True,33.14576406059055,8.027538779175526,71.6117216117216,4.989327641408751,4025644517.0,27.656675749318804,9.662209721841485,0.06201139961936608,0.32017075773747017,2026-09-23,49650.0,OPEN,24,5.638297872340425,5.216588100394959,12.978723404255321,-4.255319148936165,1,10.1010101010101,-4.101694070076045,-17.20177170034206
028670.KS,2026-08-24,2026-08-25,6290.0,,6320.0,81.81818181818183,3.2566168613639888,2.265372168284796,0.0,1.011072928598702,1.3589421569827722,True,19.615413733060794,7.770837051579527,78.02816901408451,5.9770569620253164,16070621067.9,19.696969696969703,12.693287636617146,3.6516880741612745,-0.4746835443038,2026-08-26,5849.7,STOP,1,-7.000000000000006,-7.371257485029947,3.8155802861685295,-12.400635930047699,1,10.1010101010101,0.09475719573273089,-18.614607382715565
278470.KS,2026-08-25,2026-08-26,444500.0,,440500.0,88.88888888888889,1.8187403581004256,3.830288744843835,-4.030501089324623,0.9702923976608188,1.0328913421430628,True,16.636216803029093,15.293560967419427,111.27098321342928,6.058456299659478,108714874110.0,24.259520451339924,13.210679326723952,4.370756690898281,0.9080590238365494,2026-09-03,413385.0,STOP,6,-6.999999999999995,-7.371257485029947,6.861642294713155,-14.0607424071991,1,10.606060606060606,-0.19257323021130146,-17.62368588195119
006360.KS,2026-08-26,2026-08-27,37350.0,,37800.0,90.40404040404042,1.9922197482490998,2.717391304347827,-12.296983758700698,0.857430933655979,0.9298337718798149,True,27.70701712895707,13.598289827428388,109.1864969562811,7.886904761904762,85550383938.0,48.235294117647065,14.051334136255766,4.748129091792919,-1.1904761904761862,2026-09-01,34735.5,STOP,3,-6.999999999999995,-7.3712574850299255,4.417670682730934,-12.048192771084343,1,12.121212121212121,13.024469918319204,-19.678041953703694
192820.KS,2026-08-28,2026-08-31,297000.0,,303000.0,91.41414141414141,2.9326604143503623,2.020202020202011,0.0,1.2200208550573515,1.4756506847742747,True,52.86508521093363,6.134425658942755,109.10973084886129,5.628712871287129,26441641076.0,62.9908552985476,13.219436307463827,2.522822794189561,-1.980198019801982,2026-09-02,276210.0,STOP,2,-6.999999999999995,-7.371257485029936,3.1986531986532007,-8.754208754208758,1,11.616161616161616,21.369571639384443,-22.866699814371472
086790.KS,2026-08-31,2026-09-01,134100.0,,136300.0,80.3030303030303,1.5925860421835045,0.07342143906019505,-0.3654970760233911,0.817347789824854,0.816491520819908,True,7.3448107486572045,11.825059226575775,67.85714285714286,3.5179750550256785,108341760410.0,8.692185007974484,13.472354198488091,2.818740454001323,-1.614086573734408,2026-09-23,133100.0,OPEN,16,-0.7457121551081247,-1.1419368570837585,5.891126025354221,-1.4914243102162605,1,10.606060606060606,3.4049203369050707,-21.059193893421625
055550.KS,2026-09-01,2026-09-02,110500.0,,111100.0,81.31313131313132,1.472959764755701,0.3613369467027949,0.0,0.7647690655209453,0.9133343313339505,True,6.925623652602408,11.531649509988085,73.59374999999999,3.343834383438344,131024195932.0,8.179162609542345,13.469708396398383,2.60930080885462,-0.5400540054005365,2026-09-23,109300.0,OPEN,15,-1.0859728506787292,-1.480839226524333,5.429864253393668,-1.4479638009049722,1,9.595959595959595,9.242576320657392,-16.233998575164765
008930.KS,2026-09-08,2026-09-09,57200.0,,57700.0,91.41414141414141,2.3021456592203657,0.3478260869565153,0.0,1.174102904879438,1.2211848715926517,True,45.44629578281365,4.598996750314743,121.0727969348659,7.235701906412478,16741324748.0,26.2582056892779,14.177667518440051,2.8724322044920703,-0.8665511265164683,2026-09-10,53196.0,STOP,1,-6.999999999999995,-7.371257485029947,1.2237762237762295,-10.139860139860135,1,10.1010101010101,10.395161767199301,-14.39136838210181
000500.KS,2026-09-09,2026-09-10,260500.0,,265500.0,100.0,2.9003738060196955,7.056451612903225,-15.265960277286005,1.136181087988317,1.50688698091842,True,35.88764574013983,65.549984083679,786.6419038703508,6.44256120527307,50423756906.0,68.89312977099236,15.48396577479123,3.76713051958506,-1.883239171374762,2026-09-10,242264.99999999997,STOP,0,-7.000000000000006,-7.371257485029947,1.3435700575815668,-8.445297504798466,1,10.1010101010101,11.127681626664998,-17.485885176319137
003490.KS,2026-09-22,2026-09-23,31500.0,,31400.0,73.73737373737373,2.7863851034421154,1.6181229773462702,0.0,1.0342384887839433,0.9797143899294685,True,15.005677031828002,7.3178401218493505,49.523809523809526,3.5987261146496814,74420577484.0,19.39163498098859,12.524271865984993,2.747530342424054,0.31847133757962887,2026-09-23,31500.0,OPEN,0,0.0,-0.39920159680638667,1.904761904761898,-1.2698412698412653,1,11.557788944723619,4.080980616937713,-16.564796402185543
