date,equity_proxy,exposure_pct_proxy,n_positions_proxy,equity_percentile,exposure_pct_percentile,n_positions_percentile,benchmark_close
2016-09-26,100000000.0,0.0,0,100000000.0,0.0,0,2047.1099853515625
2016-09-27,100412998.0,10.64055472181002,1,100412998.0,10.64055472181002,1,2062.820068359375
2016-09-28,98877001.04504688,43.427290005109334,4,98877001.04504688,43.427290005109334,4,2053.06005859375
2016-09-29,98740132.42296094,64.8994498885412,6,98740132.42296094,64.8994498885412,6,2068.719970703125
2016-09-30,98019395.23840235,87.0272328417695,8,98019395.23840235,87.0272328417695,8,2043.6300048828125
2016-10-04,99382264.01183985,87.2051335913733,8,99382264.01183985,87.2051335913733,8,2054.860107421875
2016-10-05,97885327.21013586,87.91518075519946,8,97885327.21013586,87.91518075519946,8,2053.0
2016-10-06,97625799.72576086,98.45669806059584,9,97625799.72576086,98.45669806059584,9,2065.300048828125
2016-10-07,95977543.91235462,89.55988627123365,9,95977543.91235462,89.55988627123365,9,2053.800048828125
2016-10-10,95794334.75532946,89.36687727596775,9,95794334.75532946,89.36687727596775,9,2056.820068359375
2016-10-11,95923045.32618883,87.93363307238077,8,95923045.32618883,87.93363307238077,8,2031.9300537109375
2016-10-12,94553711.98314196,77.64643560374147,7,94553711.98314196,77.64643560374147,7,2033.72998046875
2016-10-13,93660499.3911134,66.95345236403884,6,93660499.3911134,66.95345236403884,6,2015.43994140625
2016-10-14,94166355.5942384,67.13097650212431,6,94166355.5942384,67.13097650212431,6,2022.6600341796875
2016-10-17,94566055.4692384,67.26990314465246,6,94566055.4692384,67.26990314465246,6,2027.6099853515625
2016-10-18,95818255.8911134,67.69763625990402,6,95818255.8911134,67.69763625990402,6,2040.4300537109375
2016-10-19,95043402.0942384,67.43428700429516,6,95043402.0942384,67.43428700429516,6,2040.93994140625
2016-10-20,95052732.6411134,67.43748371314489,6,95052732.6411134,67.43748371314489,6,2040.5999755859375
2016-10-21,95152489.2661134,67.47162182925028,6,95152489.2661134,67.47162182925028,6,2033.0
2016-10-24,95495649.8129884,67.58851151023461,6,95495649.8129884,67.58851151023461,6,2047.739990234375
2016-10-25,95551939.4129884,88.91102450410011,8,95551939.4129884,88.91102450410011,8,2037.1700439453125
2016-10-26,95105778.4442384,88.85900381586615,8,95105778.4442384,88.85900381586615,8,2013.8900146484375
2016-10-27,95087748.3192384,88.85689130865701,8,95087748.3192384,88.85689130865701,8,2024.1199951171875
2016-10-28,94308605.3192384,88.76483104431836,8,94308605.3192384,88.76483104431836,8,2019.4200439453125
2016-10-31,93407775.3192384,78.27664658748792,7,93407775.3192384,78.27664658748792,7,2008.18994140625
2016-11-01,94483065.15240653,68.71131868476056,6,94483065.15240653,68.71131868476056,6,2007.3900146484375
2016-11-02,93722985.15240653,68.45757195597876,6,93722985.15240653,68.45757195597876,6,1978.93994140625
2016-11-03,93423055.15240653,68.35630658387325,6,93423055.15240653,68.35630658387325,6,1983.800048828125
2016-11-04,93763515.15240653,68.47120641290529,6,93763515.15240653,68.47120641290529,6,1982.02001953125
2016-11-07,94476625.15240653,68.70918589151836,6,94476625.15240653,68.70918589151836,6,1997.5799560546875
2016-11-08,93983045.15240653,68.54485284609918,6,93983045.15240653,68.54485284609918,6,2003.3800048828125
2016-11-09,91977048.93240653,57.639672739403345,5,91977048.93240653,57.639672739403345,5,1958.3800048828125
2016-11-10,92344417.38240653,35.47122926159759,3,92344417.38240653,35.47122926159759,3,2002.5999755859375
2016-11-11,91966493.33040653,24.923968686779848,2,91966493.33040653,24.923968686779848,2,1984.4300537109375
2016-11-14,92104764.13040653,13.887392384925858,1,92104764.13040653,13.887392384925858,1,1974.4000244140625
2016-11-15,92215714.13040653,13.990999388406648,1,92215714.13040653,13.990999388406648,1,1967.530029296875
2016-11-16,92358364.13040653,14.123842624130486,1,92358364.13040653,14.123842624130486,1,1979.6500244140625
2016-11-17,91993814.13040653,13.78353546905379,1,91993814.13040653,13.78353546905379,1,1980.550048828125
2016-11-18,91962114.13040653,13.753816035660213,1,91962114.13040653,13.753816035660213,1,1974.5799560546875
2016-11-21,91550014.13040653,13.365590509434982,1,91550014.13040653,13.365590509434982,1,1966.050048828125
2016-11-22,91993814.13040653,13.78353546905379,1,91993814.13040653,13.78353546905379,1,1983.469970703125
2016-11-23,92025514.13040653,13.813234427559557,1,92025514.13040653,13.813234427559557,1,1987.949951171875
2016-11-24,91962114.13040653,13.753816035660213,1,91962114.13040653,13.753816035660213,1,1971.260009765625
2016-11-25,91819464.13040653,13.619824640055466,1,91819464.13040653,13.619824640055466,1,1974.4599609375
2016-11-28,91676814.13040653,13.485416260663396,1,91676814.13040653,13.485416260663396,1,1978.1300048828125
2016-11-29,91771914.13040653,13.57506827448017,1,91771914.13040653,13.57506827448017,1,1978.3900146484375
2016-11-30,91613414.13040653,13.42554484705942,1,91613414.13040653,13.42554484705942,1,1983.47998046875
2016-12-01,91771914.13040653,13.57506827448017,1,91771914.13040653,13.57506827448017,1,1983.75
2016-12-02,91756064.13040653,13.560139177631566,1,91756064.13040653,13.560139177631566,1,1970.6099853515625
2016-12-05,92073064.13040653,13.85774452116484,1,92073064.13040653,13.85774452116484,1,1963.3599853515625
2016-12-06,93087464.13040653,14.796460649851252,1,93087464.13040653,14.796460649851252,1,1989.8599853515625
2016-12-07,93261814.13040653,14.955745961039026,1,93261814.13040653,14.955745961039026,1,1991.8900146484375
2016-12-08,93452014.13040653,15.128833906427113,1,93452014.13040653,15.128833906427113,1,2031.0699462890625
2016-12-09,93186617.43040653,57.27753777505813,5,93186617.43040653,57.27753777505813,5,2024.68994140625
2016-12-12,93668117.43040653,57.49715215533639,5,93668117.43040653,57.49715215533639,5,2027.239990234375
2016-12-13,92045948.63040653,67.75306347312568,6,92045948.63040653,67.75306347312568,6,2035.97998046875
2016-12-14,92428898.63040653,67.88666848763901,6,92428898.63040653,67.88666848763901,6,2036.8699951171875
2016-12-15,92264043.24703152,78.60746892569489,7,92264043.24703152,78.60746892569489,7,2036.6500244140625
2016-12-16,92870431.00328152,89.28412239017189,8,92870431.00328152,89.28412239017189,8,2042.239990234375
2016-12-19,92320121.51578152,79.43819439320544,7,92320121.51578152,79.43819439320544,7,2038.3900146484375
2016-12-20,92680462.98453152,79.51813865539305,7,92680462.98453152,79.51813865539305,7,2041.93994140625
2016-12-21,92525345.1535784,90.21728309336025,8,92525345.1535784,90.21728309336025,8,2037.9599609375
2016-12-22,92381132.6223284,90.20201168103219,8,92381132.6223284,90.20201168103219,8,2035.72998046875
2016-12-23,92041892.5988909,90.16589910562642,8,92041892.5988909,90.16589910562642,8,2035.9000244140625
2016-12-26,92336705.5363909,90.19729745534552,8,92336705.5363909,90.19729745534552,8,2037.75
2016-12-27,92345081.8723284,90.198186628087,8,92345081.8723284,90.198186628087,8,2042.1700439453125
2016-12-28,91504250.5988909,90.10811790269379,8,91504250.5988909,90.10811790269379,8,2024.489990234375
2016-12-29,91058237.0602034,79.75533933621192,7,91058237.0602034,79.75533933621192,7,2026.4599609375
2017-01-02,91648904.2477034,79.8858139651704,7,91648904.2477034,79.8858139651704,7,2026.1600341796875
2017-01-03,92267628.6148909,80.02069482439175,7,92267628.6148909,80.02069482439175,7,2043.969970703125
2017-01-04,92405572.3023909,90.81134028207711,8,92405572.3023909,90.81134028207711,8,2045.6400146484375
2017-01-05,91691436.4110159,99.97189604630809,9,91691436.4110159,99.97189604630809,9,2041.949951171875
2017-01-06,92139159.5907034,99.97203260921538,9,92139159.5907034,99.97203260921538,9,2049.1201171875
2017-01-09,91334648.7703909,99.97178626164843,9,91334648.7703909,99.97178626164843,9,2048.780029296875
2017-01-10,91997404.95632839,99.9791624352475,9,91997404.95632839,99.9791624352475,9,2045.1199951171875
2017-01-11,93956862.19070339,99.97959699974922,9,93956862.19070339,99.97959699974922,9,2075.169921875
2017-01-12,94030559.55789089,99.97961299079945,9,94030559.55789089,99.97961299079945,9,2087.139892578125
2017-01-13,93524131.74539089,99.97950259631324,9,93524131.74539089,99.97950259631324,9,2076.7900390625
2017-01-16,93470262.91726589,99.97949078323941,9,93470262.91726589,99.97949078323941,9,2064.169921875
2017-01-17,94011946.69851589,99.97960895449823,9,94011946.69851589,99.97960895449823,9,2071.8701171875
2017-01-18,93696639.1188284,99.99151771194448,10,93696639.1188284,99.99151771194448,10,2070.5400390625
2017-01-19,93248454.7438284,99.9914769431298,10,93248454.7438284,99.9914769431298,10,2072.7900390625
2017-01-20,92503503.4860159,99.99140830505992,10,92503503.4860159,99.99140830505992,10,2065.610107421875
2017-01-23,92332454.5797659,99.99139238866272,10,92332454.5797659,99.99139238866272,10,2065.989990234375
2017-01-24,91877341.2860159,89.38691272261212,9,91877341.2860159,89.38691272261212,9,2065.760009765625
2017-01-25,91613592.82554714,80.53725679782534,8,91613592.82554714,80.53725679782534,8,2066.93994140625
2017-01-26,92326185.94768777,81.05983067729474,8,92326185.94768777,81.05983067729474,8,2083.590087890625
2017-01-31,91675945.34768777,91.69714005258442,9,91675945.34768777,91.69714005258442,9,2067.570068359375
2017-02-01,92599165.34768777,91.77992013307296,9,92599165.34768777,91.77992013307296,9,2080.47998046875
2017-02-02,92091507.34768777,99.97004354855046,10,92091507.34768777,99.97004354855046,10,2071.010009765625
2017-02-03,92235557.34768777,99.97009033340171,10,92235557.34768777,99.97009033340171,10,2073.159912109375
2017-02-06,91475121.14768776,99.9993428293068,10,91475121.14768776,99.9993428293068,10,2077.659912109375
2017-02-07,92629204.34768777,86.26943366592218,9,92629204.34768777,86.26943366592218,9,2075.2099609375
2017-02-08,92168414.34768777,86.20078859151292,9,92168414.34768777,86.20078859151292,9,2065.080078125
2017-02-09,93764064.34768777,86.43561962019257,9,93764064.34768777,86.43561962019257,9,2065.8798828125
2017-02-10,92371863.67268777,76.25993154106762,8,92371863.67268777,76.25993154106762,8,2075.080078125
2017-02-13,92284361.27268776,97.6827696012665,10,92284361.27268776,97.6827696012665,10,2078.64990234375
2017-02-14,91658175.27268776,99.9495241176795,11,91658175.27268776,99.9495241176795,11,2074.570068359375
2017-02-15,90784987.82680105,89.92660367694691,10,90784987.82680105,89.92660367694691,10,2083.860107421875
2017-02-16,90121642.26410574,99.99502136721385,11,90121642.26410574,99.99502136721385,11,2081.840087890625
2017-02-17,90389678.81293386,99.99503613057585,11,90389678.81293386,99.99503613057585,11,2080.580078125
2017-02-20,90944558.05023855,99.995066416589,11,90944558.05023855,99.995066416589,11,2084.389892578125
2017-02-21,91870328.85980886,99.99511613196027,11,91870328.85980886,99.99511613196027,11,2102.929931640625
2017-02-22,92079360.10949636,97.89046845751392,10,92079360.10949636,97.89046845751392,10,2106.610107421875
2017-02-23,93524253.99196512,99.91237763744422,11,93524253.99196512,99.91237763744422,11,2107.6298828125
2017-02-24,92478242.19509012,99.91138654999784,11,92478242.19509012,99.91138654999784,11,2094.1201171875
2017-02-27,90864792.76074636,99.98742509203014,12,90864792.76074636,99.98742509203014,12,2085.52001953125
2017-02-28,91826747.94043386,99.98755682377636,12,91826747.94043386,99.98755682377636,12,2091.639892578125
2017-03-02,93200641.52637136,90.1838302674365,12,93200641.52637136,90.1838302674365,12,2102.64990234375
2017-03-03,93170979.25562917,99.99613677553309,13,93170979.25562917,99.99613677553309,13,2078.75
2017-03-06,93160611.66187917,99.99613634560524,13,93160611.66187917,99.99613634560524,13,2081.360107421875
2017-03-07,93856332.80250417,99.99616498539929,13,93856332.80250417,99.99616498539929,13,2094.050048828125
2017-03-08,95070735.13062917,99.99621397261552,13,95070735.13062917,99.99621397261552,13,2095.409912109375
2017-03-09,95161486.36500417,99.99621758317976,13,95161486.36500417,99.99621758317976,13,2091.06005859375
2017-03-10,96302225.34143385,99.92727563661926,12,96302225.34143385,99.92727563661926,12,2097.35009765625
2017-03-13,98274428.89319167,99.92873509305544,12,98274428.89319167,99.92873509305544,12,2117.590087890625
2017-03-14,98888870.27600417,99.97984082511469,13,98888870.27600417,99.97984082511469,13,2133.780029296875
2017-03-15,99390669.55530104,99.97994260387797,13,99390669.55530104,99.97994260387797,13,2133.0
2017-03-16,99566201.60901198,99.97997796443082,13,99566201.60901198,99.97997796443082,13,2150.080078125
2017-03-17,100184062.41858229,99.98010144545971,13,100184062.41858229,99.98010144545971,13,2164.580078125
2017-03-20,99502088.34729323,99.9799650634151,13,99502088.34729323,99.9799650634151,13,2157.010009765625
2017-03-21,99751197.08166823,99.98001509667627,13,99751197.08166823,99.98001509667627,13,2178.3798828125
2017-03-22,98761459.36780104,99.97981481801843,13,98761459.36780104,99.97981481801843,13,2168.300048828125
2017-03-23,100056070.63342604,99.98007599121689,13,100056070.63342604,99.98007599121689,13,2172.719970703125
2017-03-24,99689276.08280104,99.99465737889739,14,99689276.08280104,99.99465737889739,14,2168.949951171875
2017-03-27,98522844.81717604,99.99459412655925,14,98522844.81717604,99.99459412655925,14,2155.659912109375
2017-03-28,99300387.94830886,91.36479432007387,13,99300387.94830886,91.36479432007387,13,2163.31005859375
2017-03-29,99203617.53912917,91.35637091367272,13,99203617.53912917,91.35637091367272,13,2166.97998046875
2017-03-30,98630569.94342604,99.71333254946897,14,98630569.94342604,99.71333254946897,14,2164.639892578125
2017-03-31,97790272.60182448,99.66254614950844,13,97790272.60182448,99.66254614950844,13,2160.22998046875
2017-04-03,98368203.41139479,99.66452875130703,13,98368203.41139479,99.66452875130703,13,2167.510009765625
2017-04-04,98137428.89093699,99.65388510485788,12,98137428.89093699,99.65388510485788,12,2161.10009765625
2017-04-05,98090631.80148385,88.83318655621572,11,98090631.80148385,88.83318655621572,11,2160.85009765625
2017-04-06,97667966.82492135,88.78486138783215,11,97667966.82492135,88.78486138783215,11,2152.75
2017-04-07,98396921.03878854,88.86794653383201,11,98396921.03878854,88.86794653383201,11,2151.72998046875
2017-04-10,97158613.6335151,88.7260661206856,11,97158613.6335151,88.7260661206856,11,2133.320068359375
2017-04-11,96216730.60148385,77.59957491346245,9,96216730.60148385,77.59957491346245,9,2123.85009765625
2017-04-12,97086372.21105418,67.67532173220103,8,97086372.21105418,67.67532173220103,8,2128.909912109375
2017-04-13,98357528.75299636,68.07932230673843,7,98357528.75299636,68.07932230673843,7,2148.610107421875
2017-04-14,97641552.91998854,67.84525767832828,7,97641552.91998854,67.84525767832828,7,2134.8798828125
2017-04-17,97313432.91998854,67.7368387917059,7,97313432.91998854,67.7368387917059,7,2145.760009765625
2017-04-18,97665484.49225417,67.85313675191865,7,97665484.49225417,67.85313675191865,7,2148.4599609375
2017-04-19,97406025.35729323,57.67706074743935,6,97406025.35729323,57.67706074743935,6,2138.39990234375
2017-04-20,97136095.31041823,57.55945016262199,6,97136095.31041823,57.55945016262199,6,2149.14990234375
2017-04-21,97917312.59041823,48.32612448020524,5,97917312.59041823,48.32612448020524,5,2165.0400390625
2017-04-24,97676021.82772292,48.19847361357202,5,97676021.82772292,48.19847361357202,5,2173.739990234375
2017-04-25,98026816.97655106,59.05601134646452,6,98026816.97655106,59.05601134646452,6,2196.85009765625
2017-04-26,97839942.71385573,91.25479320309401,9,97839942.71385573,91.25479320309401,9,2207.840087890625
2017-04-27,96999491.91385573,99.95989203702675,10,96999491.91385573,99.95989203702675,10,2209.4599609375
2017-04-28,96640709.16950417,99.82576019260739,10,96640709.16950417,99.82576019260739,10,2205.43994140625
2017-05-02,97475359.16950417,99.82725215177,10,97475359.16950417,99.82725215177,10,2219.669921875
2017-05-04,98725137.0355198,88.49547022514295,9,98725137.0355198,88.49547022514295,9,2241.239990234375
2017-05-08,99746185.07800026,99.29842477897002,10,99746185.07800026,99.29842477897002,10,2292.760009765625
2017-05-10,97996418.78249244,99.98548302212807,11,97996418.78249244,99.98548302212807,11,2270.1201171875
2017-05-11,99598650.72565456,99.9954626447578,12,99598650.72565456,99.9954626447578,12,2296.3701171875
2017-05-12,98710075.78413112,99.99942127022462,13,98710075.78413112,99.99942127022462,13,2286.02001953125
2017-05-15,99088996.7369905,99.99410936179859,13,99088996.7369905,99.99410936179859,13,2290.64990234375
2017-05-16,99167070.29851393,99.99411399945807,13,99167070.29851393,99.99411399945807,13,2295.330078125
2017-05-17,99389354.29070143,99.9941271634806,13,99389354.29070143,99.9941271634806,13,2293.080078125
2017-05-18,98754154.20964675,99.99408938860152,13,98754154.20964675,99.99408938860152,13,2286.820068359375
2017-05-19,99551812.00456862,99.99413674731011,13,99551812.00456862,99.99413674731011,13,2288.47998046875
2017-05-22,100087857.64909987,99.99416814943163,13,100087857.64909987,99.99416814943163,13,2304.030029296875
2017-05-23,100480649.20671706,99.99419094687258,13,100480649.20671706,99.99419094687258,13,2311.739990234375
2017-05-24,100569285.23406081,99.99419606664043,13,100569285.23406081,99.99419606664043,13,2317.340087890625
2017-05-25,101239271.06804518,99.99423447617352,13,101239271.06804518,99.99423447617352,13,2342.929931640625
2017-05-26,102421063.74089675,99.99430100207712,13,102421063.74089675,99.99430100207712,13,2355.300048828125
2017-05-29,102658537.01756862,99.37572618808555,12,102658537.01756862,99.37572618808555,12,2352.969970703125
2017-05-30,102181357.89608425,99.98794715342527,13,102181357.89608425,99.98794715342527,13,2343.679931640625
2017-05-31,101941464.048428,99.98791879005256,13,101941464.048428,99.98791879005256,13,2347.3798828125
2017-06-01,100915227.49959987,99.98779593268495,13,100915227.49959987,99.98779593268495,13,2344.610107421875
2017-06-02,103126136.96444362,99.9880575742894,13,103126136.96444362,99.9880575742894,13,2371.719970703125
2017-06-05,102874506.24471706,99.98802836315356,13,102874506.24471706,99.98802836315356,13,2368.6201171875
2017-06-07,103340644.27096707,99.99675066638216,14,103340644.27096707,99.99675066638216,14,2360.139892578125
2017-06-08,103851849.59420925,99.99676666105773,14,103851849.59420925,99.99676666105773,14,2363.570068359375
2017-06-09,105399526.98483425,99.99681413912258,14,105399526.98483425,99.99681413912258,14,2381.68994140625
2017-06-12,104132627.27194363,99.9967753792609,14,104132627.27194363,99.9967753792609,14,2357.8701171875
2017-06-13,104474094.3949905,99.99678591873456,14,104474094.3949905,99.99678591873456,14,2374.699951171875
2017-06-14,105190200.19284207,99.99680779931111,14,105190200.19284207,99.99680779931111,14,2372.639892578125
2017-06-15,104939977.39206082,99.99680018770859,14,104939977.39206082,99.99680018770859,14,2361.64990234375
2017-06-16,104782905.3168655,99.99679539111362,14,104782905.3168655,99.99679539111362,14,2361.830078125
2017-06-19,107066534.77877957,99.9968637424363,14,107066534.77877957,99.9968637424363,14,2370.89990234375
2017-06-20,106126056.5043655,99.99683594924207,14,106126056.5043655,99.99683594924207,14,2369.22998046875
2017-06-21,105032032.86608425,99.9773426433386,14,105032032.86608425,99.9773426433386,14,2357.530029296875
2017-06-22,106752846.33854519,90.20467365419599,13,106752846.33854519,90.20467365419599,13,2370.3701171875
2017-06-23,107424747.5387405,90.26593971884908,13,107424747.5387405,90.26593971884908,13,2378.60009765625
2017-06-26,109389603.55143581,90.44078290549949,13,109389603.55143581,90.44078290549949,13,2388.659912109375
2017-06-27,110238803.34179518,99.97320056011255,14,110238803.34179518,99.97320056011255,14,2391.949951171875
2017-06-28,108749674.61620924,99.97283359059371,14,108749674.61620924,99.97283359059371,14,2382.56005859375
2017-06-29,109162092.59667799,99.97293622618302,14,109162092.59667799,99.97293622618302,14,2395.659912109375
2017-06-30,109141923.46331862,99.99298199613007,15,109141923.46331862,99.99298199613007,15,2391.7900390625
2017-07-03,107417582.08831862,99.99286933827456,15,107417582.08831862,99.99286933827456,15,2394.47998046875
2017-07-04,106497674.01409987,99.99280774487961,15,106497674.01409987,99.99280774487961,15,2380.52001953125
2017-07-05,108201958.37152174,99.99292102977834,15,108201958.37152174,99.99292102977834,15,2388.35009765625
2017-07-06,107706161.65287432,91.02531687776462,14,107706161.65287432,91.02531687776462,14,2387.81005859375
2017-07-07,106472511.82474932,90.92133120013314,14,106472511.82474932,90.92133120013314,14,2379.8701171875
2017-07-10,107684586.41556183,99.97317279642363,15,107684586.41556183,99.97317279642363,15,2382.10009765625
2017-07-11,109265062.45345245,99.98308428805781,15,109265062.45345245,99.98308428805781,15,2396.0
2017-07-12,108714007.25398956,99.9739506151261,14,108714007.25398956,99.9739506151261,14,2391.77001953125
2017-07-13,110091059.05160674,99.99452529653131,15,110091059.05160674,99.99452529653131,15,2409.489990234375
2017-07-14,110230845.51785675,99.999958977881,16,110230845.51785675,99.999958977881,16,2414.6298828125
2017-07-17,113006770.41160674,99.98995713217023,16,113006770.41160674,99.98995713217023,16,2425.10009765625
2017-07-18,111767825.52098174,95.86097242294235,15,111767825.52098174,95.86097242294235,15,2426.0400390625
2017-07-19,110179184.97616729,99.99807967056918,16,110179184.97616729,99.99807967056918,16,2429.93994140625
2017-07-20,110103693.28769073,99.99807835391115,16,110103693.28769073,99.99807835391115,16,2441.840087890625
2017-07-21,111540354.68905792,99.99810310508549,16,111540354.68905792,99.99810310508549,16,2450.06005859375
2017-07-24,114287299.65878448,99.99814869778004,16,114287299.65878448,99.99814869778004,16,2451.530029296875
2017-07-25,112926126.88241729,99.99812638281846,16,112926126.88241729,99.99812638281846,16,2439.89990234375
2017-07-26,109975544.92183135,92.14055455052532,15,109975544.92183135,92.14055455052532,15,2434.510009765625
2017-07-27,110653732.2616751,99.99889930428105,16,110653732.2616751,99.99889930428105,16,2443.239990234375
2017-07-28,106121536.56147979,99.99885229621309,16,106121536.56147979,99.99885229621309,16,2400.989990234375
2017-07-31,106822911.33081573,68.40870442447981,13,106822911.33081573,68.40870442447981,13,2402.7099609375
2017-08-01,107426755.10913604,68.58627850519159,13,107426755.10913604,68.58627850519159,13,2422.9599609375
2017-08-02,108747785.56327666,99.9973621339699,16,108747785.56327666,99.9973621339699,16,2427.6298828125
2017-08-03,106499282.1086673,99.99333315609901,15,106499282.1086673,99.99333315609901,15,2386.85009765625
2017-08-04,107770664.70851494,99.97401435181243,14,107770664.70851494,99.97401435181243,14,2395.449951171875
2017-08-07,106581445.12746027,79.60807729732977,12,106581445.12746027,79.60807729732977,12,2398.75
2017-08-08,106329485.37648371,79.55975632833508,12,106329485.37648371,79.55975632833508,12,2394.72998046875
2017-08-09,104803269.94288996,79.26209180531866,12,104803269.94288996,79.26209180531866,12,2368.389892578125
2017-08-10,104725091.75782774,65.06988201085497,9,104725091.75782774,65.06988201085497,9,2359.469970703125
2017-08-11,103045309.4726715,64.5004723626444,9,103045309.4726715,64.5004723626444,9,2319.7099609375
2017-08-14,103598682.23634337,64.69009322744377,9,103598682.23634337,64.69009322744377,9,2334.219970703125
2017-08-16,104159047.35157774,64.88005694620486,9,104159047.35157774,64.88005694620486,9,2348.260009765625
2017-08-17,105577470.71095274,65.35189006810077,9,105577470.71095274,65.35189006810077,9,2361.669921875
2017-08-18,105164257.92970274,65.21575026022435,9,105164257.92970274,65.21575026022435,9,2358.3701171875
2017-08-21,105066389.92970274,65.18334917595935,9,105066389.92970274,65.18334917595935,9,2355.0
2017-08-22,105336210.1601715,65.27253253214054,9,105336210.1601715,65.27253253214054,9,2365.330078125
2017-08-23,106443260.89649962,65.63371151244712,9,106443260.89649962,65.63371151244712,9,2366.39990234375
2017-08-24,106289826.14649962,65.58410203359402,9,106289826.14649962,65.58410203359402,9,2375.840087890625
2017-08-25,106732783.496109,65.72693326546366,9,106732783.496109,65.72693326546366,9,2378.510009765625
2017-08-28,106986144.23634337,65.80809750986135,9,106986144.23634337,65.80809750986135,9,2370.300048828125
2017-08-29,107350924.5507965,65.92428219103009,9,107350924.5507965,65.92428219103009,9,2364.739990234375
2017-08-30,107118666.01368712,65.85039799639073,9,107118666.01368712,65.85039799639073,9,2372.2900390625
2017-08-31,106812605.16237853,99.98421819477693,13,106812605.16237853,99.98421819477693,13,2363.18994140625
2017-09-01,106082795.23269103,99.98410962186335,13,106082795.23269103,99.98410962186335,13,2357.68994140625
2017-09-04,105134793.51830822,77.81192172692896,11,105134793.51830822,77.81192172692896,11,2329.64990234375
2017-09-05,103955916.25463635,67.23238512502205,10,103955916.25463635,67.23238512502205,10,2326.6201171875
2017-09-06,103536870.67846447,67.09976450431867,10,103536870.67846447,67.09976450431867,10,2319.820068359375
2017-09-07,103952404.2976051,67.23127809477839,10,103952404.2976051,67.23127809477839,10,2346.18994140625
2017-09-08,103315132.75268322,67.029153067425,10,103315132.75268322,67.029153067425,10,2343.719970703125
2017-09-11,104227273.3444801,67.31769604536251,10,104227273.3444801,67.31769604536251,10,2359.080078125
2017-09-12,103561904.01674572,99.99450195694266,14,103561904.01674572,99.99450195694266,14,2365.469970703125
2017-09-13,105083724.33119884,99.99458157948808,14,105083724.33119884,99.99458157948808,14,2360.179931640625
2017-09-14,104414590.52143322,99.93100956704029,15,104414590.52143322,99.93100956704029,15,2377.659912109375
2017-09-15,103899384.75362071,99.92477932544148,14,103899384.75362071,99.92477932544148,14,2386.070068359375
2017-09-18,104872744.47549571,99.97764469863824,15,104872744.47549571,99.97764469863824,15,2418.2099609375
2017-09-19,104425805.44346447,99.99635586428309,16,104425805.44346447,99.99635586428309,16,2416.050048828125
2017-09-20,101767562.59544884,89.38450386542227,14,101767562.59544884,89.38450386542227,14,2412.199951171875
2017-09-21,99715276.2347301,99.89033286452877,14,99715276.2347301,99.89033286452877,14,2406.5
2017-09-25,96949728.73121446,59.210246184173656,10,96949728.73121446,59.210246184173656,10,2380.39990234375
2017-09-26,96949728.73121446,59.210246184173656,10,96949728.73121446,59.210246184173656,10,2374.320068359375
2017-09-27,96656694.06230822,57.31963034502249,9,96656694.06230822,57.31963034502249,9,2372.570068359375
2017-09-28,95092323.64824572,67.59928757651907,10,95092323.64824572,67.59928757651907,10,2373.139892578125
2017-09-29,95741664.48626134,67.80615721212801,10,95741664.48626134,67.80615721212801,10,2394.469970703125
2017-10-10,97682452.32805821,68.4457953167651,10,97682452.32805821,68.4457953167651,10,2433.81005859375
2017-10-11,98135620.4386676,99.97415369195409,13,98135620.4386676,99.97415369195409,13,2458.159912109375
2017-10-12,99385732.28827697,99.97447879672731,13,99385732.28827697,99.97447879672731,13,2474.760009765625
2017-10-13,99707808.13046446,99.98933379946791,14,99707808.13046446,99.98933379946791,14,2473.6201171875
2017-10-16,98311237.67343321,99.98918227965284,14,98311237.67343321,99.98918227965284,14,2480.050048828125
2017-10-17,98670494.18580431,99.95777428412936,13,98670494.18580431,99.95777428412936,13,2484.3701171875
2017-10-18,98135915.03541368,99.95754426653278,13,98135915.03541368,99.95754426653278,13,2482.909912109375
2017-10-19,99830151.29596056,99.3827055107869,13,99830151.29596056,99.3827055107869,13,2473.06005859375
2017-10-20,99872344.58183555,99.9174970674509,14,99872344.58183555,99.9174970674509,14,2489.5400390625
2017-10-23,100393715.67871055,99.99537579314187,15,100394670.87871055,99.91792630787634,14,2490.050048828125
2017-10-24,100249046.5888668,99.99536911996321,15,100246139.26386681,99.9230543054805,14,2490.489990234375
2017-10-25,99913744.89941368,99.99535357913946,15,99905337.57441369,99.92279182478303,14,2492.5
2017-10-26,98900046.12206993,99.99530595457982,15,98892334.02347618,99.98855464257656,15,2480.6298828125
2017-10-27,99844855.56142196,99.48883774251344,14,99835878.2968126,99.48210463562748,14,2496.6298828125
2017-10-30,99827249.34267196,99.89626357697537,15,99818105.0468126,99.88956573997464,15,2501.929931640625
2017-10-31,99031529.81142196,99.89543005357065,15,99021252.5307872,99.82581523397356,14,2523.429931640625
2017-11-01,100464071.30267197,99.99219006599053,16,100456310.74203719,99.99503702953018,15,2556.469970703125
2017-11-02,99135093.27142197,99.99208536814457,16,99127912.71078719,99.99497052152027,15,2546.360107421875
2017-11-03,100416837.78069931,99.99882705097816,17,100410552.98105086,99.99835530498495,16,2557.969970703125
2017-11-06,100540069.41741806,99.99882848865798,17,100532650.25253524,99.99835730247307,16,2549.409912109375
2017-11-07,100197389.38128525,99.99882448203114,17,100191233.68759383,99.99835170473635,16,2545.43994140625
2017-11-08,101374132.66253525,99.99883812735501,17,101370405.59384383,99.99837087821659,16,2552.39990234375
2017-11-09,101069636.59515244,99.99883462694021,17,101064930.24765243,99.99836595408969,16,2550.570068359375
2017-11-10,100772987.755504,99.98511492151756,16,100768757.69657822,99.9846443007603,15,2542.949951171875
2017-11-13,99898121.92243367,90.15747882632772,14,99895566.27616806,90.22885187879642,14,2530.35009765625
2017-11-14,100023388.2393282,71.05758531889649,12,100021509.12211531,71.128576242433,12,2526.639892578125
2017-11-15,100623262.83839853,92.62959597563221,14,100620717.60546298,92.7005182098446,14,2518.25
2017-11-16,105149740.86504306,83.43257031698215,13,105147238.03616025,83.50022344974187,13,2534.7900390625
2017-11-17,104271318.6613126,99.96166574940173,15,104272813.59390439,99.92916980976258,15,2533.989990234375
2017-11-20,104404818.88738681,99.96171476659438,15,104404953.136629,99.92925945559517,15,2527.669921875
2017-11-21,104783148.97674228,99.96185299927699,15,104782646.11099423,99.92951444253828,15,2530.699951171875
2017-11-22,106851720.3278165,99.77960707803743,15,106842985.50528134,99.97623462868022,15,2540.510009765625
2017-11-23,106105858.51953524,86.40462075195849,14,106101313.11869149,86.28894949519147,14,2537.14990234375
2017-11-24,105982355.9711954,86.3887778886121,14,105979689.66092782,86.27321454279348,14,2544.330078125
2017-11-27,104229907.17751454,89.64702830307505,14,104233047.9565665,89.8238596089134,14,2507.81005859375
2017-11-28,102503483.09597157,89.47265745134146,14,102503612.25954501,89.65216828933642,14,2514.18994140625
2017-11-29,103636378.9307372,89.5314983968419,13,103636023.90192783,89.70899877048404,13,2512.89990234375
2017-11-30,101070353.45024735,78.67828961968665,11,101068565.84453368,78.85995871353705,11,2476.3701171875
2017-12-01,102012284.76548173,66.55487001251298,10,102012481.35215087,66.73529621338348,10,2475.409912109375
2017-12-04,100989114.63364579,66.21602103673271,10,100989370.7393579,66.39829568326493,10,2501.669921875
2017-12-05,100394475.24302079,66.0159175488169,10,100394442.1377954,66.19917494975029,10,2510.1201171875
2017-12-06,99251993.92905594,65.62472964784163,10,99248213.74643798,65.80880555304876,10,2474.3701171875
2017-12-07,98486988.67710282,65.35771709410292,10,98484675.91733642,65.54372603545633,10,2461.97998046875
2017-12-08,98226654.26405984,62.040482414493184,8,98219253.27781492,62.113821246515755,8,2464.0
2017-12-11,101062310.44423562,63.1055692917344,8,101055737.60227782,63.1772299623177,8,2471.489990234375
2017-12-12,100299654.41298562,62.825032332122,8,100292601.57102782,62.89704197092048,8,2461.0
2017-12-13,101289334.13320047,63.1882622014403,8,101286532.29051024,63.26113548794401,8,2480.550048828125
2017-12-14,101169648.09175614,63.13817151915647,7,101162896.83228809,63.212964377162585,7,2469.47998046875
2017-12-15,101070279.27925614,63.10193024082182,7,101069048.01978809,63.17880535740093,7,2482.070068359375
2017-12-18,101528290.96675614,63.268383817799965,7,101527779.70728809,63.34517409709822,7,2481.8798828125
2017-12-19,101767323.02925614,63.35465938950253,7,101764891.76978809,63.43057979270961,7,2478.530029296875
2017-12-21,99861508.59175614,62.65529864292999,7,99860157.33228809,62.73305401377001,7,2429.830078125
2017-12-22,102097987.27925614,63.473342474173165,7,102096756.01978809,63.5494482434141,7,2440.5400390625
2017-12-26,102302992.65425614,63.54653838887027,7,102303681.39478809,63.62317524901502,7,2427.340087890625
2017-12-27,104384208.09175614,64.27334858786806,7,104384416.83228809,64.34828873491696,7,2436.669921875
2017-12-28,105134010.40425614,54.361522051941336,6,105133979.14478809,54.435843402429754,6,2467.489990234375
2018-01-02,105022401.84175614,54.31302149559198,6,105024530.58228809,54.38835991058761,6,2479.64990234375
2018-01-03,104832170.80750614,64.46450578285764,7,104832739.54803808,64.53924709417385,7,2486.35009765625
2018-01-04,104059255.53075615,86.03263770807939,9,104059224.27128808,86.10773618578972,9,2466.4599609375
2018-01-05,106813690.59325615,86.39281805775018,9,106816059.33378808,86.46628414402169,9,2497.52001953125
2018-01-08,106656633.90575615,99.97010385843949,11,106658958.64628808,99.94191677888631,11,2513.280029296875
2018-01-09,106108076.33075614,99.99978981971603,12,106111661.07128808,99.97145671033485,12,2510.22998046875
2018-01-10,106835318.14325614,99.99979125044038,12,106847222.88378808,99.97165320916106,12,2499.75
2018-01-11,106954967.96825615,99.7933950872467,11,107345832.70878808,89.70374659184768,10,2487.909912109375
2018-01-12,110187688.53075615,99.79945652622119,11,110332693.27128808,98.91879829684306,11,2496.419921875
2018-01-15,110088131.95231864,99.97330733858635,12,110553666.45363183,99.83107865991929,12,2503.72998046875
2018-01-16,112595754.31231864,99.997769176703,13,112998964.60363184,99.99328211996591,13,2521.739990234375
2018-01-17,111832363.81287177,98.71042691605363,12,112270777.26071152,98.06978844933153,12,2515.429931640625
2018-01-18,110094790.00037177,99.90509081958245,13,110571911.44821152,99.97577005736754,13,2515.81005859375
2018-01-19,108246699.54737176,90.21896669446414,12,108755283.43121152,90.30423232230268,12,2520.260009765625
2018-01-22,107654991.69737177,86.3925895084813,10,108096727.72121152,85.89345581483379,10,2502.110107421875
2018-01-23,109038582.66587177,73.63950600041306,9,109272438.68971151,73.14714907385492,9,2536.60009765625
2018-01-24,108209669.17206708,99.91941130165985,12,108500783.50265293,99.98719802436862,12,2538.0
2018-01-25,108650816.87206708,99.99526836151632,13,108975739.80265293,99.9988391509283,13,2562.22998046875
2018-01-26,108857441.55956708,99.99527734274267,13,109024384.49015293,99.99883966887795,13,2574.760009765625
2018-01-29,111333626.40917645,99.99538237994237,13,111210750.14152011,99.9988624805945,13,2598.18994140625
2018-01-30,111276538.5302702,99.99538001097818,13,110977971.99894199,99.99886009462861,13,2567.739990234375
2018-01-31,109974902.28611395,99.926205317598,12,109878043.68598886,99.9882054617746,12,2566.4599609375
2018-02-01,109891068.1025202,99.92614902078462,12,110144023.17231698,99.98823394362162,12,2568.5400390625
2018-02-02,107353875.0837702,90.60443340122258,11,107719570.84419198,99.98796912412267,12,2525.389892578125
2018-02-05,102852340.76361394,79.55791427422524,9,102949041.29598886,89.29206738684475,10,2491.75
2018-02-06,102663457.00966394,61.500874278037024,6,102475609.96236387,65.02264352168483,7,2453.31005859375
2018-02-07,100721754.10732019,60.75869236495812,6,100314394.026817,64.26907648938007,7,2396.56005859375
2018-02-08,101870910.20107019,60.062976462699226,5,101625036.823692,63.58876064757566,6,2407.6201171875
2018-02-09,101018833.41982019,59.72611442107429,5,100979123.339317,63.35585596685757,6,2363.77001953125
2018-02-12,102112425.80653894,49.3865041629886,4,101880020.51705137,52.88438875821584,5,2385.3798828125
2018-02-13,101699533.02919519,49.181017016246045,4,101273999.79825449,49.40449411997351,4,2395.18994140625
2018-02-14,102725970.87294519,49.688800265916456,4,102300674.34512949,49.91226318802522,4,2421.830078125
2018-02-19,104185134.54872644,50.393433181686376,4,103760926.85489511,50.61715996955118,4,2442.820068359375
2018-02-20,103735986.76747644,50.17865063499101,4,103312015.77677011,50.40258179302191,4,2415.1201171875
2018-02-21,103411729.81044519,50.022431227677146,4,102986433.28262949,50.24578394491653,4,2429.64990234375
2018-02-22,103727322.04091394,50.174488873550246,4,103302120.19473886,50.39783072576907,4,2414.280029296875
2018-02-23,103870595.01747644,50.24321524684804,4,103444730.40177011,50.46621290050067,4,2451.52001953125
2018-02-26,104389816.76357019,50.49069920132278,4,103964141.50919199,50.71368668173586,4,2457.64990234375
2018-02-27,104464270.29872644,50.52598535664684,4,104038642.38614511,50.74898004466124,4,2456.139892578125
2018-02-28,103161055.76357019,49.90098928115573,4,102735380.50919199,50.124200378778674,4,2427.360107421875
2018-03-02,103616552.29091394,50.12122364430769,4,103190616.66348886,50.34423266413742,4,2402.159912109375
2018-03-05,101781797.76942956,49.22209126061736,4,101354867.98868418,49.44486284705674,4,2375.06005859375
2018-03-06,102761192.5900077,38.096646041066364,3,102334523.18328574,38.27102823699734,3,2411.409912109375
2018-03-07,102844189.50602332,38.14660304392956,3,102417472.75848106,38.32102353415781,3,2401.820068359375
2018-03-08,103248300.10953894,38.3886952967501,3,102822009.42742637,38.563689553061664,3,2433.080078125
2018-03-09,102447865.51422644,48.71017163933276,4,102023412.29227012,48.88894406880694,4,2459.449951171875
2018-03-12,103718901.30719519,80.92445626394095,7,103296697.5793795,80.74492042271798,7,2484.1201171875
2018-03-13,102075711.58547644,89.84531479798054,8,101655431.42758262,89.88307979585525,8,2494.489990234375
2018-03-14,101455020.112828,89.7290154577349,8,101035765.57059042,89.7448420802118,8,2486.080078125
2018-03-15,102256494.43314052,79.78720906899983,7,101827873.56277794,79.76012009911521,7,2492.3798828125
2018-03-16,101095275.57337488,90.5377083361353,8,100672280.82922325,90.51791079321599,8,2493.969970703125
2018-03-19,100200757.84290613,90.4532360442444,8,99790475.45617637,90.43412166231919,8,2475.030029296875
2018-03-20,100786611.82135534,79.13237950454746,7,100372508.9557916,79.05039670829781,7,2485.52001953125
2018-03-21,100962847.39948034,89.93285557320993,8,100546375.8151666,89.85141099573337,8,2484.969970703125
2018-03-22,102206302.9611991,99.93511117887658,9,101789766.51907285,99.99284246303361,9,2496.02001953125
2018-03-23,99345193.2278866,89.62782109299586,9,98944446.18693535,89.63485706960198,8,2416.760009765625
2018-03-26,100768399.29341784,54.46627208917821,6,100367527.8040291,54.624698801848545,5,2437.080078125
2018-03-27,100933218.12935534,54.54062636192655,6,100528005.5462166,54.6971336009654,5,2452.06005859375
2018-03-28,99213079.73091784,53.75245997926965,6,98812607.8977791,53.9106709000844,5,2419.2900390625
2018-03-29,99323901.3620116,53.76060884181,5,98931609.97981036,53.96611047216285,5,2436.3701171875
2018-03-30,99993147.02998035,54.07008517235147,5,99597226.3899666,54.27375872105159,5,2445.85009765625
2018-04-02,101211819.64716785,54.623118698527925,5,100810703.3821541,54.82417390386085,5,2444.159912109375
2018-04-03,101264280.0416991,54.646626386477635,5,100858690.90949786,54.845668097078274,5,2442.429931640625
2018-04-04,100821355.3698241,54.44738161286289,5,100421880.40949786,54.64925785047413,5,2408.06005859375
2018-04-05,101091586.8762694,44.78451010261828,4,100693484.08399004,45.0171949492184,4,2437.52001953125
2018-04-06,101782552.4075194,45.15934841633455,4,101383202.50586504,45.39124757916657,4,2429.580078125
2018-04-09,102861510.0637694,45.73459508404584,4,102455724.55274004,45.96290027284825,4,2444.080078125
2018-04-10,104097389.0012694,46.37885207851973,4,103682641.45899004,46.60234223041241,4,2450.739990234375
2018-04-11,104147723.46239442,38.666725528130094,3,103732691.38942754,38.67412851016493,3,2444.219970703125
2018-04-12,103525408.71239442,38.29803728198484,3,103113376.63942754,38.305795923180895,3,2442.7099609375
2018-04-13,104236933.58739442,38.71921699055121,3,103820501.51442754,38.72599719084654,3,2455.070068359375
2018-04-16,104629079.33739442,38.94889499943759,3,104209947.26442754,38.95498588728031,3,2457.489990234375
2018-04-17,103980605.3644569,81.80654687835812,7,103562803.19149004,81.89933070375271,7,2453.77001953125
2018-04-18,103707392.0988319,81.75861690307129,7,103288439.92586504,81.85125021438061,7,2479.97998046875
2018-04-19,104591050.92803504,92.86554941010743,8,104165205.02043535,92.94247606309072,8,2486.10009765625
2018-04-20,105646995.05303504,92.9368584064657,8,105216765.81731035,93.01301059660743,8,2476.330078125
2018-04-23,105808317.05303504,92.94762731537465,8,105371204.48137285,93.02325116768745,8,2474.110107421875
2018-04-24,104058687.31397253,91.21554569506604,8,103631057.8102791,91.25383658406618,8,2464.139892578125
2018-04-25,103500466.84522253,99.96104091253005,9,103076027.0055916,99.95173497932245,9,2448.81005859375
2018-04-26,104022084.76709753,99.96123627256624,9,103592344.9274666,99.95197553855675,9,2475.639892578125
2018-04-27,105641194.53975378,99.99889425541795,10,105201325.36789629,99.99923359214937,10,2492.39990234375
2018-04-30,108470459.27022253,99.99892309685707,10,108015941.30051348,99.99925356275482,10,2515.3798828125
2018-05-02,108319652.54756628,99.99892159755173,10,107866759.32688066,99.99925253041657,10,2505.610107421875
2018-05-03,106720587.02803503,99.99890543913075,10,106275015.97043535,99.99924133512545,10,2487.25
2018-05-04,108664060.33662878,99.998925015519,10,108210102.85617754,99.99925490208832,10,2461.3798828125
2018-05-08,108860870.49287878,99.99892695898926,10,108403563.52609941,99.9992562318153,10,2449.81005859375
2018-05-09,109000365.23506628,99.99892833222852,10,108540758.26438066,99.99925717193292,10,2443.97998046875
2018-05-10,109700129.41084753,99.99893516827072,10,109236114.19895098,99.99926190049645,10,2464.159912109375
2018-05-11,112779846.69600378,99.99896424598964,10,112303695.57102129,99.99928206172335,10,2477.7099609375
2018-05-14,114659261.17256628,99.99898122334552,10,114177652.66281816,99.99929384498823,10,2476.110107421875
2018-05-15,115171169.18428503,99.99898575156152,10,114684632.84543535,99.99929696664968,10,2458.5400390625
2018-05-16,113650374.93819128,99.99897217955888,10,113174337.38938066,99.99928758476948,10,2459.820068359375
2018-05-17,112316795.55537878,99.9989599758618,10,111848913.16086504,99.99927914255595,10,2448.449951171875
2018-05-18,113812277.07881628,99.99897364167117,10,113336735.24094316,99.99928860557445,10,2460.64990234375
2018-05-21,113224168.87959753,99.99896831056779,10,112754989.06223223,99.99928493521811,10,2465.570068359375
2018-05-23,112723793.89522253,99.99896373095274,10,112254764.07785723,99.99928174877635,10,2471.909912109375
2018-05-24,112605481.28194128,99.99896264216295,10,112133257.48313066,99.99928097048574,10,2466.010009765625
2018-05-25,107917202.26044394,90.1661578355624,9,107465342.52963574,90.17823275268374,9,2460.800048828125
2018-05-28,109921077.08856894,90.34542999426944,9,109459604.81869824,90.35717712276177,9,2478.9599609375
2018-05-29,108454076.35185018,99.95803224728846,10,107998240.1743623,99.93799749451114,10,2457.25
2018-05-30,108183734.08806893,70.9033715503443,7,107733731.2697295,70.88781253638395,7,2409.030029296875
2018-05-31,108897624.94744393,71.09411783244977,7,108447254.090042,71.07935459320043,7,2423.010009765625
2018-06-01,112063687.96306893,71.91077705657645,7,111604217.105667,71.89743665412136,7,2438.9599609375
2018-06-04,111569242.86931893,71.78629312073139,7,111112572.011917,71.77308990252858,7,2447.760009765625
2018-06-05,112383393.91619393,71.99068469667108,7,111921123.058792,71.97700938694412,7,2453.760009765625
2018-06-07,114044787.93181893,72.39872183427815,7,113576917.074417,72.38554574584715,7,2470.580078125
2018-06-08,113664675.99431893,72.30641896859652,7,113198305.136917,72.29318427439647,7,2451.580078125
2018-06-11,113270074.91619393,72.20994232249012,7,112801304.058792,72.1956709007147,7,2470.14990234375
2018-06-12,114590724.91619393,72.53022077171579,7,114112854.058792,72.51523847380668,7,2468.830078125
2018-06-14,116094655.88494393,72.8860739448979,7,115610585.027542,72.87130257033108,7,2423.47998046875
2018-06-15,115219405.91619393,72.68010635858974,7,114743635.058792,72.66633064856104,7,2404.0400390625
2018-06-18,112168029.85369393,71.93690645041467,7,111708058.996292,71.92356031373433,7,2376.239990234375
2018-06-19,111328509.40059629,63.72448546993213,5,110866969.82210742,63.74560422303749,5,2340.110107421875
2018-06-20,115209091.44747129,64.9463518058082,5,114731851.86898242,64.96687766259367,5,2363.909912109375
2018-06-21,115083491.44747129,64.90809490068816,5,114607651.86898242,64.92891236338939,5,2337.830078125
2018-06-22,114660558.32247129,64.77865606572178,5,114184018.74398242,64.79879542919777,5,2357.219970703125
2018-06-25,114979373.07822129,55.21816505018482,4,114504033.49973242,55.19892886580951,4,2357.8798828125
2018-06-26,112595473.07822129,54.27003264824801,4,112131433.49973242,54.25097860730119,4,2350.919921875
2018-06-27,112867834.07822129,42.22722123556418,3,112403825.49973242,42.261061657650686,3,2342.030029296875
2018-06-28,112317534.07822129,41.944163381641495,3,111855125.49973242,41.9778260408034,3,2314.239990234375
2018-06-29,112128334.07822129,41.84620273343877,3,111667325.49973242,41.88024544396567,3,2326.1298828125
2018-07-02,113162234.07822129,42.37752143250526,3,112698325.49973242,42.41194337897548,3,2271.5400390625
2018-07-03,114845184.07822129,43.221925584786604,3,114372875.49973242,43.255098539614615,3,2272.760009765625
2018-07-04,113861734.07822129,42.73152028984106,3,113396425.49973242,42.76647150585398,3,2265.4599609375
2018-07-05,113297484.07822129,42.44630884018391,3,112831675.49973242,42.480003764646455,3,2257.550048828125
2018-07-06,113212134.07822129,42.40291943161489,3,112744225.49973242,42.43538840941663,3,2272.8701171875
2018-07-09,114202884.07822129,42.90259426937155,3,113727775.49973242,42.93322346757313,3,2285.800048828125
2018-07-10,114763809.07822129,32.25716390675743,2,114286000.49973242,32.24178800454766,2,2294.159912109375
2018-07-11,114242859.07822129,31.94825505461979,2,113766850.49973242,31.93258830707056,2,2280.6201171875
2018-07-12,114709009.07822129,32.22480108322908,2,114230900.49973242,32.20910440085884,2,2285.06005859375
2018-07-13,115838509.07822129,32.885652882735585,2,115355400.49973242,32.86993919291014,2,2310.89990234375
2018-07-16,115227759.07822129,32.529921869394926,2,114747650.49973242,32.5143912206612,2,2301.989990234375
2018-07-17,114982359.07822129,32.38592450052909,2,114503350.49973242,32.37040648874866,2,2297.919921875
2018-07-18,114098259.07822129,31.86201112418124,2,113623150.49973242,31.846502971315882,2,2290.110107421875
2018-07-19,113555959.07822129,31.53661004732623,2,113083050.49973242,31.52099261779673,2,2282.2900390625
2018-07-20,113461759.07822129,31.479769298637546,2,112989650.49973242,31.464386200649585,2,2289.18994140625
2018-07-23,112142409.07822129,30.673632110049187,2,111676300.49973242,30.658384855864774,2,2269.31005859375
2018-07-24,112886693.07822129,17.619437205249557,1,112416708.49973242,17.602365577219423,1,2280.199951171875
2018-07-25,112594193.07822129,17.40542692675567,1,112125708.49973242,17.388518887304535,1,2273.030029296875
2018-07-26,112984193.07822129,17.690527723787202,1,112513708.49973242,17.67340199265345,1,2289.06005859375
2018-07-27,112691693.07822129,17.476887126302515,1,112222708.49973242,17.459924343250652,1,2294.989990234375
2018-07-30,110839193.07822129,16.097645160054725,1,110379708.49973242,16.0817601724714,1,2293.510009765625
2018-07-31,110371193.07822129,15.741879303312867,1,109914108.49973242,15.726279579515564,1,2295.260009765625
2018-08-01,110589437.07822129,0.0,0,110131233.29973242,0.0,0,2307.070068359375
2018-08-02,110589437.07822129,0.0,0,110131233.29973242,0.0,0,2270.199951171875
2018-08-03,110589437.07822129,0.0,0,110131233.29973242,0.0,0,2287.679931640625
2018-08-06,110589437.07822129,0.0,0,110131233.29973242,0.0,0,2286.5
2018-08-07,110589437.07822129,0.0,0,110131233.29973242,0.0,0,2300.159912109375
2018-08-08,110589437.07822129,0.0,0,110131233.29973242,0.0,0,2301.449951171875
2018-08-09,110589437.07822129,0.0,0,110131233.29973242,0.0,0,2303.7099609375
2018-08-10,110589437.07822129,0.0,0,110131233.29973242,0.0,0,2282.7900390625
2018-08-13,110589437.07822129,0.0,0,110131233.29973242,0.0,0,2248.449951171875
2018-08-14,110589437.07822129,0.0,0,110131233.29973242,0.0,0,2258.909912109375
2018-08-16,110589437.07822129,0.0,0,110131233.29973242,0.0,0,2240.800048828125
2018-08-17,110589437.07822129,0.0,0,110131233.29973242,0.0,0,2247.050048828125
2018-08-20,110589437.07822129,0.0,0,110131233.29973242,0.0,0,2247.8798828125
2018-08-21,110589437.07822129,0.0,0,110131233.29973242,0.0,0,2270.06005859375
2018-08-22,110589437.07822129,0.0,0,110131233.29973242,0.0,0,2273.330078125
2018-08-23,110589437.07822129,0.0,0,110131233.29973242,0.0,0,2282.60009765625
2018-08-24,110589437.07822129,0.0,0,110131233.29973242,0.0,0,2293.2099609375
2018-08-27,110589437.07822129,0.0,0,110131233.29973242,0.0,0,2299.300048828125
2018-08-28,110589437.07822129,0.0,0,110131233.29973242,0.0,0,2303.1201171875
2018-08-29,110589437.07822129,0.0,0,110131233.29973242,0.0,0,2309.030029296875
2018-08-30,110589437.07822129,0.0,0,110131233.29973242,0.0,0,2307.35009765625
2018-08-31,110589437.07822129,0.0,0,110131233.29973242,0.0,0,2322.8798828125
2018-09-03,110589437.07822129,0.0,0,110131233.29973242,0.0,0,2307.030029296875
2018-09-04,110589437.07822129,0.0,0,110131233.29973242,0.0,0,2315.719970703125
2018-09-05,110589437.07822129,0.0,0,110131233.29973242,0.0,0,2291.77001953125
2018-09-06,110589437.07822129,0.0,0,110131233.29973242,0.0,0,2287.610107421875
2018-09-07,110589437.07822129,0.0,0,110131233.29973242,0.0,0,2281.580078125
2018-09-10,110589437.07822129,0.0,0,110131233.29973242,0.0,0,2288.659912109375
2018-09-11,110589437.07822129,0.0,0,110131233.29973242,0.0,0,2283.199951171875
2018-09-12,110589437.07822129,0.0,0,110131233.29973242,0.0,0,2282.919921875
2018-09-13,110589437.07822129,0.0,0,110131233.29973242,0.0,0,2286.22998046875
2018-09-14,110589437.07822129,0.0,0,110131233.29973242,0.0,0,2318.25
2018-09-17,110589437.07822129,0.0,0,110131233.29973242,0.0,0,2303.010009765625
2018-09-18,110589437.07822129,0.0,0,110131233.29973242,0.0,0,2308.97998046875
2018-09-19,110589437.07822129,0.0,0,110131233.29973242,0.0,0,2308.4599609375
2018-09-20,110589437.07822129,0.0,0,110131233.29973242,0.0,0,2323.449951171875
2018-09-21,110589437.07822129,0.0,0,110131233.29973242,0.0,0,2339.169921875
2018-09-27,110589437.07822129,0.0,0,110131233.29973242,0.0,0,2355.429931640625
2018-09-28,110589437.07822129,0.0,0,110131233.29973242,0.0,0,2343.070068359375
2018-10-01,110589437.07822129,0.0,0,110131233.29973242,0.0,0,2338.8798828125
2018-10-02,110589437.07822129,0.0,0,110131233.29973242,0.0,0,2309.570068359375
2018-10-04,110589437.07822129,0.0,0,110131233.29973242,0.0,0,2274.489990234375
2018-10-05,110589437.07822129,0.0,0,110131233.29973242,0.0,0,2267.52001953125
2018-10-08,110589437.07822129,0.0,0,110131233.29973242,0.0,0,2253.830078125
2018-10-10,110589437.07822129,0.0,0,110131233.29973242,0.0,0,2228.610107421875
2018-10-11,110589437.07822129,0.0,0,110131233.29973242,0.0,0,2129.669921875
2018-10-12,110589437.07822129,0.0,0,110131233.29973242,0.0,0,2161.85009765625
2018-10-15,110589437.07822129,0.0,0,110131233.29973242,0.0,0,2145.1201171875
2018-10-16,110589437.07822129,0.0,0,110131233.29973242,0.0,0,2145.1201171875
2018-10-17,110589437.07822129,0.0,0,110131233.29973242,0.0,0,2167.510009765625
2018-10-18,110589437.07822129,0.0,0,110131233.29973242,0.0,0,2148.31005859375
2018-10-19,110589437.07822129,0.0,0,110131233.29973242,0.0,0,2156.260009765625
2018-10-22,110589437.07822129,0.0,0,110131233.29973242,0.0,0,2161.7099609375
2018-10-23,110589437.07822129,0.0,0,110131233.29973242,0.0,0,2106.10009765625
2018-10-24,110589437.07822129,0.0,0,110131233.29973242,0.0,0,2097.580078125
2018-10-25,110589437.07822129,0.0,0,110131233.29973242,0.0,0,2063.300048828125
2018-10-26,110589437.07822129,0.0,0,110131233.29973242,0.0,0,2027.1500244140625
2018-10-29,110589437.07822129,0.0,0,110131233.29973242,0.0,0,1996.050048828125
2018-10-30,110589437.07822129,0.0,0,110131233.29973242,0.0,0,2014.68994140625
2018-10-31,110589437.07822129,0.0,0,110131233.29973242,0.0,0,2029.68994140625
2018-11-01,110589437.07822129,0.0,0,110131233.29973242,0.0,0,2024.4599609375
2018-11-02,110589437.07822129,0.0,0,110131233.29973242,0.0,0,2096.0
2018-11-05,110589437.07822129,0.0,0,110131233.29973242,0.0,0,2076.919921875
2018-11-06,110589437.07822129,0.0,0,110131233.29973242,0.0,0,2089.6201171875
2018-11-07,110589437.07822129,0.0,0,110131233.29973242,0.0,0,2078.68994140625
2018-11-08,110589437.07822129,0.0,0,110131233.29973242,0.0,0,2092.6298828125
2018-11-09,110589437.07822129,0.0,0,110131233.29973242,0.0,0,2086.090087890625
2018-11-12,110589437.07822129,0.0,0,110131233.29973242,0.0,0,2080.43994140625
2018-11-13,110589437.07822129,0.0,0,110131233.29973242,0.0,0,2071.22998046875
2018-11-14,110589437.07822129,0.0,0,110131233.29973242,0.0,0,2068.050048828125
2018-11-15,110589437.07822129,0.0,0,110131233.29973242,0.0,0,2088.06005859375
2018-11-16,110589437.07822129,0.0,0,110131233.29973242,0.0,0,2092.39990234375
2018-11-19,110589437.07822129,0.0,0,110131233.29973242,0.0,0,2100.56005859375
2018-11-20,110589437.07822129,0.0,0,110131233.29973242,0.0,0,2082.580078125
2018-11-21,110589437.07822129,0.0,0,110131233.29973242,0.0,0,2076.550048828125
2018-11-22,110589437.07822129,0.0,0,110131233.29973242,0.0,0,2069.949951171875
2018-11-23,110589437.07822129,0.0,0,110131233.29973242,0.0,0,2057.47998046875
2018-11-26,110589437.07822129,0.0,0,110131233.29973242,0.0,0,2083.02001953125
2018-11-27,110589437.07822129,0.0,0,110131233.29973242,0.0,0,2099.419921875
2018-11-28,110589437.07822129,0.0,0,110131233.29973242,0.0,0,2108.219970703125
2018-11-29,110589437.07822129,0.0,0,110131233.29973242,0.0,0,2114.10009765625
2018-11-30,110589437.07822129,0.0,0,110131233.29973242,0.0,0,2096.860107421875
2018-12-03,110589437.07822129,0.0,0,110131233.29973242,0.0,0,2131.929931640625
2018-12-04,110589437.07822129,0.0,0,110131233.29973242,0.0,0,2114.35009765625
2018-12-05,110589437.07822129,0.0,0,110131233.29973242,0.0,0,2101.31005859375
2018-12-06,110589437.07822129,0.0,0,110131233.29973242,0.0,0,2068.68994140625
2018-12-07,110589437.07822129,0.0,0,110131233.29973242,0.0,0,2075.760009765625
2018-12-10,110589437.07822129,0.0,0,110131233.29973242,0.0,0,2053.7900390625
2018-12-11,110589437.07822129,0.0,0,110131233.29973242,0.0,0,2052.969970703125
2018-12-12,110589437.07822129,0.0,0,110131233.29973242,0.0,0,2082.570068359375
2018-12-13,110589437.07822129,0.0,0,110131233.29973242,0.0,0,2095.550048828125
2018-12-14,110589437.07822129,0.0,0,110131233.29973242,0.0,0,2069.3798828125
2018-12-17,110589437.07822129,0.0,0,110131233.29973242,0.0,0,2071.090087890625
2018-12-18,110589437.07822129,0.0,0,110131233.29973242,0.0,0,2062.110107421875
2018-12-19,110589437.07822129,0.0,0,110131233.29973242,0.0,0,2078.840087890625
2018-12-20,110589437.07822129,0.0,0,110131233.29973242,0.0,0,2060.1201171875
2018-12-21,110589437.07822129,0.0,0,110131233.29973242,0.0,0,2061.489990234375
2018-12-24,110589437.07822129,0.0,0,110131233.29973242,0.0,0,2055.010009765625
2018-12-26,110589437.07822129,0.0,0,110131233.29973242,0.0,0,2028.010009765625
2018-12-27,110589437.07822129,0.0,0,110131233.29973242,0.0,0,2028.43994140625
2018-12-28,110589437.07822129,0.0,0,110131233.29973242,0.0,0,2041.0400390625
2019-01-02,110589437.07822129,0.0,0,110131233.29973242,0.0,0,2010.0
2019-01-03,110589437.07822129,0.0,0,110131233.29973242,0.0,0,1993.699951171875
2019-01-04,110589437.07822129,0.0,0,110131233.29973242,0.0,0,2010.25
2019-01-07,110589437.07822129,0.0,0,110131233.29973242,0.0,0,2037.0999755859375
2019-01-08,110589437.07822129,0.0,0,110131233.29973242,0.0,0,2025.27001953125
2019-01-09,110589437.07822129,0.0,0,110131233.29973242,0.0,0,2064.7099609375
2019-01-10,110589437.07822129,0.0,0,110131233.29973242,0.0,0,2063.280029296875
2019-01-11,110589437.07822129,0.0,0,110131233.29973242,0.0,0,2075.570068359375
2019-01-14,110589437.07822129,0.0,0,110131233.29973242,0.0,0,2064.52001953125
2019-01-15,110589437.07822129,0.0,0,110131233.29973242,0.0,0,2097.179931640625
2019-01-16,110589437.07822129,0.0,0,110131233.29973242,0.0,0,2106.10009765625
2019-01-17,110589437.07822129,0.0,0,110131233.29973242,0.0,0,2107.06005859375
2019-01-18,110589437.07822129,0.0,0,110131233.29973242,0.0,0,2124.280029296875
2019-01-21,110589437.07822129,0.0,0,110131233.29973242,0.0,0,2124.610107421875
2019-01-22,110589437.07822129,0.0,0,110131233.29973242,0.0,0,2117.77001953125
2019-01-23,110589437.07822129,0.0,0,110131233.29973242,0.0,0,2127.780029296875
2019-01-24,110589437.07822129,0.0,0,110131233.29973242,0.0,0,2145.030029296875
2019-01-25,110589437.07822129,0.0,0,110131233.29973242,0.0,0,2177.72998046875
2019-01-28,110589437.07822129,0.0,0,110131233.29973242,0.0,0,2177.300048828125
2019-01-29,110589437.07822129,0.0,0,110131233.29973242,0.0,0,2183.360107421875
2019-01-30,110589437.07822129,0.0,0,110131233.29973242,0.0,0,2206.199951171875
2019-01-31,110589437.07822129,0.0,0,110131233.29973242,0.0,0,2204.85009765625
2019-02-01,110589437.07822129,0.0,0,110131233.29973242,0.0,0,2203.4599609375
2019-02-07,110589437.07822129,0.0,0,110131233.29973242,0.0,0,2203.419921875
2019-02-08,110589437.07822129,0.0,0,110131233.29973242,0.0,0,2177.050048828125
2019-02-11,110589437.07822129,0.0,0,110131233.29973242,0.0,0,2180.72998046875
2019-02-12,110589437.07822129,0.0,0,110131233.29973242,0.0,0,2190.469970703125
2019-02-13,110589437.07822129,0.0,0,110131233.29973242,0.0,0,2201.47998046875
2019-02-14,110589437.07822129,0.0,0,110131233.29973242,0.0,0,2225.85009765625
2019-02-15,110589437.07822129,0.0,0,110131233.29973242,0.0,0,2196.090087890625
2019-02-18,110589437.07822129,0.0,0,110131233.29973242,0.0,0,2210.889892578125
2019-02-19,110589437.07822129,0.0,0,110131233.29973242,0.0,0,2205.6298828125
2019-02-20,110589437.07822129,0.0,0,110131233.29973242,0.0,0,2229.760009765625
2019-02-21,110589437.07822129,0.0,0,110131233.29973242,0.0,0,2228.659912109375
2019-02-22,110589437.07822129,0.0,0,110131233.29973242,0.0,0,2230.5
2019-02-25,110589437.07822129,0.0,0,110131233.29973242,0.0,0,2232.56005859375
2019-02-26,110589437.07822129,0.0,0,110131233.29973242,0.0,0,2226.60009765625
2019-02-27,110589437.07822129,0.0,0,110131233.29973242,0.0,0,2234.7900390625
2019-02-28,110335836.4782213,10.53184565496424,1,109878846.09973241,10.525046822482206,1,2195.43994140625
2019-03-04,110753836.4782213,10.869510603695645,1,110294846.09973241,10.862520256990564,1,2190.659912109375
2019-03-05,110795636.4782213,10.903136968191488,1,110336446.09973241,10.89612763957707,1,2179.22998046875
2019-03-06,111318136.4782213,11.32133576676038,1,110856446.09973241,11.314091729691734,1,2175.60009765625
2019-03-07,111882436.4782213,11.768603200345078,1,111418046.09973241,11.761110931949355,1,2165.7900390625
2019-03-08,111673436.4782213,11.603475641700241,1,111210046.09973241,11.59607468234925,1,2137.43994140625
2019-03-11,111757036.4782213,11.669600779492294,1,111293246.09973241,11.662163208330758,1,2138.10009765625
2019-03-12,112195936.4782213,12.015141031971993,1,111730046.09973241,12.007513169756162,1,2157.179931640625
2019-03-13,112613936.4782213,12.34172291161127,1,112146046.09973241,12.333916781782111,1,2148.409912109375
2019-03-14,112258636.4782213,12.064283359282959,1,111792446.09973241,12.056628573969688,1,2155.679931640625
2019-03-15,112384036.4782213,12.162403512396367,1,111917246.09973241,12.154695075214619,1,2176.110107421875
2019-03-18,112760236.4782213,12.455454545550404,1,112291646.09973241,12.447586695439233,1,2179.489990234375
2019-03-19,112384036.4782213,12.162403512396367,1,111917246.09973241,12.154695075214619,1,2177.6201171875
2019-03-20,113387236.4782213,12.939551624770454,1,112915646.09973241,12.931423150254288,1,2177.10009765625
2019-03-21,113554436.4782213,13.067741305594858,1,113082046.09973241,13.059544383354543,1,2184.8798828125
2019-03-22,114014236.4782213,13.418324301037913,1,113539646.09973241,13.409941393181674,1,2186.949951171875
2019-03-25,113638036.4782213,13.13169468821288,1,113165246.09973241,13.123463706261596,1,2144.860107421875
2019-03-26,114139636.4782213,13.513447629512164,1,113664446.09973241,13.505014564124233,1,2148.800048828125
2019-03-27,114327736.4782213,13.655741363316542,1,113851646.09973241,13.647233511572846,1,2145.6201171875
2019-03-28,114285936.4782213,13.624161012118202,1,113810046.09973241,13.615669733075025,1,2128.10009765625
2019-03-29,115017436.4782213,14.173503165397713,1,114538046.09973241,14.164725654454745,1,2140.669921875
2019-04-01,115101036.4782213,14.235840528769158,1,114621246.09973241,14.227030812255382,1,2168.280029296875
2019-04-02,114557636.4782213,13.829021344213732,1,114080446.09973241,13.820422814806104,1,2177.179931640625
2019-04-03,113847036.4782213,13.291167225854531,1,113373246.09973241,13.282851570424906,1,2203.27001953125
2019-04-04,114416681.4782213,24.43105291890568,2,113939837.09973241,24.402878490744566,2,2206.530029296875
2019-04-05,114475381.4782213,24.469802710663345,2,113998137.09973241,24.4415397557101,2,2209.610107421875
2019-04-08,115307981.4782213,25.015180762181654,2,114826237.09973241,24.98644972148692,2,2210.60009765625
2019-04-09,114572372.2782213,35.75395113625202,3,114094254.29973242,35.71691690358467,3,2213.56005859375
2019-04-10,115063287.22222129,25.679259400033672,2,114582410.79573241,25.649748330390885,2,2224.389892578125
2019-04-11,115464837.22222129,25.937723310829995,2,114981860.79573241,25.908043054653408,2,2224.43994140625
2019-04-12,115828212.42222129,36.886091140092084,3,115343432.3957324,36.85948919409218,3,2233.449951171875
2019-04-15,115336818.24113144,58.9397287839628,5,114854094.3153535,58.91246074923491,5,2242.8798828125
2019-04-16,115537391.87785019,59.011009672241514,5,115052856.68058787,58.98344252855583,5,2248.6298828125
2019-04-17,115354836.30011679,48.33071488399566,4,114870922.5747744,48.2998932649625,4,2245.889892578125
2019-04-18,115324849.82160117,48.31727996593207,4,114841695.41461815,48.28673561090502,4,2213.77001953125
2019-04-19,113849247.44846007,59.15225748899836,5,113372556.1815972,59.106235456722644,5,2216.14990234375
2019-04-22,113137447.44846007,58.895265451657444,5,112663656.1815972,58.84892453084605,5,2216.64990234375
2019-04-23,114402097.44846007,59.34965487026037,5,113922106.1815972,59.303503301024385,5,2220.510009765625
2019-04-24,114941597.44846007,59.54045490857835,5,114458556.1815972,59.4942416466971,5,2201.030029296875
2019-04-25,113790947.44846007,59.13132943240168,5,113314006.1815972,59.085105412920534,5,2190.5
2019-04-26,113737447.44846007,59.11210556265238,5,113260106.1815972,59.06563418962231,5,2179.31005859375
2019-04-29,116470297.44846007,60.07149593737476,5,115978506.1815972,60.025087658049436,5,2216.429931640625
2019-04-30,116884147.44846007,60.21287021067906,5,116390156.1815972,60.166471373008015,5,2203.590087890625
2019-05-02,116923247.44846007,60.226175321584805,5,116429406.1815972,60.17989981905,5,2212.75
2019-05-03,115487697.44846007,59.73177362098306,5,115001006.1815972,59.685303876048835,5,2196.320068359375
2019-05-07,115441749.97346008,49.82365566463013,4,114954673.56659721,49.77622764232411,4,2176.989990234375
2019-05-08,114732049.97346008,49.513278994963294,4,114248373.56659721,49.465737004174684,4,2168.010009765625
2019-05-09,112974049.97346008,48.727650299278714,4,112499173.56659721,48.680002051375496,4,2102.010009765625
2019-05-10,113269044.77346008,38.26380816284167,3,112793311.96659721,38.213169955293324,3,2108.0400390625
2019-05-13,113164344.77346008,38.20668964818681,3,112689161.96659721,38.15606509945046,3,2079.010009765625
2019-05-14,113039344.77346008,38.13835800835418,3,112564661.96659721,38.0876637933869,3,2081.840087890625
2019-05-15,113093444.77346008,38.16795048242243,3,112618661.96659721,38.11735040213163,3,2092.780029296875
2019-05-16,113938244.77346008,38.626406864090484,3,113459211.96659721,38.57580115476687,3,2067.68994140625
2019-05-17,114341694.77346008,38.84296108081555,3,113861311.96659721,38.79272005310974,3,2055.800048828125
2019-05-20,115125944.77346008,39.25956923866171,3,114641011.96659721,39.209004900529756,3,2055.7099609375
2019-05-21,113731394.77346008,38.514783088039465,3,113254111.96659721,38.464563664450644,3,2061.25
2019-05-22,114350944.77346008,38.84790815502751,3,113870511.96659721,38.797665204982565,3,2064.860107421875
2019-05-23,114046394.77346008,38.684607336896605,3,113567361.96659721,38.63429531180352,3,2059.590087890625
2019-05-24,114062894.77346008,38.69347703971232,3,113583761.96659721,38.643155711736235,3,2045.31005859375
2019-05-27,114374744.77346008,38.860633165157964,3,113893361.96659721,38.809944000918684,3,2044.2099609375
2019-05-28,113767794.77346008,38.53445527998141,3,113289711.96659721,38.48390047355288,3,2048.830078125
2019-05-29,113768194.77346008,38.5346713879889,3,113290011.96659721,38.48406337255463,3,2023.3199462890625
2019-05-30,113451294.77346008,38.36298218271327,3,112974361.96659721,38.31218804563582,3,2038.800048828125
2019-05-31,112925349.77346008,23.761051042859965,2,112451471.96659721,23.718942521199534,2,2041.739990234375
2019-06-03,112706536.77346008,12.073833860543559,1,112233964.56659721,12.052501265758433,1,2067.85009765625
2019-06-04,112664536.77346008,12.041056031036454,1,112192214.56659721,12.019773432670023,1,2066.969970703125
2019-06-05,112706536.77346008,12.073833860543559,1,112233964.56659721,12.052501265758433,1,2069.110107421875
2019-06-07,112622536.77346008,12.008253754045239,1,112150464.56659721,11.987021232548688,1,2072.330078125
2019-06-10,113084536.77346008,12.367738683864324,1,112609714.56659721,12.345959718935203,1,2099.489990234375
2019-06-11,113126536.77346008,12.40027353448605,1,112651464.56659721,12.37844537010551,1,2111.81005859375
2019-06-12,113000536.77346008,12.30259642736945,1,112526214.56659721,12.28091609872938,1,2108.75
2019-06-13,113210536.77346008,12.465270815064516,1,112734964.56659721,12.44334448849104,1,2103.14990234375
2019-06-14,112622536.77346008,12.008253754045239,1,112150464.56659721,11.987021232548688,1,2095.409912109375
2019-06-17,112790536.77346008,12.139316286348027,1,112317464.56659721,12.117883939527346,1,2090.72998046875
2019-06-18,112748536.77346008,12.106587269887372,1,112275714.56659721,12.085204758996738,1,2098.7099609375
2019-06-19,112748536.77346008,12.106587269887372,1,112275714.56659721,12.085204758996738,1,2124.780029296875
2019-06-20,112706536.77346008,12.073833860543559,1,112233964.56659721,12.052501265758433,1,2131.2900390625
2019-06-21,112832536.77346008,12.172020937165037,1,112359214.56659721,12.150538834452318,1,2125.6201171875
2019-06-24,112748536.77346008,12.106587269887372,1,112275714.56659721,12.085204758996738,1,2126.330078125
2019-06-25,113084536.77346008,12.367738683864324,1,112609714.56659721,12.345959718935203,1,2121.639892578125
2019-06-26,113126536.77346008,12.40027353448605,1,112651464.56659721,12.37844537010551,1,2121.85009765625
2019-06-27,112832536.77346008,12.172020937165037,1,112359214.56659721,12.150538834452318,1,2134.320068359375
2019-06-28,112622536.77346008,12.008253754045239,1,112150464.56659721,11.987021232548688,1,2130.6201171875
2019-07-01,112580536.77346008,11.975427002208315,1,112108714.56659721,11.95424463817111,1,2129.739990234375
2019-07-02,112664536.77346008,12.041056031036454,1,112192214.56659721,12.019773432670023,1,2122.02001953125
2019-07-03,112160536.77346008,11.645807318471025,1,111691214.56659721,11.625130992069199,1,2096.02001953125
2019-07-04,111966748.77346008,0.0,0,111498580.06659721,0.0,0,2108.72998046875
2019-07-05,111966748.77346008,0.0,0,111498580.06659721,0.0,0,2110.590087890625
2019-07-08,111966748.77346008,0.0,0,111498580.06659721,0.0,0,2064.169921875
2019-07-09,111966748.77346008,0.0,0,111498580.06659721,0.0,0,2052.030029296875
2019-07-10,111966748.77346008,0.0,0,111498580.06659721,0.0,0,2058.780029296875
2019-07-11,111966748.77346008,0.0,0,111498580.06659721,0.0,0,2080.580078125
2019-07-12,111966748.77346008,0.0,0,111498580.06659721,0.0,0,2086.659912109375
2019-07-15,111966748.77346008,0.0,0,111498580.06659721,0.0,0,2082.47998046875
2019-07-16,111966748.77346008,0.0,0,111498580.06659721,0.0,0,2091.8701171875
2019-07-17,111966748.77346008,0.0,0,111498580.06659721,0.0,0,2072.919921875
2019-07-18,111966748.77346008,0.0,0,111498580.06659721,0.0,0,2066.550048828125
2019-07-19,111966748.77346008,0.0,0,111498580.06659721,0.0,0,2094.360107421875
2019-07-22,111966748.77346008,0.0,0,111498580.06659721,0.0,0,2093.340087890625
2019-07-23,111966748.77346008,0.0,0,111498580.06659721,0.0,0,2101.449951171875
2019-07-24,111966748.77346008,0.0,0,111498580.06659721,0.0,0,2082.300048828125
2019-07-25,111966748.77346008,0.0,0,111498580.06659721,0.0,0,2074.47998046875
2019-07-26,111966748.77346008,0.0,0,111498580.06659721,0.0,0,2066.260009765625
2019-07-29,111966748.77346008,0.0,0,111498580.06659721,0.0,0,2029.47998046875
2019-07-30,111966748.77346008,0.0,0,111498580.06659721,0.0,0,2038.6800537109375
2019-07-31,111966748.77346008,0.0,0,111498580.06659721,0.0,0,2024.550048828125
2019-08-01,111966748.77346008,0.0,0,111498580.06659721,0.0,0,2017.3399658203125
2019-08-02,111966748.77346008,0.0,0,111498580.06659721,0.0,0,1998.1300048828125
2019-08-05,111966748.77346008,0.0,0,111498580.06659721,0.0,0,1946.97998046875
2019-08-06,111966748.77346008,0.0,0,111498580.06659721,0.0,0,1917.5
2019-08-07,111966748.77346008,0.0,0,111498580.06659721,0.0,0,1909.7099609375
2019-08-08,111966748.77346008,0.0,0,111498580.06659721,0.0,0,1920.6099853515625
2019-08-09,111966748.77346008,0.0,0,111498580.06659721,0.0,0,1937.75
2019-08-12,111966748.77346008,0.0,0,111498580.06659721,0.0,0,1942.2900390625
2019-08-13,111966748.77346008,0.0,0,111498580.06659721,0.0,0,1925.8299560546875
2019-08-14,111966748.77346008,0.0,0,111498580.06659721,0.0,0,1938.3699951171875
2019-08-16,111966748.77346008,0.0,0,111498580.06659721,0.0,0,1927.1700439453125
2019-08-19,111966748.77346008,0.0,0,111498580.06659721,0.0,0,1939.9000244140625
2019-08-20,111966748.77346008,0.0,0,111498580.06659721,0.0,0,1960.25
2019-08-21,111966748.77346008,0.0,0,111498580.06659721,0.0,0,1964.6500244140625
2019-08-22,111966748.77346008,0.0,0,111498580.06659721,0.0,0,1951.010009765625
2019-08-23,111966748.77346008,0.0,0,111498580.06659721,0.0,0,1948.300048828125
2019-08-26,111966748.77346008,0.0,0,111498580.06659721,0.0,0,1916.31005859375
2019-08-27,111966748.77346008,0.0,0,111498580.06659721,0.0,0,1924.5999755859375
2019-08-28,111966748.77346008,0.0,0,111498580.06659721,0.0,0,1941.0899658203125
2019-08-29,111966748.77346008,0.0,0,111498580.06659721,0.0,0,1933.4100341796875
2019-08-30,111966748.77346008,0.0,0,111498580.06659721,0.0,0,1967.7900390625
2019-09-02,111966748.77346008,0.0,0,111498580.06659721,0.0,0,1969.18994140625
2019-09-03,111966748.77346008,0.0,0,111498580.06659721,0.0,0,1965.68994140625
2019-09-04,111966748.77346008,0.0,0,111498580.06659721,0.0,0,1988.530029296875
2019-09-05,111966748.77346008,0.0,0,111498580.06659721,0.0,0,2004.75
2019-09-06,111966748.77346008,0.0,0,111498580.06659721,0.0,0,2009.1300048828125
2019-09-09,111966748.77346008,0.0,0,111498580.06659721,0.0,0,2019.550048828125
2019-09-10,111966748.77346008,0.0,0,111498580.06659721,0.0,0,2032.0799560546875
2019-09-11,111966748.77346008,0.0,0,111498580.06659721,0.0,0,2049.199951171875
2019-09-16,111966748.77346008,0.0,0,111498580.06659721,0.0,0,2062.219970703125
2019-09-17,111966748.77346008,0.0,0,111498580.06659721,0.0,0,2062.330078125
2019-09-18,111966748.77346008,0.0,0,111498580.06659721,0.0,0,2070.72998046875
2019-09-19,111966748.77346008,0.0,0,111498580.06659721,0.0,0,2080.35009765625
2019-09-20,111966748.77346008,0.0,0,111498580.06659721,0.0,0,2091.52001953125
2019-09-23,111966748.77346008,0.0,0,111498580.06659721,0.0,0,2091.699951171875
2019-09-24,111966748.77346008,0.0,0,111498580.06659721,0.0,0,2101.0400390625
2019-09-25,111966748.77346008,0.0,0,111498580.06659721,0.0,0,2073.389892578125
2019-09-26,111966748.77346008,0.0,0,111498580.06659721,0.0,0,2074.52001953125
2019-09-27,111966748.77346008,0.0,0,111498580.06659721,0.0,0,2049.929931640625
2019-09-30,111966748.77346008,0.0,0,111498580.06659721,0.0,0,2063.050048828125
2019-10-01,111966748.77346008,0.0,0,111498580.06659721,0.0,0,2072.419921875
2019-10-02,111966748.77346008,0.0,0,111498580.06659721,0.0,0,2031.9100341796875
2019-10-04,111966748.77346008,0.0,0,111498580.06659721,0.0,0,2020.68994140625
2019-10-07,111966748.77346008,0.0,0,111498580.06659721,0.0,0,2021.72998046875
2019-10-08,111966748.77346008,0.0,0,111498580.06659721,0.0,0,2046.25
2019-10-10,111966748.77346008,0.0,0,111498580.06659721,0.0,0,2028.1500244140625
2019-10-11,111966748.77346008,0.0,0,111498580.06659721,0.0,0,2044.6099853515625
2019-10-14,111966748.77346008,0.0,0,111498580.06659721,0.0,0,2067.39990234375
2019-10-15,111966748.77346008,0.0,0,111498580.06659721,0.0,0,2068.169921875
2019-10-16,111966748.77346008,0.0,0,111498580.06659721,0.0,0,2082.830078125
2019-10-17,111966748.77346008,0.0,0,111498580.06659721,0.0,0,2077.93994140625
2019-10-18,111966748.77346008,0.0,0,111498580.06659721,0.0,0,2060.68994140625
2019-10-21,111966748.77346008,0.0,0,111498580.06659721,0.0,0,2064.840087890625
2019-10-22,111966748.77346008,0.0,0,111498580.06659721,0.0,0,2088.860107421875
2019-10-23,111966748.77346008,0.0,0,111498580.06659721,0.0,0,2080.6201171875
2019-10-24,111966748.77346008,0.0,0,111498580.06659721,0.0,0,2085.659912109375
2019-10-25,111966748.77346008,0.0,0,111498580.06659721,0.0,0,2087.889892578125
2019-10-28,111966748.77346008,0.0,0,111498580.06659721,0.0,0,2093.60009765625
2019-10-29,111966748.77346008,0.0,0,111498580.06659721,0.0,0,2092.68994140625
2019-10-30,111966748.77346008,0.0,0,111498580.06659721,0.0,0,2080.27001953125
2019-10-31,111966748.77346008,0.0,0,111498580.06659721,0.0,0,2083.47998046875
2019-11-01,111966748.77346008,0.0,0,111498580.06659721,0.0,0,2100.199951171875
2019-11-04,111966748.77346008,0.0,0,111498580.06659721,0.0,0,2130.239990234375
2019-11-05,111701598.17346008,10.460011486904651,1,111234473.3665972,10.462583808568464,1,2142.639892578125
2019-11-06,111371398.17346008,10.194538441832746,1,110905573.3665972,10.197052913308413,1,2144.14990234375
2019-11-07,110950629.71546008,10.632386702313799,1,110486535.5355972,10.629168471135845,1,2144.2900390625
2019-11-08,110772229.71546008,10.488459092900678,1,110308935.5355972,10.485279314718374,1,2137.22998046875
2019-11-11,110660729.71546008,10.398268680847512,1,110197935.5355972,10.39511307024407,1,2124.090087890625
2019-11-12,110883729.71546008,10.578468121608072,1,110419935.5355972,10.57526427937055,1,2140.919921875
2019-11-13,110640502.51546007,21.171270436634998,2,110177817.1355972,21.163969850030927,2,2122.449951171875
2019-11-14,110751202.51546007,21.25006272208622,2,110288017.1355972,21.242742963812137,2,2139.22998046875
2019-11-15,111051792.51546007,31.843970456466874,3,110586107.1355972,31.879501786578206,3,2162.179931640625
2019-11-18,111039854.91546008,53.17230470532569,5,110575931.1355972,53.24784462162694,5,2160.68994140625
2019-11-19,110012004.91546008,52.73479021183365,5,109550731.1355972,52.810327599174734,5,2153.239990234375
2019-11-20,109532954.91546008,52.52807252795032,5,109073331.1355972,52.60378444724563,5,2125.320068359375
2019-11-21,108524873.68746006,41.85869880007891,4,108069409.6955972,41.939897819064825,4,2096.60009765625
2019-11-22,108302562.39146008,31.529540249079645,3,107847907.5835972,31.614614287783997,3,2101.9599609375
2019-11-25,108838662.39146008,31.86680104102547,3,108383807.5835972,31.952743469810656,3,2123.5
2019-11-26,108313662.39146008,31.536557111832273,3,107858807.5835972,31.621525181024545,3,2121.35009765625
2019-11-27,108623362.39146008,31.73175571179876,3,108168107.5835972,31.817049192066005,3,2127.85009765625
2019-11-28,108386162.39146008,31.58235262206969,3,107931807.5835972,31.667773166428837,3,2118.60009765625
2019-11-29,107822162.39146008,31.224471159990898,3,107368807.5835972,31.309465715940043,3,2087.9599609375
2019-12-02,107878220.99146007,10.333411042143961,1,107424367.9835972,10.377068266021476,1,2091.919921875
2019-12-03,107910720.99146007,10.360416367605191,1,107456867.9835972,10.404174446724593,1,2084.070068359375
2019-12-04,108073220.99146007,10.495199362010577,1,107619367.9835972,10.53945977617037,1,2068.889892578125
2019-12-05,107813220.99146007,10.279351547133398,1,107359367.9835972,10.32280667085636,1,2060.739990234375
2019-12-06,108040720.99146007,10.46827519865772,1,107586867.9835972,10.512435404034937,1,2081.85009765625
2019-12-09,108105720.99146007,10.522107336852764,1,107651867.9835972,10.566467831039585,1,2088.64990234375
2019-12-10,108073220.99146007,10.495199362010577,1,107619367.9835972,10.53945977617037,1,2098.0
2019-12-11,108040720.99146007,10.46827519865772,1,107586867.9835972,10.512435404034937,1,2105.6201171875
2019-12-12,108138220.99146007,10.548999137780228,1,107684367.9835972,10.593459583416623,1,2137.35009765625
2019-12-13,108251316.76100108,32.30400911122256,3,107797036.28609915,32.35956196090865,3,2170.25
2019-12-16,108968198.76100108,64.52755577222337,6,108512706.88609916,64.63017167439915,6,2168.14990234375
2019-12-17,111243500.69947764,65.25308598842899,6,110781304.38316947,65.35448074855242,6,2195.679931640625
2019-12-18,112157422.74537608,75.96875189197402,7,111692733.93297416,76.1131255385994,7,2194.760009765625
2019-12-19,111417182.80748546,97.50237363628446,9,110956007.42164603,97.60422549544882,9,2196.56005859375
2019-12-20,111852527.42174327,97.51209472360304,9,111391613.14137259,97.61359436127208,9,2204.179931640625
2019-12-23,111503203.82311046,97.50430047200838,9,111043025.37477103,97.60610292442584,9,2203.7099609375
2019-12-24,111091298.7679542,97.67917947660847,9,110640324.65523978,97.7727099773482,9,2190.080078125
2019-12-26,110751614.55221201,99.90725438231831,10,110302792.66809134,99.91667040603424,10,2197.929931640625
2019-12-27,111157610.66264951,89.90390589172692,9,110712015.89671634,89.90790307017198,9,2204.2099609375
2019-12-30,110660395.0437667,87.7495164633903,8,110217304.29234914,87.83332933236288,8,2197.669921875
2020-01-02,109403903.06548476,77.70326068633602,7,108964916.8099162,77.78402671371266,7,2175.169921875
2020-01-03,109574393.06548476,67.53247536199129,6,109132806.8099162,67.5714316854714,6,2176.4599609375
2020-01-06,109160001.94548477,78.17233279513482,7,108719957.2099162,78.20818015576326,7,2155.070068359375
2020-01-07,110287801.94548477,78.395541913817,7,109843957.2099162,78.43116925891542,7,2175.5400390625
2020-01-08,109940445.99748477,89.83904795352537,8,109500211.2899162,89.85000927487735,8,2151.31005859375
2020-01-09,111520785.99748477,89.98303688629245,8,111074211.2899162,89.9938418100429,8,2186.449951171875
2020-01-10,111636533.99748477,99.95270007443445,9,111187811.2899162,99.87196322306858,9,2206.389892578125
2020-01-13,112732323.99748477,99.95315984305802,9,112277061.2899162,99.8732053651203,9,2229.260009765625
2020-01-14,113584299.09748477,99.99536987283757,10,113126921.48991619,99.95821375735005,10,2238.8798828125
2020-01-15,112649229.09748477,99.99533143943647,10,112195271.48991619,99.95786677166653,10,2230.97998046875
2020-01-16,113941569.09748477,99.99538439085363,10,113481871.48991619,99.95834445687619,10,2248.050048828125
2020-01-17,114004719.09748477,99.99538694755235,10,113542221.48991619,99.95836659764457,10,2250.570068359375
2020-01-20,114600039.09748477,99.9954109112648,10,114136071.48991619,99.95858321624434,10,2262.639892578125
2020-01-21,114022929.09748477,99.9953876842786,10,113559871.48991619,99.95837306850036,10,2239.68994140625
2020-01-22,116797399.09748477,99.99549724777658,10,116324571.48991619,99.95936242075881,10,2267.25
2020-01-23,115098839.09748477,99.99543079884558,10,114628871.48991619,99.95876127078478,10,2246.1298828125
2020-01-28,112822699.09748477,99.99533861755938,10,112361146.0899162,99.99154859998616,11,2176.719970703125
2020-01-29,113485339.09748477,89.53479877494766,9,113018856.0899162,89.48785494655505,10,2185.280029296875
2020-01-30,111791249.09748477,89.37620860902253,9,111329246.96791619,89.29688532668315,9,2148.0
2020-01-31,109329104.49748477,78.95212386193636,8,108880328.96791619,78.87361363989417,8,2119.010009765625
2020-02-03,110703754.49748477,79.21348322652634,8,110253578.96791619,79.1367507674196,8,2118.8798828125
2020-02-04,113318704.49748477,79.69315427710741,8,112856528.96791619,79.61794574201771,8,2157.89990234375
2020-02-05,112992854.49748477,79.63459317863591,8,112533678.96791619,79.55947128106041,8,2165.6298828125
2020-02-06,114185854.49748477,79.84736848644273,8,113719678.96791619,79.77264869486143,8,2227.93994140625
2020-02-07,112806133.97810978,90.16184656876605,9,112349958.4485412,90.1298895307378,9,2211.949951171875
2020-02-10,113571181.52810977,99.99092257342835,10,113115705.9985412,99.99882084364022,10,2201.070068359375
2020-02-11,114583690.27810977,99.99100278531373,10,114121514.7485412,99.99883123612217,10,2223.1201171875
2020-02-12,114431631.52810977,99.99099082965776,10,113969855.9985412,99.9988296808577,10,2238.3798828125
2020-02-13,115815981.52810977,99.99109851639321,10,115349705.9985412,99.9988436805888,10,2232.9599609375
2020-02-14,116914560.90310977,99.99118215855225,10,116443785.3735412,99.99885454510353,10,2243.590087890625
2020-02-17,116432052.77810977,99.99114561637987,10,115963077.2485412,99.99884979678632,10,2242.169921875
2020-02-18,113662078.09060977,99.99092983272612,10,113204702.5610412,99.99882177064111,10,2208.8798828125
2020-02-19,114740629.21560977,89.43092135409,9,114278766.6860412,89.4890668149743,9,2210.340087890625
2020-02-20,114424344.21560977,99.82239151816607,10,113963581.6860412,99.92281322705043,10,2195.5
2020-02-21,112574972.87946603,90.01689932317456,9,112115210.34989744,90.07876780038738,9,2162.840087890625
2020-02-24,109334972.87946603,89.72106309309133,9,108886810.34989744,89.78461182382506,9,2079.0400390625
2020-02-25,109834578.87946603,45.83784133706214,5,109386323.54989745,45.95263682764766,5,2103.610107421875
2020-02-26,109342878.87946603,45.59428150319382,5,108895723.54989745,45.709141164935005,5,2076.77001953125
2020-02-27,107666467.47946602,33.24786336732661,4,107221912.14989744,33.31464556429678,4,2054.889892578125
2020-02-28,106241147.07946602,22.925533721677528,3,105798941.74989744,22.951552821201577,3,1987.010009765625
2020-03-02,106574949.57946602,12.118232334109736,1,106131354.74989744,12.10292663301032,1,2002.510009765625
2020-03-03,106574949.57946602,12.118232334109736,1,106131354.74989744,12.10292663301032,1,2014.1500244140625
2020-03-04,106907049.57946602,12.391231496996072,1,106461654.74989744,12.37562954563478,1,2059.330078125
2020-03-05,106907049.57946602,12.391231496996072,1,106461654.74989744,12.37562954563478,1,2085.260009765625
2020-03-06,106611849.57946602,12.148649564836553,1,106168054.74989744,12.133310749966855,1,2040.219970703125
2020-03-09,106611849.57946602,12.148649564836553,1,106168054.74989744,12.133310749966855,1,1954.77001953125
2020-03-10,106427349.57946602,11.996352488762277,1,105984554.74989744,11.98117973884519,1,1962.9300537109375
2020-03-11,106132149.57946602,11.75157579434636,1,105690954.74989744,11.736671344632772,1,1908.27001953125
2020-03-12,105959900.37946601,0.0,0,105519639.14989744,0.0,0,1834.3299560546875
2020-03-13,105959900.37946601,0.0,0,105519639.14989744,0.0,0,1771.43994140625
2020-03-16,105959900.37946601,0.0,0,105519639.14989744,0.0,0,1714.8599853515625
2020-03-17,105959900.37946601,0.0,0,105519639.14989744,0.0,0,1672.43994140625
2020-03-18,105959900.37946601,0.0,0,105519639.14989744,0.0,0,1591.199951171875
2020-03-19,105959900.37946601,0.0,0,105519639.14989744,0.0,0,1457.6400146484375
2020-03-20,105959900.37946601,0.0,0,105519639.14989744,0.0,0,1566.1500244140625
2020-03-23,105959900.37946601,0.0,0,105519639.14989744,0.0,0,1482.4599609375
2020-03-24,105959900.37946601,0.0,0,105519639.14989744,0.0,0,1609.969970703125
2020-03-25,105959900.37946601,0.0,0,105519639.14989744,0.0,0,1704.760009765625
2020-03-26,105959900.37946601,0.0,0,105519639.14989744,0.0,0,1686.239990234375
2020-03-27,105959900.37946601,0.0,0,105519639.14989744,0.0,0,1717.72998046875
2020-03-30,105959900.37946601,0.0,0,105519639.14989744,0.0,0,1717.1199951171875
2020-03-31,105959900.37946601,0.0,0,105519639.14989744,0.0,0,1754.6400146484375
2020-04-01,105959900.37946601,0.0,0,105519639.14989744,0.0,0,1685.4599609375
2020-04-02,105959900.37946601,0.0,0,105519639.14989744,0.0,0,1724.8599853515625
2020-04-03,105959900.37946601,0.0,0,105519639.14989744,0.0,0,1725.43994140625
2020-04-06,105959900.37946601,0.0,0,105519639.14989744,0.0,0,1791.8800048828125
2020-04-07,105959900.37946601,0.0,0,105519639.14989744,0.0,0,1823.5999755859375
2020-04-08,105959900.37946601,0.0,0,105519639.14989744,0.0,0,1807.1400146484375
2020-04-09,105959900.37946601,0.0,0,105519639.14989744,0.0,0,1836.2099609375
2020-04-10,105959900.37946601,0.0,0,105519639.14989744,0.0,0,1860.699951171875
2020-04-13,105959900.37946601,0.0,0,105519639.14989744,0.0,0,1825.760009765625
2020-04-14,105959900.37946601,0.0,0,105519639.14989744,0.0,0,1857.0799560546875
2020-04-16,105959900.37946601,0.0,0,105519639.14989744,0.0,0,1857.0699462890625
2020-04-17,105959900.37946601,0.0,0,105519639.14989744,0.0,0,1914.530029296875
2020-04-20,105959900.37946601,0.0,0,105519639.14989744,0.0,0,1898.3599853515625
2020-04-21,105959900.37946601,0.0,0,105519639.14989744,0.0,0,1879.3800048828125
2020-04-22,105959900.37946601,0.0,0,105519639.14989744,0.0,0,1896.1500244140625
2020-04-23,105959900.37946601,0.0,0,105519639.14989744,0.0,0,1914.72998046875
2020-04-24,105959900.37946601,0.0,0,105519639.14989744,0.0,0,1889.010009765625
2020-04-27,105959900.37946601,0.0,0,105519639.14989744,0.0,0,1922.77001953125
2020-04-28,105959900.37946601,0.0,0,105519639.14989744,0.0,0,1934.0899658203125
2020-04-29,105959900.37946601,0.0,0,105519639.14989744,0.0,0,1947.56005859375
2020-05-04,105959900.37946601,0.0,0,105519639.14989744,0.0,0,1895.3699951171875
2020-05-06,105959900.37946601,0.0,0,105519639.14989744,0.0,0,1928.760009765625
2020-05-07,105959900.37946601,0.0,0,105519639.14989744,0.0,0,1928.6099853515625
2020-05-08,105959900.37946601,0.0,0,105519639.14989744,0.0,0,1945.8199462890625
2020-05-11,105959900.37946601,0.0,0,105519639.14989744,0.0,0,1935.4000244140625
2020-05-12,105959900.37946601,0.0,0,105519639.14989744,0.0,0,1922.1700439453125
2020-05-13,105959900.37946601,0.0,0,105519639.14989744,0.0,0,1940.4200439453125
2020-05-14,105959900.37946601,0.0,0,105519639.14989744,0.0,0,1924.9599609375
2020-05-15,105959900.37946601,0.0,0,105519639.14989744,0.0,0,1927.280029296875
2020-05-18,105959900.37946601,0.0,0,105519639.14989744,0.0,0,1937.1099853515625
2020-05-19,105959900.37946601,0.0,0,105519639.14989744,0.0,0,1980.6099853515625
2020-05-20,105959900.37946601,0.0,0,105519639.14989744,0.0,0,1989.6400146484375
2020-05-21,105959900.37946601,0.0,0,105519639.14989744,0.0,0,1998.31005859375
2020-05-22,105959900.37946601,0.0,0,105519639.14989744,0.0,0,1970.1300048828125
2020-05-25,105959900.37946601,0.0,0,105519639.14989744,0.0,0,1994.5999755859375
2020-05-26,105959900.37946601,0.0,0,105519639.14989744,0.0,0,2029.780029296875
2020-05-27,105000814.27946602,20.19336720910221,2,104563781.64989744,20.219238120889766,2,2031.199951171875
2020-05-28,104326261.20646602,0.0,0,103890749.17489743,0.0,0,2028.5400390625
2020-05-29,104326261.20646602,0.0,0,103890749.17489743,0.0,0,2029.5999755859375
2020-06-01,104326261.20646602,0.0,0,103890749.17489743,0.0,0,2065.080078125
2020-06-02,104038023.36646602,10.435899682326696,1,103602511.33489743,10.479768887940875,1,2087.18994140625
2020-06-03,104296718.72896601,21.606039563967215,2,103861206.69739743,21.696638262787168,2,2147.0
2020-06-04,104966979.97896601,22.10662016488414,2,104531467.94739743,22.198723521396545,2,2151.179931640625
2020-06-05,105870460.90046601,54.0014690606191,5,105436038.22889742,54.17778887280309,5,2181.8701171875
2020-06-08,105146403.06406601,43.7592880942063,4,104714560.39729743,43.9397513229569,4,2184.2900390625
2020-06-09,105435342.56406601,43.91341253466923,4,105003499.89729743,44.0940130403136,4,2188.919921875
2020-06-10,106433928.36630037,54.98992465466153,5,106002085.6995318,55.213948508074985,5,2195.68994140625
2020-06-11,108587577.53036287,66.15752723611517,6,108155734.8635943,66.4216800618945,6,2176.780029296875
2020-06-12,109621541.91161287,57.72743236175343,5,109189699.24484429,57.95574298545889,5,2132.300048828125
2020-06-15,106097109.56005037,56.32318293794113,5,105665266.89328179,56.55336977450476,5,2030.8199462890625
2020-06-16,110946960.04442537,58.232437885526586,5,110515117.37765679,58.45998368980771,5,2138.050048828125
2020-06-17,111410128.81005037,58.40607946007955,5,110978286.14328179,58.633351280415425,5,2141.050048828125
2020-06-18,110186957.46630037,79.52081900657183,7,109759889.79953179,79.70905507960724,7,2133.47998046875
2020-06-19,111107847.83505037,90.46179090210747,8,110682675.96828179,90.60220861764527,8,2141.320068359375
2020-06-22,111126902.33505037,90.46342638191871,8,110703030.46828179,90.6039365499691,8,2126.72998046875
2020-06-23,112727874.14755037,99.78618699900267,9,112303602.28078179,99.95988108752367,9,2131.239990234375
2020-06-24,113837124.74755038,99.98649258692234,10,113411403.28078179,99.96027296849925,9,2161.510009765625
2020-06-25,111796394.65455037,90.07043561916552,9,111384108.2817818,90.0886142734309,8,2112.3701171875
2020-06-26,111702568.85767537,90.06209517274445,9,111292782.4849068,90.08048108474243,8,2134.64990234375
2020-06-29,110175301.99830037,79.8764245883189,8,109772870.6255318,79.974306507027,7,2093.47998046875
2020-06-30,109761753.06080037,79.8006050701522,8,109359321.6880318,79.8985781270509,7,2108.330078125
2020-07-01,109130664.15455037,79.68379450960126,8,108726632.7817818,79.78160635763732,7,2106.699951171875
2020-07-02,110831309.38892537,79.99553546293228,8,110414478.0161568,80.09067379126668,7,2135.3701171875
2020-07-03,111240762.29517537,80.06916751986608,8,110817130.9224068,80.16301412342199,7,2152.409912109375
2020-07-06,111654077.37330037,80.14294640709903,8,111225246.0005318,80.23580131276879,7,2187.929931640625
2020-07-07,111937301.15910506,99.98019900610605,10,111502361.35260211,99.99898141077388,9,2164.169921875
2020-07-08,111645142.88371444,99.98014718993137,10,111198669.03424273,99.99897862892652,9,2158.8798828125
2020-07-09,115861651.47160506,99.98086968562416,10,115384818.04010211,99.99901568416114,9,2167.89990234375
2020-07-10,115333907.40324569,99.98078214926849,10,114859714.38971148,99.99901118416875,9,2150.25
2020-07-13,116266915.83488631,99.98093636697214,10,115790360.05182086,99.9990191316107,9,2186.06005859375
2020-07-14,114623298.48574568,99.99617074519269,11,114158374.35846148,99.9990051093089,9,2183.610107421875
2020-07-15,113398807.24496444,91.80811332688857,10,112943102.17049274,91.87819791137618,8,2201.8798828125
2020-07-16,111842477.52777694,99.97656330694117,11,111399353.75643024,99.99441807261,9,2183.760009765625
2020-07-17,112974148.75080623,99.98929632599227,12,112524404.67635211,99.99447388230358,9,2201.18994140625
2020-07-20,112660618.59455623,99.98926653808034,12,112219050.20721148,99.99885636080752,10,2198.199951171875
2020-07-21,116201469.23028694,99.9900290734909,12,115746186.40057085,99.99889121095086,10,2228.830078125
2020-07-22,115742902.75665413,99.98998956927511,12,115287986.77557085,99.9988868041888,10,2228.659912109375
2020-07-23,115475784.09552132,99.98996641314004,12,115012513.2794771,99.9988841379055,10,2216.18994140625
2020-07-24,112856315.43731819,90.31847414053846,11,112401921.50799273,90.28850198057923,9,2200.43994140625
2020-07-27,113587703.49679475,99.9701927765925,12,113125999.31356305,99.97917865156741,10,2217.860107421875
2020-07-28,115862026.20284943,99.97077787981588,12,115387339.72957867,99.9795867046245,10,2256.989990234375
2020-07-29,114156711.99386506,99.97034134922652,12,113681764.56160992,99.97928044257955,10,2263.159912109375
2020-07-30,117378711.53292756,99.97115546754384,12,116888026.56160992,99.97984878419304,10,2267.010009765625
2020-07-31,118851289.05929475,99.99638342959612,13,118356318.73582867,99.99508352528443,11,2249.3701171875
2020-08-03,122557267.08187288,90.07550084225582,12,122039683.74082866,90.0321639778511,10,2251.0400390625
2020-08-04,122003560.28304476,99.9598249926633,13,121656278.67293805,99.9963319740467,11,2279.969970703125
2020-08-05,127823569.32796663,99.9616542242151,13,126971438.22567242,99.99648552151736,11,2311.860107421875
2020-08-06,128895911.83650568,99.9863341384181,14,127703923.56942242,99.99650567989548,11,2342.610107421875
2020-08-07,131811433.93318537,99.98663641205418,14,130286095.92391461,99.99657493468976,11,2351.669921875
2020-08-10,131575054.51228693,99.98661240387732,14,130624575.61629742,99.99658380985775,11,2386.3798828125
2020-08-11,132815618.44685724,99.98673745068368,14,131093309.45321149,99.99659602469862,11,2418.669921875
2020-08-12,132875233.32674006,99.98674340096699,14,130344162.5518443,99.99657646051179,11,2432.35009765625
2020-08-13,133150222.90480256,99.5625340517171,14,130712393.23168804,99.95009743786504,12,2437.530029296875
2020-08-14,128573440.61671662,99.91519097198591,15,126587692.24735211,98.64594297216411,11,2407.489990234375
2020-08-18,125524986.81300569,99.91313133102834,15,123337181.96671382,90.83667695051182,11,2348.239990234375
2020-08-19,128865504.11574006,91.11645978198362,14,126345669.31437007,82.08046105053953,10,2360.5400390625
2020-08-20,125391005.24855256,90.87030296744236,14,123496403.13434507,80.40980921242267,9,2274.219970703125
2020-08-21,127616558.25267756,90.99715970884876,12,124496731.27484508,80.55402031851943,8,2304.590087890625
2020-08-24,130983049.74095881,91.22854831424812,12,126756435.06000133,80.90068637828605,8,2329.830078125
2020-08-25,132365872.95970881,91.3201834674941,12,128162970.41547008,81.11029341054382,8,2366.72998046875
2020-08-26,133919902.08236507,91.09343653252026,11,129118656.23582163,91.89327941733166,9,2369.320068359375
2020-08-27,134054325.45736507,91.10236761562307,11,129939268.61082163,91.94447622105332,9,2344.449951171875
2020-08-28,135921611.0347088,91.21021169216299,10,132278115.14910288,99.97645983910563,9,2353.800048828125
2020-08-31,135874196.41063505,81.63885721176575,9,133600625.29589663,91.13022273990951,8,2326.169921875
2020-09-01,134558444.2973538,81.45931654784063,9,131720363.05761538,91.00360976332047,8,2349.550048828125
2020-09-02,134674171.00438505,81.47524872121899,9,132513492.70214663,91.05745562946575,8,2364.3701171875
2020-09-03,137398551.15282255,92.28746582375817,10,137674498.47558415,99.97712874774717,9,2395.89990234375
2020-09-04,139439448.40282255,93.09937013840928,10,140260103.50683415,99.90822131267865,9,2368.25
2020-09-07,138840414.08530694,99.99917292960356,11,139855768.16362417,99.9981932729019,10,2384.219970703125
2020-09-08,135944783.8235882,99.99915531296539,11,136060463.83185855,92.88997628876486,9,2401.909912109375
2020-09-09,134688740.5892132,99.99914743581522,11,136390500.20099917,99.99366580513383,10,2375.81005859375
2020-09-10,135816671.8548382,99.99915451619634,11,137446678.171214,99.99371447882436,10,2396.47998046875
2020-09-11,135502019.33530694,99.99915255287793,11,136379865.61887026,99.99895524162955,11,2396.68994140625
2020-09-14,134854046.61655694,99.99914848090064,11,135478550.33273745,99.9989482910334,11,2427.909912109375
2020-09-15,135770087.5657757,91.50766968285463,10,135720557.49142885,91.5043667273546,10,2443.580078125
2020-09-16,134038732.86655694,91.39797574821749,10,133907173.55881168,91.38931803754518,10,2435.919921875
2020-09-17,130369262.63615021,84.31999744946448,9,130923578.37875727,91.10380240553403,9,2406.169921875
2020-09-18,132807686.63224396,71.84956032704068,8,133277986.40610102,78.5476469135709,8,2412.39990234375
2020-09-21,132516249.37742561,72.58377476607623,8,132166317.26495774,79.1678966637173,8,2389.389892578125
2020-09-22,127850624.83055061,82.70436814042132,9,127574070.40558274,78.41800947413341,8,2332.590087890625
2020-09-23,126580027.72273812,71.93840158680702,7,126095100.09652025,70.25623994137243,7,2333.239990234375
2020-09-24,122046214.57430062,70.89596004697168,7,122793191.00277025,69.45643018793353,7,2272.699951171875
2020-09-25,121681283.83777717,39.621520775968435,4,121615656.9771843,47.967019854252,5,2278.7900390625
2020-09-28,124383239.80340217,32.371621759906645,3,125506941.3834343,41.18382510530799,4,2308.080078125
2020-09-29,123377208.88933967,31.82017275413063,3,124614028.8521843,40.76238219003272,4,2327.889892578125
2020-10-05,125460461.49480842,32.952288809325,3,128103128.19984055,42.37581612066271,4,2358.0
2020-10-06,126442172.74715216,23.056783691880696,2,129405594.7271843,42.955803182478455,4,2365.89990234375
2020-10-07,127080189.00496466,23.443083266325353,2,130620506.1412468,43.48637566199934,4,2386.93994140625
2020-10-08,128101628.84090216,24.05352268989775,2,133316529.5006218,44.629235080174354,4,2391.9599609375
2020-10-12,128190319.46590216,34.645058354962764,3,133565699.8209343,55.264484647506606,5,2403.72998046875
2020-10-13,126343094.91058967,44.447164921406355,4,131010392.12976241,65.23789531153336,6,2403.14990234375
2020-10-14,125490093.70746467,44.06955236443824,4,129667958.50476241,64.87800826813664,6,2380.47998046875
2020-10-15,124328924.7295006,33.421091311890095,3,128653103.97826163,54.370399390252366,5,2361.2099609375
2020-10-16,122231236.20215686,32.27848801949493,3,126118380.91966788,53.45333718269342,5,2341.530029296875
2020-10-19,120530441.61121935,20.940343688500086,2,124278766.73904288,42.27971771883662,4,2346.739990234375
2020-10-20,120074118.6285006,0.03861145742067975,1,123805993.28326163,22.153422324180507,3,2358.409912109375
2020-10-21,120078733.4019381,0.04245309654821627,1,125308676.49419913,23.086947029533302,3,2370.860107421875
2020-10-22,119965051.81303185,10.815481938806858,2,124204551.45904288,22.403223073225675,3,2355.050048828125
2020-10-23,120249052.4325631,21.774639385149534,3,124033979.50982413,33.076370639225146,4,2360.81005859375
2020-10-26,121046661.7450631,32.8918792718163,4,122672801.32232413,43.24020077961406,5,2343.909912109375
2020-10-27,120274905.29946935,22.507190375876093,3,122355065.45498037,32.97054308000797,4,2330.840087890625
2020-10-28,121933170.7252506,23.56107625600208,3,123630994.16201162,33.662317896514395,4,2345.260009765625
2020-10-29,123010975.10415685,24.230823054289008,3,124694534.94716787,34.22812321059395,4,2326.669921875
2020-10-30,122528542.3580631,23.932496383623466,3,124191233.60732412,33.96157401263032,4,2267.14990234375
2020-11-02,123109915.62759435,24.29171694727253,3,125446683.90810537,34.62247599254791,4,2300.159912109375
2020-11-03,126756282.94790685,26.469598806697885,3,129142956.54091787,36.49368259384035,4,2343.31005859375
2020-11-04,127200209.1549381,26.726218448442886,3,127773977.27919912,35.813271500999505,4,2357.320068359375
2020-11-05,128661146.29034436,49.01766764902842,5,130158658.32085538,58.201792789333815,6,2413.7900390625
2020-11-06,130004300.4036178,81.38275826775033,8,131369243.95891006,90.33450334779246,9,2416.5
2020-11-09,132947963.6661178,99.98586471883935,10,133593033.05266006,99.91813654171942,10,2447.199951171875
2020-11-10,131102305.33671546,90.35705073798029,10,131037083.48018351,90.20972006697832,10,2452.830078125
2020-11-11,128022954.0999031,79.69811314991635,9,126991645.886121,81.97269399177127,9,2485.8701171875
2020-11-12,131649724.32294999,99.83212396550128,11,128417085.77076468,99.8784622751547,10,2475.6201171875
2020-11-13,130684162.29853593,99.83088361073396,11,127119426.22779593,99.87722159469257,10,2493.8701171875
2020-11-16,130088484.75341874,99.95519700553639,12,126497828.91763967,99.94093748090565,11,2543.030029296875
2020-11-17,129080919.32568437,99.99851175787103,13,127707632.46842092,99.9954385620923,12,2539.14990234375
2020-11-18,130073203.7075203,99.99852311116578,13,128823219.65000002,99.9989146178596,13,2545.639892578125
2020-11-19,130622505.32368632,99.98782350589919,12,130118976.88303852,99.99577388862562,12,2547.419921875
2020-11-20,130315613.46431132,99.99971281902059,13,129100797.52366352,99.9957405585498,12,2553.5
2020-11-23,132652142.79634257,99.99971787741443,13,130156748.01194477,99.99577511503148,12,2602.590087890625
2020-11-24,133499790.64009257,99.99971966873261,13,131683284.43381977,99.99582409194461,12,2617.760009765625
2020-11-25,132312745.08540507,99.99971715373691,13,131115284.36663227,99.97011044664123,12,2601.5400390625
2020-11-26,132558732.83540507,99.99971767861155,13,131272365.58289008,99.99267415990373,13,2625.909912109375
2020-11-27,134563250.5111863,99.99972188420418,13,132954967.29871039,99.99276687152907,13,2633.449951171875
2020-11-30,134274125.5814988,99.99972128535306,13,131945135.7723432,99.99271151335977,13,2591.340087890625
2020-12-01,136863294.4408738,99.99972655805446,13,133955075.17664008,99.99282087402771,13,2634.25
2020-12-02,137810494.06978005,99.9997284374767,13,134242017.05554634,99.99283621938633,13,2675.89990234375
2020-12-03,138178008.46821755,99.99972915975617,13,134128551.30189008,92.80345604727546,12,2696.219970703125
2020-12-04,139606187.75728005,99.99973193046736,13,135307907.07698774,99.9966044864812,13,2731.449951171875
2020-12-07,140956035.54058865,99.99740086146338,13,139619105.2094643,99.92028579464208,14,2745.43994140625
2020-12-08,137620225.09185818,99.99733786030579,13,133796437.85437836,99.96006841525164,15,2700.929931640625
2020-12-09,139701128.22027615,99.99737751392125,13,135093035.91687837,99.96045167124306,15,2755.469970703125
2020-12-10,143555050.39801052,99.99744791797343,13,137975636.22000337,97.94189487668372,15,2746.4599609375
2020-12-11,144283542.27008083,99.99746080351107,13,141250192.04517522,99.96543266158649,16,2770.06005859375
2020-12-14,144362039.66998318,99.99746218420867,13,142115022.51158148,99.99264691958014,17,2762.199951171875
2020-12-15,146307777.33334255,99.99921835143677,14,140907224.10837835,99.9997376203411,18,2756.820068359375
2020-12-16,152630654.5481863,99.9992507320087,14,148149235.67380804,99.9997504463035,18,2771.7900390625
2020-12-17,154597616.09652615,99.9992602650233,14,148395074.91013616,99.99975085972753,18,2770.429931640625
2020-12-18,151564569.3006277,99.9992454617562,14,146096660.20212835,99.99974694021515,18,2772.179931640625
2020-12-21,152286810.28939724,99.99924904025683,14,147552884.1308393,99.99974943770421,18,2778.64990234375
2020-12-22,147372577.71566677,99.99922399902536,14,142625834.35768306,99.97481699296922,17,2733.679931640625
2020-12-23,147732954.98178005,99.99922589198898,14,142837203.53869337,90.68837736452814,15,2759.820068359375
2020-12-24,147332142.86508083,99.99922378605429,14,142113899.84826368,90.64098487847775,15,2806.860107421875
2020-12-28,147006054.5975027,99.99922206425948,14,141352731.97912306,99.95185846383639,16,2808.60009765625
2020-12-29,153840408.41439724,99.99925662402276,14,146362521.44098243,99.99518943994082,17,2820.510009765625
2020-12-30,156170033.59408474,99.99926771313734,14,149918627.0124707,99.99765818221897,17,2873.469970703125
2021-01-04,168040699.13864568,99.99793033190338,13,157942820.70633945,99.99186546789085,16,2944.449951171875
2021-01-05,166564685.47555974,99.9979119915308,13,157134636.0649332,99.99858292893265,17,2990.570068359375
2021-01-06,163579692.9530988,99.99787388967626,13,154572776.22508946,99.99855944266588,17,2968.2099609375
2021-01-07,165523824.49948552,99.99789886153854,13,155927524.07469884,99.9985719586855,17,3031.679931640625
2021-01-08,166999811.86764959,99.99791743194167,13,157897537.53448007,99.9923589730069,16,3152.179931640625
2021-01-11,166077127.51999334,99.99790586169729,13,156868202.95635507,99.99230883427165,16,3148.449951171875
2021-01-12,164520965.52048162,99.99788605377532,13,155954681.35018125,99.99896094578062,17,3125.949951171875
2021-01-13,165612068.10348943,99.99789998109482,13,156745001.35799375,99.99896618476963,17,3148.2900390625
2021-01-14,167510354.59518865,99.99792377925064,13,159160856.1636578,99.99898187674034,17,3149.929931640625
2021-01-15,165967666.541966,99.99790448054618,13,158569257.4478375,99.99897807827132,17,3085.89990234375
2021-01-18,160573109.63210273,91.63037550315488,12,154024622.7959982,93.36302850537761,15,3013.929931640625
2021-01-19,168008659.41655976,94.00990196647417,12,161043318.83284193,95.28127666521769,15,3092.659912109375
2021-01-20,170347760.6100949,99.99811431400511,13,163292440.73698255,99.99855760324083,16,3114.550048828125
2021-01-21,171850700.1203488,99.99813080548279,13,164535921.75846693,99.99856850416128,16,3160.840087890625
2021-01-22,170462167.58763397,99.99811557959758,13,163925309.37760755,99.99856317192133,16,3140.6298828125
2021-01-25,174537110.5265988,99.99815957543083,13,168667908.96549818,99.9986035726134,16,3208.989990234375
2021-01-26,175093129.92890584,94.67581313427338,12,169541635.1143763,95.8480956527732,15,3140.31005859375
2021-01-27,173066595.81464803,95.00609959664271,12,168027010.2315638,96.11397446775102,15,3122.56005859375
2021-01-28,167445201.080024,99.95586042300121,12,161783279.5440638,99.99594981713089,16,3069.050048828125
2021-01-29,161856935.939399,99.95433646199186,12,156907472.68398952,93.77358768674412,13,2976.2099609375
2021-02-01,164559532.8003365,79.79152958351526,10,160705823.34727076,93.91246110697914,12,3056.530029296875
2021-02-02,166482876.542524,80.02499404497775,10,162728071.694927,93.98811194791568,12,3096.81005859375
2021-02-03,173437636.183149,80.8259814678606,10,169986538.9371145,94.2448210541932,12,3129.679931640625
2021-02-04,175631276.2378365,91.61482919276945,11,172005883.1558645,99.99679458660754,13,3087.550048828125
2021-02-05,174854212.276899,91.57756492583668,11,172006725.13633326,99.99679460229818,13,3120.6298828125
2021-02-08,168803443.383149,99.97703559673631,12,166718566.42539576,99.9966929300481,13,3091.239990234375
2021-02-09,166514343.195649,99.97671990129045,12,165163085.8589895,99.9966617845714,13,3084.669921875
2021-02-10,172019957.305024,99.9774649964639,12,168084289.2558645,99.9781948094157,12,3100.580078125
2021-02-15,171157796.3753365,99.97735148250186,12,169395125.951177,99.97836354534483,12,3147.0
2021-02-16,169497570.22723496,99.9989042796189,13,167764504.2247825,99.98915303467854,13,3163.25
2021-02-17,168560786.9420787,99.99889819010924,13,166718784.05486062,99.98908499861119,13,3133.72998046875
2021-02-18,167409587.2780162,99.99889061346326,13,165158144.41189185,99.99856758042215,14,3086.659912109375
2021-02-19,167131378.0686412,88.53819561545474,11,164567027.72439185,85.84819870685246,12,3107.6201171875
2021-02-22,166036788.54129744,88.4626342223803,11,163583736.68337622,85.763133163615,12,3079.75
2021-02-23,161588742.97098494,88.14504570849829,11,158662129.61696997,85.32151382701217,12,3070.090087890625
2021-02-24,154739423.03165674,61.48906336269236,8,153612024.67446214,63.62719912548717,9,2994.97998046875
2021-02-25,156613514.34415674,37.7176691519048,5,156119376.5611809,40.08366487583795,6,3099.68994140625
2021-02-26,155659310.22159424,47.64788877351121,6,154483373.76982728,39.713739739662984,6,3012.949951171875
2021-03-02,155608935.22159424,47.630940918946955,6,154126298.76982728,39.57407041292071,6,3043.8701171875
2021-03-03,157371735.22159424,48.21755310326386,6,154115898.76982728,39.56999276958397,6,3082.989990234375
2021-03-04,156771610.22159424,48.01932881444028,6,153697623.76982728,39.405537648845375,6,3043.489990234375
2021-03-05,156226621.66759425,39.129166557840314,5,153153073.76982728,39.19008840149359,6,3026.260009765625
2021-03-08,155293746.66759425,38.76350548026387,5,151762548.76982728,38.63291732726658,6,2996.110107421875
2021-03-09,153106262.74759424,22.768010514023043,3,150852264.8498273,24.23924495691247,4,2976.1201171875
2021-03-10,154758812.74759424,23.59271136277671,3,150856814.8498273,24.24152998086574,4,2958.1201171875
2021-03-11,154586487.74759424,23.507536479730607,3,151869989.8498273,24.74693982475613,4,3013.699951171875
2021-03-12,156052262.74759424,24.226018472508702,3,153404314.8498273,25.499608689816483,4,3054.389892578125
2021-03-15,156194612.74759424,24.29507608007081,3,153508114.8498273,25.549984792901082,4,3045.7099609375
2021-03-16,157058887.74759424,24.71167060750722,3,154013189.8498273,25.794138176565106,4,3067.169921875
2021-03-17,156851396.95090675,35.35308307226519,4,153262152.65307727,36.21564844641737,5,3047.5
2021-03-18,155755791.80409425,35.70549833947692,4,151142558.87082726,36.13371510513787,5,3066.010009765625
2021-03-19,156524024.84003174,46.52117754230165,5,151096356.46457726,46.663292132579926,6,3039.530029296875
2021-03-22,158120340.86684674,26.385109449727683,3,150772146.55503726,25.40218858396324,4,3035.4599609375
2021-03-23,159449790.86684674,26.99889085207387,3,149982846.55503726,25.009610006458573,4,3004.739990234375
2021-03-24,160330365.86684674,27.399831443336048,3,150432571.55503726,25.23379718076016,4,2996.35009765625
2021-03-25,161302915.86684674,27.837562488372264,3,152239771.55503726,26.12132795116783,4,3008.330078125
2021-03-26,166102215.86684674,29.92259900966217,3,153289221.55503726,26.627116757419998,4,3041.010009765625
2021-03-29,165638536.11459967,84.19150638325583,8,155217244.23638785,59.95151840184254,7,3036.0400390625
2021-03-30,160792292.18839264,99.97267043719297,10,152300038.51259488,99.99592288888779,11,3070.0
2021-03-31,164037328.97452545,99.97321107899208,10,153985902.78700894,99.99596752580482,11,3061.419921875
2021-04-01,160174252.49515,95.36097040696936,10,152338152.33702308,82.58740566780884,9,3087.39990234375
2021-04-02,160651331.785775,99.98961547751881,11,151531217.84902307,72.26531563055596,8,3112.800048828125
2021-04-05,163385096.20684922,89.7145580693662,10,153269083.23064417,73.15409484789396,8,3120.830078125
2021-04-06,164519873.84645078,99.99002238451085,11,153267857.64118323,94.61564364512589,10,3127.080078125
2021-04-07,165032723.23951718,99.99005339056801,11,150897110.67931214,99.95201858366423,11,3137.409912109375
2021-04-08,167226375.1573164,99.96841030005062,10,151721229.2728551,99.99259612259539,12,3143.260009765625
2021-04-09,166871023.1099531,99.99776575340708,11,153702058.83877307,99.99725491392633,13,3131.8798828125
2021-04-12,167791160.9488203,99.99777800563074,11,154811892.34951526,99.99727459321885,13,3135.590087890625
2021-04-13,167178021.7193281,99.99776985628249,11,154737080.88369495,99.99727327555358,13,3169.080078125
2021-04-14,169436405.5425703,99.99779958142025,11,158371856.15224963,99.99733585631017,13,3182.3798828125
2021-04-15,169704773.7144453,99.99780306112385,11,159175032.954984,99.99734929923757,13,3194.330078125
2021-04-16,171841958.85555857,99.99783038428261,11,159807966.62539417,99.99735979757378,13,3198.6201171875
2021-04-19,174774803.85555857,99.99786679197106,11,159848473.6117223,99.99736046662392,13,3198.840087890625
2021-04-20,177399271.23885936,99.99789835092197,11,163410167.63174182,99.9974179979904,13,3220.699951171875
2021-04-21,176502215.3418867,99.99788766948834,11,161730239.0860348,90.57505959061656,12,3171.659912109375
2021-04-22,183133583.02206248,99.99796415813698,11,166708110.4380856,99.99906623750455,13,3177.52001953125
2021-04-23,181677410.8526289,99.9979478405538,11,162369844.503027,99.99904128884467,13,3181.080078125
2021-04-26,187522738.8780195,99.99801180903674,11,163061664.237402,99.9990453563568,13,3217.530029296875
2021-04-27,191006735.24178904,99.99804807398876,11,166165952.26718715,99.99906319086979,13,3215.419921875
2021-04-28,191439754.5030195,99.99805248906733,11,163498423.06451136,91.36414044052215,12,3181.469970703125
2021-04-29,191177566.23934764,99.99804981817597,11,160611270.42888635,99.95280814298337,13,3174.070068359375
2021-04-30,190056201.00692576,99.99803831175797,11,164667863.16443324,99.99933366409674,13,3147.860107421875
2021-05-03,188586913.24862498,99.99802302817083,11,171229737.5272262,99.99935919945376,13,3127.199951171875
2021-05-04,188259200.6050703,99.9980195867525,11,170247455.69226527,99.99935550220769,13,3147.3701171875
2021-05-06,198449988.86190623,99.9981212847782,11,173973833.23425746,99.99936930682448,13,3160.429931640625
2021-05-07,201924409.48104686,99.99815361096857,11,173991764.74206996,99.99936937182342,13,3197.199951171875
2021-05-10,205769021.35702342,99.99818810911194,11,174692944.89343715,99.99937190303017,13,3249.300048828125
2021-05-11,209814468.96346873,99.99822304430822,11,176877993.13269496,99.9993796621762,13,3209.429931640625
2021-05-12,208805395.27298436,99.99572948629428,11,175719149.2657262,99.98625938726803,13,3161.659912109375
2021-05-13,200694585.74466404,99.99555689906117,11,171903477.16123402,99.98595439243275,13,3122.110107421875
2021-05-14,198765626.84413671,92.61720578350779,10,169746520.55351916,91.53392429433302,12,3153.320068359375
2021-05-17,197043432.51845312,92.55267886096678,10,170507498.89971057,91.5717085579625,12,3134.52001953125
2021-05-18,201490009.9251914,92.71702988725261,10,175149264.80840197,91.79507321739719,12,3173.050048828125
2021-05-20,202320623.05360937,92.7469296102676,10,175055212.55400744,91.79066494043252,12,3162.280029296875
2021-05-21,199345569.33876562,92.63868404414556,10,168159919.38994494,91.45404624958698,12,3156.419921875
2021-05-24,201880586.9198203,92.73112019985776,10,167625933.523734,91.42682242794983,12,3144.300048828125
2021-05-25,202693145.8211875,92.76025977910027,10,167095759.55205432,91.39962080646359,12,3171.320068359375
2021-05-26,202679207.51308203,99.99163668378645,11,170067212.06699574,99.99806480170015,13,3168.429931640625
2021-05-27,205253258.71034765,99.99174156691595,11,170881865.20566761,92.94913352959064,12,3165.510009765625
2021-05-28,205430332.2791953,99.99174868538869,11,172892386.75889027,99.95908198207988,13,3188.72998046875
2021-05-31,207596299.07255077,99.9984350550189,11,176878798.64178088,99.99935716089972,14,3203.919921875
2021-06-01,208730067.14579296,99.9984435553978,11,175941768.23846057,99.99935373726822,14,3221.8701171875
2021-06-02,211651767.7727461,99.99846504099756,11,179509662.92400745,99.99936658224452,14,3224.22998046875
2021-06-03,212867468.09891796,99.99847380725092,11,180763292.84002307,99.99576666831555,14,3247.429931640625
2021-06-04,220139527.0871992,99.99852422329317,11,192152833.3654137,99.99601759203046,14,3240.080078125
2021-06-07,228120483.68534374,99.99857585438589,11,209384356.72984925,99.99901514178941,15,3252.1201171875
2021-06-08,218992522.3979414,91.58953871292711,10,193734557.22363284,91.23994165633621,14,3247.830078125
2021-06-09,213886933.02147657,99.99126509618921,11,190060486.51025394,99.94654951879045,15,3216.179931640625
2021-06-10,210787338.4268672,99.99782022113018,12,184384579.01156253,99.99838847443486,16,3224.639892578125
2021-06-11,212199976.0201289,99.99783473214774,12,183290947.9977532,99.99555378508269,15,3249.320068359375
2021-06-14,212107468.20469922,99.99783378779532,12,181599791.93904227,99.99989337571927,16,3252.1298828125
2021-06-15,211300477.1240953,99.99164964201529,11,181431519.72930712,99.94954505787719,15,3258.6298828125
2021-06-16,212970656.93783554,99.9530114743229,11,185147484.06543016,99.98708674465442,15,3278.679931640625
2021-06-17,211637844.72033554,99.99177864816998,12,182321771.3840239,99.99931805874095,16,3264.9599609375
2021-06-18,214888812.68635115,99.96353519253034,12,185302004.0949614,99.96735122877986,16,3267.929931640625
2021-06-21,212119973.11017928,99.96305921094041,12,183994045.40160203,99.96711913842036,16,3240.7900390625
2021-06-22,219923542.63635117,99.98699969022088,12,192023675.44261765,99.99057924636554,15,3263.8798828125
2021-06-23,216395400.4768199,99.99781737420966,13,187806300.6767583,99.99884012550407,16,3276.18994140625
2021-06-24,214575581.63502303,99.99779886332642,13,185013604.6240239,99.9988226177271,16,3286.10009765625
2021-06-25,217474252.69760427,99.9231728502122,13,188501073.7012864,99.98760644694242,15,3302.840087890625
2021-06-28,216177932.55151054,99.98931811883047,14,184970208.50206766,99.98736986849262,15,3301.889892578125
2021-06-29,214949052.48807302,89.74966226887999,13,186456464.2962864,99.96979941092641,14,3286.679931640625
2021-06-30,215009318.67986992,99.99775106032631,14,186559693.19511455,99.99624112236506,15,3296.679931640625
2021-07-01,213049635.89533615,93.72182249958719,12,185411692.19066143,99.99192790357152,14,3282.06005859375
2021-07-02,210654662.16469163,90.30038197460547,12,185630234.27631766,99.96733770292342,13,3281.780029296875
2021-07-05,209238875.8939885,99.99604266529106,13,183612191.3286614,99.99640642130811,14,3293.2099609375
2021-07-06,210326107.27484787,99.99606312180278,13,188189400.0630364,99.99649382559215,14,3305.2099609375
2021-07-07,210538393.59125412,99.99606709136556,13,187188608.19194266,99.99647508005587,14,3285.340087890625
2021-07-08,205872648.19106662,99.90680336783626,12,182700401.55834892,91.20397045572398,13,3252.679931640625
2021-07-09,207685021.38526973,90.7982062653384,11,186072422.14847392,91.33647476506744,12,3217.949951171875
2021-07-12,206045696.76222286,90.72499567524859,11,184846305.62503642,91.27900815027171,12,3246.469970703125
2021-07-13,206071062.3755041,90.72613735021339,11,184381365.22659892,91.25701709157443,12,3271.3798828125
2021-07-14,207064770.16066036,90.77064279412068,11,184268364.1152708,91.25165552671916,12,3264.81005859375
2021-07-15,208319185.42823848,90.82621831187815,11,187114991.5762083,91.3847462930207,12,3286.219970703125
2021-07-16,206292035.8885666,99.93681323707001,12,183260507.7240833,99.94761727429685,13,3276.909912109375
2021-07-19,207136737.93650413,99.94160121093658,12,182278645.26111454,99.95101233391581,13,3244.0400390625
2021-07-20,205530292.6300585,84.32812776632535,10,183658984.2220758,81.16659847623416,10,3232.699951171875
2021-07-21,202519187.8800585,84.09511454215541,10,179479240.7923883,80.7280029822367,10,3215.909912109375
2021-07-22,203466122.778496,84.16913615759692,10,179300193.0658258,80.70875812146244,10,3250.2099609375
2021-07-23,203425323.53240225,84.1659610990616,10,177501597.4408258,80.51328301732924,10,3254.419921875
2021-07-26,202413658.95754677,69.79773557037046,9,176339319.4430133,64.21564494362565,9,3224.949951171875
2021-07-27,203303117.74270302,69.92987161297924,9,175934289.92566955,59.41622656103343,7,3232.530029296875
2021-07-28,202604018.48489052,58.42963177636684,8,175717292.26160705,49.92153902879432,6,3236.860107421875
2021-07-29,203098456.55129677,58.53083378859926,8,175060947.2811383,49.73378301011321,6,3242.64990234375
2021-07-30,202394526.02785927,49.83927158876206,7,174749760.5389508,30.33872707496233,5,3202.320068359375
2021-08-02,201621308.23879677,49.64690517740059,7,174246282.7186383,30.137443550830422,5,3223.0400390625
2021-08-03,200971839.6330155,28.94157529690719,5,174088752.31223205,12.348308401216164,2,3237.139892578125
2021-08-04,201119381.56660926,28.993704024119626,5,174421387.2927008,12.515466908412801,2,3280.3798828125
2021-08-05,201923145.350203,50.45200154418743,7,174959206.32316953,23.48343599729753,3,3276.1298828125
2021-08-06,201403084.44785926,61.120020999321355,8,174374475.99895078,33.91488494819525,4,3270.360107421875
2021-08-09,204570308.36817175,83.07276514550418,10,174765161.97551328,44.929719403474024,5,3260.419921875
2021-08-10,202661768.7236405,99.99692046502601,12,174220774.81535703,44.75764145413231,5,3243.18994140625
2021-08-11,198490312.99892175,59.50902068581889,8,173237251.2442633,34.414541290148335,4,3220.6201171875
2021-08-12,200099315.95785925,53.998022239899946,7,174171876.9239508,34.76648016229517,4,3208.3798828125
2021-08-13,198409993.032078,53.60634743323407,7,173762964.35754454,34.61296755325806,4,3171.2900390625
2021-08-17,193286870.61820298,34.536146491302155,5,170720053.22216955,23.291034862515925,3,3143.090087890625
2021-08-18,193792879.252578,23.249843437646263,3,170549617.64404455,11.25649051598834,2,3158.929931640625
2021-08-19,193283979.252578,23.04776691363419,3,170141617.64404455,11.043683371147232,2,3097.830078125
2021-08-20,192377825.89085925,22.41875593410672,2,170016739.7729508,10.978344655349082,2,3060.510009765625
2021-08-23,193245067.105703,22.766923436441942,2,170641626.65966955,11.304340522522892,2,3090.2099609375
2021-08-24,190999038.949453,21.858711198779996,2,169960314.37841955,10.948790214696173,2,3138.300048828125
2021-08-25,191213452.68773425,21.94633351619793,2,170104610.0073258,11.02433020341417,2,3146.81005859375
2021-08-26,190162834.715078,21.515100015906107,2,169835879.95654455,10.88354466228558,2,3128.530029296875
2021-08-27,190000385.71117175,21.44799597410969,2,169834845.2495133,10.883001726453994,2,3133.89990234375
2021-08-30,189828352.2853905,21.37680760739912,2,169786106.18310705,10.857419660910328,2,3144.18994140625
2021-08-31,191434176.2072655,22.036329358737408,2,170510984.04248205,11.23638341610902,2,3199.27001953125
2021-09-01,192256169.41742176,54.12936047759656,5,171493867.8807633,43.4691602056035,5,3207.02001953125
2021-09-02,190550672.655703,64.83412391090226,6,170683177.00966954,54.21988149162377,6,3175.85009765625
2021-09-03,190629307.361953,65.07019872520584,6,170616566.84091955,44.09655681454442,5,3201.06005859375
2021-09-06,195066814.4322655,65.86480461741068,6,174213716.56748205,45.250846266205194,5,3203.330078125
2021-09-07,199436455.59476548,87.7034613556929,8,175946320.37998205,45.789979976335985,5,3187.419921875
2021-09-08,199325070.53304675,99.99978325202866,10,176929878.20888832,99.35084581501134,10,3162.989990234375
2021-09-09,199764398.00960925,99.99978372870689,10,176493869.46670082,99.34924215081305,10,3114.699951171875
2021-09-10,205953070.9353905,99.99979022743153,10,178216332.03310707,99.3555317316962,10,3125.760009765625
2021-09-13,209244468.9041405,99.99979352713646,10,179020674.37685707,99.35842733645919,10,3127.860107421875
2021-09-14,209739100.21273425,99.99979401406495,10,177969896.23232582,99.3546393332786,10,3148.830078125
2021-09-15,207816908.59554675,99.99979210880882,10,175960535.84138831,99.99634689172912,11,3153.39990234375
2021-09-16,212321726.88460925,99.99979651962468,10,178024340.16170081,99.99638924155963,11,3130.090087890625
2021-09-17,214299281.83773425,99.9997983973427,10,179785062.67732581,99.99642460347229,11,3140.510009765625
2021-09-23,210483497.29085925,99.99979474255592,10,176267268.9969508,90.04261231664516,10,3127.580078125
2021-09-24,210288054.7635155,99.99979455178885,10,176716932.54773206,90.06794930183189,10,3125.239990234375
2021-09-27,210214608.9978905,99.9997944800084,10,177789776.96960706,90.12788269828994,10,3133.639892578125
2021-09-28,212108864.26742175,99.99979631542122,10,175877825.7547633,79.85545523954218,9,3097.919921875
2021-09-29,213489299.48773426,82.07303116602074,8,176150918.6913258,60.473013107074436,7,3060.27001953125
2021-09-30,208287730.796328,81.62534104302533,8,174037220.54679456,59.99295419443498,7,3068.820068359375
2021-10-01,203656684.62835926,81.20751093788682,8,170274241.1444508,59.10881759043009,7,3019.179931640625
2021-10-05,203828406.155703,81.22334324990456,8,170646784.59366956,59.19808819798222,7,2962.169921875
2021-10-06,196687246.56585926,80.54161576244772,8,167544053.8319508,58.4424818724242,7,2908.31005859375
2021-10-07,198603248.73631236,60.27650643265242,6,167635971.05596644,47.85180023994913,5,2959.4599609375
2021-10-08,197935898.73631236,60.14257684432906,6,166201686.57596642,36.865089195105675,4,2956.300048828125
2021-10-12,199176848.73631236,60.390904245725544,6,166240436.57596642,36.87980569756488,4,2916.3798828125
2021-10-13,199261298.73631236,60.407691189089164,6,168208166.57596642,37.61819731351914,4,2944.409912109375
2021-10-14,200112748.73631236,60.5761505778584,6,169070956.57596642,37.93653936723365,4,2988.639892578125
2021-10-15,200643598.73631236,60.680455677037,6,168444936.57596642,37.70588258160921,4,3015.06005859375
2021-10-18,201387948.73631236,60.825784645331524,6,168957196.57596642,37.89475162794425,4,3006.679931640625
2021-10-19,199726298.73631236,60.49986945361196,6,168840926.57596642,37.85198369617168,4,3029.0400390625
2021-10-20,199698398.73631236,60.494350863331725,6,168479846.57596642,37.71879028352889,4,3013.1298828125
2021-10-21,198766348.73631236,60.30910199946755,6,167068976.57596642,37.19283572180496,4,3007.330078125
2021-10-22,196157498.73631236,59.781222107463606,6,166720116.57596642,37.06141242520412,4,3006.159912109375
2021-10-25,196281598.73631236,59.806650626329336,6,166759306.57596642,37.076203583177254,4,3020.5400390625
2021-10-26,197911448.73631236,60.1376528543205,6,167224496.57596642,37.25124684211656,4,3049.080078125
2021-10-27,195891448.73631236,59.7265989683356,6,166538276.57596642,36.99269096969307,4,3025.489990234375
2021-10-28,195065983.53631234,36.849069579893836,4,165494920.17596644,25.277494895625857,3,3009.550048828125
2021-10-29,194687073.83631235,26.43287969044486,3,166100490.17596644,25.549918579433882,3,2970.679931640625
2021-11-01,194306173.83631235,26.288665455906358,3,165749830.17596644,25.39241214022233,3,2978.93994140625
2021-11-02,194765273.83631235,26.46241754745033,3,165805110.17596644,25.417286569318705,3,3013.489990234375
2021-11-03,195809123.83631235,26.854443230110874,3,167650370.17596644,26.238188411889336,3,2975.7099609375
2021-11-04,195927973.83631235,26.898813358846873,3,167699400.17596644,26.25975403238869,3,2983.219970703125
2021-11-05,195582073.83631235,26.76952901308246,3,167067200.17596644,25.980713122792903,3,2969.27001953125
2021-11-08,195426073.83631235,26.71107236372293,3,167691898.57596645,25.57156926729778,2,2960.199951171875
2021-11-09,195451573.83631235,26.720634157562923,3,168270498.57596645,25.827492262631985,2,2962.4599609375
2021-11-10,195089673.83631235,26.584697682931115,3,167583548.57596645,25.523448073192423,2,2930.169921875
2021-11-11,194720273.83631235,26.445422957492287,3,168464548.57596645,25.912929675120854,2,2924.919921875
2021-11-12,195010133.83631235,14.5051692666101,2,171531398.57596645,27.237549736008592,2,2968.800048828125
2021-11-15,195081433.83631235,14.53641663501116,2,171594898.57596645,27.264476035275692,2,2999.52001953125
2021-11-16,194989433.83631235,14.496093169709038,2,171210348.57596645,27.101107138633186,2,2997.2099609375
2021-11-17,195021633.83631235,14.510210710136612,2,171411948.57596645,27.186844550306898,2,2962.419921875
2021-11-18,194994572.03631234,1.981593620606238,1,170739387.57596645,14.168962618093229,1,2947.3798828125
2021-11-19,194962372.03631234,1.9654048932510504,1,170537787.57596645,14.067498084149484,1,2971.02001953125
2021-11-22,194865772.03631234,1.9168066105031327,1,169932987.57596645,13.761660012918773,1,3013.25
2021-11-23,194857722.03631234,1.9127545785973181,1,169882587.57596645,13.73607521110143,1,2997.330078125
2021-11-24,195107272.03631234,2.038212086354156,1,171444987.57596645,14.522209340747272,1,2994.2900390625
2021-11-25,195219972.03631234,2.0947651807056613,1,172150587.57596645,14.87256033250647,1,2980.27001953125
2021-11-26,195171672.03631234,2.0705361376666076,1,171848187.57596645,14.722762198941226,1,2936.43994140625
2021-11-29,195042872.03631234,2.0058666892844066,1,171041787.57596645,14.320710948557567,1,2909.320068359375
2021-11-30,194986522.03631234,1.9775469400299914,1,170688987.57596645,14.143618954477422,1,2839.010009765625
2021-12-01,194962372.03631234,1.9654048932510504,1,170537787.57596645,14.067498084149484,1,2899.719970703125
2021-12-02,194777222.03631234,1.8722158381128131,1,169378587.57596645,13.479389766289193,1,2945.27001953125
2021-12-03,194841622.03631234,1.9046495103127286,1,169781787.57596645,13.68486003812635,1,2968.330078125
2021-12-06,194777222.03631234,1.8722158381128131,1,169378587.57596645,13.479389766289193,1,2973.25
2021-12-07,194648422.03631234,1.8072841090608651,1,168572187.57596645,13.065500493712584,1,2991.719970703125
2021-12-08,194681555.83631235,0.0,0,168779633.97596645,0.0,0,3001.800048828125
2021-12-09,194681555.83631235,0.0,0,168779633.97596645,0.0,0,3029.570068359375
2021-12-10,194681555.83631235,0.0,0,168779633.97596645,0.0,0,3010.22998046875
2021-12-13,194681555.83631235,0.0,0,168779633.97596645,0.0,0,3001.659912109375
2021-12-14,194681555.83631235,0.0,0,168779633.97596645,0.0,0,2987.949951171875
2021-12-15,194681555.83631235,0.0,0,168779633.97596645,0.0,0,2989.389892578125
2021-12-16,194681555.83631235,0.0,0,168779633.97596645,0.0,0,3006.409912109375
2021-12-17,194681555.83631235,0.0,0,168779633.97596645,0.0,0,3017.72998046875
2021-12-20,194681555.83631235,0.0,0,168779633.97596645,0.0,0,2963.0
2021-12-21,194681555.83631235,0.0,0,168779633.97596645,0.0,0,2975.030029296875
2021-12-22,194681555.83631235,0.0,0,168779633.97596645,0.0,0,2984.47998046875
2021-12-23,194681555.83631235,0.0,0,168779633.97596645,0.0,0,2998.169921875
2021-12-24,194681555.83631235,0.0,0,168779633.97596645,0.0,0,3012.429931640625
2021-12-27,194681555.83631235,0.0,0,168779633.97596645,0.0,0,2999.550048828125
2021-12-28,194681555.83631235,0.0,0,168779633.97596645,0.0,0,3020.239990234375
2021-12-29,194681555.83631235,0.0,0,168779633.97596645,0.0,0,2993.2900390625
2021-12-30,194681555.83631235,0.0,0,168779633.97596645,0.0,0,2977.64990234375
2022-01-04,194681555.83631235,0.0,0,168779633.97596645,0.0,0,2989.239990234375
2022-01-05,194681555.83631235,0.0,0,168779633.97596645,0.0,0,2953.969970703125
2022-01-06,194681555.83631235,0.0,0,168779633.97596645,0.0,0,2920.530029296875
2022-01-07,194681555.83631235,0.0,0,168779633.97596645,0.0,0,2954.889892578125
2022-01-10,194681555.83631235,0.0,0,168779633.97596645,0.0,0,2926.719970703125
2022-01-11,194681555.83631235,0.0,0,168779633.97596645,0.0,0,2927.3798828125
2022-01-12,194681555.83631235,0.0,0,168779633.97596645,0.0,0,2972.47998046875
2022-01-13,194681555.83631235,0.0,0,168779633.97596645,0.0,0,2962.090087890625
2022-01-14,194681555.83631235,0.0,0,168779633.97596645,0.0,0,2921.919921875
2022-01-17,194681555.83631235,0.0,0,168779633.97596645,0.0,0,2890.10009765625
2022-01-18,194681555.83631235,0.0,0,168779633.97596645,0.0,0,2864.239990234375
2022-01-19,194681555.83631235,0.0,0,168779633.97596645,0.0,0,2842.280029296875
2022-01-20,194681555.83631235,0.0,0,168779633.97596645,0.0,0,2862.679931640625
2022-01-21,194681555.83631235,0.0,0,168779633.97596645,0.0,0,2834.2900390625
2022-01-24,194681555.83631235,0.0,0,168779633.97596645,0.0,0,2792.0
2022-01-25,194681555.83631235,0.0,0,168779633.97596645,0.0,0,2720.389892578125
2022-01-26,194681555.83631235,0.0,0,168779633.97596645,0.0,0,2709.239990234375
2022-01-27,194681555.83631235,0.0,0,168779633.97596645,0.0,0,2614.489990234375
2022-01-28,194681555.83631235,0.0,0,168779633.97596645,0.0,0,2663.340087890625
2022-02-03,194681555.83631235,0.0,0,168779633.97596645,0.0,0,2707.820068359375
2022-02-04,194681555.83631235,0.0,0,168779633.97596645,0.0,0,2750.260009765625
2022-02-07,194681555.83631235,0.0,0,168779633.97596645,0.0,0,2745.06005859375
2022-02-08,194681555.83631235,0.0,0,168779633.97596645,0.0,0,2746.469970703125
2022-02-09,194681555.83631235,0.0,0,168779633.97596645,0.0,0,2768.85009765625
2022-02-10,194681555.83631235,0.0,0,168779633.97596645,0.0,0,2771.929931640625
2022-02-11,194681555.83631235,0.0,0,168779633.97596645,0.0,0,2747.7099609375
2022-02-14,194681555.83631235,0.0,0,168779633.97596645,0.0,0,2704.47998046875
2022-02-15,194681555.83631235,0.0,0,168779633.97596645,0.0,0,2676.5400390625
2022-02-16,194681555.83631235,0.0,0,168779633.97596645,0.0,0,2729.679931640625
2022-02-17,194681555.83631235,0.0,0,168779633.97596645,0.0,0,2744.090087890625
2022-02-18,194681555.83631235,0.0,0,168779633.97596645,0.0,0,2744.52001953125
2022-02-21,194681555.83631235,0.0,0,168779633.97596645,0.0,0,2743.800048828125
2022-02-22,194681555.83631235,0.0,0,168779633.97596645,0.0,0,2706.7900390625
2022-02-23,194681555.83631235,0.0,0,168779633.97596645,0.0,0,2719.530029296875
2022-02-24,194681555.83631235,0.0,0,168779633.97596645,0.0,0,2648.800048828125
2022-02-25,194681555.83631235,0.0,0,168779633.97596645,0.0,0,2676.760009765625
2022-02-28,194681555.83631235,0.0,0,168779633.97596645,0.0,0,2699.179931640625
2022-03-02,194681555.83631235,0.0,0,168779633.97596645,0.0,0,2703.52001953125
2022-03-03,194681555.83631235,0.0,0,168779633.97596645,0.0,0,2747.080078125
2022-03-04,194681555.83631235,0.0,0,168779633.97596645,0.0,0,2713.429931640625
2022-03-07,194681555.83631235,0.0,0,168779633.97596645,0.0,0,2651.31005859375
2022-03-08,194681555.83631235,0.0,0,168779633.97596645,0.0,0,2622.39990234375
2022-03-10,194681555.83631235,0.0,0,168779633.97596645,0.0,0,2680.320068359375
2022-03-11,194681555.83631235,0.0,0,168779633.97596645,0.0,0,2661.280029296875
2022-03-14,194681555.83631235,0.0,0,168779633.97596645,0.0,0,2645.64990234375
2022-03-15,194681555.83631235,0.0,0,168779633.97596645,0.0,0,2621.530029296875
2022-03-16,194681555.83631235,0.0,0,168779633.97596645,0.0,0,2659.22998046875
2022-03-17,194681555.83631235,0.0,0,168779633.97596645,0.0,0,2694.510009765625
2022-03-18,194681555.83631235,0.0,0,168779633.97596645,0.0,0,2707.02001953125
2022-03-21,194681555.83631235,0.0,0,168779633.97596645,0.0,0,2686.050048828125
2022-03-22,194681555.83631235,0.0,0,168779633.97596645,0.0,0,2710.0
2022-03-23,194681555.83631235,0.0,0,168779633.97596645,0.0,0,2735.050048828125
2022-03-24,194681555.83631235,0.0,0,168779633.97596645,0.0,0,2729.659912109375
2022-03-25,194681555.83631235,0.0,0,168779633.97596645,0.0,0,2729.97998046875
2022-03-28,194681555.83631235,0.0,0,168779633.97596645,0.0,0,2729.56005859375
2022-03-29,194681555.83631235,0.0,0,168779633.97596645,0.0,0,2741.070068359375
2022-03-30,194681555.83631235,0.0,0,168779633.97596645,0.0,0,2746.739990234375
2022-03-31,194681555.83631235,0.0,0,168779633.97596645,0.0,0,2757.64990234375
2022-04-01,194681555.83631235,0.0,0,168779633.97596645,0.0,0,2739.85009765625
2022-04-04,194681555.83631235,0.0,0,168779633.97596645,0.0,0,2757.89990234375
2022-04-05,194681555.83631235,0.0,0,168779633.97596645,0.0,0,2759.199951171875
2022-04-06,194681555.83631235,0.0,0,168779633.97596645,0.0,0,2735.030029296875
2022-04-07,194681555.83631235,0.0,0,168779633.97596645,0.0,0,2695.860107421875
2022-04-08,194681555.83631235,0.0,0,168779633.97596645,0.0,0,2700.389892578125
2022-04-11,194681555.83631235,0.0,0,168779633.97596645,0.0,0,2693.10009765625
2022-04-12,194681555.83631235,0.0,0,168779633.97596645,0.0,0,2666.760009765625
2022-04-13,194681555.83631235,0.0,0,168779633.97596645,0.0,0,2716.489990234375
2022-04-14,194681555.83631235,0.0,0,168779633.97596645,0.0,0,2716.7099609375
2022-04-15,194681555.83631235,0.0,0,168779633.97596645,0.0,0,2696.06005859375
2022-04-18,194681555.83631235,0.0,0,168779633.97596645,0.0,0,2693.2099609375
2022-04-19,194681555.83631235,0.0,0,168779633.97596645,0.0,0,2718.889892578125
2022-04-20,194681555.83631235,0.0,0,168779633.97596645,0.0,0,2718.68994140625
2022-04-21,194681555.83631235,0.0,0,168779633.97596645,0.0,0,2728.2099609375
2022-04-22,194681555.83631235,0.0,0,168779633.97596645,0.0,0,2704.7099609375
2022-04-25,194681555.83631235,0.0,0,168779633.97596645,0.0,0,2657.1298828125
2022-04-26,194681555.83631235,0.0,0,168779633.97596645,0.0,0,2668.31005859375
2022-04-27,194681555.83631235,0.0,0,168779633.97596645,0.0,0,2639.06005859375
2022-04-28,194681555.83631235,0.0,0,168779633.97596645,0.0,0,2667.489990234375
2022-04-29,194681555.83631235,0.0,0,168779633.97596645,0.0,0,2695.050048828125
2022-05-02,194681555.83631235,0.0,0,168779633.97596645,0.0,0,2687.449951171875
2022-05-03,194681555.83631235,0.0,0,168779633.97596645,0.0,0,2680.4599609375
2022-05-04,194681555.83631235,0.0,0,168779633.97596645,0.0,0,2677.570068359375
2022-05-06,194681555.83631235,0.0,0,168779633.97596645,0.0,0,2644.510009765625
2022-05-10,194681555.83631235,0.0,0,168779633.97596645,0.0,0,2596.56005859375
2022-05-11,194681555.83631235,0.0,0,168779633.97596645,0.0,0,2592.27001953125
2022-05-12,194681555.83631235,0.0,0,168779633.97596645,0.0,0,2550.080078125
2022-05-13,194681555.83631235,0.0,0,168779633.97596645,0.0,0,2604.239990234375
2022-05-16,194681555.83631235,0.0,0,168779633.97596645,0.0,0,2596.580078125
2022-05-17,194681555.83631235,0.0,0,168779633.97596645,0.0,0,2620.43994140625
2022-05-18,194681555.83631235,0.0,0,168779633.97596645,0.0,0,2625.97998046875
2022-05-19,194681555.83631235,0.0,0,168779633.97596645,0.0,0,2592.340087890625
2022-05-20,194681555.83631235,0.0,0,168779633.97596645,0.0,0,2639.2900390625
2022-05-23,194681555.83631235,0.0,0,168779633.97596645,0.0,0,2647.3798828125
2022-05-24,194681555.83631235,0.0,0,168779633.97596645,0.0,0,2605.8701171875
2022-05-25,194681555.83631235,0.0,0,168779633.97596645,0.0,0,2617.219970703125
2022-05-26,194681555.83631235,0.0,0,168779633.97596645,0.0,0,2612.449951171875
2022-05-27,194681555.83631235,0.0,0,168779633.97596645,0.0,0,2638.050048828125
2022-05-30,194681555.83631235,0.0,0,168779633.97596645,0.0,0,2669.659912109375
2022-05-31,194681555.83631235,0.0,0,168779633.97596645,0.0,0,2685.89990234375
2022-06-02,194681555.83631235,0.0,0,168779633.97596645,0.0,0,2658.989990234375
2022-06-03,194681555.83631235,0.0,0,168779633.97596645,0.0,0,2670.64990234375
2022-06-07,194681555.83631235,0.0,0,168779633.97596645,0.0,0,2626.340087890625
2022-06-08,194681555.83631235,0.0,0,168779633.97596645,0.0,0,2626.14990234375
2022-06-09,194681555.83631235,0.0,0,168779633.97596645,0.0,0,2625.43994140625
2022-06-10,194681555.83631235,0.0,0,168779633.97596645,0.0,0,2595.8701171875
2022-06-13,194681555.83631235,0.0,0,168779633.97596645,0.0,0,2504.510009765625
2022-06-14,194681555.83631235,0.0,0,168779633.97596645,0.0,0,2492.969970703125
2022-06-15,194681555.83631235,0.0,0,168779633.97596645,0.0,0,2447.3798828125
2022-06-16,194681555.83631235,0.0,0,168779633.97596645,0.0,0,2451.409912109375
2022-06-17,194681555.83631235,0.0,0,168779633.97596645,0.0,0,2440.929931640625
2022-06-20,194681555.83631235,0.0,0,168779633.97596645,0.0,0,2391.030029296875
2022-06-21,194681555.83631235,0.0,0,168779633.97596645,0.0,0,2408.929931640625
2022-06-22,194681555.83631235,0.0,0,168779633.97596645,0.0,0,2342.81005859375
2022-06-23,194681555.83631235,0.0,0,168779633.97596645,0.0,0,2314.320068359375
2022-06-24,194681555.83631235,0.0,0,168779633.97596645,0.0,0,2366.60009765625
2022-06-27,194681555.83631235,0.0,0,168779633.97596645,0.0,0,2401.919921875
2022-06-28,194681555.83631235,0.0,0,168779633.97596645,0.0,0,2422.090087890625
2022-06-29,194681555.83631235,0.0,0,168779633.97596645,0.0,0,2377.989990234375
2022-06-30,194681555.83631235,0.0,0,168779633.97596645,0.0,0,2332.639892578125
2022-07-01,194681555.83631235,0.0,0,168779633.97596645,0.0,0,2305.419921875
2022-07-04,194681555.83631235,0.0,0,168779633.97596645,0.0,0,2300.340087890625
2022-07-05,194681555.83631235,0.0,0,168779633.97596645,0.0,0,2341.780029296875
2022-07-06,194681555.83631235,0.0,0,168779633.97596645,0.0,0,2292.010009765625
2022-07-07,194681555.83631235,0.0,0,168779633.97596645,0.0,0,2334.27001953125
2022-07-08,194681555.83631235,0.0,0,168779633.97596645,0.0,0,2350.610107421875
2022-07-11,194681555.83631235,0.0,0,168779633.97596645,0.0,0,2340.27001953125
2022-07-12,194681555.83631235,0.0,0,168779633.97596645,0.0,0,2317.760009765625
2022-07-13,194681555.83631235,0.0,0,168779633.97596645,0.0,0,2328.610107421875
2022-07-14,194681555.83631235,0.0,0,168779633.97596645,0.0,0,2322.320068359375
2022-07-15,194681555.83631235,0.0,0,168779633.97596645,0.0,0,2330.97998046875
2022-07-18,194681555.83631235,0.0,0,168779633.97596645,0.0,0,2375.25
2022-07-19,194681555.83631235,0.0,0,168779633.97596645,0.0,0,2370.969970703125
2022-07-20,194681555.83631235,0.0,0,168779633.97596645,0.0,0,2386.85009765625
2022-07-21,194681555.83631235,0.0,0,168779633.97596645,0.0,0,2409.159912109375
2022-07-22,194681555.83631235,0.0,0,168779633.97596645,0.0,0,2393.139892578125
2022-07-25,194681555.83631235,0.0,0,168779633.97596645,0.0,0,2403.68994140625
2022-07-26,194681555.83631235,0.0,0,168779633.97596645,0.0,0,2412.9599609375
2022-07-27,194681555.83631235,0.0,0,168779633.97596645,0.0,0,2415.530029296875
2022-07-28,194681555.83631235,0.0,0,168779633.97596645,0.0,0,2435.27001953125
2022-07-29,194681555.83631235,0.0,0,168779633.97596645,0.0,0,2451.5
2022-08-01,194681555.83631235,0.0,0,168779633.97596645,0.0,0,2452.25
2022-08-02,194681555.83631235,0.0,0,168779633.97596645,0.0,0,2439.6201171875
2022-08-03,194681555.83631235,0.0,0,168779633.97596645,0.0,0,2461.449951171875
2022-08-04,194681555.83631235,0.0,0,168779633.97596645,0.0,0,2473.110107421875
2022-08-05,194681555.83631235,0.0,0,168779633.97596645,0.0,0,2490.800048828125
2022-08-08,194681555.83631235,0.0,0,168779633.97596645,0.0,0,2493.10009765625
2022-08-09,194681555.83631235,0.0,0,168779633.97596645,0.0,0,2503.4599609375
2022-08-10,194681555.83631235,0.0,0,168779633.97596645,0.0,0,2480.8798828125
2022-08-11,194681555.83631235,0.0,0,168779633.97596645,0.0,0,2523.780029296875
2022-08-12,194681555.83631235,0.0,0,168779633.97596645,0.0,0,2527.93994140625
2022-08-16,194681555.83631235,0.0,0,168779633.97596645,0.0,0,2533.52001953125
2022-08-17,194681555.83631235,0.0,0,168779633.97596645,0.0,0,2516.469970703125
2022-08-18,194681555.83631235,0.0,0,168779633.97596645,0.0,0,2508.050048828125
2022-08-19,194681555.83631235,0.0,0,168779633.97596645,0.0,0,2492.68994140625
2022-08-22,194681555.83631235,0.0,0,168779633.97596645,0.0,0,2462.5
2022-08-23,194681555.83631235,0.0,0,168779633.97596645,0.0,0,2435.340087890625
2022-08-24,194681555.83631235,0.0,0,168779633.97596645,0.0,0,2447.449951171875
2022-08-25,194681555.83631235,0.0,0,168779633.97596645,0.0,0,2477.260009765625
2022-08-26,194681555.83631235,0.0,0,168779633.97596645,0.0,0,2481.030029296875
2022-08-29,194681555.83631235,0.0,0,168779633.97596645,0.0,0,2426.889892578125
2022-08-30,194681555.83631235,0.0,0,168779633.97596645,0.0,0,2450.929931640625
2022-08-31,194681555.83631235,0.0,0,168779633.97596645,0.0,0,2472.050048828125
2022-09-01,194681555.83631235,0.0,0,168779633.97596645,0.0,0,2415.610107421875
2022-09-02,194681555.83631235,0.0,0,168779633.97596645,0.0,0,2409.409912109375
2022-09-05,194681555.83631235,0.0,0,168779633.97596645,0.0,0,2403.679931640625
2022-09-06,194681555.83631235,0.0,0,168779633.97596645,0.0,0,2410.02001953125
2022-09-07,194681555.83631235,0.0,0,168779633.97596645,0.0,0,2376.4599609375
2022-09-08,194681555.83631235,0.0,0,168779633.97596645,0.0,0,2384.280029296875
2022-09-13,194681555.83631235,0.0,0,168779633.97596645,0.0,0,2449.5400390625
2022-09-14,194681555.83631235,0.0,0,168779633.97596645,0.0,0,2411.419921875
2022-09-15,194681555.83631235,0.0,0,168779633.97596645,0.0,0,2401.830078125
2022-09-16,194681555.83631235,0.0,0,168779633.97596645,0.0,0,2382.780029296875
2022-09-19,194681555.83631235,0.0,0,168779633.97596645,0.0,0,2355.659912109375
2022-09-20,194681555.83631235,0.0,0,168779633.97596645,0.0,0,2367.85009765625
2022-09-21,194681555.83631235,0.0,0,168779633.97596645,0.0,0,2347.2099609375
2022-09-22,194681555.83631235,0.0,0,168779633.97596645,0.0,0,2332.31005859375
2022-09-23,194681555.83631235,0.0,0,168779633.97596645,0.0,0,2290.0
2022-09-26,194681555.83631235,0.0,0,168779633.97596645,0.0,0,2220.93994140625
2022-09-27,194681555.83631235,0.0,0,168779633.97596645,0.0,0,2223.860107421875
2022-09-28,194681555.83631235,0.0,0,168779633.97596645,0.0,0,2169.2900390625
2022-09-29,194681555.83631235,0.0,0,168779633.97596645,0.0,0,2170.929931640625
2022-09-30,194681555.83631235,0.0,0,168779633.97596645,0.0,0,2155.489990234375
2022-10-04,194681555.83631235,0.0,0,168779633.97596645,0.0,0,2209.3798828125
2022-10-05,194681555.83631235,0.0,0,168779633.97596645,0.0,0,2215.219970703125
2022-10-06,194681555.83631235,0.0,0,168779633.97596645,0.0,0,2237.860107421875
2022-10-07,194681555.83631235,0.0,0,168779633.97596645,0.0,0,2232.840087890625
2022-10-11,194681555.83631235,0.0,0,168779633.97596645,0.0,0,2192.070068359375
2022-10-12,194681555.83631235,0.0,0,168779633.97596645,0.0,0,2202.469970703125
2022-10-13,194681555.83631235,0.0,0,168779633.97596645,0.0,0,2162.8701171875
2022-10-14,194681555.83631235,0.0,0,168779633.97596645,0.0,0,2212.550048828125
2022-10-17,194681555.83631235,0.0,0,168779633.97596645,0.0,0,2219.7099609375
2022-10-18,194681555.83631235,0.0,0,168779633.97596645,0.0,0,2249.949951171875
2022-10-19,194681555.83631235,0.0,0,168779633.97596645,0.0,0,2237.43994140625
2022-10-20,194681555.83631235,0.0,0,168779633.97596645,0.0,0,2218.090087890625
2022-10-21,194681555.83631235,0.0,0,168779633.97596645,0.0,0,2213.1201171875
2022-10-24,194681555.83631235,0.0,0,168779633.97596645,0.0,0,2236.159912109375
2022-10-25,194681555.83631235,0.0,0,168779633.97596645,0.0,0,2235.070068359375
2022-10-26,194681555.83631235,0.0,0,168779633.97596645,0.0,0,2249.56005859375
2022-10-27,194681555.83631235,0.0,0,168779633.97596645,0.0,0,2288.780029296875
2022-10-28,194681555.83631235,0.0,0,168779633.97596645,0.0,0,2268.39990234375
2022-10-31,194681555.83631235,0.0,0,168779633.97596645,0.0,0,2293.610107421875
2022-11-01,194681555.83631235,0.0,0,168779633.97596645,0.0,0,2335.219970703125
2022-11-02,194681555.83631235,0.0,0,168779633.97596645,0.0,0,2336.8701171875
2022-11-03,194681555.83631235,0.0,0,168779633.97596645,0.0,0,2329.169921875
2022-11-04,194681555.83631235,0.0,0,168779633.97596645,0.0,0,2348.429931640625
2022-11-07,194681555.83631235,0.0,0,168779633.97596645,0.0,0,2371.7900390625
2022-11-08,194681555.83631235,0.0,0,168779633.97596645,0.0,0,2399.0400390625
2022-11-09,194681555.83631235,0.0,0,168779633.97596645,0.0,0,2424.409912109375
2022-11-10,194681555.83631235,0.0,0,168779633.97596645,0.0,0,2402.22998046875
2022-11-11,194681555.83631235,0.0,0,168779633.97596645,0.0,0,2483.159912109375
2022-11-14,194681555.83631235,0.0,0,168779633.97596645,0.0,0,2474.64990234375
2022-11-15,194681555.83631235,0.0,0,168779633.97596645,0.0,0,2480.330078125
2022-11-16,194681555.83631235,0.0,0,168779633.97596645,0.0,0,2477.449951171875
2022-11-17,194681555.83631235,0.0,0,168779633.97596645,0.0,0,2442.89990234375
2022-11-18,194681555.83631235,0.0,0,168779633.97596645,0.0,0,2444.47998046875
2022-11-21,194681555.83631235,0.0,0,168779633.97596645,0.0,0,2419.5
2022-11-22,194681555.83631235,0.0,0,168779633.97596645,0.0,0,2405.27001953125
2022-11-23,194681555.83631235,0.0,0,168779633.97596645,0.0,0,2418.010009765625
2022-11-24,194681555.83631235,0.0,0,168779633.97596645,0.0,0,2441.330078125
2022-11-25,194681555.83631235,0.0,0,168779633.97596645,0.0,0,2437.860107421875
2022-11-28,194681555.83631235,0.0,0,168779633.97596645,0.0,0,2408.27001953125
2022-11-29,194681555.83631235,0.0,0,168779633.97596645,0.0,0,2433.389892578125
2022-11-30,194681555.83631235,0.0,0,168779633.97596645,0.0,0,2472.530029296875
2022-12-01,194681555.83631235,0.0,0,168779633.97596645,0.0,0,2479.840087890625
2022-12-02,194681555.83631235,0.0,0,168779633.97596645,0.0,0,2434.330078125
2022-12-05,194681555.83631235,0.0,0,168779633.97596645,0.0,0,2419.320068359375
2022-12-06,194681555.83631235,0.0,0,168779633.97596645,0.0,0,2393.159912109375
2022-12-07,194681555.83631235,0.0,0,168779633.97596645,0.0,0,2382.81005859375
2022-12-08,194681555.83631235,0.0,0,168779633.97596645,0.0,0,2371.080078125
2022-12-09,194681555.83631235,0.0,0,168779633.97596645,0.0,0,2389.0400390625
2022-12-12,194681555.83631235,0.0,0,168779633.97596645,0.0,0,2373.02001953125
2022-12-13,194681555.83631235,0.0,0,168779633.97596645,0.0,0,2372.39990234375
2022-12-14,194681555.83631235,0.0,0,168779633.97596645,0.0,0,2399.25
2022-12-15,194681555.83631235,0.0,0,168779633.97596645,0.0,0,2360.969970703125
2022-12-16,194681555.83631235,0.0,0,168779633.97596645,0.0,0,2360.02001953125
2022-12-19,194681555.83631235,0.0,0,168779633.97596645,0.0,0,2352.169921875
2022-12-20,194681555.83631235,0.0,0,168779633.97596645,0.0,0,2333.2900390625
2022-12-21,194681555.83631235,0.0,0,168779633.97596645,0.0,0,2328.949951171875
2022-12-22,194681555.83631235,0.0,0,168779633.97596645,0.0,0,2356.72998046875
2022-12-23,194681555.83631235,0.0,0,168779633.97596645,0.0,0,2313.68994140625
2022-12-26,194681555.83631235,0.0,0,168779633.97596645,0.0,0,2317.139892578125
2022-12-27,194681555.83631235,0.0,0,168779633.97596645,0.0,0,2332.7900390625
2022-12-28,194681555.83631235,0.0,0,168779633.97596645,0.0,0,2280.449951171875
2022-12-29,194681555.83631235,0.0,0,168779633.97596645,0.0,0,2236.39990234375
2023-01-02,194681555.83631235,0.0,0,168779633.97596645,0.0,0,2225.669921875
2023-01-03,194681555.83631235,0.0,0,168779633.97596645,0.0,0,2218.679931640625
2023-01-04,194681555.83631235,0.0,0,168779633.97596645,0.0,0,2255.97998046875
2023-01-05,194681555.83631235,0.0,0,168779633.97596645,0.0,0,2264.64990234375
2023-01-06,194681555.83631235,0.0,0,168779633.97596645,0.0,0,2289.969970703125
2023-01-09,194681555.83631235,0.0,0,168779633.97596645,0.0,0,2350.18994140625
2023-01-10,194681555.83631235,0.0,0,168779633.97596645,0.0,0,2351.31005859375
2023-01-11,194681555.83631235,0.0,0,168779633.97596645,0.0,0,2359.530029296875
2023-01-12,194681555.83631235,0.0,0,168779633.97596645,0.0,0,2365.10009765625
2023-01-13,194681555.83631235,0.0,0,168779633.97596645,0.0,0,2386.090087890625
2023-01-16,194681555.83631235,0.0,0,168779633.97596645,0.0,0,2399.860107421875
2023-01-17,194681555.83631235,0.0,0,168779633.97596645,0.0,0,2379.389892578125
2023-01-18,194681555.83631235,0.0,0,168779633.97596645,0.0,0,2368.320068359375
2023-01-19,194681555.83631235,0.0,0,168779633.97596645,0.0,0,2380.340087890625
2023-01-20,194681555.83631235,0.0,0,168779633.97596645,0.0,0,2395.260009765625
2023-01-25,194681555.83631235,0.0,0,168779633.97596645,0.0,0,2428.570068359375
2023-01-26,194681555.83631235,0.0,0,168779633.97596645,0.0,0,2468.64990234375
2023-01-27,194681555.83631235,0.0,0,168779633.97596645,0.0,0,2484.02001953125
2023-01-30,194681555.83631235,0.0,0,168779633.97596645,0.0,0,2450.469970703125
2023-01-31,194681555.83631235,0.0,0,168779633.97596645,0.0,0,2425.080078125
2023-02-01,194681555.83631235,0.0,0,168779633.97596645,0.0,0,2449.800048828125
2023-02-02,194681555.83631235,0.0,0,168779633.97596645,0.0,0,2468.8798828125
2023-02-03,194681555.83631235,0.0,0,168779633.97596645,0.0,0,2480.39990234375
2023-02-06,194681555.83631235,0.0,0,168779633.97596645,0.0,0,2438.18994140625
2023-02-07,194681555.83631235,0.0,0,168779633.97596645,0.0,0,2451.7099609375
2023-02-08,194681555.83631235,0.0,0,168779633.97596645,0.0,0,2483.639892578125
2023-02-09,194681555.83631235,0.0,0,168779633.97596645,0.0,0,2481.52001953125
2023-02-10,194681555.83631235,0.0,0,168779633.97596645,0.0,0,2469.72998046875
2023-02-13,194681555.83631235,0.0,0,168779633.97596645,0.0,0,2452.699951171875
2023-02-14,194681555.83631235,0.0,0,168779633.97596645,0.0,0,2465.639892578125
2023-02-15,194681555.83631235,0.0,0,168779633.97596645,0.0,0,2427.89990234375
2023-02-16,194681555.83631235,0.0,0,168779633.97596645,0.0,0,2475.47998046875
2023-02-17,194681555.83631235,0.0,0,168779633.97596645,0.0,0,2451.2099609375
2023-02-20,194681555.83631235,0.0,0,168779633.97596645,0.0,0,2455.1201171875
2023-02-21,194681555.83631235,0.0,0,168779633.97596645,0.0,0,2458.9599609375
2023-02-22,194681555.83631235,0.0,0,168779633.97596645,0.0,0,2417.679931640625
2023-02-23,194681555.83631235,0.0,0,168779633.97596645,0.0,0,2439.090087890625
2023-02-24,194681555.83631235,0.0,0,168779633.97596645,0.0,0,2423.610107421875
2023-02-27,194681555.83631235,0.0,0,168779633.97596645,0.0,0,2402.639892578125
2023-02-28,194681555.83631235,0.0,0,168779633.97596645,0.0,0,2412.85009765625
2023-03-02,194681555.83631235,0.0,0,168779633.97596645,0.0,0,2427.85009765625
2023-03-03,194681555.83631235,0.0,0,168779633.97596645,0.0,0,2432.070068359375
2023-03-06,194681555.83631235,0.0,0,168779633.97596645,0.0,0,2462.6201171875
2023-03-07,195893755.61560923,31.911008078455787,3,169837291.39754456,32.13177581761144,3,2463.35009765625
2023-03-08,195142990.90467173,63.33064226176691,6,169172639.49910706,63.35683130881855,6,2431.909912109375
2023-03-09,191291718.74373424,52.539115215150666,5,165830648.38441956,52.61611386284329,5,2419.090087890625
2023-03-10,189788101.40779674,42.29185211111323,4,164522854.78285706,42.16621530390775,4,2394.590087890625
2023-03-13,189205968.21248424,31.9968143967712,3,164016614.68129456,31.88672206894236,3,2410.60009765625
2023-03-14,187579538.45081562,21.43699432663262,2,162608469.79373908,21.307514520276268,2,2348.969970703125
2023-03-15,188954140.04456562,22.008523655298987,2,163794887.66873908,21.877508936647423,2,2379.719970703125
2023-03-16,188451930.18519062,21.800682386021293,2,163357757.48123908,21.66846040602951,2,2377.909912109375
2023-03-17,187517087.60706562,21.41082963916628,2,162555130.91873908,21.281693319661315,2,2395.68994140625
2023-03-20,187114381.02894062,21.241690443666393,2,162211096.35623908,21.114739154330753,2,2379.199951171875
2023-03-21,187249929.97831562,11.208863312021304,1,162330518.2637391,11.196714737871954,1,2388.35009765625
2023-03-22,185541686.46871468,0.0,0,160851214.60594037,0.0,0,2416.9599609375
2023-03-23,185342936.51558968,10.465015127306208,1,160679455.38719037,10.432023821656731,1,2424.47998046875
2023-03-24,185342936.51558968,10.465015127306208,1,160679455.38719037,10.432023821656731,1,2414.9599609375
2023-03-27,187498065.54683968,11.494142786031134,1,162541912.57469037,11.458322321291584,1,2409.219970703125
2023-03-28,187625777.23433968,11.554386279995784,1,162652280.69969037,11.518402505274961,1,2434.93994140625
2023-03-29,188738435.7593397,33.35057982983477,3,163613836.44969037,33.27031460553654,3,2443.919921875
2023-03-30,188893076.6343397,33.405143633003206,3,163747797.69969037,33.324905825651406,3,2453.159912109375
2023-03-31,190852050.1030897,34.08869697554104,3,165442015.51219037,34.00769569526572,3,2476.860107421875
2023-04-03,196171600.29683968,88.66391636802183,8,170038890.97469038,88.60896638782864,8,2472.340087890625
2023-04-04,193107948.24721467,99.94029089858871,10,167373975.17556536,99.94980285044927,10,2480.510009765625
2023-04-05,194327209.23940217,89.82712323301155,9,168427464.94587788,89.766488398928,9,2495.2099609375
2023-04-06,194038961.88002717,99.94618734318072,10,168172520.24275288,99.94718627960164,10,2459.22998046875
2023-04-07,194058773.65315217,90.1053883165461,9,168195636.39612788,90.10705401450537,9,2490.409912109375
2023-04-10,196267007.90315217,90.21671431393754,9,170108931.23987788,90.21832461273664,9,2512.080078125
2023-04-11,197219585.55158967,90.26396793353499,9,170939374.87269038,90.26584514479453,9,2547.860107421875
2023-04-12,196402363.49221468,99.9870231242644,10,170226352.86331537,99.97757864279774,10,2550.639892578125
2023-04-13,199733644.79690218,99.9872395606268,10,173113506.87112787,99.97795258191131,10,2561.659912109375
2023-04-14,205298553.54690218,99.98758545045162,10,177956739.93362787,99.9785526197872,10,2571.489990234375
2023-04-17,217241894.5839295,99.99909129056107,11,188325683.7987802,99.99221865797512,11,2575.909912109375
2023-04-18,219878709.58197638,99.99910218792664,11,190604710.90620208,99.99231169811732,11,2571.090087890625
2023-04-19,222076396.74330452,99.97219835223066,11,192531173.0206552,99.96767429159618,11,2575.080078125
2023-04-20,222364389.00033575,99.99334551828738,12,192780295.34018645,99.9920669456647,12,2563.110107421875
2023-04-21,213682837.66244513,99.9930751586027,12,185243976.25229582,99.99174420357062,12,2544.39990234375
2023-04-24,210336092.7146014,90.97226855147184,11,182346536.90670207,91.01966015841828,11,2523.5
2023-04-25,207960148.0423514,90.8482172532761,10,180281387.67195207,90.89266935727525,10,2489.02001953125
2023-04-26,204193195.55211702,90.67938532567615,10,177010118.8223427,90.72435961751096,10,2484.830078125
2023-04-27,209182593.60680452,90.90169950546864,10,181331456.8145302,90.94540883804258,10,2495.81005859375
2023-04-28,207219139.6986014,90.81549080056824,10,179634114.12507707,90.85985301703616,10,2501.530029296875
2023-05-02,211974075.2220389,91.02151481087219,10,183753939.94538957,91.06477822056135,10,2524.389892578125
2023-05-03,209653120.19664827,90.92211891206298,10,181741469.93562394,90.96583621316978,10,2501.39990234375
2023-05-04,207971506.20938447,90.83824467090642,9,180280491.10461017,90.88054311014146,9,2500.93994140625
2023-05-08,204460900.75625947,90.68093680373207,9,177233114.83898517,90.72374162015585,9,2513.2099609375
2023-05-09,202857310.14688447,90.60726944504096,9,175841975.10461017,90.6503542983241,9,2510.06005859375
2023-05-10,200615692.86563447,90.50231799867417,9,173894592.32336017,90.5456509903778,9,2496.510009765625
2023-05-11,203292213.54532197,90.6273633304275,9,176203696.11242267,90.66954778484293,9,2491.0
2023-05-12,197560628.85000947,90.3554464955665,9,171236816.68273517,90.39890954199934,9,2475.419921875
2023-05-15,198392774.70057198,81.81515771852831,8,171955695.74467266,81.8038265568301,8,2479.35009765625
2023-05-16,199351407.90369698,81.90260427226939,8,172795750.41654766,81.89228811027881,8,2480.239990234375
2023-05-17,198808392.38025948,81.85317393033918,8,172327012.00248516,81.8430341943961,8,2494.659912109375
2023-05-18,201209533.75525948,82.06972974699245,8,174410044.15873516,82.05988835446146,8,2515.39990234375
2023-05-19,199956116.55213448,81.95733453958732,8,173318437.01811016,81.94689660175004,8,2537.7900390625
2023-05-22,202555783.39650947,99.99486732150515,10,175576315.9087352,99.9964729621543,10,2557.080078125
2023-05-23,206245093.38088447,99.99495913480217,10,178777120.2681102,99.9965361098216,10,2567.550048828125
2023-05-24,206958021.46682197,99.99497649955252,10,179395116.2446727,99.99654804253325,10,2567.449951171875
2023-05-25,208926557.38088447,99.99502383169244,10,181102572.7368602,99.99658058799685,10,2554.68994140625
2023-05-26,208770388.636822,93.61846354546438,9,180968251.81342268,93.64399328177792,9,2558.81005859375
2023-05-30,211680889.693072,99.98373265664917,10,183501956.3384227,99.99994787896973,10,2585.52001953125
2023-05-31,213215558.9977595,99.98384974469201,10,184835536.3462352,99.99994825502061,10,2577.1201171875
2023-06-01,214340817.9821345,99.03064713632487,10,185815715.42436016,99.06873827159438,10,2569.169921875
2023-06-02,217142160.7790095,99.0431527209269,10,188249394.18998516,99.08077757670563,10,2601.360107421875
2023-06-05,220002995.04775947,99.97951770741817,11,190734108.87123516,99.97311490670776,11,2615.409912109375
2023-06-07,220998813.0496345,99.99840780269996,12,191597939.93561018,99.99491846148584,12,2615.60009765625
2023-06-08,221167530.2371345,99.99840901730434,12,191739821.24811018,99.99492222166121,12,2610.85009765625
2023-06-09,233782493.3933845,99.99849486713764,12,202661935.27936018,99.99519587973106,12,2641.159912109375
2023-06-12,235988756.3621345,99.99850893865083,12,204572439.99811018,99.9952407454737,12,2629.35009765625
2023-06-13,236546960.99338448,91.96074375368268,11,205055626.01061016,91.96796028300244,11,2637.949951171875
2023-06-14,231267262.50830635,99.99889675021691,12,200478041.2053914,99.99720660729152,12,2619.080078125
2023-06-15,235995467.16553292,99.99891885399215,12,204570195.31671953,99.99726248538968,12,2608.5400390625
2023-06-16,241986165.41553292,99.9989456192392,12,209762315.73859453,99.99733024544211,12,2625.7900390625
2023-06-19,240236289.90381417,99.9989379391544,12,208229938.36359453,99.99731059854832,12,2609.5
2023-06-20,241472885.80580634,99.9686420202234,12,209293468.03695393,99.98671133191182,12,2604.909912109375
2023-06-21,235224802.38119698,99.99605066361926,12,203874357.9111727,99.99432782306899,12,2582.6298828125
2023-06-22,241962690.85580635,99.9961606400292,12,209715158.12601644,99.99448579950013,12,2593.699951171875
2023-06-23,242197156.9583454,99.99616435683488,12,209919497.92484456,99.99449116713215,12,2570.10009765625
2023-06-26,244055737.14486885,99.99619356676239,12,211538312.21195394,99.99453332392758,12,2582.199951171875
2023-06-27,245561874.83822823,99.99621691327162,12,212846175.4814852,99.9945669146878,12,2581.389892578125
2023-06-28,242369453.22299385,99.99616708352747,12,210079153.71976644,99.99449535373076,12,2564.18994140625
2023-06-29,249200264.31869698,89.87531337991282,11,216002483.7549227,89.77773878778629,11,2550.02001953125
2023-06-30,251206861.6956501,89.95618764217305,11,217729562.96195394,89.85882403201443,11,2564.280029296875
2023-07-03,264990683.31479073,90.47862909628238,11,229669235.6455477,90.38602708271532,11,2602.469970703125
2023-07-04,267994157.6614704,99.99892131279196,12,232262489.91703206,99.99621845339692,12,2593.31005859375
2023-07-05,266512261.25229073,99.99891531493395,12,230972024.8564852,99.99619732549726,12,2579.0
2023-07-06,256638246.61947823,99.9988735822758,12,222409238.2002352,99.99605092199913,12,2556.2900390625
2023-07-07,258441423.6565876,99.99888144142837,12,223972468.77445394,99.99607848484871,12,2526.7099609375
2023-07-10,253102667.05932197,90.76614405520299,11,219341536.76117268,90.67509635141833,11,2520.699951171875
2023-07-11,265647910.8972126,91.20221364069377,11,230194505.70257893,91.1147371211699,11,2562.489990234375
2023-07-12,272617804.7517048,91.42714259254528,11,236235550.9975008,91.34195218377015,11,2574.719970703125
2023-07-13,286770263.1862751,91.8502234475002,11,248490476.89789143,91.76894534565915,11,2591.22998046875
2023-07-14,304510681.8249704,92.38955573140862,11,263868177.22140706,92.25446849085233,11,2628.300048828125
2023-07-17,307945128.6654001,99.97085905122583,12,266807908.54601642,99.98460300164206,12,2619.0
2023-07-18,306957176.1101267,99.99417028380839,13,265952071.13859454,99.9935580086952,13,2607.6201171875
2023-07-19,296033514.48051727,92.74822844302996,11,256468157.7424383,92.6179067257499,11,2608.239990234375
2023-07-20,308942733.1465329,99.94394747517339,12,267652559.88696954,99.84466480594348,12,2600.22998046875
2023-07-21,311039401.5029782,99.98998946691432,13,269448343.3967352,99.98626726635939,13,2609.760009765625
2023-07-24,338662260.1773923,99.99654593866147,13,293346548.9705633,99.99205000932191,13,2628.530029296875
2023-07-25,347221850.7604001,99.99663108696318,13,300761686.8240789,99.99224601260089,13,2636.4599609375
2023-07-26,325225207.30863446,96.28471601719042,12,281710687.89845353,96.28402036878364,12,2592.360107421875
2023-07-27,305766594.22892356,96.33812629615971,12,264868033.17090666,96.33723920054705,12,2603.81005859375
2023-07-28,321499540.024822,99.99768413068448,13,278489862.75801605,99.97791902058587,13,2608.320068359375
2023-07-31,328666933.6824626,99.99824780737431,13,284659367.4666254,99.99804970922797,13,2632.580078125
2023-08-01,332978855.90414226,99.99827049745863,13,288411845.69123477,99.99807508413461,13,2667.070068359375
2023-08-02,315307340.5805095,99.99973865886737,14,273109669.0111567,99.99977414370656,14,2616.469970703125
2023-08-03,309049578.5554704,98.44433468320936,12,267667624.80682853,98.46646290979801,12,2605.389892578125
2023-08-04,303562578.59785324,99.99456003261291,13,262928968.61503166,99.9911247113628,13,2602.800048828125
2023-08-07,292904873.8682751,98.47916469110089,12,253710786.7731254,98.5006832325671,12,2580.7099609375
2023-08-08,302481145.31585324,91.46209065587118,11,261972150.63421917,91.4477232666439,11,2573.97998046875
2023-08-09,299297842.9679724,84.61772643884407,10,259211161.31898868,84.60424268927295,10,2605.1201171875
2023-08-10,303774672.9679724,84.8444202019349,10,263089671.31898868,84.83120940517578,10,2601.56005859375
2023-08-11,305074742.9679724,84.90900540632245,10,264238021.31898868,84.89713133644298,10,2591.260009765625
2023-08-14,301783544.24797237,78.20833988418697,9,261386628.51898867,78.17044091264847,9,2570.8701171875
2023-08-16,299051354.24797237,78.00924713638267,9,259035128.51898867,77.97227393627198,9,2525.639892578125
2023-08-17,308131325.70397234,78.22640864225919,8,266898185.8281887,78.19531232570775,8,2519.85009765625
2023-08-18,319968735.70397234,79.0319339930625,8,277161545.82818866,79.00274525663662,8,2504.5
2023-08-21,327637285.70397234,79.52270433451497,8,283798945.82818866,79.49382241066512,8,2508.800048828125
2023-08-22,327499645.70397234,79.51409823367679,8,283664505.82818866,79.48410370966987,8,2515.739990234375
2023-08-23,332533615.70397234,79.82421850436371,8,288046375.82818866,79.79619925407391,8,2505.5
2023-08-24,332980065.70397234,79.85126960614568,8,288415225.82818866,79.82203759836983,8,2537.679931640625
2023-08-25,335513225.70397234,80.00339463125432,8,290608185.82818866,79.97430262938461,8,2519.139892578125
2023-08-28,343177497.50397235,61.11708999730444,7,297244276.82818866,61.075591408252684,7,2543.409912109375
2023-08-29,343325287.50397235,61.133827783533576,7,297383066.82818866,61.093757602871854,7,2552.159912109375
2023-08-30,345537877.50397235,61.382700366202734,7,299306756.82818866,61.343813933808256,7,2561.219970703125
2023-08-31,360842605.50397235,73.33265971473176,8,312560540.82818866,73.3081595625827,8,2556.27001953125
2023-09-01,354120445.50397235,72.82644175853073,8,306761580.82818866,72.80358231205126,8,2563.7099609375
2023-09-04,362175257.50397235,94.96723281717486,10,313720318.4281887,94.9279031374466,10,2584.550048828125
2023-09-05,362638957.50397235,94.97366812726604,10,314121718.4281887,94.93438450935179,10,2582.179931640625
2023-09-06,361676876.85997236,84.97377622484468,9,313303915.8241887,84.93736801851193,9,2563.340087890625
2023-09-07,363122776.85997236,85.03360837622989,9,314567215.8241887,84.99785945571513,9,2548.260009765625
2023-09-08,364672365.85997236,85.08201581666826,8,315906604.8241887,85.04393257289344,8,2547.679931640625
2023-09-11,370018103.17997235,95.9267065447764,9,320540707.62418866,95.88800819656204,9,2556.8798828125
2023-09-12,352734548.97997236,99.99865366747144,10,305566999.4241887,99.99993473634619,10,2536.580078125
2023-09-13,340160978.97997236,99.99860390219166,10,294691349.4241887,99.99993232777649,10,2534.699951171875
2023-09-14,347254752.97997236,89.12266494386878,9,300835473.4241887,89.21398030130722,9,2572.889892578125
2023-09-15,346905062.97997236,89.1117002860944,9,300525423.4241887,89.20285243941296,9,2601.280029296875
2023-09-18,342624439.9129489,99.98110554393216,11,296823712.5652551,99.99642906736331,11,2574.719970703125
2023-09-19,337878397.7723239,99.98084014109696,11,292703548.9636926,99.99637880208049,11,2559.2099609375
2023-09-20,335424492.0281833,98.66716172177988,11,290571807.347091,98.66528593732676,11,2559.739990234375
2023-09-21,330944808.5516208,98.64912036425562,11,286686723.03068477,98.64719833069832,11,2514.969970703125
2023-09-22,329311358.39305854,77.11401186985381,9,285286976.47911286,77.130510027369,9,2508.1298828125
2023-09-25,325513468.39305854,76.84699230261845,9,282016976.47911286,76.86533722414224,9,2495.760009765625
2023-09-26,326794012.18705857,71.48202576805072,7,283120312.25311285,71.51337831917564,7,2462.969970703125
2023-09-27,333845662.18705857,72.08439625169069,7,289225512.25311285,72.11469637487181,7,2465.070068359375
2023-10-04,328968012.18705857,71.67048809169148,7,284983012.25311285,71.69957197958142,7,2405.68994140625
2023-10-05,321478034.18705857,58.60087781001611,6,278494440.25311285,58.61924922150229,6,2403.60009765625
2023-10-06,326240224.18705857,59.20518859417275,6,282626890.25311285,59.224300932616735,6,2408.72998046875
2023-10-10,320416064.18705857,58.463666756308044,6,277581790.25311285,58.48319511592296,6,2402.580078125
2023-10-11,324761034.18705857,59.01938035139991,6,281345490.25311285,59.038586277166104,6,2450.080078125
2023-10-12,336229194.18705857,60.41715398662989,6,291278490.25311285,60.43542722534375,6,2479.820068359375
2023-10-13,336870794.18705857,60.49254299167399,6,291832790.25311285,60.51057519850321,6,2456.14990234375
2023-10-16,336284444.18705857,60.42365726764702,6,291318090.25311285,60.440805391459406,6,2436.239990234375
2023-10-17,331151591.58705854,48.7901444850897,5,286869462.45311284,48.794283923782324,5,2460.169921875
2023-10-18,334373871.38705856,49.237348994121206,4,289656935.2531129,49.14455090661261,4,2462.60009765625
2023-10-19,334368081.38705856,49.23646997556146,4,289653535.2531129,49.14395395713376,4,2415.800048828125
2023-10-20,328994151.38705856,48.40727694658483,4,285001935.2531129,48.313917545055,4,2375.0
2023-10-23,324177876.4870585,47.50763737146887,3,280834669.2931129,47.48548330434728,3,2357.02001953125
2023-10-24,320757646.4870585,46.94791274635311,3,277873719.2931129,46.925902288173624,3,2383.510009765625
2023-10-25,317738006.4870585,46.44372942083355,3,275258419.2931129,46.42163183533079,3,2363.169921875
2023-10-26,314073962.4870585,24.94467207011094,2,272086185.2931129,24.929233333522323,2,2299.080078125
2023-10-27,315478442.4870585,25.27881124659459,2,273302585.2931129,25.263354141326495,2,2302.81005859375
2023-10-30,317479022.4870585,25.749663508344835,2,275035185.2931129,25.734161948977498,2,2310.550048828125
2023-10-31,317348342.4870585,25.719088166760613,2,274922185.2931129,25.703636803504722,2,2277.989990234375
2023-11-01,320214522.4870585,26.383962645983516,2,277404185.2931129,26.368383707949782,2,2301.56005859375
2023-11-02,316143952.4870585,25.436105725695263,2,273878885.2931129,25.42061609659646,2,2343.1201171875
2023-11-03,318720222.4870585,26.038818419615595,2,276109985.2931129,26.023252988740154,2,2368.340087890625
2023-11-06,318009802.4870585,25.873592372470476,2,275494785.2931129,25.858057503413978,2,2502.3701171875
2023-11-07,320483942.4870585,26.445849156209277,2,277637785.2931129,26.430336174353673,2,2443.9599609375
2023-11-08,321618842.4870585,26.70540050944188,2,278621385.2931129,26.69005464952664,2,2421.6201171875
2023-11-09,320908422.4870585,26.543142538876513,2,278006185.2931129,26.527827041777336,2,2427.080078125
2023-11-10,320957462.4870585,26.554366220239086,2,278048385.2931129,26.538978071104722,2,2409.659912109375
2023-11-13,319642802.4870585,26.252291416259073,2,276909785.2931129,26.236920419080246,2,2403.760009765625
2023-11-14,318287322.4870585,25.93822441776857,2,275735785.2931129,25.922859422840876,2,2433.25
2023-11-15,315147752.4870585,25.200405007889533,2,273016085.2931129,25.184926348269826,2,2486.669921875
2023-11-16,315898992.4870585,25.378286068222998,2,273666685.2931129,25.362787555108657,2,2488.179931640625
2023-11-17,315572272.4870585,25.301028309853912,2,273384285.2931129,25.285688943636387,2,2469.85009765625
2023-11-20,316623629.4870585,14.297505234633888,1,274295008.49311286,14.29526560305035,1,2491.199951171875
2023-11-21,318060749.4870585,14.684741853662903,1,275539808.49311286,14.682451955399106,1,2510.419921875
2023-11-22,318420029.4870585,14.781004849417892,1,275851008.49311286,14.778702540439625,1,2511.699951171875
2023-11-23,319176586.58705854,25.704263234741447,2,276506279.21311283,25.70150674416576,2,2514.9599609375
2023-11-24,316625366.58705854,25.105622729107335,2,274296359.21311283,25.102907015438173,2,2496.6298828125
2023-11-27,317269954.6870585,14.919515479078175,1,274854697.13311285,14.91719094767491,1,2495.659912109375
2023-11-28,319066354.6870585,15.398533652408572,1,276410697.13311285,15.396147993326665,1,2521.760009765625
2023-11-29,320334112.3870585,58.66060239408695,5,277506783.57311285,58.63717200164539,5,2519.81005859375
2023-11-30,319340814.1870585,80.00310910785973,7,276645441.9731128,79.99236077112295,7,2535.2900390625
2023-12-01,318774626.1070585,90.61674497988025,8,276159816.05311286,90.60741116364149,8,2505.010009765625
2023-12-04,311075796.1070585,90.3845183452446,8,269486866.05311286,90.37483479881328,8,2514.949951171875
2023-12-05,305638028.0426585,69.53588575382938,6,264773147.34751284,69.48543379232078,6,2494.280029296875
2023-12-06,304529378.0426585,69.42498006559627,6,263812947.34751284,69.37436992389732,6,2495.3798828125
2023-12-07,301168974.8024585,47.94317877354653,4,260903661.40551284,47.9108837823917,4,2492.070068359375
2023-12-08,301998962.8224585,33.40832996811107,3,261621577.20551282,33.37798469558341,3,2517.85009765625
2023-12-11,303429692.8224585,33.722322640280005,3,262858057.20551282,33.691373565452444,3,2525.360107421875
2023-12-12,303769642.8224585,33.796494292881924,3,263153207.20551282,33.76574465634655,3,2535.27001953125
2023-12-13,302379558.2224585,54.871348108106574,5,261945956.60551283,54.872249933776985,5,2510.659912109375
2023-12-14,303297339.2584585,45.20699401294736,4,262740114.3775128,45.18472951161993,4,2544.179931640625
2023-12-15,302021576.8584585,87.93777012973759,8,261635651.9775128,87.92171031024897,8,2563.56005859375
2023-12-18,302071819.7996585,77.3597815761112,7,261678480.87071282,77.34323408121392,7,2566.860107421875
2023-12-19,301074899.7996585,88.18759058848026,8,260815190.87071282,88.18663868164566,8,2568.550048828125
2023-12-20,307390199.7996585,88.43027532340412,8,266287840.87071282,88.42942254893565,8,2614.300048828125
2023-12-21,307005519.99965847,99.9989185863308,10,265954205.0707128,99.96924091849156,10,2600.02001953125
2023-12-22,307872619.99965847,99.9989216320508,10,266706586.6707128,99.99156876063935,11,2599.510009765625
2023-12-26,303717386.3996585,89.98767019559317,9,263112231.0707128,89.97272344073498,11,2602.590087890625
2023-12-27,300785392.7996585,99.99943720682619,10,260870529.4707128,99.98481642568319,12,2613.5
2023-12-28,307675046.7996585,99.99104678785459,10,266578649.0707128,99.99437724260174,12,2655.280029296875
2024-01-02,308267141.7996585,99.99837744638327,11,269479546.5707128,99.9986208338406,13,2669.81005859375
2024-01-03,300366640.7516585,90.62110203677705,10,263653196.5707128,99.99859035628577,13,2607.31005859375
2024-01-04,298397104.8116585,90.44592445705773,10,260552761.5307128,90.50033421818283,12,2587.02001953125
2024-01-05,299295652.00505847,81.75721844294094,9,262726191.5307128,90.57892120062215,12,2578.080078125
2024-01-08,298457090.00505847,92.45626565457806,10,261484342.3307128,99.97024971743264,13,2567.820068359375
2024-01-09,301321431.0450585,81.4061911060417,8,264212996.55071282,88.98709490805543,11,2561.239990234375
2024-01-10,302512662.12105846,71.62668778250672,7,265555543.93071282,79.30301016609423,10,2541.97998046875
2024-01-11,301548562.12105846,71.53597366960737,7,264627593.93071282,79.23043356351437,10,2540.27001953125
2024-01-12,299793162.12105846,71.36930625308973,7,262720683.93071282,79.0796814668738,10,2525.050048828125
2024-01-15,299495562.12105846,71.34085676823346,7,262045653.93071282,79.0257906947599,10,2525.989990234375
2024-01-16,297248762.12105846,71.12423227313495,7,260137373.93071282,78.87193097238236,10,2497.590087890625
2024-01-17,294053772.5830585,59.12541045563064,5,256445682.69471282,57.490685142674714,7,2435.89990234375
2024-01-18,295502672.5830585,59.32582553909893,5,257546662.69471282,57.67240718473858,7,2440.0400390625
2024-01-19,294839172.5830585,59.23429321482067,5,256927126.4947128,57.54777318269765,6,2472.739990234375
2024-01-22,297357372.5830585,59.57952159081381,5,259044346.4947128,57.89474351761659,6,2464.35009765625
2024-01-23,297377572.5830585,59.58226723722142,5,259081996.4947128,57.900862286685886,6,2478.610107421875
2024-01-24,293656167.7070585,48.255448236101834,4,255819358.1067128,46.63715478100457,5,2469.68994140625
2024-01-25,296301667.7070585,48.71744432525895,4,258000338.1067128,47.08825224475125,5,2470.340087890625
2024-01-26,299716167.7070585,49.301678027734916,4,260959935.3467128,47.68207036634959,4,2478.56005859375
2024-01-29,296254967.7070585,48.70936042587813,4,258071235.3467128,47.09645375111665,4,2500.64990234375
2024-01-30,294288771.7070585,38.02411466496194,3,256408699.3467128,36.47095447161507,3,2498.81005859375
2024-01-31,296109171.7070585,38.405125833962536,3,257892699.3467128,36.83652163890187,3,2497.090087890625
2024-02-01,295913971.7070585,38.36449470266498,3,257844899.3467128,36.82481221872986,3,2542.4599609375
2024-02-02,300882395.6250585,89.95260737596283,8,262220196.7367128,89.98729424222232,8,2615.31005859375
2024-02-05,293958179.1130585,90.0824773098605,8,256334731.9191128,90.08957478024122,8,2591.31005859375
2024-02-06,295369752.3930585,99.99768683387411,9,257178051.3591128,99.99498349138094,9,2576.199951171875
2024-02-07,300951492.3930585,99.9977297361099,9,262289881.3591128,99.99508125931281,9,2609.580078125
2024-02-08,304148799.4130585,99.99989169345427,10,264913778.3791128,99.99758473147303,10,2620.320068359375
2024-02-13,302452749.4130585,99.99989108610878,10,263322918.3791128,99.99757013967785,10,2649.639892578125
2024-02-14,297609052.49105847,90.09263923786581,9,258835008.1803128,90.0710076426719,9,2620.419921875
2024-02-15,296468908.49105847,98.06151393064822,10,257537898.9803128,98.07033100759563,10,2613.800048828125
2024-02-16,303323062.8910585,99.9759718597182,11,263659516.3803128,99.96830139815918,11,2648.760009765625
2024-02-19,311286873.8110585,99.9989707850449,12,270396016.3803128,99.96909111996855,11,2680.260009765625
2024-02-20,308690693.8110585,99.99896212904284,12,267615491.7103128,99.97041213503495,11,2657.7900390625
2024-02-21,307363903.8110585,99.99895764889149,12,266634311.7103128,99.97030325549441,11,2653.31005859375
2024-02-22,306730541.6370585,90.35358478515343,11,266100765.1803128,90.30502405251201,10,2664.27001953125
2024-02-23,309915540.4370585,99.98224340832314,12,268693736.5803128,99.97698622189716,11,2667.699951171875
2024-02-26,304102872.72225845,75.2351491953709,10,263273262.51311278,73.72842503911014,9,2647.080078125
2024-02-27,299933447.65375847,75.0099297060445,10,259999748.89386278,73.42688327092702,9,2625.050048828125
2024-02-28,304002017.72375846,99.99542462781577,13,263732224.3988628,99.99455843938088,12,2652.2900390625
2024-02-29,302777364.47375846,99.99540612166216,13,262488549.7738628,99.99453265718631,12,2642.360107421875
2024-03-04,310142317.7037585,99.96483140238132,13,268639569.0488628,99.99673296495602,12,2674.27001953125
2024-03-05,308359396.9537585,99.99582282755586,14,267074444.6738628,99.99671381929728,12,2649.39990234375
2024-03-06,319071100.7037585,99.99596306160913,14,276252536.5488628,99.99682299790892,12,2641.489990234375
2024-03-07,317144991.7037585,99.99593854416894,14,274816291.0488628,99.99680639425365,12,2647.6201171875
2024-03-08,322885764.3874177,99.99818045433724,15,279852503.73252195,99.99936720272207,13,2680.35009765625
2024-03-11,314599451.1374177,99.99813252887112,15,272505719.10752195,99.99935014243677,13,2659.840087890625
2024-03-12,311448574.9325216,99.99617956751796,14,269723952.65262586,99.99711018337482,12,2681.81005859375
2024-03-13,315844287.5990255,99.99623273777974,14,273056263.81912977,99.99714544998278,12,2693.570068359375
2024-03-14,322000864.9325216,99.99630476690675,14,278167980.15262586,99.9971979062358,12,2718.760009765625
2024-03-15,314716708.5160177,99.99884588824702,15,272023056.36112195,99.99713460773137,12,2666.840087890625
2024-03-18,316407557.5160177,99.9988520556999,15,273350244.36112195,99.99714851997147,12,2685.840087890625
2024-03-19,310803731.6825216,99.99883135813656,15,268379952.2776259,99.99709571167304,12,2656.169921875
2024-03-20,313189202.43601763,96.53064201511184,14,270321389.131122,95.12399459399332,11,2690.139892578125
2024-03-21,330246953.2660177,99.9992394532344,15,284670360.826122,99.99974079927965,12,2754.860107421875
2024-03-22,332931543.8490255,99.99924558589657,15,286822116.7841298,99.9997427438183,12,2748.56005859375
2024-03-25,330809801.2660177,99.99924074724753,15,284833886.826122,99.99974094808938,12,2737.570068359375
2024-03-26,340967237.0160177,99.99926336543548,15,293237822.701122,99.99974837228734,12,2757.090087890625
2024-03-27,337330320.2660177,99.99925542343196,15,289970857.326122,99.99974553731616,12,2755.110107421875
2024-03-28,331100725.2660177,99.99924141437033,15,284768417.326122,99.99974088853223,12,2745.820068359375
2024-03-29,332825764.3490255,99.99924534612683,15,286258871.5341298,99.99974223763898,12,2746.6298828125
2024-04-01,328755311.0990255,99.99672836235388,15,282761096.2091298,99.99776041764204,12,2747.860107421875
2024-04-02,335272410.03101766,99.97446906009544,13,288703024.251122,99.99780651150353,12,2753.159912109375
2024-04-03,330740722.09202546,81.27821514270846,10,284813441.2061298,81.24233662801021,9,2706.969970703125
2024-04-04,341024772.75901765,80.24142883216985,9,293259704.873122,80.17902849463266,8,2742.0
2024-04-05,328475199.8223507,91.1511201338577,9,282391115.476455,91.05568267123442,8,2714.2099609375
2024-04-08,327306253.8223507,91.11951712412841,9,281055298.476455,91.01317156681502,8,2717.64990234375
2024-04-09,330390669.5723507,91.20242231417326,9,283348289.351455,91.08589731236178,8,2705.159912109375
2024-04-11,338076224.92235065,82.50533664828542,8,289184955.226455,82.24883399060073,7,2706.9599609375
2024-04-12,344279119.17235065,82.82053888004118,8,294552304.351455,82.57229676424312,7,2681.820068359375
2024-04-15,345476898.72235066,72.85217316434046,7,295423411.326455,72.40151594270287,6,2670.429931640625
2024-04-16,326778463.47235066,71.29876025924628,7,280412527.701455,70.9241296226039,6,2609.6298828125
2024-04-17,331955046.22235066,71.74633394199755,7,284712275.076455,71.36323572471164,6,2584.179931640625
2024-04-18,348867864.72235066,73.11604773429224,7,298826593.326455,72.7158208481852,6,2634.699951171875
2024-04-19,345078354.61035067,65.97318535295095,6,295291941.286455,65.32850859714564,5,2591.860107421875
2024-04-22,335378963.43035066,55.04349292269711,5,287774116.596455,54.487725947876854,4,2629.43994140625
2024-04-23,345161515.43035066,56.31764820525736,5,295952675.596455,55.745443310320994,4,2623.02001953125
2024-04-24,354579261.93035066,57.477866412851,5,304072039.846455,56.927133233758944,4,2675.75
2024-04-25,345393685.93035066,56.3470110855603,5,296575002.846455,55.838306216163794,4,2628.6201171875
2024-04-26,348725544.68035066,56.764088627761986,5,299199302.221455,56.22565172310646,4,2656.330078125
2024-04-29,345038460.43035066,56.30206927010504,5,296240993.096455,55.78851420005508,4,2687.43994140625
2024-04-30,338868490.74772567,88.71020599928762,8,290617505.957955,88.16944646045629,7,2692.06005859375
2024-05-02,342655323.20671004,99.34462581298159,9,294084590.4032675,98.80645237724653,8,2683.64990234375
2024-05-03,338387286.30398834,89.66049568938075,9,290583234.00067186,89.6571435103505,8,2676.6298828125
2024-05-07,350287423.9539883,87.49642765943506,9,300253214.12567186,87.20782457316321,8,2734.360107421875
2024-05-08,352664261.51033205,99.96658871799133,11,302099678.12567186,97.8924301028142,9,2745.050048828125
2024-05-09,350106298.9463321,90.2853899831803,11,299593950.16467184,90.24588567338908,9,2712.139892578125
2024-05-10,353684269.2804258,99.994738057399,12,302971881.9339219,99.98972326368272,10,2727.6298828125
2024-05-13,353678124.9366758,99.99473796598485,12,303451672.08392185,99.9980110436102,11,2727.2099609375
2024-05-14,348440023.7023008,99.99465886179189,12,299198077.20892185,99.99798276730982,11,2730.340087890625
2024-05-16,349383161.5460508,99.99467327985816,12,300065622.61592185,99.99024032537731,10,2753.0
2024-05-17,342872431.8976133,99.99917486418414,13,294183846.80342185,99.99004519495544,10,2724.6201171875
2024-05-20,360608803.7696133,99.95991626626213,14,309259028.5661718,98.95739036104425,10,2742.139892578125
2024-05-21,359235106.7930508,99.95976298808078,14,308246913.3786718,99.94281193630144,11,2724.179931640625
2024-05-22,361194943.3027383,99.98533986183358,14,309602340.6911718,99.99452121675374,12,2723.4599609375
2024-05-23,353395657.7466133,98.54494053986785,12,302776226.16617185,98.96263254187994,11,2721.81005859375
2024-05-24,368790148.00005084,97.01111609335567,11,315301730.85367185,99.00384243604755,11,2687.60009765625
2024-05-27,372386842.42661333,87.4363336045947,10,318129467.49117184,89.37198760372297,10,2722.989990234375
2024-05-28,380302414.82286334,99.97136625521716,10,324658279.10117185,99.87430195764554,10,2722.85009765625
2024-05-29,373222876.7791133,99.98642135141858,11,318659947.4511719,99.99981933682709,11,2677.300048828125
2024-05-30,367649484.24826956,99.97154802023532,10,313894650.83292186,99.87956142668608,10,2635.43994140625
2024-05-31,369123083.9124924,91.44140388684502,9,314832062.9739493,91.29127360315331,9,2636.52001953125
2024-06-03,365393753.9124924,91.35405201259728,9,312323992.9739493,91.2213395093741,9,2682.52001953125
2024-06-04,364532745.51249236,89.43932582562104,8,310968262.25394934,89.40658702107439,8,2662.10009765625
2024-06-05,350408315.51249236,89.01364099873369,8,299690922.25394934,89.00795793005865,8,2689.5
2024-06-07,341024915.51249236,88.71134812697223,8,292304492.25394934,88.73019295737346,8,2722.669921875
2024-06-10,357150445.7124924,99.9858671007979,10,305530253.05394936,99.99777008859802,10,2701.169921875
2024-06-11,348335371.1524924,90.20785599818971,9,298196097.45394933,90.20574122085563,9,2705.320068359375
2024-06-12,345337671.1524924,90.1228553958046,9,296158127.45394933,90.13834342314624,9,2728.169921875
2024-06-13,353400711.1524924,90.34820811727961,9,302765417.45394933,90.35355566710601,9,2754.889892578125
2024-06-14,362643985.1524924,99.95036312199782,10,309402117.1539494,99.98631323071125,10,2758.419921875
2024-06-17,359296268.5524924,99.99683588350689,11,306422185.95394933,99.99618632250372,11,2744.10009765625
2024-06-18,360860568.5524924,99.99684959968388,11,306082365.95394933,99.9961820884673,11,2763.919921875
2024-06-19,361648198.5524924,99.99685646090927,11,306188016.94194937,90.13720483134557,10,2797.330078125
2024-06-20,363959348.5524924,99.99687642245279,11,307683719.94194937,99.94140738353548,11,2807.6298828125
2024-06-21,375414308.5524924,99.9969717317019,11,316495349.14194936,99.98748823890881,12,2784.260009765625
2024-06-24,362377822.07249236,99.99914120779397,12,307761734.07794935,99.95552271033323,12,2764.72998046875
2024-06-25,357292463.6524924,89.7635586044533,10,302448258.39794934,89.63552358873102,10,2774.389892578125
2024-06-26,360573227.6524924,99.99359973211472,11,303124284.39794934,99.98260964209646,11,2792.050048828125
2024-06-27,364504010.4724924,99.99877903332623,12,306664920.0379493,99.99495865456427,12,2784.06005859375
2024-06-28,362554636.25249237,90.54545913222846,11,308460497.25794935,90.45862354512856,12,2797.820068359375
2024-07-01,355278338.25249237,99.9871795582257,12,302821403.6579493,99.9815258573953,13,2804.31005859375
2024-07-02,354118572.3564924,80.33565088295045,10,298067318.71594936,72.01700640135083,10,2780.860107421875
2024-07-03,355817247.51849234,99.95448856973019,11,298856641.99994934,93.6326989848355,11,2794.010009765625
2024-07-04,353201853.51849234,99.98876180345688,12,298254701.99994934,99.97274745396994,12,2824.93994140625
2024-07-05,352521026.37849236,90.39567179117971,12,296198104.35994935,90.21238355910648,12,2862.22998046875
2024-07-08,351796263.37849236,99.9962411827899,13,295626690.1399493,99.99635346187983,13,2857.760009765625
2024-07-09,353860558.88849235,91.13206937018919,11,296354756.91534936,90.92652427947019,11,2867.3798828125
2024-07-10,361621037.48849237,99.99396675352632,12,302811932.31534934,99.9987740524883,12,2867.989990234375
2024-07-11,362288057.48849237,99.9939778615272,12,304111662.31534934,99.99877929201364,12,2891.35009765625
2024-07-12,355508292.44849235,91.07452818330822,11,299114807.0673493,90.90188568925583,11,2857.0
2024-07-15,354479497.64849234,99.97454361984516,12,298503399.8673493,99.97788304341637,12,2860.919921875
2024-07-16,353544797.44849235,99.9961681097869,12,297844111.3673493,99.99776682932598,13,2866.090087890625
2024-07-17,348522677.7464924,91.66482711130129,12,295497582.2893493,91.569886258847,12,2843.2900390625
2024-07-18,338121165.7464924,91.04231890375038,12,288539722.2893493,99.99268652191738,13,2824.35009765625
2024-07-19,336813484.14649236,90.51099031041416,11,286782329.88934934,99.5015453393168,12,2795.4599609375
2024-07-22,332147110.0114924,82.27828325543591,10,286513779.20934933,99.49747645180538,11,2763.510009765625
2024-07-23,336138081.0114924,38.10796135163885,8,290611262.20934933,58.76243016245573,9,2774.2900390625
2024-07-24,334646151.0114924,37.83203231751863,8,289333272.20934933,58.58028311288118,9,2758.7099609375
2024-07-25,331448087.9814924,37.16624245751527,7,284832472.20934933,57.92578659315668,9,2710.64990234375
2024-07-26,337776287.9814924,38.34342569573636,7,294303732.20934933,59.27981568235706,9,2731.89990234375
2024-07-29,341456687.9814924,39.00799272299491,7,298815962.20934933,59.89470531517684,9,2765.530029296875
2024-07-30,340774867.9814924,38.88596033648727,7,297355122.20934933,59.69767686565134,9,2738.18994140625
2024-07-31,338705447.9814924,38.512566236350516,7,296232822.20934933,59.54498852775435,9,2770.68994140625
2024-08-01,340103777.9814924,38.76537061201788,7,298862692.20934933,59.90097615616663,9,2777.679931640625
2024-08-02,334137281.0614924,37.63805092340339,6,290163669.60934937,52.6501199153147,8,2676.18994140625
2024-08-05,324554946.3104924,15.973945425685212,3,275211788.00934935,20.691668191940042,4,2441.550048828125
2024-08-06,326345917.65049237,16.423049010651273,2,277336980.6893493,21.271090445049158,3,2522.14990234375
2024-08-07,326658917.65049237,16.503131274585225,2,277659630.6893493,21.362576134217722,3,2568.409912109375
2024-08-08,328511367.65049237,16.973963610088923,2,279858480.6893493,21.980430912251812,3,2556.72998046875
2024-08-09,328526117.65049237,16.977691271212212,2,279898680.6893493,21.99163634798164,3,2588.429931640625
2024-08-12,328168867.65049237,16.887311827221357,2,279457680.6893493,21.868534745314356,3,2618.300048828125
2024-08-13,328112267.65049237,16.872974727958763,2,279225230.6893493,21.803491700838702,3,2621.5
2024-08-14,329152117.65049237,17.135587764891792,2,280543380.6893493,22.17090271285854,3,2644.5
2024-08-16,329698367.65049237,17.272878966865264,2,281148580.6893493,22.338437507317355,3,2697.22998046875
2024-08-19,330893192.85049236,28.29506681399254,3,282174453.0893493,33.35856558573513,4,2674.360107421875
2024-08-20,333410648.07060957,71.7565517192031,7,283951574.26024777,76.74363181067446,8,2696.6298828125
2024-08-21,335558696.77060956,93.26551125988529,9,285562236.3602478,98.21536777610879,10,2701.1298828125
2024-08-22,330592633.05049235,99.99598204885277,10,281711207.68934935,99.99926602517297,11,2707.669921875
2024-08-23,334451561.13037515,99.9981476389372,10,283802499.6184509,99.98053213434568,11,2701.68994140625
2024-08-26,337583611.13037515,99.99816482486469,10,285837160.0184509,99.9963753175589,12,2698.010009765625
2024-08-27,333940531.46237516,94.90808572771043,9,282330024.1604509,92.71556934388906,12,2689.25
2024-08-28,328275149.30260956,99.98631782436539,10,278054369.1022478,99.98310458796206,13,2689.830078125
2024-08-29,328951915.1824924,99.9863459732504,10,278012148.43134934,99.98310202211867,13,2662.280029296875
2024-08-30,326636999.30260956,99.98624920551306,10,276302539.1022478,99.98299746665305,13,2674.31005859375
2024-09-02,330336353.70260954,99.9993856012305,11,279008213.50224775,99.99853307854349,14,2681.0
2024-09-03,332559683.70260954,99.99938970879761,11,280919393.50224775,99.99854305845592,14,2664.6298828125
2024-09-04,327102369.58249235,99.99937952681451,11,276217976.59134936,98.29020665141702,13,2580.800048828125
2024-09-05,324525064.82760954,89.76238068848672,10,274300028.7072478,87.96424185883542,12,2575.5
2024-09-06,322391024.82760954,89.69461363719482,10,272869768.7072478,87.90115585439992,12,2544.280029296875
2024-09-09,320840243.3873752,84.81201516586,9,270484821.16545093,80.85859620023568,11,2535.929931640625
2024-09-10,318717817.50749236,84.71087437515261,9,269797801.83634937,80.80985408926566,11,2523.429931640625
2024-09-11,311727764.6124923,73.7533630620936,8,263753582.78274935,69.65316188759488,8,2513.3701171875
2024-09-12,315067336.6124923,52.47810572104994,6,265833867.78274935,45.88706887404202,6,2572.090087890625
2024-09-13,318820086.6124923,53.03747382940909,6,268347517.78274935,46.393952524200785,6,2575.409912109375
2024-09-19,316232776.5844923,46.037833766766916,5,268091867.78274935,46.342834278240815,6,2580.800048828125
2024-09-20,316668156.5844923,46.112025148016066,5,268465697.78274935,46.41755018581272,6,2593.3701171875
2024-09-23,314939406.5844923,45.81622590988429,5,266985247.78274935,46.12043212971712,6,2602.010009765625
2024-09-24,315086516.5844923,45.841523644274204,5,267113707.78274935,46.14634382607321,6,2631.679931640625
2024-09-25,312176098.25049233,34.74277838944992,4,264629066.59074935,35.00046355196484,5,2596.320068359375
2024-09-26,316016698.25049233,35.53585953581016,4,267907331.29074934,35.770633650931,4,2671.570068359375
2024-09-27,316266515.65049237,56.80472042084178,6,268113172.29074934,57.050949303648814,6,2649.780029296875
2024-09-30,313318462.7704924,56.38509088735319,5,265610419.41074935,56.63068502120387,5,2593.27001953125
2024-10-02,312219212.7704924,56.23153310845596,5,264672069.41074935,56.47692645952051,5,2561.68994140625
2024-10-04,312410962.7704924,56.25839709380407,5,264837019.41074935,56.5040341916513,5,2569.7099609375
2024-10-07,313976161.1724924,46.59890402304156,4,266173091.67074934,46.83364092798684,4,2610.3798828125
2024-10-08,316171211.1724924,46.96964642963047,4,268041041.67074934,47.204151726667284,4,2594.360107421875
2024-10-10,318313111.1724924,47.326482859942715,4,269867441.6707493,47.561461732977946,4,2599.159912109375
2024-10-11,319462361.1724924,47.51597322541499,4,270841091.6707493,47.74997368464942,4,2596.909912109375
2024-10-14,320251811.1724924,47.64535115082156,4,271515041.6707493,47.87966780773941,4,2623.2900390625
2024-10-15,318227661.1724924,47.312339048487,4,269797691.6707493,47.54790495263088,4,2633.449951171875
2024-10-16,319013861.1724924,47.44218619333467,4,270468791.6707493,47.678051579784594,4,2610.360107421875
2024-10-17,318553311.1724924,47.36620047822919,4,270079541.6707493,47.602642986091865,4,2609.300048828125
2024-10-18,317419711.1724924,47.178229558220835,4,269118041.6707493,47.415438670632,4,2593.820068359375
2024-10-21,317532211.1724924,47.19694403494355,4,269211341.6707493,47.43366278980016,4,2604.919921875
2024-10-22,315863761.1724924,46.91802866206927,4,267794291.67074934,47.15550477650204,4,2570.699951171875
2024-10-23,314853161.1724924,46.7476487934526,4,266929091.67074934,46.984219372647416,4,2599.6201171875
2024-10-24,315553861.1724924,46.86589777431369,4,267531191.67074934,47.10353555898211,4,2581.030029296875
2024-10-25,314405111.1724924,46.671760345363715,4,266553041.67074934,46.90942531222345,4,2583.27001953125
2024-10-28,316867411.1724924,47.08616119528302,4,268636541.6707493,47.32118691276384,4,2612.429931640625
2024-10-29,317104676.7724924,35.916215793219635,3,268839459.27074933,36.07896707689642,3,2617.800048828125
2024-10-30,314768826.7724924,35.44066010089055,3,266856609.27074933,35.6040085571208,3,2593.7900390625
2024-10-31,317069326.7724924,35.909071104091964,3,268810509.27074933,36.072082993725175,3,2556.14990234375
2024-11-01,315070776.7724924,35.502530937920326,3,267117159.27074933,35.6668213528852,3,2542.360107421875
2024-11-04,317759976.7724924,36.04837247392323,3,269408559.27074933,36.21399418937943,3,2588.969970703125
2024-11-05,316734826.7724924,35.8413854127705,3,268539909.27074933,36.0076646568423,3,2576.8798828125
2024-11-06,316212420.75249237,25.885811128231857,2,268099556.34074932,26.053213572358118,2,2563.510009765625
2024-11-07,315736020.75249237,25.77398353410952,2,267692756.34074932,25.940840144216214,2,2564.6298828125
2024-11-08,316116320.75249237,25.863280265119116,2,268017656.34074932,26.030617143857437,2,2561.14990234375
2024-11-11,315504670.75249237,25.71955584887612,2,267495806.34074932,25.88631236775075,2,2531.659912109375
2024-11-12,314960370.75249237,25.59118780798621,2,267031106.34074932,25.757336267869874,2,2482.570068359375
2024-11-13,313511470.75249237,25.24730588326352,2,265795406.34074932,25.412177332142523,2,2417.080078125
2024-11-14,312967170.75249237,25.117298984105663,2,265330706.34074932,25.2815442754874,2,2418.860107421875
2024-11-15,312966620.75249237,25.11716738705081,2,265329956.34074932,25.281333071134277,2,2416.860107421875
2024-11-18,313936670.75249237,25.348551925856285,2,266158406.34074932,25.513903894157508,2,2469.070068359375
2024-11-19,313675470.75249237,25.286389085420623,2,265935206.34074932,25.45138755087379,2,2471.949951171875
2024-11-20,313127620.75249237,25.15566969490124,2,265468556.34074932,25.32034336816941,2,2482.2900390625
2024-11-21,313277648.0524924,13.154018569845475,1,265596113.64074934,13.248763138001435,1,2480.6298828125
2024-11-22,313595248.0524924,13.241973613404042,1,265867313.64074934,13.337254404997742,1,2501.239990234375
2024-11-25,313158548.0524924,13.120989433477792,1,265494413.64074934,13.215532303996758,1,2534.340087890625
2024-11-26,312285148.0524924,12.878005966918424,1,264748613.64074934,12.97105942416704,1,2520.360107421875
2024-11-27,313754048.0524924,13.285884360295464,1,266002913.64074934,13.381432373358468,1,2503.06005859375
2024-11-28,313714348.0524924,13.274910841193558,1,265969013.64074934,13.370392104410037,1,2504.669921875
2024-11-29,312563048.0524924,12.955466185881118,1,264985913.64074934,13.048995520146253,1,2455.909912109375
2024-12-02,312920348.0524924,13.054855733813511,1,265291013.64074934,13.148994201227582,1,2454.47998046875
2024-12-03,314071648.0524924,13.373572641927836,1,266274113.64074934,13.469653324389549,1,2500.10009765625
2024-12-04,313317348.0524924,13.165022701867555,1,265630013.64074934,13.259834428061298,1,2464.0
2024-12-05,311888148.0524924,12.767109057731249,1,264409613.64074934,12.859479476490504,1,2441.85009765625
2024-12-06,312125474.6524924,0.0,0,264612267.84074932,0.0,0,2428.159912109375
2024-12-09,312125474.6524924,0.0,0,264612267.84074932,0.0,0,2360.580078125
2024-12-10,312125474.6524924,0.0,0,264612267.84074932,0.0,0,2417.840087890625
2024-12-11,312125474.6524924,0.0,0,264612267.84074932,0.0,0,2442.510009765625
2024-12-12,312125474.6524924,0.0,0,264612267.84074932,0.0,0,2482.1201171875
2024-12-13,312125474.6524924,0.0,0,264612267.84074932,0.0,0,2494.4599609375
2024-12-16,312125474.6524924,0.0,0,264612267.84074932,0.0,0,2488.969970703125
2024-12-17,312125474.6524924,0.0,0,264612267.84074932,0.0,0,2456.81005859375
2024-12-18,312125474.6524924,0.0,0,264612267.84074932,0.0,0,2484.429931640625
2024-12-19,312125474.6524924,0.0,0,264612267.84074932,0.0,0,2435.929931640625
2024-12-20,312125474.6524924,0.0,0,264612267.84074932,0.0,0,2404.14990234375
2024-12-23,312125474.6524924,0.0,0,264612267.84074932,0.0,0,2442.010009765625
2024-12-24,312125474.6524924,0.0,0,264612267.84074932,0.0,0,2440.52001953125
2024-12-26,312125474.6524924,0.0,0,264612267.84074932,0.0,0,2429.669921875
2024-12-27,312125474.6524924,0.0,0,264612267.84074932,0.0,0,2404.77001953125
2024-12-30,312125474.6524924,0.0,0,264612267.84074932,0.0,0,2399.489990234375
2025-01-02,312125474.6524924,0.0,0,264612267.84074932,0.0,0,2398.93994140625
2025-01-03,312125474.6524924,0.0,0,264612267.84074932,0.0,0,2441.919921875
2025-01-06,312125474.6524924,0.0,0,264612267.84074932,0.0,0,2488.639892578125
2025-01-07,312125474.6524924,0.0,0,264612267.84074932,0.0,0,2492.10009765625
2025-01-08,312125474.6524924,0.0,0,264612267.84074932,0.0,0,2521.050048828125
2025-01-09,312125474.6524924,0.0,0,264612267.84074932,0.0,0,2521.89990234375
2025-01-10,312125474.6524924,0.0,0,264612267.84074932,0.0,0,2515.780029296875
2025-01-13,312125474.6524924,0.0,0,264612267.84074932,0.0,0,2489.56005859375
2025-01-14,312125474.6524924,0.0,0,264612267.84074932,0.0,0,2497.39990234375
2025-01-15,312125474.6524924,0.0,0,264612267.84074932,0.0,0,2496.81005859375
2025-01-16,312125474.6524924,0.0,0,264612267.84074932,0.0,0,2527.489990234375
2025-01-17,312125474.6524924,0.0,0,264612267.84074932,0.0,0,2523.550048828125
2025-01-20,312125474.6524924,0.0,0,264612267.84074932,0.0,0,2520.050048828125
2025-01-21,312125474.6524924,0.0,0,264612267.84074932,0.0,0,2518.030029296875
2025-01-22,312125474.6524924,0.0,0,264612267.84074932,0.0,0,2547.06005859375
2025-01-23,312125474.6524924,0.0,0,264612267.84074932,0.0,0,2515.489990234375
2025-01-24,312125474.6524924,0.0,0,264612267.84074932,0.0,0,2536.800048828125
2025-01-31,312125474.6524924,0.0,0,264612267.84074932,0.0,0,2517.3701171875
2025-02-03,312125474.6524924,0.0,0,264612267.84074932,0.0,0,2453.949951171875
2025-02-04,312125474.6524924,0.0,0,264612267.84074932,0.0,0,2481.68994140625
2025-02-05,312125474.6524924,0.0,0,264612267.84074932,0.0,0,2509.27001953125
2025-02-06,312125474.6524924,0.0,0,264612267.84074932,0.0,0,2536.75
2025-02-07,312125474.6524924,0.0,0,264612267.84074932,0.0,0,2521.919921875
2025-02-10,312125474.6524924,0.0,0,264612267.84074932,0.0,0,2521.27001953125
2025-02-11,312125474.6524924,0.0,0,264612267.84074932,0.0,0,2539.050048828125
2025-02-12,312125474.6524924,0.0,0,264612267.84074932,0.0,0,2548.389892578125
2025-02-13,312125474.6524924,0.0,0,264612267.84074932,0.0,0,2583.169921875
2025-02-14,312125474.6524924,0.0,0,264612267.84074932,0.0,0,2591.050048828125
2025-02-17,312125474.6524924,0.0,0,264612267.84074932,0.0,0,2610.419921875
2025-02-18,312125474.6524924,0.0,0,264612267.84074932,0.0,0,2626.81005859375
2025-02-19,308756080.45249236,53.306788244879534,5,261757164.44074932,53.14274789658621,5,2671.52001953125
2025-02-20,304477973.1544924,43.06075038586598,4,258143215.3363493,42.898280264973046,4,2654.06005859375
2025-02-21,311565938.7744924,55.02752344314866,5,263278215.3363493,44.01199691055561,4,2654.580078125
2025-02-24,309161563.7744924,65.4031269383438,6,260789768.63634932,65.20270748700655,6,2645.27001953125
2025-02-25,309043730.5504924,55.3685233139014,5,260689942.5643493,55.09758013182464,5,2630.2900390625
2025-02-26,306390550.5504924,54.9820383485483,5,258461902.5643493,54.710504177610545,5,2641.090087890625
2025-02-27,303582149.37049234,44.33495852081289,4,256103038.72434932,44.05748583149174,4,2621.75
2025-02-28,297009735.29049236,22.40726215082095,2,250577832.96434933,22.158085311520555,2,2532.780029296875
2025-03-04,297092015.29049236,22.42875155525341,2,250644672.96434933,22.178843596610932,2,2528.919921875
2025-03-05,299615505.29049236,23.082089804714307,2,252763142.96434933,22.831081827519224,2,2558.1298828125
2025-03-06,300291395.29049236,23.255215132769745,2,253346812.96434933,23.008866509089586,2,2576.159912109375
2025-03-07,301003745.29049236,23.436837947620145,2,253955862.96434933,23.19351060159168,2,2563.47998046875
2025-03-10,300451765.29049236,23.29617865028231,2,253491922.96434933,23.05293964266409,2,2570.389892578125
2025-03-11,299649825.29049236,23.090899496745145,2,252822102.96434933,22.849078194775498,2,2537.60009765625
2025-03-12,298032395.29049236,22.673511694638155,2,251277990.98334932,11.823677785599902,1,2574.820068359375
2025-03-13,298104245.29049236,22.692149162143277,2,251602890.98334932,11.937541688258138,1,2573.639892578125
2025-03-14,299300915.29049236,23.00124272362587,2,251927790.98334932,12.051111900555105,1,2566.360107421875
2025-03-17,299038475.29049236,22.933667627010017,2,251494590.98334932,11.899619742510234,1,2610.68994140625
2025-03-18,295096207.1379826,44.4206197135639,4,248177651.2745056,33.223486355818025,3,2612.340087890625
2025-03-19,295017436.2366154,55.35741705434749,5,248157606.29638058,44.16140196821699,4,2628.6201171875
2025-03-20,293860324.0045451,66.51152030324909,6,247194526.69250557,44.53863762984074,4,2637.10009765625
2025-03-21,296598653.05063885,77.44532719450781,7,249689112.75500557,55.71111171489649,5,2643.1298828125
2025-03-24,295763801.46763104,77.38166218816677,7,247863428.58313057,55.38489367299228,5,2632.070068359375
2025-03-25,293613877.94907635,77.21604434764798,7,246128086.38000557,66.20872756483311,6,2615.81005859375
2025-03-26,293281239.5303654,66.281474001057,6,245836288.73938057,66.16861870368466,6,2643.93994140625
2025-03-27,290530306.1920842,76.79657475853881,7,243549314.7518806,76.68264578531642,7,2607.14990234375
2025-03-28,286979950.2241701,66.33820095459323,6,240581951.44250557,55.631854107044354,5,2557.97998046875
2025-03-31,282838789.5500089,34.73289507294772,3,237791358.58801463,24.01327800096016,2,2481.1201171875
2025-04-01,282627689.5500089,34.6841458301823,3,237513658.58801463,23.924434635805586,2,2521.389892578125
2025-04-02,284102489.5500089,35.0232059414901,3,238413358.58801463,24.211520840049875,2,2505.860107421875
2025-04-03,283420789.5500089,34.866920015605785,3,238332858.58801463,24.185922302741503,2,2486.699951171875
2025-04-04,285583689.5500089,35.36021267850339,3,240261458.58801463,24.794488616732185,2,2465.419921875
2025-04-07,282569740.5500089,24.402011293136614,2,238805058.58801463,24.33583289383332,2,2328.199951171875
2025-04-08,282315740.5500089,24.333995641249352,2,238591258.58801463,24.26803074960124,2,2334.22998046875
2025-04-09,279508540.5500089,23.574056045064168,2,236222658.58801463,23.50866776791818,2,2293.699951171875
2025-04-10,281843840.5500089,24.20730567212598,2,238191358.58801463,24.140884178530133,2,2445.06005859375
2025-04-11,282684340.5500089,24.43265865580605,2,238902258.58801463,24.366617688779115,2,2432.719970703125
2025-04-14,282752940.5500089,24.450992398352202,2,238959158.58801463,24.38462720755604,2,2455.889892578125
2025-04-15,283772240.5500089,24.72236180114898,2,239818558.58801463,24.65559811056052,2,2477.409912109375
2025-04-16,284326540.5500089,24.86911698894435,2,240280758.58801463,24.80052932668427,2,2447.429931640625
2025-04-17,284203940.5500089,24.836707001104877,2,240179458.58801463,24.76881259943378,2,2470.409912109375
2025-04-18,284967040.5500089,25.0379832917831,2,240822258.58801463,24.969618818695317,2,2483.419921875
2025-04-21,285014140.5500089,25.050371136751576,2,240863958.58801463,24.982608586502845,2,2488.419921875
2025-04-22,285041140.5500089,25.057470603079153,2,240886158.58801463,24.989522168001844,2,2486.639892578125
2025-04-23,284454640.5500089,24.902951086694017,2,240389058.58801463,24.83440816760056,2,2525.56005859375
2025-04-24,285469240.5500089,25.1698571312144,2,241248558.58801463,25.102201793220825,2,2522.330078125
2025-04-25,286209740.5500089,25.36346242461864,2,241874758.58801463,25.296107935022793,2,2546.300048828125
2025-04-28,286362640.5500089,25.40331373543683,2,242002458.58801463,25.335527728823067,2,2548.860107421875
2025-04-29,287105640.5500089,25.596362321275794,2,242625758.58801463,25.527339042829706,2,2565.419921875
2025-04-30,287392140.5500089,25.670534990556725,2,242868758.58801463,25.601851947321013,2,2556.610107421875
2025-05-02,286525740.5500089,25.445776655195434,2,242137058.58801463,25.377032478349236,2,2559.7900390625
2025-05-07,286653840.5500089,25.479093480786,2,242245358.58801463,25.410393973610496,2,2573.800048828125
2025-05-08,285338822.0300089,78.72263521729133,7,241134112.18801463,78.61815911478604,7,2579.47998046875
2025-05-09,290170171.0300089,99.99796290914813,10,245199008.18801463,99.99632209441577,10,2577.27001953125
2025-05-12,291507891.0300089,99.99797225729019,10,246340308.18801463,99.99633913423224,10,2607.330078125
2025-05-13,299466711.0300089,99.99802614788516,10,253066066.24801463,99.99880021527198,11,2608.419921875
2025-05-14,311726631.0300089,99.99810377766269,10,263424396.24801463,99.99884739300616,11,2640.570068359375
2025-05-15,303720549.8300089,99.99133090269208,11,256676629.24801463,99.99998860511192,12,2621.360107421875
2025-05-16,307738960.1500089,99.99953202220212,12,260066449.24801463,99.99998875363788,12,2626.8701171875
2025-05-19,301741490.1500089,99.99952272058835,12,254987389.24801463,99.99998852962308,12,2603.419921875
2025-05-20,306703920.1500089,99.99953044290787,12,259184719.24801463,99.99998871537848,12,2601.800048828125
2025-05-21,310186843.9388839,99.99200149381939,13,262121039.12773338,99.99969642975397,12,2625.580078125
2025-05-22,312074771.684255,99.99634973150633,14,263714183.27617088,99.99969826367567,12,2593.669921875
2025-05-23,322585032.0396456,99.87864753222048,13,272579448.7130459,99.88019167878383,11,2592.090087890625
2025-05-26,329257683.83261436,99.98822779270743,14,278214323.3067959,99.98382151538843,12,2644.39990234375
2025-05-27,329893149.889255,99.99584383699022,15,278776307.4552334,99.99283982858313,13,2637.219970703125
2025-05-28,331324665.03573936,99.99586179403033,15,279983549.48460835,99.99879000695235,14,2670.14990234375
2025-05-29,339076595.4444113,99.99913016200259,16,286565684.37523335,99.9988177993151,14,2720.639892578125
2025-05-30,332591362.784255,99.99911320094338,16,281078424.37523335,99.99879472019566,14,2697.669921875
2025-06-02,332837923.61921597,99.99911385786947,16,281301135.33617085,99.99879567443647,14,2698.969970703125
2025-06-04,349161427.23152065,99.99915528553916,16,295108944.37523335,99.99885202344831,14,2770.840087890625
2025-06-05,348587545.81745815,99.99915389488152,16,294617903.63304585,99.99885011011158,14,2812.050048828125
2025-06-09,355321564.9053488,99.99916993018189,16,300326984.37523335,99.99887196900059,14,2855.77001953125
2025-06-10,350665423.2744894,99.9991589085003,16,296416403.63304585,99.99885708704315,14,2871.85009765625
2025-06-11,352533628.1397238,99.99916336575234,16,297964897.78148335,99.99886302664892,14,2907.0400390625
2025-06-12,356676488.91823685,91.39031874294334,15,301455772.8176218,91.40143425506608,13,2920.030029296875
2025-06-13,350738514.2971431,99.8744669328364,16,296418476.8176218,99.87116295120266,14,2894.6201171875
2025-06-16,363671025.6123775,99.98539338826022,17,307399220.4176218,99.93874076278854,15,2946.659912109375
2025-06-17,365504683.24050254,99.99378686080847,18,308941344.5384343,99.98167046399004,16,2950.300048828125
2025-06-18,366768450.0772213,99.9996546827512,19,310010264.97006714,99.99454264248112,17,2972.18994140625
2025-06-19,368081001.6026119,99.99965591412875,19,311123144.7610946,99.95535703863496,16,2977.739990234375
2025-06-20,368618324.58308065,99.99965641569156,19,311549237.1220321,99.99780741388537,17,3021.840087890625
2025-06-23,369937649.90144,99.99965764103177,19,312614677.75875086,99.99781488656824,17,3014.469970703125
2025-06-24,375554265.755815,92.5340963500194,18,317425215.54750085,92.54524777922934,16,3103.639892578125
2025-06-25,381478349.33379936,93.17897600239621,17,322481628.9654696,93.1997987371673,16,3108.25
2025-06-26,383592750.9607525,99.96635761405865,18,324266241.07137585,99.95126576951358,16,3079.56005859375
2025-06-27,377617912.19551814,93.61466006378511,17,319193857.3409071,93.59702977132007,15,3055.93994140625
2025-06-30,381054183.46895564,99.99735487650877,18,322113159.8877821,99.9909498707462,16,3071.699951171875
2025-07-01,377487572.0138775,99.99732988461912,18,319099616.97762585,99.9908644022862,16,3089.64990234375
2025-07-02,370908774.5587994,99.99728252486526,18,313547648.80446965,99.99128094424638,16,3075.06005859375
2025-07-03,368451802.74044,99.99726440374391,18,311446335.1677509,99.99122211719119,16,3116.27001953125
2025-07-04,360788371.8079244,99.89780362158746,17,304974383.35871965,99.93223855720684,15,3054.280029296875
2025-07-07,362298556.26909626,93.84465725191644,17,306238948.94106334,93.76134476415336,13,3059.469970703125
2025-07-08,384779428.2741744,83.08652076291645,16,325246584.9512196,83.02486839928115,12,3114.949951171875
2025-07-09,393574596.70034623,99.98625487768399,18,332593380.50356334,99.9928345770811,14,3133.739990234375
2025-07-10,394265368.737065,99.9974104472442,19,335479455.9770009,99.99943724651995,15,3183.22998046875
2025-07-11,388440050.19019,99.99737161250076,19,330782278.8832509,99.99942925530358,15,3175.77001953125
2025-07-14,393605448.737065,99.99740610559279,19,335666345.9770009,99.99943755984594,15,3202.030029296875
2025-07-15,401532020.010815,99.99943120607885,20,341559940.1645009,99.99944726471362,15,3215.280029296875
2025-07-16,395892121.63776815,99.99942310301306,20,336586603.41840714,99.99943909760691,15,3186.3798828125
2025-07-17,394333140.91120565,99.99942082227327,20,335529901.96528214,99.99943733112836,15,3192.2900390625
2025-07-18,394447105.04157436,99.9975597546545,19,334340197.05121964,99.99943532894638,15,3188.070068359375
2025-07-21,394328767.22126186,99.99755902233838,19,334029681.41059464,99.99943480402538,15,3210.81005859375
2025-07-22,389334171.07634,99.99711613365704,19,330552564.3207509,99.99847893410728,15,3169.93994140625
2025-07-23,389514531.43962127,99.99711746899924,19,330632425.0473134,99.99847930150449,15,3183.77001953125
2025-07-24,392961623.6001681,99.99762661884492,19,332765314.7684071,99.99368007379977,15,3190.449951171875
2025-07-25,398266592.0029025,99.98543235152376,18,337036307.67387587,99.987734311891,14,3196.050048828125
2025-07-28,398587100.0118869,94.38315988489,18,335598713.6148446,90.28703254127387,14,3209.52001953125
2025-07-29,403889093.4298556,99.98742126788079,19,337633314.8507821,99.94984907061432,15,3230.570068359375
2025-07-30,396132535.1724806,92.1885249931193,19,332701785.6120321,92.1334346982336,15,3254.469970703125
2025-07-31,397854510.69346887,99.99673229959207,19,338501136.6540087,99.99353129084732,15,3245.43994140625
2025-08-01,378423438.88346887,94.39017600334051,17,325551088.92400867,99.9560686697497,14,3119.409912109375
2025-08-04,383890197.9034689,77.22221396091584,13,328364766.0640087,82.92375679153152,10,3147.75
2025-08-05,392823251.22946894,77.69272797493326,12,336349379.8620087,83.24201463218596,9,3198.0
2025-08-06,394932712.4294689,88.28504426871663,13,337760157.4620087,93.79485501798236,10,3198.139892578125
2025-08-07,394243231.4294689,99.98771280630659,15,337967489.4620087,99.96066501478579,11,3227.679931640625
2025-08-08,382634821.4294689,99.98734003630722,15,327592239.4620087,99.99765273377008,12,3210.010009765625
2025-08-11,380179473.8294689,99.9951170879159,15,321810465.4620087,89.3412523384644,11,3206.77001953125
2025-08-12,374460002.1294689,99.99831700864362,15,317383665.4620087,89.19258638844015,11,3189.909912109375
2025-08-13,374607558.7494689,89.16288585179903,14,319629627.2220087,83.23327293286704,10,3224.3701171875
2025-08-14,373942328.7494689,99.75063567887933,15,318919967.2220087,93.85627454038678,11,3225.659912109375
2025-08-18,367884562.7494689,89.68492114323607,15,314768363.2220087,89.67322735700654,11,3177.280029296875
2025-08-19,359227202.7494689,89.43632819034192,15,306572813.2220087,89.39716379923438,11,3151.56005859375
2025-08-20,351945141.7674689,54.91580279511184,9,300139966.0560087,54.991027076080975,6,3130.090087890625
2025-08-21,353296181.7674689,55.08820928274204,9,304259466.0560087,55.60042295244774,6,3141.739990234375
2025-08-22,357168231.7674689,55.57509664779744,9,308773416.0560087,56.249499137093906,6,3168.72998046875
2025-08-25,360083301.7674689,55.93474038128701,9,310973466.0560087,56.5590216524525,6,3209.860107421875
2025-08-26,358472481.7674689,55.73673019889019,9,306919366.0560087,55.98520947311074,6,3179.360107421875
2025-08-27,357985271.7674689,43.612179693641664,8,308048191.0560087,44.301152859289964,5,3187.159912109375
2025-08-28,357173231.7674689,43.483980933127086,8,307229541.0560087,44.15273659353956,5,3196.320068359375
2025-08-29,356336209.7674689,86.23235629085157,12,307734212.0560087,87.07432891836895,9,3186.010009765625
2025-09-01,354265015.4594689,89.33114933450348,12,309029687.8560087,99.96426302703313,11,3142.929931640625
2025-09-02,353146475.4594689,89.29735730470095,12,310571787.8560087,99.96444047388493,11,3172.35009765625
2025-09-03,353400935.4594689,89.30506355046033,12,308688399.4560087,99.92568575417381,10,3184.419921875
2025-09-04,350330519.6594689,78.7385410406519,11,306543599.6060087,89.60883553042733,9,3200.830078125
2025-09-05,351023864.2594689,77.66119564979016,11,304758727.5060087,88.84733251639577,9,3205.1201171875
2025-09-08,349752974.0394689,99.99983587288415,13,303264137.5060087,99.9749269707147,11,3219.590087890625
2025-09-09,352218524.0394689,99.99983702178343,13,305975049.1060087,99.9978105711468,12,3260.050048828125
2025-09-10,362286974.0394689,99.99984155117076,13,314493199.1060087,99.99786987253532,12,3314.530029296875
2025-09-11,368252674.0394689,99.99984411804465,13,320118899.1060087,99.9979073069327,12,3344.199951171875
2025-09-12,369257324.0394689,99.99984454215759,13,321961649.1060087,99.99791928447773,12,3395.5400390625
2025-09-15,371539974.0394689,99.99984549725225,13,323183599.1060087,99.99792715161684,12,3407.31005859375
2025-09-16,368192574.0394689,99.99984409260007,13,320700099.1060087,99.99791109948909,12,3449.6201171875
2025-09-17,366897924.0394689,99.99984354245929,13,320227249.1060087,99.99790801500265,12,3413.39990234375
2025-09-18,367640774.0394689,99.99984385859528,13,320068049.1060087,99.99790697446139,12,3461.300048828125
2025-09-19,367640774.0394689,99.99984385859528,13,320068049.1060087,99.99790697446139,12,3445.239990234375
2025-09-22,367001765.8914689,80.8853601232496,11,319435476.9000087,90.05881337659028,10,3468.64990234375
2025-09-23,360778439.8114689,90.37393702638744,12,315623542.9000087,90.43416640514245,10,3486.18994140625
2025-09-24,359177879.8114689,90.3310415915095,12,312930574.1500087,88.29421054510034,9,3472.139892578125
2025-09-25,352722031.8114689,99.99419321459345,13,307284560.9500087,99.994691907085,11,3471.110107421875
2025-09-26,342889870.6774689,71.6774017017207,10,300157804.23000866,78.90292261683672,9,3386.050048828125
2025-09-29,346516225.8774689,71.85214757823239,9,302297382.6300087,66.22279632669482,8,3431.2099609375
2025-09-30,346952044.47746885,99.9966726014005,11,303797108.43000865,87.56502370110213,10,3424.60009765625
2025-10-01,349104673.27746886,92.789634397858,10,305664178.43000865,87.64097951417003,10,3455.830078125
2025-10-02,357007922.3774689,99.99409750424346,11,312301473.23000866,98.90621289913261,11,3549.2099609375
2025-10-10,365783842.8774689,99.99964927989744,12,321254563.23000866,99.93010426754688,12,3610.60009765625
2025-10-13,360543813.64246887,99.99455998363396,11,316413333.6300087,99.97647266341319,13,3584.550048828125
2025-10-14,353140236.15346885,99.99483600235773,11,309605541.1630087,99.97729008248865,13,3561.81005859375
2025-10-15,369125049.38946885,90.75265971628673,10,323766110.58700866,90.80548593148428,13,3657.280029296875
2025-10-16,364921000.58946884,99.99540980391872,11,322210821.38700867,99.98609873286817,14,3748.3701171875
2025-10-17,362524268.38946885,99.98013418803966,11,319708761.38700867,99.98598994071531,14,3748.889892578125
2025-10-20,370189386.08946884,90.7596523901413,11,326506430.0570087,90.85768385884568,14,3814.68994140625
2025-10-21,370532755.5728556,99.9985306970693,12,326078488.333036,99.99902259170528,15,3823.840087890625
2025-10-22,376656863.91904587,83.24752049849603,10,333546786.1960696,91.71026454447204,14,3883.679931640625
2025-10-23,388018123.91904587,99.98620581984541,12,344313537.1960696,99.95184993380751,15,3845.56005859375
2025-10-24,392935462.81904584,99.99416880856683,13,350747488.3960696,99.99112797750544,16,3941.590087890625
2025-10-27,409755761.3760458,99.9919045980136,13,366673906.5960696,99.9985909561666,17,4042.830078125
2025-10-28,406020045.8911513,99.99800392096965,14,363688726.5960696,99.99857939064597,17,4010.409912109375
2025-10-29,413470066.61966693,99.99803988688679,14,372053116.5960696,99.99861132837246,17,4081.14990234375
2025-10-30,418011917.7095107,99.99806118422664,14,374747366.5960696,99.99862131224123,17,4086.889892578125
2025-10-31,424907175.55658257,99.99414773606435,13,381603766.5960696,99.99864608357626,17,4107.5
2025-11-03,444369316.83587945,99.99440404896266,13,409374336.5960696,99.99873792868587,17,4221.8701171875
2025-11-04,433604280.28119195,99.99426511902075,13,394122586.5960696,99.99868908906892,17,4121.740234375
2025-11-05,416957105.6222076,85.9881424967654,11,382561884.74206954,93.3113240595514,15,4004.419921875
2025-11-06,423164744.5750681,86.96897714613701,9,389117978.9850696,93.89727787777682,14,4026.449951171875
2025-11-07,412616648.8150681,99.09766151565618,10,379959133.9850696,99.99604589448555,15,3953.760009765625
2025-11-10,428355848.8150681,99.13081639357387,10,398492853.9850696,99.99622979812077,15,4073.239990234375
2025-11-11,430693963.61506814,99.97134540404694,11,407921263.9850696,99.99631693995974,15,4106.39013671875
2025-11-12,435077127.21506816,99.98734081577197,12,407986723.9850696,99.99631753089345,15,4150.39013671875
2025-11-13,430995417.61506814,99.99996110977952,13,401921113.9250696,99.9987624623596,16,4170.6298828125
2025-11-14,412922428.0150682,97.62659343495129,12,382543827.38506955,99.99523783060516,15,4011.570068359375
2025-11-17,426375928.0150682,97.70148186819735,12,396488537.38506955,99.99540531860272,15,4089.25
2025-11-18,414672607.7790682,99.1831368372244,12,383768626.62926954,99.99282728515061,14,3953.6201171875
2025-11-19,409092671.60906816,78.53696052199781,10,378210214.60926956,80.01452322292276,12,3929.510009765625
2025-11-20,411073471.60906816,78.64038239554176,10,378941514.60926956,80.0530921804099,12,4004.85009765625
2025-11-21,397302295.60906816,77.88419634616814,9,362532614.60926956,79.15025805588944,12,3853.260009765625
2025-11-24,395585045.60906816,77.78819078618528,9,362750767.80926955,79.12196898530335,11,3846.06005859375
2025-11-25,400896395.60906816,78.08246804624535,9,370983817.80926955,79.5853042171757,11,3857.780029296875
2025-11-26,402074995.60906816,78.14671477494721,9,370714567.80926955,79.57047702311098,11,3960.8701171875
2025-11-27,404316495.60906816,78.26786773151447,9,373497517.80926955,79.72269849248515,11,3986.909912109375
2025-11-28,398117895.60906816,77.92950365251886,9,367106117.80926955,79.36966611691885,11,3926.590087890625
2025-12-01,390530595.60906816,77.5007140037179,9,357729717.80926955,78.82892752856243,11,3920.3701171875
2025-12-02,395866695.60906816,77.8039939748204,9,361566419.10926956,79.04685969014889,10,3994.929931640625
2025-12-03,404548347.60906816,99.16599644294467,11,371902904.10926956,99.99978378515986,12,4036.300048828125
2025-12-04,396935618.60906816,99.94251747679695,12,365252154.10926956,99.99977984817872,12,4028.510009765625
2025-12-05,407959471.40906817,99.99284943453638,13,376161604.10926956,99.99978623302836,12,4100.0498046875
2025-12-08,405459321.40906817,99.99280534260089,13,375287854.10926956,99.99978573533336,12,4154.85009765625
2025-12-09,407493271.40906817,99.99284125380345,13,378088054.10926956,99.99978732222274,12,4143.5498046875
2025-12-10,402721871.40906817,99.99275643784479,13,372607554.10926956,99.99978419405063,12,4135.0
2025-12-11,406193021.40906817,99.99281833819622,13,373892304.10926956,99.99978493559222,12,4110.6201171875
2025-12-12,407304321.40906817,99.99283793283429,13,373780904.10926956,99.99978487149538,12,4167.16015625
2025-12-15,399380871.40906817,99.99269584220065,13,365507604.10926956,99.99978000204085,12,4090.590087890625
2025-12-16,388279438.68906814,74.12210674139489,12,354932645.94926953,79.49346255411159,12,3999.1298828125
2025-12-17,392748088.68906814,74.41654292336601,12,359484676.94926953,78.73718078947319,11,4056.409912109375
2025-12-18,387703538.68906814,74.08366737409372,12,355665046.94926953,68.40298254967438,10,3994.510009765625
2025-12-19,385484297.0890682,61.11377344783699,11,352729147.7492696,55.952605918547505,8,4020.550048828125
2025-12-22,388268943.0890682,49.427015324266165,10,356082349.7492696,45.16379430579454,7,4105.93017578125
2025-12-23,388178050.68906814,60.32659486653319,11,356231702.54926956,56.08589818655085,8,4117.31982421875
2025-12-24,384200264.2330681,71.39966458575628,12,352434318.5572696,67.10278697265134,9,4108.6201171875
2025-12-26,380623251.43306816,69.81819922967334,11,349706530.15726954,66.81216387206862,8,4129.68017578125
2025-12-29,377795522.2330681,91.70248973630522,13,348063697.3572695,88.71172211994866,10,4220.56005859375
2025-12-30,374339204.2330681,89.93805516303419,12,345440629.3572695,94.31403613587234,9,4214.169921875
2026-01-02,374196629.9050681,69.37738858467573,10,346524190.83326954,74.04286822891738,7,4309.6298828125
2026-01-05,379462533.10506815,99.9639139327017,13,348790764.63326955,99.96262382881422,10,4457.52001953125
2026-01-06,380297394.5670681,90.3968722665999,13,346529562.4912695,90.25273276876038,10,4525.47998046875
2026-01-07,394256365.7729275,99.96848466304338,14,358789283.4134258,99.98555680765506,12,4551.06005859375
2026-01-08,389857002.21824,99.96812902642782,14,356090035.95639455,99.98544732481007,12,4552.3701171875
2026-01-09,400427116.8743377,90.52531277839412,13,368189875.16769123,88.11317797705381,10,4586.31982421875
2026-01-12,403792068.8743377,99.9777933047106,14,371514979.16769123,99.99171522834416,12,4624.7900390625
2026-01-13,412101161.07433766,99.99134652417754,15,379302329.16769123,99.99188532067315,12,4692.64013671875
2026-01-14,414958613.83433765,91.54943103594975,15,380572040.44769126,90.34378868072882,12,4723.10009765625
2026-01-15,416177853.83433765,99.67102914734079,16,381649346.44769126,99.78904812619622,13,4797.5498046875
2026-01-16,418720291.4343377,99.99158353797067,17,384543210.44769126,99.99075254828973,14,4840.740234375
2026-01-19,418840591.4343377,99.99158595535906,17,385585960.44769126,99.99077755641052,14,4904.66015625
2026-01-20,417460295.4343377,99.88436135373415,17,384289160.44769126,99.99074643488517,14,4885.75
2026-01-21,424970107.4023377,99.65791537404269,17,390532571.96769124,99.80837143393173,13,4909.93017578125
2026-01-22,421560938.7623376,99.93544497667726,17,387512190.00769126,99.81804701223018,13,4952.52978515625
2026-01-23,425490025.69433767,99.67241871485398,17,391458612.00769126,99.96424602668122,14,4990.06982421875
2026-01-26,419082501.53322047,99.99536518625672,18,386065755.9919725,99.99847849556551,15,4949.58984375
2026-01-27,427670354.5371267,99.99545825583405,18,393905712.3825975,99.99850877826523,15,5084.85009765625
2026-01-28,434020254.5371267,99.99552470347325,18,399620462.3825975,99.99853010339798,15,5170.81005859375
2026-01-29,457086001.8183767,99.99575053856398,18,419283986.5075975,99.99859903841156,15,5221.25
2026-01-30,458351285.8261892,99.99576226925126,18,419778931.2888475,99.9986006902301,15,5224.35986328125
2026-02-02,428336340.29103297,99.99546531742706,18,393100009.7732225,99.99850572183885,15,4949.669921875
2026-02-03,457208695.3730642,91.24868378526163,17,419283662.9363475,91.06920486589955,13,5288.080078125
2026-02-04,467832798.60978293,99.97971405731734,18,428399434.6082225,99.97669862293614,14,5371.10009765625
2026-02-05,448422902.754783,99.97995601633535,18,410851558.6282225,99.97692585421507,14,5163.56982421875
2026-02-06,440441731.9799392,89.49665054548377,15,402632691.5158475,91.3781872185033,12,5089.14013671875
2026-02-09,461894023.0502517,89.98447004187717,15,423280734.5470975,91.79876757284002,12,5298.0400390625
2026-02-10,464660342.6861892,99.98809731576038,16,426090964.1408475,99.99695537791474,13,5301.68994140625
2026-02-11,463875121.5807204,99.98807716758161,16,426369931.5939725,99.99695736996532,13,5354.490234375
2026-02-12,475965501.2702517,99.99938809149636,17,435201285.6070975,99.99873899278816,14,5522.27001953125
2026-02-13,474115857.9265017,99.9993857042898,17,433943947.2320975,99.99873533906106,14,5507.009765625
2026-02-19,479712516.0593142,99.99939287108857,17,440065268.5133475,99.99875293053323,14,5677.25
2026-02-20,483377486.9030642,99.99939747434343,17,444383526.8883475,99.99876504882259,14,5808.52978515625
2026-02-23,481557261.4186892,99.99939519687273,17,442194502.4508475,99.99875893536282,14,5846.08984375
2026-02-24,482156189.2077517,99.99939594815085,17,441647847.3570975,99.99875739921968,14,5969.64013671875
2026-02-25,496623640.8015017,99.99941354516028,17,455152218.7320975,99.9987942671986,14,6083.85986328125
2026-02-26,518156032.2780642,99.99943791576374,17,468563648.3883475,99.99882877819985,14,6307.27001953125
2026-02-27,525798439.2233767,99.99944608557968,17,472268434.9195975,99.99883796603972,14,6244.1298828125
2026-03-03,489807768.1530642,99.99940538440465,17,441827051.8883475,99.9987579032171,14,5791.91015625
2026-03-04,431198651.6490017,89.97811415501518,12,386926595.84209746,90.69767013527132,11,5093.5400390625
2026-03-05,473312959.3599392,70.45599452369183,8,422323927.13584745,67.50877142808464,8,5583.89990234375
2026-03-06,474188303.3677517,70.51053228427511,8,421079601.91709745,67.4127571473735,8,5584.8701171875
2026-03-09,453035447.41072047,69.13362796827636,8,404100626.21397245,66.04354866628195,8,5251.8701171875
2026-03-10,471311363.8544705,60.08349539998211,7,419449589.9889725,57.18183968559386,7,5532.58984375
2026-03-11,473843297.71775174,60.29678521580812,7,423201072.3170975,57.561402929285165,7,5609.9501953125
2026-03-12,473561365.60837674,60.27314812903122,7,422577611.3795975,57.498790034509426,7,5583.25
2026-03-13,465829553.70993924,59.613764147192484,7,416277897.5358475,56.855600803515806,7,5487.240234375
2026-03-16,469477382.23337674,59.92756427617273,7,419970177.8795975,57.23491634896807,7,5549.85009765625
2026-03-17,472511592.23337674,60.184887455531985,7,423096107.8795975,57.55087448577822,7,5640.47998046875
2026-03-18,485456512.23337674,61.24657564734959,7,434896067.8795975,58.70263928683749,7,5925.02978515625
2026-03-19,480794137.8333767,82.35468339616531,9,430511790.2795975,79.76194328545279,9,5763.22021484375
2026-03-20,489466817.8333767,82.66733418030046,9,438397730.2795975,80.12598737132369,9,5781.2001953125
2026-03-23,461417296.3333767,82.43445207246474,9,412997974.6155975,79.72534497450411,9,5405.75
2026-03-24,460783184.6213767,59.11109803709708,7,412491016.4555975,56.1134644795145,7,5553.919921875
2026-03-25,474925898.6213767,51.45501028884101,6,425670778.4555975,46.21289972351712,6,5642.2099609375
2026-03-26,464085628.6213767,50.321079903667375,6,417754468.4555975,45.19365183524472,6,5460.4599609375
2026-03-27,461325628.6213767,50.023862903442115,6,414810468.4555975,44.80467927725271,6,5438.8701171875
2026-03-30,449794208.6213767,48.74261957973561,6,405782508.4555975,43.57667871712837,6,5277.2998046875
2026-03-31,439217018.6213767,39.18508224936608,5,397033174.4555975,32.511980938871424,5,5052.4599609375
2026-04-01,456412074.6213767,27.8553520095775,4,410159834.4555975,20.734494910472915,4,5478.7001953125
2026-04-02,446862064.6213767,26.3135292318065,4,403484704.4555975,19.423150155280386,4,5234.0498046875
2026-04-03,448475654.6213767,26.578648979426312,4,404490874.4555975,19.623584860061747,4,5377.2998046875
2026-04-06,446496254.6213767,26.25315862938214,4,403487374.4555975,19.42368335706737,4,5450.330078125
2026-04-07,447815834.6213767,26.470468624724575,4,404578614.4555975,19.641015901674926,4,5494.77978515625
2026-04-08,458582934.6213767,28.19687350702658,4,411372814.4555975,20.968218357878484,4,5872.33984375
2026-04-09,458114520.6213767,59.675722487291814,7,410723093.05559754,63.563202170534005,8,5778.009765625
2026-04-10,457796472.5413767,80.97682315944328,9,411097132.8555975,74.03567810990046,9,5858.8701171875
2026-04-13,448961468.14137673,99.99410681244288,11,403627414.0555975,99.95875799071106,12,5808.6201171875
2026-04-14,456494852.2133767,81.58729900110937,9,409635229.2395975,79.81801287133877,10,5967.75
2026-04-15,459013693.0133767,99.92017819534503,11,411370692.4395975,99.9661151262938,12,6091.39013671875
2026-04-16,464907287.4133767,99.99722796055781,12,416511666.0395975,99.98775159407116,13,6226.0498046875
2026-04-17,474227510.37337667,93.2716913980265,11,426169467.5735975,91.66147031228591,12,6191.919921875
2026-04-20,468235714.37337667,99.99233839447197,12,421581333.5735975,99.98256953813049,13,6219.08984375
2026-04-21,494161424.37337667,99.9927403533325,12,445940933.5735975,99.98352168010041,13,6388.47021484375
2026-04-22,498149807.9733767,91.15800964521686,12,454038548.3235975,91.30448318333997,13,6417.93017578125
2026-04-23,487090103.6535559,91.62235624426076,12,443519479.7608934,91.75424498139077,13,6475.81005859375
2026-04-24,503524485.6535559,99.98781674867782,13,460512099.7608934,99.99270382669405,14,6475.6298828125
2026-04-27,522949325.0535559,99.99790705274268,14,469885899.7608934,99.99284937877249,14,6615.02978515625
2026-04-28,526381335.0535559,99.99792069877348,14,475947049.7608934,99.99294044139778,14,6641.02001953125
2026-04-29,529903965.0535559,99.99793452129485,14,480977649.7608934,99.99301427812496,14,6690.89990234375
2026-04-30,516527585.0535559,99.99788103213214,14,466713249.7608934,99.99280076987087,14,6598.8701171875
2026-05-04,527975679.4541809,99.98630735619193,13,476926503.3129559,99.99366825910363,14,6936.990234375
2026-05-06,543002426.4416809,99.99823782938806,14,489988375.5317059,99.9938370475783,14,7384.56005859375
2026-05-07,546532806.4416809,99.99824921229464,14,493277625.5317059,99.9938781430795,14,7490.0498046875
2026-05-08,539906678.6291809,99.99822772535335,14,485744447.7504559,99.99378320213525,14,7498.0
2026-05-11,539950728.6291809,99.9982278699382,14,488230747.7504559,99.99381486098632,14,7822.240234375
2026-05-12,526404928.3601809,86.07966841924349,12,477708788.20995593,84.8954481677354,12,7643.14990234375
2026-05-13,543591252.7351809,86.51977729286989,12,494648582.64745593,85.41272045372816,12,7844.009765625
2026-05-14,544367212.9226809,99.64014006746231,14,495677636.86620593,99.99439080555828,14,7981.41015625
2026-05-15,502902901.7991809,88.27460125240482,13,460962406.7834559,87.12934183235325,12,7493.18017578125
2026-05-18,486814222.1006809,78.04712453715484,11,452509817.5372059,78.73763361818222,12,7516.0400390625
2026-05-19,471265261.1631809,77.32280973789493,11,443157856.4434559,78.28893385968162,12,7271.66015625
2026-05-20,465124457.3506809,61.882977531858366,9,435309416.5502059,68.78224360883249,9,7208.9501953125
2026-05-21,493965435.6881809,63.67985523860944,9,465149951.04395586,70.79086941715775,9,7815.58984375
2026-05-22,520588531.3131809,75.80001983612827,10,491233676.60645586,82.71197992915867,10,7847.7099609375
2026-05-26,562291834.9381809,87.72476763409354,11,540160696.5689559,99.99772456483154,12,8047.509765625
2026-05-27,545561549.0206809,88.19286188720402,11,527099813.00220585,94.50352116548093,11,8228.7001953125
2026-05-28,563074293.533181,90.47480671748684,12,550834819.6534559,95.11322998873044,11,8185.2900390625
2026-05-29,588806560.7956809,90.7934682470375,10,592716310.3597058,95.43763481689163,9,8476.150390625
2026-06-01,556378245.7331809,99.77173856222447,11,568803021.4534558,99.93607056138228,10,8788.3798828125
2026-06-02,526363020.8931809,91.3176970400329,10,528145728.85345584,95.3091090914928,9,8801.490234375
2026-06-04,514562541.3931809,99.77446276208937,11,513014059.10345584,99.90638697518443,10,8639.41015625
2026-06-05,497238195.3481809,72.422947189895,9,498803910.4169559,77.89649348131734,7,8160.58984375
2026-06-08,476495064.7356809,62.31545713431716,6,481132470.23570585,80.72988247726556,7,7484.41015625
2026-06-09,505647064.7356809,64.48807885060191,6,516926970.23570585,82.06423773706753,7,8096.93017578125
2026-06-10,493131744.7356809,74.4494106761032,7,503726230.23570585,99.9980639375378,9,7730.81982421875
2026-06-11,513065766.9231809,75.44212164479764,7,527323152.45445585,99.99815057343672,9,7763.9501953125
2026-06-12,510628166.9231809,75.32488901221619,7,520141352.45445585,99.99812503766336,9,8123.6201171875
2026-06-15,539355144.2125559,96.50581914073136,8,551788157.4573934,99.99980835808469,9,8545.98046875
2026-06-16,541816744.2125559,96.52169402037481,8,566108857.4573934,99.99981320599748,9,8726.599609375
2026-06-17,543168167.4203559,90.65262464450284,8,572916652.5197934,93.82684158956761,7,8864.240234375
2026-06-18,565876054.8203559,81.97915357052362,7,594474733.5197934,85.89857082344741,6,9063.83984375
2026-06-19,543004544.8203559,92.95619250608489,7,563920327.5197934,97.09323698404576,7,9052.419921875
2026-06-22,547840272.8203559,96.37195843269568,7,565491347.5197934,99.51819819494267,8,9114.5498046875
2026-06-23,493296871.54835594,78.91211610123527,5,514731577.1197934,97.01118450787934,7,8203.83984375
2026-06-24,479389769.04835594,55.62394469313393,3,498133404.3397934,74.17583257435099,5,8471.01953125
2026-06-25,475220869.04835594,55.234653420342696,3,496486104.3397934,74.09015011389857,5,8930.2998046875
2026-06-26,469701280.72835594,35.87373654564269,2,493975207.4597934,79.50014779475836,6,8411.2099609375
2026-06-29,473157880.72835594,36.34220352312412,2,493450987.4597934,79.47836967941129,6,8394.650390625
2026-06-30,490847880.72835594,38.63641006631004,2,515506367.4597934,80.35636534253062,6,8476.48046875
2026-07-01,494603880.72835594,39.10240245490903,2,513770749.3797934,70.69229621157652,5,8303.41015625
2026-07-02,461494680.72835594,34.733401422312646,2,475174369.3797934,68.31175688698741,5,7648.08984375
2026-07-03,462365080.72835594,34.85626547448659,2,471184261.3797934,57.498826299213604,4,8088.33984375
2026-07-06,451257680.72835594,33.252796884875465,2,459900581.3797934,56.45605822480655,4,8051.330078125
2026-07-07,440411080.72835594,31.608923138303997,2,449255361.3797934,55.42427345446909,4,7656.31005859375
2026-07-08,429276680.72835594,29.83502383187804,2,431511611.65179336,42.25932630224324,3,7246.7900390625
2026-07-09,433102351.1283559,0.0,0,434744052.4517934,14.032716412322788,1,7291.91015625
2026-07-10,433102351.1283559,0.0,0,434562052.4517934,13.996712243241106,1,7475.93994140625
2026-07-13,433102351.1283559,0.0,0,431213252.4517934,13.328811133054257,1,6806.93017578125
2026-07-14,433102351.1283559,0.0,0,429684452.4517934,13.020438528963696,1,6856.830078125
2026-07-15,433102351.1283559,0.0,0,431650052.4517934,13.416516381975338,1,7284.41015625
2026-07-16,433102351.1283559,0.0,0,431031252.4517934,13.292214816002868,1,6820.60009765625
2026-07-20,433102351.1283559,0.0,0,423387252.4517934,11.726758354788462,1,6516.27001953125
2026-07-21,433102351.1283559,0.0,0,423324280.4517934,0.0,0,6747.9501953125
2026-07-22,433102351.1283559,0.0,0,423324280.4517934,0.0,0,6797.7001953125
2026-07-23,433102351.1283559,0.0,0,423324280.4517934,0.0,0,7096.89013671875
2026-07-24,433102351.1283559,0.0,0,423324280.4517934,0.0,0,6690.6201171875
2026-07-27,433102351.1283559,0.0,0,423324280.4517934,0.0,0,6755.75
2026-07-28,433102351.1283559,0.0,0,423324280.4517934,0.0,0,6023.66015625
2026-07-29,433102351.1283559,0.0,0,423324280.4517934,0.0,0,5663.240234375
2026-07-30,433102351.1283559,0.0,0,423324280.4517934,0.0,0,5593.56005859375
2026-07-31,433102351.1283559,0.0,0,423324280.4517934,0.0,0,6595.4501953125
2026-08-03,433102351.1283559,0.0,0,423324280.4517934,0.0,0,6257.4501953125
2026-08-04,433102351.1283559,0.0,0,423324280.4517934,0.0,0,6358.9501953125
2026-08-05,433102351.1283559,0.0,0,423324280.4517934,0.0,0,6598.259765625
2026-08-06,433102351.1283559,0.0,0,423324280.4517934,0.0,0,6296.3798828125
2026-08-07,433102351.1283559,0.0,0,423324280.4517934,0.0,0,6258.77001953125
2026-08-10,433102351.1283559,0.0,0,423324280.4517934,0.0,0,6299.66015625
2026-08-11,433102351.1283559,0.0,0,423324280.4517934,0.0,0,6345.52978515625
2026-08-12,433102351.1283559,0.0,0,423324280.4517934,0.0,0,6579.0400390625
2026-08-13,437016314.3283559,11.538516606067159,1,427150231.2517934,11.539570013938286,1,6813.33984375
2026-08-14,447321224.3283559,24.00248281561226,2,442780665.2917934,35.29220046160319,3,6977.93994140625
2026-08-18,449274005.92835593,35.09588756958802,3,443744280.8917934,46.22672760711487,4,6869.830078125
2026-08-19,449331965.8923559,35.873588401368224,3,442130616.4697934,46.80314194304109,4,6471.169921875
2026-08-20,442272227.8923559,45.7856693749456,4,436747242.4697934,57.04894176114519,5,6852.580078125
2026-08-21,446848427.8923559,46.34088139835264,4,440871022.4697934,57.450693534151235,5,6912.9501953125
2026-08-24,443426927.8923559,45.92684548229275,4,435446482.4697934,56.920638925403146,5,6696.9599609375
2026-08-25,445029877.8923559,46.121611198798476,4,438784886.9097934,67.85169199804429,6,6742.740234375
2026-08-26,447491715.8923559,57.167270569437136,5,439114043.3389934,68.81293016783086,6,6808.2099609375
2026-08-27,444738146.2923559,67.57229001050169,6,435466666.53899336,79.24284830859736,7,6912.3701171875
2026-08-28,454384096.2923559,68.26068573501215,6,449239776.53899336,79.87923570896274,7,6788.8798828125
2026-08-31,453147764.1323559,89.42837680682813,8,447824834.53899336,90.31527034813945,8,6820.02001953125
2026-09-01,449574138.90435594,79.56697439754227,7,445492164.21499336,90.29643893037559,8,6835.7998046875
2026-09-02,439139158.70435596,79.95518801737805,7,434281471.85499334,89.96012616684881,8,6562.72021484375
2026-09-03,441950127.5443559,70.00093465725958,6,438762164.23499334,80.09571212976796,7,6579.47998046875
2026-09-04,441491887.5443559,69.96979756937533,6,436347004.23499334,79.98554283921227,7,6687.2099609375
2026-09-07,443766487.5443559,70.12372243834568,6,440092604.23499334,80.1558846036956,7,6995.39013671875
2026-09-08,432959107.5443559,69.37796082028989,6,428815884.23499334,79.63403702015509,7,6954.52001953125
2026-09-09,424089638.1203559,69.43093948370314,6,419136083.0789934,80.00071898768132,7,7051.64013671875
2026-09-10,420603902.7143559,59.824185742490435,5,416405421.4769934,70.50185344818334,6,7033.919921875
2026-09-11,423445822.7143559,60.09382224362017,5,419927601.4769934,70.74927176852341,6,6909.91015625
2026-09-14,423498882.7143559,60.098822072139626,5,420920641.4769934,70.81828036610861,6,6684.3701171875
2026-09-15,418140682.7143559,59.58751451367582,5,414640341.4769934,70.37628296382039,6,6627.259765625
2026-09-16,414689272.7143559,59.25116615429005,5,410823251.4769934,70.10103955036924,6,6717.97021484375
2026-09-17,418776762.7143559,59.6488970354794,5,415239261.4769934,70.4190107072043,6,6715.41015625
2026-09-18,415900462.7143559,59.36983536601315,5,410947461.4769934,70.11007659336276,6,6894.22998046875
2026-09-21,416908802.7143559,59.468103908054715,5,412588321.4769934,70.22894854675553,6,7007.72021484375
2026-09-22,413803292.7143559,59.163920227429955,5,409486131.4769934,70.00340865417208,6,7017.91015625
2026-09-23,411812272.7143559,58.966486938196304,5,406633440.4769934,80.63652355186754,7,7080.919921875
