rs_mode,symbol,signal_date,signal_close,rs_at_signal,entry_date,entry_price,qty,desired_qty,partial,stop_price,entry_cost,cost_basis,exit_date,exit_price,exit_type,exit_cost,net_pnl,pnl_pct,price_pnl_pct,bars_held,days_held,exit_signal_date
proxy,043260.KQ,2016-10-07,1485.0,48.05974904698086,2016-10-10,1495.0,5050.0,5050.0,False,1345.5,15099.5,7564849.5,2016-10-12,1345.5,STOP,13589.550000000001,-783664.0499999998,-10.359281437125746,-9.999999999999998,3,2,
proxy,137400.KQ,2016-10-12,6675.0,25.630755567009324,2016-10-13,6700.0,1108.0,1108.0,False,6030.0,14847.2,7438447.2,2016-10-26,6030.0,STOP,13362.48,-770569.6800000006,-10.359281437125757,-9.999999999999998,10,13,
proxy,044490.KQ,2016-10-27,28600.0,66.80254696626953,2016-10-28,28650.0,258.0,258.0,False,25785.0,14783.4,7406483.4,2016-11-03,25785.0,STOP,13305.06,-767258.46,-10.359281437125748,-9.999999999999998,5,6,
proxy,131970.KQ,2016-10-14,5850.0,34.26737719069101,2016-10-17,5850.0,1265.0,1265.0,False,5265.0,14800.5,7415050.5,2016-11-09,5265.0,STOP,13320.45,-768145.9500000002,-10.359281437125752,-9.999999999999998,18,23,
proxy,044490.KQ,2016-11-07,30350.0,83.68124526061924,2016-11-08,30550.0,243.0,243.0,False,27495.0,14847.300000000001,7438497.3,2016-11-09,27495.0,STOP,13362.57,-770574.8700000001,-10.35928143712575,-9.999999999999998,2,1,
proxy,090710.KQ,2016-11-11,1356.0,40.19877943386474,2016-11-14,1356.0,5370.0,5370.0,False,1220.4,14563.44,7296283.44,2016-11-24,1238.0,EXIT_MA,13296.12,-661519.5600000005,-9.066527711538582,-8.702064896755157,8,10,2016-11-23
proxy,319660.KQ,2016-12-15,14146.64648,30.91303138899914,2016-12-16,14042.62695,524.0,524.0,False,12638.364255,14716.673043600002,7373053.1948436005,2016-12-20,13522.5293,EXIT_MA,14171.6107064,-301419.45235000085,-4.088122578049495,-3.703706235676929,2,4,2016-12-19
proxy,064290.KQ,2016-12-15,4205.0,26.454129387821958,2016-12-16,4205.0,1764.0,1764.0,False,3784.5,14835.24,7432455.24,2016-12-20,4080.0,EXIT_MA,14394.24,-249729.48000000045,-3.359986329362684,-2.9726516052318686,2,4,2016-12-19
proxy,102710.KQ,2016-12-22,23500.0,30.649250721415733,2016-12-23,23550.0,315.0,315.0,False,21195.0,14836.5,7433086.5,2016-12-29,22250.0,EXIT_MA,14017.5,-438354.0,-5.897334841993295,-5.520169851380041,4,6,2016-12-28
proxy,092870.KQ,2017-01-04,11386.13867,35.83298212815939,2017-01-05,11287.12891,649.0,649.0,False,10158.416019,14650.69332518,7339997.3559151795,2017-01-10,10158.416019,STOP,13185.623992662,-760370.9835768417,-10.359281437125745,-9.999999999999998,4,5,
proxy,036930.KQ,2016-12-20,10400.0,26.683727088207544,2016-12-21,10600.0,711.0,711.0,False,9540.0,15073.2,7551673.2,2017-01-17,9750.0,EXIT_MA,13864.5,-633287.7000000002,-8.38605807253418,-8.018867924528305,18,27,2017-01-16
proxy,131970.KQ,2017-01-02,7575.0,68.5518658841138,2017-01-03,7575.0,982.0,982.0,False,6817.5,14877.300000000001,7453527.3,2017-01-17,6817.5,STOP,13389.57,-772131.8700000001,-10.35928143712575,-9.999999999999998,11,14,
proxy,090710.KQ,2016-12-02,1408.0,47.91835546657985,2016-12-05,1440.0,5179.0,5179.0,False,1296.0,14915.52,7472675.52,2017-02-01,1572.0,EXIT_MA,16282.776,652429.7040000008,8.730871590153038,9.166666666666657,39,58,2017-01-31
proxy,222800.KQ,2016-10-07,8620.796875,17.343987215145965,2016-10-10,8745.319336,869.0,869.0,False,7870.7874024,15199.365005968,7614881.8679899685,2017-02-03,11015.46289,EXIT_MA,19144.87450282,1938410.5089172106,25.455555877571022,25.958383756839876,81,116,2017-02-02
proxy,095610.KQ,2016-12-13,23700.0,87.19705387781167,2016-12-14,23950.0,310.0,310.0,False,21555.0,14849.0,7439349.0,2017-02-03,23700.0,EXIT_MA,14694.0,-107043.0,-1.4388759016413935,-1.043841336116913,34,51,2017-02-02
proxy,319660.KQ,2016-12-23,14302.67578,34.0858106879962,2016-12-26,14406.69531,514.0,514.0,False,12966.025779,14810.082778679998,7419851.472118679,2017-02-07,13782.57812,EXIT_MA,14168.490307360002,-349774.80874603894,-4.714040571571759,-4.332132918552012,28,43,2017-02-06
proxy,056190.KQ,2017-01-23,36000.0,36.05472501556558,2017-01-24,35700.0,202.0,202.0,False,32130.0,14422.800000000001,7225822.8,2017-02-14,32500.0,EXIT_MA,13130.0,-673952.7999999998,-9.327004254795728,-8.963585434173671,13,21,2017-02-13
proxy,082920.KQ,2017-01-03,5208.333496,33.762897312403375,2017-01-04,5265.151367,1426.0,1426.0,False,4738.6362303000005,15016.211698684001,7523122.061040685,2017-02-21,5132.575684,EXIT_MA,14638.105850768003,-218707.24150745198,-2.9071340293686245,-2.5179842659592833,32,48,2017-02-20
proxy,036930.KQ,2017-01-25,11100.0,28.55939299543373,2017-01-26,11150.0,665.0,665.0,False,10035.0,14829.5,7429579.5,2017-02-24,10450.0,EXIT_MA,13898.5,-494228.0,-6.652166518979977,-6.278026905829592,19,29,2017-02-23
proxy,068760.KQ,2017-03-06,17386.69531,22.38492596530423,2017-03-07,17574.86328,424.0,424.0,False,15817.376952000002,14903.48406144,7466645.514781441,2017-03-09,16935.09375,EXIT_MA,14360.9595,-300526.7242814405,-4.024922887881833,-3.6402532401378696,2,2,2017-03-08
proxy,033640.KQ,2017-01-23,9420.0,43.23321284476705,2017-01-24,9820.0,774.0,774.0,False,8838.0,15201.36,7615881.36,2017-03-21,9670.0,EXIT_MA,14969.16,-146270.52000000048,-1.9205987210914284,-1.527494908350302,37,56,2017-03-20
proxy,083650.KQ,2017-01-16,4190.0,43.21940543203313,2017-01-17,4215.0,1746.0,1746.0,False,3793.5,14718.78,7374108.78,2017-03-24,5900.0,EXIT_MA,20602.8,2906688.419999999,39.41748768181311,39.976275207591925,45,66,2017-03-23
proxy,126340.KQ,2017-03-31,4716.371094,29.8348315153447,2017-04-03,4008.915527,1671.0,1671.0,False,3608.0239743,13397.795691234,6712295.641308234,2017-04-06,4031.736572,EXIT_MA,13474.063623623999,11262.106880141422,0.16778323664460085,0.5692573177533911,3,3,2017-04-05
proxy,119850.KQ,2017-03-03,4715.0,32.11566550260827,2017-03-06,4775.0,1554.0,1554.0,False,4297.5,14840.7,7435190.7,2017-04-10,4695.0,EXIT_MA,14592.06,-153752.75999999978,-2.0679060726714082,-1.675392670157072,25,35,2017-04-07
proxy,083650.KQ,2017-04-14,6580.0,98.20544495113195,2017-04-17,6680.0,1156.0,1156.0,False,6012.0,15444.16,7737524.16,2017-04-20,6120.0,EXIT_MA,14149.44,-676953.6000000006,-8.748969127613044,-8.383233532934131,3,3,2017-04-19
proxy,033640.KQ,2017-03-30,10900.0,56.805806002965106,2017-03-31,10850.0,717.0,717.0,False,9765.0,15558.9,7795008.9,2017-04-24,10050.0,EXIT_MA,14411.7,-603570.6000000006,-7.74303926708795,-7.3732718894009235,16,24,2017-04-21
proxy,053800.KQ,2017-03-15,71800.0,28.27858957313154,2017-03-16,73300.0,101.0,101.0,False,65970.0,14806.6,7418106.6,2017-04-25,84200.0,EXIT_MA,17008.4,1069085.0,14.411831180749008,14.870395634379264,28,40,2017-04-24
proxy,000250.KQ,2017-02-07,13400.0,51.449896622093135,2017-02-08,13450.0,539.0,539.0,False,12105.0,14499.1,7264049.1,2017-04-27,14400.0,EXIT_MA,15523.2,482027.7000000002,6.635799033902458,7.063197026022294,55,78,2017-04-26
proxy,232140.KQ,2017-04-19,3495.0,55.11113163850009,2017-04-20,3475.0,2028.0,2259.0,True,3127.5,14094.6,7061394.6,2017-05-17,3127.5,STOP,12685.14,-731509.7399999993,-10.35928143712574,-9.999999999999998,16,27,
proxy,036810.KQ,2017-03-09,4568.179688,24.315551573730712,2017-03-10,4563.27832,1619.0,1619.0,False,4106.950488,14775.895200160001,7402723.495280161,2017-05-23,4813.253418,EXIT_MA,15585.314567484002,374348.4738943558,5.056902019007375,5.477971766578538,48,74,2017-05-22
proxy,044490.KQ,2017-04-25,26650.0,22.498444057133916,2017-04-26,26900.0,288.0,288.0,False,24210.0,15494.4,7762694.4,2017-06-13,26800.0,EXIT_MA,15436.800000000001,-59731.200000000186,-0.7694647878963287,-0.371747211895912,29,48,2017-06-12
proxy,082920.KQ,2017-04-03,5606.060547,28.44816660339119,2017-04-04,5625.0,1438.0,1438.0,False,5062.5,16177.5,8104927.5,2017-06-14,5492.424316,EXIT_MA,15796.212332816,-222617.54592481628,-2.746693859072969,-2.356901048888893,46,71,2017-06-13
proxy,031330.KQ,2017-05-04,2355.0,28.232546001348428,2017-05-08,2375.0,3326.0,3326.0,False,2137.5,15798.5,7915048.5,2017-06-14,2225.0,EXIT_MA,14800.7,-529499.2000000002,-6.689778338060723,-6.315789473684208,25,37,2017-06-13
proxy,083650.KQ,2017-05-23,6850.0,71.72216547204245,2017-05-24,6860.0,1131.0,1239.0,True,6174.0,15517.32,7774177.32,2017-06-15,6174.0,STOP,13965.588,-805348.9080000008,-10.359281437125757,-9.999999999999998,16,22,
proxy,090710.KQ,2017-03-28,1725.0,55.7904706112956,2017-03-29,1760.0,4418.0,4418.0,False,1584.0,15551.36,7791231.36,2017-06-16,2660.0,EXIT_MA,23503.760000000002,3937144.88,50.53302485937217,51.13636363636365,52,79,2017-06-15
proxy,053610.KQ,2017-03-17,12144.25488,39.578773149783174,2017-03-20,12190.96387,602.0,602.0,False,10971.867483,14677.92049948,7353638.17023948,2017-06-22,14573.10645,EXIT_MA,17546.020165799997,1401825.8924947195,19.063025131804483,19.54023164535881,63,94,2017-06-21
proxy,074600.KQ,2017-06-16,12950.0,46.50673346437794,2017-06-19,12950.0,628.0,628.0,False,11655.0,16265.2,8148865.2,2017-06-30,11655.0,STOP,14638.68,-844163.8799999999,-10.359281437125748,-9.999999999999998,10,11,
proxy,056190.KQ,2017-03-29,35400.0,28.800631529857867,2017-03-30,36350.0,218.0,218.0,False,32715.0,15848.6,7940148.6,2017-07-04,39300.0,EXIT_MA,17134.8,610116.5999999996,7.683944353384012,8.115543328748288,63,96,2017-07-03
proxy,095610.KQ,2017-04-17,25450.0,41.240359348463755,2017-04-18,25850.0,126.0,309.0,True,23265.0,6514.2,3263614.2,2017-07-04,27300.0,EXIT_MA,6879.6,169306.19999999972,5.1876903832566885,5.609284332688591,50,77,2017-07-03
proxy,010170.KQ,2017-06-12,2939.869629,94.44062172346212,2017-06-13,2954.327881,2603.0,2796.0,True,2658.8950929000002,15380.230948486,7705495.7051914865,2017-07-04,2658.8950929000002,STOP,13842.207853637401,-798233.9862264236,-10.359281437125752,-9.999999999999998,16,21,
proxy,131970.KQ,2017-05-11,8550.0,49.098100047723015,2017-05-12,8525.0,907.0,952.0,True,7672.5,15464.35,7747639.35,2017-07-07,9375.0,EXIT_MA,17006.25,738479.4000000004,9.53166979823345,9.97067448680351,39,56,2017-07-06
proxy,131290.KQ,2017-06-26,14200.0,57.47448543567353,2017-06-27,14150.0,39.0,592.0,True,12735.0,1103.7,552953.7,2017-07-10,12735.0,STOP,993.33,-57282.02999999997,-10.359281437125743,-9.999999999999998,10,13,
proxy,083650.KQ,2017-06-30,7700.0,81.37672383623669,2017-07-03,7850.0,928.0,1081.0,True,7065.0,14569.6,7299369.6,2017-07-11,7065.0,STOP,13112.64,-756162.2399999993,-10.35928143712574,-9.999999999999998,7,8,
proxy,090360.KQ,2017-04-12,17900.0,48.0869797384046,2017-04-13,17900.0,440.0,440.0,False,16110.0,15752.0,7891752.0,2017-07-13,21800.0,EXIT_MA,19184.0,1681064.0,21.30153101617993,21.7877094972067,60,91,2017-07-12
proxy,035900.KQ,2017-06-16,8220.0,48.72753840722738,2017-06-19,8280.0,990.0,990.0,False,7452.0,16394.4,8213594.4,2017-07-13,7750.0,EXIT_MA,15345.0,-556439.4000000004,-6.7746150211654035,-6.400966183574875,18,24,2017-07-12
proxy,032500.KQ,2017-04-03,5969.661621,65.5078083694281,2017-04-04,5969.661621,1350.0,1350.0,False,5372.695458900001,16118.086376700001,8075161.2747267,2017-07-17,7492.287598,EXIT_MA,20229.176514600003,2019197.8060587011,25.005046182523948,25.506068411712413,69,104,2017-07-14
proxy,058610.KQ,2017-07-11,7290.0,26.982603755595115,2017-07-12,7360.0,1105.0,1105.0,False,6624.0,16265.6,8149065.6,2017-07-17,6624.0,STOP,14639.04,-844184.6399999997,-10.359281437125745,-9.999999999999998,4,5,
proxy,053610.KQ,2017-07-18,16067.7832,47.7995098466698,2017-07-19,16161.20117,507.0,507.0,False,14545.081053,16387.45798638,8210116.45117638,2017-07-28,15180.31836,EXIT_MA,15392.84281704,-529087.8854734199,-6.444340815623997,-6.0693682337226935,7,9,2017-07-27
proxy,232140.KQ,2017-07-18,3760.0,44.7718941410486,2017-07-19,3800.0,1026.0,2168.0,True,3420.0,7797.6,3906597.6,2017-07-28,3420.0,STOP,7017.84,-404695.43999999994,-10.359281437125748,-9.999999999999998,8,9,
proxy,031330.KQ,2017-07-07,2345.0,22.372347375844313,2017-07-10,2360.0,3466.0,3466.0,False,2124.0,16359.52,8196119.52,2017-07-31,2210.0,EXIT_MA,15319.720000000001,-551579.2399999993,-6.729760817348346,-6.355932203389836,15,21,2017-07-28
proxy,083450.KQ,2017-05-18,7800.0,39.23492984035762,2017-05-19,7770.0,813.0,1078.0,True,6993.0,12634.02,6329644.02,2017-08-04,8150.0,EXIT_MA,13251.9,283054.0800000001,4.471879920981719,4.890604890604888,54,77,2017-08-03
proxy,119850.KQ,2017-06-16,4735.0,9.828924306159484,2017-06-19,4785.0,1718.0,1718.0,False,4306.5,16441.260000000002,8237071.26,2017-08-04,4770.0,EXIT_MA,16389.72,-58600.979999999516,-0.7114298049668629,-0.31347962382445305,34,46,2017-08-03
proxy,095610.KQ,2017-07-13,31400.0,43.06714412293526,2017-07-14,31650.0,258.0,258.0,False,28485.0,16331.4,8182031.4,2017-08-04,29150.0,EXIT_MA,15041.4,-676372.8000000007,-8.26656324002864,-7.898894154818326,15,21,2017-08-03
proxy,240810.KQ,2017-07-14,32550.0,33.4187514427923,2017-07-17,33100.0,246.0,246.0,False,29790.0,16285.2,8158885.2,2017-08-07,31300.0,EXIT_MA,15399.6,-474484.7999999998,-5.815559213898484,-5.438066465256797,15,21,2017-08-04
proxy,005290.KQ,2017-07-17,16850.0,67.195675770718,2017-07-18,16700.0,482.0,482.0,False,15030.0,16098.800000000001,8065498.8,2017-08-10,15030.0,STOP,14488.92,-835527.7199999997,-10.359281437125746,-9.999999999999998,18,23,
proxy,140860.KQ,2017-06-23,22750.0,27.766271574295644,2017-06-26,22750.0,360.0,360.0,False,20475.0,16380.0,8206380.0,2017-08-14,23550.0,EXIT_MA,16956.0,254664.0,3.1032440613278935,3.516483516483526,35,49,2017-08-11
proxy,078600.KQ,2017-06-19,6200.0,51.40383242176021,2017-06-20,6300.0,1310.0,1310.0,False,5670.0,16506.0,8269506.0,2017-08-17,7000.0,EXIT_MA,18340.0,882154.0,10.667553781326236,11.111111111111116,41,58,2017-08-16
proxy,098460.KQ,2017-02-17,9530.0,19.906516248836322,2017-02-20,9560.0,767.0,767.0,False,8604.0,14665.04,7347185.04,2017-08-23,12320.0,EXIT_MA,18898.88,2083356.0799999991,28.355840620015186,28.870292887029294,125,184,2017-08-22
proxy,053610.KQ,2017-08-25,15834.24023,35.24680496515038,2017-08-28,15974.36621,512.0,512.0,False,14376.929589000001,16357.750999040001,8195233.25051904,2017-09-05,15227.02734,EXIT_MA,15592.475996160001,-414587.7284351997,-5.058888694948884,-4.678363198736257,6,8,2017-09-04
proxy,036930.KQ,2017-06-19,13150.0,34.54330284851753,2017-06-20,13300.0,82.0,617.0,True,11970.0,2181.2,1092781.2,2017-09-06,15150.0,EXIT_MA,2484.6,147034.19999999995,13.455044797622795,13.909774436090228,55,78,2017-09-05
proxy,007390.KQ,2017-07-31,5214.592773,11.592844719582812,2017-08-01,5270.663574,1549.0,1549.0,False,4743.5972166,16328.515752252002,8180586.391878253,2017-09-08,5476.256836,EXIT_MA,16965.443677927997,285170.00340781733,3.485935967755762,3.900709258207713,27,38,2017-09-07
proxy,010170.KQ,2017-08-25,4212.206543,134.83220245524376,2017-08-28,4250.762207,1925.0,1925.0,False,3825.6859863,16365.43449695,8199082.68297195,2017-09-12,3825.6859863,STOP,14728.891047255,-849366.0503917048,-10.359281437125746,-9.999999999999998,12,15,
proxy,064760.KQ,2017-07-06,46600.0,34.9913182535046,2017-07-07,46600.0,173.0,173.0,False,41940.0,16123.6,8077923.6,2017-09-20,50500.0,EXIT_MA,17473.0,641103.4000000004,7.936487539941581,8.369098712446355,52,75,2017-09-19
proxy,035760.KQ,2017-08-04,211900.0,23.133801020077247,2017-08-07,212200.0,37.0,37.0,False,190980.0,15702.800000000001,7867102.8,2017-09-20,203000.0,EXIT_MA,15022.0,-371124.7999999998,-4.717426598264355,-4.3355325164938785,31,44,2017-09-19
proxy,137400.KQ,2017-08-25,9175.0,55.38926039184461,2017-08-28,9075.0,884.0,884.0,False,8167.5,16044.6,8038344.6,2017-09-21,8167.5,STOP,14440.14,-832714.7399999993,-10.359281437125741,-9.999999999999998,19,24,
proxy,031330.KQ,2017-09-19,2190.0,9.262541428777004,2017-09-20,2190.0,3818.0,3818.0,False,1971.0,16722.84,8378142.84,2017-09-25,2025.0,EXIT_MA,15462.9,-662155.7400000002,-7.903371339512757,-7.534246575342463,2,5,2017-09-21
proxy,087010.KQ,2017-09-11,22964.66992,13.817140241927934,2017-09-12,23344.64453,66.0,356.0,True,21010.180077,3081.4930779600004,1543828.0320579603,2017-09-25,20922.31055,STOP,2761.7449926,-165717.28075056034,-10.734180058231951,-10.376401220789988,9,13,
proxy,039200.KQ,2017-09-19,7711.117188,1.7965800778385956,2017-09-20,7739.783203,1010.0,1084.0,True,6965.8048827,15634.36207006,7832815.39710006,2017-09-25,6965.8048827,STOP,14070.925863054,-811423.391436114,-10.359281437125748,-9.999999999999998,3,5,
proxy,083450.KQ,2017-08-24,9600.0,53.84165143341675,2017-08-25,9730.0,843.0,843.0,False,8757.0,16404.78,8218794.78,2017-09-27,9300.0,EXIT_MA,15679.800000000001,-394574.5800000001,-4.8008812795785625,-4.419321685508737,22,33,2017-09-26
proxy,065350.KQ,2017-07-27,3835.0,15.62352719887244,2017-07-28,3815.0,2009.0,2183.0,True,3433.5,15328.67,7679663.67,2017-09-29,4045.0,EXIT_MA,16252.81,430488.5200000005,5.605564755155489,6.02883355176933,43,63,2017-09-28
proxy,131290.KQ,2017-08-17,15750.0,52.15290765556067,2017-08-18,15550.0,504.0,504.0,False,13995.0,15674.4,7852874.4,2017-10-13,14650.0,EXIT_MA,14767.2,-484041.60000000056,-6.163878031717922,-5.787781350482312,33,56,2017-10-12
proxy,005290.KQ,2017-09-12,19800.0,87.3364640924556,2017-09-13,19850.0,370.0,417.0,True,17865.0,14689.0,7359189.0,2017-10-13,17865.0,STOP,13220.1,-762359.0999999996,-10.359281437125743,-9.999999999999998,16,30,
proxy,086520.KQ,2017-07-07,4804.969238,71.67079704441593,2017-07-10,4782.928223,1691.0,1691.0,False,4304.6354007,16175.863250186001,8104107.488343186,2017-10-16,6744.589844,EXIT_MA,22810.202852408,3278183.7350084065,40.45089159693022,41.013821022168415,62,98,2017-10-13
proxy,319660.KQ,2017-08-23,24288.54297,57.08615429396965,2017-08-24,24444.57227,328.0,328.0,False,22000.115043,16035.639409120002,8033855.343969121,2017-10-16,23456.38672,EXIT_MA,15387.38968832,-355547.88949744124,-4.425619758816606,-4.04255611055534,30,53,2017-10-13
proxy,036830.KQ,2017-09-28,58205.87109,6.796345738316137,2017-09-29,58553.37109,135.0,135.0,False,52698.033981,15809.4101943,7920514.5073443,2017-10-16,55686.51172,EXIT_MA,15035.3581644,-417870.7833086997,-5.2758035216175525,-4.896147423507802,5,17,2017-10-13
proxy,053610.KQ,2017-10-10,17702.58789,44.4679217756708,2017-10-11,17749.29492,449.0,449.0,False,15974.365428000001,15938.866838160002,7985372.28591816,2017-10-16,15974.365428000001,STOP,14344.980154344003,-827227.1889005033,-10.35928143712574,-9.999999999999998,4,5,
proxy,240810.KQ,2017-09-08,32600.0,28.739070208666874,2017-09-11,32550.0,243.0,243.0,False,29295.0,15819.300000000001,7925469.3,2017-10-17,32200.0,EXIT_MA,15649.2,-116518.5,-1.4701779237224477,-1.0752688172043001,19,36,2017-10-16
proxy,078600.KQ,2017-09-21,8610.0,81.97004334328331,2017-09-25,8900.0,932.0,932.0,False,8010.0,16589.6,8311389.6,2017-10-18,8010.0,STOP,14930.64,-861000.2399999993,-10.359281437125741,-9.999999999999998,12,23,
proxy,225570.KQ,2017-10-26,17700.0,81.7136286832314,2017-10-27,17900.0,431.0,431.0,False,16110.0,15429.800000000001,7730329.8,2017-11-29,16110.0,STOP,13886.82,-800806.6200000001,-10.35928143712575,-9.999999999999998,24,33,
proxy,102710.KQ,2017-11-02,28300.0,23.358809407255603,2017-11-03,27900.0,269.0,269.0,False,25110.0,15010.2,7520110.2,2017-11-30,25110.0,STOP,13509.18,-779029.3799999999,-10.359281437125748,-9.999999999999998,20,27,
proxy,084370.KQ,2017-09-08,20350.0,10.611183061617654,2017-09-11,20500.0,390.0,390.0,False,18450.0,15990.0,8010990.0,2017-12-07,21850.0,EXIT_MA,17043.0,493467.0,6.159875371208802,6.585365853658542,56,87,2017-12-06
proxy,140410.KQ,2017-08-28,9333.333008,25.902383507517573,2017-08-29,9183.333008,290.0,856.0,True,8264.9997072,5326.33314464,2668492.90546464,2017-12-19,11616.66699,EXIT_MA,6737.6668542,693602.8547811601,25.99230649482988,26.497285679177885,73,112,2017-12-18
proxy,095610.KQ,2017-10-25,34850.0,29.004531409126,2017-10-26,34850.0,220.0,220.0,False,31365.0,15334.0,7682334.0,2017-12-22,36450.0,EXIT_MA,16038.0,320628.0,4.173575374358887,4.591104734576756,40,57,2017-12-21
proxy,041510.KQ,2017-10-26,32900.0,22.424593069896247,2017-10-27,33150.0,232.0,232.0,False,29835.0,15381.6,7706181.6,2018-01-02,34800.0,EXIT_MA,16147.2,351271.2000000002,4.558304206067506,4.977375565610864,43,67,2017-12-28
proxy,098460.KQ,2017-09-21,12820.0,23.540190319285294,2017-09-25,13300.0,496.0,625.0,True,11970.0,13193.6,6609993.6,2018-01-03,16240.0,EXIT_MA,16110.08,1428936.3200000003,21.617816997583787,22.10526315789474,62,100,2018-01-02
proxy,058470.KQ,2017-11-03,10700.0,13.419571108479216,2017-11-06,10720.0,718.0,718.0,False,9648.0,15393.92,7712353.92,2018-01-04,11080.0,EXIT_MA,15910.880000000001,227175.2000000002,2.945601334644147,3.3582089552238736,39,59,2018-01-03
proxy,064290.KQ,2017-12-08,5590.0,30.383519440077045,2017-12-11,5780.0,2.0,1454.0,True,5202.0,23.12,11583.12,2018-01-08,5202.0,STOP,20.808,-1199.9280000000017,-10.359281437125762,-9.999999999999998,17,28,
proxy,078600.KQ,2018-01-03,18700.0,202.54252238810278,2018-01-04,18700.0,424.0,506.0,True,16830.0,15857.6,7944657.6,2018-01-08,16830.0,STOP,14271.84,-823009.4399999995,-10.359281437125741,-9.999999999999998,3,4,
proxy,092870.KQ,2017-12-06,15099.00977,23.58534787511773,2017-12-07,15297.0293,554.0,571.0,True,13767.32637,16949.1084644,8491503.3406644,2018-01-10,13767.32637,STOP,15254.19761796,-879658.7293023597,-10.359281437125746,-9.999999999999998,21,34,
proxy,131290.KQ,2018-01-08,17600.0,23.279005558873823,2018-01-09,17600.0,404.0,533.0,True,15840.0,14220.800000000001,7124620.8,2018-01-11,16600.0,EXIT_MA,13412.800000000001,-431633.5999999996,-6.0583378697151105,-5.681818181818176,2,2,2018-01-10
proxy,053610.KQ,2018-01-11,21205.73828,17.725567792262908,2018-01-12,21205.73828,233.0,445.0,True,19085.164452,9881.87403848,4950818.8932784805,2018-01-22,19085.164452,STOP,8893.686634632,-512869.262597112,-10.359281437125748,-9.999999999999998,7,10,
proxy,214150.KQ,2018-01-23,7180.0,193.63215422200435,2018-01-24,7320.0,605.0,1453.0,True,6588.0,8857.2,4437457.2,2018-01-25,6588.0,STOP,7971.4800000000005,-459688.68000000017,-10.359281437125752,-9.999999999999998,2,1,
proxy,064760.KQ,2017-11-02,56700.0,31.91807495355128,2017-11-03,56700.0,134.0,134.0,False,51030.0,15195.6,7612995.6,2018-01-31,70500.0,EXIT_MA,18894.0,1815110.4000000004,23.842262564817464,24.33862433862435,59,89,2018-01-30
proxy,089030.KQ,2017-12-22,9950.0,22.14879111022305,2017-12-26,9950.0,304.0,897.0,True,8955.0,6049.6,3030849.6,2018-01-31,9150.0,EXIT_MA,5563.2,-254812.80000000028,-8.407305991033018,-8.040201005025127,24,36,2018-01-30
proxy,032500.KQ,2017-12-01,11528.45605,77.28093960660811,2017-12-04,11528.45605,442.0,767.0,True,10375.610445,10191.1551482,5105768.7292482,2018-02-02,11310.9375,EXIT_MA,9998.86875,-116333.22299819998,-2.278466361623267,-1.886796888122766,40,60,2018-02-01
proxy,086520.KQ,2018-01-16,9455.650391,103.88001073687497,2018-01-17,9510.75293,1.0,1061.0,True,8559.677637,19.02150586,9529.774435860001,2018-02-02,8559.677637,STOP,17.119355274,-987.216154134001,-10.359281437125759,-9.999999999999998,13,16,
proxy,196170.KQ,2017-11-08,3846.153809,12.674400281763193,2017-11-09,3846.153809,1.0,2057.0,True,3461.5384281,7.692307618,3853.846116618,2018-02-05,4594.01709,EXIT_MA,9.18803418,730.9829392020006,18.96762136012544,19.44444549383335,58,88,2018-02-02
proxy,214450.KQ,2017-10-27,46600.0,15.148738378744678,2017-10-30,47000.0,164.0,164.0,False,42300.0,15416.0,7723416.0,2018-02-06,54100.0,EXIT_MA,17744.8,1131239.1999999993,14.646876459846256,15.1063829787234,67,99,2018-02-05
proxy,087010.KQ,2017-10-30,23320.89648,3.883158483716711,2017-10-31,23320.89648,331.0,331.0,False,20988.806832,15438.433469759999,7734655.16834976,2018-02-06,28973.00586,EXIT_MA,19180.12987932,1836229.64143092,23.74029095627662,24.23624402624167,66,98,2018-02-05
proxy,058610.KQ,2018-01-29,9200.0,16.753906655676847,2018-01-30,9000.0,441.0,1142.0,True,8100.0,7938.0,3976938.0,2018-02-06,7700.0,STOP,6791.400000000001,-588029.3999999999,-14.785983588378796,-14.444444444444448,6,7,
proxy,039200.KQ,2017-10-24,8332.210938,14.659042601041264,2017-10-25,8236.658203,920.0,920.0,False,7412.992382700001,15155.451093520003,7592880.997853521,2018-02-08,14332.93164,EXIT_MA,26372.594217600003,5567043.51672888,73.31925152392962,74.01391786270288,72,106,2018-02-07
proxy,058470.KQ,2018-02-07,13240.0,16.864453624931073,2018-02-08,13300.0,720.0,720.0,False,11970.0,19152.0,9595152.0,2018-02-09,11560.0,STOP,16646.4,-1288598.4000000004,-13.429681989404655,-13.082706766917296,2,1,
proxy,041830.KQ,2017-12-28,40100.0,22.824587712738786,2018-01-02,40350.0,199.0,235.0,True,36315.0,16059.300000000001,8045709.3,2018-02-12,39500.0,EXIT_MA,15721.0,-200930.2999999998,-2.497359679649373,-2.106567534076831,29,41,2018-02-09
proxy,098460.KQ,2018-01-30,18980.0,19.966158423565723,2018-01-31,19160.0,549.0,549.0,False,17244.0,21037.68,10539877.68,2018-02-14,17244.0,STOP,18933.912,-1091855.5920000002,-10.35928143712575,-9.999999999999998,11,14,
proxy,000250.KQ,2018-02-19,45500.0,196.92587629903292,2018-02-20,46950.0,218.0,218.0,False,42255.0,20470.2,10255570.2,2018-02-20,42255.0,STOP,18423.18,-1062403.379999999,-10.35928143712574,-9.999999999999998,1,0,
proxy,010170.KQ,2017-12-27,6294.212402,156.57520783047306,2017-12-28,6274.93457,1.0,1504.0,True,5647.441113000001,12.54986914,6287.48443914,2018-02-28,5647.441113000001,STOP,11.294882226000002,-651.338208365999,-10.359281437125732,-9.999999999999998,41,62,
proxy,127120.KQ,2018-02-26,6960.081055,21.991822285600804,2018-02-27,7044.730957,1415.0,1415.0,False,6340.2578613,19936.58860831,9988230.89276331,2018-03-02,6340.2578613,STOP,17942.929747479,-1034708.9487712886,-10.359281437125746,-9.999999999999998,3,3,
proxy,089030.KQ,2018-02-22,9900.0,9.740711267779451,2018-02-23,9900.0,993.0,993.0,False,8910.0,19661.4,9850361.4,2018-03-12,9500.0,EXIT_MA,18867.0,-435728.4000000004,-4.423476279763708,-4.040404040404044,10,17,2018-03-09
proxy,023160.KQ,2018-01-10,13300.0,14.165479929990688,2018-01-11,13300.0,702.0,702.0,False,11970.0,18673.2,9355273.2,2018-03-14,13650.0,EXIT_MA,19164.600000000002,207862.20000000112,2.2218720453829306,2.6315789473684292,41,62,2018-03-13
proxy,218410.KQ,2017-12-21,15648.15527,49.77924411102122,2017-12-22,15111.92578,550.0,550.0,False,13600.733202,16623.118358,8328182.297358,2018-03-20,18134.31055,EXIT_MA,19947.741604999996,1625740.763536998,19.520955539754954,19.99999744572594,56,88,2018-03-19
proxy,007390.KQ,2017-11-06,7279.870605,48.873857887287194,2017-11-07,7373.321777,319.0,1070.0,True,6635.9895993,4704.179293726,2356793.826156726,2018-03-22,29343.76562,EXIT_MA,18721.322465560002,6985146.084157715,296.3834174476153,297.9721285395897,90,135,2018-03-21
proxy,039200.KQ,2018-03-21,23888.21875,183.8657779654435,2018-03-22,24557.08984,423.0,423.0,False,22101.380856,20775.29800464,10408424.300324641,2018-03-22,22101.380856,STOP,18697.768204176,-1078237.9664408173,-10.35928143712576,-9.999999999999998,1,0,
proxy,141080.KQ,2018-01-02,21175.0,3.370104533868762,2018-01-03,21175.0,379.0,455.0,True,19057.5,16050.65,8041375.65,2018-03-26,27950.0,EXIT_MA,21186.100000000002,2530488.25,31.46835019453419,31.99527744982291,55,82,2018-03-23
proxy,214150.KQ,2018-03-21,6800.0,145.73908707624298,2018-03-22,6890.0,1289.0,1486.0,True,6201.0,17762.420000000002,8898972.42,2018-03-26,6201.0,STOP,15986.178,-921869.5980000002,-10.359281437125752,-9.999999999999998,3,4,
proxy,080220.KQ,2018-02-13,5920.0,34.25085135476049,2018-02-14,6050.0,1618.0,1618.0,False,5445.0,19577.8,9808477.8,2018-03-29,5600.0,EXIT_MA,18121.600000000002,-765799.4000000004,-7.8075254449778155,-7.438016528925617,28,43,2018-03-28
proxy,059090.KQ,2018-03-12,4940.0,9.37371543253841,2018-03-13,4955.0,1141.0,2127.0,True,4459.5,11307.31,5664962.31,2018-04-04,4459.5,STOP,10176.579,-586849.3889999995,-10.359281437125741,-9.999999999999998,17,22,
proxy,065350.KQ,2018-03-22,5370.0,1.9682547030805742,2018-03-23,5300.0,1757.0,1865.0,True,4770.0,18624.2,9330724.2,2018-04-17,4935.0,EXIT_MA,17341.59,-677270.7899999991,-7.258501864196128,-6.886792452830193,17,25,2018-04-16
proxy,039200.KQ,2018-03-30,25273.73633,162.59187988403716,2018-04-02,25273.73633,357.0,417.0,True,22746.362697,18045.44773962,9040769.31754962,2018-04-18,22746.362697,STOP,16240.902965658,-936558.7376862783,-10.359281437125752,-9.999999999999998,13,16,
proxy,058610.KQ,2018-02-19,10450.0,51.72562697019163,2018-02-20,10500.0,949.0,949.0,False,9450.0,19929.0,9984429.0,2018-04-19,10850.0,EXIT_MA,20593.3,291627.69999999925,2.9208250166333922,3.3333333333333437,41,58,2018-04-18
proxy,127120.KQ,2018-04-04,7590.250488,36.45523436477353,2018-04-05,7787.766602,651.0,1394.0,True,7008.9899417999995,10139.672115804,5079975.730017804,2018-04-19,7008.9899417999995,STOP,9125.7049042236,-526248.9828102281,-10.35928143712576,-9.999999999999998,11,14,
proxy,041830.KQ,2018-03-02,44950.0,26.44745065511277,2018-03-05,44950.0,219.0,219.0,False,40455.0,19688.100000000002,9863738.1,2018-04-25,43600.0,EXIT_MA,19096.8,-334434.9000000004,-3.3905492685374563,-3.0033370411568394,37,51,2018-04-24
proxy,064290.KQ,2018-04-23,5660.0,16.728987681786784,2018-04-24,5730.0,1.0,1950.0,True,5157.0,11.46,5741.46,2018-04-25,5157.0,STOP,10.314,-594.7740000000003,-10.359281437125754,-9.999999999999998,2,1,
proxy,086520.KQ,2018-03-09,8684.209961,55.57635674297033,2018-03-12,8728.292969,1169.0,1169.0,False,7855.463672100001,20406.748961522004,10223781.229722522,2018-04-26,8529.922852,EXIT_MA,19942.959627976,-272244.3753624987,-2.6628540776188685,-2.2727252362465977,33,45,2018-04-25
proxy,035900.KQ,2017-08-14,7810.0,40.142902837962446,2017-08-16,8000.0,1016.0,1016.0,False,7200.0,16256.0,8144256.0,2018-05-03,20050.0,EXIT_MA,40741.6,12185802.399999999,149.62450099800398,150.625,171,260,2018-05-02
proxy,078600.KQ,2018-04-16,21200.0,130.04929398297784,2018-04-17,21300.0,405.0,538.0,True,19170.0,17253.0,8643753.0,2018-05-03,19170.0,STOP,15527.7,-895430.7000000002,-10.35928143712575,-9.999999999999998,12,16,
proxy,140860.KQ,2017-11-30,28050.0,22.759043096628478,2017-12-01,27850.0,307.0,307.0,False,25065.0,17099.9,8567049.9,2018-05-08,44200.0,EXIT_MA,27138.8,4975211.299999999,58.073798542949994,58.707360861759426,103,158,2018-05-04
proxy,098460.KQ,2018-04-19,20860.0,32.623677566035816,2018-04-20,20880.0,536.0,536.0,False,18792.0,22383.36,11214063.36,2018-05-08,18792.0,STOP,20145.024,-1161696.3839999996,-10.359281437125746,-9.999999999999998,11,18,
proxy,032820.KQ,2018-05-03,3490.0,434.8125553813637,2018-05-04,3490.0,3076.0,3076.0,False,3141.0,21470.48,10756710.48,2018-05-08,3141.0,STOP,19323.432,-1114317.9120000005,-10.359281437125754,-9.999999999999998,2,4,
proxy,033100.KQ,2018-03-07,9170.0,57.97061975586747,2018-03-08,9000.0,1062.0,1062.0,False,8100.0,19116.0,9577116.0,2018-05-09,12200.0,EXIT_MA,25912.8,3353371.1999999993,35.014415613218006,35.555555555555564,42,62,2018-05-08
proxy,140410.KQ,2018-03-13,15650.0,42.79387001810764,2018-03-14,15750.0,605.0,666.0,True,14175.0,19057.5,9547807.5,2018-05-09,17566.66602,EXIT_MA,21255.6658842,1058769.7762157992,11.08914037296834,11.534387428571424,38,56,2018-05-08
proxy,010170.KQ,2018-04-30,7200.0,89.85439988388639,2018-05-02,7350.0,1553.0,1553.0,False,6615.0,22829.100000000002,11437379.1,2018-05-16,6615.0,STOP,20546.19,-1184830.289999999,-10.359281437125741,-9.999999999999998,10,14,
proxy,222080.KQ,2018-04-17,2750.0,26.247038028060963,2018-04-18,2765.0,3.0,4204.0,True,2488.5,16.59,8311.59,2018-05-17,2488.5,STOP,14.931000000000001,-861.0209999999997,-10.359281437125745,-9.999999999999998,20,29,
proxy,089030.KQ,2018-05-18,9850.0,4.448074726204726,2018-05-21,9850.0,1052.0,1052.0,False,8865.0,20724.4,10382924.4,2018-05-23,9475.0,EXIT_MA,19935.4,-435159.80000000075,-4.191110165455898,-3.8071065989847663,1,2,2018-05-21
proxy,183300.KQ,2018-04-18,7230.0,38.13784410347858,2018-04-19,7260.0,1560.0,1560.0,False,6534.0,22651.2,11348251.2,2018-05-23,6534.0,STOP,20386.08,-1175597.2799999993,-10.359281437125743,-9.999999999999998,22,34,
proxy,090360.KQ,2018-05-29,36250.0,65.6662389772043,2018-05-30,39000.0,208.0,282.0,True,35100.0,16224.0,8128224.0,2018-05-30,35100.0,STOP,14601.6,-842025.5999999996,-10.359281437125743,-9.999999999999998,1,0,
proxy,196170.KQ,2018-03-27,5021.367676,14.496563126445885,2018-03-28,5181.624023,1587.0,2015.0,True,4663.461620700001,16446.474649002,8239683.799150002,2018-05-31,6666.666504,EXIT_MA,21159.999483696,2319155.943214302,28.146176476499544,28.659788406265065,43,64,2018-05-30
proxy,225570.KQ,2018-05-25,19250.0,25.977619574679473,2018-05-28,19350.0,552.0,552.0,False,17415.0,21362.4,10702562.4,2018-06-01,16950.0,STOP,18712.8,-1364875.2000000011,-12.752788995652118,-12.4031007751938,5,4,
proxy,028300.KQ,2018-03-23,22240.15625,180.0432040667161,2018-03-26,23767.20898,433.0,433.0,False,21390.488082,20582.40297668,10311783.89131668,2018-06-12,39546.75781,EXIT_MA,34247.49226346,6777714.7481498625,65.72785872536781,66.39209864009874,52,78,2018-06-11
proxy,014620.KQ,2018-05-10,13050.0,3.8956246270008767,2018-05-11,13100.0,776.0,776.0,False,11790.0,20331.2,10185931.2,2018-06-15,12000.0,EXIT_MA,18624.0,-892555.1999999993,-8.762627416921875,-8.3969465648855,22,35,2018-06-14
proxy,036810.KQ,2018-05-09,6048.426758,4.7907535690869,2018-05-10,6097.441406,1680.0,1680.0,False,5487.6972654,20487.40312416,10264188.965204159,2018-06-18,5979.805664,EXIT_MA,20092.147031040004,-238207.59671519883,-2.320763944649969,-1.9292640005403539,24,39,2018-06-15
proxy,086520.KQ,2018-06-07,8893.601562,24.479738917944726,2018-06-08,8794.416016,1169.0,1169.0,False,7914.9744144,20561.344645407997,10301233.667349407,2018-06-18,8243.387695,EXIT_MA,19273.040430909998,-683986.492325319,-6.639850278256181,-6.2656613014155145,5,10,2018-06-15
proxy,140860.KQ,2018-06-11,45000.0,37.46814584853011,2018-06-12,44900.0,223.0,223.0,False,40410.0,20025.4,10032725.4,2018-06-18,42500.0,EXIT_MA,18955.0,-574180.4000000004,-5.7230750081129536,-5.345211581291764,3,6,2018-06-15
proxy,074600.KQ,2018-05-23,16700.0,17.21189461176603,2018-05-24,16600.0,621.0,621.0,False,14940.0,20617.2,10329217.2,2018-06-18,14940.0,STOP,18555.48,-1070032.6799999997,-10.359281437125746,-9.999999999999998,16,25,
proxy,059090.KQ,2018-06-12,5080.0,12.079216025430838,2018-06-14,5000.0,1999.0,1999.0,False,4500.0,19990.0,10014990.0,2018-06-18,4500.0,STOP,17991.0,-1037481.0,-10.359281437125748,-9.999999999999998,3,4,
proxy,064760.KQ,2018-06-04,71000.0,9.015148770360437,2018-06-05,71300.0,145.0,145.0,False,64170.0,20677.0,10359177.0,2018-06-22,67200.0,EXIT_MA,19488.0,-634665.0,-6.126596736400971,-5.7503506311360475,11,17,2018-06-21
proxy,127120.KQ,2018-06-18,9029.293945,69.96941147129453,2018-06-19,8841.18457,1064.0,1064.0,False,7957.066113,18814.04076496,9425834.423244959,2018-06-22,7957.066113,STOP,16932.636688464,-976448.7157014217,-10.359281437125725,-9.999999999999998,4,3,
proxy,218410.KQ,2018-05-03,21107.94727,66.6447223019029,2018-05-04,20912.95508,508.0,508.0,False,18821.659572,21247.562361279997,10645028.743001278,2018-06-26,21546.68164,EXIT_MA,21891.42854624,278794.10157248005,2.619007503909063,3.030306131179228,33,53,2018-06-25
proxy,032500.KQ,2018-04-20,11600.96191,17.658738292552172,2018-04-23,11455.94922,32.0,967.0,True,10310.354298,733.18075008,367323.55579008,2018-06-29,12156.84082,EXIT_MA,778.03781248,20917.312637439987,5.694519806236963,6.118145136121678,44,67,2018-06-28
proxy,140860.KQ,2018-06-22,47750.0,52.31485355748372,2018-06-25,47900.0,207.0,207.0,False,43110.0,19830.600000000002,9935130.6,2018-07-05,43110.0,STOP,17847.54,-1029208.1399999987,-10.359281437125736,-9.999999999999998,9,10,
proxy,131970.KQ,2018-06-14,13050.0,29.255613013299232,2018-06-15,13150.0,770.0,770.0,False,11835.0,20251.0,10145751.0,2018-07-12,11835.0,STOP,18225.9,-1051026.9000000004,-10.359281437125752,-9.999999999999998,20,27,
proxy,166090.KQ,2018-05-28,23175.0,56.568020308340486,2018-05-29,23250.0,459.0,459.0,False,20925.0,21343.5,10693093.5,2018-07-17,22750.0,EXIT_MA,20884.5,-271728.0,-2.541154250638508,-2.1505376344086002,33,49,2018-07-16
proxy,035760.KQ,2018-06-27,263000.0,11.542206211713099,2018-06-28,258200.0,36.0,36.0,False,232380.0,18590.4,9313790.4,2018-07-19,232380.0,STOP,16731.36,-964841.7600000007,-10.359281437125755,-9.999999999999998,16,21,
proxy,035900.KQ,2018-05-29,24500.0,119.24581378922214,2018-05-30,24500.0,417.0,417.0,False,22050.0,20433.0,10236933.0,2018-07-20,23700.0,EXIT_MA,19765.8,-373798.80000000075,-3.651472565073941,-3.2653061224489743,35,51,2018-07-19
proxy,222080.KQ,2018-07-13,3360.0,58.721538776863916,2018-07-16,3400.0,2902.0,2902.0,False,3060.0,19733.600000000002,9886533.6,2018-07-20,3060.0,STOP,17760.24,-1024173.8399999999,-10.359281437125748,-9.999999999999998,5,4,
proxy,122870.KQ,2018-07-09,39750.0,29.572207637168436,2018-07-10,39750.0,241.0,241.0,False,35775.0,19159.5,9598909.5,2018-07-23,35775.0,STOP,17243.55,-994378.0500000007,-10.359281437125755,-9.999999999999998,10,13,
proxy,093320.KQ,2018-05-11,18100.0,6.434519859078774,2018-05-14,18150.0,565.0,565.0,False,16335.0,20509.5,10275259.5,2018-07-24,24550.0,EXIT_MA,27741.5,3567749.0,34.72174109082111,35.26170798898072,48,71,2018-07-23
proxy,183300.KQ,2018-07-18,6300.0,13.251649278107852,2018-07-19,6370.0,1482.0,1482.0,False,5733.0,18880.68,9459220.68,2018-07-24,6100.0,EXIT_MA,18080.4,-437101.0800000001,-4.62089948830753,-4.2386185243328045,3,5,2018-07-23
proxy,032500.KQ,2018-07-31,13824.47949,46.537075252884904,2018-08-01,13776.1416,671.0,671.0,False,12398.527440000002,18487.582027200002,9262278.595627202,2018-08-09,12785.22656,EXIT_MA,17157.77404352,-700549.3479107227,-7.563466599260551,-7.1929794914419425,6,8,2018-08-08
proxy,183300.KQ,2018-07-27,6630.0,18.922325235545838,2018-07-30,6630.0,1409.0,1409.0,False,5967.0,18683.34,9360353.34,2018-08-13,5967.0,STOP,16815.006,-969665.345999999,-10.359281437125738,-9.999999999999998,11,14,
proxy,098460.KQ,2018-06-20,20620.0,26.51984595225807,2018-06-21,20620.0,471.0,471.0,False,18558.0,19424.04,9731444.04,2018-08-23,21260.0,EXIT_MA,20026.920000000002,261989.04000000097,2.692190788161805,3.1037827352085268,44,63,2018-08-22
proxy,035760.KQ,2018-08-27,266500.0,23.75282641151234,2018-08-28,269800.0,34.0,34.0,False,242820.0,18346.4,9191546.4,2018-08-31,250300.0,EXIT_MA,17020.4,-698366.8000000007,-7.597924980284065,-7.227575982209045,3,3,2018-08-30
proxy,078600.KQ,2018-05-28,23000.0,130.25458765368495,2018-05-29,23000.0,463.0,463.0,False,20700.0,21298.0,10670298.0,2018-09-13,28300.0,EXIT_MA,26205.8,2406396.1999999993,22.55228673088605,23.043478260869566,74,107,2018-09-12
proxy,093320.KQ,2018-08-29,30300.0,79.48061761396436,2018-08-30,30450.0,305.0,305.0,False,27405.0,18574.5,9305824.5,2018-09-19,27405.0,STOP,16717.05,-964016.5499999998,-10.359281437125746,-9.999999999999998,15,20,
proxy,074600.KQ,2018-07-31,16250.0,23.401299081000243,2018-08-01,16200.0,571.0,571.0,False,14580.0,18500.4,9268700.4,2018-10-04,16050.0,EXIT_MA,18329.100000000002,-122479.5,-1.3214312116507725,-0.92592592592593,41,64,2018-10-02
proxy,098460.KQ,2018-09-20,21860.0,20.626224896300023,2018-09-21,21700.0,436.0,436.0,False,19530.0,18922.4,9480122.4,2018-10-04,21540.0,EXIT_MA,18782.88,-107465.28000000119,-1.1335853638345554,-0.7373271889400956,5,13,2018-10-02
proxy,000250.KQ,2018-09-18,50400.0,114.58292946472737,2018-09-19,50200.0,189.0,189.0,False,45180.0,18975.600000000002,9506775.6,2018-10-04,45180.0,STOP,17078.04,-984833.6399999987,-10.359281437125736,-9.999999999999998,8,15,
proxy,218410.KQ,2018-08-30,26567.74023,84.0766529742335,2018-08-31,26372.74805,346.0,346.0,False,23735.473244999997,18249.941650599998,9143220.766950598,2018-10-05,24959.05078,EXIT_MA,17271.663139760003,-524660.8602103572,-5.7382499404019045,-5.360447334952633,21,35,2018-10-04
proxy,028300.KQ,2018-09-07,45537.50391,228.68224784045367,2018-09-10,45537.50391,207.0,207.0,False,40983.753519,18852.52661874,9445115.83598874,2018-10-05,40983.753519,STOP,16967.273956866,-978446.1315126065,-10.359281437125754,-9.999999999999998,16,25,
proxy,196170.KQ,2018-09-07,7478.632324,61.52707442044548,2018-09-10,7638.888672,1265.0,1265.0,False,6874.9998048,19326.388340160003,9682520.55842016,2018-10-10,6858.974121,STOP,17353.20452613,-1023271.4998812899,-10.568234724701178,-10.209790775701988,18,30,
proxy,041510.KQ,2018-08-16,43850.0,24.893771989631126,2018-08-17,44050.0,208.0,208.0,False,39645.0,18324.8,9180724.8,2018-10-12,46200.0,EXIT_MA,19219.2,409656.0,4.462131355903403,4.880817253121461,35,56,2018-10-11
proxy,058470.KQ,2018-09-13,12820.0,4.1400210384988885,2018-09-14,12760.0,735.0,735.0,False,11484.0,18757.2,9397357.2,2018-10-16,12260.0,EXIT_MA,18022.2,-404279.3999999985,-4.3020541988123915,-3.9184952978056464,17,32,2018-10-15
proxy,086520.KQ,2018-10-22,10072.80273,32.420984089779445,2018-10-23,10061.78223,906.0,906.0,False,9055.604007000002,18231.949400760004,9134206.649780761,2018-10-24,9055.604007000002,STOP,16408.754460684002,-946238.1738994438,-10.359281437125745,-9.999999999999986,2,1,
proxy,035900.KQ,2018-08-17,26400.0,98.32714959899445,2018-08-20,26650.0,343.0,343.0,False,23985.0,18281.9,9159231.9,2018-10-25,30500.0,EXIT_MA,20923.0,1281345.0999999996,13.989656709095874,14.446529080675429,43,66,2018-10-24
proxy,140410.KQ,2018-08-30,22800.0,71.29990409759436,2018-08-31,23066.66602,404.0,404.0,False,20759.999418,18637.866144159998,9337570.93822416,2018-10-30,25000.0,EXIT_MA,20200.0,742229.0617758408,7.948845226304643,8.381505928614462,37,60,2018-10-29
proxy,124500.KQ,2018-10-31,5350.0,72.17047048439427,2018-11-01,5300.0,1629.0,1629.0,False,4770.0,17267.4,8650967.4,2018-11-06,4825.0,EXIT_MA,15719.85,-806762.25,-9.32568824614921,-8.9622641509434,3,5,2018-11-05
proxy,039200.KQ,2018-11-05,30768.02734,129.45729926211754,2018-11-06,30433.5918,281.0,281.0,False,27390.23262,17103.6785916,8568942.9743916,2018-11-06,27390.23262,STOP,15393.310732439999,-887680.9189040409,-10.35928143712576,-9.999999999999998,1,0,
proxy,218410.KQ,2018-11-02,27103.9707,79.0562186371538,2018-11-05,27201.4668,320.0,320.0,False,24481.32012,17408.938752000002,8721878.314752,2018-11-20,25105.29688,EXIT_MA,16067.390003200002,-704250.7031551981,-8.074530253008042,-7.706091496507083,11,15,2018-11-19
proxy,140410.KQ,2018-11-21,31833.33398,116.87401768534333,2018-11-22,32333.33398,268.0,268.0,False,29100.000582,17330.66701328,8682664.17365328,2018-12-06,29100.000582,STOP,15597.600311952001,-899461.6179892318,-10.359281437125746,-9.999999999999998,11,14,
proxy,041510.KQ,2018-11-15,53800.0,59.39242452570198,2018-11-16,53800.0,159.0,159.0,False,48420.0,17108.4,8571308.4,2018-12-19,49700.0,EXIT_MA,15804.6,-684813.0,-7.989597014150138,-7.620817843866168,23,33,2018-12-18
proxy,035900.KQ,2019-01-15,32950.0,54.40117080657602,2019-01-16,33100.0,255.0,255.0,False,29790.0,16881.0,8457381.0,2019-01-21,29790.0,STOP,15192.9,-876123.9000000004,-10.359281437125754,-9.999999999999998,4,5,
proxy,041510.KQ,2019-02-21,49900.0,19.299708838515027,2019-02-22,49450.0,169.0,169.0,False,44505.0,16714.1,8373764.1,2019-02-25,48400.0,EXIT_MA,16359.2,-210523.2999999998,-2.514082048239212,-2.123356926188069,1,3,2019-02-22
proxy,189300.KQ,2019-01-16,15893.83203,35.00284633819697,2019-01-17,15847.7627,529.0,529.0,False,14262.986429999999,16766.9329366,8400233.4012366,2019-03-18,15663.48633,EXIT_MA,16571.96853714,-130821.10120373871,-1.5573507896159233,-1.1627910733418512,38,60,2019-03-15
proxy,056190.KQ,2019-03-12,46700.0,30.021617573500524,2019-03-13,46450.0,182.0,182.0,False,41805.0,16907.8,8470807.8,2019-03-29,42100.0,EXIT_MA,15324.4,-823932.2000000011,-9.726725236287395,-9.364908503767488,12,16,2019-03-28
proxy,196170.KQ,2019-03-20,10363.24805,82.99297210405241,2019-03-21,10438.03418,827.0,827.0,False,9394.230762000001,17264.508533720003,8649518.77539372,2019-04-05,9394.230762000001,STOP,15538.057680348002,-896027.9929000679,-10.359281437125748,-9.999999999999998,12,15,
proxy,140410.KQ,2019-02-07,31666.66602,60.48089842448915,2019-02-08,31400.0,264.0,264.0,False,28260.0,16579.2,8306179.2,2019-04-30,39666.66797,EXIT_MA,20944.000688160002,2144877.143391841,25.822668783642914,26.32696805732484,56,81,2019-04-29
proxy,048410.KQ,2019-04-30,7812.45459,180.6171289244279,2019-05-02,8494.868164,1137.0,1137.0,False,7645.3813476,19317.330204936,9677982.432672935,2019-05-03,7645.3813476,STOP,17385.5971844424,-1002569.437636178,-10.359281437125746,-9.999999999999998,2,1,
proxy,101490.KQ,2019-04-05,6390.0,59.59957630868312,2019-04-08,6430.0,1317.0,1317.0,False,5787.0,16936.62,8485246.62,2019-05-09,5787.0,STOP,15242.958,-879010.5779999988,-10.359281437125736,-9.999999999999998,22,31,
proxy,064290.KQ,2019-04-05,5940.0,46.75207148666682,2019-04-08,6200.0,1417.0,1417.0,False,5580.0,17570.8,8802970.8,2019-05-09,5580.0,STOP,15813.720000000001,-911924.5200000005,-10.359281437125754,-9.999999999999998,22,31,
proxy,124500.KQ,2019-05-02,5180.0,30.75958254774884,2019-05-03,5200.0,1724.0,1724.0,False,4680.0,17929.600000000002,8982729.6,2019-05-17,4950.0,EXIT_MA,17067.6,-465997.19999999925,-5.187701520036842,-4.807692307692313,9,14,2019-05-16
proxy,218410.KQ,2019-04-25,30175.10352,26.983634950155256,2019-04-26,30175.10352,294.0,294.0,False,27157.593168,17742.960869759998,8889223.395749759,2019-05-20,27157.593168,STOP,15968.664782784,-920859.6691405429,-10.359281437125736,-10.000000000000009,15,24,
proxy,053610.KQ,2019-05-17,21859.6582,42.975847285438356,2019-05-20,21953.07617,430.0,430.0,False,19757.768553,18879.645506200002,9458702.3986062,2019-05-24,19757.768553,STOP,16991.68095558,-979853.6017717794,-10.359281437125741,-9.999999999999998,5,4,
proxy,093320.KQ,2019-06-05,43850.0,87.17378551628342,2019-06-07,43600.0,225.0,225.0,False,39240.0,19620.0,9829620.0,2019-06-17,39240.0,STOP,17658.0,-1018278.0,-10.359281437125748,-9.999999999999998,7,10,
proxy,036810.KQ,2019-06-11,8518.772461,60.95748381124311,2019-06-12,8636.408203,1164.0,1164.0,False,7772.767382700001,20105.558296584004,10072884.706588585,2019-06-19,7772.767382700001,STOP,18095.0024669256,-1043478.4755927101,-10.359281437125752,-9.999999999999998,6,7,
proxy,178320.KQ,2019-04-03,11000.0,38.93448765365116,2019-04-04,11100.0,766.0,766.0,False,9990.0,17005.2,8519605.2,2019-06-26,12600.0,EXIT_MA,19303.2,1112691.6000000015,13.060365754976552,13.513513513513509,56,83,2019-06-25
proxy,048410.KQ,2019-06-26,9836.163086,221.69127759384017,2019-06-27,9953.820312,993.0,993.0,False,8958.438280800001,19768.287139632,9903911.856955633,2019-06-27,8958.438280800001,STOP,17791.458425668803,-1025974.1025469005,-10.359281437125745,-9.999999999999986,1,0,
proxy,218410.KQ,2019-07-01,29736.36914,25.99489630124069,2019-07-02,29736.36914,320.0,320.0,False,26762.732226,19031.2762496,9534669.4010496,2019-07-04,27542.70312,EXIT_MA,17627.3299968,-738631.732646402,-7.746799617038547,-7.377047310894391,2,2,2019-07-03
proxy,131970.KQ,2019-03-11,15800.0,46.568183372729415,2019-03-12,15875.0,538.0,538.0,False,14287.5,17081.5,8557831.5,2019-07-09,22925.0,EXIT_MA,24667.3,3751151.1999999993,43.83296399327329,44.40944881889764,82,119,2019-07-08
proxy,189300.KQ,2019-03-21,19349.01172,50.41833930485292,2019-03-22,19256.875,441.0,441.0,False,17331.1875,16984.56375,8509266.43875,2019-07-09,24094.12695,EXIT_MA,21251.0199699,2094992.5262301005,24.62013078694774,25.119610269059756,74,109,2019-07-08
proxy,102710.KQ,2019-05-16,20000.0,42.47132605259443,2019-05-17,20300.0,458.0,458.0,False,18270.0,18594.8,9315994.8,2019-07-09,20100.0,EXIT_MA,18411.600000000002,-128606.40000000037,-1.3804902510250474,-0.9852216748768461,36,53,2019-07-08
proxy,101490.KQ,2019-06-11,7010.0,59.46268420861536,2019-06-12,7040.0,1414.0,1414.0,False,6336.0,19909.12,9974469.12,2019-07-09,6410.0,EXIT_MA,18127.48,-928856.5999999996,-9.312341226637631,-8.948863636363635,19,27,2019-07-08
proxy,053800.KQ,2019-06-17,66000.0,30.421987979854304,2019-06-18,65400.0,150.0,150.0,False,58860.0,19620.0,9829620.0,2019-07-11,62700.0,EXIT_MA,18810.0,-443430.0,-4.51116116391071,-4.128440366972475,17,23,2019-07-10
proxy,099320.KQ,2019-04-30,18800.0,42.58315179386363,2019-05-02,18850.0,472.0,472.0,False,16965.0,17794.4,8914994.4,2019-07-12,21000.0,EXIT_MA,19824.0,977181.5999999996,10.96110166934036,11.405835543766575,49,71,2019-07-11
proxy,214150.KQ,2019-04-02,6750.0,54.01376488593436,2019-04-03,6750.0,1249.0,1249.0,False,6075.0,16861.5,8447611.5,2019-07-17,12250.0,EXIT_MA,30600.5,6822038.0,80.75700450949952,81.4814814814815,72,105,2019-07-16
proxy,102710.KQ,2019-07-15,24550.0,82.24896959825007,2019-07-16,24300.0,393.0,393.0,False,21870.0,19099.8,9568999.8,2019-07-19,21870.0,STOP,17189.82,-991279.620000001,-10.359281437125759,-9.999999999999998,4,3,
proxy,101490.KQ,2019-07-16,8590.0,93.93509285478382,2019-07-17,8530.0,1110.0,1110.0,False,7677.0,18936.600000000002,9487236.6,2019-07-24,7677.0,STOP,17042.94,-982809.5399999991,-10.35928143712574,-9.999999999999998,6,7,
proxy,033640.KQ,2019-05-14,22950.0,117.93176498640416,2019-05-15,23100.0,387.0,387.0,False,20790.0,17879.4,8957579.4,2019-07-29,29650.0,EXIT_MA,22949.100000000002,2494021.5,27.842583231804785,28.354978354978357,52,75,2019-07-26
proxy,214150.KQ,2019-07-30,15200.0,193.75817393230696,2019-07-31,15400.0,613.0,613.0,False,13860.0,18880.4,9459080.4,2019-07-31,13860.0,STOP,16992.36,-979892.7599999998,-10.359281437125746,-9.999999999999998,1,0,
proxy,145020.KQ,2019-08-20,156955.0625,23.952471328494582,2019-08-21,154598.7344,60.0,60.0,False,139138.86096,18551.848127999998,9294475.912128,2019-08-22,149886.0938,EXIT_MA,17986.331256,-319296.6153839994,-3.435337488662074,-3.0483047731857615,1,1,2019-08-21
proxy,131970.KQ,2019-08-20,23950.0,68.55298212350547,2019-08-21,24150.0,393.0,393.0,False,21735.0,18981.9,9509931.9,2019-08-26,22000.0,EXIT_MA,17292.0,-881223.9000000004,-9.26635342152135,-8.902691511387161,3,5,2019-08-23
proxy,005290.KQ,2019-07-08,14000.0,49.50084441132944,2019-07-09,13800.0,661.0,661.0,False,12420.0,18243.600000000002,9140043.6,2019-09-02,13750.0,EXIT_MA,18177.5,-69471.09999999963,-0.7600740547889687,-0.36231884057971175,38,55,2019-08-30
proxy,033640.KQ,2019-08-20,33550.0,128.614069923102,2019-08-21,33350.0,281.0,281.0,False,30015.0,18742.7,9390092.7,2019-09-10,30015.0,STOP,16868.43,-972746.129999999,-10.359281437125738,-9.999999999999998,15,20,
proxy,178320.KQ,2019-09-03,12850.0,44.22703590987588,2019-09-04,12700.0,783.0,783.0,False,11430.0,19888.2,9963988.2,2019-09-11,12500.0,EXIT_MA,19575.0,-196063.19999999925,-1.9677181070928935,-1.5748031496062964,5,7,2019-09-10
proxy,126340.KQ,2019-09-10,12171.28027,50.51990358902938,2019-09-11,13958.9375,837.0,837.0,False,12563.04375,23367.261375000002,11706997.948875,2019-09-11,12563.04375,STOP,21030.5352375,-1212760.8653625008,-10.359281437125754,-9.999999999999998,1,0,
proxy,101490.KQ,2019-08-23,9920.0,129.4720291289861,2019-08-26,9720.0,959.0,959.0,False,8748.0,18642.96,9340122.96,2019-09-16,8748.0,STOP,16778.664,-967569.6240000008,-10.359281437125755,-9.999999999999998,14,21,
proxy,089970.KQ,2019-09-06,7160.0,27.29147263943112,2019-09-09,7230.0,1477.0,1477.0,False,6507.0,21357.420000000002,10700067.42,2019-09-24,6500.0,EXIT_MA,19201.0,-1118768.42,-10.455713745399933,-10.096818810511754,9,15,2019-09-23
proxy,099320.KQ,2019-08-22,20050.0,44.89521710829147,2019-08-23,21200.0,469.0,469.0,False,19080.0,19885.600000000002,9962685.6,2019-09-30,19450.0,EXIT_MA,18244.100000000002,-858879.6999999993,-8.620965615937928,-8.25471698113207,24,38,2019-09-27
proxy,053800.KQ,2019-08-23,61000.0,28.241039637718067,2019-08-26,60700.0,156.0,156.0,False,54630.0,18938.4,9488138.4,2019-10-08,59200.0,EXIT_MA,18470.4,-271408.80000000075,-2.8605063349413276,-2.471169686985175,28,43,2019-10-07
proxy,131970.KQ,2019-10-16,23275.0,57.21429388284476,2019-10-17,23025.0,432.0,432.0,False,20722.5,19893.600000000002,9966693.6,2019-10-21,20722.5,STOP,17904.24,-1032477.8399999999,-10.359281437125748,-9.999999999999998,3,4,
proxy,032500.KQ,2019-05-15,28000.0,133.3406199577707,2019-05-16,28200.0,337.0,337.0,False,25380.0,19006.8,9522406.8,2019-10-24,65600.0,EXIT_MA,44214.4,12540578.8,131.69547429962768,132.6241134751773,109,161,2019-10-23
proxy,218410.KQ,2019-08-23,31783.79297,48.5232314804105,2019-08-26,31393.80664,299.0,299.0,False,28254.425976,18773.49637072,9405521.68173072,2019-10-28,36122.37891,EXIT_MA,21601.18258818,1373468.4297710992,14.602788407143047,15.062118220398135,41,63,2019-10-25
proxy,005290.KQ,2019-10-25,18800.0,80.29508097565868,2019-10-28,18850.0,530.0,530.0,False,16965.0,19981.0,10010481.0,2019-10-29,16965.0,STOP,17982.9,-1037013.9000000004,-10.359281437125752,-9.999999999999998,2,1,
proxy,140410.KQ,2019-10-23,68100.0,124.50614774740471,2019-10-24,69366.66406,148.0,148.0,False,62429.997654,20532.53256176,10286798.813441759,2019-10-30,62429.997654,STOP,18479.279305583997,-1065638.4399553444,-10.359281437125754,-9.999999999999998,5,6,
proxy,089970.KQ,2019-10-28,6740.0,18.620773003266585,2019-10-29,6740.0,1472.0,1472.0,False,6066.0,19842.56,9941122.56,2019-11-01,6550.0,EXIT_MA,19283.2,-318805.7599999998,-3.2069392372524956,-2.8189910979228516,3,3,2019-10-31
proxy,189300.KQ,2019-08-23,25660.47656,61.899385054385384,2019-08-26,25199.78516,370.0,370.0,False,22679.806644,18647.8410184,9342568.350218398,2019-11-05,31004.48828,EXIT_MA,22943.3213272,2106148.992054401,22.543575953663385,23.034732570712137,47,71,2019-11-04
proxy,263750.KQ,2019-10-30,43760.0,26.09461845552432,2019-10-31,43800.0,221.0,221.0,False,39420.0,19359.600000000002,9699159.6,2019-11-07,39420.0,STOP,17423.64,-1004763.2400000002,-10.359281437125752,-9.999999999999998,6,7,
proxy,213420.KQ,2019-08-21,19400.0,42.04666797315017,2019-08-22,19350.0,487.0,487.0,False,17415.0,18846.9,9442296.9,2019-11-11,21800.0,EXIT_MA,21233.2,1153069.9000000004,12.211752206181954,12.661498708010344,53,81,2019-11-08
proxy,178320.KQ,2019-10-16,13850.0,36.237030750739166,2019-10-17,14025.0,727.0,727.0,False,12622.5,20392.350000000002,10216567.35,2019-11-11,13225.0,EXIT_MA,19229.15,-621221.5,-6.080530560981424,-5.704099821746878,17,25,2019-11-08
proxy,084370.KQ,2019-10-15,15050.0,35.26884065485184,2019-10-16,15200.0,668.0,668.0,False,13680.0,20307.2,10173907.2,2019-11-12,14200.0,EXIT_MA,18971.2,-707278.3999999985,-6.951885702279636,-6.578947368421051,19,27,2019-11-11
proxy,039030.KQ,2019-07-18,67100.0,29.58805971969327,2019-07-19,68000.0,141.0,141.0,False,61200.0,19176.0,9607176.0,2019-11-15,89300.0,EXIT_MA,25182.600000000002,2958941.4000000004,30.79928378537044,31.323529411764707,80,119,2019-11-14
proxy,140410.KQ,2019-11-05,71900.0,108.92843805881208,2019-11-06,73200.0,135.0,135.0,False,65880.0,19764.0,9901764.0,2019-11-18,64333.33203,STOP,17369.9996481,-1234134.1755980998,-12.463780954566275,-12.1129343852459,9,12,
proxy,222800.KQ,2019-11-19,11159.14258,64.56655722646991,2019-11-20,10967.56934,872.0,872.0,False,9870.812406000001,19127.44092896,9582847.90540896,2019-11-27,9870.812406000001,STOP,17214.696836064002,-992714.1842130218,-10.359281437125725,-9.999999999999986,6,7,
proxy,240810.KQ,2019-10-15,31100.0,51.74744491194117,2019-10-16,31500.0,323.0,323.0,False,28350.0,20349.0,10194849.0,2019-11-28,30300.0,EXIT_MA,19573.8,-427522.80000000075,-4.193517726451866,-3.809523809523807,31,43,2019-11-27
proxy,053800.KQ,2019-11-11,67700.0,31.73353676993939,2019-11-12,67700.0,139.0,139.0,False,60930.0,18820.600000000002,9429120.6,2019-11-29,63000.0,EXIT_MA,17514.0,-689634.5999999996,-7.313880363350106,-6.9423929098966,13,17,2019-11-28
proxy,102710.KQ,2019-10-17,24050.0,53.062398280321155,2019-10-18,23850.0,11.0,421.0,True,21465.0,524.7,262874.7,2019-12-02,23100.0,EXIT_MA,508.2,-9282.900000000023,-3.5313021755231757,-3.1446540880503138,31,45,2019-11-29
proxy,214150.KQ,2019-11-08,16200.0,130.15160999166488,2019-11-11,16250.0,585.0,585.0,False,14625.0,19012.5,9525262.5,2019-12-02,14625.0,STOP,17111.25,-986748.75,-10.359281437125748,-9.999999999999998,16,21,
proxy,031330.KQ,2019-11-18,2390.0,27.130755282137493,2019-11-19,2395.0,4045.0,4045.0,False,2155.5,19375.55,9707150.55,2019-12-06,2220.0,EXIT_MA,17959.8,-745210.3500000015,-7.676921730651447,-7.306889352818368,13,17,2019-12-05
proxy,005290.KQ,2019-12-17,16850.0,56.09728141153473,2019-12-18,17000.0,570.0,570.0,False,15300.0,19380.0,9709380.0,2019-12-24,15850.0,EXIT_MA,18069.0,-692949.0,-7.13690266525772,-6.764705882352939,4,6,2019-12-23
proxy,161580.KQ,2019-11-15,10000.0,27.95798599801646,2019-11-18,10250.0,955.0,955.0,False,9225.0,19577.5,9808327.5,2019-12-26,9610.0,EXIT_MA,18355.100000000002,-649132.5999999996,-6.618178277591155,-6.243902439024396,27,38,2019-12-24
proxy,218410.KQ,2020-01-02,38169.80078,24.889248824570227,2020-01-03,37341.08203,2.0,260.0,True,33606.973827,149.36432811999998,74831.52838812,2020-01-07,33606.973827,STOP,134.42789530800002,-7752.0086294280045,-10.359281437125754,-9.999999999999986,3,4,
proxy,124500.KQ,2019-11-27,6370.0,48.348799637837324,2019-11-28,6410.0,1462.0,1462.0,False,5769.0,18742.84,9390162.84,2020-01-20,6120.0,EXIT_MA,17894.88,-460617.72000000067,-4.905321961381456,-4.524180967238689,34,53,2020-01-17
proxy,095610.KQ,2020-01-17,27450.0,57.0904708858452,2020-01-20,28000.0,318.0,390.0,True,25200.0,17808.0,8921808.0,2020-01-28,24700.0,STOP,15709.2,-1082917.2000000002,-12.137867122897065,-11.785714285714288,5,8,
proxy,178320.KQ,2019-12-16,14025.0,37.319645563290194,2019-12-17,14075.0,675.0,675.0,False,12667.5,19001.25,9519626.25,2020-02-03,13325.0,EXIT_MA,17988.75,-543240.0,-5.706526556123986,-5.328596802841923,29,48,2020-01-31
proxy,222080.KQ,2020-01-29,3110.0,32.59214557895626,2020-01-30,3130.0,9.0,3592.0,True,2817.0,56.34,28226.34,2020-02-03,2817.0,STOP,50.706,-2924.0459999999985,-10.359281437125743,-9.999999999999998,3,4,
proxy,237690.KQ,2020-02-04,31000.0,74.77218550703422,2020-02-05,31800.0,282.0,365.0,True,28620.0,17935.2,8985535.2,2020-02-10,28620.0,STOP,16141.68,-930836.879999999,-10.359281437125738,-9.999999999999998,4,5,
proxy,096530.KQ,2019-12-19,14750.0,41.73783161761781,2019-12-20,14775.0,113.0,647.0,True,13297.5,3339.15,1672914.15,2020-02-18,16000.0,EXIT_MA,3616.0,131469.8500000001,7.858732619363648,8.291032148900168,37,60,2020-02-17
proxy,240810.KQ,2019-12-13,34700.0,47.60145722454068,2019-12-16,34800.0,265.0,265.0,False,31320.0,18444.0,9240444.0,2020-02-24,33650.0,EXIT_MA,17834.5,-341028.5,-3.690607291164797,-3.3045977011494254,45,70,2020-02-21
proxy,102710.KQ,2019-12-17,26800.0,55.298089009215175,2019-12-18,26800.0,358.0,358.0,False,24120.0,19188.8,9613588.8,2020-02-24,26200.0,EXIT_MA,18759.2,-252748.0,-2.629070217773408,-2.238805970149249,43,68,2020-02-21
proxy,086450.KQ,2019-10-16,13700.0,15.126110091743072,2019-10-17,13820.0,735.0,735.0,False,12438.0,20315.4,10178015.4,2020-02-25,17900.0,EXIT_MA,26313.0,2952171.5999999996,29.0053756452363,29.522431259044858,88,131,2020-02-24
proxy,039030.KQ,2019-12-27,102600.0,60.75505854099256,2019-12-30,101400.0,83.0,95.0,True,91260.0,16832.4,8433032.4,2020-02-25,100100.0,EXIT_MA,16616.6,-141349.0,-1.6761349096678437,-1.2820512820512775,37,57,2020-02-24
proxy,189300.KQ,2020-02-21,34920.35938,57.991851789582995,2020-02-24,33952.91016,346.0,346.0,False,30557.619144,23495.41383072,11771202.32919072,2020-02-27,30557.619144,STOP,21145.872447648002,-1219411.977814367,-10.359281437125741,-9.999999999999998,4,3,
proxy,036830.KQ,2019-12-17,70715.78906,49.58630521957284,2019-12-18,71237.03906,135.0,135.0,False,64113.335154,19234.0005462,9636234.2736462,2020-02-28,76015.13281,EXIT_MA,20524.0858587,605284.569845099,6.281339293508778,6.707316605306413,47,72,2020-02-27
proxy,067310.KQ,2020-01-09,4135.86377,51.251843541230755,2020-01-10,4156.17041,16.0,2519.0,True,3740.5533689999997,132.99745312,66631.72401312,2020-02-28,3959.869385,EXIT_MA,126.71582032,-3400.5296734399963,-5.103469441628768,-4.723122625763554,33,49,2020-02-27
proxy,237690.KQ,2020-02-26,33000.0,73.2175778983265,2020-02-27,33100.0,355.0,355.0,False,29790.0,23501.0,11774001.0,2020-02-28,29790.0,STOP,21150.9,-1219701.9000000004,-10.359281437125752,-9.999999999999998,2,1,
proxy,082920.KQ,2020-01-20,8050.0,45.06841142932343,2020-01-21,8050.0,1.0,1368.0,True,7245.0,16.1,8066.1,2020-03-02,7500.0,EXIT_MA,15.0,-581.1000000000004,-7.20422509019229,-6.8322981366459645,27,41,2020-02-28
proxy,131970.KQ,2020-01-28,34150.0,98.1361644070195,2020-01-29,34800.0,224.0,330.0,True,31320.0,15590.4,7810790.4,2020-03-10,31320.0,STOP,14031.36,-809141.7600000007,-10.359281437125757,-9.999999999999998,30,41,
proxy,058470.KQ,2020-02-17,17600.0,61.10855659211495,2020-02-18,17480.0,103.0,696.0,True,15732.0,3600.88,1804040.88,2020-03-10,15720.0,STOP,3238.32,-188119.19999999995,-10.427657271269815,-10.068649885583525,16,21,
proxy,290650.KQ,2020-03-05,18800.0,159.4389369422735,2020-03-06,18666.66602,602.0,602.0,False,16799.999418,22474.665888080002,11259807.60992808,2020-03-10,16799.999418,STOP,20227.199299272,-1166435.1595913526,-10.359281437125754,-10.000000000000009,3,4,
proxy,237690.KQ,2020-03-05,35050.0,71.69362323169534,2020-03-06,34700.0,323.0,323.0,False,31230.0,22416.2,11230516.2,2020-03-11,31230.0,STOP,20174.58,-1163400.7799999993,-10.359281437125743,-9.999999999999998,4,5,
proxy,096530.KQ,2020-03-10,27350.0,121.05622003191294,2020-03-11,31350.0,393.0,393.0,False,28215.0,24641.100000000002,12345191.1,2020-03-11,28215.0,STOP,22176.99,-1278873.0899999999,-10.359281437125748,-9.999999999999998,1,0,
proxy,036540.KQ,2019-10-15,3040.0,62.19869018593454,2019-10-16,3045.0,3309.0,3309.0,False,2740.5,20151.81,10096056.81,2020-03-12,5190.0,EXIT_MA,34347.42,7043305.769999998,69.76293717982752,70.44334975369458,101,148,2020-03-11
proxy,083450.KQ,2019-10-25,7450.0,30.785022582907708,2019-10-28,7470.0,1339.0,1339.0,False,6723.0,20004.66,10022334.66,2020-03-12,14000.0,EXIT_MA,37492.0,8686173.34,86.66816300464666,87.41633199464525,93,136,2020-03-11
proxy,101490.KQ,2019-12-12,10000.0,69.30720708628111,2019-12-13,10100.0,918.0,918.0,False,9090.0,18543.600000000002,9290343.6,2020-03-12,15750.0,EXIT_MA,28917.0,5139239.4,55.318076717851426,55.940594059405946,59,90,2020-03-11
proxy,137400.KQ,2019-12-16,7330.0,32.17630705011495,2019-12-17,7330.0,1292.0,1292.0,False,6597.0,18940.72,9489300.72,2020-03-13,8190.0,EXIT_MA,21162.96,1071016.3199999984,11.286567383650144,11.732605729877221,58,87,2020-03-12
proxy,196170.KQ,2020-02-06,17585.4707,124.39724721906853,2020-02-07,17350.42773,1.0,639.0,True,15615.384957,34.70085546,17385.12858546,2020-03-13,15576.92285,STOP,31.1538457,-1839.359581159999,-10.580074643211681,-10.221678148795698,26,35,
proxy,222080.KQ,2020-02-10,3530.0,49.20743139432112,2020-02-11,3530.0,2277.0,3184.0,True,3177.0,16075.62,8053885.62,2020-03-13,3177.0,STOP,14468.058,-834324.6780000003,-10.359281437125752,-9.999999999999998,24,31,
proxy,213420.KQ,2019-12-26,25450.0,42.73323611220302,2019-12-27,25800.0,374.0,374.0,False,23220.0,19298.4,9668498.4,2020-03-17,28000.0,EXIT_MA,20944.0,782557.5999999996,8.09388973990004,8.52713178294573,53,81,2020-03-16
proxy,096530.KQ,2020-03-27,57950.0,367.43234997611427,2020-03-30,63300.0,169.0,169.0,False,56970.0,21395.4,10719095.4,2020-03-30,56970.0,STOP,19255.86,-1110421.2599999998,-10.359281437125746,-9.999999999999998,1,0,
proxy,237690.KQ,2020-04-06,39200.0,92.2052901643927,2020-04-07,39200.0,253.0,253.0,False,35280.0,19835.2,9937435.2,2020-04-13,35280.0,STOP,17851.68,-1029446.879999999,-10.35928143712574,-9.999999999999998,5,6,
proxy,101490.KQ,2020-04-07,17900.0,116.03126524240761,2020-04-08,17650.0,555.0,555.0,False,15885.0,19591.5,9815341.5,2020-04-14,17000.0,EXIT_MA,18870.0,-399211.5,-4.067219668312101,-3.682719546742208,4,6,2020-04-13
proxy,222080.KQ,2020-04-16,3975.0,63.20535258345023,2020-04-17,4120.0,2507.0,2507.0,False,3708.0,20657.68,10349497.68,2020-04-21,3708.0,STOP,18591.912,-1072133.5920000002,-10.35928143712575,-9.999999999999998,3,4,
proxy,039200.KQ,2020-05-11,24843.74805,18.838584106913107,2020-05-12,24987.07812,429.0,429.0,False,22488.370307999998,21438.91302696,10740895.42650696,2020-05-14,22488.370307999998,STOP,19295.021724264,-1112679.5860992242,-10.359281437125748,-9.999999999999998,3,2,
proxy,093320.KQ,2020-03-30,47800.0,56.00833192356271,2020-03-31,49150.0,203.0,203.0,False,44235.0,19954.9,9997404.9,2020-06-04,58500.0,EXIT_MA,23751.0,1854344.0999999996,18.548254457514265,19.02339776195321,43,65,2020-06-03
proxy,036540.KQ,2020-05-07,5690.0,68.96165335282718,2020-05-08,5850.0,1823.0,1823.0,False,5265.0,21329.100000000002,10685879.1,2020-06-11,5265.0,STOP,19196.19,-1106980.289999999,-10.359281437125741,-9.999999999999998,25,34,
proxy,213420.KQ,2020-04-29,31300.0,45.67775239199395,2020-05-04,30500.0,314.0,314.0,False,27450.0,19154.0,9596154.0,2020-06-16,31200.0,EXIT_MA,19593.600000000002,181052.40000000037,1.8867183665456013,2.2950819672131084,30,43,2020-06-15
proxy,089030.KQ,2020-04-29,7625.0,13.214167201449756,2020-05-04,7525.0,1291.0,1291.0,False,6772.5,19429.55,9734204.55,2020-06-16,8250.0,EXIT_MA,21301.5,895243.9499999993,9.196888614796976,9.63455149501662,30,43,2020-06-15
proxy,298380.KQ,2020-06-16,33200.0,55.804276261285935,2020-06-17,32700.0,385.0,385.0,False,29430.0,25179.0,12614679.0,2020-06-30,29430.0,STOP,22661.100000000002,-1306790.0999999996,-10.359281437125746,-9.999999999999998,10,13,
proxy,036810.KQ,2020-06-17,25830.80078,272.8172302231772,2020-06-18,26467.99414,294.0,495.0,True,23821.194725999998,15563.18055432,7797153.45771432,2020-07-01,23821.194725999998,STOP,14006.862498888,-807729.0707692085,-10.359281437125754,-10.000000000000009,10,13,
proxy,290650.KQ,2020-04-10,18966.66602,138.6495348405093,2020-04-13,19666.66602,520.0,520.0,False,17699.999418,20453.3326608,10247119.6630608,2020-07-16,33333.33203,EXIT_MA,34666.6653112,7051546.327228002,68.81491149798592,69.4915243697213,64,94,2020-07-15
proxy,064760.KQ,2020-04-09,70000.0,23.5349440706825,2020-04-10,70100.0,140.0,140.0,False,63090.0,19628.0,9833628.0,2020-07-21,90600.0,EXIT_MA,25368.0,2825004.0,28.72799337131728,29.243937232524964,68,102,2020-07-20
proxy,083450.KQ,2020-05-06,15050.0,64.58082778202645,2020-05-07,14900.0,671.0,671.0,False,13410.0,19995.8,10017895.8,2020-07-27,19500.0,EXIT_MA,26169.0,3040435.1999999993,30.350038178676197,30.87248322147651,57,81,2020-07-24
proxy,127120.KQ,2020-07-24,7298.679688,77.93936612501679,2020-07-27,7298.679688,1785.0,2093.0,True,6568.8117192,26056.28648616,13054199.52956616,2020-07-28,6568.8117192,STOP,23450.657837544,-1352321.2686317023,-10.359281437125736,-9.999999999999998,2,1,
proxy,068760.KQ,2020-05-13,68519.38281,101.2362810310183,2020-05-14,67390.82812,103.0,157.0,True,60651.745308000005,13882.510592720002,6955137.806952721,2020-07-30,95282.25,EXIT_MA,19628.143500000002,2839305.7995472783,40.82314223463637,41.38756364639846,55,77,2020-07-29
proxy,141080.KQ,2020-07-28,66800.0,156.49439601366893,2020-07-29,63200.0,184.0,234.0,True,56880.0,23257.600000000002,11652057.6,2020-07-30,56880.0,STOP,20931.84,-1207069.4399999995,-10.359281437125745,-9.999999999999998,2,1,
proxy,089970.KQ,2020-07-01,14900.0,106.34669883061174,2020-07-02,14900.0,892.0,892.0,False,13410.0,26581.600000000002,13317381.6,2020-08-14,13950.0,EXIT_MA,24886.8,-898868.4000000004,-6.749588072177795,-6.375838926174493,31,43,2020-08-13
proxy,089030.KQ,2020-07-15,10850.0,59.49325866689173,2020-07-16,10875.0,220.0,1371.0,True,9787.5,4785.0,2397285.0,2020-08-14,9787.5,STOP,4306.5,-248341.5,-10.359281437125748,-9.999999999999998,22,29,
proxy,096530.KQ,2020-07-29,119100.0,539.8571307379323,2020-07-30,119500.0,82.0,131.0,True,107550.0,19598.0,9818598.0,2020-08-14,107550.0,STOP,17638.2,-1017136.1999999993,-10.359281437125741,-9.999999999999998,12,15,
proxy,036540.KQ,2020-07-20,5550.0,21.034463999708127,2020-07-21,5590.0,2260.0,2620.0,True,5031.0,25266.8,12658666.8,2020-08-19,5360.0,EXIT_MA,24227.2,-569294.0,-4.497266647385015,-4.114490161001793,20,29,2020-08-18
proxy,095340.KQ,2020-07-15,20800.0,99.09235876508511,2020-07-16,20800.0,715.0,715.0,False,18720.0,29744.0,14901744.0,2020-08-20,18720.0,STOP,26769.600000000002,-1543713.5999999996,-10.359281437125746,-9.999999999999998,25,35,
proxy,319660.KQ,2020-07-01,14025.0,41.723049255663796,2020-07-02,14150.0,351.0,948.0,True,12735.0,9933.300000000001,4976583.3,2020-08-24,13525.0,EXIT_MA,9494.550000000001,-238802.84999999963,-4.79853014818419,-4.416961130742047,36,53,2020-08-21
proxy,064760.KQ,2020-08-19,109000.0,39.69857642150598,2020-08-20,109000.0,110.0,159.0,True,98100.0,23980.0,12013980.0,2020-08-24,98100.0,STOP,21582.0,-1244562.0,-10.359281437125748,-9.999999999999998,3,4,
proxy,101490.KQ,2020-04-29,20950.0,113.92836661871488,2020-05-04,20350.0,470.0,470.0,False,18315.0,19129.0,9583629.0,2020-09-08,42650.0,EXIT_MA,40091.0,10421780.0,108.74565365583331,109.58230958230959,89,127,2020-09-07
proxy,086450.KQ,2020-04-22,19840.0,42.721012316709526,2020-04-23,19580.0,502.0,502.0,False,17622.0,19658.32,9848818.32,2020-09-16,29650.0,EXIT_MA,29768.600000000002,5005713.08,50.82551954314049,51.43003064351379,100,146,2020-09-15
proxy,059090.KQ,2020-09-07,19600.0,158.35458264508407,2020-09-08,20150.0,967.0,967.0,False,18135.0,38970.1,19524020.1,2020-09-16,18100.0,STOP,35005.4,-2056325.5,-10.53228530531988,-10.173697270471461,7,8,
proxy,032500.KQ,2020-09-07,86600.0,21.84732529139729,2020-09-08,88500.0,5.0,219.0,True,79650.0,885.0,443385.0,2020-09-21,79650.0,STOP,796.5,-45931.5,-10.359281437125748,-9.999999999999998,10,13,
proxy,131290.KQ,2020-04-23,12950.0,31.45929955600113,2020-04-24,12900.0,776.0,776.0,False,11610.0,20020.8,10030420.8,2020-09-22,35450.0,EXIT_MA,55018.4,17423760.8,173.70917080567548,174.80620155038758,103,151,2020-09-21
proxy,196170.KQ,2020-05-06,26752.13672,176.41456985671965,2020-05-07,26880.3418,377.0,377.0,False,24192.30762,20267.7777172,10154156.6363172,2020-09-23,80683.75781,EXIT_MA,60835.553388739994,20202784.504664056,198.9607333060738,200.1589727181222,98,139,2020-09-22
proxy,232140.KQ,2020-07-08,4485.0,30.220769199904616,2020-07-09,4575.0,1.0,3224.0,True,4117.5,9.15,4584.15,2020-09-23,5200.0,EXIT_MA,10.4,605.4500000000007,13.207464851717345,13.661202185792343,53,76,2020-09-22
proxy,214450.KQ,2020-08-14,64400.0,31.79673993206795,2020-08-18,64500.0,170.0,255.0,True,58050.0,21930.0,10986930.0,2020-09-23,64000.0,EXIT_MA,21760.0,-128690.0,-1.1713008092342447,-0.7751937984496138,26,36,2020-09-22
proxy,141080.KQ,2020-09-15,65300.0,77.23234922062147,2020-09-16,64100.0,231.0,288.0,True,57690.0,29614.2,14836714.2,2020-09-23,57690.0,STOP,26652.78,-1536976.9799999986,-10.35928143712574,-9.999999999999998,6,7,
proxy,226950.KQ,2020-09-16,31700.0,33.015367597798765,2020-09-17,31500.0,554.0,591.0,True,28350.0,34902.0,17485902.0,2020-09-23,28350.0,STOP,31411.8,-1811413.8000000007,-10.359281437125754,-9.999999999999998,5,6,
proxy,126340.KQ,2020-06-03,18561.20312,37.23447461835762,2020-06-04,19017.625,622.0,675.0,True,17115.8625,23657.9255,11852620.6755,2020-09-24,30238.02344,EXIT_MA,37616.10115936,6917813.803020639,58.36526783751824,58.99999836993315,79,112,2020-09-23
proxy,086520.KQ,2020-08-31,10381.37793,75.02880243798995,2020-09-01,10513.625,1173.0,1683.0,True,9462.2625,24664.96425,12357147.08925,2020-09-24,9462.2625,STOP,22198.467825000003,-1280111.644574998,-10.359281437125732,-9.999999999999998,18,23,
proxy,222080.KQ,2020-05-19,4585.0,53.555184452673444,2020-05-20,4530.0,1.0,2511.0,True,4077.0,9.06,4539.06,2020-09-25,7110.0,EXIT_MA,14.22,2556.7199999999993,56.3270809374628,56.95364238410596,91,128,2020-09-24
proxy,253590.KQ,2020-05-27,2050.0,28.000378200213937,2020-05-28,2065.0,1.0,5854.0,True,1858.5,4.13,2069.13,2020-09-25,3095.0,EXIT_MA,6.19,1019.6799999999998,49.28061552439914,49.878934624697344,85,120,2020-09-24
proxy,122870.KQ,2020-08-13,48250.0,40.166308692636875,2020-08-14,48450.0,255.0,350.0,True,43605.0,24709.5,12379459.5,2020-10-12,50200.0,EXIT_MA,25602.0,395938.5,3.1983504611005027,3.611971104231171,36,59,2020-10-08
proxy,000250.KQ,2020-10-08,62800.0,48.74422642562048,2020-10-12,63400.0,273.0,273.0,False,57060.0,34616.4,17342816.4,2020-10-13,57060.0,STOP,31154.760000000002,-1796591.1599999983,-10.35928143712574,-9.999999999999998,2,1,
proxy,290650.KQ,2020-10-06,51866.66797,264.3549753772751,2020-10-07,51166.66797,332.0,332.0,False,46050.001173000004,33974.667532080006,17021308.43357208,2020-10-14,46050.001173000004,STOP,30577.200778872004,-1763285.2449149508,-10.359281437125741,-9.999999999999998,5,7,
proxy,092870.KQ,2020-10-07,13564.35645,59.99296548551962,2020-10-08,13613.86133,1262.0,1262.0,False,12252.475197,34361.38599692,17215054.384456918,2020-10-15,12252.475197,STOP,30925.247397228,-1783355.9332401454,-10.359281437125736,-9.999999999999998,5,7,
proxy,137400.KQ,2020-05-14,10800.0,52.82278569782686,2020-05-15,11200.0,862.0,989.0,True,10080.0,19308.8,9673708.8,2020-10-16,20950.0,EXIT_MA,36117.8,8349073.3999999985,86.30685058454517,87.05357142857142,105,154,2020-10-15
proxy,319660.KQ,2020-09-21,16100.0,27.838165864498478,2020-09-22,16000.0,1112.0,1112.0,False,14400.0,35584.0,17827584.0,2020-10-16,14400.0,STOP,32025.600000000002,-1846809.5999999996,-10.359281437125746,-9.999999999999998,15,24,
proxy,226950.KQ,2020-09-29,34100.0,43.95180925627961,2020-10-05,34000.0,503.0,503.0,False,30600.0,34204.0,17136204.0,2020-10-16,30600.0,STOP,30783.600000000002,-1775187.5999999996,-10.359281437125746,-9.999999999999998,9,11,
proxy,082920.KQ,2020-10-12,9300.0,3.1267124923658853,2020-10-13,9325.0,1871.0,1871.0,False,8392.5,34894.15,17481969.15,2020-10-19,8725.0,EXIT_MA,32648.95,-1190143.0999999978,-6.807832057065482,-6.434316353887404,4,6,2020-10-16
proxy,237690.KQ,2020-06-11,39850.0,49.11124055655252,2020-06-12,38200.0,250.0,320.0,True,34380.0,19100.0,9569100.0,2020-10-22,64300.0,EXIT_MA,32150.0,6473750.0,67.65265280956412,68.32460732984293,89,132,2020-10-21
proxy,095340.KQ,2020-10-08,21250.0,50.983527467458856,2020-10-12,21400.0,808.0,808.0,False,19260.0,34582.4,17325782.4,2020-10-22,19260.0,STOP,31124.16,-1794826.5599999987,-10.359281437125741,-9.999999999999998,9,10,
proxy,145020.KQ,2020-10-22,223158.1094,36.1540394203877,2020-10-23,223158.1094,70.0,70.0,False,200842.29846,31242.135316,15652309.793316,2020-10-26,200842.29846,STOP,28117.921784399998,-1621466.8229004014,-10.359281437125759,-9.999999999999998,2,3,
proxy,127120.KQ,2020-07-30,7900.632812,89.17894408739132,2020-07-31,7778.36084,1344.0,2001.0,True,7000.524756000001,20908.233937920002,10475025.20289792,2020-10-27,17682.36914,EXIT_MA,47530.20824832,13242548.713013759,126.42020860580081,127.32770443187613,57,88,2020-10-26
proxy,093320.KQ,2020-08-24,73200.0,41.692139284043265,2020-08-25,72600.0,228.0,228.0,False,65340.0,33105.6,16585905.6,2020-10-27,81700.0,EXIT_MA,37255.200000000004,2004439.2000000011,12.085195999186208,12.534435261707987,41,63,2020-10-26
proxy,039200.KQ,2020-09-08,37313.39844,34.085744070577476,2020-09-09,36692.30469,1.0,497.0,True,33023.074220999995,73.38460938,36765.68929938,2020-10-27,36978.96484,EXIT_MA,73.95792968,139.31761094000103,0.37893376567905235,0.7812541414933927,30,48,2020-10-26
proxy,102710.KQ,2020-11-05,43350.0,14.676950997884669,2020-11-06,43350.0,354.0,354.0,False,39015.0,30691.8,15376591.8,2020-11-12,40900.0,EXIT_MA,28957.2,-926949.0,-6.028312463884227,-5.651672433679355,4,6,2020-11-11
proxy,119850.KQ,2020-11-09,7180.0,26.861949535955144,2020-11-10,6780.0,2149.0,2149.0,False,6102.0,29140.440000000002,14599360.44,2020-11-13,6150.0,EXIT_MA,26432.7,-1409443.1399999987,-9.654143041350919,-9.292035398230091,3,3,2020-11-12
proxy,086450.KQ,2020-11-11,27200.0,19.21322751233274,2020-11-12,27950.0,563.0,563.0,False,25155.0,31471.7,15767321.7,2020-11-13,26650.0,EXIT_MA,30007.9,-793379.5999999996,-5.03179687137353,-4.651162790697672,1,1,2020-11-12
proxy,065350.KQ,2020-11-10,7140.0,95.36351989611785,2020-11-11,7050.0,2153.0,2153.0,False,6345.0,30357.3,15209007.3,2020-11-13,6345.0,STOP,27321.57,-1575543.870000001,-10.359281437125754,-9.999999999999998,3,2,
proxy,043260.KQ,2020-11-05,1375.0,73.1097842458589,2020-11-06,1275.0,11179.0,11179.0,False,1147.5,28506.45,14281731.45,2020-11-17,1147.5,STOP,25655.805,-1479484.754999999,-10.359281437125741,-9.999999999999998,8,11,
proxy,214150.KQ,2020-11-12,16650.0,3.5307668333968922,2020-11-13,16650.0,912.0,912.0,False,14985.0,30369.600000000002,15215169.6,2020-11-25,14985.0,STOP,27332.64,-1576182.2400000002,-10.35928143712575,-9.999999999999998,9,12,
proxy,067310.KQ,2020-11-16,5895.805664,33.264536985042994,2020-11-17,5787.501465,2594.0,2594.0,False,5208.751318500001,30025.55760042,15042804.35781042,2020-11-26,5577.662109,EXIT_MA,28936.911021492,-603285.7580859121,-4.01046070756533,-3.6257330951708133,7,9,2020-11-25
proxy,058470.KQ,2020-11-16,25700.0,30.072568093800157,2020-11-17,25900.0,64.0,595.0,True,23310.0,3315.2000000000003,1660915.2,2020-12-01,24640.0,EXIT_MA,3153.92,-87109.11999999988,-5.2446458434482315,-4.86486486486486,10,14,2020-11-30
proxy,090710.KQ,2020-11-17,2110.0,139.61287485643751,2020-11-18,2115.0,6052.0,7240.0,True,1903.5,25599.96,12825579.96,2020-12-04,1855.0,STOP,22452.920000000002,-1621572.8800000008,-12.643271376868018,-12.29314420803782,13,16,
proxy,226950.KQ,2020-11-26,54950.0,151.13440983755342,2020-11-27,55150.0,217.0,298.0,True,49635.0,23935.100000000002,11991485.1,2020-12-04,49635.0,STOP,21541.59,-1242231.6899999995,-10.359281437125745,-9.999999999999998,6,7,
proxy,253590.KQ,2020-12-02,3830.0,71.94053961047236,2020-12-03,3870.0,1.0,4347.0,True,3483.0,7.74,3877.74,2020-12-14,3483.0,STOP,6.966,-401.7059999999997,-10.359281437125741,-9.999999999999998,8,11,
proxy,064290.KQ,2020-11-30,14550.0,55.69494206841008,2020-12-01,14550.0,108.0,1123.0,True,13095.0,3142.8,1574542.8,2020-12-15,13095.0,STOP,2828.52,-163111.32000000007,-10.359281437125754,-9.999999999999998,11,14,
proxy,039200.KQ,2020-11-05,51216.34375,110.03351482298906,2020-11-06,51598.55469,300.0,300.0,False,46438.699220999995,30959.132814,15510525.539814,2021-01-07,44145.42969,STOP,26487.257814,-2293383.890627999,-14.785984425486468,-14.444445284907259,42,62,
proxy,101490.KQ,2020-11-16,38950.0,78.35037798959802,2020-11-17,38500.0,392.0,392.0,False,34650.0,30184.0,15122184.0,2021-01-14,40400.0,EXIT_MA,31673.600000000002,682942.4000000004,4.516162480234339,4.935064935064926,39,58,2021-01-13
proxy,068760.KQ,2020-11-11,104149.4688,88.13497986560213,2020-11-12,102376.0234,147.0,147.0,False,92138.42106000001,30098.550879600003,15079373.990679601,2021-01-18,152524.1562,EXIT_MA,44842.1019228,7296834.868797598,48.38950790203687,48.984255428698354,44,67,2021-01-15
proxy,232140.KQ,2020-11-04,5640.0,27.253673551238577,2020-11-05,5770.0,2709.0,2709.0,False,5193.0,31261.86,15662191.86,2021-01-19,5940.0,EXIT_MA,32182.920000000002,397085.22000000067,2.535310661173325,2.9462738301559765,50,75,2021-01-18
proxy,319660.KQ,2020-11-16,18625.0,42.348593864531956,2020-11-17,18400.0,821.0,821.0,False,16560.0,30212.8,15136612.8,2021-01-19,18500.0,EXIT_MA,30377.0,21510.199999999255,0.14210709016748618,0.5434782608695565,42,63,2021-01-18
proxy,102710.KQ,2020-12-15,46050.0,22.32678004113499,2020-12-16,46000.0,30.0,361.0,True,41400.0,2760.0,1382760.0,2021-01-19,42400.0,EXIT_MA,2544.0,-113304.0,-8.194046689230234,-7.826086956521738,21,34,2021-01-18
proxy,145020.KQ,2021-01-14,220113.6562,9.873147030389712,2021-01-15,220418.1094,71.0,80.0,True,198376.29846,31299.371534799997,15680985.138934799,2021-01-27,198376.29846,STOP,28169.43438132,-1624437.382656118,-10.359281437125736,-9.999999999999998,9,12,
proxy,005290.KQ,2020-11-12,30950.0,27.44067016403216,2020-11-13,30600.0,490.0,490.0,False,27540.0,29988.0,15023988.0,2021-01-28,32250.0,EXIT_MA,31605.0,746907.0,4.971429689640327,5.392156862745101,51,76,2021-01-27
proxy,078600.KQ,2020-11-27,46900.0,55.36904683683069,2020-11-30,47300.0,1.0,350.0,True,42570.0,94.60000000000001,47394.6,2021-01-29,47500.0,EXIT_MA,95.0,10.400000000001455,0.021943428154265372,0.42283298097252064,41,60,2021-01-28
proxy,137400.KQ,2020-12-16,24400.0,80.02470366595105,2020-12-17,24500.0,1.0,696.0,True,22050.0,49.0,24549.0,2021-02-01,24250.0,EXIT_MA,48.5,-347.5,-1.4155362743899955,-1.0204081632653073,29,46,2021-01-29
proxy,171090.KQ,2021-01-15,9840.0,17.045378042880305,2021-01-18,9700.0,531.0,1785.0,True,8730.0,10301.4,5161001.4,2021-02-01,8730.0,STOP,9271.26,-534642.6600000001,-10.35928143712575,-9.999999999999998,11,14,
proxy,131290.KQ,2020-11-03,39000.0,137.19979349051147,2020-11-04,38750.0,391.0,391.0,False,34875.0,30302.5,15181552.5,2021-02-09,58300.0,EXIT_MA,45590.6,7568156.8999999985,49.85100766209516,50.451612903225794,66,97,2021-02-08
proxy,099320.KQ,2021-02-10,75100.0,185.6720891183785,2021-02-15,77200.0,248.0,248.0,False,69480.0,38291.200000000004,19183891.2,2021-02-19,69480.0,STOP,34462.08,-1987313.2799999975,-10.359281437125736,-9.999999999999998,5,4,
proxy,064290.KQ,2021-02-15,25400.0,129.9299495619055,2021-02-16,26150.0,136.0,762.0,True,23535.0,7112.8,3563512.8,2021-02-19,23535.0,STOP,6401.52,-369154.31999999983,-10.359281437125745,-9.999999999999998,4,3,
proxy,247540.KQ,2020-11-05,35300.38672,60.187907800379236,2020-11-06,35868.55078,435.0,435.0,False,32281.695701999997,31205.6391786,15634025.2284786,2021-02-23,42513.62109,EXIT_MA,36986.8503483,2822413.0953231007,18.053016123972057,18.526174505230465,72,109,2021-02-22
proxy,166090.KQ,2021-02-19,38100.0,55.23360625725474,2021-02-22,38050.0,487.0,487.0,False,34245.0,37060.700000000004,18567410.7,2021-02-24,34245.0,STOP,33354.63,-1923450.33,-10.359281437125748,-9.999999999999998,3,2,
proxy,048410.KQ,2021-02-23,21037.15234,277.25660845400694,2021-02-24,22213.72656,829.0,859.0,True,19992.353904,36830.35863648,18452009.676876478,2021-02-24,19992.353904,STOP,33147.322772832,-1911495.613233311,-10.359281437125745,-9.999999999999998,1,0,
proxy,240810.KQ,2020-12-04,44100.0,9.722176675915073,2020-12-07,44100.0,378.0,378.0,False,39690.0,33339.6,16703139.6,2021-02-25,47450.0,EXIT_MA,35872.200000000004,1197088.2000000011,7.166845447427147,7.5963718820861725,53,80,2021-02-24
proxy,067310.KQ,2020-12-17,6078.568848,18.997293416165995,2020-12-18,6112.413574,1.0,2856.0,True,5501.1722166,12.224827148000001,6124.638401148,2021-02-25,7547.443359,EXIT_MA,15.094886718,1407.710071133999,22.984378487881642,23.47730184855452,44,69,2021-02-24
proxy,263750.KQ,2021-01-27,63160.0,26.75426336026087,2021-01-28,61960.0,296.0,296.0,False,55764.0,36680.32,18376840.32,2021-02-25,58960.0,EXIT_MA,34904.32,-959584.6400000006,-5.221706361325126,-4.841833440929633,18,28,2021-02-24
proxy,058470.KQ,2021-02-19,34020.0,30.421388410356144,2021-02-22,34200.0,53.0,545.0,True,30780.0,3625.2000000000003,1816225.2,2021-02-26,30780.0,STOP,3262.6800000000003,-188147.8799999999,-10.359281437125743,-9.999999999999998,5,4,
proxy,222800.KQ,2020-11-25,18950.0,19.323554436931705,2020-11-26,19050.0,840.0,840.0,False,17145.0,32004.0,16034004.0,2021-03-03,22850.0,EXIT_MA,38388.0,3121608.0,19.46867420015612,19.947506561679784,63,97,2021-03-02
proxy,048410.KQ,2021-02-26,25743.44922,367.8432577558357,2021-03-02,25131.63086,681.0,681.0,False,22618.467774,34229.281231320005,17148869.896891322,2021-03-05,22618.467774,STOP,30806.353108188,-1776499.6959055103,-10.35928143712576,-9.999999999999998,4,3,
proxy,222080.KQ,2021-01-07,10800.0,120.52824215389157,2021-01-08,11250.0,1172.0,1622.0,True,10125.0,26370.0,13211370.0,2021-03-08,13750.0,EXIT_MA,32230.0,2871400.0,21.73430915945886,22.222222222222232,38,59,2021-03-05
proxy,171090.KQ,2021-03-03,17800.0,137.55134205324126,2021-03-04,19700.0,996.0,996.0,False,17730.0,39242.4,19660442.4,2021-03-10,17730.0,STOP,35318.16,-2036680.5599999987,-10.359281437125741,-9.999999999999998,5,6,
proxy,053800.KQ,2021-03-04,97700.0,44.34683138889941,2021-03-05,96300.0,178.0,178.0,False,86670.0,34282.8,17175682.8,2021-03-10,86670.0,STOP,30854.52,-1779277.3200000003,-10.35928143712575,-9.999999999999998,4,5,
proxy,084370.KQ,2020-11-16,31950.0,36.40745264141992,2020-11-17,31550.0,478.0,478.0,False,28395.0,30161.8,15111061.8,2021-03-11,37200.0,EXIT_MA,35563.200000000004,2634975.0,17.437391461134784,17.908082408874805,76,114,2021-03-10
proxy,189300.KQ,2021-01-18,59060.55859,97.12092535556633,2021-01-19,58139.17578,298.0,298.0,False,52325.258202,34650.94876488,17360125.33120488,2021-03-17,66247.33594,EXIT_MA,39483.41222024,2342097.3666948825,13.491246877607244,13.946121614591632,38,57,2021-03-16
proxy,122640.KQ,2021-01-18,13100.0,19.201438241228598,2021-01-19,12900.0,1171.0,1344.0,True,11610.0,30211.8,15136111.8,2021-03-22,13550.0,EXIT_MA,31734.100000000002,699204.0999999996,4.619443283974683,5.03875968992249,41,62,2021-03-19
proxy,115180.KQ,2021-03-15,23273.10156,7.750406208437913,2021-03-16,23273.10156,733.0,733.0,False,20945.791404,34118.36688696,17093301.81036696,2021-03-25,22443.10547,EXIT_MA,32901.59261902,-675407.0934759807,-3.9512968352688382,-3.5663320931256237,7,9,2021-03-24
proxy,032820.KQ,2021-04-13,1475.0,20.734873693044246,2021-04-14,1470.0,1.0,12555.0,True,1323.0,2.94,1472.94,2021-04-29,1323.0,STOP,2.646,-152.586,-10.359281437125748,-9.999999999999998,12,15,
proxy,213420.KQ,2021-03-22,45500.0,17.84745070494507,2021-03-23,45550.0,386.0,386.0,False,40995.0,35164.6,17617464.6,2021-04-30,42900.0,EXIT_MA,33118.8,-1091183.4000000022,-6.193759571964755,-5.81778265642151,28,38,2021-04-29
proxy,064290.KQ,2021-03-24,26350.0,120.27118935016583,2021-03-25,26200.0,682.0,682.0,False,23580.0,35736.8,17904136.8,2021-04-30,25000.0,EXIT_MA,34100.0,-888236.8000000007,-4.961070225960297,-4.580152671755721,26,36,2021-04-29
proxy,327260.KQ,2021-04-29,8652.228516,36.231126244419585,2021-04-30,8785.526367,2156.0,2156.0,False,7906.9737303,37883.189694504,18979478.036946505,2021-05-03,7906.9737303,STOP,34094.8707250536,-1966137.5451447591,-10.359281437125755,-9.999999999999998,2,3,
proxy,038500.KQ,2021-02-03,4905.0,13.167921489954843,2021-02-04,4800.0,4.0,3799.0,True,4320.0,38.4,19238.4,2021-05-04,5090.0,EXIT_MA,40.72,1080.8799999999974,5.618346640053213,6.041666666666656,60,89,2021-05-03
proxy,039030.KQ,2021-03-16,115600.0,0.4650871745966789,2021-03-17,114700.0,148.0,148.0,False,103230.0,33951.2,17009551.2,2021-05-04,114000.0,EXIT_MA,33744.0,-171295.19999999925,-1.0070530255965793,-0.6102877070618962,34,48,2021-05-03
proxy,095610.KQ,2021-03-18,34100.0,17.6796720346695,2021-03-19,33550.0,503.0,503.0,False,30195.0,33751.3,16909401.3,2021-05-04,32600.0,EXIT_MA,32795.6,-544396.9000000004,-3.219492460682214,-2.8315946348733245,32,46,2021-05-03
proxy,183300.KQ,2021-03-24,13980.0,69.84390299677047,2021-03-25,13980.0,1286.0,1286.0,False,12582.0,35956.56,18014236.56,2021-05-04,12400.0,EXIT_MA,31892.8,-2099729.3599999994,-11.655944191730985,-11.301859799713876,28,40,2021-05-03
proxy,064760.KQ,2021-01-15,135000.0,34.122181027423494,2021-01-18,133100.0,130.0,130.0,False,119790.0,34606.0,17337606.0,2021-05-07,184000.0,EXIT_MA,47840.0,6534554.0,37.69005940035781,38.241923365890315,75,109,2021-05-06
proxy,084370.KQ,2021-03-24,45400.0,53.96261392924549,2021-03-25,45950.0,279.0,396.0,True,41355.0,25640.100000000002,12845690.1,2021-05-12,46600.0,EXIT_MA,26002.8,129707.09999999963,1.0097324393650102,1.4145810663764857,33,48,2021-05-11
proxy,083650.KQ,2021-03-08,3645.0,52.73550837465466,2021-03-09,3590.0,4735.0,4735.0,False,3231.0,33997.3,17032647.3,2021-05-13,3970.0,EXIT_MA,37595.9,1727706.8000000007,10.14350129823918,10.584958217270191,46,65,2021-05-12
proxy,140860.KQ,2021-02-02,104700.0,83.06422214979843,2021-02-03,104500.0,154.0,174.0,True,94050.0,32186.0,16125186.0,2021-05-14,137900.0,EXIT_MA,42473.200000000004,5068940.800000001,31.434929184692823,31.96172248803828,68,100,2021-05-13
proxy,033100.KQ,2021-05-11,6840.0,5.912096516011547,2021-05-12,6870.0,2727.0,2727.0,False,6183.0,37468.98,18771958.98,2021-05-18,6430.0,EXIT_MA,35069.22,-1272418.1999999993,-6.778292033109905,-6.404657933042213,4,6,2021-05-17
proxy,241710.KQ,2021-03-23,15300.0,18.548120711873356,2021-03-24,15300.0,1146.0,1146.0,False,13770.0,35067.6,17568867.6,2021-05-21,16000.0,EXIT_MA,36672.0,730460.3999999985,4.157697676542331,4.575163398692816,40,58,2021-05-20
proxy,023160.KQ,2021-05-06,12000.0,54.23021959613759,2021-05-07,12000.0,1522.0,1522.0,False,10800.0,36528.0,18300528.0,2021-05-21,10800.0,STOP,32875.2,-1895803.1999999993,-10.359281437125745,-9.999999999999998,10,14,
proxy,281740.KQ,2020-12-04,2745.0,7.83015377327162,2020-12-07,2710.0,1934.0,6073.0,True,2439.0,10482.28,5251622.28,2021-05-25,3750.0,EXIT_MA,14505.0,1986372.7199999997,37.82398303024946,38.37638376383763,113,169,2021-05-24
proxy,074600.KQ,2021-03-19,21500.0,15.398553708048784,2021-03-22,21800.0,801.0,801.0,False,19620.0,34923.6,17496723.6,2021-06-02,27200.0,EXIT_MA,43574.4,4246902.0,24.27255580581955,24.770642201834868,50,72,2021-06-01
proxy,089970.KQ,2020-11-04,12650.0,14.705448547327125,2020-11-05,12500.0,1208.0,1208.0,False,11250.0,30200.0,15130200.0,2021-06-03,26500.0,EXIT_MA,64024.0,16817776.0,111.15369261477046,112.00000000000001,142,210,2021-06-02
proxy,032820.KQ,2021-06-08,2505.0,131.27243899527414,2021-06-09,2520.0,2.0,7441.0,True,2268.0,10.08,5050.08,2021-06-10,2268.0,STOP,9.072000000000001,-523.152,-10.359281437125748,-9.999999999999998,2,1,
proxy,036810.KQ,2021-05-31,29261.83789,17.10044043488061,2021-06-01,29212.82227,579.0,633.0,True,26291.540043,33828.448188660004,16948052.54251866,2021-06-14,27448.28906,EXIT_MA,31785.11873148,-1087278.2955101412,-6.415358300208338,-6.040269555920597,9,13,2021-06-11
proxy,003380.KQ,2021-05-06,10200.0,24.749900379828865,2021-05-07,10300.0,1791.0,1791.0,False,9270.0,36894.6,18484194.6,2021-06-22,10250.0,EXIT_MA,36715.5,-163160.1000000015,-0.8827006181811216,-0.4854368932038833,31,46,2021-06-21
proxy,060370.KQ,2021-03-26,6080.0,16.197390083923587,2021-03-29,6100.0,1.0,2902.0,True,5490.0,12.200000000000001,6112.2,2021-06-30,7580.0,EXIT_MA,15.16,1452.6400000000003,23.76623801577174,24.262295081967224,65,93,2021-06-29
proxy,006730.KQ,2021-05-27,7645.660645,10.628154670043,2021-05-28,7741.777832,2424.0,2424.0,False,6967.6000488,37532.138929536,18803601.603697535,2021-07-02,7567.019531,EXIT_MA,36684.910686288,-497831.1712398231,-2.6475309450394318,-2.257340688306131,25,35,2021-07-01
proxy,058610.KQ,2021-05-04,11950.0,49.95636286070731,2021-05-06,11650.0,1536.0,1536.0,False,10485.0,35788.8,17930188.8,2021-07-05,11500.0,EXIT_MA,35328.0,-301516.80000000075,-1.6816153101522318,-1.2875536480686733,41,60,2021-07-02
proxy,237690.KQ,2021-07-02,119700.0,50.06565158118996,2021-07-05,120900.0,145.0,164.0,True,108810.0,35061.0,17565561.0,2021-07-07,113000.0,EXIT_MA,32770.0,-1213331.0,-6.907442352680908,-6.5343258891645934,2,2,2021-07-06
proxy,033100.KQ,2021-06-07,7390.0,17.63743298672196,2021-06-08,7490.0,2231.0,2568.0,True,6741.0,33420.38,16743610.38,2021-07-08,6840.0,EXIT_MA,30520.08,-1514090.460000001,-9.042795583732406,-8.678237650200272,22,30,2021-07-07
proxy,043260.KQ,2021-06-22,1810.0,53.434875644009324,2021-06-23,1800.0,10158.0,10957.0,True,1620.0,36568.8,18320968.8,2021-07-08,1700.0,EXIT_MA,34537.2,-1086906.0,-5.9325792858726984,-5.555555555555558,11,15,2021-07-07
proxy,241710.KQ,2021-06-03,18450.0,30.012206232173376,2021-06-04,18300.0,1011.0,1011.0,False,16470.0,37002.6,18538302.6,2021-07-09,16600.0,EXIT_MA,33565.2,-1789267.8000000007,-9.651734781802517,-9.289617486338797,25,35,2021-07-08
proxy,251970.KQ,2021-05-10,22700.0,23.700897753625913,2021-05-11,22500.0,823.0,823.0,False,20250.0,37035.0,18554535.0,2021-07-21,22800.0,EXIT_MA,37528.8,172336.19999999925,0.9288090485695236,1.333333333333342,50,71,2021-07-20
proxy,041830.KQ,2021-05-12,26000.0,30.194579824339424,2021-05-13,24950.0,697.0,697.0,False,22455.0,34780.3,17424930.3,2021-07-23,29700.0,EXIT_MA,41401.8,3234567.8999999985,18.562874251496996,19.03807615230462,50,71,2021-07-22
proxy,099320.KQ,2021-07-07,59500.0,60.25588123382146,2021-07-08,60100.0,327.0,327.0,False,54090.0,39305.4,19692005.4,2021-07-26,54090.0,STOP,35374.86,-2039950.259999998,-10.35928143712574,-9.999999999999998,13,18,
proxy,083650.KQ,2021-05-24,5350.0,113.73583076013234,2021-05-25,5250.0,3322.0,3322.0,False,4725.0,34881.0,17475381.0,2021-07-27,5520.0,EXIT_MA,36674.88,825384.120000001,4.723125178215005,5.142857142857138,45,63,2021-07-26
proxy,035760.KQ,2021-05-26,160100.0,7.421696300757851,2021-05-27,161400.0,114.0,114.0,False,145260.0,36799.200000000004,18436399.2,2021-07-29,168000.0,EXIT_MA,38304.0,677296.8000000007,3.673693505182947,4.089219330855021,45,63,2021-07-28
proxy,263750.KQ,2021-07-01,81600.0,43.223566437640585,2021-07-02,80500.0,227.0,241.0,True,72450.0,36547.0,18310047.0,2021-08-03,72450.0,STOP,32892.3,-1896789.3000000007,-10.359281437125754,-9.999999999999998,23,32,
proxy,171090.KQ,2021-05-18,17000.0,82.67313252626536,2021-05-20,17150.0,1058.0,1058.0,False,15435.0,36289.4,18180989.4,2021-08-04,26450.0,EXIT_MA,55968.200000000004,9747142.400000002,53.61172698335109,54.22740524781342,54,76,2021-08-03
proxy,031980.KQ,2021-08-09,14150.0,47.066033984315055,2021-08-10,14400.0,1.0,1476.0,True,12960.0,28.8,14428.8,2021-08-11,12960.0,STOP,25.92,-1494.7199999999993,-10.359281437125745,-9.999999999999998,2,1,
proxy,067310.KQ,2021-06-15,10491.96191,79.74904563257135,2021-06-16,10356.58105,3.0,1799.0,True,9320.922945,62.13948630000001,31131.8826363,2021-08-12,10458.11621,EXIT_MA,62.74869726,179.71729643999788,0.5772773157972985,0.9803926557403697,41,57,2021-08-11
proxy,041510.KQ,2021-08-04,71900.0,121.14630489851676,2021-08-05,71900.0,11.0,270.0,True,64710.0,1581.8,792481.8,2021-08-12,64710.0,STOP,1423.6200000000001,-82095.42000000004,-10.359281437125754,-9.999999999999998,6,7,
proxy,098460.KQ,2021-08-02,26400.0,4.865255891392714,2021-08-03,26300.0,747.0,747.0,False,23670.0,39292.200000000004,19685392.2,2021-08-13,23650.0,EXIT_MA,35333.1,-2054175.3000000007,-10.43502348914339,-10.076045627376429,8,10,2021-08-12
proxy,089970.KQ,2021-08-05,26450.0,24.11061289222234,2021-08-06,26900.0,2.0,750.0,True,24210.0,107.60000000000001,53907.6,2021-08-13,24300.0,EXIT_MA,97.2,-5404.799999999996,-10.026044565144796,-9.665427509293679,5,7,2021-08-12
proxy,166090.KQ,2021-07-22,51600.0,54.54425908137086,2021-07-23,52200.0,385.0,385.0,False,46980.0,40194.0,20137194.0,2021-08-13,46980.0,STOP,36174.6,-2086068.6000000015,-10.359281437125755,-9.999999999999998,16,21,
proxy,064290.KQ,2021-07-22,27300.0,39.035812894360866,2021-07-23,27200.0,706.0,728.0,True,24480.0,38406.4,19241606.4,2021-08-13,24480.0,STOP,34565.76,-1993292.1600000001,-10.35928143712575,-9.999999999999998,16,21,
proxy,023160.KQ,2021-07-14,12500.0,41.81165155052784,2021-07-15,12650.0,1589.0,1589.0,False,11385.0,40201.700000000004,20141051.7,2021-08-18,11700.0,EXIT_MA,37182.6,-1586934.3000000007,-7.879103453172711,-7.509881422924902,23,34,2021-08-17
proxy,131290.KQ,2021-07-13,64200.0,30.761442873817423,2021-07-14,63500.0,308.0,308.0,False,57150.0,39116.0,19597116.0,2021-08-30,68000.0,EXIT_MA,41888.0,1304996.0,6.659122699482924,7.086614173228356,32,47,2021-08-27
proxy,078600.KQ,2021-07-15,59000.0,18.76761550329548,2021-07-16,58300.0,106.0,342.0,True,52470.0,12359.6,6192159.6,2021-08-30,54900.0,EXIT_MA,11638.800000000001,-384398.39999999944,-6.207824488244771,-5.831903945111494,30,45,2021-08-27
proxy,065350.KQ,2021-05-21,11250.0,102.08844467385543,2021-05-24,11200.0,1572.0,1572.0,False,10080.0,35212.8,17641612.8,2021-08-31,16350.0,EXIT_MA,51404.4,8009182.800000001,45.39937981180496,45.98214285714286,70,99,2021-08-30
proxy,095340.KQ,2021-08-03,27450.0,13.089705890346078,2021-08-04,27550.0,714.0,714.0,False,24795.0,39341.4,19710041.4,2021-08-31,25500.0,EXIT_MA,36414.0,-1539455.3999999985,-7.810513274720969,-7.4410163339382995,18,27,2021-08-30
proxy,058470.KQ,2021-09-03,36740.0,13.158182280914271,2021-09-06,36740.0,527.0,527.0,False,33066.0,38723.96,19400703.96,2021-09-07,35980.0,EXIT_MA,37922.92,-477166.8800000027,-2.459533844667782,-2.0685900925421885,1,1,2021-09-06
proxy,263750.KQ,2021-08-26,87900.0,68.33809704517638,2021-08-27,92300.0,222.0,222.0,False,83070.0,40981.200000000004,20531581.2,2021-09-08,83070.0,STOP,36883.08,-2126924.2799999975,-10.359281437125736,-9.999999999999998,9,12,
proxy,214150.KQ,2021-08-02,23900.0,44.45265981419102,2021-08-03,23750.0,825.0,825.0,False,21375.0,39187.5,19632937.5,2021-09-09,22200.0,EXIT_MA,36630.0,-1354567.5,-6.899464229435866,-6.52631578947368,26,37,2021-09-08
proxy,222800.KQ,2021-08-26,32700.0,47.60511338481245,2021-08-27,32250.0,597.0,597.0,False,29025.0,38506.5,19291756.5,2021-09-10,29025.0,STOP,34655.85,-1998487.3500000015,-10.359281437125755,-9.999999999999998,11,14,
proxy,031330.KQ,2021-04-02,2905.0,5.869507136356644,2021-04-05,2925.0,1.0,6339.0,True,2632.5,5.8500000000000005,2930.85,2021-09-14,4705.0,EXIT_MA,9.41,1764.7400000000002,60.21256632035076,60.85470085470086,113,162,2021-09-13
proxy,039030.KQ,2021-09-03,127300.0,2.3963467784817922,2021-09-06,127000.0,42.0,152.0,True,114300.0,10668.0,5344668.0,2021-09-14,117100.0,EXIT_MA,9836.4,-436304.4000000004,-8.163358322724637,-7.795275590551176,6,8,2021-09-13
proxy,214450.KQ,2021-08-12,96900.0,31.006690671298244,2021-08-13,97200.0,189.0,214.0,True,87480.0,36741.6,18407541.6,2021-09-17,91700.0,EXIT_MA,34662.6,-1110904.200000003,-6.035049243077646,-5.658436213991768,24,35,2021-09-16
proxy,241710.KQ,2021-09-07,17200.0,1.5023584212976808,2021-09-08,17200.0,1102.0,1145.0,True,15480.0,37908.8,18992308.8,2021-09-23,15750.0,EXIT_MA,34713.0,-1670521.8000000007,-8.795780531959341,-8.430232558139538,8,15,2021-09-17
proxy,251970.KQ,2021-08-03,26400.0,38.1887261533363,2021-08-04,26600.0,742.0,742.0,False,23940.0,39474.4,19776674.4,2021-09-27,24700.0,EXIT_MA,36654.8,-1485929.1999999993,-7.513544339891642,-7.14285714285714,34,54,2021-09-24
proxy,213420.KQ,2021-06-01,44450.0,7.786359979038812,2021-06-02,44600.0,412.0,412.0,False,40140.0,36750.4,18411950.4,2021-09-29,60500.0,EXIT_MA,49852.0,6464197.6000000015,35.10870635410794,35.65022421524664,81,119,2021-09-28
proxy,281740.KQ,2021-06-18,4095.0,43.03945140331676,2021-06-21,4070.0,1.0,4782.0,True,3663.0,8.14,4078.14,2021-09-29,4615.0,EXIT_MA,9.23,527.6300000000006,12.938006051778522,13.390663390663393,68,100,2021-09-28
proxy,058470.KQ,2021-09-10,38200.0,22.832940629442977,2021-09-13,38200.0,525.0,525.0,False,34380.0,40110.0,20095110.0,2021-09-29,35780.0,EXIT_MA,37569.0,-1348179.0,-6.708990396171009,-6.335078534031413,9,16,2021-09-28
proxy,006730.KQ,2021-09-02,8152.458984,5.4682641270035415,2021-09-03,8624.305664,2364.0,2364.0,False,7761.8750976,40775.717179392,20428634.30687539,2021-09-29,7761.8750976,STOP,36698.1454614528,-2116259.721610442,-10.359281437125736,-9.999999999999998,16,26,
proxy,067310.KQ,2021-08-30,12048.83301,72.24611931340361,2021-08-31,12014.98828,1619.0,1619.0,False,10813.489452,38904.53205064,19491170.55737064,2021-09-30,11405.77734,EXIT_MA,36931.90702692,-1062148.9509375617,-5.44938513472659,-5.0704247545050425,19,30,2021-09-29
proxy,183300.KQ,2021-08-03,13680.0,19.9122336934562,2021-08-04,13760.0,1433.0,1433.0,False,12384.0,39436.16,19757516.16,2021-10-05,14500.0,EXIT_MA,41557.0,979426.8399999999,4.957236689411873,5.3779069767441845,39,62,2021-10-01
proxy,222080.KQ,2021-09-30,21400.0,97.25274768428392,2021-10-01,21600.0,916.0,916.0,False,19440.0,39571.200000000004,19825171.2,2021-10-05,19440.0,STOP,35614.08,-2053745.2799999975,-10.359281437125736,-9.999999999999998,2,4,
proxy,035900.KQ,2021-10-05,43400.0,12.874216187822448,2021-10-06,43900.0,447.0,447.0,False,39510.0,39246.6,19662546.6,2021-10-13,40800.0,EXIT_MA,36475.200000000004,-1461421.8000000007,-7.432515379264254,-7.061503416856496,4,7,2021-10-12
proxy,041510.KQ,2021-10-05,79000.0,105.07497519661774,2021-10-06,79200.0,245.0,245.0,False,71280.0,38808.0,19442808.0,2021-10-18,71280.0,STOP,34927.2,-2014135.1999999993,-10.359281437125745,-9.999999999999998,8,12,
proxy,032820.KQ,2021-10-25,2350.0,35.23712043414726,2021-10-26,2355.0,8048.0,8048.0,False,2119.5,37906.08,18990946.08,2021-11-02,2155.0,EXIT_MA,34686.88,-1682192.9599999972,-8.857868127863156,-8.49256900212314,5,7,2021-11-01
proxy,214150.KQ,2021-10-20,22850.0,34.34173199115884,2021-10-21,23000.0,838.0,838.0,False,20700.0,38548.0,19312548.0,2021-11-04,21950.0,EXIT_MA,36788.200000000004,-955236.1999999993,-4.946194567386962,-4.565217391304344,10,14,2021-11-03
proxy,058470.KQ,2021-11-01,36380.0,13.678465836064852,2021-11-02,35980.0,480.0,519.0,True,32382.0,34540.8,17304940.8,2021-11-04,36280.0,EXIT_MA,34828.8,74630.39999999851,0.4312664276782646,0.8337965536409087,2,2,2021-11-03
proxy,183300.KQ,2021-10-29,16320.0,45.82959665405284,2021-11-01,16280.0,1.0,1153.0,True,14652.0,32.56,16312.56,2021-11-08,15520.0,EXIT_MA,31.04,-823.6000000000004,-5.0488703183313985,-4.668304668304668,5,7,2021-11-05
proxy,121600.KQ,2021-11-12,68200.0,98.81575381917263,2021-11-15,68300.0,239.0,327.0,True,61470.0,32647.4,16356347.4,2021-11-16,61470.0,STOP,29382.66,-1694400.0600000005,-10.359281437125752,-9.999999999999998,2,1,
proxy,122870.KQ,2021-10-05,64800.0,31.644665962636843,2021-10-06,65300.0,299.0,299.0,False,58770.0,39049.4,19563749.4,2021-11-24,63300.0,EXIT_MA,37853.4,-674902.799999997,-3.4497620379455336,-3.0627871362940318,34,49,2021-11-23
proxy,281740.KQ,2021-11-22,5010.0,30.78616059014765,2021-11-23,4965.0,3.0,4305.0,True,4468.5,29.79,14924.79,2021-11-26,4575.0,EXIT_MA,27.45,-1227.2400000000016,-8.222829265939431,-7.85498489425982,3,3,2021-11-25
proxy,171090.KQ,2021-11-17,28250.0,115.07067686099543,2021-11-18,28600.0,512.0,798.0,True,25740.0,29286.4,14672486.4,2021-11-29,25000.0,STOP,25600.0,-1898086.4000000004,-12.936365032173416,-12.587412587412583,8,11,
proxy,035900.KQ,2021-10-20,48950.0,29.310215957345324,2021-10-21,48900.0,391.0,391.0,False,44010.0,38239.8,19158139.8,2021-11-30,47500.0,EXIT_MA,37145.0,-622784.8000000007,-3.250758197306822,-2.862985685071573,28,40,2021-11-29
proxy,078600.KQ,2021-09-03,68300.0,40.52209842652638,2021-09-06,70000.0,283.0,283.0,False,63000.0,39620.0,19849620.0,2021-12-08,109900.0,EXIT_MA,62203.4,11189876.600000001,56.373253493013976,57.00000000000001,62,93,2021-12-07
proxy,086520.KQ,2021-11-03,21724.28125,64.15957478344914,2021-11-04,22228.19531,870.0,870.0,False,20005.375778999998,38677.059839400004,19377206.9795394,2021-12-13,21108.38672,EXIT_MA,36728.5928928,-1049639.1260322034,-5.416875234601811,-5.037784554179359,27,39,2021-12-10
proxy,293490.KQ,2021-10-22,75800.0,26.289435240605357,2021-10-25,75600.0,248.0,248.0,False,68040.0,37497.6,18786297.6,2021-12-20,86100.0,EXIT_MA,42705.6,2523796.799999997,13.434242625859374,13.888888888888884,40,56,2021-12-17
proxy,067310.KQ,2021-10-28,15061.04199,71.29540559158572,2021-10-29,15230.2666,1249.0,1249.0,False,13707.239940000001,38045.20596680001,19060648.189366803,2021-12-21,15545.92676,EXIT_MA,38833.72504648,317380.6088267192,1.6651092117831205,2.0725845994054914,37,53,2021-12-20
proxy,137400.KQ,2021-10-18,36450.0,45.62559890429326,2021-10-19,36450.0,521.0,521.0,False,32805.0,37980.9,19028430.9,2021-12-24,42600.0,EXIT_MA,44389.200000000004,3121779.9000000022,16.405871384802424,16.872427983539097,48,66,2021-12-23
proxy,247540.KQ,2021-06-11,46737.80859,12.947583040097582,2021-06-14,46737.80859,338.0,398.0,True,42064.027731,31594.75860684,15828974.06202684,2021-12-28,123242.5703,EXIT_MA,83311.9775228,25743702.72185036,162.63658415872075,163.68923579863548,135,197,2021-12-27
proxy,041510.KQ,2021-12-28,78100.0,80.77735360047366,2021-12-29,77900.0,263.0,263.0,False,70110.0,40975.4,20528675.4,2021-12-30,75200.0,EXIT_MA,39555.200000000004,-790630.5999999978,-3.8513473694459495,-3.4659820282413323,1,1,2021-12-29
proxy,067310.KQ,2021-12-23,17790.97852,96.20550535768966,2021-12-24,18045.13672,1152.0,1152.0,False,16240.623048,41575.99500288,20829573.49644288,2022-01-04,16240.623048,STOP,37418.395502592,-2157794.140649475,-10.359281437125764,-9.999999999999998,6,11,
proxy,031980.KQ,2021-12-29,17950.0,75.81652052016152,2021-12-30,17750.0,1144.0,1144.0,False,15975.0,40612.0,20346612.0,2022-01-05,15975.0,STOP,36550.8,-2107762.8000000007,-10.359281437125752,-9.999999999999998,3,6,
proxy,263750.KQ,2021-10-21,107500.0,76.79235286925191,2021-10-22,106600.0,175.0,175.0,False,95940.0,37310.0,18692310.0,2022-01-07,118800.0,EXIT_MA,41580.0,2056110.0,10.9997640741032,11.444652908067532,53,77,2022-01-06
proxy,083450.KQ,2021-10-28,29400.0,25.630819668071386,2021-10-29,29750.0,528.0,639.0,True,26775.0,31416.0,15739416.0,2022-01-12,34500.0,EXIT_MA,36432.0,2440152.0,15.50344688773713,15.96638655462186,51,75,2022-01-11
proxy,140410.KQ,2021-12-29,72233.33594,30.7676624016686,2021-12-30,72200.0,284.0,284.0,False,64980.0,41009.6,20545809.6,2022-01-18,64980.0,STOP,36908.64,-2128398.240000002,-10.359281437125759,-9.999999999999998,12,19,
proxy,222800.KQ,2021-10-28,31450.0,35.372392481519014,2021-10-29,31600.0,598.0,598.0,False,28440.0,37793.6,18934593.6,2022-01-24,43700.0,EXIT_MA,52265.200000000004,7145741.199999999,37.73907880441648,38.29113924050633,59,87,2022-01-21
proxy,065350.KQ,2021-12-13,16400.0,45.929673978536485,2021-12-14,16200.0,1240.0,1240.0,False,14580.0,40176.0,20128176.0,2022-01-24,15650.0,EXIT_MA,38812.0,-760988.0,-3.7807101845691333,-3.3950617283950657,27,41,2022-01-21
proxy,189300.KQ,2021-12-29,88464.82031,51.011969512627076,2021-12-30,87690.50781,232.0,232.0,False,78921.457029,40688.39562384,20384886.20754384,2022-01-24,78921.457029,STOP,36619.556061456,-2111727.7328772955,-10.359281437125746,-9.999999999999998,16,25,
proxy,222080.KQ,2022-01-06,16550.0,19.364150011444618,2022-01-07,16650.0,1201.0,1201.0,False,14985.0,39993.3,20036643.3,2022-01-25,15300.0,EXIT_MA,36750.6,-1698093.9000000022,-8.47494200787615,-8.108108108108103,12,18,2022-01-24
proxy,281740.KQ,2021-12-24,5050.0,33.197033440251374,2021-12-27,5070.0,4025.0,4025.0,False,4563.0,40813.5,20447563.5,2022-01-26,4785.0,EXIT_MA,38519.25,-1226457.75,-5.99806304550662,-5.621301775147924,20,30,2022-01-25
proxy,095340.KQ,2021-12-03,31700.0,40.87030258238666,2021-12-06,31350.0,662.0,662.0,False,28215.0,41507.4,20795207.4,2022-02-11,30150.0,EXIT_MA,39918.6,-875826.0,-4.211672349081741,-3.8277511961722466,44,67,2022-02-10
proxy,225570.KQ,2022-03-03,22900.0,73.992218300114,2022-03-04,22550.0,852.0,852.0,False,20295.0,38425.200000000004,19251025.2,2022-03-07,20295.0,STOP,34582.68,-1994267.879999999,-10.359281437125743,-9.999999999999998,2,3,
proxy,067310.KQ,2022-03-03,16647.27344,59.940345037662155,2022-03-04,16647.27344,1172.0,1172.0,False,14982.546096000002,39021.208943360005,19549625.68062336,2022-03-14,15249.41016,EXIT_MA,35744.617415040004,-1713061.5905184,-8.762631154704428,-8.396950317649143,5,10,2022-03-11
proxy,058470.KQ,2022-03-11,37480.0,13.241750174337763,2022-03-14,37120.0,510.0,510.0,False,33408.0,37862.4,18969062.4,2022-03-15,36180.0,EXIT_MA,36903.6,-554166.0,-2.921420090852777,-2.532327586206895,1,1,2022-03-14
proxy,122870.KQ,2022-04-01,71100.0,42.687087272308354,2022-04-04,71600.0,275.0,275.0,False,64440.0,39380.0,19729380.0,2022-04-06,64440.0,STOP,35442.0,-2043822.0,-10.359281437125748,-9.999999999999998,3,2,
proxy,108490.KQ,2022-03-23,30300.0,101.62188594141628,2022-03-24,29600.0,678.0,678.0,False,26640.0,40137.6,20108937.6,2022-04-07,26600.0,STOP,36069.6,-2110207.200000003,-10.493877110643592,-10.135135135135132,11,14,
proxy,005290.KQ,2022-03-25,40350.0,38.46161025339622,2022-03-28,40400.0,496.0,496.0,False,36360.0,40076.8,20078476.8,2022-04-07,36300.0,STOP,36009.6,-2109686.4000000022,-10.507203414952285,-10.148514851485146,9,10,
proxy,036930.KQ,2022-02-24,22250.0,74.64404468621257,2022-02-25,22700.0,860.0,860.0,False,20430.0,39044.0,19561044.0,2022-04-14,23700.0,EXIT_MA,40764.0,780192.0,3.9884987733783537,4.405286343612325,32,48,2022-04-13
proxy,189300.KQ,2022-03-28,85851.52344,27.61607715527321,2022-03-29,87400.14844,232.0,232.0,False,78660.133596,40553.66887616,20317388.10695616,2022-04-15,78660.133596,STOP,36498.301988544,-2104735.4146727063,-10.359281437125759,-10.000000000000009,14,17,
proxy,053800.KQ,2022-03-18,101700.0,49.833903330851804,2022-03-21,101700.0,189.0,189.0,False,91530.0,38442.6,19259742.6,2022-04-25,94000.0,EXIT_MA,35532.0,-1529274.6000000015,-7.940264996064908,-7.571288102261553,25,35,2022-04-22
proxy,222800.KQ,2022-02-25,52800.0,87.66820527079344,2022-02-28,52800.0,365.0,365.0,False,47520.0,38544.0,19310544.0,2022-04-28,51600.0,EXIT_MA,37668.0,-514212.0,-2.6628561059698783,-2.2727272727272707,41,59,2022-04-27
proxy,137400.KQ,2022-03-02,45100.0,61.58627587520886,2022-03-03,46150.0,432.0,432.0,False,41535.0,39873.6,19976673.6,2022-05-03,48350.0,EXIT_MA,41774.4,868752.0,4.348832129889733,4.7670639219935085,42,61,2022-05-02
proxy,064290.KQ,2022-04-21,27700.0,11.904395486250907,2022-04-22,27500.0,698.0,698.0,False,24750.0,38390.0,19233390.0,2022-05-10,24350.0,STOP,33992.6,-2271082.6000000015,-11.80802032299039,-11.45454545454545,11,18,
proxy,035900.KQ,2022-02-24,47500.0,26.055238510969204,2022-02-25,48600.0,402.0,402.0,False,43740.0,39074.4,19576274.4,2022-05-11,56400.0,EXIT_MA,45345.6,3051180.0,15.58611172716296,16.049382716049386,49,75,2022-05-10
proxy,006730.KQ,2022-03-18,8814.617188,18.514341038876967,2022-03-21,8814.617188,2187.0,2187.0,False,7933.1554692,38555.135580312,19316122.92573631,2022-05-13,8743.31543,EXIT_MA,38243.26169082,-232735.3420171328,-1.2048760660300113,-0.8089036254128934,37,53,2022-05-12
proxy,053610.KQ,2022-05-20,30550.0,14.560079737359988,2022-05-23,30950.0,663.0,663.0,False,27855.0,41039.700000000004,20560889.7,2022-06-03,29350.0,EXIT_MA,38918.1,-1140757.8000000007,-5.548192790509454,-5.169628432956386,8,11,2022-06-02
proxy,005290.KQ,2022-05-11,42400.0,37.656528803924,2022-05-12,41600.0,463.0,463.0,False,37440.0,38521.6,19299321.6,2022-06-08,39550.0,EXIT_MA,36623.3,-1024294.9000000022,-5.307414018117622,-4.927884615384615,17,27,2022-06-07
proxy,067310.KQ,2022-05-23,16562.55469,37.69444065999045,2022-05-24,16520.19531,1228.0,1228.0,False,14868.175779,40573.59968136,20327373.44036136,2022-06-08,15249.41016,EXIT_MA,37452.55135296,-1638550.3152343184,-8.060806872278281,-7.69231311224734,9,15,2022-06-07
proxy,166090.KQ,2022-03-28,56200.0,22.83744776156837,2022-03-29,56600.0,355.0,355.0,False,50940.0,40186.0,20133186.0,2022-06-13,58600.0,EXIT_MA,41606.0,628208.0,3.1202612442958606,3.5335689045936425,50,76,2022-06-10
proxy,058610.KQ,2022-05-25,19150.0,82.2625106261222,2022-05-26,18800.0,1062.0,1062.0,False,16920.0,39931.200000000004,20005531.2,2022-06-14,16500.0,STOP,35046.0,-2517577.1999999993,-12.58440565677156,-12.234042553191493,12,19,
proxy,095340.KQ,2022-04-11,32800.0,30.570045925232492,2022-04-12,32650.0,585.0,585.0,False,29385.0,38200.5,19138450.5,2022-06-17,34150.0,EXIT_MA,39955.5,799344.0,4.176639064902354,4.594180704441042,44,66,2022-06-16
proxy,277810.KQ,2022-06-14,25700.0,34.684397332617365,2022-06-15,25500.0,778.0,778.0,False,22950.0,39678.0,19878678.0,2022-06-20,22950.0,STOP,35710.200000000004,-2059288.1999999993,-10.359281437125745,-9.999999999999998,4,5,
proxy,121600.KQ,2022-03-29,60500.0,50.34052562725816,2022-03-30,61800.0,330.0,330.0,False,55620.0,40788.0,20434788.0,2022-06-23,76300.0,EXIT_MA,50358.0,4693854.0,22.969917769638716,23.46278317152104,57,85,2022-06-22
proxy,090710.KQ,2022-04-22,2155.0,122.90680672075203,2022-04-25,2120.0,8951.0,8951.0,False,1908.0,37952.24,19014072.24,2022-06-23,3280.0,EXIT_MA,58718.56,10286489.200000003,54.09934847286561,54.71698113207548,39,59,2022-06-22
proxy,137400.KQ,2022-05-23,53800.0,69.00484266564945,2022-05-24,54300.0,378.0,378.0,False,48870.0,41050.8,20566450.8,2022-06-24,50800.0,EXIT_MA,38404.8,-1402455.6000000015,-6.819142562021452,-6.44567219152854,21,31,2022-06-23
proxy,014620.KQ,2022-06-28,11350.0,51.24068854826408,2022-06-29,11300.0,1647.0,1647.0,False,10170.0,37222.200000000004,18648322.2,2022-07-06,10170.0,STOP,33499.98,-1931832.1799999997,-10.359281437125748,-9.999999999999998,6,7,
proxy,056190.KQ,2022-08-02,43600.0,29.981833394537542,2022-08-03,43700.0,437.0,437.0,False,39330.0,38193.8,19135093.8,2022-08-23,40800.0,EXIT_MA,35659.200000000004,-1341153.0,-7.008865564066374,-6.636155606407323,13,20,2022-08-22
proxy,127120.KQ,2022-08-17,4335.0,23.30101225926198,2022-08-18,4345.0,4493.0,4493.0,False,3910.5,39044.17,19561129.17,2022-08-25,3910.5,STOP,35139.753000000004,-2026392.4230000004,-10.35928143712575,-9.999999999999998,6,7,
proxy,007390.KQ,2022-08-25,25700.0,51.82591350439378,2022-08-26,26100.0,757.0,757.0,False,23490.0,39515.4,19797215.4,2022-08-26,23490.0,STOP,35563.86,-2050849.259999998,-10.35928143712574,-9.999999999999998,1,0,
proxy,007390.KQ,2022-08-30,27250.0,61.96209909071029,2022-08-31,27300.0,713.0,713.0,False,24570.0,38929.8,19503829.8,2022-09-02,24570.0,STOP,35036.82,-2020456.620000001,-10.359281437125754,-9.999999999999998,3,2,
proxy,127120.KQ,2022-09-02,5110.0,39.921818846906106,2022-09-05,5250.0,3804.0,3804.0,False,4725.0,39942.0,20010942.0,2022-09-07,4725.0,STOP,35947.8,-2072989.8000000007,-10.359281437125752,-9.999999999999998,3,2,
proxy,277810.KQ,2022-08-01,27850.0,43.79573801659238,2022-08-02,27850.0,679.0,679.0,False,25065.0,37820.3,18947970.3,2022-09-08,27600.0,EXIT_MA,37480.8,-245051.1000000015,-1.2932841677506823,-0.8976660682226245,26,37,2022-09-07
proxy,028300.KQ,2022-09-08,45799.31641,53.767708309675776,2022-09-13,48628.61719,424.0,424.0,False,43765.755471,41237.067377119994,20659770.755937118,2022-09-14,43633.13281,STOP,37000.896622880005,-2196323.341119997,-10.63091825686801,-10.272725544470685,2,1,
proxy,121600.KQ,2022-08-10,88500.0,81.17486106927204,2022-08-11,89800.0,215.0,215.0,False,80820.0,38614.0,19345614.0,2022-09-19,80820.0,STOP,34752.6,-2004066.6000000015,-10.359281437125755,-9.999999999999998,25,39,
proxy,083650.KQ,2022-08-10,8190.0,81.62387466283066,2022-08-11,8280.0,2332.0,2332.0,False,7452.0,38617.92,19347577.92,2022-09-20,8190.0,EXIT_MA,38198.16,-286696.08000000194,-1.4818189707541538,-1.0869565217391353,25,40,2022-09-19
proxy,356860.KQ,2022-08-18,9961.887695,15.897346589382138,2022-08-19,10007.53223,1975.0,1975.0,False,9006.779007000001,39529.7523085,19804405.9065585,2022-09-23,9006.779007000001,STOP,35576.777077650004,-2051594.144811146,-10.359281437125729,-9.999999999999998,24,35,
proxy,023160.KQ,2022-08-18,17700.0,66.94734680899113,2022-08-19,17750.0,1112.0,1112.0,False,15975.0,39476.0,19777476.0,2022-09-26,15975.0,STOP,35528.4,-2048804.3999999985,-10.359281437125741,-9.999999999999998,25,38,
proxy,214370.KQ,2022-07-20,22100.0,55.456769877193956,2022-07-21,22380.0,839.0,839.0,False,20142.0,37553.64,18814373.64,2022-09-27,25340.0,EXIT_MA,42520.520000000004,2403365.84,12.774094349281775,13.22609472743521,45,68,2022-09-26
proxy,035900.KQ,2022-08-09,59200.0,29.95371023830175,2022-08-10,59000.0,322.0,322.0,False,53100.0,37996.0,19035996.0,2022-09-27,57700.0,EXIT_MA,37158.8,-493754.80000000075,-2.5937954599276063,-2.203389830508473,31,48,2022-09-26
proxy,095340.KQ,2022-08-19,36450.0,30.965410361165446,2022-08-22,36100.0,530.0,530.0,False,32490.0,38266.0,19171266.0,2022-09-27,33250.0,EXIT_MA,35245.0,-1584011.0,-8.262422523374303,-7.8947368421052655,24,36,2022-09-26
proxy,014620.KQ,2022-08-01,11900.0,42.19509232997358,2022-08-02,11850.0,1590.0,1590.0,False,10665.0,37683.0,18879183.0,2022-09-29,14250.0,EXIT_MA,45315.0,3733002.0,19.77311200384042,20.253164556962023,39,58,2022-09-28
proxy,277810.KQ,2022-09-13,34350.0,70.1236857773873,2022-09-14,33200.0,562.0,562.0,False,29880.0,37316.8,18695716.8,2022-09-30,29880.0,STOP,33585.12,-1936741.92,-10.359281437125748,-9.999999999999998,13,16,
proxy,058610.KQ,2022-08-01,15850.0,38.450834213067225,2022-08-02,16100.0,1193.0,1193.0,False,14490.0,38414.6,19245714.6,2022-10-06,17550.0,EXIT_MA,41874.3,1649561.0999999978,8.571056644475012,9.006211180124213,43,65,2022-10-05
proxy,032190.KQ,2022-12-01,30200.0,147.19481603505488,2022-12-02,30650.0,594.0,594.0,False,27585.0,36412.200000000004,18242512.2,2022-12-08,27585.0,STOP,32770.98,-1889793.1799999997,-10.359281437125748,-9.999999999999998,5,6,
proxy,033100.KQ,2022-08-26,8990.0,75.29131119794833,2022-08-29,8840.0,2137.0,2137.0,False,7956.0,37782.16,18928862.16,2023-01-03,10600.0,EXIT_MA,45304.4,3678033.4400000013,19.43082161468918,19.909502262443436,86,127,2023-01-02
proxy,010170.KQ,2022-11-30,3000.0,38.758550353091024,2022-12-01,3020.0,5970.0,5970.0,False,2718.0,36058.8,18065458.8,2023-01-09,2910.0,EXIT_MA,34745.4,-727504.1999999993,-4.027045247253833,-3.6423841059602613,26,39,2023-01-06
proxy,058610.KQ,2023-01-09,18900.0,35.38175587668554,2023-01-10,19050.0,959.0,959.0,False,17145.0,36537.9,18305487.9,2023-02-16,18300.0,EXIT_MA,35099.4,-790887.299999997,-4.320492872522656,-3.937007874015752,25,37,2023-02-15
proxy,000250.KQ,2023-03-03,57000.0,41.74023199196296,2023-03-06,57800.0,351.0,351.0,False,52020.0,40575.6,20328375.6,2023-03-10,52020.0,STOP,36518.04,-2105873.6400000006,-10.35928143712575,-9.999999999999998,5,4,
proxy,204270.KQ,2023-03-08,7910.0,32.47653254884696,2023-03-09,8000.0,2422.0,2517.0,True,7200.0,38752.0,19414752.0,2023-03-10,7200.0,STOP,34876.8,-2011228.8000000007,-10.359281437125754,-9.999999999999998,2,1,
proxy,093320.KQ,2023-02-28,70800.0,31.276288164316917,2023-03-02,70600.0,282.0,282.0,False,63540.0,39818.4,19949018.4,2023-03-13,63540.0,STOP,35836.56,-2066574.9599999972,-10.359281437125736,-9.999999999999998,8,11,
proxy,041510.KQ,2023-03-07,149700.0,99.52605243650203,2023-03-08,154100.0,131.0,131.0,False,138690.0,40374.200000000004,20227474.2,2023-03-13,135000.0,STOP,35370.0,-2577844.1999999993,-12.744271353464384,-12.394548994159639,4,5,
proxy,171090.KQ,2023-02-27,26200.0,43.9949784304251,2023-02-28,26550.0,758.0,758.0,False,23895.0,40249.8,20165149.8,2023-03-14,23895.0,STOP,36224.82,-2088964.620000001,-10.359281437125754,-9.999999999999998,10,14,
proxy,121600.KQ,2023-03-06,153300.0,90.6184471919231,2023-03-07,151800.0,130.0,130.0,False,136620.0,39468.0,19773468.0,2023-03-14,136620.0,STOP,35521.200000000004,-2048389.1999999993,-10.359281437125745,-9.999999999999998,6,7,
proxy,035900.KQ,2022-11-16,60300.0,29.611005424758247,2022-11-17,59900.0,296.0,296.0,False,53910.0,35460.8,17765860.8,2023-03-17,70900.0,EXIT_MA,41972.8,3178566.3999999985,17.891429161709958,18.36393989983305,82,120,2023-03-16
proxy,090360.KQ,2023-03-17,40050.0,91.40220946480311,2023-03-20,41500.0,513.0,513.0,False,37350.0,42579.0,21332079.0,2023-04-10,37350.0,STOP,38321.1,-2209850.1000000015,-10.359281437125755,-9.999999999999998,16,21,
proxy,032190.KQ,2022-12-28,32750.0,159.72291871826866,2022-12-29,32800.0,553.0,553.0,False,29520.0,36276.8,18174676.8,2023-04-11,47450.0,EXIT_MA,52479.700000000004,8012693.5,44.08713061681515,44.664634146341456,69,103,2023-04-10
proxy,121600.KQ,2023-04-10,184800.0,127.448074093787,2023-04-11,187000.0,112.0,127.0,True,168300.0,41888.0,20985888.0,2023-04-12,168300.0,STOP,37699.200000000004,-2173987.1999999993,-10.359281437125745,-9.999999999999998,2,1,
proxy,247540.KQ,2023-04-10,292500.0,176.0991716587303,2023-04-11,302000.0,80.0,80.0,False,271800.0,48320.0,24208320.0,2023-04-13,261500.0,STOP,41840.0,-3330160.0,-13.756262309817451,-13.410596026490062,3,2,
proxy,277810.KQ,2023-01-04,46900.0,91.23176350418966,2023-01-05,46050.0,379.0,379.0,False,41445.0,34905.9,17487855.9,2023-04-21,108500.0,EXIT_MA,82243.0,23551401.1,134.67289091740517,135.61346362649294,73,106,2023-04-20
proxy,214370.KQ,2023-04-12,45500.0,85.73658891347083,2023-04-13,46100.0,407.0,528.0,True,41490.0,37525.4,18800225.4,2023-04-21,41490.0,STOP,33772.86,-1947568.259999998,-10.359281437125738,-9.999999999999998,7,8,
proxy,319400.KQ,2023-04-20,4640.0,28.021656749878083,2023-04-21,5060.0,5010.0,5010.0,False,4554.0,50701.200000000004,25401301.2,2023-04-21,4554.0,STOP,45631.08,-2631392.2799999975,-10.35928143712574,-9.999999999999998,1,0,
proxy,003380.KQ,2023-03-28,13850.0,56.813772615162996,2023-03-29,14090.0,1.0,1630.0,True,12681.0,28.18,14118.18,2023-04-24,12681.0,STOP,25.362000000000002,-1462.5419999999995,-10.359281437125745,-9.999999999999998,19,26,
proxy,036810.KQ,2023-03-24,22301.73438,33.736242518213224,2023-03-27,22399.76562,976.0,988.0,True,20159.789058,43724.34249024,21905895.58761024,2023-04-26,21958.63086,EXIT_MA,42863.247438720005,-517135.115688961,-2.3607120449412147,-1.9693722134579983,22,30,2023-04-25
proxy,058610.KQ,2023-03-15,28150.0,83.82791845899213,2023-03-16,29500.0,688.0,688.0,False,26550.0,40592.0,20336592.0,2023-04-27,27250.0,EXIT_MA,37496.0,-1626088.0,-7.9958726614567475,-7.6271186440677985,30,42,2023-04-26
proxy,000250.KQ,2023-03-24,61300.0,48.30992568223699,2023-03-27,67400.0,359.0,359.0,False,60660.0,48393.200000000004,24244993.2,2023-05-04,65800.0,EXIT_MA,47244.4,-670037.5999999978,-2.7636122413925768,-2.3738872403560873,27,38,2023-05-03
proxy,082920.KQ,2023-03-17,8060.0,23.69489914913438,2023-03-20,7850.0,2551.0,2551.0,False,7065.0,40050.700000000004,20065400.7,2023-05-10,8510.0,EXIT_MA,43418.020000000004,1600191.2800000012,7.974878268939833,8.407643312101909,35,51,2023-05-09
proxy,126340.KQ,2023-04-11,59881.55859,50.303868428735356,2023-04-12,59881.55859,2.0,412.0,True,53893.402731,239.52623436000002,120002.64341436,2023-05-11,53893.402731,STOP,215.573610924,-12431.411563283997,-10.359281437125745,-9.999999999999998,20,29,
proxy,023160.KQ,2023-05-08,18850.0,23.705617244491673,2023-05-09,19300.0,1244.0,1244.0,False,17370.0,48018.4,24057218.4,2023-05-12,17370.0,STOP,43216.56,-2492154.959999997,-10.359281437125738,-9.999999999999998,4,3,
proxy,086520.KQ,2023-02-27,54901.96094,188.66471378908497,2023-02-28,54901.96094,362.0,362.0,False,49411.764846,39749.01972056,19914258.88000056,2023-05-16,104509.8047,EXIT_MA,75665.0986028,17842625.322796635,89.59723497777554,90.35714373520152,52,77,2023-05-15
proxy,101490.KQ,2023-03-02,32350.0,25.138385446412993,2023-03-03,32650.0,611.0,611.0,False,29385.0,39898.3,19989048.3,2023-07-07,51700.0,EXIT_MA,63177.4,11536474.3,57.71397480689463,58.346094946401216,86,126,2023-07-06
proxy,319660.KQ,2023-05-19,21750.0,5.454225333274689,2023-05-22,21650.0,929.0,1034.0,True,19485.0,40225.700000000004,20153075.7,2023-07-07,21000.0,EXIT_MA,39018.0,-683093.6999999993,-3.389525798287947,-3.002309468822173,32,46,2023-07-06
proxy,087010.KQ,2023-07-11,16470.0,89.3907255412195,2023-07-12,16430.0,1.0,1788.0,True,14787.0,32.86,16462.86,2023-07-12,14787.0,STOP,29.574,-1705.434000000001,-10.359281437125754,-9.999999999999998,1,0,
proxy,161580.KQ,2023-07-10,15900.0,87.57606392531456,2023-07-11,16400.0,1771.0,1771.0,False,14760.0,58088.8,29102488.8,2023-07-17,13150.0,STOP,46577.3,-5860416.1000000015,-20.137164695000248,-19.817073170731703,5,6,
proxy,214450.KQ,2023-05-16,113200.0,51.59728371795595,2023-05-17,114000.0,195.0,195.0,False,102600.0,44460.0,22274460.0,2023-07-19,124700.0,EXIT_MA,48633.0,1993407.0,8.949294393668803,9.385964912280699,43,63,2023-07-18
proxy,064290.KQ,2023-07-17,43350.0,127.62917508414856,2023-07-18,44100.0,526.0,689.0,True,39690.0,46393.200000000004,23242993.2,2023-07-19,39690.0,STOP,41753.88,-2407807.079999998,-10.359281437125741,-9.999999999999998,2,1,
proxy,214150.KQ,2023-04-28,23700.0,24.072382080049035,2023-05-02,23900.0,985.0,985.0,False,21510.0,47083.0,23588583.0,2023-07-25,28300.0,EXIT_MA,55751.0,4231166.0,17.937347063195787,18.410041841004187,57,84,2023-07-24
proxy,087010.KQ,2023-07-20,27450.0,217.3974653130592,2023-07-21,27000.0,6.0,1138.0,True,24300.0,324.0,162324.0,2023-07-25,24300.0,STOP,291.6,-16815.600000000006,-10.359281437125752,-9.999999999999998,3,4,
proxy,121600.KQ,2023-07-24,172400.0,54.76177737433993,2023-07-25,180100.0,154.0,177.0,True,162090.0,55470.8,27790870.8,2023-07-26,162090.0,STOP,49923.72,-2878934.5199999996,-10.359281437125746,-9.999999999999998,2,1,
proxy,060370.KQ,2023-07-25,10730.0,54.87420759786902,2023-07-26,11270.0,16.0,3012.0,True,10143.0,360.64,180680.64,2023-07-26,10143.0,STOP,324.576,-18717.216000000015,-10.359281437125755,-9.999999999999998,1,0,
proxy,067310.KQ,2023-05-19,14978.30957,30.1444661997104,2023-05-22,14910.53516,1502.0,1502.0,False,13419.481644,44791.247620639995,22440415.057940636,2023-07-27,16418.53125,EXIT_MA,49321.267875,2170897.6116843633,9.674052846523363,10.113628208633664,46,66,2023-07-26
proxy,086520.KQ,2023-07-18,219215.6875,664.2706712395002,2023-07-19,216274.5156,111.0,138.0,True,194647.06404000003,48012.9424632,24054484.174063202,2023-07-27,194647.06404000003,STOP,43211.64821688001,-2491871.7138400786,-10.359281437125741,-9.999999999999998,7,8,
proxy,281740.KQ,2023-03-15,6680.0,32.446074559337774,2023-03-16,6880.0,2901.0,2901.0,False,6192.0,39917.76,19998797.76,2023-07-28,18800.0,EXIT_MA,109077.6,34430924.64,172.16497238081973,173.25581395348837,92,134,2023-07-27
proxy,035900.KQ,2023-04-13,80600.0,14.266663898880811,2023-04-14,82400.0,253.0,292.0,True,74160.0,41694.4,20888894.4,2023-08-03,125700.0,EXIT_MA,63604.200000000004,10849601.400000002,51.93956746700774,52.54854368932038,75,111,2023-08-02
proxy,039030.KQ,2023-07-28,161100.0,88.75434661686916,2023-07-31,161500.0,199.0,199.0,False,145350.0,64277.0,32202777.0,2023-08-09,143000.0,STOP,56914.0,-3802691.0,-11.808580980453954,-11.455108359133126,8,9,
proxy,036930.KQ,2023-07-27,26600.0,69.01998065246386,2023-07-28,28050.0,1189.0,1189.0,False,25245.0,66702.9,33418152.9,2023-08-10,25245.0,STOP,60032.61,-3461880.509999998,-10.359281437125743,-9.999999999999998,10,13,
proxy,140860.KQ,2023-05-19,159300.0,29.876438701259882,2023-05-22,159200.0,141.0,141.0,False,143280.0,44894.4,22492094.4,2023-08-11,178400.0,EXIT_MA,50308.8,2611996.8000000007,11.61295499453355,12.060301507537696,57,81,2023-08-10
proxy,323280.KQ,2023-06-15,2490.0,5.832916258842108,2023-06-16,2490.0,1.0,11300.0,True,2241.0,4.98,2494.98,2023-08-11,2830.0,EXIT_MA,5.66,329.3600000000001,13.200907422103588,13.654618473895574,40,56,2023-08-10
proxy,257720.KQ,2023-08-04,9000.0,198.10231330183322,2023-08-07,9010.0,11.0,3439.0,True,8109.0,198.22,99308.22,2023-08-11,8109.0,STOP,178.398,-10287.618000000002,-10.35928143712575,-9.999999999999998,5,4,
proxy,247540.KQ,2023-07-19,361000.0,129.92997730836885,2023-07-20,347000.0,60.0,84.0,True,312300.0,41640.0,20861640.0,2023-08-14,312300.0,STOP,37476.0,-2161116.0,-10.359281437125748,-9.999999999999998,18,25,
proxy,204270.KQ,2023-07-21,9430.0,35.05381432935214,2023-07-24,9430.0,2.0,3235.0,True,8487.0,37.72,18897.72,2023-08-16,8487.0,STOP,33.948,-1957.6680000000015,-10.359281437125755,-9.999999999999998,17,23,
proxy,214450.KQ,2023-08-10,154400.0,77.80804619122456,2023-08-11,155100.0,208.0,208.0,False,139590.0,64521.6,32325321.6,2023-08-17,139590.0,STOP,58069.44,-3348671.040000003,-10.359281437125757,-9.999999999999998,4,6,
proxy,310210.KQ,2023-08-11,72500.0,125.74925342235028,2023-08-14,72500.0,1.0,461.0,True,65250.0,145.0,72645.0,2023-08-18,65250.0,STOP,130.5,-7525.5,-10.359281437125748,-9.999999999999998,4,4,
proxy,044490.KQ,2023-08-14,20800.0,65.69556008412218,2023-08-16,20850.0,895.0,1583.0,True,18765.0,37321.5,18698071.5,2023-08-22,18765.0,STOP,33589.35,-1936985.8499999996,-10.359281437125746,-9.999999999999998,5,6,
proxy,137400.KQ,2023-07-10,63400.0,19.53661012917682,2023-07-11,64400.0,339.0,444.0,True,57960.0,43663.200000000004,21875263.2,2023-08-24,65500.0,EXIT_MA,44409.0,284827.80000000075,1.302054276540091,1.7080745341614856,31,44,2023-08-23
proxy,039200.KQ,2023-07-27,31300.0,35.60766890595812,2023-07-28,31100.0,1011.0,1011.0,False,27990.0,62884.200000000004,31504984.2,2023-08-28,27990.0,STOP,56595.78,-3263689.9800000004,-10.35928143712575,-9.999999999999998,21,31,
proxy,213420.KQ,2023-08-17,45150.0,5.736914874737951,2023-08-18,44600.0,649.0,801.0,True,40140.0,57890.8,29003290.8,2023-08-31,42800.0,EXIT_MA,55554.4,-1281645.1999999993,-4.418964761060836,-4.0358744394618835,9,13,2023-08-30
proxy,006730.KQ,2023-08-31,8954.545898,13.348234915876988,2023-09-01,9090.90918,2829.0,3859.0,True,8181.818262000001,51436.364140440004,25769618.43436044,2023-09-05,8181.818262000001,STOP,46292.727726396006,-2669547.298888836,-10.359281437125748,-9.999999999999998,3,4,
proxy,241710.KQ,2023-05-15,16450.0,57.32005278589062,2023-05-16,15700.0,1324.0,1324.0,False,14130.0,41573.6,20828373.6,2023-09-06,26350.0,EXIT_MA,69774.8,13989251.600000001,67.16439732000966,67.83439490445859,78,113,2023-09-05
proxy,044490.KQ,2023-08-28,23500.0,89.06926355227003,2023-08-29,23500.0,1462.0,1462.0,False,21150.0,68714.0,34425714.0,2023-09-07,21150.0,STOP,61842.6,-3566256.6000000015,-10.359281437125754,-9.999999999999998,8,9,
proxy,095340.KQ,2023-05-19,47250.0,26.135190669393065,2023-05-22,46350.0,476.0,476.0,False,41715.0,44125.200000000004,22106725.2,2023-09-12,87800.0,EXIT_MA,83585.6,19602489.2,88.6720625631154,89.42826321467099,78,113,2023-09-11
proxy,122640.KQ,2023-07-12,13600.0,49.28515928560254,2023-07-13,13600.0,1.0,2210.0,True,12240.0,27.2,13627.2,2023-09-12,15790.0,EXIT_MA,31.580000000000002,2131.2199999999993,15.639456381354933,16.102941176470598,42,61,2023-09-11
proxy,328130.KQ,2023-09-07,54106.16016,398.7110282592343,2023-09-08,53013.10938,581.0,632.0,True,47711.798442,61601.23309956,30862217.78287956,2023-09-14,47711.798442,STOP,55441.109789604,-3197103.9978671633,-10.359281437125746,-10.000000000000009,5,6,
proxy,031980.KQ,2023-05-19,10810.0,7.007660747280162,2023-05-22,10600.0,2081.0,2081.0,False,9540.0,44117.200000000004,22102717.2,2023-09-19,26100.0,EXIT_MA,108628.2,32102754.599999998,145.24347531352387,146.22641509433961,83,120,2023-09-18
proxy,036930.KQ,2023-09-14,31700.0,119.54556365386193,2023-09-15,31450.0,1078.0,1090.0,True,28305.0,67806.2,33970906.2,2023-09-19,28305.0,STOP,61025.58,-3519141.780000001,-10.359281437125752,-9.999999999999998,3,4,
proxy,092870.KQ,2023-09-15,16080.0,44.04570689011978,2023-09-18,15910.0,1.0,2111.0,True,14319.0,31.82,15941.82,2023-09-20,14620.0,EXIT_MA,29.240000000000002,-1351.0599999999995,-8.474942007876136,-8.108108108108103,2,2,2023-09-19
proxy,140410.KQ,2023-08-31,49500.0,155.57017917604915,2023-09-01,49700.0,698.0,698.0,False,44730.0,69381.2,34759981.2,2023-09-21,44730.0,STOP,62443.08,-3600884.280000001,-10.359281437125752,-9.999999999999998,15,20,
proxy,041510.KQ,2023-08-02,136100.0,41.37327865331391,2023-08-03,136100.0,232.0,233.0,True,122490.0,63150.4,31638350.4,2023-09-22,126000.0,EXIT_MA,58464.0,-2464814.3999999985,-7.790590750900838,-7.421013960323297,35,50,2023-09-21
proxy,087010.KQ,2023-08-09,33550.0,302.6157975769776,2023-08-10,34750.0,815.0,942.0,True,31275.0,56642.5,28377892.5,2023-09-22,31275.0,STOP,50978.25,-2939745.75,-10.359281437125748,-9.999999999999998,31,43,
proxy,189300.KQ,2023-09-18,89700.0,13.950023534079264,2023-09-19,90700.0,376.0,376.0,False,81630.0,68206.4,34171406.4,2023-09-22,81630.0,STOP,61385.76,-3539912.16,-10.359281437125748,-9.999999999999998,4,3,
proxy,277810.KQ,2023-09-05,175200.0,210.23014179123564,2023-09-06,172100.0,199.0,199.0,False,154890.0,68495.8,34316395.8,2023-09-25,154890.0,STOP,61646.22,-3554932.019999996,-10.359281437125738,-9.999999999999998,14,19,
proxy,033100.KQ,2023-03-02,12580.0,68.9175063070108,2023-03-03,12610.0,1572.0,1572.0,False,11349.0,39645.840000000004,19862565.84,2023-09-26,22900.0,EXIT_MA,71997.6,16064236.559999999,80.87694555377745,81.60190325138778,142,207,2023-09-25
proxy,214150.KQ,2023-08-10,34900.0,65.65162587083621,2023-08-11,35500.0,640.0,922.0,True,31950.0,45440.0,22765440.0,2023-10-06,33450.0,EXIT_MA,42816.0,-1400256.0,-6.150796997554187,-5.7746478873239475,35,56,2023-10-05
proxy,204270.KQ,2023-09-05,10860.0,53.798583145864065,2023-09-06,10930.0,2155.0,3226.0,True,9837.0,47108.3,23601258.3,2023-10-06,9850.0,EXIT_MA,42453.5,-2416961.8000000007,-10.240817541495236,-9.881061299176574,18,30,2023-10-05
proxy,089970.KQ,2023-09-22,16220.0,10.144506339016267,2023-09-25,16320.0,1961.0,1961.0,False,14688.0,64007.04,32067527.04,2023-10-06,15300.0,EXIT_MA,60006.6,-2124233.6400000006,-6.624251497005989,-6.25,5,11,2023-10-05
proxy,257720.KQ,2023-10-06,9820.0,182.69115849916048,2023-10-10,9740.0,3324.0,3324.0,False,8766.0,64751.520000000004,32440511.52,2023-10-16,8766.0,STOP,58276.368,-3360603.8880000003,-10.359281437125748,-9.999999999999998,5,6,
proxy,065350.KQ,2023-07-28,13800.0,20.789635158108762,2023-07-31,14470.0,1969.0,2329.0,True,13023.0,56982.86,28548412.86,2023-10-20,45700.0,EXIT_MA,179966.6,61254920.54000001,214.5650647564581,215.82584657912923,53,81,2023-10-19
proxy,196170.KQ,2023-09-11,39923.07812,10.242999270033753,2023-09-12,39923.07812,885.0,885.0,False,35930.770308,70663.84827239999,35402587.984472394,2023-10-23,42230.76953,EXIT_MA,74748.4620681,1896894.587509498,5.358067575007448,5.780344398955384,24,41,2023-10-20
proxy,403870.KQ,2023-10-13,35200.0,75.33781984779569,2023-10-16,34900.0,936.0,936.0,False,31410.0,65332.8,32731732.8,2023-10-27,33050.0,EXIT_MA,61869.6,-1858802.4000000022,-5.678900079497173,-5.300859598853869,9,11,2023-10-26
proxy,053610.KQ,2023-10-25,49100.0,67.52531838301692,2023-10-26,46350.0,643.0,643.0,False,41715.0,59606.1,29862656.1,2023-10-30,45250.0,EXIT_MA,58191.5,-825097.6000000015,-2.762974590193943,-2.373247033441206,2,4,2023-10-27
proxy,328130.KQ,2023-11-03,42220.49219,305.9812512483848,2023-11-06,40887.94922,734.0,734.0,False,36799.154298,60023.50945496,30071778.236934964,2023-11-09,43482.89844,EXIT_MA,63832.89490992,1780836.3231151178,5.921952167523791,6.346489049958759,3,3,2023-11-08
proxy,356860.KQ,2023-11-15,11867.54102,28.734948110715163,2023-11-16,11867.54102,2710.0,2710.0,False,10680.786918000002,64322.072328400005,32225358.2365284,2023-11-27,11114.40918,EXIT_MA,60240.09775560001,-2165549.4564839974,-6.720016704203098,-6.346149035682879,7,11,2023-11-24
proxy,087010.KQ,2023-11-23,36500.0,217.68149353958194,2023-11-24,36150.0,872.0,872.0,False,32535.0,63045.6,31585845.6,2023-11-27,32535.0,STOP,56741.04,-3272066.6400000006,-10.35928143712575,-9.999999999999998,2,3,
proxy,036830.KQ,2023-11-15,39450.0,53.87313609252118,2023-11-16,39100.0,815.0,815.0,False,35190.0,63733.0,31930233.0,2023-11-28,35190.0,STOP,57359.700000000004,-3307742.6999999993,-10.359281437125746,-9.999999999999998,9,12,
proxy,277810.KQ,2023-11-28,190200.0,172.2023844349618,2023-11-29,188800.0,165.0,165.0,False,169920.0,62304.0,31214304.0,2023-12-01,169920.0,STOP,56073.6,-3233577.6000000015,-10.359281437125754,-9.999999999999998,3,2,
proxy,240810.KQ,2023-11-06,35200.0,9.156039361955342,2023-11-07,35300.0,888.0,888.0,False,31770.0,62692.8,31409092.8,2023-12-04,33750.0,EXIT_MA,59940.0,-1499032.8000000007,-4.772607758986279,-4.39093484419264,19,27,2023-12-01
proxy,067310.KQ,2023-11-02,24992.08984,104.13324657798681,2023-11-03,24865.01172,1242.0,1242.0,False,22378.510548,61764.68911248,30944109.24535248,2023-12-05,23128.27344,EXIT_MA,57450.63122496,-2276244.264097441,-7.355985742065954,-6.984667047645365,22,32,2023-12-04
proxy,093320.KQ,2023-09-27,77800.0,24.076461087381574,2023-10-04,77000.0,393.0,393.0,False,69300.0,60522.0,30321522.0,2023-12-06,82700.0,EXIT_MA,65002.200000000004,2114575.8000000007,6.9738445187547,7.402597402597411,44,63,2023-12-05
proxy,222800.KQ,2023-11-27,39400.0,19.615839488297063,2023-11-28,39800.0,799.0,799.0,False,35820.0,63600.4,31863800.4,2023-12-06,36450.0,EXIT_MA,58247.1,-2798497.5,-8.782685884512382,-8.417085427135673,6,8,2023-12-05
proxy,253590.KQ,2023-12-14,7030.0,89.1976842230023,2023-12-15,7030.0,1.0,4484.0,True,6327.0,14.06,7044.06,2023-12-15,6327.0,STOP,12.654,-729.7140000000009,-10.35928143712576,-9.999999999999998,1,0,
proxy,241710.KQ,2023-10-11,28950.0,133.7211729946076,2023-10-12,28850.0,1166.0,1166.0,False,25965.0,67278.2,33706378.2,2023-12-21,36250.0,EXIT_MA,84535.0,8476586.799999997,25.148316884428706,25.649913344887352,50,70,2023-12-20
proxy,204270.KQ,2023-11-02,12620.0,84.96431646247302,2023-11-03,12790.0,2461.0,2461.0,False,11511.0,62952.380000000005,31539142.38,2023-12-26,12600.0,EXIT_MA,62017.200000000004,-592559.5799999982,-1.8788068897388905,-1.4855355746677068,36,53,2023-12-22
proxy,060370.KQ,2023-12-12,12110.0,58.2039260932275,2023-12-13,12050.0,87.0,2544.0,True,10845.0,2096.7,1050446.7,2023-12-26,10845.0,STOP,1887.03,-108818.72999999998,-10.359281437125748,-9.999999999999998,9,13,
proxy,093320.KQ,2023-12-11,95800.0,52.37618126140512,2023-12-12,99000.0,319.0,319.0,False,89100.0,63162.0,31644162.0,2024-01-03,89100.0,STOP,56845.8,-3278107.8000000007,-10.35928143712575,-9.999999999999998,14,22,
proxy,036930.KQ,2023-11-06,31650.0,87.66758956112322,2023-11-07,31050.0,987.0,987.0,False,27945.0,61292.700000000004,30707642.7,2024-01-04,32000.0,EXIT_MA,63168.0,813189.3000000007,2.648165826157671,3.059581320450877,39,58,2024-01-03
proxy,253590.KQ,2024-01-03,10200.0,179.57647134839476,2024-01-04,10230.0,2753.0,3099.0,True,9207.0,56326.380000000005,28219516.38,2024-01-04,9207.0,STOP,50693.742,-2923339.1219999976,-10.359281437125741,-9.999999999999998,1,0,
proxy,214150.KQ,2023-11-08,37250.0,70.20456997852699,2023-11-09,37300.0,851.0,851.0,False,33570.0,63484.6,31805784.6,2024-01-05,36550.0,EXIT_MA,62208.1,-763942.700000003,-2.4018986156373674,-2.0107238605898137,38,57,2024-01-04
proxy,065350.KQ,2024-01-05,58000.0,277.4402685654269,2024-01-08,62400.0,404.0,531.0,True,56160.0,50419.200000000004,25260019.2,2024-01-10,56160.0,STOP,45377.28,-2616756.4800000004,-10.35928143712575,-9.999999999999998,3,2,
proxy,131970.KQ,2023-11-07,55900.0,57.46491328393627,2023-11-08,56200.0,568.0,568.0,False,50580.0,63843.200000000004,31985443.2,2024-01-11,54200.0,EXIT_MA,61571.200000000004,-1261414.3999999985,-3.943713995496547,-3.558718861209964,43,64,2024-01-10
proxy,085660.KQ,2023-12-22,20150.0,25.002066344580264,2023-12-26,20150.0,506.0,1546.0,True,18135.0,20391.8,10216291.8,2024-01-11,18135.0,STOP,18352.62,-1058334.42,-10.359281437125748,-9.999999999999998,11,16,
proxy,403870.KQ,2023-11-28,41150.0,95.98181954217108,2023-11-29,41000.0,766.0,766.0,False,36900.0,62812.0,31468812.0,2024-01-16,41000.0,EXIT_MA,62812.0,-125624.0,-0.39920159680638717,0.0,31,48,2024-01-15
proxy,356860.KQ,2023-12-22,13579.20605,33.619896394278,2023-12-26,13853.07227,2295.0,2295.0,False,12467.765043000001,63585.6017193,31856386.461369302,2024-01-16,12467.765043000001,STOP,57227.04154737001,-3300092.729231667,-10.359281437125738,-9.999999999999998,14,21,
proxy,183300.KQ,2024-01-02,13640.0,29.93763342529916,2024-01-03,13280.0,2.0,2377.0,True,11952.0,53.120000000000005,26613.12,2024-01-16,11952.0,STOP,47.808,-2756.928,-10.359281437125748,-9.999999999999998,10,13,
proxy,241710.KQ,2024-01-10,42000.0,160.76103671914024,2024-01-11,42000.0,730.0,730.0,False,37800.0,61320.0,30721320.0,2024-01-16,37800.0,STOP,55188.0,-3182508.0,-10.359281437125748,-9.999999999999998,4,5,
proxy,084370.KQ,2024-01-12,42450.0,27.488872327558145,2024-01-15,42500.0,700.0,700.0,False,38250.0,59500.0,29809500.0,2024-01-17,41350.0,EXIT_MA,57890.0,-922390.0,-3.09428202418692,-2.70588235294118,2,2,2024-01-16
proxy,102710.KQ,2024-01-04,28100.0,23.740475191745574,2024-01-05,28100.0,1103.0,1103.0,False,25290.0,61988.6,31056288.6,2024-01-18,25290.0,STOP,55789.74,-3217208.34,-10.359281437125748,-9.999999999999998,10,13,
proxy,196170.KQ,2023-12-21,67769.23438,79.21933989358125,2023-12-22,66923.07812,463.0,463.0,False,60230.77030800001,61970.77033912001,31047355.939899124,2024-01-19,60230.77030800001,STOP,55773.693305208006,-3216282.980600331,-10.359281437125757,-9.999999999999998,18,28,
proxy,141080.KQ,2023-12-01,49000.0,33.251843234253506,2023-12-04,49000.0,648.0,648.0,False,44100.0,63504.0,31815504.0,2024-01-22,50000.0,EXIT_MA,64800.0,519696.0,1.6334677583608292,2.0408163265306145,32,49,2024-01-19
proxy,036830.KQ,2023-12-04,42300.0,40.83859819203491,2023-12-05,42000.0,733.0,733.0,False,37800.0,61572.0,30847572.0,2024-01-23,40100.0,EXIT_MA,58786.6,-1513058.6000000015,-4.904952000760389,-4.523809523809518,32,49,2024-01-22
proxy,253590.KQ,2024-01-22,14270.0,258.2863158968736,2024-01-23,13790.0,2254.0,2254.0,False,12411.0,62165.32,31144825.32,2024-01-24,12411.0,STOP,55948.788,-3226380.107999999,-10.359281437125746,-9.999999999999998,2,1,
proxy,124500.KQ,2024-01-22,10320.0,167.10229811280044,2024-01-23,10100.0,3116.0,3116.0,False,9090.0,62943.200000000004,31534543.2,2024-01-24,9090.0,STOP,56648.880000000005,-3266752.079999998,-10.359281437125743,-9.999999999999998,2,1,
proxy,093320.KQ,2024-01-19,119000.0,71.35561228201414,2024-01-22,124000.0,260.0,260.0,False,111600.0,64480.0,32304480.0,2024-01-26,111600.0,STOP,58032.0,-3346512.0,-10.359281437125748,-9.999999999999998,5,4,
proxy,357780.KQ,2023-12-01,289000.0,26.380332718334575,2023-12-04,288000.0,109.0,109.0,False,259200.0,62784.0,31454784.0,2024-01-29,283000.0,EXIT_MA,61694.0,-669478.0,-2.1283821246396095,-1.736111111111116,37,56,2024-01-26
proxy,257720.KQ,2024-01-09,8640.0,66.19922224610644,2024-01-10,8690.0,2.0,3608.0,True,7821.0,34.76,17414.76,2024-01-29,8140.0,EXIT_MA,32.56,-1167.319999999998,-6.703049597008503,-6.329113924050633,13,19,2024-01-26
proxy,039030.KQ,2024-01-19,183900.0,68.57273931145212,2024-01-22,194000.0,168.0,168.0,False,174600.0,65184.0,32657184.0,2024-01-29,174600.0,STOP,58665.6,-3383049.6000000015,-10.359281437125754,-9.999999999999998,6,7,
proxy,323280.KQ,2024-01-23,5210.0,109.25365303705445,2024-01-24,5160.0,6036.0,6036.0,False,4644.0,62291.520000000004,31208051.52,2024-01-29,4644.0,STOP,56062.368,-3232929.8880000003,-10.359281437125748,-9.999999999999998,4,5,
proxy,065350.KQ,2024-01-26,89500.0,484.6203344011875,2024-01-29,91900.0,340.0,340.0,False,82710.0,62492.0,31308492.0,2024-01-29,82710.0,STOP,56242.8,-3243334.8000000007,-10.35928143712575,-9.999999999999998,1,0,
proxy,251970.KQ,2024-01-22,25350.0,20.176785298769417,2024-01-23,25650.0,1268.0,1268.0,False,23085.0,65048.4,32589248.4,2024-01-30,24450.0,EXIT_MA,62005.200000000004,-1648653.5999999978,-5.058888071809591,-4.678362573099415,5,7,2024-01-29
proxy,403870.KQ,2024-01-23,51000.0,106.00065488058037,2024-01-24,50300.0,236.0,616.0,True,45270.0,23741.600000000002,11894541.6,2024-01-30,45270.0,STOP,21367.44,-1232189.039999999,-10.359281437125741,-9.999999999999998,5,6,
proxy,058470.KQ,2023-12-05,40900.0,31.843857091390344,2023-12-06,40700.0,733.0,733.0,False,36630.0,59666.200000000004,29892766.2,2024-02-01,39720.0,EXIT_MA,58229.520000000004,-836235.7199999988,-2.797451779487704,-2.4078624078624045,38,57,2024-01-31
proxy,195940.KQ,2023-12-27,43600.0,17.40556530479657,2023-12-28,43800.0,21.0,735.0,True,39420.0,1839.6000000000001,921639.6,2024-02-01,41950.0,EXIT_MA,1761.9,-42451.5,-4.6060846343841995,-4.223744292237441,23,35,2024-01-31
proxy,031980.KQ,2024-01-22,29400.0,98.40324793662992,2024-01-23,29500.0,1094.0,1094.0,False,26550.0,64546.0,32337546.0,2024-02-01,26550.0,STOP,58091.4,-3349937.3999999985,-10.359281437125743,-9.999999999999998,8,9,
proxy,084370.KQ,2024-01-25,46600.0,39.57747066129128,2024-01-26,45650.0,682.0,682.0,False,41085.0,62266.6,31195566.6,2024-02-01,41085.0,STOP,56039.94,-3231636.540000003,-10.359281437125757,-9.999999999999998,5,6,
proxy,252990.KQ,2024-02-06,8160.0,61.2708387168322,2024-02-07,8810.0,3542.0,3542.0,False,7929.0,62410.04,31267430.04,2024-02-07,7929.0,STOP,56169.036,-3239081.0759999976,-10.359281437125741,-9.999999999999998,1,0,
proxy,036830.KQ,2024-02-06,53700.0,85.73892932418183,2024-02-07,53100.0,538.0,538.0,False,47790.0,57135.6,28624935.6,2024-02-08,47790.0,STOP,51422.04,-2965337.6400000006,-10.35928143712575,-9.999999999999998,2,1,
proxy,425420.KQ,2024-02-08,35200.0,130.26516482585006,2024-02-13,34950.0,842.0,842.0,False,31455.0,58855.8,29486755.8,2024-02-19,32500.0,EXIT_MA,54730.0,-2176485.8000000007,-7.381231813911521,-7.010014306151646,4,6,2024-02-16
proxy,403870.KQ,2024-02-13,59300.0,123.9492729341265,2024-02-14,57500.0,511.0,511.0,False,51750.0,58765.0,29441265.0,2024-02-29,51750.0,STOP,52888.5,-3049903.5,-10.359281437125748,-9.999999999999998,12,15,
proxy,067310.KQ,2024-03-04,23128.27344,40.06222797132365,2024-03-05,23382.42969,1126.0,1433.0,True,21044.186721000002,52657.23166188,26381273.06260188,2024-03-08,22958.83398,EXIT_MA,51703.294122960004,-581329.295244839,-2.2035680153318005,-1.811598348058585,3,3,2024-03-07
proxy,036830.KQ,2024-02-14,64500.0,121.18762323077836,2024-02-15,66000.0,479.0,479.0,False,59400.0,63228.0,31677228.0,2024-03-12,59400.0,STOP,56905.200000000004,-3281533.1999999993,-10.359281437125746,-9.999999999999998,18,26,
proxy,080220.KQ,2024-01-03,17800.0,293.4425584347367,2024-01-04,17800.0,1776.0,1776.0,False,16020.0,63225.6,31676025.6,2024-03-14,25850.0,EXIT_MA,91819.2,14141755.199999996,44.6449797035143,45.2247191011236,47,70,2024-03-13
proxy,950160.KQ,2024-03-18,13430.0,45.294080427277365,2024-03-19,13420.0,2706.0,2706.0,False,12078.0,72629.04000000001,36387149.04,2024-03-20,12078.0,STOP,65366.136,-3769447.175999999,-10.359281437125746,-9.999999999999998,2,1,
proxy,204270.KQ,2024-02-20,12760.0,24.097612741195633,2024-02-21,12630.0,2506.0,2506.0,False,11367.0,63301.560000000005,31714081.56,2024-03-22,11367.0,STOP,56971.404,-3285350.963999998,-10.359281437125741,-9.999999999999998,22,30,
proxy,425420.KQ,2024-03-20,43100.0,159.87487698569097,2024-03-21,43550.0,748.0,837.0,True,39195.0,65150.8,32640550.8,2024-03-25,39195.0,STOP,58635.72,-3381326.5199999996,-10.359281437125748,-9.999999999999998,3,4,
proxy,204270.KQ,2024-04-01,14830.0,50.89888736533301,2024-04-02,15800.0,1.0,2525.0,True,14220.0,31.6,15831.6,2024-04-02,14220.0,STOP,28.44,-1640.0400000000009,-10.359281437125754,-9.999999999999998,1,0,
proxy,065350.KQ,2024-02-05,102300.0,585.3230977994651,2024-02-06,98900.0,277.0,277.0,False,89010.0,54790.6,27450090.6,2024-04-05,107700.0,EXIT_MA,59665.8,2323143.5999999978,8.463154580626403,8.897876643073822,40,59,2024-04-04
proxy,232140.KQ,2024-02-28,6690.0,75.15844046901677,2024-02-29,6530.0,1.0,4797.0,True,5877.0,13.06,6543.06,2024-04-09,6310.0,EXIT_MA,12.620000000000001,-245.6800000000003,-3.7548180820594688,-3.369065849923425,27,40,2024-04-08
proxy,388720.KQ,2024-03-29,31500.0,13.785562065806628,2024-04-01,31850.0,630.0,1195.0,True,28665.0,40131.0,20105631.0,2024-04-15,28665.0,STOP,36117.9,-2082798.8999999985,-10.359281437125741,-9.999999999999998,10,14,
proxy,356860.KQ,2024-04-04,14035.64941,20.753621103391843,2024-04-05,13738.96094,2164.0,2736.0,True,12365.064846000001,59462.22294832,29790573.69710832,2024-04-15,12365.064846000001,STOP,53516.000653488,-3086089.371017806,-10.359281437125741,-9.999999999999998,6,10,
proxy,277810.KQ,2024-03-19,190100.0,40.183734130356875,2024-03-20,191900.0,11.0,187.0,True,172710.0,4221.8,2115121.8,2024-04-16,171700.0,STOP,3777.4,-230199.19999999972,-10.883496165563598,-10.526315789473683,19,27,
proxy,131290.KQ,2024-02-13,57000.0,35.991339580074296,2024-02-14,55300.0,531.0,531.0,False,49770.0,58728.6,29423028.6,2024-04-22,57500.0,EXIT_MA,61065.0,1048406.3999999985,3.5632171461778017,3.9783001808318286,46,68,2024-04-19
proxy,092870.KQ,2024-03-07,22600.0,92.91421943446085,2024-03-08,22750.0,1132.0,1460.0,True,20475.0,51506.0,25804506.0,2024-04-25,22650.0,EXIT_MA,51279.6,-215985.6000000015,-0.8370073040731781,-0.439560439560438,33,48,2024-04-24
proxy,196170.KQ,2024-02-21,72230.76562,77.21380334831386,2024-02-22,71230.76562,237.0,432.0,True,64107.689058,33763.38290388,16915454.83484388,2024-05-07,138307.6875,EXIT_MA,65557.843875,15797909.25878112,93.39334598463917,94.16846961584011,49,75,2024-05-03
proxy,089030.KQ,2023-10-13,7450.0,4.929789013649163,2023-10-16,7330.0,4424.0,4424.0,False,6597.0,64855.840000000004,32492775.84,2024-05-13,31400.0,EXIT_MA,277827.2,106142996.96000001,326.66644882132056,328.3765347885402,141,210,2024-05-10
proxy,252990.KQ,2024-04-12,8030.0,41.68236624957765,2024-04-15,7920.0,1.0,4848.0,True,7128.0,15.84,7935.84,2024-05-13,7290.0,EXIT_MA,14.58,-660.4200000000001,-8.321992378878607,-7.954545454545459,18,28,2024-05-10
proxy,028300.KQ,2024-02-19,78800.0,149.76898285384937,2024-02-20,79300.0,389.0,389.0,False,71370.0,61695.4,30909395.4,2024-05-14,100000.0,EXIT_MA,77800.0,7912804.6000000015,25.599997986372784,26.103404791929385,56,84,2024-05-13
proxy,131290.KQ,2024-04-26,79000.0,70.8308506323325,2024-04-29,79000.0,229.0,479.0,True,71100.0,36182.0,18127182.0,2024-05-14,71100.0,STOP,32563.8,-1877845.8000000007,-10.359281437125754,-9.999999999999998,10,15,
proxy,145020.KQ,2024-02-15,169500.0,25.88976080919585,2024-02-16,168500.0,180.0,180.0,False,151650.0,60660.0,30390660.0,2024-05-17,199900.0,EXIT_MA,71964.0,5519376.0,18.16142196319527,18.63501483679526,60,91,2024-05-16
proxy,119850.KQ,2024-05-13,9860.0,132.93570358684806,2024-05-14,10490.0,3858.0,3858.0,False,9441.0,80940.84,40551360.84,2024-05-17,9441.0,STOP,72846.75600000001,-4200829.596000001,-10.35928143712575,-9.999999999999998,3,3,
proxy,036830.KQ,2024-05-07,71600.0,112.5236427104729,2024-05-08,71300.0,458.0,556.0,True,64170.0,65310.8,32720710.8,2024-05-21,64170.0,STOP,58779.72,-3389630.5199999996,-10.359281437125748,-9.999999999999998,9,13,
proxy,171090.KQ,2024-04-30,61400.0,127.30599997808419,2024-05-02,61700.0,1.0,633.0,True,55530.0,123.4,61823.4,2024-05-22,55530.0,STOP,111.06,-6404.459999999999,-10.359281437125748,-9.999999999999998,13,20,
proxy,058470.KQ,2024-03-15,51000.0,48.22973805193207,2024-03-18,50300.0,708.0,708.0,False,45270.0,71224.8,35683624.8,2024-05-27,52700.0,EXIT_MA,74623.2,1553352.0,4.353122780284362,4.771371769383692,46,70,2024-05-24
proxy,183300.KQ,2024-04-15,17180.0,54.81520002456972,2024-04-16,16920.0,2263.0,2263.0,False,15228.0,76579.92,38366539.92,2024-06-04,16900.0,EXIT_MA,76489.40000000001,-198329.3200000003,-0.5169330369992883,-0.11820330969266601,32,49,2024-06-03
proxy,178320.KQ,2024-05-24,31300.0,68.49910483224639,2024-05-27,31300.0,1187.0,1208.0,True,28170.0,74306.2,37227406.2,2024-06-07,28170.0,STOP,66875.58,-3856491.780000001,-10.35928143712575,-9.999999999999998,9,11,
proxy,090710.KQ,2024-05-08,3060.0,105.17413497602335,2024-05-09,3100.0,2.0,12759.0,True,2790.0,12.4,6212.4,2024-06-12,2600.0,STOP,10.4,-1022.7999999999993,-16.463846500547284,-16.129032258064512,23,34,
proxy,036830.KQ,2024-06-10,89500.0,111.60165377534045,2024-06-11,90600.0,1.0,483.0,True,81540.0,181.20000000000002,90781.2,2024-06-12,81540.0,STOP,163.08,-9404.279999999999,-10.359281437125748,-9.999999999999998,2,1,
proxy,122640.KQ,2024-06-13,21400.0,21.90125964811526,2024-06-14,21150.0,2.0,2062.0,True,19035.0,84.60000000000001,42384.6,2024-06-20,19590.0,EXIT_MA,78.36,-3282.959999999999,-7.745643464843361,-7.375886524822695,4,6,2024-06-19
proxy,033790.KQ,2024-06-21,10720.0,674.9513964865374,2024-06-24,10990.0,1.0,4298.0,True,9891.0,21.98,11011.98,2024-06-25,9891.0,STOP,19.782,-1140.7619999999988,-10.359281437125738,-9.999999999999998,2,1,
proxy,083650.KQ,2024-05-22,10180.0,41.377341076429616,2024-05-23,10190.0,3700.0,3700.0,False,9171.0,75406.0,37778406.0,2024-07-02,9620.0,EXIT_MA,71188.0,-2255594.0,-5.970590712588562,-5.593719332679092,27,40,2024-07-01
proxy,039200.KQ,2024-07-01,41400.0,68.036077514853,2024-07-02,40950.0,865.0,1085.0,True,36855.0,70843.5,35492593.5,2024-07-02,36855.0,STOP,63759.15,-3676777.6499999985,-10.359281437125745,-9.999999999999998,1,0,
proxy,099320.KQ,2024-04-24,49300.0,44.985721848009014,2024-04-25,48950.0,772.0,772.0,False,44055.0,75578.8,37864978.8,2024-07-03,51600.0,EXIT_MA,79670.40000000001,1890550.8000000045,4.9928743126617166,5.413687436159353,45,69,2024-07-02
proxy,035760.KQ,2024-05-10,88600.0,26.52689957429613,2024-05-13,88000.0,434.0,434.0,False,79200.0,76384.0,38268384.0,2024-07-03,79200.0,STOP,68745.6,-3964329.6000000015,-10.359281437125754,-9.999999999999998,36,51,
proxy,032820.KQ,2024-05-23,2250.0,65.93659647646786,2024-05-24,2220.0,12375.0,16991.0,True,1998.0,54945.0,27527445.0,2024-07-03,1998.0,STOP,49450.5,-2851645.5,-10.359281437125748,-9.999999999999998,28,40,
proxy,232140.KQ,2024-04-18,9460.0,104.57772388419066,2024-04-19,9770.0,842.0,4186.0,True,8793.0,16452.68,8242792.68,2024-07-04,16100.0,EXIT_MA,27112.4,5286294.92,64.13232899605089,64.79017400204708,50,76,2024-07-03
proxy,140860.KQ,2024-07-03,195800.0,19.125171477707124,2024-07-04,195800.0,56.0,226.0,True,176220.0,21929.600000000002,10986729.6,2024-07-12,176220.0,STOP,19736.64,-1138146.2400000002,-10.35928143712575,-9.999999999999998,7,8,
proxy,323280.KQ,2024-05-14,5650.0,92.50700859888721,2024-05-16,5600.0,6790.0,6790.0,False,5040.0,76048.0,38100048.0,2024-07-16,8510.0,EXIT_MA,115565.8,19567286.200000003,51.357641859138866,51.96428571428571,42,61,2024-07-15
proxy,204270.KQ,2024-06-19,28700.0,149.50130678757117,2024-06-20,27600.0,1.0,1604.0,True,24840.0,55.2,27655.2,2024-07-16,24840.0,STOP,49.68,-2864.880000000001,-10.359281437125752,-9.999999999999998,19,26,
proxy,178320.KQ,2024-07-03,34050.0,76.21093490805903,2024-07-04,34150.0,1301.0,1301.0,False,30735.0,88858.3,44518008.3,2024-07-16,30735.0,STOP,79972.47,-4611745.769999996,-10.359281437125741,-9.999999999999998,9,12,
proxy,032820.KQ,2024-07-09,2825.0,95.84487286329622,2024-07-10,2925.0,5.0,16371.0,True,2632.5,29.25,14654.25,2024-07-17,2632.5,STOP,26.325,-1518.0750000000007,-10.359281437125754,-9.999999999999998,6,7,
proxy,031980.KQ,2024-02-08,33000.0,123.27152747938005,2024-02-13,34400.0,898.0,898.0,False,30960.0,61782.4,30952982.4,2024-07-18,58000.0,EXIT_MA,104168.0,21026849.6,67.931578703059,68.6046511627907,106,156,2024-07-17
proxy,064760.KQ,2024-06-04,126900.0,32.811670288965956,2024-06-05,128000.0,297.0,312.0,True,115200.0,76032.0,38092032.0,2024-07-18,119700.0,EXIT_MA,71101.8,-2612233.799999997,-6.8576908682634645,-6.484374999999998,30,43,2024-07-17
proxy,214150.KQ,2024-06-12,53800.0,64.01167366922397,2024-06-13,53800.0,2.0,829.0,True,48420.0,215.20000000000002,107815.2,2024-07-19,48420.0,STOP,193.68,-11168.87999999999,-10.35928143712574,-9.999999999999998,27,36,
proxy,089030.KQ,2024-05-20,41000.0,294.46043376581565,2024-05-21,40800.0,922.0,922.0,False,36720.0,75235.2,37692835.2,2024-07-24,49500.0,EXIT_MA,91278.0,7854886.799999997,20.839203945051064,21.323529411764696,45,64,2024-07-23
proxy,087010.KQ,2024-07-19,81000.0,266.2045175469923,2024-07-22,82000.0,529.0,529.0,False,73800.0,86756.0,43464756.0,2024-07-25,73800.0,STOP,78080.40000000001,-4502636.3999999985,-10.359281437125745,-9.999999999999998,4,3,
proxy,257720.KQ,2024-03-21,10820.0,77.00453089006717,2024-03-22,10830.0,1.0,3362.0,True,9747.0,21.66,10851.66,2024-07-26,42950.0,EXIT_MA,85.9,32012.44,295.0003962527392,296.58356417359187,85,126,2024-07-25
proxy,033100.KQ,2024-03-27,37900.0,102.9657963878396,2024-03-28,37900.0,989.0,989.0,False,34110.0,74966.2,37558066.2,2024-07-30,79000.0,EXIT_MA,156262.0,40416671.8,107.61116289847743,108.44327176781002,83,124,2024-07-29
proxy,241710.KQ,2024-05-23,49350.0,82.46883077984917,2024-05-24,49100.0,774.0,774.0,False,44190.0,76006.8,38079406.8,2024-08-05,70100.0,EXIT_MA,108514.8,16069478.400000006,42.19991788317461,42.769857433808546,50,73,2024-08-02
proxy,253590.KQ,2024-06-26,12270.0,104.06171439855187,2024-06-27,12410.0,1.0,3806.0,True,11169.0,24.82,12434.82,2024-08-05,11080.0,EXIT_MA,22.16,-1376.9799999999996,-11.073582086431486,-10.71716357775987,27,39,2024-08-02
proxy,000250.KQ,2024-07-03,181800.0,111.78700959656234,2024-07-04,179000.0,243.0,243.0,False,161100.0,86994.0,43583994.0,2024-08-05,161100.0,STOP,78294.6,-4514988.6000000015,-10.359281437125752,-9.999999999999998,23,32,
proxy,298380.KQ,2024-07-03,26900.0,21.70094721745029,2024-07-04,27200.0,1647.0,1647.0,False,24480.0,89596.8,44887996.8,2024-08-05,24480.0,STOP,80637.12,-4650073.919999994,-10.359281437125736,-9.999999999999998,23,32,
proxy,039200.KQ,2024-07-04,42000.0,67.6644285166088,2024-07-05,42000.0,3.0,1058.0,True,37800.0,252.0,126252.0,2024-08-05,37800.0,STOP,226.8,-13078.800000000003,-10.35928143712575,-9.999999999999998,22,31,
proxy,033790.KQ,2024-07-19,13500.0,907.9783704715958,2024-07-22,13550.0,3178.0,3178.0,False,12195.0,86123.8,43148023.8,2024-08-05,12195.0,STOP,77511.42,-4469825.219999999,-10.359281437125746,-9.999999999999998,11,14,
proxy,145020.KQ,2024-07-24,246500.0,61.59339546458552,2024-07-25,240000.0,176.0,176.0,False,216000.0,84480.0,42324480.0,2024-08-05,216000.0,STOP,76032.0,-4384512.0,-10.359281437125748,-9.999999999999998,8,11,
proxy,141080.KQ,2024-07-30,89300.0,96.52857075923423,2024-07-31,89700.0,477.0,477.0,False,80730.0,85573.8,42872473.8,2024-08-05,80500.0,STOP,76797.0,-4550770.799999997,-10.614668099698035,-10.256410256410254,4,5,
proxy,196170.KQ,2024-06-07,206923.0781,256.4688606232879,2024-06-10,203846.1562,163.0,200.0,True,183461.54058,66453.8469212,33293377.3075212,2024-08-06,214230.7656,EXIT_MA,69839.2295856,1556398.2556931973,4.674798357995349,5.0943366279673,41,57,2024-08-05
proxy,323280.KQ,2024-08-16,18310.0,386.89991349033204,2024-08-19,18150.0,2137.0,2137.0,False,16335.0,77573.1,38864123.1,2024-08-19,16335.0,STOP,69815.79000000001,-4026043.8900000006,-10.35928143712575,-9.999999999999998,1,0,
proxy,950160.KQ,2024-05-22,13060.0,36.49308775878338,2024-05-23,12930.0,2884.0,2884.0,False,11637.0,74580.24,37364700.24,2024-08-22,15420.0,EXIT_MA,88942.56,7017637.1999999955,18.78146259684805,19.25754060324827,63,91,2024-08-21
proxy,084370.KQ,2024-08-16,51600.0,35.56705992942315,2024-08-19,51600.0,758.0,758.0,False,46440.0,78225.6,39191025.6,2024-08-29,46440.0,STOP,70403.04000000001,-4059908.6400000006,-10.35928143712575,-9.999999999999998,9,10,
proxy,145020.KQ,2024-08-19,286500.0,93.85205371051813,2024-08-20,289000.0,134.0,134.0,False,260100.0,77452.0,38803452.0,2024-09-02,260100.0,STOP,69706.8,-4019758.799999997,-10.359281437125741,-9.999999999999998,10,13,
proxy,310210.KQ,2024-08-26,83500.0,106.85909048720444,2024-08-27,87200.0,460.0,460.0,False,78480.0,80224.0,40192224.0,2024-09-04,77200.0,STOP,71024.0,-4751248.0,-11.821311505429508,-11.467889908256879,7,8,
proxy,298380.KQ,2024-08-26,32900.0,66.97453036053848,2024-08-27,32900.0,1168.0,1168.0,False,29610.0,76854.40000000001,38504054.4,2024-09-04,29100.0,STOP,67977.6,-4583232.0,-11.903245181369785,-11.550151975683887,7,8,
proxy,032820.KQ,2024-09-13,2440.0,64.99107913713868,2024-09-19,2550.0,15308.0,15308.0,False,2295.0,78070.8,39113470.8,2024-09-24,2295.0,STOP,70263.72,-4051874.519999996,-10.35928143712574,-9.999999999999998,4,5,
proxy,257720.KQ,2024-09-20,45950.0,270.2700066419438,2024-09-23,46350.0,827.0,827.0,False,41715.0,76662.90000000001,38408112.9,2024-10-04,43450.0,EXIT_MA,71866.3,-2546829.1999999955,-6.630966761191736,-6.256742179072273,7,11,2024-10-02
proxy,388720.KQ,2024-10-07,38500.0,57.27621978711564,2024-10-08,38350.0,983.0,983.0,False,34515.0,75396.1,37773446.1,2024-10-16,34515.0,STOP,67856.49,-3913057.5900000036,-10.359281437125757,-9.999999999999998,6,8,
proxy,347700.KQ,2024-10-14,3975.0,94.56343511925851,2024-10-15,3975.0,9854.0,9854.0,False,3577.5,78339.3,39247989.3,2024-10-18,3577.5,STOP,70505.37,-4065809.6699999943,-10.359281437125736,-9.999999999999998,4,3,
proxy,323280.KQ,2024-10-08,37600.0,645.4902249239627,2024-10-10,37600.0,1007.0,1007.0,False,33840.0,75726.40000000001,37938926.4,2024-10-22,33840.0,STOP,68153.76,-3930200.1599999964,-10.35928143712574,-9.999999999999998,9,12,
proxy,950160.KQ,2024-10-11,16910.0,62.251885360894775,2024-10-14,17300.0,2312.0,2312.0,False,15570.0,79995.2,40077595.2,2024-10-22,15570.0,STOP,71995.68000000001,-4151750.8800000027,-10.359281437125754,-9.999999999999998,7,8,
proxy,237690.KQ,2024-08-19,100300.0,33.806629349355035,2024-08-20,97700.0,384.0,384.0,False,87930.0,75033.6,37591833.6,2024-10-23,101900.0,EXIT_MA,78259.2,1459507.1999999955,3.8825113335253634,4.298874104401218,40,64,2024-10-22
proxy,039200.KQ,2024-10-15,42250.0,47.48755983242256,2024-10-16,41850.0,580.0,942.0,True,37665.0,48546.0,24321546.0,2024-10-23,37600.0,EXIT_MA,43616.0,-2557162.0,-10.51397801768029,-10.15531660692951,5,7,2024-10-22
proxy,087010.KQ,2024-10-17,100600.0,168.3043585888385,2024-10-18,100600.0,336.0,394.0,True,90540.0,67603.2,33869203.2,2024-10-23,90540.0,STOP,60842.880000000005,-3508606.080000002,-10.359281437125754,-9.999999999999998,4,5,
proxy,214150.KQ,2024-09-10,54800.0,51.81795824082241,2024-09-11,54500.0,680.0,680.0,False,49050.0,74120.0,37134120.0,2024-10-25,51100.0,EXIT_MA,69496.0,-2455616.0,-6.6128293870973645,-6.238532110091743,26,44,2024-10-24
proxy,115180.KQ,2024-10-18,5280.0,40.53104343507542,2024-10-21,5640.0,6228.0,7424.0,True,5076.0,70251.84,35196171.84,2024-10-25,5076.0,STOP,63226.656,-3646070.496000003,-10.359281437125755,-9.999999999999998,5,4,
proxy,298380.KQ,2024-10-11,40500.0,73.25591205008408,2024-10-14,40050.0,965.0,965.0,False,36045.0,77296.5,38725546.5,2024-10-28,36045.0,STOP,69566.85,-4011688.3500000015,-10.359281437125754,-9.999999999999998,11,14,
proxy,145020.KQ,2024-10-15,286000.0,73.15640998621662,2024-10-16,285000.0,139.0,139.0,False,256500.0,79230.0,39694230.0,2024-11-04,256500.0,STOP,71307.0,-4112037.0,-10.359281437125748,-9.999999999999998,14,19,
proxy,226950.KQ,2024-10-08,21600.0,85.13152293885122,2024-10-10,21350.0,1753.0,1753.0,False,19215.0,74853.1,37501403.1,2024-11-06,19215.0,STOP,67367.79000000001,-3884875.8900000006,-10.35928143712575,-9.999999999999998,20,27,
proxy,145020.KQ,2024-11-06,321000.0,76.8230511178386,2024-11-07,313000.0,118.0,118.0,False,281700.0,73868.0,37007868.0,2024-11-11,281700.0,STOP,66481.2,-3833749.1999999993,-10.359281437125746,-9.999999999999998,3,4,
proxy,083650.KQ,2024-11-12,15040.0,102.55016904316399,2024-11-13,15920.0,2541.0,2541.0,False,14328.0,80905.44,40533625.44,2024-11-13,14328.0,STOP,72814.89600000001,-4198992.3359999955,-10.359281437125738,-9.999999999999998,1,0,
proxy,251970.KQ,2024-11-06,39350.0,32.821530879470586,2024-11-07,39250.0,970.0,970.0,False,35325.0,76145.0,38148645.0,2024-11-15,35325.0,STOP,68530.5,-3951925.5,-10.359281437125748,-9.999999999999998,7,8,
proxy,214450.KQ,2024-08-07,166900.0,45.84960865229545,2024-08-08,169900.0,233.0,233.0,False,152910.0,79173.40000000001,39665873.4,2024-11-19,208500.0,EXIT_MA,97161.0,8817465.600000001,22.229349423577805,22.719246615656274,66,103,2024-11-18
proxy,141080.KQ,2024-09-20,104900.0,111.19633042182915,2024-09-23,105600.0,362.0,362.0,False,95040.0,76454.40000000001,38303654.4,2024-11-20,109700.0,EXIT_MA,79422.8,1328322.8000000045,3.4678748563479225,3.882575757575757,39,58,2024-11-19
proxy,087010.KQ,2024-11-11,110300.0,218.07647939593747,2024-11-12,113600.0,349.0,349.0,False,102240.0,79292.8,39725692.8,2024-11-20,102240.0,STOP,71363.52,-4115296.3200000003,-10.35928143712575,-9.999999999999998,7,8,
proxy,196170.KQ,2024-09-19,269230.7812,258.971276797866,2024-09-20,266923.0625,140.0,140.0,False,240230.75625,74738.4575,37443967.2075,2024-11-21,264615.375,EXIT_MA,74092.30500000001,-471907.012500003,-1.260301852858904,-0.8645515596839792,41,62,2024-11-20
proxy,083650.KQ,2024-11-19,17920.0,132.32070543963403,2024-11-20,17760.0,2099.0,2099.0,False,15984.0,74556.48,37352796.48,2024-11-29,15984.0,STOP,67100.832,-3869481.3119999953,-10.359281437125736,-9.999999999999998,8,9,
proxy,226950.KQ,2024-12-04,25200.0,89.90406822858033,2024-12-05,24950.0,1468.0,1468.0,False,22455.0,73253.2,36699853.2,2024-12-17,23000.0,EXIT_MA,67528.0,-3003381.200000003,-8.183632734530946,-7.815631262525047,8,12,2024-12-16
proxy,007390.KQ,2024-10-23,11310.0,39.4110950914578,2024-10-24,11400.0,3333.0,3333.0,False,10260.0,75992.40000000001,38072192.4,2024-12-27,19920.0,EXIT_MA,132786.72,28188380.880000003,74.03928984136991,74.73684210526316,45,64,2024-12-26
proxy,388720.KQ,2025-02-07,37600.0,41.25177202026132,2025-02-10,46700.0,1120.0,1120.0,False,42030.0,104608.0,52408608.0,2025-02-11,42030.0,STOP,94147.2,-5429155.200000003,-10.359281437125754,-9.999999999999998,2,1,
proxy,204270.KQ,2025-02-13,28000.0,67.77348338899687,2025-02-14,27450.0,1580.0,1580.0,False,24705.0,86742.0,43457742.0,2025-02-20,24705.0,STOP,78067.8,-4501909.799999997,-10.359281437125741,-9.999999999999998,5,6,
proxy,082920.KQ,2025-01-02,11575.0,41.23488954120716,2025-01-03,11525.0,3312.0,3312.0,False,10372.5,76341.6,38247141.6,2025-03-04,11975.0,EXIT_MA,79322.40000000001,1334736.0,3.4897666705634283,3.90455531453362,37,60,2025-02-28
proxy,319400.KQ,2025-01-06,3645.0,31.598040677208385,2025-01-07,3660.0,10677.0,10677.0,False,3294.0,78155.64,39155975.64,2025-03-04,3690.0,EXIT_MA,78796.26,163358.1000000015,0.4171983901050396,0.8196721311475308,35,56,2025-02-28
proxy,226950.KQ,2025-02-28,58800.0,286.7804419874267,2025-03-04,57200.0,748.0,748.0,False,51480.0,85571.2,42871171.2,2025-03-07,51480.0,STOP,77014.08,-4441145.280000001,-10.35928143712575,-9.999999999999998,4,3,
proxy,083650.KQ,2025-01-22,20900.0,140.5127826173727,2025-01-23,20750.0,1989.0,1989.0,False,18675.0,82543.5,41354293.5,2025-03-11,18640.0,STOP,74149.92,-4353483.420000002,-10.527282783829934,-10.168674698795177,29,47,
proxy,014620.KQ,2024-11-07,14480.0,22.143675777121867,2024-11-08,14800.0,2620.0,2620.0,False,13320.0,77552.0,38853552.0,2025-03-14,26650.0,EXIT_MA,139646.0,30829802.0,79.34873496250742,80.06756756756756,82,126,2025-03-13
proxy,108490.KQ,2025-03-17,40500.0,86.61715964432928,2025-03-18,40500.0,1127.0,1127.0,False,36450.0,91287.0,45734787.0,2025-03-19,36300.0,STOP,81820.2,-4906507.200000003,-10.728173283063509,-10.370370370370374,2,1,
proxy,196170.KQ,2025-03-17,338076.9375,83.22551723063684,2025-03-18,348846.1562,135.0,135.0,False,313961.54058000003,94188.46217400001,47188419.549174,2025-03-20,313961.54058000003,STOP,84769.61595660001,-4888381.186830595,-10.359281437125738,-9.999999999999998,3,2,
proxy,082920.KQ,2025-03-18,14325.0,50.84673888832377,2025-03-19,14200.0,3305.0,3305.0,False,12780.0,93862.0,47024862.0,2025-03-21,12750.0,EXIT_MA,84277.5,-4970389.5,-10.569705659104327,-10.2112676056338,2,2,2025-03-20
proxy,298380.KQ,2025-01-16,32850.0,23.861316551291093,2025-01-17,32850.0,1256.0,1256.0,False,29565.0,82519.2,41342119.2,2025-03-24,36900.0,EXIT_MA,92692.8,4911588.0,11.880348891258578,12.328767123287676,41,66,2025-03-21
proxy,310210.KQ,2025-03-04,135000.0,155.90776720333636,2025-03-05,135500.0,265.0,336.0,True,121950.0,71815.0,35979315.0,2025-03-24,121950.0,STOP,64633.5,-3727198.5,-10.359281437125748,-9.999999999999998,14,19,
proxy,023160.KQ,2024-12-19,18210.0,52.670697318053605,2024-12-20,18200.0,2060.0,2060.0,False,16380.0,74984.0,37566984.0,2025-03-25,21900.0,EXIT_MA,90228.0,7456788.0,19.849312364282422,20.329670329670325,59,95,2025-03-24
proxy,347700.KQ,2025-01-22,5000.0,123.15995679023901,2025-01-23,4925.0,8315.0,8315.0,False,4432.5,81902.75,41033277.75,2025-04-07,6800.0,EXIT_MA,113084.0,15395638.25,37.519884089688645,38.07106598984771,47,74,2025-04-04
proxy,041510.KQ,2025-04-04,115900.0,68.9328806954961,2025-04-07,113300.0,376.0,376.0,False,101970.0,85201.6,42686001.6,2025-04-09,101970.0,STOP,76681.44,-4421963.039999999,-10.359281437125746,-9.999999999999998,3,2,
proxy,053800.KQ,2025-04-04,93900.0,60.02583791117465,2025-04-07,98000.0,464.0,464.0,False,88200.0,90944.0,45562944.0,2025-04-09,88200.0,STOP,81849.6,-4719993.6000000015,-10.359281437125752,-9.999999999999998,3,2,
proxy,122870.KQ,2025-02-20,60200.0,39.94534760643095,2025-02-21,61100.0,636.0,725.0,True,54990.0,77719.2,38937319.2,2025-04-10,60200.0,EXIT_MA,76574.40000000001,-726693.6000000015,-1.8663164669025325,-1.4729950900163713,33,48,2025-04-09
proxy,007390.KQ,2025-04-10,32000.0,181.4345168184818,2025-04-11,31750.0,1374.0,1374.0,False,28575.0,87249.0,43711749.0,2025-04-15,28575.0,STOP,78524.1,-4528223.1000000015,-10.359281437125752,-9.999999999999998,3,4,
proxy,437730.KQ,2025-04-17,13370.0,44.06517229342422,2025-04-18,13860.0,3507.0,3507.0,False,12474.0,97214.04000000001,48704234.04,2025-04-22,12474.0,STOP,87492.636,-5045408.675999999,-10.359281437125746,-9.999999999999998,3,4,
proxy,124500.KQ,2025-04-21,6950.0,41.18575127186786,2025-04-22,7060.0,6712.0,6712.0,False,6354.0,94773.44,47481493.44,2025-04-23,6354.0,STOP,85296.096,-4918741.535999998,-10.359281437125746,-9.999999999999998,2,1,
proxy,007390.KQ,2025-04-22,33250.0,205.23846021180455,2025-04-23,34000.0,1396.0,1396.0,False,30600.0,94928.0,47558928.0,2025-04-23,30600.0,STOP,85435.2,-4926763.200000003,-10.359281437125754,-9.999999999999998,1,0,
proxy,388720.KQ,2025-04-02,72300.0,159.0546591525335,2025-04-03,77000.0,602.0,602.0,False,69300.0,92708.0,46446708.0,2025-04-28,69300.0,STOP,83437.2,-4811545.200000003,-10.359281437125754,-9.999999999999998,18,25,
proxy,437730.KQ,2025-04-22,14700.0,58.791433276281836,2025-04-23,14950.0,3158.0,3158.0,False,13455.0,94424.2,47306524.2,2025-04-28,13455.0,STOP,84981.78,-4900615.980000004,-10.359281437125757,-9.999999999999998,4,5,
proxy,950160.KQ,2024-12-02,19700.0,79.97960851650869,2024-12-03,20500.0,1860.0,1860.0,False,18450.0,76260.0,38206260.0,2025-04-29,42000.0,EXIT_MA,156240.0,39757500.0,104.06017233825034,104.8780487804878,97,147,2025-04-28
proxy,041960.KQ,2025-04-29,6680.0,70.10813067357485,2025-04-30,6680.0,6999.0,6999.0,False,6012.0,93506.64,46846826.64,2025-04-30,6012.0,STOP,84155.976,-4852994.616000004,-10.359281437125757,-9.999999999999998,1,0,
proxy,145020.KQ,2025-02-14,288000.0,32.75165750757686,2025-02-17,292500.0,82.0,153.0,True,263250.0,47970.0,24032970.0,2025-05-20,344000.0,EXIT_MA,56416.0,4118614.0,17.137349233157618,17.606837606837612,62,92,2025-05-19
proxy,319400.KQ,2025-04-24,4325.0,36.18411912717508,2025-04-25,4305.0,10740.0,10740.0,False,3874.5,92471.40000000001,46328171.4,2025-05-29,3874.5,STOP,83224.26,-4799265.659999996,-10.359281437125741,-9.999999999999998,22,34,
proxy,087010.KQ,2025-04-01,106500.0,136.89611673424017,2025-04-02,106500.0,412.0,412.0,False,95850.0,87756.0,43965756.0,2025-06-05,154100.0,EXIT_MA,126978.40000000001,19396465.6,44.117211586217245,44.69483568075117,42,64,2025-06-04
proxy,108490.KQ,2025-06-04,68100.0,187.63642752245167,2025-06-05,68100.0,720.0,720.0,False,61290.0,98064.0,49130064.0,2025-06-09,61290.0,STOP,88257.6,-5089521.6000000015,-10.359281437125752,-9.999999999999998,2,4,
proxy,298380.KQ,2025-04-08,51000.0,101.35793230587527,2025-04-09,49850.0,832.0,832.0,False,44865.0,82950.40000000001,41558150.4,2025-06-25,66800.0,EXIT_MA,111155.2,13908294.399999999,33.467067870277496,34.00200601805417,50,77,2025-06-24
proxy,041960.KQ,2025-06-26,5650.0,31.629571722794214,2025-06-27,5610.0,3.0,8921.0,True,5049.0,33.660000000000004,16863.66,2025-06-30,5370.0,EXIT_MA,32.22,-785.8799999999992,-4.66019831993766,-4.278074866310155,1,3,2025-06-27
proxy,277810.KQ,2025-06-24,315000.0,67.09219438103062,2025-06-25,311000.0,14.0,162.0,True,279900.0,8708.0,4362708.0,2025-07-01,282000.0,EXIT_MA,7896.0,-422604.0,-9.686735853052737,-9.324758842443725,4,6,2025-06-30
proxy,035900.KQ,2025-04-29,68700.0,15.092439955131919,2025-04-30,70000.0,680.0,680.0,False,63000.0,95200.0,47695200.0,2025-07-04,72200.0,EXIT_MA,98192.0,1302608.0,2.7311092101511263,3.142857142857136,42,65,2025-07-03
proxy,388720.KQ,2025-06-24,82400.0,123.14651439764248,2025-06-25,81500.0,622.0,622.0,False,73350.0,101386.0,50794386.0,2025-07-04,73350.0,STOP,91247.40000000001,-5261933.3999999985,-10.359281437125746,-9.999999999999998,8,9,
proxy,090710.KQ,2025-06-27,3130.0,73.66054872794517,2025-06-30,3290.0,6.0,16160.0,True,2961.0,39.480000000000004,19779.48,2025-07-04,2961.0,STOP,35.532000000000004,-2049.011999999999,-10.359281437125743,-9.999999999999998,5,4,
proxy,347700.KQ,2025-04-17,8360.0,206.67450891392275,2025-04-18,8360.0,5608.0,5608.0,False,7524.0,93765.76,46976645.76,2025-07-07,9400.0,EXIT_MA,105430.40000000001,5633123.840000004,11.99132834808852,12.440191387559807,51,80,2025-07-04
proxy,251970.KQ,2025-05-08,59800.0,61.186816646611916,2025-05-09,58900.0,772.0,772.0,False,53010.0,90941.6,45561741.6,2025-07-07,56100.0,EXIT_MA,86618.40000000001,-2339160.0,-5.134044305277391,-4.753820033955858,39,59,2025-07-04
proxy,445680.KQ,2025-07-03,44500.0,113.71816926044185,2025-07-04,44550.0,1097.0,1146.0,True,40095.0,97742.7,48969092.7,2025-07-07,39700.0,STOP,87101.8,-5505294.5,-11.242386159219159,-10.886644219977548,2,3,
proxy,096530.KQ,2025-04-24,26950.0,23.604547522895214,2025-04-25,26900.0,1723.0,1723.0,False,24210.0,92697.40000000001,46441397.4,2025-07-09,31250.0,EXIT_MA,107687.5,7294665.1000000015,15.707247215605966,16.17100371747211,48,75,2025-07-08
proxy,083650.KQ,2025-04-28,25600.0,124.72942594892594,2025-04-29,25250.0,1783.0,1783.0,False,22725.0,90041.5,45110791.5,2025-07-14,37000.0,EXIT_MA,131942.0,20728266.5,45.94968478883816,46.53465346534653,49,76,2025-07-11
proxy,115180.KQ,2025-02-19,5880.0,35.483548608205986,2025-02-20,5760.0,5.0,7694.0,True,5184.0,57.6,28857.6,2025-07-15,11000.0,EXIT_MA,110.0,26032.4,90.20985806165449,90.97222222222223,97,145,2025-07-14
proxy,214370.KQ,2025-07-14,43000.0,70.1745492163853,2025-07-15,50300.0,276.0,1215.0,True,45270.0,27765.600000000002,13910565.6,2025-07-16,45270.0,STOP,24989.04,-1441034.6399999987,-10.35928143712574,-9.999999999999998,2,1,
proxy,251970.KQ,2025-07-09,63600.0,33.736154411599806,2025-07-10,64000.0,529.0,824.0,True,57600.0,67712.0,33923712.0,2025-07-18,57600.0,STOP,60940.8,-3514252.8000000007,-10.35928143712575,-9.999999999999998,7,8,
proxy,124500.KQ,2025-05-12,7850.0,54.62548993621699,2025-05-13,8020.0,6.0,5754.0,True,7218.0,96.24000000000001,48216.24,2025-07-21,18650.0,EXIT_MA,223.8,63459.96,131.61532297002006,132.5436408977556,47,69,2025-07-18
proxy,290650.KQ,2025-07-08,32000.0,49.903746556292546,2025-07-09,32000.0,1590.0,1590.0,False,28800.0,101760.0,50981760.0,2025-07-21,28800.0,STOP,91584.0,-5281344.0,-10.359281437125748,-9.999999999999998,9,12,
proxy,347700.KQ,2025-07-15,12030.0,222.80053033625467,2025-07-16,11780.0,1.0,4429.0,True,10602.0,23.56,11803.56,2025-07-21,10602.0,STOP,21.204,-1222.7639999999992,-10.359281437125741,-9.999999999999998,4,5,
proxy,140860.KQ,2025-07-09,307000.0,46.09947794972915,2025-07-10,303000.0,170.0,170.0,False,272700.0,103020.0,51613020.0,2025-07-22,272700.0,STOP,92718.0,-5346738.0,-10.359281437125748,-9.999999999999998,9,12,
proxy,095610.KQ,2025-07-16,27800.0,35.50401692982602,2025-07-17,27700.0,449.0,1879.0,True,24930.0,24874.600000000002,12462174.6,2025-07-23,24930.0,STOP,22387.14,-1290991.7400000002,-10.35928143712575,-9.999999999999998,5,6,
proxy,044490.KQ,2025-07-21,43150.0,188.0135954660487,2025-07-22,41150.0,1111.0,1199.0,True,37035.0,91435.3,45809085.3,2025-07-23,37035.0,STOP,82291.77,-4745492.07,-10.35928143712575,-9.999999999999998,2,1,
proxy,122870.KQ,2025-05-09,74400.0,78.80548003819787,2025-05-12,73500.0,268.0,618.0,True,66150.0,39396.0,19737396.0,2025-07-24,85100.0,EXIT_MA,45613.6,3023790.3999999985,15.320108083153414,15.782312925170071,51,73,2025-07-23
proxy,032190.KQ,2025-05-29,16100.0,47.525760403439605,2025-05-30,16160.0,2565.0,3075.0,True,14544.0,82900.8,41533300.8,2025-07-24,16630.0,EXIT_MA,85311.90000000001,1037337.3000000045,2.497603802296408,2.9084158415841666,37,55,2025-07-23
proxy,006730.KQ,2025-07-07,9920.0,62.46147322356822,2025-07-08,9940.0,4989.0,4989.0,False,8946.0,99181.32,49689841.32,2025-07-28,8946.0,STOP,89263.188,-5147510.508000001,-10.359281437125752,-9.999999999999998,15,20,
proxy,214370.KQ,2025-07-22,59000.0,142.67770552470407,2025-07-23,61300.0,753.0,873.0,True,55170.0,92317.8,46251217.8,2025-07-29,55170.0,STOP,83086.02,-4791293.82,-10.35928143712575,-9.999999999999998,5,6,
proxy,218410.KQ,2025-07-28,29700.0,107.2172733993771,2025-07-29,29700.0,1689.0,1689.0,False,26730.0,100326.6,50263626.6,2025-07-29,26730.0,STOP,90293.94,-5206950.539999999,-10.359281437125746,-9.999999999999998,1,0,
proxy,032500.KQ,2025-07-09,14540.0,64.30712113817152,2025-07-10,14500.0,3606.0,3606.0,False,13050.0,104574.0,52391574.0,2025-07-30,13050.0,STOP,94116.6,-5427390.6000000015,-10.359281437125752,-9.999999999999998,15,20,
proxy,310210.KQ,2025-07-18,142300.0,56.380547449244354,2025-07-21,138600.0,219.0,364.0,True,124740.0,60706.8,30414106.8,2025-07-30,124740.0,STOP,54636.12,-3150682.920000002,-10.359281437125754,-9.999999999999998,8,9,
proxy,003380.KQ,2025-06-04,9320.0,66.5993402186972,2025-06-05,9330.0,1522.0,5266.0,True,8397.0,28400.52,14228660.52,2025-07-31,9290.0,EXIT_MA,28278.760000000002,-117559.27999999933,-0.8262146660590882,-0.4287245444801746,39,56,2025-07-30
proxy,183300.KQ,2025-07-29,14720.0,21.496425214195504,2025-07-30,14720.0,3252.0,3338.0,True,13248.0,95738.88,47965178.88,2025-08-01,13248.0,STOP,86164.992,-4968847.872000001,-10.35928143712575,-9.999999999999998,3,2,
proxy,030530.KQ,2025-05-19,5310.0,82.05487187252751,2025-05-20,5190.0,5413.0,9023.0,True,4671.0,56186.94,28149656.94,2025-08-04,5820.0,EXIT_MA,63007.32,3290995.7399999984,11.69106872959283,12.138728323699421,52,76,2025-08-01
proxy,295310.KQ,2025-08-01,35850.0,106.93523659479834,2025-08-04,33050.0,1331.0,1331.0,False,29745.0,87979.1,44077529.1,2025-08-05,29745.0,STOP,79181.19,-4566115.289999999,-10.359281437125746,-9.999999999999998,2,1,
proxy,007390.KQ,2025-07-29,29900.0,97.13870269883442,2025-07-30,30350.0,1643.0,1643.0,False,27315.0,99730.1,49964780.1,2025-08-06,24750.0,STOP,81328.5,-9381858.600000001,-18.77694364154722,-18.45140032948929,6,7,
proxy,319400.KQ,2025-06-18,4380.0,38.144420113744395,2025-06-19,4575.0,2.0,11441.0,True,4117.5,18.3,9168.3,2025-08-13,4785.0,EXIT_MA,19.14,382.5600000000013,4.172638329897596,4.590163934426239,39,55,2025-08-12
proxy,099320.KQ,2025-08-05,51700.0,8.918422768180616,2025-08-06,51600.0,219.0,955.0,True,46440.0,22600.8,11323000.8,2025-08-13,48400.0,EXIT_MA,21199.2,-744600.0,-6.575995296229246,-6.2015503875969,5,7,2025-08-12
proxy,251970.KQ,2025-08-06,71200.0,43.549120611613624,2025-08-07,73500.0,551.0,684.0,True,66150.0,80997.0,40579497.0,2025-08-13,66150.0,STOP,72897.3,-4203744.299999997,-10.359281437125741,-9.999999999999998,5,6,
proxy,222800.KQ,2025-08-08,27850.0,62.195660079505465,2025-08-11,27750.0,1.0,1780.0,True,24975.0,55.5,27805.5,2025-08-14,24975.0,STOP,49.95,-2880.4500000000007,-10.359281437125752,-9.999999999999998,4,3,
proxy,014620.KQ,2025-07-29,32200.0,63.737438146716926,2025-07-30,32300.0,1526.0,1526.0,False,29070.0,98579.6,49388379.6,2025-08-19,31550.0,EXIT_MA,96290.6,-1339370.200000003,-2.711913634032251,-2.3219814241486114,13,20,2025-08-18
proxy,445680.KQ,2025-08-14,54300.0,119.39821921908347,2025-08-18,43400.0,1.0,956.0,True,39060.0,86.8,43486.8,2025-08-19,39060.0,STOP,78.12,-4504.9200000000055,-10.35928143712576,-9.999999999999998,2,1,
proxy,082920.KQ,2025-07-17,15325.0,27.207320113318566,2025-07-18,15200.0,1.0,3420.0,True,13680.0,30.400000000000002,15230.4,2025-08-20,14475.0,EXIT_MA,28.95,-784.3500000000004,-5.149897573274506,-4.7697368421052655,22,33,2025-08-19
proxy,059090.KQ,2025-08-05,15210.0,39.83699978719247,2025-08-06,15010.0,3248.0,3248.0,False,13509.0,97504.96,48849984.96,2025-08-20,13440.0,EXIT_MA,87306.24,-5284171.200000003,-10.817139870824647,-10.459693537641568,9,14,2025-08-19
proxy,102710.KQ,2025-06-25,36200.0,40.88292406048256,2025-06-26,36200.0,8.0,1408.0,True,32580.0,579.2,290179.2,2025-08-21,37550.0,EXIT_MA,600.8000000000001,9620.0,3.3151928187823247,3.7292817679557944,39,56,2025-08-20
proxy,347850.KQ,2025-06-11,24350.0,145.76826297529794,2025-06-12,23375.0,1880.0,2059.0,True,21037.5,87890.0,44032890.0,2025-08-22,32575.0,EXIT_MA,122482.0,17085628.0,38.801968256001366,39.35828877005348,50,71,2025-08-21
proxy,035760.KQ,2025-08-20,79000.0,29.803809682841052,2025-08-21,78100.0,540.0,637.0,True,70290.0,84348.0,42258348.0,2025-09-01,74300.0,EXIT_MA,80244.0,-2216592.0,-5.245335193888791,-4.865556978233032,7,11,2025-08-29
proxy,347850.KQ,2025-08-29,39350.0,213.9099683567175,2025-09-01,39125.0,1021.0,1360.0,True,35212.5,79893.25,40026518.25,2025-09-01,35212.5,STOP,71903.925,-4146459.674999997,-10.359281437125741,-9.999999999999998,1,0,
proxy,064760.KQ,2025-07-30,111800.0,17.012713170182746,2025-07-31,110100.0,441.0,441.0,False,99090.0,97108.2,48651208.2,2025-09-02,102600.0,EXIT_MA,90493.2,-3495101.400000006,-7.183997128359097,-6.811989100817439,22,33,2025-09-01
proxy,084370.KQ,2025-08-12,48000.0,18.01304496909186,2025-08-13,50000.0,211.0,1040.0,True,45000.0,21100.0,10571100.0,2025-09-02,45000.0,STOP,18990.0,-1095090.0,-10.359281437125748,-9.999999999999998,14,20,
proxy,101490.KQ,2025-07-28,51200.0,54.84125379122423,2025-07-29,52000.0,980.0,980.0,False,46800.0,101920.0,51061920.0,2025-09-08,49550.0,EXIT_MA,97118.0,-2600038.0,-5.091931521572239,-4.711538461538467,28,41,2025-09-05
proxy,083650.KQ,2025-08-22,51900.0,197.9757058649346,2025-08-25,53900.0,208.0,999.0,True,48510.0,22422.4,11233622.4,2025-09-12,48510.0,STOP,20180.16,-1163722.5600000005,-10.359281437125754,-9.999999999999998,15,18,
proxy,214450.KQ,2024-12-10,240000.0,106.40928731321218,2024-12-11,238500.0,151.0,151.0,False,214650.0,72027.0,36085527.0,2025-09-18,623000.0,EXIT_MA,188146.0,57799327.0,160.17315473874055,161.21593291404614,187,281,2025-09-17
proxy,122870.KQ,2025-08-21,107400.0,105.86160084471751,2025-08-22,105300.0,473.0,473.0,False,94770.0,99613.8,49906513.8,2025-09-25,94770.0,STOP,89652.42,-5169956.219999999,-10.359281437125746,-9.999999999999998,24,34,
proxy,298380.KQ,2025-09-05,103000.0,137.48566704324372,2025-09-08,104200.0,464.0,538.0,True,93780.0,96697.6,48445497.6,2025-09-25,93780.0,STOP,87027.84,-5018605.440000005,-10.359281437125759,-9.999999999999998,13,17,
proxy,196170.KQ,2025-09-01,350000.0,29.039889474738555,2025-09-02,355000.0,150.0,150.0,False,319500.0,106500.0,53356500.0,2025-09-26,349230.7812,EXIT_MA,104769.23436000002,-1076652.0543599948,-2.0178461000252916,-1.625132056338019,17,24,2025-09-25
proxy,290650.KQ,2025-09-12,59300.0,152.01573305951496,2025-09-15,57400.0,175.0,940.0,True,51660.0,20090.0,10065090.0,2025-09-26,51660.0,STOP,18081.0,-1042671.0,-10.359281437125748,-9.999999999999998,9,11,
proxy,036810.KQ,2025-09-17,33366.33594,66.88863681251031,2025-09-18,33267.32812,1710.0,1710.0,False,29940.595308,113774.26217039999,57000905.34737039,2025-09-26,29702.9707,STOP,101584.159794,-6310409.610164396,-11.070718213523099,-10.714288226402946,6,8,
proxy,100790.KQ,2025-09-25,8240.0,28.669741242873247,2025-09-26,8200.0,2442.0,7418.0,True,7380.0,40048.8,20064448.8,2025-10-14,7380.0,STOP,36043.92,-2078532.7200000025,-10.35928143712576,-9.999999999999998,8,18,
proxy,140410.KQ,2025-10-14,72800.0,100.56366918889049,2025-10-15,72900.0,246.0,873.0,True,65610.0,35866.8,17969266.8,2025-10-16,65610.0,STOP,32280.12,-1861486.92,-10.359281437125748,-9.999999999999998,2,1,
proxy,030530.KQ,2025-10-20,25950.0,617.0752218000259,2025-10-21,26300.0,1.0,2468.0,True,23670.0,52.6,26352.6,2025-10-22,23670.0,STOP,47.34,-2729.9399999999987,-10.359281437125745,-9.999999999999998,2,1,
proxy,041960.KQ,2025-09-01,6070.0,28.62006010912923,2025-09-02,6170.0,4480.0,8685.0,True,5553.0,55283.200000000004,27696883.2,2025-10-23,6130.0,EXIT_MA,54924.8,-289408.0,-1.0449117971512405,-0.648298217179899,31,51,2025-10-22
proxy,425420.KQ,2025-06-30,28200.0,45.47083463265673,2025-07-01,28250.0,139.0,1802.0,True,25425.0,7853.5,3934603.5,2025-10-24,39400.0,EXIT_MA,10953.2,1531043.2999999998,38.91226396763994,39.46902654867257,76,115,2025-10-23
proxy,127120.KQ,2024-11-27,4100.0,39.078853240727355,2024-11-28,4100.0,8949.0,8949.0,False,3690.0,73381.8,36764281.8,2025-10-28,19200.0,EXIT_MA,343641.60000000003,134712876.60000002,366.423251058858,368.29268292682923,218,334,2025-10-27
proxy,101490.KQ,2025-10-22,62000.0,70.39329535058502,2025-10-23,59900.0,457.0,1036.0,True,53910.0,54748.6,27429048.6,2025-10-30,53910.0,STOP,49273.74,-2841452.34,-10.359281437125748,-9.999999999999998,6,7,
proxy,036810.KQ,2025-10-24,38217.82031,79.92750438446538,2025-10-27,37623.76172,1.0,1678.0,True,33861.385548000006,75.24752344000001,37699.00924344,2025-11-05,33861.385548000006,STOP,67.72277109600002,-3905.3464665359934,-10.35928143712573,-9.999999999999986,8,9,
proxy,032820.KQ,2025-10-29,4980.0,83.04867666420868,2025-10-30,4870.0,1.0,12957.0,True,4383.0,9.74,4879.74,2025-11-05,4383.0,STOP,8.766,-505.5059999999994,-10.359281437125736,-9.999999999999998,5,6,
proxy,064760.KQ,2025-09-29,166400.0,69.35983596124984,2025-09-30,167500.0,355.0,367.0,True,150750.0,118925.0,59581425.0,2025-11-07,150750.0,STOP,107032.5,-6172207.5,-10.359281437125748,-9.999999999999998,24,38,
proxy,032500.KQ,2025-10-28,14660.0,35.697680056738434,2025-10-29,17600.0,2534.0,4352.0,True,15840.0,89196.8,44687596.8,2025-11-07,15840.0,STOP,80277.12,-4629313.919999994,-10.359281437125736,-9.999999999999998,8,9,
proxy,108490.KQ,2025-10-30,222500.0,499.8687704905642,2025-10-31,235000.0,104.0,290.0,True,211500.0,48880.0,24488880.0,2025-11-07,204500.0,STOP,42536.0,-3263416.0,-13.326113729986835,-12.978723404255321,6,7,
proxy,095610.KQ,2025-08-19,29050.0,36.41262490235639,2025-08-20,28200.0,1758.0,1758.0,False,25380.0,99151.2,49674751.2,2025-11-10,39650.0,EXIT_MA,139409.4,19890539.39999999,40.04154810945483,40.60283687943262,52,82,2025-11-07
proxy,222800.KQ,2025-10-23,58700.0,203.44240736240877,2025-10-24,59000.0,92.0,1078.0,True,53100.0,10856.0,5438856.0,2025-11-10,53100.0,STOP,9770.4,-563426.4000000004,-10.359281437125755,-9.999999999999998,12,17,
proxy,319400.KQ,2025-09-03,6480.0,79.14993941513532,2025-09-04,6530.0,5.0,8380.0,True,5877.0,65.3,32715.3,2025-11-17,9080.0,EXIT_MA,90.8,12593.899999999998,38.49544402771791,39.05053598774886,46,74,2025-11-14
proxy,010170.KQ,2025-10-31,2165.0,145.8034964524391,2025-11-03,2250.0,45.0,30334.0,True,2025.0,202.5,101452.5,2025-11-17,2025.0,STOP,182.25,-10509.75,-10.359281437125748,-9.999999999999998,11,14,
proxy,160190.KQ,2025-09-02,38600.0,87.18121456700142,2025-09-03,37850.0,249.0,1399.0,True,34065.0,18849.3,9443499.3,2025-11-18,48450.0,EXIT_MA,24128.100000000002,2596422.5999999996,27.494284878064207,28.005284015852048,48,76,2025-11-17
proxy,241710.KQ,2025-11-07,76900.0,15.038387901097744,2025-11-10,75700.0,857.0,857.0,False,68130.0,129749.8,65004649.8,2025-11-18,68130.0,STOP,116774.82,-6734014.619999997,-10.359281437125745,-9.999999999999998,7,8,
proxy,437730.KQ,2025-08-25,13450.0,26.91309972086139,2025-08-26,13140.0,2.0,3912.0,True,11826.0,52.56,26332.56,2025-11-19,25100.0,EXIT_MA,100.4,23767.039999999997,90.25723287063619,91.01978691019788,55,85,2025-11-18
proxy,425420.KQ,2025-11-17,43050.0,87.8354062206119,2025-11-18,42050.0,288.0,1742.0,True,37845.0,24220.8,12134620.8,2025-11-19,40500.0,EXIT_MA,23328.0,-493948.80000000075,-4.070574665176193,-3.686087990487519,1,1,2025-11-18
proxy,100790.KQ,2025-10-27,8700.0,40.5728812052777,2025-10-28,8500.0,7411.0,7411.0,False,7650.0,125987.0,63119487.0,2025-11-19,7650.0,STOP,113388.3,-6538725.299999997,-10.359281437125743,-9.999999999999998,17,22,
proxy,031330.KQ,2025-11-11,3975.0,21.302014324583787,2025-11-12,3975.0,16748.0,16748.0,False,3577.5,133146.6,66706446.6,2025-11-19,3577.5,STOP,119831.94,-6910308.539999999,-10.359281437125748,-9.999999999999998,6,7,
proxy,036540.KQ,2025-11-13,4870.0,30.601620671083847,2025-11-14,4530.0,9.0,14483.0,True,4077.0,81.54,40851.54,2025-11-19,4077.0,STOP,73.386,-4231.9259999999995,-10.359281437125748,-9.999999999999998,4,5,
proxy,033640.KQ,2025-10-02,16780.0,83.85677096407788,2025-10-10,17410.0,1.0,3755.0,True,15669.0,34.82,17444.82,2025-11-21,15669.0,STOP,31.338,-1807.1579999999994,-10.359281437125746,-9.999999999999998,31,42,
proxy,053610.KQ,2025-11-14,35800.0,14.580252578102765,2025-11-17,36350.0,1.0,2050.0,True,32715.0,72.7,36422.7,2025-11-21,32715.0,STOP,65.43,-3773.1299999999974,-10.359281437125741,-9.999999999999998,5,4,
proxy,087010.KQ,2025-11-19,334500.0,103.96271318470632,2025-11-20,333000.0,212.0,212.0,False,299700.0,141192.0,70737192.0,2025-11-24,299700.0,STOP,127072.8,-7327864.799999997,-10.359281437125745,-9.999999999999998,3,4,
proxy,327260.KQ,2025-09-08,4052.248291,25.605980613705764,2025-09-09,4110.414551,4.0,13553.0,True,3699.3730959,32.883316408,16474.541520407998,2025-11-25,8007.552734,EXIT_MA,64.060421872,15491.608993720001,94.03362742768665,94.81131731717636,49,77,2025-11-24
proxy,090710.KQ,2025-10-15,4230.0,105.05338231644103,2025-10-16,4445.0,4.0,15322.0,True,4000.5,35.56,17815.56,2025-11-26,4835.0,EXIT_MA,38.68,1485.7599999999984,8.339676103361322,8.773903262092242,29,41,2025-11-25
proxy,347850.KQ,2025-11-24,110000.0,499.85546539870455,2025-11-25,105600.0,600.0,658.0,True,95040.0,126720.0,63486720.0,2025-11-27,95040.0,STOP,114048.0,-6576768.0,-10.359281437125748,-9.999999999999998,3,2,
proxy,440110.KQ,2025-11-27,28650.0,104.50933719211062,2025-11-28,28900.0,1966.0,2604.0,True,26010.0,113634.8,56931034.8,2025-12-02,26010.0,STOP,102271.32,-5897646.119999997,-10.359281437125745,-9.999999999999998,3,4,
proxy,327260.KQ,2025-11-28,10082.14844,215.52179084185258,2025-12-01,10154.85645,1.0,7764.0,True,9139.370805,20.309712899999997,10175.1661629,2025-12-04,9139.370805,STOP,18.27874161,-1054.0740995099986,-10.359281437125736,-9.999999999999986,4,3,
proxy,098460.KQ,2025-12-03,28800.0,91.35863506744623,2025-12-04,28900.0,2.0,2707.0,True,26010.0,115.60000000000001,57915.6,2025-12-08,26010.0,STOP,104.04,-5999.639999999999,-10.359281437125748,-9.999999999999998,3,4,
proxy,356860.KQ,2025-10-01,26793.25586,228.1590655805521,2025-10-02,28482.09961,4.0,2287.0,True,25633.889649,227.85679688000002,114156.25523688001,2025-12-11,29942.71875,EXIT_MA,239.54175,5375.078013119986,4.708526923878527,5.12820037848325,45,70,2025-12-10
proxy,240810.KQ,2025-08-13,40900.0,49.78306345257329,2025-08-14,40050.0,906.0,1243.0,True,36045.0,72570.6,36357870.6,2025-12-16,60100.0,EXIT_MA,108901.2,17983828.199999996,49.46337038781362,50.062421972534324,81,124,2025-12-15
proxy,090710.KQ,2025-12-15,6280.0,169.15879501181982,2025-12-16,6290.0,8623.0,12616.0,True,5661.0,108477.34,54347147.34,2025-12-17,5661.0,STOP,97629.606,-5629973.946000002,-10.359281437125752,-9.999999999999998,2,1,
proxy,090360.KQ,2025-10-16,70100.0,174.91945518267931,2025-10-17,67400.0,238.0,923.0,True,60660.0,32082.4,16073282.4,2025-12-18,69900.0,EXIT_MA,33272.4,529645.1999999993,3.295190035359543,3.70919881305638,44,62,2025-12-17
proxy,310210.KQ,2025-10-27,211500.0,75.69049962929802,2025-10-28,209000.0,304.0,304.0,False,188100.0,127072.0,63663072.0,2025-12-19,207500.0,EXIT_MA,126160.0,-709232.0,-1.114039862858016,-0.7177033492822948,38,52,2025-12-18
proxy,458870.KQ,2025-07-11,10183.33301,131.27210358541305,2025-07-14,10183.33301,5094.0,5094.0,False,9164.999709,103747.79670588,51977646.14964588,2026-01-12,37500.0,EXIT_MA,382050.0,138665303.85035414,266.7787291697103,268.24878419644256,120,182,2026-01-09
proxy,010170.KQ,2026-01-09,3330.0,256.8313124414891,2026-01-12,3405.0,24351.0,24351.0,False,3064.5,165830.31,83080985.31,2026-01-12,3064.5,STOP,149247.279,-8606593.089000002,-10.35928143712575,-9.999999999999998,1,0,
proxy,196170.KQ,2026-01-09,393076.9375,10.479763448884524,2026-01-12,382307.6875,206.0,206.0,False,344076.91875,157510.76725,78912894.39225,2026-01-13,369615.375,EXIT_MA,152281.5345,-2924408.6767500043,-3.7058692362920214,-3.3199208163973926,1,1,2026-01-12
proxy,043260.KQ,2026-01-12,13800.0,1100.7703245239052,2026-01-13,14540.0,5827.0,5827.0,False,13086.0,169449.16,84894029.16,2026-01-13,13086.0,STOP,152504.244,-8794411.404,-10.359281437125748,-9.999999999999998,1,0,
proxy,115180.KQ,2025-09-25,15860.0,120.98943189981308,2025-09-26,15890.0,3854.0,3854.0,False,14301.0,122480.12,61362540.12,2026-01-15,27300.0,EXIT_MA,210428.4,43641231.48,71.12031443720488,71.80616740088107,71,111,2026-01-14
proxy,295310.KQ,2026-01-12,77500.0,199.05368908948995,2026-01-13,78700.0,1037.0,1037.0,False,70830.0,163223.80000000002,81775123.8,2026-01-16,70830.0,STOP,146901.42,-8471315.219999999,-10.359281437125748,-9.999999999999998,4,3,
proxy,099320.KQ,2026-01-12,130400.0,131.63315141252937,2026-01-13,130000.0,95.0,616.0,True,117000.0,24700.0,12374700.0,2026-01-16,117000.0,STOP,22230.0,-1281930.0,-10.359281437125748,-9.999999999999998,4,3,
proxy,043260.KQ,2026-01-14,14980.0,1086.8380577762769,2026-01-15,14900.0,5171.0,5171.0,False,13410.0,154095.80000000002,77201995.8,2026-01-16,13410.0,STOP,138686.22,-7997572.019999996,-10.359281437125743,-9.999999999999998,2,1,
proxy,089970.KQ,2025-09-17,16620.0,64.78110511116306,2025-09-18,16620.0,2215.0,3434.0,True,14958.0,73626.6,36886926.6,2026-01-19,30050.0,EXIT_MA,133121.5,29540701.9,80.08447605390903,80.80625752105897,78,123,2026-01-16
proxy,160190.KQ,2026-01-19,65600.0,81.0960369505352,2026-01-20,68700.0,3.0,1313.0,True,61830.0,412.2,206512.2,2026-01-20,61830.0,STOP,370.98,-21393.180000000022,-10.359281437125759,-9.999999999999998,1,0,
proxy,196170.KQ,2026-01-16,398461.5312,10.616225546976937,2026-01-19,390769.2188,154.0,202.0,True,351692.29692,120356.9193904,60298816.6145904,2026-01-21,355384.625,EXIT_MA,109458.4645,-5679042.8290904015,-9.418166305632363,-9.055112863971559,2,2,2026-01-20
proxy,226950.KQ,2025-08-05,51000.0,108.60878577049576,2025-08-06,50900.0,968.0,968.0,False,45810.0,98542.40000000001,49369742.4,2026-01-22,118600.0,EXIT_MA,229609.6,65205448.00000001,132.0757306604865,133.0058939096267,111,169,2026-01-21
proxy,041960.KQ,2025-12-09,7190.0,20.696448177568318,2025-12-10,7250.0,1.0,10541.0,True,6525.0,14.5,7264.5,2026-01-22,6980.0,EXIT_MA,13.96,-298.46000000000004,-4.108472709752908,-3.724137931034488,28,43,2026-01-21
proxy,032820.KQ,2026-01-21,8540.0,202.0567004288937,2026-01-22,9300.0,10409.0,10409.0,False,8370.0,193607.4,96997307.4,2026-01-22,8370.0,STOP,174246.66,-10048224.060000002,-10.35928143712575,-9.999999999999998,1,0,
proxy,160190.KQ,2026-01-21,72900.0,107.12195912803217,2026-01-22,78000.0,225.0,1219.0,True,70200.0,35100.0,17585100.0,2026-01-22,70200.0,STOP,31590.0,-1821690.0,-10.359281437125748,-9.999999999999998,1,0,
proxy,437730.KQ,2025-12-22,56600.0,327.52909663155043,2025-12-23,55200.0,1377.0,1377.0,False,49680.0,152020.80000000002,76162420.8,2026-02-09,57900.0,EXIT_MA,159456.6,3406422.600000009,4.47257658595853,4.891304347826098,31,48,2026-02-06
proxy,038500.KQ,2026-02-06,19650.0,495.2214043396459,2026-02-09,20300.0,3911.0,4988.0,True,18270.0,158786.6,79552086.6,2026-02-09,18270.0,STOP,142907.94,-8241024.539999992,-10.35928143712574,-9.999999999999998,1,0,
proxy,041960.KQ,2026-02-13,9550.0,41.06622338677416,2026-02-19,9550.0,1.0,10393.0,True,8595.0,19.1,9569.1,2026-02-20,8595.0,STOP,17.19,-991.2900000000009,-10.359281437125757,-9.999999999999998,2,1,
proxy,445680.KQ,2025-09-25,66700.0,169.35599312224662,2025-09-26,64300.0,916.0,916.0,False,57870.0,117797.6,59016597.6,2026-02-24,110300.0,EXIT_MA,202069.6,41816132.800000004,70.85486880050165,71.53965785381027,96,151,2026-02-23
proxy,032820.KQ,2026-02-23,16930.0,488.41557816562073,2026-02-24,17300.0,5816.0,5997.0,True,15570.0,201233.6,100818033.6,2026-03-03,15570.0,STOP,181110.24,-10444023.839999989,-10.359281437125738,-9.999999999999998,5,7,
proxy,036540.KQ,2026-02-26,8340.0,89.09976568416437,2026-02-27,7880.0,1.0,13381.0,True,7092.0,15.76,7895.76,2026-03-03,7092.0,STOP,14.184000000000001,-817.9440000000004,-10.359281437125754,-9.999999999999998,2,4,
proxy,466100.KQ,2025-12-10,51900.0,232.30110752795633,2025-12-11,52000.0,2.0,1492.0,True,46800.0,208.0,104208.0,2026-03-04,58900.0,EXIT_MA,235.6,13356.399999999994,12.817058191309682,13.269230769230766,52,83,2026-03-03
proxy,036810.KQ,2026-01-22,38800.0,50.84517185391555,2026-01-23,37400.0,2290.0,2290.0,False,33660.0,171292.0,85817292.0,2026-03-04,33660.0,STOP,154162.80000000002,-8890054.799999997,-10.359281437125745,-9.999999999999998,25,40,
proxy,010170.KQ,2026-02-20,4110.0,229.0475239890676,2026-02-23,4140.0,2.0,25115.0,True,3726.0,16.56,8296.56,2026-03-04,3726.0,STOP,14.904,-859.4639999999999,-10.359281437125748,-9.999999999999998,7,9,
proxy,043260.KQ,2026-03-03,28350.0,1895.0751992293312,2026-03-04,28350.0,3186.0,3778.0,True,25515.0,180646.2,90503746.2,2026-03-04,25515.0,STOP,162581.58000000002,-9375537.780000001,-10.359281437125748,-9.999999999999998,1,0,
proxy,006730.KQ,2025-11-18,10790.0,40.22240224553383,2025-11-19,10800.0,6465.0,6862.0,True,9720.0,139644.0,69961644.0,2026-03-05,14020.0,EXIT_MA,181278.6,20496377.400000006,29.29659200118283,29.814814814814806,69,106,2026-03-04
proxy,058610.KQ,2025-11-20,42500.0,50.42583095690807,2025-11-21,40950.0,1113.0,1776.0,True,36855.0,91154.7,45668504.7,2026-03-05,120500.0,EXIT_MA,268233.0,88179762.3,193.08659847582,194.26129426129427,67,104,2026-03-04
proxy,319400.KQ,2025-12-12,11290.0,128.73316729308914,2025-12-15,11180.0,1.0,6922.0,True,10062.0,22.36,11202.36,2026-03-05,30350.0,EXIT_MA,60.7,19086.94,170.38320496752468,171.46690518783544,51,80,2026-03-04
proxy,090710.KQ,2026-01-13,9380.0,275.3663986213202,2026-01-14,9560.0,7951.0,8508.0,True,8604.0,152023.12,76163583.12,2026-03-05,12000.0,EXIT_MA,190824.0,19057592.879999995,25.02192268183298,25.52301255230125,32,50,2026-03-04
proxy,036930.KQ,2026-03-05,66800.0,91.20931097248044,2026-03-06,67000.0,1596.0,1596.0,False,60300.0,213864.0,107145864.0,2026-03-09,60300.0,STOP,192477.6,-11099541.599999994,-10.359281437125743,-9.999999999999998,2,3,
proxy,064760.KQ,2026-03-05,245000.0,88.57776386552251,2026-03-06,250000.0,435.0,435.0,False,225000.0,217500.0,108967500.0,2026-03-09,225000.0,STOP,195750.0,-11288250.0,-10.359281437125748,-9.999999999999998,2,3,
proxy,095340.KQ,2026-03-05,202000.0,145.64111746866655,2026-03-06,201000.0,528.0,528.0,False,180900.0,212256.0,106340256.0,2026-03-11,180900.0,STOP,191030.4,-11016086.400000006,-10.359281437125754,-9.999999999999998,4,5,
proxy,263750.KQ,2026-03-09,66100.0,52.091931682960144,2026-03-10,66200.0,1567.0,1567.0,False,59580.0,207470.80000000002,103942870.8,2026-03-12,59580.0,STOP,186723.72,-10767734.519999996,-10.359281437125745,-9.999999999999998,3,2,
proxy,089030.KQ,2026-03-05,66300.0,35.21832240859928,2026-03-06,68200.0,1608.0,1608.0,False,61380.0,219331.2,109884931.2,2026-03-13,61300.0,STOP,197140.80000000002,-11511672.0,-10.476115218243864,-10.117302052785925,6,7,
proxy,295310.KQ,2026-03-11,108800.0,288.95164748451,2026-03-12,104700.0,908.0,972.0,True,94230.0,190135.2,95257735.2,2026-03-19,94230.0,STOP,171121.68,-9868016.88000001,-10.359281437125759,-9.999999999999998,6,7,
proxy,003380.KQ,2026-03-20,17700.0,66.33298609759852,2026-03-23,17000.0,1.0,6113.0,True,15300.0,34.0,17034.0,2026-03-23,15300.0,STOP,30.6,-1764.6000000000004,-10.35928143712575,-9.999999999999998,1,0,
proxy,950160.KQ,2025-11-12,51200.0,58.05004228912453,2025-11-13,52000.0,1102.0,1371.0,True,46800.0,114608.0,57418608.0,2026-03-24,95400.0,EXIT_MA,210261.6,47501930.400000006,82.72915707047444,83.46153846153845,86,131,2026-03-23
proxy,099320.KQ,2026-01-20,134800.0,154.82036289381713,2026-01-21,128600.0,425.0,635.0,True,115740.0,109310.0,54764310.0,2026-03-24,174000.0,EXIT_MA,147900.0,19037790.0,34.763133142734745,35.30326594090203,40,62,2026-03-23
proxy,086520.KQ,2026-01-22,105000.0,46.98463516916417,2026-01-23,109700.0,154.0,846.0,True,98730.0,33787.6,16927587.6,2026-03-24,148200.0,EXIT_MA,45645.6,5849566.799999997,34.556411334122984,35.09571558796718,38,60,2026-03-23
proxy,124500.KQ,2025-12-22,28500.0,155.49705754107984,2025-12-23,28700.0,1812.0,2736.0,True,25830.0,104008.8,52108408.8,2026-03-27,45500.0,EXIT_MA,164892.0,30172699.200000003,57.90370478555086,58.53658536585367,61,94,2026-03-26
proxy,356860.KQ,2026-03-19,36424.22266,138.43204409834615,2026-03-20,36059.06641,2363.0,2909.0,True,32453.159769,170415.14785366,85377989.07468365,2026-03-27,32453.159769,STOP,153373.63306829403,-8844546.173604935,-10.359281437125729,-9.999999999999998,6,7,
proxy,033790.KQ,2026-03-26,7120.0,5.069086965949654,2026-03-27,7600.0,15340.0,15340.0,False,6840.0,233168.0,116817168.0,2026-03-27,6840.0,STOP,209851.2,-12101419.200000003,-10.359281437125752,-9.999999999999998,1,0,
proxy,126340.KQ,2025-12-02,63009.70703,89.7043310136537,2025-12-03,65145.63281,781.0,1243.0,True,58631.069529,101757.47844922,50980496.70305922,2026-03-31,105700.0,EXIT_MA,165103.4,31406099.896940775,61.60414654229167,62.25185855248121,77,118,2026-03-30
proxy,950160.KQ,2026-03-26,119800.0,85.6567094678747,2026-03-27,122100.0,911.0,911.0,False,109890.0,222466.2,111455566.2,2026-03-31,109890.0,STOP,200219.58000000002,-11545995.780000001,-10.359281437125748,-9.999999999999998,3,4,
proxy,064290.KQ,2026-03-27,19070.0,19.79091184536558,2026-03-30,18500.0,5571.0,5571.0,False,16650.0,206127.0,103269627.0,2026-03-31,16650.0,STOP,185514.30000000002,-10697991.299999997,-10.359281437125746,-9.999999999999998,2,1,
proxy,440110.KQ,2026-02-09,49100.0,182.1194121249357,2026-02-10,49100.0,1449.0,2084.0,True,44190.0,142291.80000000002,71288191.8,2026-04-01,48550.0,EXIT_MA,140697.9,-1079939.700000003,-1.5148928212820836,-1.1201629327902252,32,50,2026-03-31
proxy,115180.KQ,2026-03-06,41200.0,198.89151739476893,2026-03-09,39400.0,1147.0,2670.0,True,35460.0,90383.6,45282183.6,2026-04-01,39650.0,EXIT_MA,90957.1,105409.29999999702,0.23278316463519003,0.6345177664974555,17,23,2026-03-31
proxy,218410.KQ,2026-04-01,94400.0,238.92271228765085,2026-04-02,97900.0,1053.0,1053.0,False,88110.0,206177.4,103294877.4,2026-04-02,88110.0,STOP,185559.66,-10700607.060000002,-10.35928143712575,-9.999999999999998,1,0,
proxy,000250.KQ,2026-01-16,279000.0,32.460046781826016,2026-01-19,277500.0,288.0,288.0,False,249750.0,159840.0,80079840.0,2026-04-03,640000.0,EXIT_MA,368640.0,103871520.0,129.7099494704285,130.63063063063063,50,74,2026-04-02
proxy,263750.KQ,2026-04-01,71900.0,66.38735875317687,2026-04-02,72200.0,1383.0,1383.0,False,64980.0,199705.2,100052305.2,2026-04-03,64980.0,STOP,179734.68,-10364699.88000001,-10.359281437125759,-9.999999999999998,2,1,
proxy,032820.KQ,2026-03-10,20650.0,550.1930638225967,2026-03-11,21600.0,4148.0,5155.0,True,19440.0,179193.6,89775993.6,2026-04-07,19440.0,STOP,161274.24,-9300147.839999989,-10.359281437125736,-9.999999999999998,20,27,
proxy,033790.KQ,2026-04-03,10240.0,78.87976857818899,2026-04-06,10350.0,9460.0,9460.0,False,9315.0,195822.0,98106822.0,2026-04-07,9315.0,STOP,176239.80000000002,-10163161.799999997,-10.359281437125746,-9.999999999999998,2,1,
proxy,095340.KQ,2026-04-09,271000.0,212.60120764668048,2026-04-10,276000.0,364.0,364.0,False,248400.0,200928.0,100664928.0,2026-04-10,248400.0,STOP,180835.2,-10428163.200000003,-10.359281437125752,-9.999999999999998,1,0,
proxy,101490.KQ,2026-04-09,102100.0,96.38867288156521,2026-04-10,101100.0,966.0,966.0,False,90990.0,195325.2,97857925.2,2026-05-07,90990.0,STOP,175792.68,-10137377.88000001,-10.359281437125759,-9.999999999999998,18,27,
proxy,023160.KQ,2026-04-03,41350.0,58.03822797695112,2026-04-06,42050.0,2342.0,2342.0,False,37845.0,196962.2,98678062.2,2026-05-11,37845.0,STOP,177265.98,-10222338.180000007,-10.359281437125755,-9.999999999999998,24,35,
proxy,108490.KQ,2026-05-11,377500.0,245.62978527706164,2026-05-12,378500.0,233.0,350.0,True,340650.0,176381.0,88366881.0,2026-05-12,340650.0,STOP,158742.9,-9154173.900000006,-10.359281437125755,-9.999999999999998,1,0,
proxy,086450.KQ,2026-03-30,23050.0,0.013866833360742792,2026-03-31,23700.0,4542.0,4542.0,False,21330.0,215290.80000000002,107860690.8,2026-05-13,23250.0,EXIT_MA,211203.0,-2470393.799999997,-2.2903559968670226,-1.898734177215189,29,43,2026-05-12
proxy,240810.KQ,2026-05-07,132900.0,171.34308952551032,2026-05-08,131500.0,665.0,929.0,True,118350.0,174895.0,87622395.0,2026-05-15,118350.0,STOP,157405.5,-9077050.5,-10.359281437125748,-9.999999999999998,6,7,
proxy,218410.KQ,2026-05-12,112500.0,262.6893461044851,2026-05-13,108100.0,480.0,1138.0,True,97290.0,103776.0,51991776.0,2026-05-15,97290.0,STOP,93398.40000000001,-5385974.3999999985,-10.359281437125746,-9.999999999999998,3,2,
proxy,319400.KQ,2026-05-12,42500.0,373.74376026272296,2026-05-13,43950.0,3012.0,3012.0,False,39555.0,264754.8,132642154.8,2026-05-18,39550.0,STOP,238249.2,-13755804.0,-10.37061258597708,-10.011376564277585,4,5,
proxy,067310.KQ,2026-05-15,52900.0,154.65049296171088,2026-05-18,51500.0,56.0,2249.0,True,46350.0,5768.0,2889768.0,2026-05-19,46350.0,STOP,5191.2,-299359.2000000002,-10.359281437125754,-9.999999999999998,2,1,
proxy,036540.KQ,2026-05-26,11010.0,121.04456069931895,2026-05-27,11300.0,4.0,13063.0,True,10170.0,90.4,45290.4,2026-05-27,10170.0,STOP,81.36,-4691.760000000002,-10.359281437125754,-9.999999999999998,1,0,
proxy,327260.KQ,2026-01-23,13862.9541,241.57874227830501,2026-01-26,13911.42676,1.0,6205.0,True,12520.284084,27.822853520000002,13939.24961352,2026-05-28,43000.0,EXIT_MA,86.0,28974.750386480002,207.8644919191111,209.09841773842612,81,122,2026-05-27
proxy,131290.KQ,2026-05-18,223000.0,287.52445212771676,2026-05-19,225000.0,527.0,528.0,True,202500.0,237150.0,118812150.0,2026-05-28,202500.0,STOP,213435.0,-12308085.0,-10.359281437125748,-9.999999999999998,7,9,
proxy,039030.KQ,2026-05-21,549000.0,114.07302434199997,2026-05-22,548000.0,4.0,233.0,True,493200.0,4384.0,2196384.0,2026-05-28,493200.0,STOP,3945.6,-227529.6000000001,-10.359281437125754,-9.999999999999998,4,6,
proxy,036930.KQ,2026-05-22,224000.0,480.59472597742155,2026-05-26,229000.0,2.0,608.0,True,206100.0,916.0,458916.0,2026-05-28,206100.0,STOP,824.4,-47540.40000000002,-10.359281437125754,-9.999999999999998,3,2,
proxy,031980.KQ,2026-01-16,58000.0,17.905363226550403,2026-01-19,57100.0,1389.0,1389.0,False,51390.0,158623.80000000002,79470523.8,2026-05-29,113500.0,EXIT_MA,315303.0,77865673.2,97.98057125678591,98.77408056042032,87,130,2026-05-28
proxy,100790.KQ,2025-12-08,10390.0,69.29024431414963,2025-12-09,10270.0,5.0,7284.0,True,9243.0,102.7,51452.7,2026-06-02,41050.0,EXIT_MA,410.5,153386.8,298.1122467819959,299.7078870496592,115,175,2026-06-01
proxy,108490.KQ,2026-06-01,402500.0,213.2710077193229,2026-06-02,433000.0,308.0,308.0,False,389700.0,266728.0,133630728.0,2026-06-02,389700.0,STOP,240055.2,-13843183.200000003,-10.35928143712575,-9.999999999999998,1,0,
proxy,082920.KQ,2026-03-13,26100.0,33.573248177686985,2026-03-16,27400.0,3583.0,4089.0,True,24660.0,196348.4,98370548.4,2026-06-08,47500.0,EXIT_MA,340385.0,71481566.6,72.66561766976994,73.35766423357664,56,84,2026-06-05
proxy,043260.KQ,2026-06-04,51400.0,2317.781810933338,2026-06-05,49500.0,2485.0,2485.0,False,44550.0,246015.0,123253515.0,2026-06-08,43900.0,STOP,218183.0,-14380198.0,-11.667170709086877,-11.313131313131308,2,3,
proxy,036930.KQ,2026-06-04,250500.0,580.5453147234582,2026-06-05,228500.0,510.0,510.0,False,205650.0,233070.0,116768070.0,2026-06-08,180200.0,STOP,183804.0,-25049874.0,-21.452674519669632,-21.137855579868713,2,3,
proxy,010170.KQ,2026-03-12,7670.0,539.0392641091079,2026-03-13,7210.0,12907.0,13917.0,True,6489.0,186118.94,93245588.94,2026-06-09,18060.0,EXIT_MA,466200.84,139388630.22,149.48549502935876,150.4854368932039,58,88,2026-06-08
proxy,031980.KQ,2026-06-12,152300.0,200.54707106614583,2026-06-15,150000.0,861.0,861.0,False,135000.0,258300.0,129408300.0,2026-06-15,135000.0,STOP,232470.0,-13405770.0,-10.359281437125748,-9.999999999999998,1,0,
proxy,252990.KQ,2026-06-12,16320.0,136.26906080470587,2026-06-15,16350.0,5860.0,8041.0,True,14715.0,191622.0,96002622.0,2026-06-16,14715.0,STOP,172459.80000000002,-9945181.799999997,-10.359281437125746,-9.999999999999998,2,1,
proxy,131290.KQ,2026-06-11,260000.0,353.6672960076256,2026-06-12,274000.0,501.0,501.0,False,246600.0,274548.0,137548548.0,2026-06-17,246600.0,STOP,247093.2,-14249041.200000003,-10.35928143712575,-9.999999999999998,4,5,
proxy,084370.KQ,2026-06-11,178300.0,176.0321855691335,2026-06-12,187200.0,731.0,731.0,False,168480.0,273686.4,137116886.4,2026-06-19,168480.0,STOP,246317.76,-14204324.160000011,-10.359281437125755,-9.999999999999998,6,7,
proxy,033640.KQ,2026-04-07,21950.0,52.68836645341894,2026-04-08,22850.0,4293.0,4293.0,False,20565.0,196190.1,98291240.1,2026-06-24,31750.0,EXIT_MA,272605.5,37738904.400000006,38.394982463956126,38.94967177242887,51,77,2026-06-23
proxy,440110.KQ,2026-05-08,92400.0,444.24796330804764,2026-05-11,94700.0,1.0,1343.0,True,85230.0,189.4,94889.4,2026-06-24,90600.0,EXIT_MA,181.20000000000002,-4470.599999999991,-4.711379774769354,-4.329461457233363,30,44,2026-06-23
proxy,031330.KQ,2025-12-30,4150.0,18.36260641124401,2026-01-02,4150.0,1.0,19837.0,True,3735.0,8.3,4158.3,2026-06-29,11890.0,EXIT_MA,23.78,7707.919999999999,185.36228747324625,186.50602409638552,118,178,2026-06-26
proxy,031980.KQ,2026-06-30,160000.0,212.84603021766597,2026-07-01,161600.0,836.0,836.0,False,145440.0,270195.2,135367795.2,2026-07-02,145440.0,STOP,243175.68,-14023130.879999995,-10.359281437125746,-9.999999999999998,2,1,
proxy,183300.KQ,2026-04-10,26820.0,33.67793876847922,2026-04-13,26220.0,3436.0,3890.0,True,23598.0,180183.84,90272103.84,2026-07-03,31600.0,EXIT_MA,217155.2,18088340.959999993,20.037575497365292,20.51868802440884,55,81,2026-07-02
proxy,084370.KQ,2026-07-01,206500.0,210.15095530578444,2026-07-02,189300.0,664.0,664.0,False,170370.0,251390.4,125946590.4,2026-07-03,170370.0,STOP,226251.36000000002,-13047161.760000005,-10.359281437125752,-9.999999999999998,2,1,
proxy,222800.KQ,2026-04-08,68000.0,78.06583249828564,2026-04-09,66100.0,1449.0,1449.0,False,59490.0,191557.80000000002,95970457.8,2026-07-08,105300.0,EXIT_MA,305159.4,56304082.8,58.6681402701405,59.30408472012103,60,90,2026-07-07
proxy,080220.KQ,2026-05-15,82300.0,271.4069757280322,2026-05-18,84400.0,1446.0,1446.0,False,75960.0,244084.80000000002,122286484.8,2026-07-08,79000.0,EXIT_MA,228468.0,-8280952.799999997,-6.771764527816402,-6.398104265402848,35,51,2026-07-07
proxy,095610.KQ,2026-04-09,74700.0,80.46266070106469,2026-04-10,78500.0,736.0,1320.0,True,70650.0,115552.0,57891552.0,2026-07-09,140800.0,EXIT_MA,207257.6,45529990.400000006,78.64703713591925,79.36305732484077,60,90,2026-07-08
proxy,041830.KQ,2026-06-29,52600.0,86.25953869272459,2026-06-30,52700.0,2345.0,2345.0,False,47430.0,247163.0,123828663.0,2026-07-13,47430.0,STOP,222446.7,-12827759.700000003,-10.35928143712575,-9.999999999999998,10,13,
proxy,064290.KQ,2026-04-01,20950.0,38.03657519995428,2026-04-02,21000.0,4748.0,4748.0,False,18900.0,199416.0,99907416.0,2026-07-20,37000.0,EXIT_MA,351352.0,75417232.0,75.48712099610303,76.19047619047619,72,109,2026-07-16
proxy,420770.KQ,2026-01-14,41800.0,19.619200658044036,2026-01-15,41000.0,676.0,1853.0,True,36900.0,55432.0,27771432.0,2026-07-22,149000.0,EXIT_MA,201448.0,72751120.0,261.9638771238012,263.4146341463415,125,188,2026-07-21
proxy,089970.KQ,2026-02-10,31800.0,105.39556750863528,2026-02-11,31400.0,1.0,3155.0,True,28260.0,62.800000000000004,31462.8,2026-07-23,82600.0,EXIT_MA,165.20000000000002,50972.0,162.00719579948384,163.05732484076435,107,162,2026-07-22
proxy,252990.KQ,2026-07-15,15690.0,133.76827387500262,2026-07-16,15000.0,7322.0,7322.0,False,13500.0,219660.0,110049660.0,2026-07-24,13500.0,STOP,197694.0,-11400354.0,-10.359281437125748,-9.999999999999998,6,8,
proxy,319660.KQ,2026-06-05,126500.0,325.809364523296,2026-06-08,120600.0,957.0,957.0,False,108540.0,230828.4,115645028.4,2026-07-27,145600.0,EXIT_MA,278678.4,23415493.199999988,20.24773007881417,20.72968490878939,34,49,2026-07-24
proxy,093320.KQ,2026-07-23,148400.0,59.18150220167128,2026-07-24,146000.0,728.0,728.0,False,131400.0,212576.0,106500576.0,2026-07-28,131400.0,STOP,191318.4,-11032694.400000006,-10.359281437125754,-9.999999999999998,3,4,
proxy,093320.KQ,2026-08-11,163000.0,68.28653922301335,2026-08-12,161200.0,654.0,654.0,False,145080.0,210849.6,105635649.6,2026-08-13,145080.0,STOP,189764.64,-10943094.239999995,-10.359281437125745,-9.999999999999998,2,1,
proxy,222800.KQ,2026-08-27,126900.0,147.27935860410412,2026-08-28,126900.0,833.0,833.0,False,114210.0,211415.4,105919115.4,2026-09-04,114210.0,STOP,190273.86000000002,-10972459.260000005,-10.359281437125754,-9.999999999999998,6,7,
proxy,131290.KQ,2026-09-10,306500.0,285.61149998916676,2026-09-11,291000.0,347.0,347.0,False,261900.0,201954.0,101178954.0,2026-09-11,261900.0,STOP,181758.6,-10481412.599999994,-10.359281437125743,-9.999999999999998,1,0,
proxy,036930.KQ,2026-09-10,221000.0,323.9779246566548,2026-09-11,213000.0,481.0,481.0,False,191700.0,204906.0,102657906.0,2026-09-16,191700.0,STOP,184415.4,-10634621.400000006,-10.359281437125754,-9.999999999999998,4,5,
proxy,036930.KQ,2026-10-06,278500.0,425.24782500066414,2026-10-07,276500.0,411.0,411.0,False,248850.0,227283.0,113868783.0,2026-10-07,248850.0,STOP,204554.7,-11795987.700000003,-10.359281437125752,-9.999999999999998,1,0,
percentile,043260.KQ,2016-10-07,1485.0,91.86046511627907,2016-10-10,1495.0,5050.0,5050.0,False,1345.5,15099.5,7564849.5,2016-10-12,1345.5,STOP,13589.550000000001,-783664.0499999998,-10.359281437125746,-9.999999999999998,3,2,
percentile,137400.KQ,2016-10-12,6675.0,80.45977011494253,2016-10-13,6700.0,1114.0,1114.0,False,6030.0,14927.6,7478727.6,2016-10-26,6030.0,STOP,13434.84,-774742.4399999995,-10.359281437125741,-9.999999999999998,10,13,
percentile,044490.KQ,2016-10-27,28600.0,96.55172413793103,2016-10-28,28650.0,258.0,258.0,False,25785.0,14783.4,7406483.4,2016-11-03,25785.0,STOP,13305.06,-767258.46,-10.359281437125748,-9.999999999999998,5,6,
percentile,131970.KQ,2016-10-14,5850.0,88.50574712643679,2016-10-17,5850.0,1271.0,1271.0,False,5265.0,14870.7,7450220.7,2016-11-09,5265.0,STOP,13383.630000000001,-771789.3300000001,-10.359281437125748,-9.999999999999998,18,23,
percentile,044490.KQ,2016-11-07,30350.0,98.85057471264368,2016-11-08,30550.0,242.0,242.0,False,27495.0,14786.2,7407886.2,2016-11-09,27495.0,STOP,13307.58,-767403.7800000003,-10.359281437125752,-9.999999999999998,2,1,
percentile,090710.KQ,2016-11-11,1356.0,94.25287356321839,2016-11-14,1356.0,5348.0,5348.0,False,1220.4,14503.776,7266391.776,2016-11-24,1238.0,EXIT_MA,13241.648000000001,-658809.4239999996,-9.066527711538571,-8.702064896755157,8,10,2016-11-23
percentile,319660.KQ,2016-12-15,14146.64648,84.0909090909091,2016-12-16,14042.62695,521.0,521.0,False,12638.364255,14632.4172819,7330841.0582318995,2016-12-20,13522.5293,EXIT_MA,14090.4755306,-299693.7684624996,-4.088122578049479,-3.703706235676929,2,4,2016-12-19
percentile,064290.KQ,2016-12-15,4205.0,79.54545454545455,2016-12-16,4205.0,1754.0,1754.0,False,3784.5,14751.14,7390321.14,2016-12-20,4080.0,EXIT_MA,14312.64,-248313.77999999933,-3.359986329362669,-2.9726516052318686,2,4,2016-12-19
percentile,102710.KQ,2016-12-22,23500.0,82.95454545454545,2016-12-23,23550.0,313.0,313.0,False,21195.0,14742.300000000001,7385892.3,2016-12-29,22250.0,EXIT_MA,13928.5,-435570.7999999998,-5.897334841993294,-5.520169851380041,4,6,2016-12-28
percentile,092870.KQ,2017-01-04,11386.13867,87.91208791208791,2017-01-05,11287.12891,645.0,645.0,False,10158.416019,14560.3962939,7294758.5432439,2017-01-10,10158.416019,STOP,13104.35666451,-755684.5676534101,-10.35928143712575,-9.999999999999998,4,5,
percentile,036930.KQ,2016-12-20,10400.0,80.68181818181817,2016-12-21,10600.0,707.0,707.0,False,9540.0,14988.4,7509188.4,2017-01-17,9750.0,EXIT_MA,13786.5,-629724.9000000004,-8.386058072534182,-8.018867924528305,18,27,2017-01-16
percentile,131970.KQ,2017-01-02,7575.0,95.50561797752809,2017-01-03,7575.0,978.0,978.0,False,6817.5,14816.7,7423166.7,2017-01-17,6817.5,STOP,13335.03,-768986.7300000004,-10.359281437125754,-9.999999999999998,11,14,
percentile,090710.KQ,2016-12-02,1408.0,95.45454545454545,2016-12-05,1440.0,5154.0,5154.0,False,1296.0,14843.52,7436603.52,2017-02-01,1572.0,EXIT_MA,16204.176,649280.3040000005,8.730871590153034,9.166666666666657,39,58,2017-01-31
percentile,222800.KQ,2016-11-04,9109.308594,90.80459770114942,2016-11-07,9147.623047,802.0,802.0,False,8232.8607423,14672.787367387999,7351066.471061387,2017-02-03,11015.46289,EXIT_MA,17668.80247556,1465665.9642430535,19.9381405407348,20.418854530878015,61,88,2017-02-02
percentile,095610.KQ,2016-12-13,23700.0,100.0,2016-12-14,23950.0,308.0,308.0,False,21555.0,14753.2,7391353.2,2017-02-03,23700.0,EXIT_MA,14599.2,-106352.40000000037,-1.4388759016413986,-1.043841336116913,34,51,2017-02-02
percentile,319660.KQ,2016-12-23,14302.67578,85.22727272727273,2016-12-26,14406.69531,512.0,512.0,False,12966.025779,14752.45599744,7390980.45471744,2017-02-07,13782.57812,EXIT_MA,14113.35999488,-348413.81727231946,-4.714040571571766,-4.332132918552012,28,43,2017-02-06
percentile,056190.KQ,2017-01-23,36000.0,86.81318681318682,2017-01-24,35700.0,201.0,201.0,False,32130.0,14351.4,7190051.4,2017-02-14,32500.0,EXIT_MA,13065.0,-670616.4000000004,-9.327004254795735,-8.963585434173671,13,21,2017-02-13
percentile,082920.KQ,2017-01-03,5208.333496,87.64044943820225,2017-01-04,5265.151367,1419.0,1419.0,False,4738.6362303000005,14942.499579546002,7486192.289352546,2017-02-21,5132.575684,EXIT_MA,14566.249791192002,-217633.64354773797,-2.9071340293686245,-2.5179842659592833,32,48,2017-02-20
percentile,036930.KQ,2017-01-25,11100.0,80.21978021978022,2017-01-26,11150.0,662.0,662.0,False,10035.0,14762.6,7396062.6,2017-02-24,10450.0,EXIT_MA,13835.800000000001,-491998.39999999944,-6.6521665189799695,-6.278026905829592,19,29,2017-02-23
percentile,068760.KQ,2017-03-06,17386.69531,76.92307692307693,2017-03-07,17574.86328,422.0,422.0,False,15817.376952000002,14833.184608320002,7431425.4887683205,2017-03-09,16935.09375,EXIT_MA,14293.219125,-299109.14539332036,-4.02492288788183,-3.6402532401378696,2,2,2017-03-08
percentile,033640.KQ,2017-01-23,9420.0,91.20879120879121,2017-01-24,9820.0,771.0,771.0,False,8838.0,15142.44,7586362.44,2017-03-21,9670.0,EXIT_MA,14911.14,-145703.58000000007,-1.9205987210914228,-1.527494908350302,37,56,2017-03-20
percentile,083650.KQ,2017-01-16,4190.0,93.4065934065934,2017-01-17,4215.0,1737.0,1737.0,False,3793.5,14642.91,7336097.91,2017-03-24,5900.0,EXIT_MA,20496.600000000002,2891705.49,39.41748768181312,39.976275207591925,45,66,2017-03-23
percentile,126340.KQ,2017-03-31,4716.371094,84.78260869565217,2017-04-03,4008.915527,1663.0,1663.0,False,3608.0239743,13333.653042802001,6680160.174443802,2017-04-06,4031.736572,EXIT_MA,13409.555838471999,11208.188953725621,0.1677832366446038,0.5692573177533911,3,3,2017-04-05
percentile,119850.KQ,2017-03-03,4715.0,87.91208791208791,2017-03-06,4775.0,1547.0,1547.0,False,4297.5,14773.85,7401698.85,2017-04-10,4695.0,EXIT_MA,14526.33,-153060.1799999997,-2.0679060726714074,-1.675392670157072,25,35,2017-04-07
percentile,083650.KQ,2017-04-14,6580.0,100.0,2017-04-17,6680.0,1151.0,1151.0,False,6012.0,15377.36,7704057.36,2017-04-20,6120.0,EXIT_MA,14088.24,-674025.6000000006,-8.748969127613044,-8.383233532934131,3,3,2017-04-19
percentile,033640.KQ,2017-03-30,10900.0,96.73913043478261,2017-03-31,10850.0,714.0,714.0,False,9765.0,15493.800000000001,7762393.8,2017-04-24,10050.0,EXIT_MA,14351.4,-601045.2000000002,-7.743039267087946,-7.3732718894009235,16,24,2017-04-21
percentile,053800.KQ,2017-03-15,71800.0,79.34782608695652,2017-03-16,73300.0,101.0,101.0,False,65970.0,14806.6,7418106.6,2017-04-25,84200.0,EXIT_MA,17008.4,1069085.0,14.411831180749008,14.870395634379264,28,40,2017-04-24
percentile,000250.KQ,2017-02-07,13400.0,94.5054945054945,2017-02-08,13450.0,536.0,536.0,False,12105.0,14418.4,7223618.4,2017-04-27,14400.0,EXIT_MA,15436.800000000001,479344.7999999998,6.635799033902452,7.063197026022294,55,78,2017-04-26
percentile,232140.KQ,2017-04-19,3495.0,95.65217391304348,2017-04-20,3475.0,2019.0,2248.0,True,3127.5,14032.050000000001,7030057.05,2017-05-17,3127.5,STOP,12628.845000000001,-728263.3949999996,-10.359281437125741,-9.999999999999998,16,27,
percentile,035900.KQ,2017-05-15,7600.0,93.54838709677419,2017-05-16,7500.0,1029.0,1105.0,True,6750.0,15435.0,7732935.0,2017-05-18,6750.0,STOP,13891.5,-801076.5,-10.359281437125748,-9.999999999999998,3,2,
percentile,036810.KQ,2017-03-09,4568.179688,78.26086956521739,2017-03-10,4563.27832,1611.0,1611.0,False,4106.950488,14702.882747040003,7366144.256267041,2017-05-23,4813.253418,EXIT_MA,15508.302512796003,372498.6976181641,5.05690201900738,5.477971766578538,48,74,2017-05-22
percentile,078600.KQ,2017-05-30,5880.0,89.24731182795699,2017-05-31,5910.0,1.0,1384.0,True,5319.0,11.82,5921.82,2017-06-05,5319.0,STOP,10.638,-613.4579999999996,-10.359281437125743,-9.999999999999998,4,5,
percentile,044490.KQ,2017-04-25,26650.0,73.91304347826086,2017-04-26,26900.0,287.0,287.0,False,24210.0,15440.6,7735740.6,2017-06-13,26800.0,EXIT_MA,15383.2,-59523.799999999814,-0.769464787896324,-0.371747211895912,29,48,2017-06-12
percentile,082920.KQ,2017-04-03,5606.060547,82.6086956521739,2017-04-04,5625.0,1431.0,1431.0,False,5062.5,16098.75,8065473.75,2017-06-14,5492.424316,EXIT_MA,15719.318392391999,-221533.8721963931,-2.7466938590729786,-2.356901048888893,46,71,2017-06-13
percentile,031330.KQ,2017-05-04,2355.0,80.43478260869566,2017-05-08,2375.0,3310.0,3310.0,False,2137.5,15722.5,7876972.5,2017-06-14,2225.0,EXIT_MA,14729.5,-526952.0,-6.68977833806072,-6.315789473684208,25,37,2017-06-13
percentile,083650.KQ,2017-05-23,6850.0,96.7741935483871,2017-05-24,6860.0,1218.0,1218.0,False,6174.0,16710.96,8372190.96,2017-06-15,6174.0,STOP,15039.864,-867298.824,-10.359281437125748,-9.999999999999998,16,22,
percentile,090710.KQ,2017-03-28,1725.0,97.82608695652173,2017-03-29,1760.0,4398.0,4398.0,False,1584.0,15480.960000000001,7755960.96,2017-06-16,2660.0,EXIT_MA,23397.36,3919321.6800000006,50.533024859372176,51.13636363636365,52,79,2017-06-15
percentile,053610.KQ,2017-03-17,12144.25488,90.21739130434783,2017-03-20,12190.96387,599.0,599.0,False,10971.867483,14604.774716259999,7316992.1328462595,2017-06-22,14573.10645,EXIT_MA,17458.5815271,1394840.0491766399,19.06302513180449,19.54023164535881,63,94,2017-06-21
percentile,074600.KQ,2017-06-16,12950.0,89.24731182795699,2017-06-19,12950.0,617.0,617.0,False,11655.0,15980.300000000001,8006130.3,2017-06-30,11655.0,STOP,14382.27,-829377.5699999994,-10.359281437125741,-9.999999999999998,10,11,
percentile,056190.KQ,2017-03-29,35400.0,82.6086956521739,2017-03-30,36350.0,217.0,217.0,False,32715.0,15775.9,7903725.9,2017-07-04,39300.0,EXIT_MA,17056.2,607317.9000000004,7.68394435338402,8.115543328748288,63,96,2017-07-03
percentile,095610.KQ,2017-04-17,25450.0,91.30434782608695,2017-04-18,25850.0,124.0,307.0,True,23265.0,6410.8,3211810.8,2017-07-04,27300.0,EXIT_MA,6770.400000000001,166618.80000000028,5.187690383256706,5.609284332688591,50,77,2017-07-03
percentile,010170.KQ,2017-06-12,2939.869629,98.9247311827957,2017-06-13,2954.327881,2595.0,2754.0,True,2658.8950929000002,15332.961702390001,7681813.81289739,2017-07-04,2658.8950929000002,STOP,13799.665532151,-795780.7123540407,-10.359281437125745,-9.999999999999998,16,21,
percentile,131970.KQ,2017-04-18,7600.0,90.21739130434783,2017-04-19,7625.0,1.0,1043.0,True,6862.5,15.25,7640.25,2017-07-07,9375.0,EXIT_MA,18.75,1716.0,22.459998036713458,22.95081967213115,52,79,2017-07-06
percentile,131290.KQ,2017-06-26,14200.0,87.09677419354838,2017-06-27,14150.0,196.0,576.0,True,12735.0,5546.8,2778946.8,2017-07-10,12735.0,STOP,4992.12,-287878.9199999999,-10.359281437125746,-9.999999999999998,10,13,
percentile,083650.KQ,2017-06-30,7700.0,96.80851063829788,2017-07-03,7850.0,912.0,1058.0,True,7065.0,14318.4,7173518.4,2017-07-11,7065.0,STOP,12886.56,-743124.96,-10.359281437125748,-9.999999999999998,7,8,
percentile,090360.KQ,2017-04-12,17900.0,95.65217391304348,2017-04-13,17900.0,437.0,437.0,False,16110.0,15644.6,7837944.6,2017-07-13,21800.0,EXIT_MA,19053.2,1669602.2000000011,21.301531016179943,21.7877094972067,60,91,2017-07-12
percentile,035900.KQ,2017-06-16,8220.0,90.32258064516128,2017-06-19,8280.0,972.0,972.0,False,7452.0,16096.32,8064256.32,2017-07-13,7750.0,EXIT_MA,15066.0,-546322.3200000003,-6.774615021165402,-6.400966183574875,18,24,2017-07-12
percentile,032500.KQ,2017-04-03,5969.661621,97.82608695652173,2017-04-04,5969.661621,1344.0,1344.0,False,5372.695458900001,16046.450437248,8039271.669061248,2017-07-17,7492.287598,EXIT_MA,20139.269063424,2010223.5935873268,25.00504618252392,25.506068411712413,69,104,2017-07-14
percentile,058610.KQ,2017-07-11,7290.0,73.40425531914893,2017-07-12,7360.0,1091.0,1091.0,False,6624.0,16059.52,8045819.52,2017-07-17,6624.0,STOP,14453.568000000001,-833489.0879999995,-10.359281437125743,-9.999999999999998,4,5,
percentile,053610.KQ,2017-07-18,16067.7832,84.04255319148936,2017-07-19,16161.20117,508.0,508.0,False,14545.081053,16419.78038872,8226309.97474872,2017-07-28,15180.31836,EXIT_MA,15423.203453760001,-530131.4513224801,-6.444340815623999,-6.0693682337226935,7,9,2017-07-27
percentile,232140.KQ,2017-07-18,3760.0,81.91489361702128,2017-07-19,3800.0,2174.0,2174.0,False,3420.0,16522.4,8277722.4,2017-07-28,3420.0,STOP,14870.16,-857512.5600000005,-10.359281437125754,-9.999999999999998,8,9,
percentile,083450.KQ,2017-05-18,7800.0,82.79569892473118,2017-05-19,7770.0,1057.0,1057.0,False,6993.0,16425.78,8229315.78,2017-08-04,8150.0,EXIT_MA,17229.1,368005.1200000001,4.471879920981719,4.890604890604888,54,77,2017-08-03
percentile,095610.KQ,2017-07-13,31400.0,80.85106382978722,2017-07-14,31650.0,256.0,256.0,False,28485.0,16204.800000000001,8118604.8,2017-08-04,29150.0,EXIT_MA,14924.800000000001,-671129.5999999996,-8.266563240028626,-7.898894154818326,15,21,2017-08-03
percentile,240810.KQ,2017-07-14,32550.0,73.40425531914893,2017-07-17,33100.0,245.0,245.0,False,29790.0,16219.0,8125719.0,2017-08-07,31300.0,EXIT_MA,15337.0,-472556.0,-5.815559213898487,-5.438066465256797,15,21,2017-08-04
percentile,140860.KQ,2017-06-23,22750.0,73.11827956989248,2017-06-26,22750.0,352.0,352.0,False,20475.0,16016.0,8024016.0,2017-08-14,23550.0,EXIT_MA,16579.2,249004.7999999998,3.1032440613278913,3.516483516483526,35,49,2017-08-11
percentile,078600.KQ,2017-06-19,6200.0,90.32258064516128,2017-06-20,6300.0,1287.0,1287.0,False,5670.0,16216.2,8124316.2,2017-08-17,7000.0,EXIT_MA,18018.0,866665.7999999998,10.667553781326234,11.111111111111116,41,58,2017-08-16
percentile,098460.KQ,2017-02-17,9530.0,70.32967032967034,2017-02-20,9560.0,763.0,763.0,False,8604.0,14588.56,7308868.56,2017-08-23,12320.0,EXIT_MA,18800.32,2072491.12,28.355840620015204,28.870292887029294,125,184,2017-08-22
percentile,053610.KQ,2017-08-25,15834.24023,80.85106382978722,2017-08-28,15974.36621,37.0,515.0,True,14376.929589000001,1182.1030995400001,592233.65286954,2017-09-05,15227.02734,EXIT_MA,1126.8000231600001,-29960.441312699928,-5.058888694948876,-4.678363198736257,6,8,2017-09-04
percentile,036930.KQ,2017-06-19,13150.0,77.41935483870968,2017-06-20,13300.0,607.0,607.0,False,11970.0,16146.2,8089246.2,2017-09-06,15150.0,EXIT_MA,18392.100000000002,1088411.7000000002,13.4550447976228,13.909774436090228,55,78,2017-09-05
percentile,007390.KQ,2017-08-03,5635.124512,74.46808510638297,2017-08-04,5691.195312,1406.0,1406.0,False,5122.0757808,16003.641217343999,8017824.249889344,2017-09-08,5476.256836,EXIT_MA,15399.234222831998,-333606.3726961771,-4.1608092457349795,-3.7766842326918293,24,35,2017-09-07
percentile,064760.KQ,2017-07-06,46600.0,79.7872340425532,2017-07-07,46600.0,171.0,171.0,False,41940.0,15937.2,7984537.2,2017-09-20,50500.0,EXIT_MA,17271.0,633691.7999999998,7.936487539941574,8.369098712446355,52,75,2017-09-19
percentile,035760.KQ,2017-08-04,211900.0,71.27659574468085,2017-08-07,212200.0,37.0,37.0,False,190980.0,15702.800000000001,7867102.8,2017-09-20,203000.0,EXIT_MA,15022.0,-371124.7999999998,-4.717426598264355,-4.3355325164938785,31,44,2017-09-19
percentile,010170.KQ,2017-07-19,3484.468262,97.87234042553192,2017-07-20,3551.940674,1469.0,2406.0,True,3196.7466066,10435.601700212,5228236.451806212,2017-09-21,3715.802246,EXIT_MA,10917.026998748,219360.02056904044,4.195679032329489,4.61329698436288,44,63,2017-09-20
percentile,137400.KQ,2017-08-25,9175.0,91.48936170212765,2017-08-28,9075.0,890.0,890.0,False,8167.5,16153.5,8092903.5,2017-09-21,8167.5,STOP,14538.15,-838366.6500000004,-10.359281437125754,-9.999999999999998,19,24,
percentile,059090.KQ,2017-09-12,4155.0,78.72340425531915,2017-09-13,4190.0,232.0,2024.0,True,3771.0,1944.16,974024.16,2017-09-25,3800.0,EXIT_MA,1763.2,-94187.35999999999,-9.669920302592903,-9.307875894988072,7,12,2017-09-21
percentile,083450.KQ,2017-08-24,9600.0,91.48936170212765,2017-08-25,9730.0,847.0,847.0,False,8757.0,16482.62,8257792.62,2017-09-27,9300.0,EXIT_MA,15754.2,-396446.8200000003,-4.800881279578565,-4.419321685508737,22,33,2017-09-26
percentile,065350.KQ,2017-08-24,4255.0,71.27659574468085,2017-08-25,4425.0,1912.0,1912.0,False,3982.5,16921.2,8477521.2,2017-09-29,4045.0,EXIT_MA,15468.08,-758949.2799999993,-8.952490499227526,-8.587570621468931,24,35,2017-09-28
percentile,131290.KQ,2017-08-17,15750.0,92.5531914893617,2017-08-18,15550.0,505.0,505.0,False,13995.0,15705.5,7868455.5,2017-10-13,14650.0,EXIT_MA,14796.5,-485002.0,-6.163878031717915,-5.787781350482312,33,56,2017-10-12
percentile,005290.KQ,2017-05-29,12950.0,91.39784946236558,2017-05-30,12900.0,338.0,622.0,True,11610.0,8720.4,4368920.4,2017-10-16,18000.0,EXIT_MA,12168.0,1702911.5999999996,38.97785823701433,39.53488372093024,90,139,2017-10-13
percentile,086520.KQ,2017-07-07,4804.969238,95.74468085106383,2017-07-10,4782.928223,1667.0,1667.0,False,4304.6354007,15946.282695482,7989087.630436481,2017-10-16,6744.589844,EXIT_MA,22486.462539896,3231657.1769716227,40.45089159693023,41.013821022168415,62,98,2017-10-13
percentile,319660.KQ,2017-08-23,24288.54297,93.61702127659575,2017-08-24,24444.57227,331.0,331.0,False,22000.115043,16182.306842740001,8107335.72821274,2017-10-16,23456.38672,EXIT_MA,15528.128008639998,-358799.8519013813,-4.425619758816607,-4.04255611055534,30,53,2017-10-13
percentile,240810.KQ,2017-09-08,32600.0,77.6595744680851,2017-09-11,32550.0,247.0,247.0,False,29295.0,16079.7,8055929.7,2017-10-17,32200.0,EXIT_MA,15906.800000000001,-118436.5,-1.4701779237224477,-1.0752688172043001,19,36,2017-10-16
percentile,078600.KQ,2017-09-21,8610.0,96.80851063829788,2017-09-25,8900.0,947.0,947.0,False,8010.0,16856.6,8445156.6,2017-10-18,8010.0,STOP,15170.94,-874857.54,-10.359281437125748,-9.999999999999998,12,23,
percentile,225570.KQ,2017-10-26,17700.0,98.93617021276596,2017-10-27,17900.0,447.0,447.0,False,16110.0,16002.6,8017302.6,2017-11-29,16110.0,STOP,14402.34,-830534.9399999995,-10.359281437125741,-9.999999999999998,24,33,
percentile,102710.KQ,2017-11-02,28300.0,75.78947368421053,2017-11-03,27900.0,280.0,280.0,False,25110.0,15624.0,7827624.0,2017-11-30,25110.0,STOP,14061.6,-810885.5999999996,-10.359281437125743,-9.999999999999998,20,27,
percentile,053610.KQ,2017-09-12,16908.53906,86.17021276595744,2017-09-13,16861.83203,497.0,497.0,False,15175.648827,16760.661037820002,8397091.179947821,2017-12-07,16955.24805,EXIT_MA,16853.5165617,12813.584340477362,0.15259551273036176,0.5540087211982403,54,85,2017-12-06
percentile,140410.KQ,2017-08-28,9333.333008,75.53191489361703,2017-08-29,9183.333008,1.0,862.0,True,8264.9997072,18.366666016,9201.699674016,2017-12-19,11616.66699,EXIT_MA,23.23333398,2391.7339820039997,25.99230649482987,26.497285679177885,73,112,2017-12-18
percentile,095610.KQ,2017-10-25,34850.0,84.04255319148936,2017-10-26,34850.0,228.0,228.0,False,31365.0,15891.6,7961691.6,2017-12-22,36450.0,EXIT_MA,16621.2,332287.2000000002,4.173575374358888,4.591104734576756,40,57,2017-12-21
percentile,041510.KQ,2017-10-26,32900.0,77.6595744680851,2017-10-27,33150.0,240.0,240.0,False,29835.0,15912.0,7971912.0,2018-01-02,34800.0,EXIT_MA,16704.0,363384.0,4.558304206067503,4.977375565610864,43,67,2017-12-28
percentile,098460.KQ,2017-09-21,12820.0,75.53191489361703,2017-09-25,13300.0,636.0,636.0,False,11970.0,16917.6,8475717.6,2018-01-03,16240.0,EXIT_MA,20657.28,1832265.120000001,21.617816997583795,22.10526315789474,62,100,2018-01-02
percentile,058470.KQ,2017-11-03,10700.0,71.57894736842105,2017-11-06,10720.0,747.0,747.0,False,9648.0,16015.68,8023855.68,2018-01-04,11080.0,EXIT_MA,16553.52,236350.80000000075,2.9456013346441536,3.3582089552238736,39,59,2018-01-03
percentile,064290.KQ,2017-12-08,5590.0,80.20833333333334,2017-12-11,5780.0,2.0,1597.0,True,5202.0,23.12,11583.12,2018-01-08,5202.0,STOP,20.808,-1199.9280000000017,-10.359281437125762,-9.999999999999998,17,28,
percentile,078600.KQ,2018-01-03,18700.0,98.95833333333334,2018-01-04,18700.0,565.0,565.0,False,16830.0,21131.0,10586631.0,2018-01-08,16830.0,STOP,19017.9,-1096698.9000000004,-10.359281437125752,-9.999999999999998,3,4,
percentile,092870.KQ,2017-12-06,15099.00977,76.04166666666666,2017-12-07,15297.0293,548.0,652.0,True,13767.32637,16765.544112800002,8399537.6005128,2018-01-10,13767.32637,STOP,15088.989701520002,-870131.7394543197,-10.359281437125745,-9.999999999999998,21,34,
percentile,131290.KQ,2018-01-08,17600.0,77.08333333333334,2018-01-09,17600.0,539.0,600.0,True,15840.0,18972.8,9505372.8,2018-01-11,16600.0,EXIT_MA,17894.8,-575867.6000000015,-6.05833786971513,-5.681818181818176,2,2,2018-01-10
percentile,053610.KQ,2018-01-11,21205.73828,76.04166666666666,2018-01-12,21205.73828,279.0,501.0,True,19085.164452,11832.801960240002,5928233.782080241,2018-01-22,19085.164452,STOP,10649.521764216,-614122.4217364565,-10.359281437125755,-9.999999999999998,7,10,
percentile,064760.KQ,2017-11-02,56700.0,83.15789473684211,2017-11-03,56700.0,140.0,140.0,False,51030.0,15876.0,7953876.0,2018-01-31,70500.0,EXIT_MA,19740.0,1896384.0,23.842262564817453,24.33862433862435,59,89,2018-01-30
percentile,032500.KQ,2017-12-01,11528.45605,92.70833333333334,2017-12-04,11528.45605,1.0,841.0,True,10375.610445,23.0569121,11551.512962100001,2018-02-02,11310.9375,EXIT_MA,22.621875,-263.1973371000022,-2.278466361623286,-1.886796888122766,40,60,2018-02-01
percentile,086520.KQ,2018-01-16,9455.650391,92.70833333333334,2018-01-17,9510.75293,1.0,1231.0,True,8559.677637,19.02150586,9529.774435860001,2018-02-02,8559.677637,STOP,17.119355274,-987.216154134001,-10.359281437125759,-9.999999999999998,13,16,
percentile,028300.KQ,2018-01-04,18070.12695,98.95833333333334,2018-01-05,18363.79102,1.0,556.0,True,16527.411918,36.72758204,18400.51860204,2018-02-05,16445.18555,STOP,32.890371099999996,-1988.2234231399998,-10.805257537249915,-10.447763579483393,22,31,
percentile,214450.KQ,2017-10-27,46600.0,70.2127659574468,2017-10-30,47000.0,170.0,170.0,False,42300.0,15980.0,8005980.0,2018-02-06,54100.0,EXIT_MA,18394.0,1172626.0,14.646876459846265,15.1063829787234,67,99,2018-02-05
percentile,087010.KQ,2017-11-29,29257.98633,78.125,2017-11-30,29020.50391,247.0,332.0,True,26118.453519,14336.128931539999,7182400.59470154,2018-02-06,28973.00586,EXIT_MA,14312.66489484,-40380.812176379375,-0.5622188799406193,-0.16367065901854438,44,68,2018-02-05
percentile,214150.KQ,2018-01-18,6320.0,94.79166666666666,2018-01-19,6270.0,1.0,1885.0,True,5643.0,12.540000000000001,6282.54,2018-02-06,5643.0,STOP,11.286,-650.826,-10.359281437125748,-9.999999999999998,13,18,
percentile,039200.KQ,2017-10-24,8332.210938,70.2127659574468,2017-10-25,8236.658203,955.0,955.0,False,7412.992382700001,15732.017167730002,7881740.601032731,2018-02-08,14332.93164,EXIT_MA,27375.899432400005,5778833.21573487,73.31925152392962,74.01391786270288,72,106,2018-02-07
percentile,058470.KQ,2018-02-07,13240.0,79.16666666666666,2018-02-08,13300.0,869.0,869.0,False,11970.0,23115.4,11580815.4,2018-02-09,11560.0,STOP,20091.28,-1555266.6799999997,-13.429681989404646,-13.082706766917296,2,1,
percentile,041830.KQ,2017-12-28,40100.0,70.83333333333334,2018-01-02,40350.0,206.0,263.0,True,36315.0,16624.2,8328724.2,2018-02-12,39500.0,EXIT_MA,16274.0,-207998.2000000002,-2.4973596796493776,-2.106567534076831,29,41,2018-02-09
percentile,098460.KQ,2018-01-30,18980.0,79.16666666666666,2018-01-31,19160.0,513.0,638.0,True,17244.0,19658.16,9848738.16,2018-02-14,17244.0,STOP,17692.344,-1020258.5040000007,-10.359281437125754,-9.999999999999998,11,14,
percentile,010170.KQ,2017-12-04,5012.236816,94.79166666666666,2017-12-05,5127.903809,1.0,1939.0,True,4615.1134281,10.255807618,5138.159616618001,2018-03-02,5571.293945,EXIT_MA,11.142587890000001,421.99174049199974,8.212896678553552,8.646615703317305,56,87,2018-02-28
percentile,127120.KQ,2018-02-26,6960.081055,76.04166666666666,2018-02-27,7044.730957,1689.0,1689.0,False,6340.2578613,23797.101172746,11922347.687545745,2018-03-02,6340.2578613,STOP,21417.3910554714,-1235069.550865518,-10.359281437125754,-9.999999999999998,3,3,
percentile,085660.KQ,2018-01-03,30650.0,93.75,2018-01-04,30250.0,263.0,344.0,True,27225.0,15911.5,7971661.5,2018-03-06,32950.0,EXIT_MA,17331.7,676856.8000000007,8.490787020999333,8.92561983471074,40,61,2018-03-05
percentile,068760.KQ,2017-11-10,30596.06836,98.95833333333334,2017-11-13,32515.37891,137.0,268.0,True,29263.841019,8909.213821340001,4463516.1244913405,2018-03-08,62569.52344,EXIT_MA,17144.049422559998,4091364.5373660987,91.66236713959105,92.43055297982994,76,115,2018-03-07
percentile,023160.KQ,2018-01-10,13300.0,71.875,2018-01-11,13300.0,789.0,789.0,False,11970.0,20987.4,10514687.4,2018-03-14,13650.0,EXIT_MA,21539.7,233622.90000000037,2.2218720453829217,2.6315789473684292,41,62,2018-03-13
percentile,218410.KQ,2017-12-21,15648.15527,89.58333333333334,2017-12-22,15111.92578,548.0,609.0,True,13600.733202,16562.67065488,8297897.99809488,2018-03-20,18134.31055,EXIT_MA,19875.2043628,1619828.9789423188,19.520955539754965,19.99999744572594,56,88,2018-03-19
percentile,007390.KQ,2017-11-06,7279.870605,92.63157894736842,2017-11-07,7373.321777,1107.0,1107.0,False,6635.9895993,16324.534414278001,8178591.741553279,2018-03-22,29343.76562,EXIT_MA,64967.09708268,24239989.702704042,296.3834174476153,297.9721285395897,90,135,2018-03-21
percentile,039200.KQ,2018-03-21,23888.21875,97.91666666666666,2018-03-22,24557.08984,493.0,493.0,False,22101.380856,24213.290582240003,12130858.58170224,2018-03-22,22101.380856,STOP,21791.961524016002,-1256669.781218255,-10.359281437125741,-9.999999999999998,1,0,
percentile,214150.KQ,2018-03-21,6800.0,95.83333333333334,2018-03-22,6890.0,1732.0,1732.0,False,6201.0,23866.96,11957346.96,2018-03-26,6201.0,STOP,21480.264,-1238695.2240000013,-10.359281437125759,-9.999999999999998,3,4,
percentile,080220.KQ,2018-02-13,5920.0,82.29166666666666,2018-02-14,6050.0,1946.0,1946.0,False,5445.0,23546.600000000002,11796846.6,2018-03-29,5600.0,EXIT_MA,21795.2,-921041.7999999989,-7.807525444977803,-7.438016528925617,28,43,2018-03-28
percentile,214370.KQ,2018-04-04,20380.0,72.91666666666666,2018-04-05,20800.0,25.0,623.0,True,18720.0,1040.0,521040.0,2018-04-11,18720.0,STOP,936.0,-53976.0,-10.359281437125748,-9.999999999999998,5,6,
percentile,141080.KQ,2018-04-11,36000.0,90.72164948453609,2018-04-12,36500.0,13.0,375.0,True,32850.0,949.0,475449.0,2018-04-12,32850.0,STOP,854.1,-49253.09999999998,-10.359281437125743,-9.999999999999998,1,0,
percentile,039200.KQ,2018-03-30,25273.73633,96.875,2018-04-02,25273.73633,494.0,494.0,False,22746.362697,24970.45149404,12510196.19851404,2018-04-18,22746.362697,STOP,22473.406344636,-1295966.4325406756,-10.359281437125745,-9.999999999999998,13,16,
percentile,058610.KQ,2018-02-19,10450.0,85.41666666666666,2018-02-20,10500.0,1160.0,1160.0,False,9450.0,24360.0,12204360.0,2018-04-19,10850.0,EXIT_MA,25172.0,356468.0,2.9208250166334,3.3333333333333437,41,58,2018-04-18
percentile,127120.KQ,2018-04-04,7590.250488,83.33333333333334,2018-04-05,7787.766602,1673.0,1673.0,False,7008.9899417999995,26057.867050292,13054991.392196292,2018-04-19,7008.9899417999995,STOP,23452.0803452628,-1352403.299910156,-10.359281437125759,-9.999999999999998,11,14,
percentile,041830.KQ,2018-03-02,44950.0,80.20833333333334,2018-03-05,44950.0,264.0,264.0,False,40455.0,23733.600000000002,11890533.6,2018-04-25,43600.0,EXIT_MA,23020.8,-403154.4000000004,-3.390549268537456,-3.0033370411568394,37,51,2018-04-24
percentile,086520.KQ,2018-03-09,8684.209961,85.41666666666666,2018-03-12,8728.292969,1445.0,1445.0,False,7855.463672100001,25224.76668041,12637608.10688541,2018-04-26,8529.922852,EXIT_MA,24651.47704228,-336521.06278769113,-2.6628540776188707,-2.2727252362465977,33,45,2018-04-25
percentile,035900.KQ,2017-08-14,7810.0,87.2340425531915,2017-08-16,8000.0,1019.0,1019.0,False,7200.0,16304.0,8168304.0,2018-05-03,20050.0,EXIT_MA,40861.9,12221784.100000001,149.624500998004,150.625,171,260,2018-05-02
percentile,140860.KQ,2017-11-30,28050.0,73.95833333333334,2017-12-01,27850.0,251.0,337.0,True,25065.0,13980.7,7004330.7,2018-05-08,44200.0,EXIT_MA,22188.4,4067680.8999999994,58.073798542949994,58.707360861759426,103,158,2018-05-04
percentile,098460.KQ,2018-04-19,20860.0,78.57142857142857,2018-04-20,20880.0,646.0,646.0,False,18792.0,26976.96,13515456.96,2018-05-08,18792.0,STOP,24279.264,-1400104.2240000013,-10.359281437125757,-9.999999999999998,11,18,
percentile,032820.KQ,2018-05-03,3490.0,98.9795918367347,2018-05-04,3490.0,3744.0,3744.0,False,3141.0,26133.12,13092693.12,2018-05-08,3141.0,STOP,23519.808,-1356308.9279999994,-10.359281437125745,-9.999999999999998,2,4,
percentile,000250.KQ,2018-01-23,32150.0,91.66666666666666,2018-01-24,32300.0,164.0,379.0,True,29070.0,10594.4,5307794.4,2018-05-09,41050.0,EXIT_MA,13464.4,1410941.1999999993,26.58243883749527,27.089783281733748,70,105,2018-05-08
percentile,033100.KQ,2018-03-07,9170.0,87.5,2018-03-08,9000.0,1302.0,1302.0,False,8100.0,23436.0,11741436.0,2018-05-09,12200.0,EXIT_MA,31768.8,4111195.1999999993,35.014415613218006,35.555555555555564,42,62,2018-05-08
percentile,140410.KQ,2018-03-13,15650.0,83.33333333333334,2018-03-14,15750.0,752.0,854.0,True,14175.0,23688.0,11867688.0,2018-05-09,17566.66602,EXIT_MA,26420.265694080004,1316024.5813459214,11.08914037296836,11.534387428571424,38,56,2018-05-08
percentile,222080.KQ,2018-04-17,2750.0,77.55102040816327,2018-04-18,2765.0,1.0,5107.0,True,2488.5,5.53,2770.53,2018-05-17,2488.5,STOP,4.977,-287.00700000000006,-10.35928143712575,-9.999999999999998,20,29,
percentile,183300.KQ,2018-04-18,7230.0,80.61224489795919,2018-04-19,7260.0,1883.0,1883.0,False,6534.0,27341.16,13697921.16,2018-05-23,6534.0,STOP,24607.044,-1419006.204,-10.359281437125748,-9.999999999999998,22,34,
percentile,090360.KQ,2018-05-29,36250.0,86.86868686868688,2018-05-30,39000.0,334.0,340.0,True,35100.0,26052.0,13052052.0,2018-05-30,35100.0,STOP,23446.8,-1352098.8000000007,-10.359281437125754,-9.999999999999998,1,0,
percentile,196170.KQ,2018-03-27,5021.367676,71.875,2018-03-28,5181.624023,2380.0,2380.0,False,4663.461620700001,24664.530349480003,12356929.705089482,2018-05-31,6666.666504,EXIT_MA,31733.332559039998,3478003.241871478,28.14617647649953,28.659788406265065,43,64,2018-05-30
percentile,225570.KQ,2018-05-25,19250.0,76.76767676767676,2018-05-28,19350.0,663.0,663.0,False,17415.0,25658.100000000002,12854708.1,2018-06-01,16950.0,STOP,22475.7,-1639333.7999999989,-12.752788995652098,-12.4031007751938,5,4,
percentile,036810.KQ,2018-05-11,6695.421875,76.53061224489795,2018-05-14,6822.860352,1839.0,1839.0,False,6140.5743168,25094.480374656,12572334.667702656,2018-06-11,6140.5743168,STOP,22585.0323371904,-1302403.5314446464,-10.359281437125748,-9.999999999999998,19,28,
percentile,028300.KQ,2018-03-23,22240.15625,98.95833333333334,2018-03-26,23767.20898,515.0,515.0,False,21390.488082,24480.225249400002,12264592.8499494,2018-06-12,39546.75781,EXIT_MA,40733.16054430001,8061254.261656303,65.72785872536781,66.39209864009874,52,78,2018-06-11
percentile,086520.KQ,2018-06-07,8893.601562,78.78787878787878,2018-06-08,8794.416016,1412.0,1412.0,False,7914.9744144,24835.430829184,12442550.845421184,2018-06-18,8243.387695,EXIT_MA,23279.326850679998,-826166.7469318658,-6.639850278256184,-6.2656613014155145,5,10,2018-06-15
percentile,140860.KQ,2018-06-11,45000.0,79.7979797979798,2018-06-12,44900.0,269.0,269.0,False,40410.0,24156.2,12102256.2,2018-06-18,42500.0,EXIT_MA,22865.0,-692621.1999999993,-5.723075008112944,-5.345211581291764,3,6,2018-06-15
percentile,074600.KQ,2018-05-23,16700.0,73.73737373737373,2018-05-24,16600.0,744.0,744.0,False,14940.0,24700.8,12375100.8,2018-06-18,14940.0,STOP,22230.72,-1281971.5200000014,-10.35928143712576,-9.999999999999998,16,25,
percentile,059090.KQ,2018-06-12,5080.0,71.71717171717171,2018-06-14,5000.0,2405.0,2405.0,False,4500.0,24050.0,12049050.0,2018-06-18,4500.0,STOP,21645.0,-1248195.0,-10.359281437125748,-9.999999999999998,3,4,
percentile,010170.KQ,2018-04-12,6458.074219,87.75510204081633,2018-04-13,6535.185547,66.0,2038.0,True,5881.6669923,862.644492204,432184.890594204,2018-06-19,6620.0,EXIT_MA,873.84,3861.2694057959598,0.8934299855987938,1.2978124705110172,42,67,2018-06-18
percentile,064760.KQ,2018-06-04,71000.0,71.71717171717171,2018-06-05,71300.0,176.0,176.0,False,64170.0,25097.600000000002,12573897.6,2018-06-22,67200.0,EXIT_MA,23654.4,-770352.0,-6.126596736400971,-5.7503506311360475,11,17,2018-06-21
percentile,127120.KQ,2018-06-18,9029.293945,91.91919191919192,2018-06-19,8841.18457,1289.0,1289.0,False,7957.066113,22792.57382146,11419079.48455146,2018-06-22,7957.066113,STOP,20513.316439314,-1182934.5813337732,-10.359281437125741,-9.999999999999998,4,3,
percentile,218410.KQ,2018-05-03,21107.94727,86.73469387755102,2018-05-04,20912.95508,619.0,619.0,False,18821.659572,25890.23838904,12971009.43290904,2018-06-26,21546.68164,EXIT_MA,26674.79187032,339711.7103806399,2.619007503909061,3.030306131179228,33,53,2018-06-25
percentile,032500.KQ,2018-04-20,11600.96191,72.44897959183673,2018-04-23,11455.94922,720.0,1166.0,True,10310.354298,16496.5668768,8264780.0052768,2018-06-29,12156.84082,EXIT_MA,17505.8507808,470639.5343423998,5.694519806236964,6.118145136121678,44,67,2018-06-28
percentile,140860.KQ,2018-06-22,47750.0,88.0,2018-06-25,47900.0,250.0,250.0,False,43110.0,23950.0,11998950.0,2018-07-05,43110.0,STOP,21555.0,-1243005.0,-10.359281437125748,-9.999999999999998,9,10,
percentile,131970.KQ,2018-06-14,13050.0,79.7979797979798,2018-06-15,13150.0,929.0,929.0,False,11835.0,24432.7,12240782.7,2018-07-12,11835.0,STOP,21989.43,-1268057.129999999,-10.359281437125741,-9.999999999999998,20,27,
percentile,166090.KQ,2018-05-28,23175.0,85.85858585858585,2018-05-29,23250.0,553.0,553.0,False,20925.0,25714.5,12882964.5,2018-07-17,22750.0,EXIT_MA,25161.5,-327376.0,-2.541154250638508,-2.1505376344086002,33,49,2018-07-16
percentile,035760.KQ,2018-06-27,263000.0,71.0,2018-06-28,258200.0,44.0,44.0,False,232380.0,22721.600000000002,11383521.6,2018-07-19,232380.0,STOP,20449.44,-1179251.039999999,-10.359281437125741,-9.999999999999998,16,21,
percentile,035900.KQ,2018-05-29,24500.0,92.92929292929293,2018-05-30,24500.0,503.0,503.0,False,22050.0,24647.0,12348147.0,2018-07-20,23700.0,EXIT_MA,23842.2,-450889.19999999925,-3.651472565073928,-3.2653061224489743,35,51,2018-07-19
percentile,222080.KQ,2018-07-13,3360.0,91.0,2018-07-16,3400.0,3502.0,3502.0,False,3060.0,23813.600000000002,11930613.6,2018-07-20,3060.0,STOP,21432.24,-1235925.8399999999,-10.359281437125748,-9.999999999999998,5,4,
percentile,122870.KQ,2018-07-09,39750.0,79.0,2018-07-10,39750.0,291.0,291.0,False,35775.0,23134.5,11590384.5,2018-07-23,35775.0,STOP,20821.05,-1200680.5500000007,-10.359281437125754,-9.999999999999998,10,13,
percentile,093320.KQ,2018-05-16,20200.0,78.57142857142857,2018-05-17,20350.0,596.0,596.0,False,18315.0,24257.2,12152857.2,2018-07-24,24550.0,EXIT_MA,29263.600000000002,2449679.200000001,20.157228540462082,20.638820638820633,45,68,2018-07-23
percentile,032500.KQ,2018-07-31,13824.47949,89.0,2018-08-01,13776.1416,813.0,813.0,False,12398.527440000002,22400.006241600004,11222403.1270416,2018-08-09,12785.22656,EXIT_MA,20788.77838656,-848802.7121481597,-7.563466599260521,-7.1929794914419425,6,8,2018-08-08
percentile,183300.KQ,2018-07-27,6630.0,70.0,2018-07-30,6630.0,1707.0,1707.0,False,5967.0,22634.82,11340044.82,2018-08-13,5967.0,STOP,20371.338,-1174747.1579999998,-10.359281437125746,-9.999999999999998,11,14,
percentile,098460.KQ,2018-06-20,20620.0,76.0,2018-06-21,20620.0,570.0,570.0,False,18558.0,23506.8,11776906.8,2018-08-23,21260.0,EXIT_MA,24236.4,317056.7999999989,2.692190788161785,3.1037827352085268,44,63,2018-08-22
percentile,035760.KQ,2018-08-27,266500.0,75.0,2018-08-28,269800.0,42.0,42.0,False,242820.0,22663.2,11354263.2,2018-08-31,250300.0,EXIT_MA,21025.2,-862688.3999999985,-7.597924980284045,-7.227575982209045,3,3,2018-08-30
percentile,078600.KQ,2018-05-28,23000.0,93.93939393939394,2018-05-29,23000.0,557.0,557.0,False,20700.0,25622.0,12836622.0,2018-09-13,28300.0,EXIT_MA,31526.2,2894951.8000000007,22.55228673088606,23.043478260869566,74,107,2018-09-12
percentile,093320.KQ,2018-08-29,30300.0,95.0,2018-08-30,30450.0,369.0,369.0,False,27405.0,22472.100000000002,11258522.1,2018-09-19,27405.0,STOP,20224.89,-1166301.9900000002,-10.35928143712575,-9.999999999999998,15,20,
percentile,074600.KQ,2018-07-31,16250.0,75.0,2018-08-01,16200.0,692.0,692.0,False,14580.0,22420.8,11232820.8,2018-10-04,16050.0,EXIT_MA,22213.2,-148434.0,-1.3214312116507725,-0.92592592592593,41,64,2018-10-02
percentile,098460.KQ,2018-09-20,21860.0,78.0,2018-09-21,21700.0,528.0,528.0,False,19530.0,22915.2,11480515.2,2018-10-04,21540.0,EXIT_MA,22746.24,-130141.43999999948,-1.1335853638345383,-0.7373271889400956,5,13,2018-10-02
percentile,000250.KQ,2018-09-18,50400.0,98.0,2018-09-19,50200.0,229.0,229.0,False,45180.0,22991.600000000002,11518791.6,2018-10-04,45180.0,STOP,20692.44,-1193264.039999999,-10.359281437125741,-9.999999999999998,8,15,
percentile,218410.KQ,2018-08-30,26567.74023,95.0,2018-08-31,26372.74805,420.0,420.0,False,23735.473244999997,22153.108362,11098707.289362,2018-10-05,24959.05078,EXIT_MA,20965.6026552,-636871.5644172002,-5.738249940401935,-5.360447334952633,21,35,2018-10-04
percentile,028300.KQ,2018-09-07,45537.50391,100.0,2018-09-10,45537.50391,251.0,251.0,False,40983.753519,22859.82696282,11452773.30837282,2018-10-05,40983.753519,STOP,20573.844266538,-1186425.0193703584,-10.359281437125754,-9.999999999999998,16,25,
percentile,196170.KQ,2018-09-07,7478.632324,91.0,2018-09-10,7638.888672,1533.0,1533.0,False,6874.9998048,23420.832668352003,11733837.166844353,2018-10-10,6858.974121,STOP,21029.614654986002,-1240059.4540063385,-10.568234724701183,-10.209790775701988,18,30,
percentile,041510.KQ,2018-08-16,43850.0,76.0,2018-08-17,44050.0,252.0,252.0,False,39645.0,22201.2,11122801.2,2018-10-12,46200.0,EXIT_MA,23284.8,496314.0,4.462131355903404,4.880817253121461,35,56,2018-10-11
percentile,086520.KQ,2018-10-22,10072.80273,84.31372549019608,2018-10-23,10061.78223,1102.0,1102.0,False,9055.604007000002,22176.168034920003,11110260.185494922,2018-10-24,9055.604007000002,STOP,19958.551231428006,-1150943.1210123468,-10.359281437125736,-9.999999999999986,2,1,
percentile,035900.KQ,2018-08-17,26400.0,97.0,2018-08-20,26650.0,416.0,416.0,False,23985.0,22172.8,11108572.8,2018-10-25,30500.0,EXIT_MA,25376.0,1554051.1999999993,13.989656709095872,14.446529080675429,43,66,2018-10-24
percentile,140410.KQ,2018-08-30,22800.0,93.0,2018-08-31,23066.66602,489.0,489.0,False,20759.999418,22559.19936756,11302158.88314756,2018-10-30,25000.0,EXIT_MA,24450.0,898391.1168524399,7.948845226304633,8.381505928614462,37,60,2018-10-29
percentile,124500.KQ,2018-10-31,5350.0,96.07843137254902,2018-11-01,5300.0,1982.0,1982.0,False,4770.0,21009.2,10525609.2,2018-11-06,4825.0,EXIT_MA,19126.3,-981585.5,-9.325688246149213,-8.9622641509434,3,5,2018-11-05
percentile,039200.KQ,2018-11-05,30768.02734,100.0,2018-11-06,30433.5918,342.0,342.0,False,27390.23262,20816.576791199997,10429104.9723912,2018-11-06,27390.23262,STOP,18734.919112080002,-1080380.3354632799,-10.359281437125748,-9.999999999999998,1,0,
percentile,218410.KQ,2018-11-02,27103.9707,96.07843137254902,2018-11-05,27201.4668,390.0,390.0,False,24481.32012,21217.144104,10629789.196104,2018-11-20,25105.29688,EXIT_MA,19582.131566400003,-858305.5444703978,-8.074530253008042,-7.706091496507083,11,15,2018-11-19
percentile,140410.KQ,2018-11-21,31833.33398,100.0,2018-11-22,32333.33398,326.0,326.0,False,29100.000582,21081.33375496,10561748.21123496,2018-12-06,29100.000582,STOP,18973.200379464,-1094121.2218824252,-10.35928143712576,-9.999999999999998,11,14,
percentile,041510.KQ,2018-11-15,53800.0,95.09803921568627,2018-11-16,53800.0,194.0,194.0,False,48420.0,20874.4,10458074.4,2018-12-19,49700.0,EXIT_MA,19283.600000000002,-835558.0,-7.989597014150138,-7.620817843866168,23,33,2018-12-18
percentile,035900.KQ,2019-01-15,32950.0,100.0,2019-01-16,33100.0,310.0,310.0,False,29790.0,20522.0,10281522.0,2019-01-21,29790.0,STOP,18469.8,-1065091.8000000007,-10.359281437125755,-9.999999999999998,4,5,
percentile,041510.KQ,2019-02-21,49900.0,82.85714285714286,2019-02-22,49450.0,206.0,206.0,False,44505.0,20373.4,10207073.4,2019-02-25,48400.0,EXIT_MA,19940.8,-256614.20000000112,-2.5140820482392248,-2.123356926188069,1,3,2019-02-22
percentile,189300.KQ,2019-01-16,15893.83203,94.28571428571428,2019-01-17,15847.7627,644.0,644.0,False,14262.986429999999,20411.9183576,10226371.0971576,2019-03-18,15663.48633,EXIT_MA,20174.57039304,-159260.47103063948,-1.5573507896159335,-1.1627910733418512,38,60,2019-03-15
percentile,056190.KQ,2019-03-12,46700.0,92.38095238095238,2019-03-13,46450.0,221.0,221.0,False,41805.0,20530.9,10285980.9,2019-03-29,42100.0,EXIT_MA,18608.2,-1000489.0999999996,-9.726725236287379,-9.364908503767488,12,16,2019-03-28
percentile,196170.KQ,2019-03-20,10363.24805,98.09523809523809,2019-03-21,10438.03418,1006.0,1006.0,False,9394.230762000001,21001.32477016,10521663.70985016,2019-04-05,9394.230762000001,STOP,18901.192293144002,-1089968.755571304,-10.359281437125748,-9.999999999999998,12,15,
percentile,140410.KQ,2019-02-07,31666.66602,99.04761904761905,2019-02-08,31400.0,321.0,321.0,False,28260.0,20158.8,10099558.8,2019-04-30,39666.66797,EXIT_MA,25466.000836740004,2607975.617533261,25.82266878364291,26.32696805732484,56,81,2019-04-29
percentile,048410.KQ,2019-04-30,7812.45459,100.0,2019-05-02,8494.868164,1383.0,1383.0,False,7645.3813476,23496.805341624,11771899.476153623,2019-05-03,7645.3813476,STOP,21147.124807461598,-1219484.197230287,-10.35928143712576,-9.999999999999998,2,1,
percentile,101490.KQ,2019-04-05,6390.0,96.19047619047619,2019-04-08,6430.0,1602.0,1602.0,False,5787.0,20601.72,10321461.72,2019-05-09,5787.0,STOP,18541.548,-1069229.268000001,-10.359281437125759,-9.999999999999998,22,31,
percentile,064290.KQ,2019-04-05,5940.0,89.52380952380953,2019-04-08,6200.0,1724.0,1724.0,False,5580.0,21377.600000000002,10710177.6,2019-05-09,5580.0,STOP,19239.84,-1109497.4399999995,-10.359281437125745,-9.999999999999998,22,31,
percentile,124500.KQ,2019-05-02,5180.0,81.13207547169812,2019-05-03,5200.0,2097.0,2097.0,False,4680.0,21808.8,10926208.8,2019-05-17,4950.0,EXIT_MA,20760.3,-566819.1000000015,-5.187701520036863,-4.807692307692313,9,14,2019-05-16
percentile,218410.KQ,2019-04-25,30175.10352,79.24528301886792,2019-04-26,30175.10352,358.0,358.0,False,27157.593168,21605.37412032,10824292.43428032,2019-05-20,27157.593168,STOP,19444.836708288,-1121318.9168446083,-10.359281437125752,-10.000000000000009,15,24,
percentile,053610.KQ,2019-05-17,21859.6582,86.79245283018868,2019-05-20,21953.07617,523.0,523.0,False,19757.768553,22962.91767382,11504421.75458382,2019-05-24,19757.768553,STOP,20666.625906438,-1191775.427271258,-10.359281437125748,-9.999999999999998,5,4,
percentile,093320.KQ,2019-06-05,43850.0,94.33962264150944,2019-06-07,43600.0,274.0,274.0,False,39240.0,23892.8,11970292.8,2019-06-17,39240.0,STOP,21503.52,-1240036.3200000003,-10.35928143712575,-9.999999999999998,7,10,
percentile,036810.KQ,2019-06-11,8518.772461,91.50943396226415,2019-06-12,8636.408203,1416.0,1416.0,False,7772.767382700001,24458.308030896005,12253612.323478898,2019-06-19,7772.767382700001,STOP,22012.4772278064,-1269386.1868035048,-10.359281437125766,-9.999999999999998,6,7,
percentile,178320.KQ,2019-04-03,11000.0,89.52380952380953,2019-04-04,11100.0,932.0,932.0,False,9990.0,20690.4,10365890.4,2019-06-26,12600.0,EXIT_MA,23486.4,1353823.1999999993,13.060365754976525,13.513513513513509,56,83,2019-06-25
percentile,048410.KQ,2019-06-26,9836.163086,100.0,2019-06-27,9953.820312,1208.0,1208.0,False,8958.438280800001,24048.429873792,12048263.366769793,2019-06-27,8958.438280800001,STOP,21643.586886412802,-1248113.5104498044,-10.359281437125745,-9.999999999999986,1,0,
percentile,218410.KQ,2019-07-01,29736.36914,78.30188679245283,2019-07-02,29736.36914,389.0,389.0,False,26762.732226,23134.89519092,11590582.49065092,2019-07-04,27542.70312,EXIT_MA,21428.22302736,-897899.19999828,-7.746799617038527,-7.377047310894391,2,2,2019-07-03
percentile,131970.KQ,2019-03-11,15800.0,98.09523809523809,2019-03-12,15875.0,655.0,655.0,False,14287.5,20796.25,10418921.25,2019-07-09,22925.0,EXIT_MA,30031.75,4566922.0,43.832963993273296,44.40944881889764,82,119,2019-07-08
percentile,189300.KQ,2019-03-21,19349.01172,94.28571428571428,2019-03-22,19256.875,536.0,536.0,False,17331.1875,20643.37,10342328.37,2019-07-09,24094.12695,EXIT_MA,25828.904090400003,2546294.7711096015,24.62013078694775,25.119610269059756,74,109,2019-07-08
percentile,102710.KQ,2019-05-16,20000.0,87.73584905660378,2019-05-17,20300.0,558.0,558.0,False,18270.0,22654.8,11350054.8,2019-07-09,20100.0,EXIT_MA,22431.600000000002,-156686.40000000037,-1.3804902510250467,-0.9852216748768461,36,53,2019-07-08
percentile,101490.KQ,2019-06-11,7010.0,90.56603773584906,2019-06-12,7040.0,1720.0,1720.0,False,6336.0,24217.600000000002,12133017.6,2019-07-09,6410.0,EXIT_MA,22050.4,-1129868.0,-9.312341226637635,-8.948863636363635,19,27,2019-07-08
percentile,053800.KQ,2019-06-17,66000.0,81.13207547169812,2019-06-18,65400.0,183.0,183.0,False,58860.0,23936.4,11992136.4,2019-07-11,62700.0,EXIT_MA,22948.2,-540984.5999999996,-4.511161163910708,-4.128440366972475,17,23,2019-07-10
percentile,099320.KQ,2019-04-30,18800.0,88.67924528301887,2019-05-02,18850.0,574.0,574.0,False,16965.0,21639.8,10841539.8,2019-07-12,21000.0,EXIT_MA,24108.0,1188352.1999999993,10.961101669340357,11.405835543766575,49,71,2019-07-11
percentile,214150.KQ,2019-04-02,6750.0,94.28571428571428,2019-04-03,6750.0,1519.0,1519.0,False,6075.0,20506.5,10273756.5,2019-07-17,12250.0,EXIT_MA,37215.5,8296778.0,80.75700450949952,81.4814814814815,72,105,2019-07-16
percentile,102710.KQ,2019-07-15,24550.0,94.33962264150944,2019-07-16,24300.0,478.0,478.0,False,21870.0,23230.8,11638630.8,2019-07-19,21870.0,STOP,20907.72,-1205678.5200000014,-10.35928143712576,-9.999999999999998,4,3,
percentile,101490.KQ,2019-07-16,8590.0,96.22641509433963,2019-07-17,8530.0,1350.0,1350.0,False,7677.0,23031.0,11538531.0,2019-07-24,7677.0,STOP,20727.9,-1195308.9000000004,-10.359281437125752,-9.999999999999998,6,7,
percentile,033640.KQ,2019-05-14,22950.0,99.05660377358491,2019-05-15,23100.0,471.0,471.0,False,20790.0,21760.2,10901860.2,2019-07-29,29650.0,EXIT_MA,27930.3,3035359.5,27.84258323180479,28.354978354978357,52,75,2019-07-26
percentile,214150.KQ,2019-07-30,15200.0,99.06542056074767,2019-07-31,15400.0,746.0,746.0,False,13860.0,22976.8,11511376.8,2019-07-31,13860.0,STOP,20679.12,-1192495.92,-10.359281437125748,-9.999999999999998,1,0,
percentile,145020.KQ,2019-08-20,156955.0625,75.70093457943925,2019-08-21,154598.7344,73.0,73.0,False,139138.86096,22571.4152224,11308279.0264224,2019-08-22,149886.0938,EXIT_MA,21883.3696948,-388477.5487171989,-3.4353374886620704,-3.0483047731857615,1,1,2019-08-21
percentile,131970.KQ,2019-08-20,23950.0,95.32710280373831,2019-08-21,24150.0,479.0,479.0,False,21735.0,23135.7,11590985.7,2019-08-26,22000.0,EXIT_MA,21076.0,-1074061.6999999993,-9.266353421521341,-8.902691511387161,3,5,2019-08-23
percentile,005290.KQ,2019-07-08,14000.0,90.56603773584906,2019-07-09,13800.0,804.0,804.0,False,12420.0,22190.4,11117390.4,2019-09-02,13750.0,EXIT_MA,22110.0,-84500.40000000037,-0.7600740547889762,-0.36231884057971175,38,55,2019-08-30
percentile,033640.KQ,2019-08-20,33550.0,99.06542056074767,2019-08-21,33350.0,342.0,342.0,False,30015.0,22811.4,11428511.4,2019-09-10,30015.0,STOP,20530.260000000002,-1183911.6600000001,-10.359281437125748,-9.999999999999998,15,20,
percentile,178320.KQ,2019-09-03,12850.0,87.03703703703704,2019-09-04,12700.0,953.0,953.0,False,11430.0,24206.2,12127306.2,2019-09-11,12500.0,EXIT_MA,23825.0,-238631.19999999925,-1.9677181070928949,-1.5748031496062964,5,7,2019-09-10
percentile,126340.KQ,2019-09-10,12171.28027,89.81481481481481,2019-09-11,13958.9375,1018.0,1018.0,False,12563.04375,28420.39675,14238618.77175,2019-09-11,12563.04375,STOP,25578.357075000004,-1475018.591324998,-10.359281437125736,-9.999999999999998,1,0,
percentile,101490.KQ,2019-08-23,9920.0,99.06542056074767,2019-08-26,9720.0,1167.0,1167.0,False,8748.0,22686.48,11365926.48,2019-09-16,8748.0,STOP,20417.832000000002,-1177428.3120000008,-10.359281437125755,-9.999999999999998,14,21,
percentile,089970.KQ,2019-09-06,7160.0,78.70370370370371,2019-09-09,7230.0,1797.0,1797.0,False,6507.0,25984.62,13018294.62,2019-09-24,6500.0,EXIT_MA,23361.0,-1361155.6199999992,-10.455713745399928,-10.096818810511754,9,15,2019-09-23
percentile,099320.KQ,2019-08-22,20050.0,88.78504672897196,2019-08-23,21200.0,571.0,571.0,False,19080.0,24210.4,12129410.4,2019-09-30,19450.0,EXIT_MA,22211.9,-1045672.3000000007,-8.62096561593794,-8.25471698113207,24,38,2019-09-27
percentile,053800.KQ,2019-08-23,61000.0,80.37383177570094,2019-08-26,60700.0,189.0,189.0,False,54630.0,22944.600000000002,11495244.6,2019-10-08,59200.0,EXIT_MA,22377.600000000002,-328822.19999999925,-2.860506334941314,-2.471169686985175,28,43,2019-10-07
percentile,131970.KQ,2019-10-16,23275.0,88.88888888888889,2019-10-17,23025.0,526.0,526.0,False,20722.5,24222.3,12135372.3,2019-10-21,20722.5,STOP,21800.07,-1257137.370000001,-10.359281437125755,-9.999999999999998,3,4,
percentile,032500.KQ,2019-05-15,28000.0,98.11320754716981,2019-05-16,28200.0,410.0,410.0,False,25380.0,23124.0,11585124.0,2019-10-24,65600.0,EXIT_MA,53792.0,15257084.0,131.69547429962768,132.6241134751773,109,161,2019-10-23
percentile,218410.KQ,2019-08-23,31783.79297,89.7196261682243,2019-08-26,31393.80664,364.0,364.0,False,28254.425976,22854.691233920003,11450200.30819392,2019-10-28,36122.37891,EXIT_MA,26297.09184648,1672048.523199601,14.602788407143063,15.062118220398135,41,63,2019-10-25
percentile,005290.KQ,2019-10-25,18800.0,92.5925925925926,2019-10-28,18850.0,650.0,650.0,False,16965.0,24505.0,12277005.0,2019-10-29,16965.0,STOP,22054.5,-1271809.5,-10.359281437125748,-9.999999999999998,2,1,
percentile,140410.KQ,2019-10-23,68100.0,98.14814814814815,2019-10-24,69366.66406,180.0,180.0,False,62429.997654,24971.9990616,12510971.5298616,2019-10-30,62429.997654,STOP,22474.79915544,-1296046.75129704,-10.359281437125748,-9.999999999999998,5,6,
percentile,189300.KQ,2019-08-23,25660.47656,95.32710280373831,2019-08-26,25199.78516,451.0,451.0,False,22679.806644,22730.206214320002,11387833.31337432,2019-11-05,31004.48828,EXIT_MA,27966.04842856,2567224.8524771202,22.54357595366337,23.034732570712137,47,71,2019-11-04
percentile,263750.KQ,2019-10-30,43760.0,73.14814814814815,2019-10-31,43800.0,272.0,272.0,False,39420.0,23827.2,11937427.2,2019-11-07,39420.0,STOP,21444.48,-1236631.6799999997,-10.359281437125746,-9.999999999999998,6,7,
percentile,213420.KQ,2019-08-21,19400.0,88.78504672897196,2019-08-22,19350.0,592.0,592.0,False,17415.0,22910.4,11478110.4,2019-11-11,21800.0,EXIT_MA,25811.2,1401678.4000000004,12.211752206181954,12.661498708010344,53,81,2019-11-08
percentile,178320.KQ,2019-10-16,13850.0,79.62962962962963,2019-10-17,14025.0,884.0,884.0,False,12622.5,24796.2,12422896.2,2019-11-11,13225.0,EXIT_MA,23381.8,-755378.0,-6.080530560981424,-5.704099821746878,17,25,2019-11-08
percentile,084370.KQ,2019-10-15,15050.0,79.62962962962963,2019-10-16,15200.0,813.0,813.0,False,13680.0,24715.2,12382315.2,2019-11-12,14200.0,EXIT_MA,23089.2,-860804.3999999985,-6.95188570227964,-6.578947368421051,19,27,2019-11-11
percentile,039030.KQ,2019-07-18,67100.0,79.24528301886792,2019-07-19,68000.0,171.0,171.0,False,61200.0,23256.0,11651256.0,2019-11-15,89300.0,EXIT_MA,30540.600000000002,3588503.4000000004,30.79928378537044,31.323529411764707,80,119,2019-11-14
percentile,140410.KQ,2019-11-05,71900.0,97.24770642201835,2019-11-06,73200.0,165.0,165.0,False,65880.0,24156.0,12102156.0,2019-11-18,64333.33203,STOP,21229.9995699,-1508386.214619901,-12.463780954566287,-12.1129343852459,9,12,
percentile,222800.KQ,2019-11-19,11159.14258,95.45454545454545,2019-11-20,10967.56934,1061.0,1061.0,False,9870.812406000001,23273.18213948,11659864.25187948,2019-11-27,9870.812406000001,STOP,20945.863925532,-1207878.1530390102,-10.359281437125734,-9.999999999999986,6,7,
percentile,240810.KQ,2019-10-15,31100.0,83.33333333333334,2019-10-16,31500.0,393.0,393.0,False,28350.0,24759.0,12404259.0,2019-11-28,30300.0,EXIT_MA,23815.8,-520174.80000000075,-4.193517726451864,-3.809523809523807,31,43,2019-11-27
percentile,053800.KQ,2019-11-11,67700.0,83.63636363636363,2019-11-12,67700.0,169.0,169.0,False,60930.0,22882.600000000002,11464182.6,2019-11-29,63000.0,EXIT_MA,21294.0,-838476.5999999996,-7.313880363350106,-6.9423929098966,13,17,2019-11-28
percentile,102710.KQ,2019-10-17,24050.0,87.96296296296296,2019-10-18,23850.0,512.0,512.0,False,21465.0,24422.4,12235622.4,2019-12-02,23100.0,EXIT_MA,23654.4,-432076.80000000075,-3.531302175523174,-3.1446540880503138,31,45,2019-11-29
percentile,214150.KQ,2019-11-08,16200.0,98.1651376146789,2019-11-11,16250.0,715.0,715.0,False,14625.0,23237.5,11641987.5,2019-12-02,14625.0,STOP,20913.75,-1206026.25,-10.359281437125748,-9.999999999999998,16,21,
percentile,031330.KQ,2019-11-18,2390.0,79.0909090909091,2019-11-19,2395.0,4918.0,4918.0,False,2155.5,23557.22,11802167.22,2019-12-06,2220.0,EXIT_MA,21835.920000000002,-906043.1400000006,-7.676921730651437,-7.306889352818368,13,17,2019-12-05
percentile,005290.KQ,2019-12-17,16850.0,88.18181818181819,2019-12-18,17000.0,689.0,689.0,False,15300.0,23426.0,11736426.0,2019-12-24,15850.0,EXIT_MA,21841.3,-837617.3000000007,-7.136902665257725,-6.764705882352939,4,6,2019-12-23
percentile,161580.KQ,2019-11-15,10000.0,78.18181818181819,2019-11-18,10250.0,1161.0,1161.0,False,9225.0,23800.5,11924050.5,2019-12-26,9610.0,EXIT_MA,22314.420000000002,-789154.9199999999,-6.6181782775911575,-6.243902439024396,27,38,2019-12-24
percentile,124500.KQ,2019-11-27,6370.0,89.0909090909091,2019-11-28,6410.0,1771.0,1771.0,False,5769.0,22704.22,11374814.22,2020-01-20,6120.0,EXIT_MA,21677.04,-557971.2599999998,-4.905321961381447,-4.524180967238689,34,53,2020-01-17
percentile,161580.KQ,2020-01-06,11200.0,83.78378378378379,2020-01-07,11150.0,7.0,1080.0,True,10035.0,156.1,78206.1,2020-01-28,10035.0,STOP,140.49,-8101.590000000011,-10.35928143712576,-9.999999999999998,14,21,
percentile,095610.KQ,2020-01-17,27450.0,89.1891891891892,2020-01-20,28000.0,385.0,471.0,True,25200.0,21560.0,10801560.0,2020-01-28,24700.0,STOP,19019.0,-1311079.0,-12.137867122897063,-11.785714285714288,5,8,
percentile,178320.KQ,2019-12-16,14025.0,80.0,2019-12-17,14075.0,817.0,817.0,False,12667.5,22998.55,11522273.55,2020-02-03,13325.0,EXIT_MA,21773.05,-657521.6000000015,-5.706526556123999,-5.328596802841923,29,48,2020-01-31
percentile,237690.KQ,2020-02-04,31000.0,92.7927927927928,2020-02-05,31800.0,341.0,441.0,True,28620.0,21687.600000000002,10865487.6,2020-02-10,28620.0,STOP,19518.84,-1125586.4399999995,-10.359281437125745,-9.999999999999998,4,5,
percentile,096530.KQ,2019-12-19,14750.0,79.0909090909091,2019-12-20,14775.0,199.0,781.0,True,13297.5,5880.45,2946105.45,2020-02-18,16000.0,EXIT_MA,6368.0,231526.5499999998,7.858732619363634,8.291032148900168,37,60,2020-02-17
percentile,240810.KQ,2019-12-13,34700.0,87.27272727272727,2019-12-16,34800.0,321.0,321.0,False,31320.0,22341.600000000002,11193141.6,2020-02-24,33650.0,EXIT_MA,21603.3,-413094.9000000004,-3.6906072911648007,-3.3045977011494254,45,70,2020-02-21
percentile,102710.KQ,2019-12-17,26800.0,87.27272727272727,2019-12-18,26800.0,433.0,433.0,False,24120.0,23208.8,11627608.8,2020-02-24,26200.0,EXIT_MA,22689.2,-305698.0,-2.629070217773408,-2.238805970149249,43,68,2020-02-21
percentile,086450.KQ,2019-11-15,14500.0,70.9090909090909,2019-11-18,14600.0,801.0,801.0,False,13140.0,23389.2,11717989.2,2020-02-25,17900.0,EXIT_MA,28675.8,2591235.0,22.11330763131272,22.602739726027398,66,99,2020-02-24
percentile,039030.KQ,2019-12-27,102600.0,90.0,2019-12-30,101400.0,101.0,115.0,True,91260.0,20482.8,10261882.8,2020-02-25,100100.0,EXIT_MA,20220.2,-172003.0,-1.6761349096678437,-1.2820512820512775,37,57,2020-02-24
percentile,189300.KQ,2020-02-21,34920.35938,87.38738738738738,2020-02-24,33952.91016,419.0,419.0,False,30557.619144,28452.538714079998,14254721.895754078,2020-02-27,30557.619144,STOP,25607.284842672,-1476686.7592607494,-10.359281437125732,-9.999999999999998,4,3,
percentile,036830.KQ,2019-12-17,70715.78906,82.72727272727273,2019-12-18,71237.03906,164.0,164.0,False,64113.335154,23365.74881168,11706240.154651681,2020-02-28,76015.13281,EXIT_MA,24932.96356168,735308.662626639,6.281339293508779,6.707316605306413,47,72,2020-02-27
percentile,067310.KQ,2020-01-09,4135.86377,82.88288288288288,2020-01-10,4156.17041,2.0,3046.0,True,3740.5533689999997,16.62468164,8328.96550164,2020-02-28,3959.869385,EXIT_MA,15.83947754,-425.06620917999953,-5.103469441628768,-4.723122625763554,33,49,2020-02-27
percentile,237690.KQ,2020-02-26,33000.0,90.09009009009009,2020-02-27,33100.0,430.0,430.0,False,29790.0,28466.0,14261466.0,2020-02-28,29790.0,STOP,25619.4,-1477385.4000000004,-10.359281437125752,-9.999999999999998,2,1,
percentile,082920.KQ,2020-01-20,8050.0,77.47747747747748,2020-01-21,8050.0,2.0,1655.0,True,7245.0,32.2,16132.2,2020-03-02,7500.0,EXIT_MA,30.0,-1162.2000000000007,-7.20422509019229,-6.8322981366459645,27,41,2020-02-28
percentile,131970.KQ,2020-01-28,34150.0,95.4954954954955,2020-01-29,34800.0,274.0,399.0,True,31320.0,19070.4,9554270.4,2020-03-10,31320.0,STOP,17163.36,-989753.7599999998,-10.359281437125746,-9.999999999999998,30,41,
percentile,058470.KQ,2020-02-17,17600.0,87.38738738738738,2020-02-18,17480.0,181.0,842.0,True,15732.0,6327.76,3170207.76,2020-03-10,15720.0,STOP,5690.64,-330578.3999999999,-10.427657271269815,-10.068649885583525,16,21,
percentile,290650.KQ,2020-03-05,18800.0,100.0,2020-03-06,18666.66602,728.0,728.0,False,16799.999418,27178.66572512,13616511.52828512,2020-03-10,16799.999418,STOP,24460.799152608,-1410572.751133727,-10.359281437125741,-10.000000000000009,3,4,
percentile,237690.KQ,2020-03-05,35050.0,91.8918918918919,2020-03-06,34700.0,390.0,390.0,False,31230.0,27066.0,13560066.0,2020-03-11,31230.0,STOP,24359.4,-1404725.4000000004,-10.359281437125752,-9.999999999999998,4,5,
percentile,096530.KQ,2020-03-10,27350.0,97.32142857142857,2020-03-11,31350.0,475.0,475.0,False,28215.0,29782.5,14921032.5,2020-03-11,28215.0,STOP,26804.25,-1545711.75,-10.359281437125748,-9.999999999999998,1,0,
percentile,036540.KQ,2019-10-15,3040.0,90.74074074074075,2019-10-16,3045.0,4024.0,4024.0,False,2740.5,24506.16,12277586.16,2020-03-12,5190.0,EXIT_MA,41769.12,8565204.719999999,69.76293717982752,70.44334975369458,101,148,2020-03-11
percentile,083450.KQ,2019-10-25,7450.0,75.92592592592592,2019-10-28,7470.0,1642.0,1642.0,False,6723.0,24531.48,12290271.48,2020-03-12,14000.0,EXIT_MA,45976.0,10651752.52,86.66816300464666,87.41633199464525,93,136,2020-03-11
percentile,101490.KQ,2019-12-12,10000.0,95.45454545454545,2019-12-13,10100.0,1111.0,1111.0,False,9090.0,22442.2,11243542.2,2020-03-12,15750.0,EXIT_MA,34996.5,6219711.300000001,55.31807671785144,55.940594059405946,59,90,2020-03-11
percentile,137400.KQ,2019-12-16,7330.0,73.63636363636363,2019-12-17,7330.0,1563.0,1563.0,False,6597.0,22913.58,11479703.58,2020-03-13,8190.0,EXIT_MA,25601.940000000002,1295664.4800000004,11.286567383650166,11.732605729877221,58,87,2020-03-12
percentile,222080.KQ,2020-02-10,3530.0,82.88288288288288,2020-02-11,3530.0,2755.0,3853.0,True,3177.0,19450.3,9744600.3,2020-03-13,3177.0,STOP,17505.27,-1009470.5700000003,-10.35928143712575,-9.999999999999998,24,31,
percentile,213420.KQ,2019-12-26,25450.0,78.18181818181819,2019-12-27,25800.0,452.0,452.0,False,23220.0,23323.2,11684923.2,2020-03-17,28000.0,EXIT_MA,25312.0,945764.8000000007,8.093889739900053,8.52713178294573,53,81,2020-03-16
percentile,096530.KQ,2020-03-27,57950.0,100.0,2020-03-30,63300.0,205.0,205.0,False,56970.0,25953.0,13002453.0,2020-03-30,56970.0,STOP,23357.7,-1346960.6999999993,-10.359281437125743,-9.999999999999998,1,0,
percentile,237690.KQ,2020-04-06,39200.0,95.53571428571429,2020-04-07,39200.0,306.0,306.0,False,35280.0,23990.4,12019190.4,2020-04-13,35280.0,STOP,21591.36,-1245101.7599999998,-10.359281437125746,-9.999999999999998,5,6,
percentile,101490.KQ,2020-04-07,17900.0,99.10714285714286,2020-04-08,17650.0,671.0,671.0,False,15885.0,23686.3,11866836.3,2020-04-14,17000.0,EXIT_MA,22814.0,-482650.30000000075,-4.067219668312107,-3.682719546742208,4,6,2020-04-13
percentile,222080.KQ,2020-04-16,3975.0,90.17857142857143,2020-04-17,4120.0,3031.0,3031.0,False,3708.0,24975.440000000002,12512695.44,2020-04-21,3708.0,STOP,22477.896,-1296225.3359999992,-10.359281437125741,-9.999999999999998,3,4,
percentile,093320.KQ,2020-03-30,47800.0,90.17857142857143,2020-03-31,49150.0,246.0,246.0,False,44235.0,24181.8,12115081.8,2020-06-04,58500.0,EXIT_MA,28782.0,2247136.1999999993,18.54825445751426,19.02339776195321,43,65,2020-06-03
percentile,036540.KQ,2020-05-07,5690.0,92.85714285714286,2020-05-08,5850.0,2188.0,2188.0,False,5265.0,25599.600000000002,12825399.6,2020-06-11,5265.0,STOP,23039.64,-1328619.2400000002,-10.35928143712575,-9.999999999999998,25,34,
percentile,253590.KQ,2020-06-03,2625.0,91.22807017543859,2020-06-04,2605.0,5502.0,5839.0,True,2344.5,28665.420000000002,14361375.42,2020-06-12,2300.0,STOP,25309.2,-1732084.6199999992,-12.06071542136456,-11.708253358925147,7,8,
percentile,213420.KQ,2020-04-29,31300.0,86.60714285714286,2020-05-04,30500.0,380.0,380.0,False,27450.0,23180.0,11613180.0,2020-06-16,31200.0,EXIT_MA,23712.0,219108.0,1.8867183665455973,2.2950819672131084,30,43,2020-06-15
percentile,089030.KQ,2020-05-06,8250.0,72.32142857142857,2020-05-07,8325.0,1470.0,1470.0,False,7492.5,24475.5,12262225.5,2020-06-16,8250.0,EXIT_MA,24255.0,-158980.5,-1.2965060869252487,-0.9009009009009028,28,40,2020-06-15
percentile,298380.KQ,2020-06-16,33200.0,87.71929824561403,2020-06-17,32700.0,463.0,463.0,False,29430.0,30280.2,15170380.2,2020-06-30,29430.0,STOP,27252.18,-1571542.379999999,-10.359281437125741,-9.999999999999998,10,13,
percentile,036810.KQ,2020-06-17,25830.80078,99.12280701754386,2020-06-18,26467.99414,331.0,594.0,True,23821.194725999998,17521.812120680002,8778427.87246068,2020-07-01,23821.194725999998,STOP,15769.630908611998,-909382.0490632933,-10.359281437125762,-10.000000000000009,10,13,
percentile,290650.KQ,2020-04-10,18966.66602,99.10714285714286,2020-04-13,19666.66602,628.0,628.0,False,17699.999418,24701.332521120003,12375367.59308112,2020-07-16,33333.33203,EXIT_MA,41866.66502968,8516098.2567292,68.8149114979859,69.4915243697213,64,94,2020-07-15
percentile,064760.KQ,2020-04-09,70000.0,74.10714285714286,2020-04-10,70100.0,169.0,169.0,False,63090.0,23693.8,11870593.8,2020-07-21,90600.0,EXIT_MA,30622.8,3410183.3999999985,28.727993371317268,29.243937232524964,68,102,2020-07-20
percentile,083450.KQ,2020-05-06,15050.0,92.85714285714286,2020-05-07,14900.0,806.0,806.0,False,13410.0,24018.8,12033418.8,2020-07-27,19500.0,EXIT_MA,31434.0,3652147.1999999993,30.350038178676197,30.87248322147651,57,81,2020-07-24
percentile,068760.KQ,2020-05-13,68519.38281,96.42857142857143,2020-05-14,67390.82812,189.0,189.0,False,60651.745308000005,25473.733029360003,12762340.247709362,2020-07-30,95282.25,EXIT_MA,36016.690500000004,5209988.31179064,40.82314223463639,41.38756364639846,55,77,2020-07-29
percentile,126340.KQ,2020-07-15,29287.14258,92.24137931034483,2020-07-16,30998.72852,602.0,602.0,False,27898.855668,37322.46913808,18698557.03817808,2020-07-30,27898.855668,STOP,33590.222224272,-1937036.1482663527,-10.359281437125754,-9.999999999999998,11,14,
percentile,131970.KQ,2020-07-30,44750.0,72.41379310344827,2020-07-31,45000.0,372.0,425.0,True,40500.0,33480.0,16773480.0,2020-08-13,40500.0,STOP,30132.0,-1737612.0,-10.359281437125748,-9.999999999999998,10,13,
percentile,089970.KQ,2020-07-01,14900.0,92.17391304347827,2020-07-02,14900.0,1065.0,1065.0,False,13410.0,31737.0,15900237.0,2020-08-14,13950.0,EXIT_MA,29713.5,-1073200.5,-6.749588072177792,-6.375838926174493,31,43,2020-08-13
percentile,096530.KQ,2020-07-29,119100.0,100.0,2020-07-30,119500.0,150.0,155.0,True,107550.0,35850.0,17960850.0,2020-08-14,107550.0,STOP,32265.0,-1860615.0,-10.359281437125748,-9.999999999999998,12,15,
percentile,059090.KQ,2020-07-27,15750.0,92.24137931034483,2020-07-28,16200.0,966.0,1164.0,True,14580.0,31298.4,15680498.4,2020-08-18,14580.0,STOP,28168.56,-1624386.960000001,-10.359281437125754,-9.999999999999998,15,21,
percentile,095340.KQ,2020-07-15,20800.0,90.51724137931035,2020-07-16,20800.0,105.0,848.0,True,18720.0,4368.0,2188368.0,2020-08-20,18720.0,STOP,3931.2000000000003,-226699.19999999995,-10.359281437125746,-9.999999999999998,25,35,
percentile,084370.KQ,2020-06-12,24500.0,83.33333333333334,2020-06-15,24000.0,525.0,635.0,True,21600.0,25200.0,12625200.0,2020-08-21,28850.0,EXIT_MA,30292.5,2490757.5,19.728459747172323,20.20833333333334,48,67,2020-08-20
percentile,319660.KQ,2020-07-01,14025.0,77.39130434782608,2020-07-02,14150.0,392.0,1132.0,True,12735.0,11093.6,5557893.6,2020-08-24,13525.0,EXIT_MA,10603.6,-266697.19999999925,-4.7985301481841836,-4.416961130742047,36,53,2020-08-21
percentile,064760.KQ,2020-08-19,109000.0,71.55172413793103,2020-08-20,109000.0,173.0,173.0,False,98100.0,37714.0,18894714.0,2020-08-24,98100.0,STOP,33942.6,-1957356.6000000015,-10.359281437125755,-9.999999999999998,3,4,
percentile,101490.KQ,2020-04-29,20950.0,98.21428571428571,2020-05-04,20350.0,568.0,568.0,False,18315.0,23117.600000000002,11581917.6,2020-09-08,42650.0,EXIT_MA,48450.4,12594832.000000002,108.74565365583331,109.58230958230959,89,127,2020-09-07
percentile,086450.KQ,2020-04-22,19840.0,84.82142857142857,2020-04-23,19580.0,607.0,607.0,False,17622.0,23770.12,11908830.12,2020-09-16,29650.0,EXIT_MA,35995.1,6052724.779999999,50.82551954314047,51.43003064351379,100,146,2020-09-15
percentile,059090.KQ,2020-09-07,19600.0,93.96551724137932,2020-09-08,20150.0,1031.0,1031.0,False,18135.0,41549.3,20816199.3,2020-09-16,18100.0,STOP,37322.200000000004,-2192421.5,-10.532285305319881,-10.173697270471461,7,8,
percentile,131970.KQ,2020-09-10,48450.0,79.3103448275862,2020-09-11,48550.0,415.0,415.0,False,43695.0,40296.5,20188546.5,2020-09-21,43695.0,STOP,36266.85,-2091388.3500000015,-10.359281437125755,-9.999999999999998,7,10,
percentile,131290.KQ,2020-04-23,12950.0,80.35714285714286,2020-04-24,12900.0,938.0,938.0,False,11610.0,24200.4,12124400.4,2020-09-22,35450.0,EXIT_MA,66504.2,21061195.4,173.70917080567546,174.80620155038758,103,151,2020-09-21
percentile,196170.KQ,2020-05-06,26752.13672,99.10714285714286,2020-05-07,26880.3418,453.0,453.0,False,24192.30762,24353.589670799996,12201148.425070798,2020-09-23,80683.75781,EXIT_MA,73099.48457586,24275494.378283337,198.96073330607382,200.1589727181222,98,139,2020-09-22
percentile,232140.KQ,2020-07-08,4485.0,71.30434782608695,2020-07-09,4575.0,2.0,3868.0,True,4117.5,18.3,9168.3,2020-09-23,5200.0,EXIT_MA,20.8,1210.9000000000015,13.207464851717345,13.661202185792343,53,76,2020-09-22
percentile,214450.KQ,2020-08-18,67900.0,75.86206896551724,2020-08-19,68400.0,266.0,266.0,False,61560.0,36388.8,18230788.8,2020-09-23,64000.0,EXIT_MA,34048.0,-1240836.8000000007,-6.806270499935804,-6.432748538011701,25,35,2020-09-22
percentile,141080.KQ,2020-09-15,65300.0,81.89655172413794,2020-09-16,64100.0,279.0,314.0,True,57690.0,35767.8,17919667.8,2020-09-23,57690.0,STOP,32191.02,-1856348.8200000003,-10.35928143712575,-9.999999999999998,6,7,
percentile,126340.KQ,2020-08-26,32558.17383,89.65517241379311,2020-08-27,32596.20898,577.0,577.0,False,29336.588082,37616.02516292,18845628.60662292,2020-09-24,30238.02344,EXIT_MA,34894.67904976,-1433183.76079268,-7.604860472995931,-7.234539272486895,20,28,2020-09-23
percentile,039200.KQ,2020-09-21,43954.32422,79.3103448275862,2020-09-22,44909.85156,441.0,441.0,False,40418.866404,39610.48907592,19844855.02703592,2020-09-24,40418.866404,STOP,35649.440168328,-2055784.3830402493,-10.359281437125754,-10.000000000000009,3,2,
percentile,222080.KQ,2020-05-19,4585.0,88.49557522123894,2020-05-20,4530.0,2.0,3044.0,True,4077.0,18.12,9078.12,2020-09-25,7110.0,EXIT_MA,28.44,5113.439999999999,56.3270809374628,56.95364238410596,91,128,2020-09-24
percentile,086520.KQ,2020-07-22,8419.716797,75.0,2020-07-23,8463.798828,1802.0,2131.0,True,7617.418945200001,30503.530976112004,15282269.019032115,2020-09-25,9665.041016,EXIT_MA,34832.807821664,2099302.083978219,13.73684811701591,14.192707227705359,45,64,2020-09-24
percentile,253590.KQ,2020-09-11,3185.0,80.17241379310344,2020-09-14,3185.0,2570.0,6344.0,True,2866.5,16370.9,8201820.9,2020-09-25,3095.0,EXIT_MA,15908.300000000001,-263579.2000000002,-3.2136668578071506,-2.8257456828885363,9,11,2020-09-24
percentile,000250.KQ,2020-10-08,62800.0,75.86206896551724,2020-10-12,63400.0,289.0,289.0,False,57060.0,36645.200000000004,18359245.2,2020-10-13,57060.0,STOP,32980.68,-1901885.879999999,-10.359281437125743,-9.999999999999998,2,1,
percentile,290650.KQ,2020-10-06,51866.66797,97.41379310344827,2020-10-07,51166.66797,355.0,355.0,False,46050.001173000004,36328.3342587,18200495.4636087,2020-10-14,46050.001173000004,STOP,32695.500832830006,-1885440.5480265282,-10.359281437125738,-9.999999999999998,5,7,
percentile,092870.KQ,2020-10-07,13564.35645,79.3103448275862,2020-10-08,13613.86133,1344.0,1344.0,False,12252.475197,36594.059255039996,18333623.68677504,2020-10-15,12252.475197,STOP,32934.653329536,-1899231.675336577,-10.359281437125754,-9.999999999999998,5,7,
percentile,137400.KQ,2020-05-13,10400.0,88.39285714285714,2020-05-14,10400.0,806.0,1246.0,True,9360.0,16764.8,8399164.8,2020-10-16,20950.0,EXIT_MA,33771.4,8452763.8,100.63814678335636,101.44230769230771,106,155,2020-10-15
percentile,226950.KQ,2020-09-29,34100.0,74.13793103448276,2020-10-05,34000.0,534.0,534.0,False,30600.0,36312.0,18192312.0,2020-10-16,30600.0,STOP,32680.8,-1884592.8000000007,-10.359281437125754,-9.999999999999998,9,11,
percentile,237690.KQ,2020-06-11,39850.0,84.21052631578947,2020-06-12,38200.0,300.0,387.0,True,34380.0,22920.0,11482920.0,2020-10-22,64300.0,EXIT_MA,38580.0,7768500.0,67.65265280956412,68.32460732984293,89,132,2020-10-21
percentile,095340.KQ,2020-10-08,21250.0,76.72413793103449,2020-10-12,21400.0,854.0,854.0,False,19260.0,36551.200000000004,18312151.2,2020-10-22,19260.0,STOP,32896.08,-1897007.2799999993,-10.359281437125745,-9.999999999999998,9,10,
percentile,145020.KQ,2020-10-22,223158.1094,77.58620689655173,2020-10-23,223158.1094,77.0,77.0,False,200842.29846,34366.3488476,17217540.7726476,2020-10-26,200842.29846,STOP,30929.71396284,-1783613.5051904414,-10.359281437125755,-9.999999999999998,2,3,
percentile,127120.KQ,2020-06-26,5615.092285,80.7017543859649,2020-06-29,5671.525391,1.0,2935.0,True,5104.372851900001,11.343050782,5682.868441782,2020-10-27,17682.36914,EXIT_MA,35.36473828,11964.135959937998,210.52987734106958,211.77448606788752,81,120,2020-10-26
percentile,093320.KQ,2020-08-24,73200.0,73.27586206896551,2020-08-25,72600.0,252.0,252.0,False,65340.0,36590.4,18331790.4,2020-10-27,81700.0,EXIT_MA,41176.8,2215432.8000000007,12.085195999186206,12.534435261707987,41,63,2020-10-26
percentile,119850.KQ,2020-11-09,7180.0,70.6896551724138,2020-11-10,6780.0,2366.0,2366.0,False,6102.0,32082.96,16073562.96,2020-11-13,6150.0,EXIT_MA,29101.8,-1551764.7600000016,-9.654143041350936,-9.292035398230091,3,3,2020-11-12
percentile,065350.KQ,2020-11-10,7140.0,93.96551724137932,2020-11-11,7050.0,2375.0,2375.0,False,6345.0,33487.5,16777237.5,2020-11-13,6345.0,STOP,30138.75,-1738001.25,-10.359281437125748,-9.999999999999998,3,2,
percentile,043260.KQ,2020-11-05,1375.0,91.37931034482759,2020-11-06,1275.0,12328.0,12328.0,False,1147.5,31436.4,15749636.4,2020-11-17,1147.5,STOP,28292.760000000002,-1631549.1600000001,-10.359281437125748,-9.999999999999998,8,11,
percentile,237690.KQ,2020-11-18,76800.0,94.82758620689656,2020-11-19,79600.0,224.0,224.0,False,71640.0,35660.8,17866060.8,2020-11-20,71640.0,STOP,32094.72,-1850795.5200000014,-10.359281437125755,-9.999999999999998,2,1,
percentile,067310.KQ,2020-11-16,5895.805664,71.55172413793103,2020-11-17,5787.501465,2877.0,2877.0,False,5208.751318500001,33301.283429610005,16683942.998234611,2020-11-26,5577.662109,EXIT_MA,32093.867775185998,-669102.9784167986,-4.010460707565345,-3.6257330951708133,7,9,2020-11-25
percentile,032820.KQ,2020-11-20,1615.0,89.65517241379311,2020-11-23,1595.0,10273.0,10883.0,True,1435.5,32770.87,16418205.87,2020-12-01,1435.5,STOP,29493.783,-1700808.152999999,-10.359281437125743,-9.999999999999998,7,8,
percentile,090710.KQ,2020-11-17,2110.0,97.41379310344827,2020-11-18,2115.0,8035.0,8035.0,False,1903.5,33988.05,17028013.05,2020-12-04,1855.0,STOP,29809.850000000002,-2152897.9000000004,-12.643271376868014,-12.29314420803782,13,16,
percentile,226950.KQ,2020-11-26,54950.0,95.6896551724138,2020-11-27,55150.0,289.0,328.0,True,49635.0,31876.7,15970226.7,2020-12-04,49635.0,STOP,28689.03,-1654400.7299999986,-10.359281437125741,-9.999999999999998,6,7,
percentile,253590.KQ,2020-12-02,3830.0,87.06896551724138,2020-12-03,3870.0,3796.0,4752.0,True,3483.0,29381.04,14719901.04,2020-12-14,3483.0,STOP,26442.936,-1524875.9759999998,-10.359281437125748,-9.999999999999998,8,11,
percentile,036810.KQ,2020-12-10,27252.23047,94.82758620689656,2020-12-11,27595.33398,2.0,662.0,True,24835.800582,110.38133592,55301.04929592,2020-12-22,24835.800582,STOP,99.343202328,-5728.791334247995,-10.359281437125741,-9.999999999999998,8,11,
percentile,237690.KQ,2020-12-07,109400.0,97.41379310344827,2020-12-08,109400.0,165.0,165.0,False,98460.0,36102.0,18087102.0,2020-12-23,98460.0,STOP,32491.8,-1873693.8000000007,-10.359281437125754,-9.999999999999998,12,15,
percentile,039200.KQ,2020-11-05,51216.34375,94.82758620689656,2020-11-06,51598.55469,330.0,330.0,False,46438.699220999995,34055.0460954,17061578.0937954,2021-01-07,44145.42969,STOP,29135.983595399997,-2522722.2796908002,-14.785984425486475,-14.444445284907259,42,62,
percentile,141080.KQ,2020-12-07,65100.0,86.20689655172413,2020-12-08,65600.0,168.0,278.0,True,59040.0,22041.600000000002,11042841.6,2021-01-13,61200.0,EXIT_MA,20563.2,-781804.7999999989,-7.079742953118144,-6.707317073170726,23,36,2021-01-12
percentile,099320.KQ,2021-01-12,41200.0,81.19658119658119,2021-01-13,44650.0,229.0,472.0,True,40185.0,20449.7,10245299.7,2021-01-13,40185.0,STOP,18404.73,-1061339.4299999997,-10.359281437125746,-9.999999999999998,1,0,
percentile,101490.KQ,2020-11-16,38950.0,91.37931034482759,2020-11-17,38500.0,435.0,435.0,False,34650.0,33495.0,16780995.0,2021-01-14,40400.0,EXIT_MA,35148.0,757857.0,4.516162480234336,4.935064935064926,39,58,2021-01-13
percentile,068760.KQ,2020-11-11,104149.4688,92.24137931034483,2020-11-12,102376.0234,162.0,162.0,False,92138.42106000001,33169.8315816,16618085.622381601,2021-01-18,152524.1562,EXIT_MA,49417.8266088,8041409.8554096,48.38950790203688,48.984255428698354,44,67,2021-01-15
percentile,232140.KQ,2020-11-04,5640.0,73.27586206896551,2020-11-05,5770.0,3003.0,3003.0,False,5193.0,34654.62,17361964.62,2021-01-19,5940.0,EXIT_MA,35675.64,440179.73999999836,2.5353106611733107,2.9462738301559765,50,75,2021-01-18
percentile,319660.KQ,2020-11-16,18625.0,80.17241379310344,2020-11-17,18400.0,910.0,910.0,False,16560.0,33488.0,16777488.0,2021-01-19,18500.0,EXIT_MA,33670.0,23842.0,0.14210709016749112,0.5434782608695565,42,63,2021-01-18
percentile,005290.KQ,2020-11-12,30950.0,73.27586206896551,2020-11-13,30600.0,544.0,544.0,False,27540.0,33292.8,16679692.8,2021-01-28,32250.0,EXIT_MA,35088.0,829219.1999999993,4.971429689640323,5.392156862745101,51,76,2021-01-27
percentile,122640.KQ,2021-01-21,16000.0,76.92307692307693,2021-01-22,15950.0,436.0,1302.0,True,14355.0,13908.4,6968108.4,2021-01-28,14355.0,STOP,12517.56,-721845.96,-10.359281437125748,-9.999999999999998,5,6,
percentile,183300.KQ,2021-01-22,11540.0,76.06837606837607,2021-01-25,12200.0,1.0,1754.0,True,10980.0,24.400000000000002,12224.4,2021-01-28,10980.0,STOP,21.96,-1266.3599999999988,-10.35928143712574,-9.999999999999998,4,3,
percentile,137400.KQ,2021-01-07,27250.0,93.16239316239316,2021-01-08,28050.0,517.0,703.0,True,25245.0,29003.7,14530853.7,2021-01-29,25245.0,STOP,26103.33,-1505292.0299999993,-10.359281437125745,-9.999999999999998,16,21,
percentile,131290.KQ,2020-11-03,39000.0,96.55172413793103,2020-11-04,38750.0,433.0,433.0,False,34875.0,33557.5,16812307.5,2021-02-09,58300.0,EXIT_MA,50487.8,8381104.699999999,49.85100766209516,50.451612903225794,66,97,2021-02-08
percentile,225570.KQ,2021-02-04,17450.0,92.3076923076923,2021-02-05,18050.0,2.0,1180.0,True,16245.0,72.2,36172.2,2021-02-18,16245.0,STOP,64.98,-3747.1799999999967,-10.359281437125741,-9.999999999999998,8,13,
percentile,247540.KQ,2020-11-05,35300.38672,84.48275862068965,2020-11-06,35868.55078,480.0,480.0,False,32281.695701999997,34433.808748799995,17251338.183148798,2021-02-23,42513.62109,EXIT_MA,40813.0762464,3114386.8638048023,18.053016123972068,18.526174505230465,72,109,2021-02-22
percentile,263750.KQ,2021-01-28,63860.0,71.7948717948718,2021-01-29,64740.0,310.0,310.0,False,58266.0,40138.8,20109538.8,2021-02-24,58266.0,STOP,36124.92,-2083203.7200000025,-10.35928143712576,-9.999999999999998,17,26,
percentile,166090.KQ,2021-02-19,38100.0,81.19658119658119,2021-02-22,38050.0,1.0,545.0,True,34245.0,76.10000000000001,38126.1,2021-02-24,34245.0,STOP,68.49,-3949.5899999999965,-10.35928143712574,-9.999999999999998,3,2,
percentile,048410.KQ,2021-02-23,21037.15234,100.0,2021-02-24,22213.72656,915.0,969.0,True,19992.353904,40651.1196048,20366210.9220048,2021-02-24,19992.353904,STOP,36586.007644319994,-2109793.107489124,-10.359281437125768,-9.999999999999998,1,0,
percentile,036810.KQ,2021-02-16,34408.39062,95.72649572649573,2021-02-17,34114.30078,83.0,620.0,True,30702.870702,5662.973929479999,2837149.93866948,2021-02-26,30702.870702,STOP,5096.676536532,-293908.3469400122,-10.359281437125755,-9.999999999999998,8,9,
percentile,048410.KQ,2021-02-26,25743.44922,100.0,2021-03-02,25131.63086,762.0,762.0,False,22618.467774,38300.605430640004,19188603.320750643,2021-03-05,22618.467774,STOP,34470.544887576,-1987801.4218502194,-10.359281437125764,-9.999999999999998,4,3,
percentile,222080.KQ,2020-12-14,7320.0,77.58620689655173,2020-12-15,7400.0,1780.0,2415.0,True,6660.0,26344.0,13198344.0,2021-03-08,13750.0,EXIT_MA,48950.0,11227706.0,85.06905108701515,85.8108108108108,53,83,2021-03-05
percentile,058470.KQ,2021-01-20,32500.0,74.35897435897436,2021-01-21,32380.0,619.0,619.0,False,29142.0,40086.44,20083306.44,2021-03-09,28760.0,EXIT_MA,35604.88,-2316471.3200000003,-11.534312474495112,-11.179740580605312,30,47,2021-03-08
percentile,036540.KQ,2021-02-15,8910.0,70.94017094017094,2021-02-16,9180.0,2428.0,2428.0,False,8262.0,44578.08,22333618.08,2021-03-09,8262.0,STOP,40120.272,-2313602.351999998,-10.359281437125741,-9.999999999999998,15,21,
percentile,171090.KQ,2021-03-03,17800.0,97.43589743589743,2021-03-04,19700.0,997.0,1117.0,True,17730.0,39281.8,19680181.8,2021-03-10,17730.0,STOP,35353.62,-2038725.4200000018,-10.359281437125757,-9.999999999999998,5,6,
percentile,084370.KQ,2020-11-16,31950.0,75.0,2020-11-17,31550.0,531.0,531.0,False,28395.0,33506.1,16786556.1,2021-03-11,37200.0,EXIT_MA,39506.4,2927137.5,17.437391461134784,17.908082408874805,76,114,2021-03-10
percentile,086520.KQ,2020-12-24,11020.57129,75.0,2020-12-28,11086.69531,1464.0,1674.0,True,9978.025779,32461.84386768,16263383.77770768,2021-03-11,13736.48145,EXIT_MA,40220.4176856,3806604.6474067178,23.40598180204328,23.900594955558496,48,73,2021-03-10
percentile,189300.KQ,2021-01-18,59060.55859,94.87179487179486,2021-01-19,58139.17578,331.0,331.0,False,52325.258202,38488.134366360006,19282555.31754636,2021-03-17,66247.33594,EXIT_MA,43855.73639228001,2601457.142201364,13.49124687760725,13.946121614591632,38,57,2021-03-16
percentile,099320.KQ,2021-01-20,52000.0,94.01709401709401,2021-01-21,53100.0,387.0,387.0,False,47790.0,41099.4,20590799.4,2021-03-23,61000.0,EXIT_MA,47214.0,2968986.6000000015,14.418996282388152,14.87758945386064,40,61,2021-03-22
percentile,241710.KQ,2021-04-05,17500.0,78.8135593220339,2021-04-06,17550.0,1153.0,1153.0,False,15795.0,40470.3,20275620.3,2021-04-19,15795.0,STOP,36423.270000000004,-2100408.5700000003,-10.35928143712575,-9.999999999999998,10,13,
percentile,319400.KQ,2021-04-14,5350.0,88.13559322033898,2021-04-15,5350.0,1.0,3760.0,True,4815.0,10.700000000000001,5360.7,2021-04-19,4815.0,STOP,9.63,-555.3299999999999,-10.359281437125748,-9.999999999999998,3,4,
percentile,240810.KQ,2021-04-02,56600.0,73.72881355932203,2021-04-05,57400.0,352.0,352.0,False,51660.0,40409.6,20245209.6,2021-04-28,51660.0,STOP,36368.64,-2097258.240000002,-10.359281437125759,-9.999999999999998,18,23,
percentile,090360.KQ,2021-04-05,28950.0,89.83050847457628,2021-04-06,29450.0,697.0,697.0,False,26505.0,41053.3,20567703.3,2021-04-29,26505.0,STOP,36947.97,-2130666.2699999996,-10.359281437125746,-9.999999999999998,18,23,
percentile,064290.KQ,2020-11-27,14200.0,80.17241379310344,2020-11-30,14200.0,3.0,1268.0,True,12780.0,85.2,42685.2,2021-04-30,25000.0,EXIT_MA,150.0,32164.800000000003,75.35351831548172,76.05633802816902,103,151,2021-04-29
percentile,036930.KQ,2021-04-20,14700.0,86.4406779661017,2021-04-21,14500.0,1.0,1478.0,True,13050.0,29.0,14529.0,2021-05-03,13050.0,STOP,26.1,-1505.1000000000004,-10.359281437125752,-9.999999999999998,9,12,
percentile,327260.KQ,2021-04-29,8652.228516,76.27118644067797,2021-04-30,8785.526367,2103.0,2310.0,True,7906.9737303,36951.92389960201,18512913.873700604,2021-05-03,7906.9737303,STOP,33256.7315096418,-1917804.8503893465,-10.35928143712576,-9.999999999999998,2,3,
percentile,183300.KQ,2021-03-24,13980.0,88.98305084745762,2021-03-25,13980.0,1401.0,1401.0,False,12582.0,39171.96,19625151.96,2021-05-04,12400.0,EXIT_MA,34744.8,-2287496.7600000016,-11.655944191730995,-11.301859799713876,28,40,2021-05-03
percentile,092870.KQ,2021-04-09,15900.0,72.03389830508475,2021-04-12,16150.0,145.0,1244.0,True,14535.0,4683.5,2346433.5,2021-05-04,14535.0,STOP,4215.15,-243073.6499999999,-10.359281437125745,-9.999999999999998,17,22,
percentile,166090.KQ,2021-04-19,47300.0,88.13559322033898,2021-04-20,47700.0,380.0,459.0,True,42930.0,36252.0,18162252.0,2021-05-04,42700.0,STOP,32452.0,-1968704.0,-10.839536859195654,-10.482180293501052,11,14,
percentile,064760.KQ,2021-01-15,135000.0,71.7948717948718,2021-01-18,133100.0,143.0,143.0,False,119790.0,38066.6,19071366.6,2021-05-07,184000.0,EXIT_MA,52624.0,7188009.3999999985,37.690059400357804,38.241923365890315,75,109,2021-05-06
percentile,084370.KQ,2021-03-24,45400.0,84.7457627118644,2021-03-25,45950.0,431.0,431.0,False,41355.0,39608.9,19844058.9,2021-05-12,46600.0,EXIT_MA,40169.200000000004,200371.90000000224,1.0097324393650247,1.4145810663764857,33,48,2021-05-11
percentile,083650.KQ,2021-03-08,3645.0,82.90598290598291,2021-03-09,3590.0,5220.0,5220.0,False,3231.0,37479.6,18777279.6,2021-05-13,3970.0,EXIT_MA,41446.8,1904673.5999999978,10.143501298239164,10.584958217270191,46,65,2021-05-12
percentile,319660.KQ,2021-04-05,22000.0,72.88135593220339,2021-04-06,22275.0,917.0,917.0,False,20047.5,40852.35,20467027.35,2021-05-13,20047.5,STOP,36767.115,-2120236.965,-10.359281437125748,-9.999999999999998,27,37,
percentile,140860.KQ,2021-02-02,104700.0,91.45299145299145,2021-02-03,104500.0,159.0,192.0,True,94050.0,33231.0,16648731.0,2021-05-14,137900.0,EXIT_MA,43852.200000000004,5233516.800000001,31.434929184692823,31.96172248803828,68,100,2021-05-13
percentile,023160.KQ,2021-05-06,12000.0,83.89830508474576,2021-05-07,12000.0,1631.0,1631.0,False,10800.0,39144.0,19611144.0,2021-05-21,10800.0,STOP,35229.6,-2031573.6000000015,-10.359281437125755,-9.999999999999998,10,14,
percentile,060370.KQ,2021-05-10,8350.0,79.66101694915254,2021-05-11,8400.0,2355.0,2408.0,True,7560.0,39564.0,19821564.0,2021-05-24,7560.0,STOP,35607.6,-2053371.6000000015,-10.359281437125755,-9.999999999999998,9,13,
percentile,237690.KQ,2021-04-08,89900.0,77.11864406779661,2021-04-09,94100.0,220.0,220.0,False,84690.0,41404.0,20743404.0,2021-05-25,102200.0,EXIT_MA,44968.0,1695628.0,8.174299647251724,8.607863974495222,30,46,2021-05-24
percentile,086520.KQ,2021-04-28,16816.50977,94.91525423728814,2021-04-29,16816.50977,1077.0,1232.0,True,15134.858793000001,36222.76204458,18147603.784334578,2021-05-28,9667.678711,STOP,20824.179943494,-7756337.992531072,-42.740287283693725,-42.51078943713539,20,29,
percentile,074600.KQ,2021-03-25,24650.0,71.1864406779661,2021-03-26,24500.0,790.0,790.0,False,22050.0,38710.0,19393710.0,2021-06-02,27200.0,EXIT_MA,42976.0,2051314.0,10.577212921096582,11.020408163265305,46,68,2021-06-01
percentile,089970.KQ,2020-11-13,14600.0,75.0,2020-11-16,14400.0,1148.0,1148.0,False,12960.0,33062.4,16564262.4,2021-06-03,26500.0,EXIT_MA,60844.0,13796893.6,83.29313595032157,84.02777777777777,135,199,2021-06-02
percentile,032820.KQ,2021-06-08,2505.0,99.15254237288136,2021-06-09,2520.0,7541.0,7541.0,False,2268.0,38006.64,19041326.64,2021-06-10,2268.0,STOP,34205.976,-1972544.6160000004,-10.35928143712575,-9.999999999999998,2,1,
percentile,060370.KQ,2021-06-07,8990.0,91.52542372881356,2021-06-08,8790.0,2142.0,2142.0,False,7911.0,37656.36,18865836.36,2021-06-18,7911.0,STOP,33890.724,-1954365.0839999989,-10.359281437125743,-9.999999999999998,9,10,
percentile,003380.KQ,2021-05-07,11150.0,77.11864406779661,2021-05-10,11250.0,1760.0,1760.0,False,10125.0,39600.0,19839600.0,2021-06-21,10125.0,STOP,35640.0,-2055240.0,-10.359281437125748,-9.999999999999998,30,42,
percentile,006730.KQ,2021-06-14,8825.277344,72.03389830508475,2021-06-15,8781.587891,2147.0,2147.0,False,7903.429101899999,37708.138403954,18891777.340380955,2021-06-23,7903.429101899999,STOP,33937.32456355859,-1957052.383165218,-10.359281437125777,-9.999999999999998,7,8,
percentile,058610.KQ,2021-05-04,11950.0,82.20338983050848,2021-05-06,11650.0,1647.0,1647.0,False,10485.0,38375.1,19225925.1,2021-07-05,11500.0,EXIT_MA,37881.0,-323306.1000000015,-1.6816153101522353,-1.2875536480686733,41,60,2021-07-02
percentile,237690.KQ,2021-07-02,119700.0,90.67796610169492,2021-07-05,120900.0,156.0,164.0,True,108810.0,37720.8,18898120.8,2021-07-07,113000.0,EXIT_MA,35256.0,-1305376.8000000007,-6.907442352680912,-6.5343258891645934,2,2,2021-07-06
percentile,043260.KQ,2021-06-22,1810.0,88.13559322033898,2021-06-23,1800.0,7.0,11021.0,True,1620.0,25.2,12625.2,2021-07-08,1700.0,EXIT_MA,23.8,-749.0,-5.9325792858726984,-5.555555555555558,11,15,2021-07-07
percentile,241710.KQ,2021-06-03,18450.0,72.03389830508475,2021-06-04,18300.0,1026.0,1026.0,False,16470.0,37551.6,18813351.6,2021-07-09,16600.0,EXIT_MA,34063.2,-1815814.8000000007,-9.651734781802517,-9.289617486338797,25,35,2021-07-08
percentile,036930.KQ,2021-06-23,15700.0,95.76271186440678,2021-06-24,15950.0,1059.0,1259.0,True,14355.0,33782.1,16924832.1,2021-07-09,14350.0,STOP,30393.3,-1758575.4000000022,-10.390504257941808,-10.031347962382442,12,15,
percentile,038500.KQ,2021-06-08,5810.0,72.03389830508475,2021-06-09,5860.0,3251.0,3251.0,False,5274.0,38101.72,19088961.72,2021-07-19,5630.0,EXIT_MA,36606.26,-822437.9800000004,-4.308447950515354,-3.924914675767921,28,40,2021-07-16
percentile,251970.KQ,2021-05-27,23400.0,71.1864406779661,2021-05-28,23400.0,836.0,836.0,False,21060.0,39124.8,19601524.8,2021-07-21,22800.0,EXIT_MA,38121.6,-578846.4000000022,-2.9530682225293114,-2.564102564102566,38,54,2021-07-20
percentile,041830.KQ,2021-05-12,26000.0,75.42372881355932,2021-05-13,24950.0,744.0,744.0,False,22455.0,37125.6,18599925.6,2021-07-23,29700.0,EXIT_MA,44193.6,3452680.799999997,18.56287425149699,19.03807615230462,50,71,2021-07-22
percentile,099320.KQ,2021-07-07,59500.0,93.22033898305084,2021-07-08,60100.0,292.0,331.0,True,54090.0,35098.4,17584298.4,2021-07-26,54090.0,STOP,31588.56,-1821606.959999999,-10.359281437125743,-9.999999999999998,13,18,
percentile,083650.KQ,2021-05-24,5350.0,98.30508474576271,2021-05-25,5250.0,3494.0,3494.0,False,4725.0,36687.0,18380187.0,2021-07-27,5520.0,EXIT_MA,38573.76,868119.2399999984,4.72312517821499,5.142857142857138,45,63,2021-07-26
percentile,171090.KQ,2021-05-18,17000.0,95.76271186440678,2021-05-20,17150.0,1130.0,1130.0,False,15435.0,38759.0,19418259.0,2021-08-04,26450.0,EXIT_MA,59777.0,10410464.0,53.61172698335108,54.22740524781342,54,76,2021-08-03
percentile,067310.KQ,2021-06-15,10491.96191,96.61016949152543,2021-06-16,10356.58105,896.0,1824.0,True,9320.922945,18558.9932416,9298055.6140416,2021-08-12,10458.11621,EXIT_MA,18740.94424832,53675.56587007828,0.5772773157972868,0.9803926557403697,41,57,2021-08-11
percentile,041510.KQ,2021-08-04,71900.0,98.30508474576271,2021-08-05,71900.0,68.0,275.0,True,64710.0,9778.4,4898978.4,2021-08-12,64710.0,STOP,8800.56,-507498.95999999996,-10.359281437125748,-9.999999999999998,6,7,
percentile,089970.KQ,2021-08-05,26450.0,72.88135593220339,2021-08-06,26900.0,2.0,783.0,True,24210.0,107.60000000000001,53907.6,2021-08-13,24300.0,EXIT_MA,97.2,-5404.799999999996,-10.026044565144796,-9.665427509293679,5,7,2021-08-12
percentile,166090.KQ,2021-07-22,51600.0,93.22033898305084,2021-07-23,52200.0,403.0,403.0,False,46980.0,42073.200000000004,21078673.2,2021-08-13,46980.0,STOP,37865.88,-2183599.079999998,-10.359281437125741,-9.999999999999998,16,21,
percentile,064290.KQ,2021-07-22,27300.0,83.05084745762711,2021-07-23,27200.0,734.0,762.0,True,24480.0,39929.6,20004729.6,2021-08-13,24480.0,STOP,35936.64,-2072346.240000002,-10.359281437125759,-9.999999999999998,16,21,
percentile,137400.KQ,2021-08-12,29450.0,76.47058823529412,2021-08-13,29450.0,152.0,733.0,True,26505.0,8952.800000000001,4485352.8,2021-08-17,26505.0,STOP,8057.52,-464650.31999999983,-10.359281437125745,-9.999999999999998,2,4,
percentile,023160.KQ,2021-07-14,12500.0,88.98305084745762,2021-07-15,12650.0,1.0,1611.0,True,11385.0,25.3,12675.3,2021-08-18,11700.0,EXIT_MA,23.400000000000002,-998.6999999999989,-7.879103453172698,-7.509881422924902,23,34,2021-08-17
percentile,083450.KQ,2021-07-16,28200.0,75.42372881355932,2021-07-19,28050.0,650.0,723.0,True,25245.0,36465.0,18268965.0,2021-08-18,27950.0,EXIT_MA,36335.0,-137800.0,-0.7542846570673271,-0.35650623885917776,21,30,2021-08-17
percentile,007390.KQ,2021-06-18,21500.0,97.45762711864407,2021-06-21,21550.0,783.0,899.0,True,19395.0,33747.3,16907397.3,2021-08-24,26250.0,EXIT_MA,41107.5,3605245.1999999993,21.323478333356483,21.809744779582374,45,64,2021-08-23
percentile,131290.KQ,2021-07-13,64200.0,80.50847457627118,2021-07-14,63500.0,194.0,309.0,True,57150.0,24638.0,12343638.0,2021-08-30,68000.0,EXIT_MA,26384.0,821978.0,6.659122699482924,7.086614173228356,32,47,2021-08-27
percentile,065350.KQ,2021-05-21,11250.0,99.15254237288136,2021-05-24,11200.0,1683.0,1683.0,False,10080.0,37699.200000000004,18887299.2,2021-08-31,16350.0,EXIT_MA,55034.1,8574716.7,45.399379811804955,45.98214285714286,70,99,2021-08-30
percentile,263750.KQ,2021-08-26,87900.0,94.11764705882352,2021-08-27,92300.0,229.0,229.0,False,83070.0,42273.4,21178973.4,2021-09-08,83070.0,STOP,38046.06,-2193989.459999997,-10.359281437125736,-9.999999999999998,9,12,
percentile,214150.KQ,2021-08-02,23900.0,88.98305084745762,2021-08-03,23750.0,831.0,831.0,False,21375.0,39472.5,19775722.5,2021-09-09,22200.0,EXIT_MA,36896.4,-1364418.8999999985,-6.899464229435857,-6.52631578947368,26,37,2021-09-08
percentile,222800.KQ,2021-08-26,32700.0,88.23529411764706,2021-08-27,32250.0,617.0,617.0,False,29025.0,39796.5,19938046.5,2021-09-10,29025.0,STOP,35816.85,-2065438.3500000015,-10.359281437125755,-9.999999999999998,11,14,
percentile,031330.KQ,2021-05-18,3470.0,75.42372881355932,2021-05-20,3445.0,5539.0,5539.0,False,3100.5,38163.71,19120018.71,2021-09-14,4705.0,EXIT_MA,52121.99,6888854.300000001,36.02953744180725,36.57474600870827,82,117,2021-09-13
percentile,006730.KQ,2021-09-07,9436.929688,74.78991596638656,2021-09-08,9436.929688,2142.0,2142.0,False,8493.2367192,40427.806783392,20254331.19847939,2021-09-15,8493.2367192,STOP,36385.0261050528,-2098203.172058046,-10.359281437125754,-9.999999999999998,6,7,
percentile,214450.KQ,2021-08-11,94800.0,77.96610169491525,2021-08-12,94800.0,98.0,225.0,True,85320.0,18580.8,9308980.8,2021-09-17,91700.0,EXIT_MA,17973.2,-340354.0,-3.6561897302441526,-3.270042194092826,25,36,2021-09-16
percentile,251970.KQ,2021-08-03,26400.0,84.7457627118644,2021-08-04,26600.0,753.0,753.0,False,23940.0,40059.6,20069859.6,2021-09-27,24700.0,EXIT_MA,37198.200000000004,-1507957.8000000007,-7.513544339891648,-7.14285714285714,34,54,2021-09-24
percentile,213420.KQ,2021-06-21,57000.0,80.50847457627118,2021-06-22,58000.0,306.0,336.0,True,52200.0,35496.0,17783496.0,2021-09-29,60500.0,EXIT_MA,37026.0,692478.0,3.8939362654002343,4.31034482758621,67,99,2021-09-28
percentile,281740.KQ,2021-06-30,4390.0,83.89830508474576,2021-07-01,4435.0,2.0,4562.0,True,3991.5,17.740000000000002,8887.74,2021-09-29,4615.0,EXIT_MA,18.46,323.8000000000011,3.643220886299567,4.0586245772266105,60,90,2021-09-28
percentile,058470.KQ,2021-09-10,38200.0,73.94957983193278,2021-09-13,38200.0,539.0,539.0,False,34380.0,41179.6,20630979.6,2021-09-29,35780.0,EXIT_MA,38570.840000000004,-1384130.4400000013,-6.708990396171015,-6.335078534031413,9,16,2021-09-28
percentile,067310.KQ,2021-08-30,12048.83301,94.11764705882352,2021-08-31,12014.98828,1668.0,1668.0,False,10813.489452,40082.00090208,20081082.45194208,2021-09-30,11405.77734,EXIT_MA,38049.67320624,-1094295.5220283195,-5.4493851347265805,-5.0704247545050425,19,30,2021-09-29
percentile,183300.KQ,2021-08-03,13680.0,71.1864406779661,2021-08-04,13760.0,1453.0,1453.0,False,12384.0,39986.56,20033266.56,2021-10-05,14500.0,EXIT_MA,42137.0,993096.4400000013,4.9572366894118804,5.3779069767441845,39,62,2021-10-01
percentile,222080.KQ,2021-09-30,21400.0,98.33333333333333,2021-10-01,21600.0,955.0,955.0,False,19440.0,41256.0,20669256.0,2021-10-05,19440.0,STOP,37130.4,-2141186.3999999985,-10.359281437125741,-9.999999999999998,2,4,
percentile,041510.KQ,2021-10-05,79000.0,98.33333333333333,2021-10-06,79200.0,256.0,256.0,False,71280.0,40550.4,20315750.4,2021-10-18,71280.0,STOP,36495.36,-2104565.759999998,-10.35928143712574,-9.999999999999998,8,12,
percentile,032820.KQ,2021-10-25,2350.0,88.33333333333333,2021-10-26,2355.0,8441.0,8441.0,False,2119.5,39757.11,19918312.11,2021-11-02,2155.0,EXIT_MA,36380.71,-1764337.8200000003,-8.85786812786317,-8.49256900212314,5,7,2021-11-01
percentile,214150.KQ,2021-10-20,22850.0,86.66666666666667,2021-10-21,23000.0,878.0,878.0,False,20700.0,40388.0,20234388.0,2021-11-04,21950.0,EXIT_MA,38544.200000000004,-1000832.1999999993,-4.946194567386962,-4.565217391304344,10,14,2021-11-03
percentile,058470.KQ,2021-11-01,36380.0,73.33333333333333,2021-11-02,35980.0,503.0,545.0,True,32382.0,36195.88,18134135.88,2021-11-04,36280.0,EXIT_MA,36497.68,78206.44000000134,0.43126642767828066,0.8337965536409087,2,2,2021-11-03
percentile,183300.KQ,2021-10-29,16320.0,91.66666666666666,2021-11-01,16280.0,1.0,1209.0,True,14652.0,32.56,16312.56,2021-11-08,15520.0,EXIT_MA,31.04,-823.6000000000004,-5.0488703183313985,-4.668304668304668,5,7,2021-11-05
percentile,121600.KQ,2021-11-12,68200.0,97.5,2021-11-15,68300.0,250.0,343.0,True,61470.0,34150.0,17109150.0,2021-11-16,61470.0,STOP,30735.0,-1772385.0,-10.359281437125748,-9.999999999999998,2,1,
percentile,122870.KQ,2021-10-05,64800.0,80.83333333333333,2021-10-06,65300.0,312.0,312.0,False,58770.0,40747.200000000004,20414347.2,2021-11-24,63300.0,EXIT_MA,39499.200000000004,-704246.3999999985,-3.449762037945541,-3.0627871362940318,34,49,2021-11-23
percentile,281740.KQ,2021-11-22,5010.0,85.0,2021-11-23,4965.0,4.0,4516.0,True,4468.5,39.72,19899.72,2021-11-26,4575.0,EXIT_MA,36.6,-1636.3199999999997,-8.222829265939419,-7.85498489425982,3,3,2021-11-25
percentile,171090.KQ,2021-11-17,28250.0,97.5,2021-11-18,28600.0,536.0,837.0,True,25740.0,30659.2,15360259.2,2021-11-29,25000.0,STOP,26800.0,-1987059.1999999993,-12.936365032173411,-12.587412587412583,8,11,
percentile,035900.KQ,2021-10-20,48950.0,84.16666666666667,2021-10-21,48900.0,410.0,410.0,False,44010.0,40098.0,20089098.0,2021-11-30,47500.0,EXIT_MA,38950.0,-653048.0,-3.2507581973068174,-2.862985685071573,28,40,2021-11-29
percentile,078600.KQ,2021-09-03,68300.0,85.71428571428571,2021-09-06,70000.0,292.0,292.0,False,63000.0,40880.0,20480880.0,2021-12-08,109900.0,EXIT_MA,64181.6,11545738.399999999,56.37325349301396,57.00000000000001,62,93,2021-12-07
percentile,086520.KQ,2021-11-03,21724.28125,94.16666666666667,2021-11-04,22228.19531,913.0,913.0,False,20005.375778999998,40588.68463606,20334931.00266606,2021-12-13,21108.38672,EXIT_MA,38543.914150720004,-1101517.8414567783,-5.416875234601785,-5.037784554179359,27,39,2021-12-10
percentile,293490.KQ,2021-10-22,75800.0,80.83333333333333,2021-10-25,75600.0,260.0,260.0,False,68040.0,39312.0,19695312.0,2021-12-20,86100.0,EXIT_MA,44772.0,2645916.0,13.43424262585939,13.888888888888884,40,56,2021-12-17
percentile,067310.KQ,2021-10-28,15061.04199,95.83333333333334,2021-10-29,15230.2666,1310.0,1310.0,False,13707.239940000001,39903.298492,19991552.544492,2021-12-21,15545.92676,EXIT_MA,40730.3281112,332881.1829967983,1.6651092117831163,2.0725845994054914,37,53,2021-12-20
percentile,137400.KQ,2021-10-18,36450.0,90.83333333333333,2021-10-19,36450.0,547.0,547.0,False,32805.0,39876.3,19978026.3,2021-12-24,42600.0,EXIT_MA,46604.4,3277569.3000000007,16.405871384802413,16.872427983539097,48,66,2021-12-23
percentile,247540.KQ,2021-07-09,56421.33203,83.89830508474576,2021-07-12,57508.25781,344.0,344.0,False,51757.432029,39565.68137328001,19822406.36801328,2021-12-28,123242.5703,EXIT_MA,84790.8883664,22488246.92682032,113.4486222778119,114.30412777792336,115,169,2021-12-27
percentile,041510.KQ,2021-12-28,78100.0,95.86776859504133,2021-12-29,77900.0,276.0,276.0,False,70110.0,43000.8,21543400.8,2021-12-30,75200.0,EXIT_MA,41510.4,-829711.1999999993,-3.8513473694459566,-3.4659820282413323,1,1,2021-12-29
percentile,067310.KQ,2021-12-23,17790.97852,99.17355371900827,2021-12-24,18045.13672,1209.0,1209.0,False,16240.623048,43633.14058896,21860203.43506896,2022-01-04,16240.623048,STOP,39269.826530064005,-2264559.996567026,-10.359281437125755,-9.999999999999998,6,11,
percentile,031980.KQ,2021-12-29,17950.0,93.38842975206612,2021-12-30,17750.0,1201.0,1201.0,False,15975.0,42635.5,21360385.5,2022-01-05,15975.0,STOP,38371.950000000004,-2212782.4499999993,-10.359281437125745,-9.999999999999998,3,6,
percentile,263750.KQ,2021-10-21,107500.0,97.5,2021-10-22,106600.0,184.0,184.0,False,95940.0,39228.8,19653628.8,2022-01-07,118800.0,EXIT_MA,43718.4,2161852.8000000007,10.999764074103204,11.444652908067532,53,77,2022-01-06
percentile,083450.KQ,2021-10-28,29400.0,78.33333333333333,2021-10-29,29750.0,610.0,671.0,True,26775.0,36295.0,18183795.0,2022-01-12,34500.0,EXIT_MA,42090.0,2819115.0,15.50344688773713,15.96638655462186,51,75,2022-01-11
percentile,140410.KQ,2021-12-29,72233.33594,80.16528925619835,2021-12-30,72200.0,298.0,298.0,False,64980.0,43031.200000000004,21558631.2,2022-01-18,64980.0,STOP,38728.08,-2233319.2799999975,-10.359281437125738,-9.999999999999998,12,19,
percentile,222800.KQ,2021-10-28,31450.0,85.83333333333333,2021-10-29,31600.0,627.0,627.0,False,28440.0,39626.4,19852826.4,2022-01-24,43700.0,EXIT_MA,54799.8,7492273.800000001,37.73907880441649,38.29113924050633,59,87,2022-01-21
percentile,065350.KQ,2021-12-13,16400.0,88.33333333333333,2021-12-14,16200.0,1301.0,1301.0,False,14580.0,42152.4,21118352.4,2022-01-24,15650.0,EXIT_MA,40721.3,-798423.6999999993,-3.7807101845691298,-3.3950617283950657,27,41,2022-01-21
percentile,189300.KQ,2021-12-29,88464.82031,86.77685950413223,2021-12-30,87690.50781,243.0,243.0,False,78921.457029,42617.58679566,21351410.98462566,2022-01-24,78921.457029,STOP,38355.828116094,-2211852.7546947524,-10.359281437125741,-9.999999999999998,16,25,
percentile,222080.KQ,2022-01-06,16550.0,74.3801652892562,2022-01-07,16650.0,1260.0,1260.0,False,14985.0,41958.0,21020958.0,2022-01-25,15300.0,EXIT_MA,38556.0,-1781514.0,-8.47494200787614,-8.108108108108103,12,18,2022-01-24
percentile,281740.KQ,2021-12-24,5050.0,82.64462809917356,2021-12-27,5070.0,4225.0,4225.0,False,4563.0,42841.5,21463591.5,2022-01-26,4785.0,EXIT_MA,40433.25,-1287399.75,-5.99806304550662,-5.621301775147924,20,30,2022-01-25
percentile,095340.KQ,2021-12-03,31700.0,87.5,2021-12-06,31350.0,694.0,694.0,False,28215.0,43513.8,21800413.8,2022-02-11,30150.0,EXIT_MA,41848.200000000004,-918162.0,-4.211672349081741,-3.8277511961722466,44,67,2022-02-10
percentile,225570.KQ,2022-03-03,22900.0,97.54098360655738,2022-03-04,22550.0,894.0,894.0,False,20295.0,40319.4,20200019.4,2022-03-07,20295.0,STOP,36287.46,-2092576.8599999994,-10.359281437125746,-9.999999999999998,2,3,
percentile,067310.KQ,2022-03-03,16647.27344,95.90163934426229,2022-03-04,16647.27344,1230.0,1230.0,False,14982.546096000002,40952.2926624,20517098.6238624,2022-03-14,15249.41016,EXIT_MA,37513.548993599994,-1797837.6760560013,-8.762631154704433,-8.396950317649143,5,10,2022-03-11
percentile,122870.KQ,2022-04-01,71100.0,90.2439024390244,2022-04-04,71600.0,289.0,289.0,False,64440.0,41384.8,20733784.8,2022-04-06,64440.0,STOP,37246.32,-2147871.120000001,-10.359281437125754,-9.999999999999998,3,2,
percentile,108490.KQ,2022-03-23,30300.0,99.18032786885246,2022-03-24,29600.0,713.0,713.0,False,26640.0,42209.6,21147009.6,2022-04-07,26600.0,STOP,37931.6,-2219141.200000003,-10.493877110643592,-10.135135135135132,11,14,
percentile,005290.KQ,2022-03-25,40350.0,86.88524590163934,2022-03-28,40400.0,521.0,521.0,False,36360.0,42096.8,21090496.8,2022-04-07,36300.0,STOP,37824.6,-2216021.4000000022,-10.507203414952283,-10.148514851485146,9,10,
percentile,036930.KQ,2022-02-24,22250.0,99.18032786885246,2022-02-25,22700.0,902.0,902.0,False,20430.0,40950.8,20516350.8,2022-04-14,23700.0,EXIT_MA,42754.8,818294.3999999985,3.988498773378346,4.405286343612325,32,48,2022-04-13
percentile,189300.KQ,2022-03-28,85851.52344,82.78688524590164,2022-03-29,87400.14844,244.0,244.0,False,78660.133596,42651.27243872001,21368287.49179872,2022-04-15,78660.133596,STOP,38386.145194848,-2213601.039569568,-10.359281437125748,-10.000000000000009,14,17,
percentile,053800.KQ,2022-03-18,101700.0,93.44262295081968,2022-03-21,101700.0,199.0,199.0,False,91530.0,40476.6,20278776.6,2022-04-25,94000.0,EXIT_MA,37412.0,-1610188.6000000015,-7.940264996064908,-7.571288102261553,25,35,2022-04-22
percentile,222800.KQ,2022-02-25,52800.0,98.36065573770492,2022-02-28,52800.0,382.0,382.0,False,47520.0,40339.200000000004,20209939.2,2022-04-28,51600.0,EXIT_MA,39422.4,-538161.5999999978,-2.6628561059698677,-2.2727272727272707,41,59,2022-04-27
percentile,137400.KQ,2022-03-02,45100.0,97.54098360655738,2022-03-03,46150.0,453.0,453.0,False,41535.0,41811.9,20947761.9,2022-05-03,48350.0,EXIT_MA,43805.1,910983.0,4.3488321298897334,4.7670639219935085,42,61,2022-05-02
percentile,035900.KQ,2022-02-24,47500.0,85.24590163934425,2022-02-25,48600.0,422.0,422.0,False,43740.0,41018.4,20550218.4,2022-05-11,56400.0,EXIT_MA,47601.6,3202980.0,15.58611172716296,16.049382716049386,49,75,2022-05-10
percentile,006730.KQ,2022-03-18,8814.617188,72.1311475409836,2022-03-21,8814.617188,2300.0,2300.0,False,7933.1554692,40547.2390648,20314166.771464802,2022-05-13,8743.31543,EXIT_MA,40219.250978000004,-244760.53344280273,-1.2048760660300204,-0.8089036254128934,37,53,2022-05-12
percentile,005290.KQ,2022-05-11,42400.0,90.2439024390244,2022-05-12,41600.0,491.0,491.0,False,37440.0,40851.200000000004,20466451.2,2022-06-08,39550.0,EXIT_MA,38838.1,-1086239.3000000007,-5.307414018117615,-4.927884615384615,17,27,2022-06-07
percentile,067310.KQ,2022-05-23,16562.55469,86.1788617886179,2022-05-24,16520.19531,1304.0,1304.0,False,14868.175779,43084.66936848,21585419.353608478,2022-06-08,15249.41016,EXIT_MA,39770.46169728,-1739958.9666657597,-8.060806872278288,-7.69231311224734,9,15,2022-06-07
percentile,166090.KQ,2022-03-28,56200.0,77.8688524590164,2022-03-29,56600.0,373.0,373.0,False,50940.0,42223.6,21154023.6,2022-06-13,58600.0,EXIT_MA,43715.6,660060.799999997,3.1202612442958464,3.5335689045936425,50,76,2022-06-10
percentile,058610.KQ,2022-05-25,19150.0,97.5609756097561,2022-05-26,18800.0,1126.0,1126.0,False,16920.0,42337.6,21211137.6,2022-06-14,16500.0,STOP,37158.0,-2669295.6000000015,-12.584405656771569,-12.234042553191493,12,19,
percentile,095340.KQ,2022-04-11,32800.0,83.73983739837398,2022-04-12,32650.0,615.0,615.0,False,29385.0,40159.5,20119909.5,2022-06-17,34150.0,EXIT_MA,42004.5,840336.0,4.176639064902354,4.594180704441042,44,66,2022-06-16
percentile,277810.KQ,2022-06-14,25700.0,87.09677419354838,2022-06-15,25500.0,828.0,828.0,False,22950.0,42228.0,21156228.0,2022-06-20,22950.0,STOP,38005.200000000004,-2191633.1999999993,-10.359281437125745,-9.999999999999998,4,5,
percentile,121600.KQ,2022-03-29,60500.0,94.26229508196722,2022-03-30,61800.0,347.0,347.0,False,55620.0,42889.200000000004,21487489.2,2022-06-23,76300.0,EXIT_MA,52952.200000000004,4935658.6000000015,22.969917769638723,23.46278317152104,57,85,2022-06-22
percentile,090710.KQ,2022-04-22,2155.0,100.0,2022-04-25,2120.0,9415.0,9415.0,False,1908.0,39919.6,19999719.6,2022-06-23,3280.0,EXIT_MA,61762.4,10819718.0,54.099348472865586,54.71698113207548,39,59,2022-06-22
percentile,137400.KQ,2022-05-23,53800.0,95.9349593495935,2022-05-24,54300.0,401.0,401.0,False,48870.0,43548.6,21817848.6,2022-06-24,50800.0,EXIT_MA,40741.6,-1487790.200000003,-6.819142562021459,-6.44567219152854,21,31,2022-06-23
percentile,014620.KQ,2022-06-28,11350.0,94.35483870967742,2022-06-29,11300.0,1755.0,1755.0,False,10170.0,39663.0,19871163.0,2022-07-06,10170.0,STOP,35696.700000000004,-2058509.6999999993,-10.359281437125745,-9.999999999999998,6,7,
percentile,056190.KQ,2022-08-02,43600.0,87.90322580645162,2022-08-03,43700.0,465.0,465.0,False,39330.0,40641.0,20361141.0,2022-08-23,40800.0,EXIT_MA,37944.0,-1427085.0,-7.008865564066376,-6.636155606407323,13,20,2022-08-22
percentile,127120.KQ,2022-08-17,4335.0,80.64516129032258,2022-08-18,4345.0,4787.0,4787.0,False,3910.5,41599.03,20841114.03,2022-08-25,3910.5,STOP,37439.127,-2158989.6570000015,-10.359281437125755,-9.999999999999998,6,7,
percentile,007390.KQ,2022-08-25,25700.0,93.60000000000001,2022-08-26,26100.0,806.0,806.0,False,23490.0,42073.200000000004,21078673.2,2022-08-26,23490.0,STOP,37865.88,-2183599.079999998,-10.359281437125741,-9.999999999999998,1,0,
percentile,007390.KQ,2022-08-30,27250.0,94.39999999999999,2022-08-31,27300.0,760.0,760.0,False,24570.0,41496.0,20789496.0,2022-09-02,24570.0,STOP,37346.4,-2153642.3999999985,-10.359281437125741,-9.999999999999998,3,2,
percentile,127120.KQ,2022-09-02,5110.0,90.4,2022-09-05,5250.0,4053.0,4053.0,False,4725.0,42556.5,21320806.5,2022-09-07,4725.0,STOP,38300.85,-2208682.3500000015,-10.359281437125755,-9.999999999999998,3,2,
percentile,277810.KQ,2022-08-01,27850.0,95.16129032258065,2022-08-02,27850.0,723.0,723.0,False,25065.0,40271.1,20175821.1,2022-09-08,27600.0,EXIT_MA,39909.6,-260930.70000000298,-1.2932841677506892,-0.8976660682226245,26,37,2022-09-07
percentile,028300.KQ,2022-09-08,45799.31641,92.0,2022-09-13,48628.61719,452.0,452.0,False,43765.755471,43960.26993976,22024095.23981976,2022-09-14,43633.13281,STOP,39444.35206024,-2341363.561760001,-10.630918256868025,-10.272725544470685,2,1,
percentile,121600.KQ,2022-08-10,88500.0,97.58064516129032,2022-08-11,89800.0,230.0,230.0,False,80820.0,41308.0,20695308.0,2022-09-19,80820.0,STOP,37177.200000000004,-2143885.1999999993,-10.359281437125745,-9.999999999999998,25,39,
percentile,083650.KQ,2022-08-10,8190.0,98.38709677419355,2022-08-11,8280.0,2485.0,2485.0,False,7452.0,41151.6,20616951.6,2022-09-20,8190.0,EXIT_MA,40704.3,-305505.90000000224,-1.4818189707541547,-1.0869565217391353,25,40,2022-09-19
percentile,356860.KQ,2022-08-18,9961.887695,75.0,2022-08-19,10007.53223,2104.0,2104.0,False,9006.779007000001,42111.69562384,21097959.507543843,2022-09-23,9006.779007000001,STOP,37900.526061456,-2185597.0028772987,-10.35928143712576,-9.999999999999998,24,35,
percentile,023160.KQ,2022-08-18,17700.0,95.16129032258065,2022-08-19,17750.0,1184.0,1184.0,False,15975.0,42032.0,21058032.0,2022-09-26,15975.0,STOP,37828.8,-2181460.8000000007,-10.359281437125752,-9.999999999999998,25,38,
percentile,214370.KQ,2022-07-20,22100.0,97.58064516129032,2022-07-21,22380.0,894.0,894.0,False,20142.0,40015.44,20047735.44,2022-09-27,25340.0,EXIT_MA,45307.92,2560916.639999997,12.774094349281759,13.22609472743521,45,68,2022-09-26
percentile,035900.KQ,2022-08-09,59200.0,86.29032258064517,2022-08-10,59000.0,343.0,343.0,False,53100.0,40474.0,20277474.0,2022-09-27,57700.0,EXIT_MA,39582.200000000004,-525956.1999999993,-2.5937954599275987,-2.203389830508473,31,48,2022-09-26
percentile,095340.KQ,2022-08-19,36450.0,86.29032258064517,2022-08-22,36100.0,565.0,565.0,False,32490.0,40793.0,20437293.0,2022-09-27,33250.0,EXIT_MA,37572.5,-1688615.5,-8.262422523374303,-7.8947368421052655,24,36,2022-09-26
percentile,014620.KQ,2022-08-01,11900.0,94.35483870967742,2022-08-02,11850.0,1694.0,1694.0,False,10665.0,40147.8,20114047.8,2022-09-29,14250.0,EXIT_MA,48279.0,3977173.1999999993,19.773112003840414,20.253164556962023,39,58,2022-09-28
percentile,277810.KQ,2022-09-13,34350.0,95.19999999999999,2022-09-14,33200.0,598.0,598.0,False,29880.0,39707.200000000004,19893307.2,2022-09-30,29880.0,STOP,35736.48,-2060803.6799999997,-10.359281437125748,-9.999999999999998,13,16,
percentile,058610.KQ,2022-08-01,15850.0,90.32258064516128,2022-08-02,16100.0,1271.0,1271.0,False,14490.0,40926.200000000004,20504026.2,2022-10-06,17550.0,EXIT_MA,44612.1,1757411.6999999993,8.571056644475023,9.006211180124213,43,65,2022-10-05
percentile,032190.KQ,2022-12-01,30200.0,100.0,2022-12-02,30650.0,633.0,633.0,False,27585.0,38802.9,19440252.9,2022-12-08,27585.0,STOP,34922.61,-2013870.509999998,-10.35928143712574,-9.999999999999998,5,6,
percentile,033100.KQ,2022-08-26,8990.0,96.8,2022-08-29,8840.0,2277.0,2277.0,False,7956.0,40257.36,20168937.36,2023-01-03,10600.0,EXIT_MA,48272.4,3918990.240000002,19.430821614689183,19.909502262443436,86,127,2023-01-02
percentile,010170.KQ,2022-11-30,3000.0,90.47619047619048,2022-12-01,3020.0,6360.0,6360.0,False,2718.0,38414.4,19245614.4,2023-01-09,2910.0,EXIT_MA,37015.200000000004,-775029.5999999978,-4.027045247253826,-3.6423841059602613,26,39,2023-01-06
percentile,058610.KQ,2023-01-09,18900.0,94.44444444444444,2023-01-10,19050.0,1022.0,1022.0,False,17145.0,38938.200000000004,19508038.2,2023-02-16,18300.0,EXIT_MA,37405.200000000004,-842843.3999999985,-4.320492872522664,-3.937007874015752,25,37,2023-02-15
percentile,000250.KQ,2023-03-03,57000.0,89.68253968253968,2023-03-06,57800.0,374.0,374.0,False,52020.0,43234.4,21660434.4,2023-03-10,52020.0,STOP,38910.96,-2243865.3599999994,-10.359281437125746,-9.999999999999998,5,4,
percentile,204270.KQ,2023-03-08,7910.0,87.3015873015873,2023-03-09,8000.0,2561.0,2682.0,True,7200.0,40976.0,20528976.0,2023-03-10,7200.0,STOP,36878.4,-2126654.3999999985,-10.359281437125741,-9.999999999999998,2,1,
percentile,093320.KQ,2023-02-28,70800.0,85.71428571428571,2023-03-02,70600.0,301.0,301.0,False,63540.0,42501.200000000004,21293101.2,2023-03-13,63540.0,STOP,38251.08,-2205812.2799999975,-10.359281437125736,-9.999999999999998,8,11,
percentile,041510.KQ,2023-03-07,149700.0,97.61904761904762,2023-03-08,154100.0,140.0,140.0,False,138690.0,43148.0,21617148.0,2023-03-13,135000.0,STOP,37800.0,-2754948.0,-12.74427135346439,-12.394548994159639,4,5,
percentile,171090.KQ,2023-02-27,26200.0,92.06349206349206,2023-02-28,26550.0,808.0,808.0,False,23895.0,42904.8,21495304.8,2023-03-14,23895.0,STOP,38614.32,-2226759.120000001,-10.359281437125754,-9.999999999999998,10,14,
percentile,121600.KQ,2023-03-06,153300.0,96.82539682539682,2023-03-07,151800.0,139.0,139.0,False,136620.0,42200.4,21142400.4,2023-03-14,136620.0,STOP,37980.36,-2190200.759999998,-10.35928143712574,-9.999999999999998,6,7,
percentile,035900.KQ,2022-11-16,60300.0,88.09523809523809,2022-11-17,59900.0,315.0,315.0,False,53910.0,37737.0,18906237.0,2023-03-17,70900.0,EXIT_MA,44667.0,3382596.0,17.89142916170997,18.36393989983305,82,120,2023-03-16
percentile,090360.KQ,2023-03-17,40050.0,97.61904761904762,2023-03-20,41500.0,547.0,547.0,False,37350.0,45401.0,22745901.0,2023-04-10,37350.0,STOP,40860.9,-2356311.8999999985,-10.359281437125741,-9.999999999999998,16,21,
percentile,032190.KQ,2022-12-28,32750.0,100.0,2022-12-29,32800.0,589.0,589.0,False,29520.0,38638.4,19357838.4,2023-04-11,47450.0,EXIT_MA,55896.1,8534315.5,44.08713061681515,44.664634146341456,69,103,2023-04-10
percentile,121600.KQ,2023-04-10,184800.0,96.8503937007874,2023-04-11,187000.0,120.0,135.0,True,168300.0,44880.0,22484880.0,2023-04-12,168300.0,STOP,40392.0,-2329272.0,-10.359281437125748,-9.999999999999998,2,1,
percentile,247540.KQ,2023-04-10,292500.0,98.4251968503937,2023-04-11,302000.0,85.0,85.0,False,271800.0,51340.0,25721340.0,2023-04-13,261500.0,STOP,44455.0,-3538295.0,-13.756262309817451,-13.410596026490062,3,2,
percentile,277810.KQ,2023-01-04,46900.0,99.20634920634922,2023-01-05,46050.0,404.0,404.0,False,41445.0,37208.4,18641408.4,2023-04-21,108500.0,EXIT_MA,87668.0,25104923.6,134.67289091740517,135.61346362649294,73,106,2023-04-20
percentile,214370.KQ,2023-04-12,45500.0,92.91338582677166,2023-04-13,46100.0,436.0,563.0,True,41490.0,40199.200000000004,20139799.2,2023-04-21,41490.0,STOP,36179.28,-2086338.4800000004,-10.359281437125752,-9.999999999999998,7,8,
percentile,319400.KQ,2023-04-20,4640.0,85.8267716535433,2023-04-21,5060.0,5337.0,5337.0,False,4554.0,54010.44,27059230.44,2023-04-21,4554.0,STOP,48609.396,-2803141.836000003,-10.359281437125759,-9.999999999999998,1,0,
percentile,003380.KQ,2023-03-28,13850.0,90.5511811023622,2023-03-29,14090.0,1.0,1736.0,True,12681.0,28.18,14118.18,2023-04-24,12681.0,STOP,25.362000000000002,-1462.5419999999995,-10.359281437125745,-9.999999999999998,19,26,
percentile,204270.KQ,2023-04-18,8860.0,87.4015748031496,2023-04-19,8900.0,1.0,2943.0,True,8010.0,17.8,8917.8,2023-04-25,8010.0,STOP,16.02,-923.8199999999997,-10.359281437125746,-9.999999999999998,5,6,
percentile,036810.KQ,2023-03-24,22301.73438,85.8267716535433,2023-03-27,22399.76562,1038.0,1053.0,True,20159.789058,46501.91342712,23297458.62698712,2023-04-26,21958.63086,EXIT_MA,45586.117665360005,-549985.911972478,-2.360712044941202,-1.9693722134579983,22,30,2023-04-25
percentile,058610.KQ,2023-03-15,28150.0,96.03174603174604,2023-03-16,29500.0,733.0,733.0,False,26550.0,43247.0,21666747.0,2023-04-27,27250.0,EXIT_MA,39948.5,-1732445.5,-7.9958726614567475,-7.6271186440677985,30,42,2023-04-26
percentile,000250.KQ,2023-03-24,61300.0,90.5511811023622,2023-03-27,67400.0,383.0,383.0,False,60660.0,51628.4,25865828.4,2023-05-04,65800.0,EXIT_MA,50402.8,-714831.1999999993,-2.763612241392583,-2.3738872403560873,27,38,2023-05-03
percentile,082920.KQ,2023-03-17,8060.0,81.74603174603175,2023-03-20,7850.0,2718.0,2718.0,False,7065.0,42672.6,21378972.6,2023-05-10,8510.0,EXIT_MA,46260.36,1704947.039999999,7.974878268939822,8.407643312101909,35,51,2023-05-09
percentile,126340.KQ,2023-04-11,59881.55859,88.18897637795276,2023-04-12,59881.55859,1.0,439.0,True,53893.402731,119.76311718000001,60001.32170718,2023-05-11,53893.402731,STOP,107.786805462,-6215.705781641998,-10.359281437125745,-9.999999999999998,20,29,
percentile,023160.KQ,2023-05-08,18850.0,81.10236220472441,2023-05-09,19300.0,1325.0,1325.0,False,17370.0,51145.0,25623645.0,2023-05-12,17370.0,STOP,46030.5,-2654425.5,-10.359281437125748,-9.999999999999998,4,3,
percentile,086520.KQ,2023-02-27,54901.96094,98.4126984126984,2023-02-28,54901.96094,385.0,385.0,False,49411.764846,42274.5099238,21179529.4718238,2023-05-16,104509.8047,EXIT_MA,80472.54961899998,18976272.788057197,89.59723497777556,90.35714373520152,52,77,2023-05-15
percentile,058610.KQ,2023-06-02,35150.0,93.7007874015748,2023-06-05,35300.0,583.0,729.0,True,31770.0,41159.8,20621059.8,2023-06-21,31770.0,STOP,37043.82,-2136193.620000001,-10.359281437125754,-9.999999999999998,12,16,
percentile,101490.KQ,2023-03-02,32350.0,80.95238095238095,2023-03-03,32650.0,651.0,651.0,False,29385.0,42510.3,21297660.3,2023-07-07,51700.0,EXIT_MA,67313.4,12291726.3,57.71397480689463,58.346094946401216,86,126,2023-07-06
percentile,087010.KQ,2023-07-11,16470.0,90.625,2023-07-12,16430.0,227.0,1808.0,True,14787.0,7459.22,3737069.22,2023-07-12,14787.0,STOP,6713.298,-387133.51800000016,-10.359281437125752,-9.999999999999998,1,0,
percentile,161580.KQ,2023-07-10,15900.0,92.1875,2023-07-11,16400.0,1816.0,1816.0,False,14760.0,59564.8,29841964.8,2023-07-17,13150.0,STOP,47760.8,-6009325.6000000015,-20.137164695000248,-19.817073170731703,5,6,
percentile,214450.KQ,2023-05-16,113200.0,88.9763779527559,2023-05-17,114000.0,208.0,208.0,False,102600.0,47424.0,23759424.0,2023-07-19,124700.0,EXIT_MA,51875.200000000004,2126300.8000000007,8.949294393668804,9.385964912280699,43,63,2023-07-18
percentile,044490.KQ,2023-07-13,19410.0,85.15625,2023-07-14,19420.0,1.0,1604.0,True,17478.0,38.84,19458.84,2023-07-24,17478.0,STOP,34.956,-2015.7959999999985,-10.359281437125741,-9.999999999999998,7,10,
percentile,214150.KQ,2023-04-28,23700.0,84.25196850393701,2023-05-02,23900.0,1049.0,1049.0,False,21510.0,50142.200000000004,25121242.2,2023-07-25,28300.0,EXIT_MA,59373.4,4506084.400000002,17.937347063195794,18.410041841004187,57,84,2023-07-24
percentile,252990.KQ,2023-06-26,6200.0,78.74015748031496,2023-06-27,6270.0,2.0,4740.0,True,5643.0,25.080000000000002,12565.08,2023-07-25,5643.0,STOP,22.572,-1301.652,-10.359281437125748,-9.999999999999998,21,28,
percentile,323280.KQ,2023-07-14,3795.0,91.40625,2023-07-17,3840.0,4.0,8098.0,True,3456.0,30.72,15390.72,2023-07-25,3456.0,STOP,27.648,-1594.3679999999986,-10.35928143712574,-9.999999999999998,7,8,
percentile,087010.KQ,2023-07-20,27450.0,99.21875,2023-07-21,27000.0,3.0,1130.0,True,24300.0,162.0,81162.0,2023-07-25,24300.0,STOP,145.8,-8407.800000000003,-10.359281437125752,-9.999999999999998,3,4,
percentile,121600.KQ,2023-07-25,178200.0,86.04651162790698,2023-07-26,181800.0,1.0,180.0,True,163620.0,363.6,182163.6,2023-07-26,163620.0,STOP,327.24,-18870.839999999997,-10.359281437125746,-9.999999999999998,1,0,
percentile,067310.KQ,2023-05-19,14978.30957,81.88976377952756,2023-05-22,14910.53516,1600.0,1600.0,False,13419.481644,47713.712512,23904569.968512,2023-07-27,16418.53125,EXIT_MA,52539.3,2312540.7314880006,9.674052846523349,10.113628208633664,46,66,2023-07-26
percentile,086520.KQ,2023-07-18,219215.6875,100.0,2023-07-19,216274.5156,119.0,140.0,True,194647.06404000003,51473.3347128,25788140.6911128,2023-07-27,194647.06404000003,STOP,46326.00124152001,-2671466.0715943165,-10.359281437125736,-9.999999999999998,7,8,
percentile,281740.KQ,2023-03-15,6680.0,88.88888888888889,2023-03-16,6880.0,3091.0,3091.0,False,6192.0,42532.16,21308612.16,2023-07-28,18800.0,EXIT_MA,116221.6,36685966.239999995,172.16497238081973,173.25581395348837,92,134,2023-07-27
percentile,247540.KQ,2023-07-24,404500.0,97.67441860465115,2023-07-25,408500.0,72.0,75.0,True,367650.0,58824.0,29470824.0,2023-07-28,367000.0,STOP,52848.0,-3099672.0,-10.51776495967673,-10.159118727050187,4,3,
percentile,031980.KQ,2023-07-27,33500.0,98.46153846153847,2023-07-28,33500.0,938.0,938.0,False,30150.0,62846.0,31485846.0,2023-08-02,30150.0,STOP,56561.4,-3261707.3999999985,-10.359281437125743,-9.999999999999998,4,5,
percentile,035900.KQ,2023-04-13,80600.0,77.16535433070865,2023-04-14,82400.0,269.0,311.0,True,74160.0,44331.200000000004,22209931.2,2023-08-03,125700.0,EXIT_MA,67626.6,11535742.2,51.93956746700773,52.54854368932038,75,111,2023-08-02
percentile,036930.KQ,2023-07-27,26600.0,86.15384615384616,2023-07-28,28050.0,1181.0,1181.0,False,25245.0,66254.1,33193304.1,2023-08-10,25245.0,STOP,59628.69,-3438587.790000003,-10.359281437125757,-9.999999999999998,10,13,
percentile,140860.KQ,2023-05-19,159300.0,81.10236220472441,2023-05-22,159200.0,150.0,150.0,False,143280.0,47760.0,23927760.0,2023-08-11,178400.0,EXIT_MA,53520.0,2778720.0,11.612954994533546,12.060301507537696,57,81,2023-08-10
percentile,257720.KQ,2023-08-04,9000.0,97.6923076923077,2023-08-07,9010.0,3465.0,3477.0,True,8109.0,62439.3,31282089.3,2023-08-11,8109.0,STOP,56195.37,-3240599.670000002,-10.359281437125754,-9.999999999999998,5,4,
percentile,204270.KQ,2023-07-21,9430.0,76.74418604651163,2023-07-24,9430.0,1.0,3227.0,True,8487.0,18.86,9448.86,2023-08-16,8487.0,STOP,16.974,-978.8340000000007,-10.359281437125755,-9.999999999999998,17,23,
percentile,064290.KQ,2023-07-12,36000.0,92.1875,2023-07-13,37350.0,89.0,841.0,True,33615.0,6648.3,3330798.3,2023-08-17,33615.0,STOP,5983.47,-345046.77,-10.35928143712575,-9.999999999999998,25,35,
percentile,060370.KQ,2023-07-31,13170.0,88.46153846153845,2023-08-01,13080.0,424.0,2430.0,True,11772.0,11091.84,5557011.84,2023-08-17,11772.0,STOP,9982.656,-575666.4960000003,-10.359281437125754,-9.999999999999998,12,16,
percentile,087010.KQ,2023-08-10,37800.0,99.23076923076923,2023-08-11,37150.0,812.0,812.0,False,33435.0,60331.6,30226131.6,2023-08-17,33435.0,STOP,54298.44,-3131210.040000003,-10.359281437125757,-9.999999999999998,4,6,
percentile,310210.KQ,2023-08-11,72500.0,92.3076923076923,2023-08-14,72500.0,386.0,432.0,True,65250.0,55970.0,28040970.0,2023-08-18,65250.0,STOP,50373.0,-2904843.0,-10.359281437125748,-9.999999999999998,4,4,
percentile,044490.KQ,2023-08-14,20800.0,84.61538461538461,2023-08-16,20850.0,1.0,1474.0,True,18765.0,41.7,20891.7,2023-08-22,18765.0,STOP,37.53,-2164.2299999999996,-10.359281437125746,-9.999999999999998,5,6,
percentile,039200.KQ,2023-07-27,31300.0,73.07692307692307,2023-07-28,31100.0,1004.0,1004.0,False,27990.0,62448.8,31286848.8,2023-08-28,27990.0,STOP,56203.92,-3241092.7200000025,-10.359281437125755,-9.999999999999998,21,31,
percentile,241710.KQ,2023-05-15,16450.0,91.33858267716536,2023-05-16,15700.0,1411.0,1411.0,False,14130.0,44305.4,22197005.4,2023-09-06,26350.0,EXIT_MA,74359.7,14908484.899999999,67.16439732000966,67.83439490445859,78,113,2023-09-05
percentile,044490.KQ,2023-08-28,23500.0,88.46153846153845,2023-08-29,23500.0,1301.0,1301.0,False,21150.0,61147.0,30634647.0,2023-09-07,21150.0,STOP,55032.3,-3173529.3000000007,-10.359281437125752,-9.999999999999998,8,9,
percentile,095340.KQ,2023-05-19,47250.0,78.74015748031496,2023-05-22,46350.0,507.0,507.0,False,41715.0,46998.9,23546448.9,2023-09-12,87800.0,EXIT_MA,89029.2,20879121.9,88.6720625631154,89.42826321467099,78,113,2023-09-11
percentile,122640.KQ,2023-07-17,14770.0,86.71875,2023-07-18,15130.0,1572.0,2036.0,True,13617.0,47568.72,23831928.72,2023-09-12,15790.0,EXIT_MA,49643.76,940307.5199999996,3.945578769757245,4.362194315928614,39,56,2023-09-11
percentile,039030.KQ,2023-05-25,93000.0,70.86614173228347,2023-05-26,94800.0,257.0,257.0,False,85320.0,48727.200000000004,24412327.2,2023-09-19,146200.0,EXIT_MA,75146.8,13085926.000000004,53.60376293825853,54.21940928270041,79,116,2023-09-18
percentile,036930.KQ,2023-09-14,31700.0,93.84615384615384,2023-09-15,31450.0,991.0,991.0,False,28305.0,62333.9,31229283.9,2023-09-19,28305.0,STOP,56100.51,-3235129.41,-10.359281437125748,-9.999999999999998,3,4,
percentile,092870.KQ,2023-09-15,16080.0,77.6923076923077,2023-09-18,15910.0,415.0,1935.0,True,14319.0,13205.300000000001,6615855.3,2023-09-20,14620.0,EXIT_MA,12134.6,-560689.8999999994,-8.47494200787613,-8.108108108108103,2,2,2023-09-19
percentile,328130.KQ,2023-09-06,51264.22266,98.46153846153847,2023-09-07,50389.77734,642.0,642.0,False,45350.799606,64700.47410456,32414937.526384562,2023-09-20,45350.799606,STOP,58230.426694104004,-3357954.6060266644,-10.359281437125748,-9.999999999999998,10,13,
percentile,131970.KQ,2023-09-01,53500.0,80.76923076923077,2023-09-04,53500.0,519.0,618.0,True,48150.0,55533.0,27822033.0,2023-09-21,48150.0,STOP,49979.700000000004,-2882162.6999999993,-10.359281437125746,-9.999999999999998,14,17,
percentile,041510.KQ,2023-08-02,136100.0,79.23076923076923,2023-08-03,136100.0,225.0,225.0,False,122490.0,61245.0,30683745.0,2023-09-22,126000.0,EXIT_MA,56700.0,-2390445.0,-7.790590750900843,-7.421013960323297,35,50,2023-09-21
percentile,033100.KQ,2023-03-02,12580.0,95.23809523809523,2023-03-03,12610.0,1675.0,1675.0,False,11349.0,42243.5,21163993.5,2023-09-26,22900.0,EXIT_MA,76715.0,17116791.5,80.87694555377746,81.60190325138778,142,207,2023-09-25
percentile,140410.KQ,2023-06-23,35550.0,96.8503937007874,2023-06-26,35650.0,517.0,833.0,True,32085.0,36862.1,18467912.1,2023-09-26,42500.0,EXIT_MA,43945.0,3460642.8999999985,18.738679723302333,19.21458625525947,65,92,2023-09-25
percentile,084370.KQ,2023-09-14,42350.0,77.6923076923077,2023-09-15,41950.0,742.0,742.0,False,37755.0,62253.8,31189153.8,2023-09-27,37755.0,STOP,56028.42,-3230972.2200000025,-10.359281437125755,-9.999999999999998,9,12,
percentile,277810.KQ,2023-07-31,113900.0,92.3076923076923,2023-08-01,115200.0,281.0,281.0,False,103680.0,64742.4,32435942.4,2023-10-06,140300.0,EXIT_MA,78848.6,6909509.0,21.302014027500555,21.788194444444443,43,66,2023-10-05
percentile,214150.KQ,2023-08-21,37500.0,86.15384615384616,2023-08-22,37150.0,801.0,801.0,False,33435.0,59514.3,29816664.3,2023-10-06,33450.0,EXIT_MA,53586.9,-3076801.1999999993,-10.31906577155245,-9.959623149394348,29,45,2023-10-05
percentile,204270.KQ,2023-09-04,10240.0,79.23076923076923,2023-09-05,10280.0,1.0,3172.0,True,9252.0,20.56,10300.56,2023-10-06,9850.0,EXIT_MA,19.7,-470.2600000000002,-4.565382852971103,-4.182879377431902,19,31,2023-10-05
percentile,257720.KQ,2023-10-06,9820.0,96.92307692307692,2023-10-10,9740.0,2956.0,2956.0,False,8766.0,57582.880000000005,28849022.88,2023-10-16,8766.0,STOP,51824.592000000004,-2988551.471999999,-10.359281437125746,-9.999999999999998,5,6,
percentile,065350.KQ,2023-08-10,34550.0,97.6923076923077,2023-08-11,37900.0,690.0,888.0,True,34110.0,52302.0,26203302.0,2023-10-20,45700.0,EXIT_MA,63066.0,5266632.0,20.099115752663536,20.580474934036943,44,70,2023-10-19
percentile,196170.KQ,2023-09-12,45846.15234,73.07692307692307,2023-09-13,47076.92188,685.0,685.0,False,42369.229692,64495.382975600005,32312186.870775603,2023-10-20,42369.229692,STOP,58045.84467804,-3347310.3764336444,-10.35928143712576,-9.999999999999998,23,37,
percentile,403870.KQ,2023-10-13,35200.0,89.23076923076924,2023-10-16,34900.0,829.0,829.0,False,31410.0,57864.200000000004,28989964.2,2023-10-27,33050.0,EXIT_MA,54796.9,-1646311.0999999978,-5.678900079497159,-5.300859598853869,9,11,2023-10-26
percentile,053610.KQ,2023-10-25,49100.0,87.6923076923077,2023-10-26,46350.0,581.0,581.0,False,41715.0,53858.700000000004,26983208.7,2023-10-30,45250.0,EXIT_MA,52580.5,-745539.1999999993,-2.7629745901939353,-2.373247033441206,2,4,2023-10-27
percentile,328130.KQ,2023-11-03,42220.49219,100.0,2023-11-06,40887.94922,663.0,663.0,False,36799.154298,54217.420665720005,27162927.75352572,2023-11-09,43482.89844,EXIT_MA,57658.32333144,1608575.5888628364,5.921952167523786,6.346489049958759,3,3,2023-11-08
percentile,356860.KQ,2023-11-15,11867.54102,75.38461538461539,2023-11-16,11867.54102,2440.0,2440.0,False,10680.786918000002,57913.600177600005,29014713.688977603,2023-11-27,11114.40918,EXIT_MA,54238.3167984,-1949793.6065760031,-6.7200167042031165,-6.346149035682879,7,11,2023-11-24
percentile,087010.KQ,2023-11-23,36500.0,99.23076923076923,2023-11-24,36150.0,782.0,782.0,False,32535.0,56538.6,28325838.6,2023-11-27,32535.0,STOP,50884.74,-2934353.34,-10.359281437125748,-9.999999999999998,2,3,
percentile,036830.KQ,2023-11-15,39450.0,83.84615384615385,2023-11-16,39100.0,734.0,734.0,False,35190.0,57398.8,28756798.8,2023-11-28,35190.0,STOP,51658.92,-2978997.7200000025,-10.359281437125757,-9.999999999999998,9,12,
percentile,277810.KQ,2023-11-28,190200.0,97.70992366412213,2023-11-29,188800.0,148.0,148.0,False,169920.0,55884.8,27998284.8,2023-12-01,169920.0,STOP,50296.32,-2900421.120000001,-10.359281437125752,-9.999999999999998,3,2,
percentile,067310.KQ,2023-11-02,24992.08984,93.84615384615384,2023-11-03,24865.01172,1120.0,1120.0,False,22378.510548,55697.62625279999,27904510.752652798,2023-12-05,23128.27344,EXIT_MA,51807.3325056,-2052651.8323583938,-7.355985742065929,-6.984667047645365,22,32,2023-12-04
percentile,093320.KQ,2023-09-27,77800.0,71.53846153846153,2023-10-04,77000.0,370.0,370.0,False,69300.0,56980.0,28546980.0,2023-12-06,82700.0,EXIT_MA,61198.0,1990822.0,6.9738445187546985,7.402597402597411,44,63,2023-12-05
percentile,241710.KQ,2023-10-11,28950.0,95.38461538461539,2023-10-12,28850.0,1013.0,1013.0,False,25965.0,58450.1,29283500.1,2023-12-21,36250.0,EXIT_MA,73442.5,7364307.3999999985,25.148316884428713,25.649913344887352,50,70,2023-12-20
percentile,204270.KQ,2023-11-02,12620.0,92.3076923076923,2023-11-03,12790.0,2219.0,2219.0,False,11511.0,56762.020000000004,28437772.02,2023-12-26,12600.0,EXIT_MA,55918.8,-534290.8200000003,-1.878806889738897,-1.4855355746677068,36,53,2023-12-22
percentile,060370.KQ,2023-12-12,12110.0,85.49618320610686,2023-12-13,12050.0,1099.0,2300.0,True,10845.0,26485.9,13269435.9,2023-12-26,10845.0,STOP,23837.31,-1374618.210000001,-10.359281437125754,-9.999999999999998,9,13,
percentile,087010.KQ,2023-12-28,40250.0,100.0,2024-01-02,41150.0,481.0,720.0,True,37035.0,39586.3,19832736.3,2024-01-02,37035.0,STOP,35627.67,-2054528.9700000025,-10.35928143712576,-9.999999999999998,1,0,
percentile,093320.KQ,2023-12-11,95800.0,84.7328244274809,2023-12-12,99000.0,289.0,289.0,False,89100.0,57222.0,28668222.0,2024-01-03,89100.0,STOP,51499.8,-2969821.8000000007,-10.359281437125752,-9.999999999999998,14,22,
percentile,036930.KQ,2023-11-06,31650.0,92.3076923076923,2023-11-07,31050.0,889.0,889.0,False,27945.0,55206.9,27658656.9,2024-01-04,32000.0,EXIT_MA,56896.0,732447.1000000015,2.648165826157674,3.059581320450877,39,58,2024-01-03
percentile,253590.KQ,2024-01-03,10200.0,97.70992366412213,2024-01-04,10230.0,2764.0,2764.0,False,9207.0,56551.44,28332271.44,2024-01-04,9207.0,STOP,50896.296,-2935019.7360000014,-10.359281437125754,-9.999999999999998,1,0,
percentile,214150.KQ,2023-11-08,37250.0,88.46153846153845,2023-11-09,37300.0,767.0,767.0,False,33570.0,57218.200000000004,28666318.2,2024-01-05,36550.0,EXIT_MA,56067.700000000004,-688535.8999999985,-2.4018986156373527,-2.0107238605898137,38,57,2024-01-04
percentile,065350.KQ,2024-01-05,58000.0,99.23664122137404,2024-01-08,62400.0,474.0,474.0,False,56160.0,59155.200000000004,29636755.2,2024-01-10,56160.0,STOP,53239.68,-3070154.879999999,-10.359281437125745,-9.999999999999998,3,2,
percentile,131970.KQ,2023-11-07,55900.0,86.15384615384616,2023-11-08,56200.0,511.0,511.0,False,50580.0,57436.4,28775636.4,2024-01-11,54200.0,EXIT_MA,55392.4,-1134828.799999997,-3.9437139954965414,-3.558718861209964,43,64,2024-01-10
percentile,403870.KQ,2023-11-28,41150.0,92.36641221374046,2023-11-29,41000.0,687.0,687.0,False,36900.0,56334.0,28223334.0,2024-01-16,41000.0,EXIT_MA,56334.0,-112668.0,-0.39920159680638717,0.0,31,48,2024-01-15
percentile,039030.KQ,2024-01-05,156300.0,77.86259541984732,2024-01-08,156200.0,176.0,176.0,False,140580.0,54982.4,27546182.4,2024-01-16,153900.0,EXIT_MA,54172.8,-513955.19999999925,-1.8657946590813226,-1.472471190781055,6,8,2024-01-15
percentile,356860.KQ,2023-12-22,13579.20605,74.04580152671755,2023-12-26,13853.07227,2063.0,2063.0,False,12467.765043000001,57157.776186020004,28636045.86919602,2024-01-16,12467.765043000001,STOP,51441.998567418006,-2966488.5840544365,-10.359281437125743,-9.999999999999998,14,21,
percentile,241710.KQ,2024-01-10,42000.0,96.94656488549617,2024-01-11,42000.0,654.0,654.0,False,37800.0,54936.0,27522936.0,2024-01-16,37800.0,STOP,49442.4,-2851178.3999999985,-10.359281437125743,-9.999999999999998,4,5,
percentile,084370.KQ,2024-01-12,42450.0,71.7557251908397,2024-01-15,42500.0,626.0,627.0,True,38250.0,53210.0,26658210.0,2024-01-17,41350.0,EXIT_MA,51770.200000000004,-824880.1999999993,-3.094282024186917,-2.70588235294118,2,2,2024-01-16
percentile,196170.KQ,2023-12-21,67769.23438,90.83969465648855,2023-12-22,66923.07812,417.0,417.0,False,60230.77030800001,55813.84715208001,27962737.423192084,2024-01-19,60230.77030800001,STOP,50232.462436872,-2896738.6671929546,-10.359281437125755,-9.999999999999998,18,28,
percentile,141080.KQ,2023-12-01,49000.0,75.57251908396947,2023-12-04,49000.0,584.0,584.0,False,44100.0,57232.0,28673232.0,2024-01-22,50000.0,EXIT_MA,58400.0,468368.0,1.6334677583608292,2.0408163265306145,32,49,2024-01-19
percentile,036830.KQ,2023-12-04,42300.0,79.38931297709924,2023-12-05,42000.0,661.0,661.0,False,37800.0,55524.0,27817524.0,2024-01-23,40100.0,EXIT_MA,53012.200000000004,-1364436.1999999993,-4.904952000760381,-4.523809523809518,32,49,2024-01-22
percentile,253590.KQ,2024-01-22,14270.0,98.47328244274809,2024-01-23,13790.0,1995.0,1995.0,False,12411.0,55022.1,27566072.1,2024-01-24,12411.0,STOP,49519.89,-2855646.990000002,-10.359281437125755,-9.999999999999998,2,1,
percentile,124500.KQ,2024-01-22,10320.0,97.70992366412213,2024-01-23,10100.0,2759.0,2759.0,False,9090.0,55731.8,27921631.8,2024-01-24,9090.0,STOP,50158.62,-2892480.420000002,-10.359281437125754,-9.999999999999998,2,1,
percentile,093320.KQ,2024-01-19,119000.0,88.54961832061069,2024-01-22,124000.0,232.0,232.0,False,111600.0,57536.0,28825536.0,2024-01-26,111600.0,STOP,51782.4,-2986118.3999999985,-10.359281437125743,-9.999999999999998,5,4,
percentile,357780.KQ,2023-12-01,289000.0,72.51908396946564,2023-12-04,288000.0,99.0,99.0,False,259200.0,57024.0,28569024.0,2024-01-29,283000.0,EXIT_MA,56034.0,-608058.0,-2.1283821246396095,-1.736111111111116,37,56,2024-01-26
percentile,257720.KQ,2024-01-09,8640.0,87.02290076335878,2024-01-10,8690.0,1320.0,3232.0,True,7821.0,22941.600000000002,11493741.6,2024-01-29,8140.0,EXIT_MA,21489.600000000002,-770431.1999999993,-6.7030495970085076,-6.329113924050633,13,19,2024-01-26
percentile,039030.KQ,2024-01-19,183900.0,87.02290076335878,2024-01-22,194000.0,150.0,150.0,False,174600.0,58200.0,29158200.0,2024-01-29,174600.0,STOP,52380.0,-3020580.0,-10.359281437125748,-9.999999999999998,6,7,
percentile,323280.KQ,2024-01-23,5210.0,94.65648854961832,2024-01-24,5160.0,5361.0,5361.0,False,4644.0,55325.520000000004,27718085.52,2024-01-29,4644.0,STOP,49792.968,-2871394.487999998,-10.359281437125741,-9.999999999999998,4,5,
percentile,065350.KQ,2024-01-26,89500.0,99.23664122137404,2024-01-29,91900.0,300.0,300.0,False,82710.0,55140.0,27625140.0,2024-01-29,82710.0,STOP,49626.0,-2861766.0,-10.359281437125748,-9.999999999999998,1,0,
percentile,403870.KQ,2024-01-23,51000.0,93.12977099236642,2024-01-24,50300.0,547.0,547.0,False,45270.0,55028.200000000004,27569128.2,2024-01-30,45270.0,STOP,49525.380000000005,-2855963.579999998,-10.359281437125741,-9.999999999999998,5,6,
percentile,058470.KQ,2023-12-05,40900.0,74.80916030534351,2023-12-06,40700.0,664.0,664.0,False,36630.0,54049.6,27078849.6,2024-02-01,39720.0,EXIT_MA,52748.16,-757517.7600000016,-2.797451779487713,-2.4078624078624045,38,57,2024-01-31
percentile,031980.KQ,2024-01-22,29400.0,93.89312977099237,2024-01-23,29500.0,968.0,968.0,False,26550.0,57112.0,28613112.0,2024-02-01,26550.0,STOP,51400.8,-2964112.8000000007,-10.359281437125752,-9.999999999999998,8,9,
percentile,084370.KQ,2024-01-25,46600.0,77.09923664122137,2024-01-26,45650.0,603.0,603.0,False,41085.0,55053.9,27582003.9,2024-02-01,41085.0,STOP,49548.51,-2857297.41,-10.35928143712575,-9.999999999999998,5,6,
percentile,252990.KQ,2024-02-06,8160.0,89.31297709923665,2024-02-07,8810.0,3130.0,3130.0,False,7929.0,55150.6,27630450.6,2024-02-07,7929.0,STOP,49635.54,-2862316.1400000006,-10.35928143712575,-9.999999999999998,1,0,
percentile,036830.KQ,2024-02-06,53700.0,93.12977099236642,2024-02-07,53100.0,475.0,475.0,False,47790.0,50445.0,25272945.0,2024-02-08,47790.0,STOP,45400.5,-2618095.5,-10.359281437125748,-9.999999999999998,2,1,
percentile,425420.KQ,2024-02-08,35200.0,96.18320610687023,2024-02-13,34950.0,741.0,741.0,False,31455.0,51795.9,25949745.9,2024-02-19,32500.0,EXIT_MA,48165.0,-1915410.8999999985,-7.381231813911514,-7.010014306151646,4,6,2024-02-16
percentile,241710.KQ,2024-02-22,42250.0,92.36641221374046,2024-02-23,43400.0,102.0,679.0,True,39060.0,8853.6,4435653.6,2024-02-26,39060.0,STOP,7968.24,-459501.83999999985,-10.359281437125746,-9.999999999999998,2,3,
percentile,403870.KQ,2024-02-13,59300.0,93.89312977099237,2024-02-14,57500.0,447.0,447.0,False,51750.0,51405.0,25753905.0,2024-02-29,51750.0,STOP,46264.5,-2667919.5,-10.359281437125748,-9.999999999999998,12,15,
percentile,067310.KQ,2024-03-04,23128.27344,77.86259541984732,2024-03-05,23382.42969,985.0,1277.0,True,21044.186721000002,46063.386489300006,23077756.6311393,2024-03-08,22958.83398,EXIT_MA,45228.902940600005,-508534.0637799017,-2.203568015331811,-1.811598348058585,3,3,2024-03-07
percentile,036830.KQ,2024-02-14,64500.0,93.89312977099237,2024-02-15,66000.0,420.0,420.0,False,59400.0,55440.0,27775440.0,2024-03-12,59400.0,STOP,49896.0,-2877336.0,-10.359281437125748,-9.999999999999998,18,26,
percentile,080220.KQ,2024-01-03,17800.0,100.0,2024-01-04,17800.0,1584.0,1584.0,False,16020.0,56390.4,28251590.4,2024-03-14,25850.0,EXIT_MA,81892.8,12612916.800000004,44.64497970351434,45.2247191011236,47,70,2024-03-13
percentile,122640.KQ,2024-02-27,22300.0,90.83969465648855,2024-02-28,22250.0,179.0,1288.0,True,20025.0,7965.5,3990715.5,2024-03-15,19660.0,STOP,7038.28,-478613.7799999998,-11.993182174975885,-11.64044943820225,12,16,
percentile,950160.KQ,2024-03-18,13430.0,78.62595419847328,2024-03-19,13420.0,2385.0,2385.0,False,12078.0,64013.4,32070713.4,2024-03-20,12078.0,STOP,57612.06,-3322295.459999997,-10.359281437125741,-9.999999999999998,2,1,
percentile,204270.KQ,2024-02-20,12760.0,71.7557251908397,2024-02-21,12630.0,2188.0,2188.0,False,11367.0,55268.880000000005,27689708.88,2024-03-22,11367.0,STOP,49741.992,-2868454.8719999976,-10.359281437125741,-9.999999999999998,22,30,
percentile,425420.KQ,2024-03-20,43100.0,94.65648854961832,2024-03-21,43550.0,661.0,739.0,True,39195.0,57573.1,28844123.1,2024-03-25,39195.0,STOP,51815.79,-2988043.8900000006,-10.35928143712575,-9.999999999999998,3,4,
percentile,204270.KQ,2024-04-01,14830.0,78.62595419847328,2024-04-02,15800.0,1136.0,2187.0,True,14220.0,35897.6,17984697.6,2024-04-02,14220.0,STOP,32307.84,-1863085.4400000013,-10.359281437125755,-9.999999999999998,1,0,
percentile,065350.KQ,2024-02-05,102300.0,100.0,2024-02-06,98900.0,245.0,245.0,False,89010.0,48461.0,24278961.0,2024-04-05,107700.0,EXIT_MA,52773.0,2054766.0,8.463154580626412,8.897876643073822,40,59,2024-04-04
percentile,232140.KQ,2024-02-28,6690.0,87.78625954198473,2024-02-29,6530.0,1.0,4281.0,True,5877.0,13.06,6543.06,2024-04-09,6310.0,EXIT_MA,12.620000000000001,-245.6800000000003,-3.7548180820594688,-3.369065849923425,27,40,2024-04-08
percentile,277810.KQ,2024-03-19,190100.0,78.62595419847328,2024-03-20,191900.0,29.0,166.0,True,172710.0,11130.2,5576230.2,2024-04-16,171700.0,STOP,9958.6,-606888.7999999998,-10.883496165563605,-10.526315789473683,19,27,
percentile,131290.KQ,2024-02-13,57000.0,77.09923664122137,2024-02-14,55300.0,466.0,466.0,False,49770.0,51539.6,25821339.6,2024-04-22,57500.0,EXIT_MA,53590.0,920070.3999999985,3.563217146177801,3.9783001808318286,46,68,2024-04-19
percentile,092870.KQ,2024-03-07,22600.0,90.07633587786259,2024-03-08,22750.0,990.0,1301.0,True,20475.0,45045.0,22567545.0,2024-04-25,22650.0,EXIT_MA,44847.0,-188892.0,-0.8370073040731724,-0.439560439560438,33,48,2024-04-24
percentile,196170.KQ,2024-02-21,72230.76562,90.83969465648855,2024-02-22,71230.76562,377.0,377.0,False,64107.689058,53707.997277480004,26907706.636017483,2024-05-07,138307.6875,EXIT_MA,104283.996375,25130007.555107515,93.39334598463915,94.16846961584011,49,75,2024-05-03
percentile,204270.KQ,2024-04-05,17100.0,88.54961832061069,2024-04-08,19500.0,1882.0,1882.0,False,17550.0,73398.0,36772398.0,2024-05-10,17550.0,STOP,66058.2,-3809356.1999999993,-10.359281437125746,-9.999999999999998,22,32,
percentile,089030.KQ,2023-11-16,9760.0,82.3076923076923,2023-11-17,9760.0,2947.0,2947.0,False,8784.0,57525.44,28820245.44,2024-05-13,31400.0,EXIT_MA,185071.6,63530482.96000001,220.43699486273357,221.72131147540983,117,178,2024-05-10
percentile,028300.KQ,2024-02-19,78800.0,96.18320610687023,2024-02-20,79300.0,338.0,338.0,False,71370.0,53606.8,26857006.8,2024-05-14,100000.0,EXIT_MA,67600.0,6875393.199999999,25.599997986372774,26.103404791929385,56,84,2024-05-13
percentile,131290.KQ,2024-04-26,79000.0,87.02290076335878,2024-04-29,79000.0,203.0,417.0,True,71100.0,32074.0,16069074.0,2024-05-14,71100.0,STOP,28866.600000000002,-1664640.5999999996,-10.359281437125746,-9.999999999999998,10,15,
percentile,145020.KQ,2024-02-15,169500.0,72.51908396946564,2024-02-16,168500.0,158.0,158.0,False,151650.0,53246.0,26676246.0,2024-05-17,199900.0,EXIT_MA,63168.4,4844785.6000000015,18.161421963195277,18.63501483679526,60,91,2024-05-16
percentile,171090.KQ,2024-05-08,65700.0,93.12977099236642,2024-05-09,65500.0,271.0,511.0,True,58950.0,35501.0,17786001.0,2024-05-17,58950.0,STOP,31950.9,-1842501.9000000004,-10.35928143712575,-9.999999999999998,6,8,
percentile,119850.KQ,2024-05-13,9860.0,92.36641221374046,2024-05-14,10490.0,3345.0,3345.0,False,9441.0,70178.1,35159228.1,2024-05-17,9441.0,STOP,63160.29,-3642243.3900000006,-10.35928143712575,-9.999999999999998,3,3,
percentile,036830.KQ,2024-05-07,71600.0,90.07633587786259,2024-05-08,71300.0,480.0,480.0,False,64170.0,68448.0,34292448.0,2024-05-21,64170.0,STOP,61603.200000000004,-3552451.1999999993,-10.359281437125746,-9.999999999999998,9,13,
percentile,950160.KQ,2024-05-23,14650.0,76.33587786259542,2024-05-24,15660.0,2220.0,2220.0,False,14094.0,69530.4,34834730.4,2024-05-24,14094.0,STOP,62577.36,-3608627.759999998,-10.359281437125743,-9.999999999999998,1,0,
percentile,058470.KQ,2024-03-15,51000.0,81.67938931297711,2024-03-18,50300.0,625.0,625.0,False,45270.0,62875.0,31500375.0,2024-05-27,52700.0,EXIT_MA,65875.0,1371250.0,4.3531227802843615,4.771371769383692,46,70,2024-05-24
percentile,183300.KQ,2024-04-11,16180.0,78.62595419847328,2024-04-12,16180.0,351.0,2041.0,True,14562.0,11358.36,5690538.36,2024-06-04,16900.0,EXIT_MA,11863.800000000001,229497.83999999985,4.032972374163907,4.449938195302838,34,53,2024-06-03
percentile,178320.KQ,2024-05-23,30900.0,83.20610687022901,2024-05-24,30050.0,1052.0,1052.0,False,27045.0,63225.200000000004,31675825.2,2024-06-24,27045.0,STOP,56902.68,-3281387.879999999,-10.359281437125746,-9.999999999999998,21,31,
percentile,074600.KQ,2024-06-07,40950.0,73.2824427480916,2024-06-10,40550.0,453.0,870.0,True,36495.0,36738.3,18405888.3,2024-06-24,36495.0,STOP,33064.47,-1906717.7700000014,-10.359281437125755,-9.999999999999998,11,14,
percentile,033790.KQ,2024-06-21,10720.0,100.0,2024-06-24,10990.0,1.0,3693.0,True,9891.0,21.98,11011.98,2024-06-25,9891.0,STOP,19.782,-1140.7619999999988,-10.359281437125738,-9.999999999999998,2,1,
percentile,083650.KQ,2024-05-22,10180.0,70.22900763358778,2024-05-23,10190.0,3171.0,3171.0,False,9171.0,64624.98,32377114.98,2024-07-02,9620.0,EXIT_MA,61010.04,-1933105.0199999996,-5.97059071258856,-5.593719332679092,27,40,2024-07-01
percentile,039200.KQ,2024-07-01,41400.0,84.0909090909091,2024-07-02,40950.0,742.0,932.0,True,36855.0,60769.8,30445669.8,2024-07-02,36855.0,STOP,54692.82,-3153952.620000001,-10.359281437125752,-9.999999999999998,1,0,
percentile,099320.KQ,2024-04-24,49300.0,79.38931297709924,2024-04-25,48950.0,673.0,673.0,False,44055.0,65886.7,33009236.7,2024-07-03,51600.0,EXIT_MA,69453.6,1648109.6999999993,4.992874312661702,5.413687436159353,45,69,2024-07-02
percentile,032820.KQ,2024-05-23,2250.0,83.96946564885496,2024-05-24,2220.0,14454.0,14454.0,False,1998.0,64175.76,32152055.76,2024-07-03,1998.0,STOP,57758.184,-3330721.944000002,-10.359281437125754,-9.999999999999998,28,40,
percentile,232140.KQ,2024-04-18,9460.0,91.6030534351145,2024-04-19,9770.0,508.0,3653.0,True,8793.0,9926.32,4973086.32,2024-07-04,16100.0,EXIT_MA,16357.6,3189356.08,64.13232899605089,64.79017400204708,50,76,2024-07-03
percentile,095610.KQ,2024-06-26,26500.0,70.45454545454545,2024-06-27,26400.0,171.0,1503.0,True,23760.0,9028.800000000001,4523428.8,2024-07-11,23760.0,STOP,8125.92,-468594.71999999974,-10.359281437125743,-9.999999999999998,11,14,
percentile,323280.KQ,2024-05-14,5650.0,87.02290076335878,2024-05-16,5600.0,5860.0,5860.0,False,5040.0,65632.0,32881632.0,2024-07-16,8510.0,EXIT_MA,99737.2,16887230.799999997,51.35764185913886,51.96428571428571,42,61,2024-07-15
percentile,178320.KQ,2024-07-03,34050.0,87.12121212121212,2024-07-04,34150.0,1133.0,1133.0,False,30735.0,77383.90000000001,38769333.9,2024-07-16,30735.0,STOP,69645.51,-4016224.4099999964,-10.35928143712574,-9.999999999999998,9,12,
percentile,032820.KQ,2024-07-15,3065.0,91.66666666666666,2024-07-16,3040.0,12595.0,12595.0,False,2736.0,76577.6,38365377.6,2024-07-16,2736.0,STOP,68919.84,-3974377.440000005,-10.35928143712576,-9.999999999999998,1,0,
percentile,031980.KQ,2024-02-08,33000.0,94.65648854961832,2024-02-13,34400.0,790.0,790.0,False,30960.0,54352.0,27230352.0,2024-07-18,58000.0,EXIT_MA,91640.0,18498008.0,67.931578703059,68.6046511627907,106,156,2024-07-17
percentile,319660.KQ,2024-06-07,33500.0,76.33587786259542,2024-06-10,33400.0,1063.0,1063.0,False,30060.0,71008.40000000001,35575208.4,2024-07-18,31350.0,EXIT_MA,66650.1,-2316808.5,-6.5124242532898275,-6.137724550898205,28,38,2024-07-17
percentile,950160.KQ,2024-07-12,18120.0,84.84848484848484,2024-07-15,18490.0,218.0,2113.0,True,16641.0,8061.64,4038881.64,2024-07-18,16641.0,STOP,7255.476000000001,-418399.1159999999,-10.359281437125746,-9.999999999999998,4,3,
percentile,089030.KQ,2024-05-20,41000.0,98.47328244274809,2024-05-21,40800.0,796.0,796.0,False,36720.0,64953.6,32541753.6,2024-07-24,49500.0,EXIT_MA,78804.0,6781442.3999999985,20.839203945051068,21.323529411764696,45,64,2024-07-23
percentile,087010.KQ,2024-07-19,81000.0,97.72727272727273,2024-07-22,82000.0,444.0,444.0,False,73800.0,72816.0,36480816.0,2024-07-25,73800.0,STOP,65534.4,-3779150.3999999985,-10.359281437125745,-9.999999999999998,4,3,
percentile,257720.KQ,2024-03-21,10820.0,90.07633587786259,2024-03-22,10830.0,3.0,2957.0,True,9747.0,64.98,32554.98,2024-07-26,42950.0,EXIT_MA,257.7,96037.32,295.0003962527392,296.58356417359187,85,126,2024-07-25
percentile,204270.KQ,2024-06-17,22100.0,90.15151515151516,2024-06-18,22950.0,1.0,1724.0,True,20655.0,45.9,22995.9,2024-07-26,22550.0,EXIT_MA,45.1,-491.0,-2.1351632247487595,-1.7429193899782147,28,38,2024-07-25
percentile,033100.KQ,2024-03-27,37900.0,93.12977099236642,2024-03-28,37900.0,861.0,861.0,False,34110.0,65263.8,32697163.8,2024-07-30,79000.0,EXIT_MA,136038.0,35185798.2,107.61116289847746,108.44327176781002,83,124,2024-07-29
percentile,298380.KQ,2024-07-30,31350.0,81.06060606060606,2024-07-31,31650.0,1121.0,1121.0,False,28485.0,70959.3,35550609.3,2024-07-31,28485.0,STOP,63863.37,-3682787.669999998,-10.359281437125743,-9.999999999999998,1,0,
percentile,241710.KQ,2024-05-23,49350.0,89.31297709923665,2024-05-24,49100.0,659.0,659.0,False,44190.0,64713.8,32421613.8,2024-08-05,70100.0,EXIT_MA,92391.8,13681894.400000002,42.19991788317459,42.769857433808546,50,73,2024-08-02
percentile,253590.KQ,2024-06-26,12270.0,90.9090909090909,2024-06-27,12410.0,3246.0,3246.0,False,11169.0,80565.72,40363425.72,2024-08-05,11080.0,EXIT_MA,71931.36,-4469677.079999998,-11.073582086431484,-10.71716357775987,27,39,2024-08-02
percentile,060370.KQ,2024-07-08,19700.0,88.63636363636364,2024-07-09,19500.0,1.0,1996.0,True,17550.0,39.0,19539.0,2024-08-05,18100.0,EXIT_MA,36.2,-1475.2000000000007,-7.550028148830548,-7.179487179487176,19,27,2024-08-02
percentile,000250.KQ,2024-07-03,181800.0,90.15151515151516,2024-07-04,179000.0,212.0,212.0,False,161100.0,75896.0,38023896.0,2024-08-05,161100.0,STOP,68306.4,-3939002.3999999985,-10.359281437125745,-9.999999999999998,23,32,
percentile,039200.KQ,2024-07-04,42000.0,82.57575757575758,2024-07-05,42000.0,526.0,922.0,True,37800.0,44184.0,22136184.0,2024-08-05,37800.0,STOP,39765.6,-2293149.6000000015,-10.359281437125755,-9.999999999999998,22,31,
percentile,033790.KQ,2024-07-19,13500.0,100.0,2024-07-22,13550.0,2669.0,2669.0,False,12195.0,72329.90000000001,36237279.9,2024-08-05,12195.0,STOP,65096.91,-3753921.8099999987,-10.359281437125745,-9.999999999999998,11,14,
percentile,145020.KQ,2024-07-24,246500.0,82.57575757575758,2024-07-25,240000.0,147.0,147.0,False,216000.0,70560.0,35350560.0,2024-08-05,216000.0,STOP,63504.0,-3662064.0,-10.359281437125748,-9.999999999999998,8,11,
percentile,141080.KQ,2024-07-30,89300.0,90.15151515151516,2024-07-31,89700.0,393.0,393.0,False,80730.0,70504.2,35322604.2,2024-08-05,80500.0,STOP,63273.0,-3749377.200000003,-10.614668099698047,-10.256410256410254,4,5,
percentile,196170.KQ,2024-06-07,206923.0781,96.94656488549617,2024-06-10,203846.1562,172.0,172.0,False,183461.54058,70123.0777328,35131661.9441328,2024-08-06,214230.7656,EXIT_MA,73695.38336640001,1642334.3557008058,4.674798357995375,5.0943366279673,41,57,2024-08-05
percentile,323280.KQ,2024-08-16,18310.0,99.24242424242425,2024-08-19,18150.0,1753.0,1753.0,False,16335.0,63633.9,31880583.9,2024-08-19,16335.0,STOP,57270.51,-3302599.41,-10.359281437125748,-9.999999999999998,1,0,
percentile,084370.KQ,2024-08-16,51600.0,74.24242424242425,2024-08-19,51600.0,622.0,622.0,False,46440.0,64190.4,32159390.4,2024-08-29,46440.0,STOP,57771.36,-3331481.759999998,-10.359281437125741,-9.999999999999998,9,10,
percentile,145020.KQ,2024-08-19,286500.0,91.66666666666666,2024-08-20,289000.0,110.0,110.0,False,260100.0,63580.0,31853580.0,2024-09-02,260100.0,STOP,57222.0,-3299802.0,-10.359281437125748,-9.999999999999998,10,13,
percentile,310210.KQ,2024-08-26,83500.0,94.02985074626866,2024-08-27,87200.0,380.0,380.0,False,78480.0,66272.0,33202272.0,2024-09-04,77200.0,STOP,58672.0,-3924944.0,-11.821311505429508,-11.467889908256879,7,8,
percentile,298380.KQ,2024-08-26,32900.0,88.80597014925374,2024-08-27,32900.0,966.0,966.0,False,29610.0,63562.8,31844962.8,2024-09-04,29100.0,STOP,56221.200000000004,-3790584.0,-11.903245181369783,-11.550151975683887,7,8,
percentile,032820.KQ,2024-09-13,2440.0,89.55223880597015,2024-09-19,2550.0,12659.0,12659.0,False,2295.0,64560.9,32345010.9,2024-09-24,2295.0,STOP,58104.81,-3350710.709999997,-10.359281437125741,-9.999999999999998,4,5,
percentile,257720.KQ,2024-09-20,45950.0,98.50746268656717,2024-09-23,46350.0,684.0,684.0,False,41715.0,63406.8,31766806.8,2024-10-04,43450.0,EXIT_MA,59439.6,-2106446.4000000022,-6.630966761191755,-6.256742179072273,7,11,2024-10-02
percentile,388720.KQ,2024-10-07,38500.0,90.29850746268657,2024-10-08,38350.0,813.0,813.0,False,34515.0,62357.1,31240907.1,2024-10-16,34515.0,STOP,56121.39,-3236333.490000002,-10.359281437125754,-9.999999999999998,6,8,
percentile,347700.KQ,2024-10-14,3975.0,93.28358208955224,2024-10-15,3975.0,8147.0,8147.0,False,3577.5,64768.65,32449093.65,2024-10-18,3577.5,STOP,58291.785,-3361492.9349999987,-10.359281437125745,-9.999999999999998,4,3,
percentile,323280.KQ,2024-10-08,37600.0,100.0,2024-10-10,37600.0,833.0,833.0,False,33840.0,62641.6,31383441.6,2024-10-22,33840.0,STOP,56377.44,-3251099.040000003,-10.359281437125757,-9.999999999999998,9,12,
percentile,950160.KQ,2024-10-11,16910.0,89.55223880597015,2024-10-14,17300.0,1912.0,1912.0,False,15570.0,66155.2,33143755.2,2024-10-22,15570.0,STOP,59539.68,-3433454.879999999,-10.359281437125746,-9.999999999999998,7,8,
percentile,237690.KQ,2024-08-19,100300.0,73.48484848484848,2024-08-20,97700.0,316.0,316.0,False,87930.0,61746.4,30934946.4,2024-10-23,101900.0,EXIT_MA,64400.8,1201052.8000000007,3.8825113335253776,4.298874104401218,40,64,2024-10-22
percentile,039200.KQ,2024-10-15,42250.0,82.83582089552239,2024-10-16,41850.0,495.0,779.0,True,37665.0,41431.5,20757181.5,2024-10-23,37600.0,EXIT_MA,37224.0,-2182405.5,-10.51397801768029,-10.15531660692951,5,7,2024-10-22
percentile,087010.KQ,2024-10-17,100600.0,97.01492537313433,2024-10-18,100600.0,278.0,325.0,True,90540.0,55933.6,28022733.6,2024-10-23,90540.0,STOP,50340.24,-2902953.84,-10.359281437125748,-9.999999999999998,4,5,
percentile,214150.KQ,2024-09-10,54800.0,88.05970149253731,2024-09-11,54500.0,562.0,562.0,False,49050.0,61258.0,30690258.0,2024-10-25,51100.0,EXIT_MA,57436.4,-2029494.3999999985,-6.61282938709736,-6.238532110091743,26,44,2024-10-24
percentile,115180.KQ,2024-10-18,5280.0,80.59701492537313,2024-10-21,5640.0,5147.0,6137.0,True,5076.0,58058.16,29087138.16,2024-10-25,5076.0,STOP,52252.344000000005,-3013218.5040000007,-10.35928143712575,-9.999999999999998,5,4,
percentile,298380.KQ,2024-10-11,40500.0,91.04477611940298,2024-10-14,40050.0,798.0,798.0,False,36045.0,63919.8,32023819.8,2024-10-28,36045.0,STOP,57527.82,-3317437.620000001,-10.359281437125752,-9.999999999999998,11,14,
percentile,145020.KQ,2024-10-15,286000.0,89.55223880597015,2024-10-16,285000.0,115.0,115.0,False,256500.0,65550.0,32840550.0,2024-11-04,256500.0,STOP,58995.0,-3402045.0,-10.359281437125748,-9.999999999999998,14,19,
percentile,226950.KQ,2024-10-08,21600.0,93.28358208955224,2024-10-10,21350.0,1450.0,1450.0,False,19215.0,61915.0,31019415.0,2024-11-06,19215.0,STOP,55723.5,-3213388.5,-10.359281437125748,-9.999999999999998,20,27,
percentile,145020.KQ,2024-11-06,321000.0,92.53731343283582,2024-11-07,313000.0,98.0,98.0,False,281700.0,61348.0,30735348.0,2024-11-11,281700.0,STOP,55213.200000000004,-3183961.1999999993,-10.359281437125746,-9.999999999999998,3,4,
percentile,083650.KQ,2024-11-12,15040.0,93.28358208955224,2024-11-13,15920.0,2100.0,2100.0,False,14328.0,66864.0,33498864.0,2024-11-13,14328.0,STOP,60177.6,-3470241.6000000015,-10.359281437125754,-9.999999999999998,1,0,
percentile,251970.KQ,2024-11-06,39350.0,79.1044776119403,2024-11-07,39250.0,801.0,801.0,False,35325.0,62878.5,31502128.5,2024-11-15,35325.0,STOP,56590.65,-3263394.1499999985,-10.359281437125743,-9.999999999999998,7,8,
percentile,214450.KQ,2024-08-07,166900.0,81.06060606060606,2024-08-08,169900.0,190.0,190.0,False,152910.0,64562.0,32345562.0,2024-11-19,208500.0,EXIT_MA,79230.0,7190208.0,22.2293494235778,22.719246615656274,66,103,2024-11-18
percentile,141080.KQ,2024-09-20,104900.0,94.02985074626866,2024-09-23,105600.0,299.0,299.0,False,95040.0,63148.8,31637548.8,2024-11-20,109700.0,EXIT_MA,65600.6,1097150.5999999978,3.467874856347903,3.882575757575757,39,58,2024-11-19
percentile,087010.KQ,2024-11-11,110300.0,98.50746268656717,2024-11-12,113600.0,289.0,289.0,False,102240.0,65660.8,32896060.8,2024-11-20,102240.0,STOP,59094.72,-3407795.5199999996,-10.359281437125748,-9.999999999999998,7,8,
percentile,196170.KQ,2024-09-19,269230.7812,97.76119402985076,2024-09-20,266923.0625,116.0,116.0,False,240230.75625,61926.1505,31025001.4005,2024-11-21,264615.375,EXIT_MA,61390.767,-391008.66750000045,-1.2603018528588976,-0.8645515596839792,41,62,2024-11-20
percentile,083650.KQ,2024-11-19,17920.0,96.26865671641791,2024-11-20,17760.0,1735.0,1735.0,False,15984.0,61627.200000000004,30875227.2,2024-11-29,15984.0,STOP,55464.48,-3198451.6799999997,-10.359281437125748,-9.999999999999998,8,9,
percentile,226950.KQ,2024-12-04,25200.0,95.52238805970148,2024-12-05,24950.0,1213.0,1213.0,False,22455.0,60528.700000000004,30324878.7,2024-12-17,23000.0,EXIT_MA,55798.0,-2481676.6999999993,-8.183632734530937,-7.815631262525047,8,12,2024-12-16
percentile,007390.KQ,2024-10-23,11310.0,79.1044776119403,2024-10-24,11400.0,2755.0,2755.0,False,10260.0,62814.0,31469814.0,2024-12-27,19920.0,EXIT_MA,109759.2,23300026.799999997,74.03928984136988,74.73684210526316,45,64,2024-12-26
percentile,388720.KQ,2025-02-07,37600.0,78.67647058823529,2025-02-10,46700.0,926.0,926.0,False,42030.0,86488.40000000001,43330688.4,2025-02-11,42030.0,STOP,77839.56,-4488747.960000001,-10.359281437125752,-9.999999999999998,2,1,
percentile,204270.KQ,2025-02-13,28000.0,87.5,2025-02-14,27450.0,1306.0,1306.0,False,24705.0,71699.40000000001,35921399.4,2025-02-20,24705.0,STOP,64529.46,-3721198.8599999994,-10.359281437125748,-9.999999999999998,5,6,
percentile,226950.KQ,2025-02-17,48150.0,96.32352941176471,2025-02-18,47000.0,5.0,776.0,True,42300.0,470.0,235470.0,2025-02-20,42300.0,STOP,423.0,-24393.0,-10.359281437125748,-9.999999999999998,3,2,
percentile,082920.KQ,2025-01-02,11575.0,80.14705882352942,2025-01-03,11525.0,2738.0,2738.0,False,10372.5,63110.9,31618560.9,2025-03-04,11975.0,EXIT_MA,65575.1,1103414.0,3.4897666705634287,3.90455531453362,37,60,2025-02-28
percentile,319400.KQ,2025-01-06,3645.0,75.0,2025-01-07,3660.0,8826.0,8826.0,False,3294.0,64606.32,32367766.32,2025-03-04,3690.0,EXIT_MA,65135.880000000005,135037.80000000075,0.4171983901050382,0.8196721311475308,35,56,2025-02-28
percentile,226950.KQ,2025-02-28,58800.0,99.26470588235294,2025-03-04,57200.0,618.0,618.0,False,51480.0,70699.2,35420299.2,2025-03-07,51480.0,STOP,63629.28,-3669288.480000004,-10.35928143712576,-9.999999999999998,4,3,
percentile,083650.KQ,2025-01-22,20900.0,98.52941176470588,2025-01-23,20750.0,1644.0,1644.0,False,18675.0,68226.0,34181226.0,2025-03-11,18640.0,STOP,61288.32,-3598354.3200000003,-10.527282783829932,-10.168674698795177,29,47,
percentile,014620.KQ,2024-11-07,14480.0,72.38805970149254,2024-11-08,14800.0,2166.0,2166.0,False,13320.0,64113.6,32120913.6,2025-03-14,26650.0,EXIT_MA,115447.8,25487538.6,79.34873496250742,80.06756756756756,82,126,2025-03-13
percentile,108490.KQ,2025-03-17,40500.0,91.91176470588235,2025-03-18,40500.0,931.0,931.0,False,36450.0,75411.0,37780911.0,2025-03-19,36300.0,STOP,67590.6,-4053201.6000000015,-10.728173283063507,-10.370370370370374,2,1,
percentile,196170.KQ,2025-03-17,338076.9375,88.97058823529412,2025-03-18,348846.1562,111.0,111.0,False,313961.54058000003,77443.8466764,38799367.184876405,2025-03-20,313961.54058000003,STOP,69699.46200876,-4019335.6425051615,-10.359281437125752,-9.999999999999998,3,2,
percentile,082920.KQ,2025-03-18,14325.0,82.35294117647058,2025-03-19,14200.0,2732.0,2732.0,False,12780.0,77588.8,38871988.8,2025-03-21,12750.0,EXIT_MA,69666.0,-4108654.799999997,-10.56970565910432,-10.2112676056338,2,2,2025-03-20
percentile,298380.KQ,2025-01-16,32850.0,70.58823529411765,2025-01-17,32850.0,1038.0,1038.0,False,29565.0,68196.6,34166496.6,2025-03-24,36900.0,EXIT_MA,76604.40000000001,4059099.0,11.880348891258578,12.328767123287676,41,66,2025-03-21
percentile,310210.KQ,2025-03-04,135000.0,97.05882352941177,2025-03-05,135500.0,219.0,277.0,True,121950.0,59349.0,29733849.0,2025-03-24,121950.0,STOP,53414.1,-3080213.1000000015,-10.359281437125754,-9.999999999999998,14,19,
percentile,023160.KQ,2024-12-19,18210.0,86.66666666666667,2024-12-20,18200.0,1703.0,1703.0,False,16380.0,61989.200000000004,31056589.2,2025-03-25,21900.0,EXIT_MA,74591.40000000001,6164519.400000002,19.849312364282433,20.329670329670325,59,95,2025-03-24
percentile,347700.KQ,2025-01-22,5000.0,97.05882352941177,2025-01-23,4925.0,6873.0,6873.0,False,4432.5,67699.05,33917224.05,2025-04-07,6800.0,EXIT_MA,93472.8,12725703.150000006,37.51988408968867,38.07106598984771,47,74,2025-04-04
percentile,041510.KQ,2025-04-04,115900.0,88.97058823529412,2025-04-07,113300.0,311.0,311.0,False,101970.0,70472.6,35306772.6,2025-04-09,101970.0,STOP,63425.340000000004,-3657527.9400000013,-10.359281437125752,-9.999999999999998,3,2,
percentile,053800.KQ,2025-04-04,93900.0,86.02941176470588,2025-04-07,98000.0,384.0,384.0,False,88200.0,75264.0,37707264.0,2025-04-09,88200.0,STOP,67737.6,-3906201.6000000015,-10.359281437125754,-9.999999999999998,3,2,
percentile,122870.KQ,2025-02-20,60200.0,80.14705882352942,2025-02-21,61100.0,529.0,599.0,True,54990.0,64643.8,32386543.8,2025-04-10,60200.0,EXIT_MA,63691.6,-604435.4000000022,-1.8663164669025356,-1.4729950900163713,33,48,2025-04-09
percentile,007390.KQ,2025-04-10,32000.0,99.27007299270073,2025-04-11,31750.0,1135.0,1135.0,False,28575.0,72072.5,36108322.5,2025-04-15,28575.0,STOP,64865.25,-3740562.75,-10.359281437125748,-9.999999999999998,3,4,
percentile,437730.KQ,2025-04-17,13370.0,81.02189781021897,2025-04-18,13860.0,2898.0,2898.0,False,12474.0,80332.56,40246612.56,2025-04-22,12474.0,STOP,72299.304,-4169259.864,-10.359281437125748,-9.999999999999998,3,4,
percentile,124500.KQ,2025-04-21,6950.0,82.48175182481752,2025-04-22,7060.0,5547.0,5547.0,False,6354.0,78323.64,39240143.64,2025-04-23,6354.0,STOP,70491.276,-4064996.916000001,-10.359281437125752,-9.999999999999998,2,1,
percentile,007390.KQ,2025-04-22,33250.0,98.54014598540147,2025-04-23,34000.0,1154.0,1154.0,False,30600.0,78472.0,39314472.0,2025-04-23,30600.0,STOP,70624.8,-4072696.799999997,-10.359281437125741,-9.999999999999998,1,0,
percentile,388720.KQ,2025-04-02,72300.0,97.05882352941177,2025-04-03,77000.0,498.0,498.0,False,69300.0,76692.0,38422692.0,2025-04-28,69300.0,STOP,69022.8,-3980314.799999997,-10.359281437125741,-9.999999999999998,18,25,
percentile,437730.KQ,2025-04-22,14700.0,87.59124087591242,2025-04-23,14950.0,2610.0,2610.0,False,13455.0,78039.0,39097539.0,2025-04-28,13455.0,STOP,70235.1,-4050224.1000000015,-10.359281437125754,-9.999999999999998,4,5,
percentile,950160.KQ,2024-12-02,19700.0,94.02985074626866,2024-12-03,20500.0,1537.0,1537.0,False,18450.0,63017.0,31571517.0,2025-04-29,42000.0,EXIT_MA,129108.0,32853375.0,104.06017233825034,104.8780487804878,97,147,2025-04-28
percentile,041960.KQ,2025-04-29,6680.0,89.78102189781022,2025-04-30,6680.0,5784.0,5784.0,False,6012.0,77274.24,38714394.24,2025-04-30,6012.0,STOP,69546.816,-4010533.0560000017,-10.359281437125754,-9.999999999999998,1,0,
percentile,145020.KQ,2025-02-14,288000.0,75.0,2025-02-17,292500.0,67.0,127.0,True,263250.0,39195.0,19636695.0,2025-05-20,344000.0,EXIT_MA,46096.0,3365209.0,17.137349233157618,17.606837606837612,62,92,2025-05-19
percentile,319400.KQ,2025-04-24,4325.0,80.2919708029197,2025-04-25,4305.0,8877.0,8877.0,False,3874.5,76430.97,38291915.97,2025-05-29,3874.5,STOP,68787.873,-3966767.343000002,-10.359281437125754,-9.999999999999998,22,34,
percentile,087010.KQ,2025-04-01,106500.0,97.05882352941177,2025-04-02,106500.0,340.0,340.0,False,95850.0,72420.0,36282420.0,2025-06-05,154100.0,EXIT_MA,104788.0,16006792.0,44.11721158621724,44.69483568075117,42,64,2025-06-04
percentile,108490.KQ,2025-06-04,68100.0,99.27536231884058,2025-06-05,68100.0,605.0,605.0,False,61290.0,82401.0,41282901.0,2025-06-09,61290.0,STOP,74160.90000000001,-4276611.8999999985,-10.359281437125745,-9.999999999999998,2,4,
percentile,298380.KQ,2025-04-08,51000.0,93.43065693430657,2025-04-09,49850.0,688.0,688.0,False,44865.0,68593.6,34365393.6,2025-06-25,66800.0,EXIT_MA,91916.8,11501089.600000001,33.4670678702775,34.00200601805417,50,77,2025-06-24
percentile,041960.KQ,2025-06-26,5650.0,70.28985507246377,2025-06-27,5610.0,3.0,7920.0,True,5049.0,33.660000000000004,16863.66,2025-06-30,5370.0,EXIT_MA,32.22,-785.8799999999992,-4.66019831993766,-4.278074866310155,1,3,2025-06-27
percentile,388720.KQ,2025-06-24,82400.0,92.7536231884058,2025-06-25,81500.0,561.0,567.0,True,73350.0,91443.0,45812943.0,2025-07-04,73350.0,STOP,82298.7,-4745891.700000003,-10.359281437125754,-9.999999999999998,8,9,
percentile,090710.KQ,2025-06-27,3130.0,85.5072463768116,2025-06-30,3290.0,6.0,14352.0,True,2961.0,39.480000000000004,19779.48,2025-07-04,2961.0,STOP,35.532000000000004,-2049.011999999999,-10.359281437125743,-9.999999999999998,5,4,
percentile,347700.KQ,2025-04-17,8360.0,99.27007299270073,2025-04-18,8360.0,4636.0,4636.0,False,7524.0,77513.92,38834473.92,2025-07-07,9400.0,EXIT_MA,87156.8,4656769.280000001,11.991328348088516,12.440191387559807,51,80,2025-07-04
percentile,251970.KQ,2025-05-08,59800.0,86.86131386861314,2025-05-09,58900.0,638.0,638.0,False,53010.0,75156.40000000001,37653356.4,2025-07-07,56100.0,EXIT_MA,71583.6,-1933140.0,-5.134044305277391,-4.753820033955858,39,59,2025-07-04
percentile,096530.KQ,2025-04-24,26950.0,72.26277372262774,2025-04-25,26900.0,1424.0,1424.0,False,24210.0,76611.2,38382211.2,2025-07-09,31250.0,EXIT_MA,89000.0,6028788.799999997,15.707247215605955,16.17100371747211,48,75,2025-07-08
percentile,083650.KQ,2025-04-28,25600.0,94.16058394160584,2025-04-29,25250.0,1474.0,1474.0,False,22725.0,74437.0,37292937.0,2025-07-14,37000.0,EXIT_MA,109076.0,17135987.0,45.94968478883816,46.53465346534653,49,76,2025-07-11
percentile,115180.KQ,2025-02-19,5880.0,75.73529411764706,2025-02-20,5760.0,2.0,6360.0,True,5184.0,23.04,11543.04,2025-07-15,11000.0,EXIT_MA,44.0,10412.96,90.20985806165446,90.97222222222223,97,145,2025-07-14
percentile,124500.KQ,2025-05-12,7850.0,85.40145985401459,2025-05-13,8020.0,2292.0,4764.0,True,7218.0,36763.68,18418603.68,2025-07-21,18650.0,EXIT_MA,85491.6,24241704.72,131.61532297002006,132.5436408977556,47,69,2025-07-18
percentile,290650.KQ,2025-07-08,32000.0,76.2589928057554,2025-07-09,32000.0,1401.0,1401.0,False,28800.0,89664.0,44921664.0,2025-07-21,28800.0,STOP,80697.6,-4653561.6000000015,-10.359281437125752,-9.999999999999998,9,12,
percentile,347700.KQ,2025-07-15,12030.0,97.14285714285714,2025-07-16,11780.0,3.0,3877.0,True,10602.0,70.68,35410.68,2025-07-21,10602.0,STOP,63.612,-3668.2920000000013,-10.359281437125752,-9.999999999999998,4,5,
percentile,140860.KQ,2025-07-09,307000.0,75.53956834532374,2025-07-10,303000.0,96.0,150.0,True,272700.0,58176.0,29146176.0,2025-07-22,272700.0,STOP,52358.4,-3019334.3999999985,-10.359281437125743,-9.999999999999998,9,12,
percentile,044490.KQ,2025-07-21,43150.0,95.0354609929078,2025-07-22,41150.0,978.0,1058.0,True,37035.0,80489.40000000001,40325189.4,2025-07-23,37035.0,STOP,72440.46,-4177399.8599999994,-10.359281437125748,-9.999999999999998,2,1,
percentile,122870.KQ,2025-05-09,74400.0,90.51094890510949,2025-05-12,73500.0,511.0,511.0,False,66150.0,75117.0,37633617.0,2025-07-24,85100.0,EXIT_MA,86972.2,5765510.799999997,15.320108083153414,15.782312925170071,51,73,2025-07-23
percentile,032190.KQ,2025-05-29,16100.0,79.71014492753623,2025-05-30,16160.0,2119.0,2581.0,True,14544.0,68486.08,34311526.08,2025-07-24,16630.0,EXIT_MA,70477.94,856965.9800000042,2.4976038022964095,2.9084158415841666,37,55,2025-07-23
percentile,006730.KQ,2025-07-07,9920.0,83.45323741007195,2025-07-08,9940.0,4451.0,4451.0,False,8946.0,88485.88,44331425.88,2025-07-28,8946.0,STOP,79637.292,-4592417.172000006,-10.35928143712576,-9.999999999999998,15,20,
percentile,214370.KQ,2025-07-22,59000.0,92.90780141843972,2025-07-23,61300.0,425.0,769.0,True,55170.0,52105.0,26104605.0,2025-07-29,55170.0,STOP,46894.5,-2704249.5,-10.359281437125748,-9.999999999999998,5,6,
percentile,218410.KQ,2025-07-28,29700.0,91.48936170212765,2025-07-29,29700.0,1489.0,1489.0,False,26730.0,88446.6,44311746.6,2025-07-29,26730.0,STOP,79601.94,-4590378.539999999,-10.359281437125746,-9.999999999999998,1,0,
percentile,032500.KQ,2025-07-09,14540.0,82.01438848920863,2025-07-10,14500.0,3176.0,3176.0,False,13050.0,92104.0,46144104.0,2025-07-30,13050.0,STOP,82893.6,-4780197.6000000015,-10.359281437125752,-9.999999999999998,15,20,
percentile,310210.KQ,2025-07-18,142300.0,78.01418439716312,2025-07-21,138600.0,307.0,319.0,True,124740.0,85100.40000000001,42635300.4,2025-07-30,124740.0,STOP,76590.36,-4416710.759999998,-10.359281437125743,-9.999999999999998,8,9,
percentile,003380.KQ,2025-06-04,9320.0,86.23188405797102,2025-06-05,9330.0,1178.0,4424.0,True,8397.0,21981.48,11012721.48,2025-07-31,9290.0,EXIT_MA,21887.24,-90988.72000000067,-0.826214666059099,-0.4287245444801746,39,56,2025-07-30
percentile,030530.KQ,2025-05-19,5310.0,90.51094890510949,2025-05-20,5190.0,4423.0,7459.0,True,4671.0,45910.74,23001280.74,2025-08-04,5820.0,EXIT_MA,51483.72,2689095.540000003,11.69106872959285,12.138728323699421,52,76,2025-08-01
percentile,295310.KQ,2025-08-01,35850.0,90.78014184397163,2025-08-04,33050.0,1190.0,1190.0,False,29745.0,78659.0,39408159.0,2025-08-05,29745.0,STOP,70793.1,-4082402.1000000015,-10.359281437125752,-9.999999999999998,2,1,
percentile,007390.KQ,2025-07-29,29900.0,90.78014184397163,2025-07-30,30350.0,1449.0,1449.0,False,27315.0,87954.3,44065104.3,2025-08-06,24750.0,STOP,71725.5,-8274079.799999997,-18.776943641547213,-18.45140032948929,6,7,
percentile,319400.KQ,2025-06-18,4380.0,72.46376811594203,2025-06-19,4575.0,1.0,10275.0,True,4117.5,9.15,4584.15,2025-08-13,4785.0,EXIT_MA,9.57,191.28000000000065,4.172638329897596,4.590163934426239,39,55,2025-08-12
percentile,251970.KQ,2025-08-06,71200.0,75.88652482269504,2025-08-07,73500.0,610.0,610.0,False,66150.0,89670.0,44924670.0,2025-08-13,66150.0,STOP,80703.0,-4653873.0,-10.359281437125748,-9.999999999999998,5,6,
percentile,014620.KQ,2025-07-29,32200.0,82.97872340425532,2025-07-30,32300.0,1345.0,1345.0,False,29070.0,86887.0,43530387.0,2025-08-19,31550.0,EXIT_MA,84869.5,-1180506.5,-2.7119136340322454,-2.3219814241486114,13,20,2025-08-18
percentile,039030.KQ,2025-08-07,232000.0,79.43262411347519,2025-08-08,233000.0,187.0,187.0,False,209700.0,87142.0,43658142.0,2025-08-19,209700.0,STOP,78427.8,-4522669.799999997,-10.359281437125741,-9.999999999999998,7,11,
percentile,082920.KQ,2025-08-07,16725.0,74.46808510638297,2025-08-08,16600.0,742.0,2597.0,True,14940.0,24634.4,12341834.4,2025-08-19,14940.0,STOP,22170.96,-1278525.3600000013,-10.359281437125759,-9.999999999999998,7,11,
percentile,059090.KQ,2025-08-05,15210.0,72.3404255319149,2025-08-06,15010.0,2898.0,2898.0,False,13509.0,86997.96,43585977.96,2025-08-20,13440.0,EXIT_MA,77898.24,-4714756.200000003,-10.817139870824647,-10.459693537641568,9,14,2025-08-19
percentile,102710.KQ,2025-06-25,36200.0,75.36231884057972,2025-06-26,36200.0,1.0,1268.0,True,32580.0,72.4,36272.4,2025-08-21,37550.0,EXIT_MA,75.10000000000001,1202.5,3.3151928187823247,3.7292817679557944,39,56,2025-08-20
percentile,347850.KQ,2025-06-11,24350.0,94.92753623188406,2025-06-12,23375.0,1580.0,1794.0,True,21037.5,73865.0,37006365.0,2025-08-22,32575.0,EXIT_MA,102937.0,14359198.0,38.801968256001366,39.35828877005348,50,71,2025-08-21
percentile,108490.KQ,2025-08-25,100700.0,99.29078014184397,2025-08-26,98400.0,46.0,457.0,True,88560.0,9052.800000000001,4535452.8,2025-08-29,86600.0,STOP,7967.2,-559820.0,-12.343199779303182,-11.991869918699184,4,3,
percentile,035760.KQ,2025-08-20,79000.0,71.63120567375887,2025-08-21,78100.0,558.0,558.0,False,70290.0,87159.6,43666959.6,2025-09-01,74300.0,EXIT_MA,82918.8,-2290478.3999999985,-5.2453351938887876,-4.865556978233032,7,11,2025-08-29
percentile,347850.KQ,2025-08-29,39350.0,97.87234042553192,2025-09-01,39125.0,1156.0,1197.0,True,35212.5,90457.0,45318957.0,2025-09-01,35212.5,STOP,81411.3,-4694718.299999997,-10.359281437125741,-9.999999999999998,1,0,
percentile,101490.KQ,2025-07-28,51200.0,78.01418439716312,2025-07-29,52000.0,864.0,864.0,False,46800.0,89856.0,45017856.0,2025-09-08,49550.0,EXIT_MA,85622.40000000001,-2292278.3999999985,-5.091931521572237,-4.711538461538467,28,41,2025-09-05
percentile,083650.KQ,2025-08-22,51900.0,97.87234042553192,2025-08-25,53900.0,877.0,877.0,False,48510.0,94540.6,47364840.6,2025-09-12,48510.0,STOP,85086.54000000001,-4906657.140000001,-10.359281437125748,-9.999999999999998,15,18,
percentile,214450.KQ,2024-12-10,240000.0,97.01492537313433,2024-12-11,238500.0,125.0,125.0,False,214650.0,59625.0,29872125.0,2025-09-18,623000.0,EXIT_MA,155750.0,47847125.0,160.17315473874055,161.21593291404614,187,281,2025-09-17
percentile,122870.KQ,2025-08-21,107400.0,92.90780141843972,2025-08-22,105300.0,415.0,415.0,False,94770.0,87399.0,43786899.0,2025-09-25,94770.0,STOP,78659.1,-4536008.1000000015,-10.359281437125752,-9.999999999999998,24,34,
percentile,298380.KQ,2025-09-05,103000.0,95.0354609929078,2025-09-08,104200.0,409.0,470.0,True,93780.0,85235.6,42703035.6,2025-09-25,93780.0,STOP,76712.04000000001,-4423727.640000001,-10.35928143712575,-9.999999999999998,13,17,
percentile,010170.KQ,2025-09-10,1596.0,86.52482269503547,2025-09-11,1598.0,2.0,30880.0,True,1438.2,6.392,3202.392,2025-09-25,1438.2,STOP,5.752800000000001,-331.74479999999994,-10.359281437125748,-9.999999999999998,10,14,
percentile,290650.KQ,2025-09-12,59300.0,93.61702127659575,2025-09-15,57400.0,738.0,823.0,True,51660.0,84722.40000000001,42445922.4,2025-09-26,51660.0,STOP,76250.16,-4397092.559999995,-10.359281437125736,-9.999999999999998,9,11,
percentile,036810.KQ,2025-09-17,33366.33594,79.43262411347519,2025-09-18,33267.32812,1502.0,1502.0,False,29940.595308,99935.05367248,50067461.88991248,2025-09-26,29702.9707,STOP,89227.7239828,-5542827.622495279,-11.070718213523103,-10.714288226402946,6,8,
percentile,041960.KQ,2025-09-08,6980.0,75.88652482269504,2025-09-09,6790.0,3.0,6857.0,True,6111.0,40.74,20410.74,2025-10-15,6111.0,STOP,36.666000000000004,-2114.4060000000027,-10.35928143712576,-9.999999999999998,21,36,
percentile,425420.KQ,2025-07-11,30750.0,79.13669064748201,2025-07-14,30300.0,286.0,1489.0,True,27270.0,17331.6,8683131.6,2025-10-24,39400.0,EXIT_MA,22536.8,2562731.5999999996,29.51390947477981,30.03300330033003,67,102,2025-10-23
percentile,127120.KQ,2024-11-27,4100.0,81.34328358208955,2024-11-28,4100.0,7398.0,7398.0,False,3690.0,60663.6,30392463.6,2025-10-28,19200.0,EXIT_MA,284083.2,111365053.20000002,366.4232510588579,368.29268292682923,218,334,2025-10-27
percentile,067310.KQ,2025-10-30,30800.0,88.65248226950354,2025-10-31,29800.0,1.0,1871.0,True,26820.0,59.6,29859.6,2025-11-05,26820.0,STOP,53.64,-3093.239999999998,-10.359281437125741,-9.999999999999998,4,5,
percentile,064760.KQ,2025-09-29,166400.0,78.72340425531915,2025-09-30,167500.0,322.0,322.0,False,150750.0,107870.0,54042870.0,2025-11-07,150750.0,STOP,97083.0,-5598453.0,-10.359281437125748,-9.999999999999998,24,38,
percentile,090360.KQ,2025-10-28,85600.0,95.74468085106383,2025-10-29,84600.0,667.0,667.0,False,76140.0,112856.40000000001,56541056.4,2025-11-07,74000.0,STOP,98716.0,-7281772.3999999985,-12.878734257253813,-12.529550827423163,8,9,
percentile,095610.KQ,2025-08-19,29050.0,75.177304964539,2025-08-20,28200.0,1539.0,1539.0,False,25380.0,86799.6,43486599.6,2025-11-10,39650.0,EXIT_MA,122042.7,17412707.699999996,40.04154810945484,40.60283687943262,52,82,2025-11-07
percentile,222800.KQ,2025-10-23,58700.0,95.74468085106383,2025-10-24,59000.0,190.0,963.0,True,53100.0,22420.0,11232420.0,2025-11-10,53100.0,STOP,20178.0,-1163598.0,-10.359281437125748,-9.999999999999998,12,17,
percentile,119850.KQ,2025-10-29,43950.0,96.45390070921985,2025-10-30,42550.0,667.0,1318.0,True,38295.0,56761.700000000004,28437611.7,2025-11-11,38295.0,STOP,51085.53,-2945932.2300000004,-10.35928143712575,-9.999999999999998,9,12,
percentile,160190.KQ,2025-09-02,38600.0,88.65248226950354,2025-09-03,37850.0,1072.0,1229.0,True,34065.0,81150.40000000001,40656350.4,2025-11-18,48450.0,EXIT_MA,103876.8,11178172.800000004,27.494284878064228,28.005284015852048,48,76,2025-11-17
percentile,425420.KQ,2025-11-17,43050.0,78.16901408450704,2025-11-18,42050.0,1232.0,1537.0,True,37845.0,103611.2,51909211.2,2025-11-19,40500.0,EXIT_MA,99792.0,-2113003.200000003,-4.070574665176193,-3.686087990487519,1,1,2025-11-18
percentile,033640.KQ,2025-10-02,16780.0,78.72340425531915,2025-10-10,17410.0,1.0,3285.0,True,15669.0,34.82,17444.82,2025-11-21,15669.0,STOP,31.338,-1807.1579999999994,-10.359281437125746,-9.999999999999998,31,42,
percentile,010170.KQ,2025-10-16,1812.0,82.97872340425532,2025-10-17,1812.0,1.0,31917.0,True,1630.8,3.624,1815.624,2025-11-25,1870.0,EXIT_MA,3.74,50.63599999999997,2.7889034293444,3.2008830022075108,27,39,2025-11-24
percentile,090710.KQ,2025-10-15,4230.0,81.56028368794325,2025-10-16,4445.0,5.0,13719.0,True,4000.5,44.45,22269.45,2025-11-26,4835.0,EXIT_MA,48.35,1857.2000000000007,8.339676103361334,8.773903262092242,29,41,2025-11-25
percentile,440110.KQ,2025-11-27,28650.0,83.09859154929578,2025-11-28,28900.0,1.0,2348.0,True,26010.0,57.800000000000004,28957.8,2025-12-02,26010.0,STOP,52.02,-2999.8199999999997,-10.359281437125748,-9.999999999999998,3,4,
percentile,087010.KQ,2025-11-13,311000.0,79.5774647887324,2025-11-14,303500.0,197.0,197.0,False,273150.0,119579.0,59909079.0,2025-12-04,285500.0,EXIT_MA,112487.0,-3778066.0,-6.306332968330226,-5.930807248764413,14,20,2025-12-03
percentile,327260.KQ,2025-11-28,10082.14844,93.66197183098592,2025-12-01,10154.85645,1.0,6995.0,True,9139.370805,20.309712899999997,10175.1661629,2025-12-04,9139.370805,STOP,18.27874161,-1054.0740995099986,-10.359281437125736,-9.999999999999986,4,3,
percentile,126340.KQ,2025-12-03,75242.71875,82.3943661971831,2025-12-04,74077.67188,756.0,911.0,True,66669.904692,112005.43988256,56114725.381162554,2025-12-09,66669.904692,STOP,100804.89589430399,-5813082.329904862,-10.359281437125746,-9.999999999999998,4,5,
percentile,356860.KQ,2025-10-01,26793.25586,97.16312056737588,2025-10-02,28482.09961,999.0,2007.0,True,25633.889649,56907.235020780005,28510524.74541078,2025-12-11,29942.71875,EXIT_MA,59825.5520625,1342425.7337767184,4.708526923878534,5.12820037848325,45,70,2025-12-10
percentile,240810.KQ,2025-08-13,40900.0,78.01418439716312,2025-08-14,40050.0,1003.0,1097.0,True,36045.0,80340.3,40250490.3,2025-12-16,60100.0,EXIT_MA,120560.6,19909249.1,49.46337038781364,50.062421972534324,81,124,2025-12-15
percentile,124500.KQ,2025-12-10,25750.0,86.61971830985915,2025-12-11,25750.0,1157.0,2617.0,True,23175.0,59585.5,29852335.5,2025-12-16,23175.0,STOP,53626.950000000004,-3092487.4499999993,-10.359281437125746,-9.999999999999998,4,5,
percentile,090710.KQ,2025-12-15,6280.0,90.14084507042254,2025-12-16,6290.0,9545.0,11066.0,True,5661.0,120076.1,60158126.1,2025-12-17,5661.0,STOP,108068.49,-6231949.590000004,-10.359281437125754,-9.999999999999998,2,1,
percentile,140410.KQ,2025-12-16,97000.0,85.91549295774648,2025-12-17,110800.0,241.0,694.0,True,99720.0,53405.6,26756205.6,2025-12-17,99720.0,STOP,48065.04,-2771750.6400000006,-10.35928143712575,-9.999999999999998,1,0,
percentile,310210.KQ,2025-10-27,211500.0,76.59574468085107,2025-10-28,209000.0,271.0,271.0,False,188100.0,113278.0,56752278.0,2025-12-19,207500.0,EXIT_MA,112465.0,-632243.0,-1.114039862858016,-0.7177033492822948,38,52,2025-12-18
percentile,039200.KQ,2025-11-13,52300.0,70.4225352112676,2025-11-14,51100.0,1177.0,1177.0,False,45990.0,120289.40000000001,60264989.4,2025-12-22,48900.0,EXIT_MA,115110.6,-2824800.0,-4.687298592638597,-4.305283757338552,26,38,2025-12-19
percentile,043260.KQ,2025-12-23,8110.0,100.0,2025-12-24,8410.0,1.0,8244.0,True,7569.0,16.82,8426.82,2025-12-26,7569.0,STOP,15.138,-872.9579999999996,-10.359281437125745,-9.999999999999998,2,2,
percentile,058610.KQ,2025-12-19,89800.0,92.95774647887323,2025-12-22,86300.0,743.0,743.0,False,77670.0,128241.8,64249141.8,2026-01-05,77670.0,STOP,115417.62,-6655749.419999994,-10.359281437125741,-9.999999999999998,8,14,
percentile,458870.KQ,2025-07-11,10183.33301,93.5251798561151,2025-07-14,10183.33301,4498.0,4498.0,False,9164.999709,91609.26375796001,45896241.14273796,2026-01-12,37500.0,EXIT_MA,337350.0,122441408.85726205,266.77872916971023,268.24878419644256,120,182,2026-01-09
percentile,115180.KQ,2025-09-25,15860.0,89.36170212765957,2025-09-26,15890.0,1608.0,3392.0,True,14301.0,51102.24,25602222.24,2026-01-15,27300.0,EXIT_MA,87796.8,18208380.960000005,71.12031443720491,71.80616740088107,71,111,2026-01-14
percentile,080220.KQ,2026-01-05,32800.0,80.98591549295774,2026-01-06,31500.0,1824.0,2106.0,True,28350.0,114912.0,57570912.0,2026-01-15,28350.0,STOP,103420.8,-5963932.799999997,-10.359281437125743,-9.999999999999998,8,9,
percentile,295310.KQ,2026-01-12,77500.0,88.81118881118881,2026-01-13,78700.0,875.0,875.0,False,70830.0,137725.0,69000225.0,2026-01-16,70830.0,STOP,123952.5,-7147927.5,-10.359281437125748,-9.999999999999998,4,3,
percentile,099320.KQ,2026-01-12,130400.0,86.01398601398601,2026-01-13,130000.0,520.0,520.0,False,117000.0,135200.0,67735200.0,2026-01-16,117000.0,STOP,121680.0,-7016880.0,-10.359281437125748,-9.999999999999998,4,3,
percentile,089970.KQ,2025-09-17,16620.0,78.01418439716312,2025-09-18,16620.0,1661.0,3015.0,True,14958.0,55211.64,27661031.64,2026-01-19,30050.0,EXIT_MA,99826.1,22152192.259999998,80.08447605390901,80.80625752105897,78,123,2026-01-16
percentile,160190.KQ,2026-01-19,65600.0,76.22377622377621,2026-01-20,68700.0,1077.0,1077.0,False,61830.0,147979.80000000002,74137879.8,2026-01-20,61830.0,STOP,133181.82,-7680151.619999997,-10.359281437125745,-9.999999999999998,1,0,
percentile,226950.KQ,2025-08-05,51000.0,92.19858156028369,2025-08-06,50900.0,864.0,864.0,False,45810.0,87955.2,44065555.2,2026-01-22,118600.0,EXIT_MA,204940.80000000002,58199904.0,132.07573066048647,133.0058939096267,111,169,2026-01-21
percentile,298380.KQ,2025-11-14,174200.0,95.07042253521126,2025-11-17,171500.0,67.0,370.0,True,154350.0,22981.0,11513481.0,2026-01-22,180500.0,EXIT_MA,24187.0,555832.0,4.827662459337884,5.247813411078717,45,66,2026-01-21
percentile,032820.KQ,2026-01-21,8540.0,89.5104895104895,2026-01-22,9300.0,8263.0,8263.0,False,8370.0,153691.80000000002,76999591.8,2026-01-22,8370.0,STOP,138322.62,-7976604.420000002,-10.359281437125752,-9.999999999999998,1,0,
percentile,160190.KQ,2026-01-21,72900.0,81.11888111888112,2026-01-22,78000.0,478.0,968.0,True,70200.0,74568.0,37358568.0,2026-01-22,70200.0,STOP,67111.2,-3870079.1999999993,-10.359281437125746,-9.999999999999998,1,0,
percentile,437730.KQ,2025-12-22,56600.0,95.77464788732394,2025-12-23,55200.0,1179.0,1179.0,False,49680.0,130161.6,65210961.6,2026-02-09,57900.0,EXIT_MA,136528.2,2916610.1999999955,4.47257658595851,4.891304347826098,31,48,2026-02-06
percentile,038500.KQ,2026-02-06,19650.0,98.6013986013986,2026-02-09,20300.0,3349.0,4059.0,True,18270.0,135969.4,68120669.4,2026-02-09,18270.0,STOP,122372.46,-7056811.860000007,-10.359281437125757,-9.999999999999998,1,0,
percentile,030530.KQ,2025-08-26,7540.0,91.48936170212765,2025-08-27,7550.0,1.0,6184.0,True,6795.0,15.1,7565.1,2026-02-10,38000.0,EXIT_MA,76.0,30358.9,401.30203169819305,403.3112582781457,110,167,2026-02-09
percentile,445680.KQ,2025-09-25,66700.0,94.32624113475178,2025-09-26,64300.0,806.0,806.0,False,57870.0,103651.6,51929451.6,2026-02-24,110300.0,EXIT_MA,177803.6,36794544.800000004,70.85486880050165,71.53965785381027,96,151,2026-02-23
percentile,048410.KQ,2026-02-24,20000.0,90.20979020979021,2026-02-25,20600.0,60.0,4284.0,True,18540.0,2472.0,1238472.0,2026-02-26,18540.0,STOP,2224.8,-128296.80000000005,-10.359281437125752,-9.999999999999998,2,1,
percentile,032820.KQ,2026-02-23,16930.0,99.3006993006993,2026-02-24,17300.0,5047.0,5047.0,False,15570.0,174626.2,87487726.2,2026-03-03,15570.0,STOP,157163.58000000002,-9063099.780000001,-10.359281437125748,-9.999999999999998,5,7,
percentile,466100.KQ,2025-12-09,48650.0,92.95774647887323,2025-12-10,48300.0,1039.0,1341.0,True,43470.0,100367.40000000001,50284067.4,2026-03-04,58900.0,EXIT_MA,122394.2,10790638.399999999,21.45935871528165,21.946169772256717,53,84,2026-03-03
percentile,277810.KQ,2026-02-26,880000.0,71.32867132867133,2026-02-27,851000.0,1.0,103.0,True,765900.0,1702.0,852702.0,2026-03-04,765900.0,STOP,1531.8,-88333.80000000005,-10.359281437125754,-9.999999999999998,3,5,
percentile,226950.KQ,2026-03-03,194200.0,83.21678321678321,2026-03-04,190200.0,461.0,461.0,False,171180.0,175364.4,87857564.4,2026-03-04,171180.0,STOP,157827.96,-9101412.36,-10.359281437125748,-9.999999999999998,1,0,
percentile,006730.KQ,2025-11-19,11220.0,71.12676056338029,2025-11-20,10890.0,4565.0,5659.0,True,9801.0,99425.7,49812275.7,2026-03-05,14020.0,EXIT_MA,128002.6,14061021.699999996,28.22802512513998,28.741965105601473,68,105,2026-03-04
percentile,319400.KQ,2025-12-12,11290.0,84.50704225352112,2025-12-15,11180.0,2.0,6077.0,True,10062.0,44.72,22404.72,2026-03-05,30350.0,EXIT_MA,121.4,38173.88,170.38320496752468,171.46690518783544,51,80,2026-03-04
percentile,090710.KQ,2026-01-13,9380.0,94.4055944055944,2026-01-14,9560.0,3301.0,7165.0,True,8604.0,63115.12,31620675.12,2026-03-05,12000.0,EXIT_MA,79224.0,7912100.879999999,25.02192268183298,25.52301255230125,32,50,2026-03-04
percentile,058610.KQ,2026-01-15,96900.0,93.7062937062937,2026-01-16,98000.0,682.0,682.0,False,88200.0,133672.0,66969672.0,2026-03-05,120500.0,EXIT_MA,164362.0,15046966.0,22.4683286488248,22.959183673469386,30,48,2026-03-04
percentile,095340.KQ,2026-03-05,202000.0,76.92307692307693,2026-03-06,201000.0,432.0,432.0,False,180900.0,173664.0,87005664.0,2026-03-11,180900.0,STOP,156297.6,-9013161.599999994,-10.359281437125741,-9.999999999999998,4,5,
percentile,031980.KQ,2026-03-05,109100.0,79.02097902097903,2026-03-06,110000.0,801.0,801.0,False,99000.0,176220.0,88286220.0,2026-03-13,98200.0,STOP,157316.4,-9785336.400000006,-11.083650880058073,-10.72727272727273,6,7,
percentile,295310.KQ,2026-03-11,108800.0,93.7062937062937,2026-03-12,104700.0,743.0,841.0,True,94230.0,155584.2,77947684.2,2026-03-19,94230.0,STOP,140025.78,-8074819.980000004,-10.359281437125754,-9.999999999999998,6,7,
percentile,950160.KQ,2025-11-12,51200.0,70.4225352112676,2025-11-13,52000.0,1198.0,1198.0,False,46800.0,124592.0,62420592.0,2026-03-24,95400.0,EXIT_MA,228578.4,51640029.599999994,82.72915707047443,83.46153846153845,86,131,2026-03-23
percentile,099320.KQ,2026-01-20,134800.0,86.7132867132867,2026-01-21,128600.0,515.0,515.0,False,115740.0,132458.0,66361458.0,2026-03-24,174000.0,EXIT_MA,179220.0,23069322.0,34.763133142734745,35.30326594090203,40,62,2026-03-23
percentile,124500.KQ,2025-12-22,28500.0,88.02816901408451,2025-12-23,28700.0,2156.0,2341.0,True,25830.0,123754.40000000001,62000954.4,2026-03-27,45500.0,EXIT_MA,196196.0,35900849.6,57.90370478555086,58.53658536585367,61,94,2026-03-26
percentile,356860.KQ,2026-03-19,36424.22266,79.02097902097903,2026-03-20,36059.06641,1934.0,2506.0,True,32453.159769,139476.46887388,69877710.90581387,2026-03-27,32453.159769,STOP,125528.82198649201,-7238828.734554358,-10.359281437125729,-9.999999999999998,6,7,
percentile,032500.KQ,2026-03-17,28750.0,74.12587412587412,2026-03-18,30200.0,3.0,3159.0,True,27180.0,181.20000000000002,90781.2,2026-03-30,27180.0,STOP,163.08,-9404.279999999999,-10.359281437125748,-9.999999999999998,9,12,
percentile,440110.KQ,2026-02-09,49100.0,83.91608391608392,2026-02-10,49100.0,1242.0,1687.0,True,44190.0,121964.40000000001,61104164.4,2026-04-01,48550.0,EXIT_MA,120598.2,-925662.6000000015,-1.5148928212820818,-1.1201629327902252,32,50,2026-03-31
percentile,115180.KQ,2026-03-06,41200.0,86.7132867132867,2026-03-09,39400.0,2208.0,2208.0,False,35460.0,173990.4,87169190.4,2026-04-01,39650.0,EXIT_MA,175094.4,202915.19999998808,0.23278316463518292,0.6345177664974555,17,23,2026-03-31
percentile,218410.KQ,2026-04-01,94400.0,95.1048951048951,2026-04-02,97900.0,887.0,887.0,False,88110.0,173674.6,87010974.6,2026-04-02,88110.0,STOP,156307.14,-9013711.739999995,-10.359281437125743,-9.999999999999998,1,0,
percentile,000250.KQ,2026-01-22,316500.0,70.62937062937063,2026-01-23,326000.0,221.0,221.0,False,293400.0,144092.0,72190092.0,2026-04-03,640000.0,EXIT_MA,282880.0,68967028.0,95.53530974860097,96.31901840490798,46,70,2026-04-02
percentile,420770.KQ,2026-04-01,86800.0,81.81818181818183,2026-04-02,88700.0,964.0,964.0,False,79830.0,171013.6,85677813.6,2026-04-06,79830.0,STOP,153912.24,-8875605.839999989,-10.359281437125736,-9.999999999999998,3,4,
percentile,032820.KQ,2026-03-10,20650.0,98.6013986013986,2026-03-11,21600.0,2515.0,4465.0,True,19440.0,108648.0,54432648.0,2026-04-07,19440.0,STOP,97783.2,-5638831.200000003,-10.359281437125754,-9.999999999999998,20,27,
percentile,032500.KQ,2026-04-15,34100.0,83.91608391608392,2026-04-16,33300.0,2530.0,2530.0,False,29970.0,168498.0,84417498.0,2026-04-16,29970.0,STOP,151648.2,-8745046.200000003,-10.359281437125752,-9.999999999999998,1,0,
percentile,031980.KQ,2026-04-16,123400.0,83.21678321678321,2026-04-17,123100.0,697.0,697.0,False,110790.0,171601.4,85972301.4,2026-04-21,110790.0,STOP,154441.26,-8906112.660000011,-10.35928143712576,-9.999999999999998,3,4,
percentile,108490.KQ,2026-04-20,286000.0,89.5104895104895,2026-04-21,296000.0,6.0,300.0,True,266400.0,3552.0,1779552.0,2026-04-23,266400.0,STOP,3196.8,-184348.80000000005,-10.359281437125752,-9.999999999999998,3,2,
percentile,323280.KQ,2026-04-22,74200.0,75.52447552447552,2026-04-23,78800.0,1.0,1167.0,True,70920.0,157.6,78957.6,2026-04-23,70920.0,STOP,141.84,-8179.440000000002,-10.35928143712575,-9.999999999999998,1,0,
percentile,043260.KQ,2025-12-29,9410.0,99.29577464788733,2025-12-30,8900.0,1.0,7413.0,True,8010.0,17.8,8917.8,2026-05-04,41200.0,EXIT_MA,82.4,32199.8,361.0733589001772,362.9213483146067,82,125,2026-04-30
percentile,101490.KQ,2026-04-09,102100.0,74.82517482517483,2026-04-10,101100.0,798.0,798.0,False,90990.0,161355.6,80839155.6,2026-05-07,90990.0,STOP,145220.04,-8374355.640000001,-10.35928143712575,-9.999999999999998,18,27,
percentile,092870.KQ,2026-05-06,40750.0,79.72027972027972,2026-05-07,41050.0,1.0,2193.0,True,36945.0,82.10000000000001,41132.1,2026-05-07,36945.0,STOP,73.89,-4260.989999999998,-10.359281437125743,-9.999999999999998,1,0,
percentile,083650.KQ,2026-01-20,64000.0,83.21678321678321,2026-01-21,62500.0,893.0,1085.0,True,56250.0,111625.0,55924125.0,2026-05-11,95600.0,EXIT_MA,170741.6,29275933.400000006,52.34938123752496,52.96000000000001,72,110,2026-05-08
percentile,127120.KQ,2026-01-19,21300.0,75.52447552447552,2026-01-20,21300.0,3318.0,3318.0,False,19170.0,141346.80000000002,70814746.8,2026-05-12,40050.0,EXIT_MA,265771.8,61805381.400000006,87.27755756093448,88.0281690140845,74,112,2026-05-11
percentile,108490.KQ,2026-05-11,377500.0,93.00699300699301,2026-05-12,378500.0,251.0,251.0,False,340650.0,190007.0,95193507.0,2026-05-12,340650.0,STOP,171006.30000000002,-9861363.299999997,-10.359281437125746,-9.999999999999998,1,0,
percentile,295310.KQ,2026-05-11,106100.0,81.81818181818183,2026-05-12,104500.0,357.0,893.0,True,94050.0,74613.0,37381113.0,2026-05-13,94050.0,STOP,67151.7,-3872414.6999999993,-10.359281437125746,-9.999999999999998,2,1,
percentile,240810.KQ,2026-05-07,132900.0,81.81818181818183,2026-05-08,131500.0,550.0,688.0,True,118350.0,144650.0,72469650.0,2026-05-15,118350.0,STOP,130185.0,-7507335.0,-10.359281437125748,-9.999999999999998,6,7,
percentile,095340.KQ,2026-03-16,220000.0,83.21678321678321,2026-03-17,217500.0,360.0,421.0,True,195750.0,156600.0,78456600.0,2026-05-18,225000.0,EXIT_MA,162000.0,2381400.0,3.03530869295891,3.4482758620689724,42,62,2026-05-15
percentile,089970.KQ,2026-04-17,55100.0,89.5104895104895,2026-04-20,54600.0,1571.0,1571.0,False,49140.0,171553.2,85948153.2,2026-05-18,49140.0,STOP,154397.88,-8903611.079999998,-10.359281437125746,-9.999999999999998,19,28,
percentile,319400.KQ,2026-05-12,42500.0,96.5034965034965,2026-05-13,43950.0,1939.0,2189.0,True,39555.0,170438.1,85389488.1,2026-05-18,39550.0,STOP,153374.9,-8855413.0,-10.37061258597708,-10.011376564277585,4,5,
percentile,067310.KQ,2026-05-15,52900.0,78.32167832167832,2026-05-18,51500.0,1688.0,1688.0,False,46350.0,173864.0,87105864.0,2026-05-19,46350.0,STOP,156477.6,-9023541.599999994,-10.359281437125741,-9.999999999999998,2,1,
percentile,295310.KQ,2026-05-18,125300.0,91.6083916083916,2026-05-19,124700.0,715.0,715.0,False,112230.0,178321.0,89338821.0,2026-05-19,112230.0,STOP,160488.9,-9254859.900000006,-10.359281437125755,-9.999999999999998,1,0,
percentile,131970.KQ,2026-05-13,182000.0,95.1048951048951,2026-05-14,175800.0,190.0,531.0,True,158220.0,66804.0,33468804.0,2026-05-20,158220.0,STOP,60123.6,-3467127.6000000015,-10.359281437125754,-9.999999999999998,5,6,
percentile,178320.KQ,2026-05-18,72800.0,79.72027972027972,2026-05-19,72500.0,1231.0,1231.0,False,65250.0,178495.0,89425995.0,2026-05-20,65250.0,STOP,160645.5,-9263890.5,-10.359281437125748,-9.999999999999998,2,1,
percentile,327260.KQ,2026-01-23,13862.9541,91.6083916083916,2026-01-26,13911.42676,2177.0,5060.0,True,12520.284084,60570.352113040004,30345746.40863304,2026-05-28,43000.0,EXIT_MA,187222.0,63078031.59136696,207.8644919191111,209.09841773842612,81,122,2026-05-27
percentile,039030.KQ,2026-05-21,549000.0,71.32867132867133,2026-05-22,548000.0,165.0,165.0,False,493200.0,180840.0,90600840.0,2026-05-28,493200.0,STOP,162756.0,-9385596.0,-10.359281437125748,-9.999999999999998,4,6,
percentile,036930.KQ,2026-05-22,224000.0,96.5034965034965,2026-05-26,229000.0,426.0,426.0,False,206100.0,195108.0,97749108.0,2026-05-28,206100.0,STOP,175597.2,-10126105.200000003,-10.359281437125752,-9.999999999999998,3,2,
percentile,295310.KQ,2026-05-26,133000.0,89.5104895104895,2026-05-27,130500.0,124.0,738.0,True,117450.0,32364.0,16214364.0,2026-05-28,117450.0,STOP,29127.600000000002,-1679691.5999999996,-10.359281437125746,-9.999999999999998,2,1,
percentile,183300.KQ,2026-05-27,39920.0,72.02797202797203,2026-05-28,39520.0,2308.0,2308.0,False,35568.0,182424.32,91394584.32,2026-06-01,34800.0,STOP,160636.80000000002,-11236821.11999999,-12.29484351135784,-11.943319838056677,3,4,
percentile,100790.KQ,2025-12-08,10390.0,73.94366197183099,2025-12-09,10270.0,5.0,6276.0,True,9243.0,102.7,51452.7,2026-06-02,41050.0,EXIT_MA,410.5,153386.8,298.1122467819959,299.7078870496592,115,175,2026-06-01
percentile,108490.KQ,2026-06-01,402500.0,90.20979020979021,2026-06-02,433000.0,214.0,214.0,False,389700.0,185324.0,92847324.0,2026-06-02,389700.0,STOP,166791.6,-9618315.599999994,-10.359281437125741,-9.999999999999998,1,0,
percentile,082920.KQ,2026-04-01,38500.0,76.22377622377621,2026-04-02,38150.0,2175.0,2175.0,False,34335.0,165952.5,83142202.5,2026-06-08,47500.0,EXIT_MA,206625.0,19963672.5,24.011479007908168,24.508519003931852,43,67,2026-06-05
percentile,043260.KQ,2026-06-04,51400.0,100.0,2026-06-05,49500.0,1751.0,1751.0,False,44550.0,173349.0,86847849.0,2026-06-08,43900.0,STOP,153737.80000000002,-10132686.799999997,-11.667170709086873,-11.313131313131308,2,3,
percentile,036930.KQ,2026-06-04,250500.0,97.9020979020979,2026-06-05,228500.0,359.0,359.0,False,205650.0,164063.0,82195563.0,2026-06-08,180200.0,STOP,129383.6,-17633146.6,-21.452674519669635,-21.137855579868713,2,3,
percentile,010170.KQ,2026-01-02,2682.97876,89.43661971830986,2026-01-05,2831.500732,2.0,25621.0,True,2548.3506588,11.326002928,5674.327466928,2026-06-09,18060.0,EXIT_MA,72.24,30373.432533072002,535.2781049401744,537.8243097695939,103,155,2026-06-08
percentile,031980.KQ,2026-06-12,152300.0,86.01398601398601,2026-06-15,150000.0,419.0,643.0,True,135000.0,125700.0,62975700.0,2026-06-15,135000.0,STOP,113130.0,-6523830.0,-10.359281437125748,-9.999999999999998,1,0,
percentile,084370.KQ,2026-06-11,178300.0,85.3146853146853,2026-06-12,187200.0,534.0,534.0,False,168480.0,199929.6,100164729.6,2026-06-19,168480.0,STOP,179936.64,-10376346.239999995,-10.359281437125743,-9.999999999999998,6,7,
percentile,356860.KQ,2026-04-16,38706.44141,72.02797202797203,2026-04-17,37565.33203,2224.0,2224.0,False,33808.798827,167090.59686944,83712389.03158943,2026-06-22,42200.0,EXIT_MA,187705.6,9952705.368410572,11.889166566080025,12.337620139491158,42,66,2026-06-19
percentile,440110.KQ,2026-05-08,92400.0,97.2027972027972,2026-05-11,94700.0,898.0,1002.0,True,85230.0,170081.2,85210681.2,2026-06-24,90600.0,EXIT_MA,162717.6,-4014598.799999997,-4.71137977476936,-4.329461457233363,30,44,2026-06-23
percentile,031980.KQ,2026-06-30,160000.0,89.5104895104895,2026-07-01,161600.0,647.0,647.0,False,145440.0,209110.4,104764310.4,2026-07-02,145440.0,STOP,188199.36000000002,-10852829.760000005,-10.359281437125754,-9.999999999999998,2,1,
percentile,084370.KQ,2026-07-01,206500.0,88.81118881118881,2026-07-02,189300.0,525.0,525.0,False,170370.0,198765.0,99581265.0,2026-07-03,170370.0,STOP,178888.5,-10315903.5,-10.359281437125748,-9.999999999999998,2,1,
percentile,222800.KQ,2026-04-16,76100.0,70.62937062937063,2026-04-17,74500.0,1131.0,1131.0,False,67050.0,168519.0,84428019.0,2026-07-08,105300.0,EXIT_MA,238188.6,34428092.400000006,40.77804123297031,41.34228187919462,54,82,2026-07-07
percentile,080220.KQ,2026-04-24,54000.0,79.72027972027972,2026-04-27,54900.0,30.0,1611.0,True,49410.0,3294.0,1650294.0,2026-07-08,79000.0,EXIT_MA,4740.0,714966.0,43.32355325778316,43.897996357012744,48,72,2026-07-07
percentile,095610.KQ,2026-04-10,82500.0,76.22377622377621,2026-04-13,79700.0,1008.0,1008.0,False,71730.0,160675.2,80498275.2,2026-07-09,140800.0,EXIT_MA,283852.8,61144271.999999985,75.95724485783762,76.6624843161857,59,87,2026-07-08
percentile,041830.KQ,2026-06-29,52600.0,75.52447552447552,2026-06-30,52700.0,1796.0,1796.0,False,47430.0,189298.4,94838498.4,2026-07-13,47430.0,STOP,170368.56,-9824586.960000008,-10.359281437125757,-9.999999999999998,10,13,
percentile,064290.KQ,2026-05-22,35850.0,81.11888111888112,2026-05-26,36450.0,2665.0,2665.0,False,32805.0,194278.5,97333528.5,2026-07-20,37000.0,EXIT_MA,197210.0,1074261.5,1.1036911088659445,1.5089163237311354,37,55,2026-07-16
percentile,420770.KQ,2026-04-21,94400.0,81.11888111888112,2026-04-22,94000.0,819.0,902.0,True,84600.0,153972.0,77139972.0,2026-07-22,149000.0,EXIT_MA,244062.0,44646966.0,57.877861298679235,58.51063829787233,60,91,2026-07-21
percentile,089970.KQ,2026-06-09,76600.0,92.3076923076923,2026-06-10,74900.0,1135.0,1135.0,False,67410.0,170023.0,85181523.0,2026-07-23,82600.0,EXIT_MA,187502.0,8381975.0,9.8401328184752,10.280373831775691,30,43,2026-07-22
percentile,252990.KQ,2026-07-15,15690.0,88.81118881118881,2026-07-16,15000.0,5856.0,5856.0,False,13500.0,175680.0,88015680.0,2026-07-24,13500.0,STOP,158112.0,-9117792.0,-10.359281437125748,-9.999999999999998,6,8,
percentile,131290.KQ,2026-04-17,163500.0,88.81118881118881,2026-04-20,167000.0,529.0,529.0,False,150300.0,176686.0,88519686.0,2026-07-27,215500.0,EXIT_MA,227999.0,25251815.0,28.526778777773792,29.041916167664674,65,98,2026-07-24
percentile,319660.KQ,2026-06-05,126500.0,94.4055944055944,2026-06-08,120600.0,688.0,688.0,False,108540.0,165945.6,83138745.6,2026-07-27,145600.0,EXIT_MA,200345.6,16833708.800000012,20.247730078814193,20.72968490878939,34,49,2026-07-24
percentile,093320.KQ,2026-07-23,148400.0,79.02097902097903,2026-07-24,146000.0,553.0,553.0,False,131400.0,161476.0,80899476.0,2026-07-28,131400.0,STOP,145328.4,-8380604.400000006,-10.359281437125755,-9.999999999999998,3,4,
percentile,093320.KQ,2026-08-11,163000.0,83.91608391608392,2026-08-12,161200.0,489.0,489.0,False,145080.0,157653.6,78984453.6,2026-08-13,145080.0,STOP,141888.24,-8182221.839999989,-10.359281437125736,-9.999999999999998,2,1,
percentile,096530.KQ,2026-08-28,35650.0,70.62937062937063,2026-08-31,35150.0,2213.0,2213.0,False,31635.0,155573.9,77942523.9,2026-09-03,31635.0,STOP,140016.51,-8074285.410000011,-10.359281437125762,-9.999999999999998,4,3,
percentile,222800.KQ,2026-08-27,126900.0,94.4055944055944,2026-08-28,126900.0,623.0,623.0,False,114210.0,158117.4,79216817.4,2026-09-04,114210.0,STOP,142305.66,-8206293.060000002,-10.35928143712575,-9.999999999999998,6,7,
percentile,131290.KQ,2026-09-10,306500.0,97.22222222222221,2026-09-11,291000.0,258.0,258.0,False,261900.0,150156.0,75228156.0,2026-09-11,261900.0,STOP,135140.4,-7793096.400000006,-10.359281437125755,-9.999999999999998,1,0,
percentile,036930.KQ,2026-09-10,221000.0,97.91666666666666,2026-09-11,213000.0,357.0,357.0,False,191700.0,152082.0,76193082.0,2026-09-16,191700.0,STOP,136873.8,-7893055.799999997,-10.359281437125745,-9.999999999999998,4,5,
percentile,036930.KQ,2026-10-06,278500.0,99.30555555555556,2026-10-07,276500.0,301.0,301.0,False,248850.0,166453.0,83392953.0,2026-10-07,248850.0,STOP,149807.7,-8638910.700000003,-10.359281437125752,-9.999999999999998,1,0,
