rs_mode,symbol,signal_date,signal_close,rs_at_signal,entry_date,entry_price,qty,desired_qty,partial,stop_price,entry_cost,cost_basis,exit_date,exit_price,exit_type,exit_cost,net_pnl,pnl_pct,price_pnl_pct,bars_held,days_held,exit_signal_date
proxy,010170.KQ,2016-09-26,1956.700073,55.13052023952354,2016-09-27,1922.963867,3832.0,3832.0,False,1730.6674803,14737.595076688,7383535.133420687,2016-10-07,1730.6674803,STOP,13263.8355690192,-764881.1844801065,-10.35928143712574,-9.999999999999998,8,10,
proxy,033640.KQ,2016-09-28,7920.0,24.619998649244497,2016-09-29,7940.0,945.0,945.0,False,7146.0,15006.6,7518306.6,2016-10-11,7770.0,EXIT_MA,14685.300000000001,-190341.89999999944,-2.5317123938520867,-2.1410579345088165,7,12,2016-10-10
proxy,319660.KQ,2016-10-04,15758.94824,48.85674647327936,2016-10-05,15758.94824,486.0,486.0,False,14183.053416,15317.69768928,7674166.54232928,2016-10-12,14354.68555,EXIT_MA,13952.7543546,-711742.1193838799,-9.274520111832892,-8.91089093392441,5,7,2016-10-11
proxy,005290.KQ,2016-10-04,9710.0,43.95980220287646,2016-10-05,9680.0,788.0,788.0,False,8712.0,15255.68,7643095.68,2016-10-12,9320.0,EXIT_MA,14688.32,-313624.0,-4.103363520892101,-3.7190082644628086,5,7,2016-10-11
proxy,033100.KQ,2016-09-30,6700.0,111.69573929906878,2016-10-04,6800.0,1127.0,1127.0,False,6120.0,15327.2,7678927.2,2016-10-12,6120.0,STOP,13794.48,-795481.6800000006,-10.359281437125757,-9.999999999999998,7,8,
proxy,098460.KQ,2016-09-26,9200.0,18.527064884400858,2016-09-27,9200.0,815.0,815.0,False,8280.0,14996.0,7512996.0,2016-10-14,8900.0,EXIT_MA,14507.0,-274003.0,-3.647053718649657,-3.2608695652173947,12,17,2016-10-13
proxy,059090.KQ,2016-10-05,3395.0,19.12025598711947,2016-10-06,3415.0,2268.0,2268.0,False,3073.5,15490.44,7760710.44,2016-10-14,3195.0,EXIT_MA,14492.52,-528942.96,-6.815651274318127,-6.44216691068814,6,8,2016-10-13
proxy,043260.KQ,2016-10-06,1395.0,38.628603227173656,2016-10-07,1390.0,5511.0,5511.0,False,1251.0,15320.58,7675610.58,2016-10-17,1255.0,EXIT_MA,13832.61,-773138.1900000004,-10.072660434526636,-9.712230215827333,6,10,2016-10-14
proxy,102710.KQ,2016-09-27,23800.0,27.861743169236203,2016-09-28,23800.0,314.0,314.0,False,21420.0,14946.4,7488146.4,2016-10-21,21420.0,STOP,13451.76,-775718.1600000001,-10.35928143712575,-9.999999999999998,17,23,
proxy,064290.KQ,2016-09-28,4265.0,30.071866621768585,2016-09-29,4290.0,1755.0,1755.0,False,3861.0,15057.9,7544007.9,2016-10-26,4180.0,EXIT_MA,14671.800000000001,-222779.7000000002,-2.9530682225293026,-2.564102564102566,18,27,2016-10-25
proxy,137400.KQ,2016-09-28,6225.0,20.75859731190372,2016-09-29,6325.0,1202.0,1202.0,False,5692.5,15205.300000000001,7617855.3,2016-11-03,5900.0,EXIT_MA,14183.6,-540238.8999999994,-7.091745363028876,-6.719367588932801,24,35,2016-11-02
proxy,044490.KQ,2016-10-27,28600.0,66.80254696626953,2016-10-28,28650.0,249.0,249.0,False,25785.0,14267.7,7148117.7,2016-11-03,25785.0,STOP,12840.93,-740493.6299999999,-10.359281437125746,-9.999999999999998,5,6,
proxy,131970.KQ,2016-10-14,5850.0,34.26737719069101,2016-10-17,5850.0,1234.0,1234.0,False,5265.0,14437.800000000001,7233337.8,2016-11-09,5265.0,STOP,12994.02,-749321.8199999994,-10.359281437125741,-9.999999999999998,18,23,
proxy,044490.KQ,2016-11-07,30350.0,83.68124526061924,2016-11-08,30550.0,233.0,233.0,False,27495.0,14236.300000000001,7132386.3,2016-11-09,27495.0,STOP,12812.67,-738863.9699999997,-10.359281437125745,-9.999999999999998,2,1,
proxy,090710.KQ,2016-11-11,1356.0,40.19877943386474,2016-11-14,1356.0,5153.0,5153.0,False,1220.4,13974.936,7001442.936,2016-11-24,1238.0,EXIT_MA,12758.828,-634787.7639999995,-9.066527711538567,-8.702064896755157,8,10,2016-11-23
proxy,319660.KQ,2016-12-15,14146.64648,30.91303138899914,2016-12-16,14042.62695,504.0,504.0,False,12638.364255,14154.9679656,7091638.9507656,2016-12-20,13522.5293,EXIT_MA,13630.709534399999,-289914.8931000009,-4.088122578049496,-3.703706235676929,2,4,2016-12-19
proxy,064290.KQ,2016-12-15,4205.0,26.454129387821958,2016-12-16,4205.0,1695.0,1695.0,False,3784.5,14254.95,7141729.95,2016-12-20,4080.0,EXIT_MA,13831.2,-239961.15000000037,-3.359986329362683,-2.9726516052318686,2,4,2016-12-19
proxy,102710.KQ,2016-12-22,23500.0,30.649250721415733,2016-12-23,23550.0,302.0,302.0,False,21195.0,14224.2,7126324.2,2016-12-29,22250.0,EXIT_MA,13439.0,-420263.2000000002,-5.897334841993298,-5.520169851380041,4,6,2016-12-28
proxy,036930.KQ,2016-12-20,10400.0,26.683727088207544,2016-12-21,10600.0,683.0,683.0,False,9540.0,14479.6,7254279.6,2017-01-17,9750.0,EXIT_MA,13318.5,-608348.0999999996,-8.386058072534173,-8.018867924528305,18,27,2017-01-16
proxy,131970.KQ,2017-01-02,7575.0,68.5518658841138,2017-01-03,7575.0,944.0,944.0,False,6817.5,14301.6,7165101.6,2017-01-17,6817.5,STOP,12871.44,-742253.04,-10.35928143712575,-9.999999999999998,11,14,
proxy,090710.KQ,2016-12-02,1408.0,47.91835546657985,2016-12-05,1440.0,4973.0,4973.0,False,1296.0,14322.24,7175442.24,2017-02-01,1572.0,EXIT_MA,15635.112000000001,626478.648,8.730871590153027,9.166666666666657,39,58,2017-01-31
proxy,222800.KQ,2016-10-06,8429.223633,13.130190262697566,2016-10-07,8429.223633,912.0,912.0,False,7586.3012696999995,15374.903906591999,7702826.857202591,2017-02-03,11015.46289,EXIT_MA,20092.20431136,2323183.0941660497,30.160136495781913,30.681820409592643,82,119,2017-02-02
proxy,095610.KQ,2016-12-13,23700.0,87.19705387781167,2016-12-14,23950.0,298.0,298.0,False,21555.0,14274.2,7151374.2,2017-02-03,23700.0,EXIT_MA,14125.2,-102899.40000000037,-1.4388759016413988,-1.043841336116913,34,51,2017-02-02
proxy,319660.KQ,2016-12-23,14302.67578,34.0858106879962,2016-12-26,14406.69531,494.0,494.0,False,12966.025779,14233.814966279999,7131141.298106279,2017-02-07,13782.57812,EXIT_MA,13617.187182560001,-336164.8940088386,-4.714040571571753,-4.332132918552012,28,43,2017-02-06
proxy,056190.KQ,2017-01-23,36000.0,36.05472501556558,2017-01-24,35700.0,196.0,196.0,False,32130.0,13994.4,7011194.4,2017-02-14,32500.0,EXIT_MA,12740.0,-653934.4000000004,-9.327004254795735,-8.963585434173671,13,21,2017-02-13
proxy,082920.KQ,2017-01-03,5208.333496,33.762897312403375,2017-01-04,5265.151367,1370.0,1370.0,False,4738.6362303000005,14426.514745580002,7227683.88753558,2017-02-21,5132.575684,EXIT_MA,14063.25737416,-210118.4578297399,-2.9071340293686236,-2.5179842659592833,32,48,2017-02-20
proxy,036930.KQ,2017-01-25,11100.0,28.55939299543373,2017-01-26,11150.0,644.0,644.0,False,10035.0,14361.2,7194961.2,2017-02-24,10450.0,EXIT_MA,13459.6,-478620.7999999998,-6.652166518979974,-6.278026905829592,19,29,2017-02-23
proxy,068760.KQ,2017-03-06,17386.69531,22.38492596530423,2017-03-07,17574.86328,410.0,410.0,False,15817.376952000002,14411.387889600002,7220105.332689601,2017-03-09,16935.09375,EXIT_MA,13886.776875,-290603.67206460144,-4.024922887881846,-3.6402532401378696,2,2,2017-03-08
proxy,033640.KQ,2017-01-23,9420.0,43.23321284476705,2017-01-24,9820.0,750.0,750.0,False,8838.0,14730.0,7379730.0,2017-03-21,9670.0,EXIT_MA,14505.0,-141735.0,-1.9205987210914222,-1.527494908350302,37,56,2017-03-20
proxy,083650.KQ,2017-01-16,4190.0,43.21940543203313,2017-01-17,4215.0,1692.0,1692.0,False,3793.5,14263.56,7146043.56,2017-03-24,5900.0,EXIT_MA,19965.600000000002,2816790.840000001,39.417487681813135,39.976275207591925,45,66,2017-03-23
proxy,126340.KQ,2017-03-31,4716.371094,29.8348315153447,2017-04-03,4008.915527,1622.0,1622.0,False,3608.0239743,13004.921969588,6515465.906763588,2017-04-06,4031.736572,EXIT_MA,13078.953439568,10931.85958084371,0.16778323664460498,0.5692573177533911,3,3,2017-04-05
proxy,119850.KQ,2017-03-03,4715.0,32.11566550260827,2017-03-06,4775.0,1501.0,1501.0,False,4297.5,14334.550000000001,7181609.55,2017-04-10,4695.0,EXIT_MA,14094.39,-148508.93999999948,-2.067906072671404,-1.675392670157072,25,35,2017-04-07
proxy,046890.KQ,2017-02-06,16850.0,19.804268178892542,2017-02-07,16800.0,418.0,418.0,False,15120.0,14044.800000000001,7036444.8,2017-04-17,16700.0,EXIT_MA,13961.2,-69806.0,-0.992063492063492,-0.5952380952380931,48,69,2017-04-14
proxy,083650.KQ,2017-04-14,6580.0,98.20544495113195,2017-04-17,6680.0,1120.0,1120.0,False,6012.0,14963.2,7496563.2,2017-04-20,6120.0,EXIT_MA,13708.800000000001,-655872.0,-8.748969127613037,-8.383233532934131,3,3,2017-04-19
proxy,033640.KQ,2017-03-30,10900.0,56.805806002965106,2017-03-31,10850.0,696.0,696.0,False,9765.0,15103.2,7566703.2,2017-04-24,10050.0,EXIT_MA,13989.6,-585892.7999999998,-7.743039267087941,-7.3732718894009235,16,24,2017-04-21
proxy,053800.KQ,2017-03-15,71800.0,28.27858957313154,2017-03-16,73300.0,98.0,98.0,False,65970.0,14366.800000000001,7197766.8,2017-04-25,84200.0,EXIT_MA,16503.2,1037330.0,14.411831180749008,14.870395634379264,28,40,2017-04-24
proxy,000250.KQ,2017-02-07,13400.0,51.449896622093135,2017-02-08,13450.0,522.0,522.0,False,12105.0,14041.800000000001,7034941.8,2017-04-27,14400.0,EXIT_MA,15033.6,466824.60000000056,6.6357990339024635,7.063197026022294,55,78,2017-04-26
proxy,232140.KQ,2017-04-19,3495.0,55.11113163850009,2017-04-20,3475.0,1966.0,2188.0,True,3127.5,13663.7,6845513.7,2017-05-17,3127.5,STOP,12297.33,-709146.0300000003,-10.359281437125752,-9.999999999999998,16,27,
proxy,036810.KQ,2017-03-09,4568.179688,24.315551573730712,2017-03-10,4563.27832,1565.0,1565.0,False,4106.950488,14283.061141600001,7155813.631941601,2017-05-23,4813.253418,EXIT_MA,15065.483198340002,361862.48403005954,5.056902019007372,5.477971766578538,48,74,2017-05-22
proxy,078600.KQ,2017-05-30,5880.0,48.84220089072124,2017-05-31,5910.0,1.0,1377.0,True,5319.0,11.82,5921.82,2017-06-05,5319.0,STOP,10.638,-613.4579999999996,-10.359281437125743,-9.999999999999998,4,5,
proxy,044490.KQ,2017-04-25,26650.0,22.498444057133916,2017-04-26,26900.0,279.0,279.0,False,24210.0,15010.2,7520110.2,2017-06-13,26800.0,EXIT_MA,14954.4,-57864.60000000056,-0.7694647878963337,-0.371747211895912,29,48,2017-06-12
proxy,082920.KQ,2017-04-03,5606.060547,28.44816660339119,2017-04-04,5625.0,981.0,1393.0,True,5062.5,11036.25,5529161.25,2017-06-14,5492.424316,EXIT_MA,10776.136507992,-151869.132511992,-2.7466938590729653,-2.356901048888893,46,71,2017-06-13
proxy,031330.KQ,2017-05-04,2355.0,28.232546001348428,2017-05-08,2375.0,3221.0,3221.0,False,2137.5,15299.75,7665174.75,2017-06-14,2225.0,EXIT_MA,14333.45,-512783.2000000002,-6.689778338060723,-6.315789473684208,25,37,2017-06-13
proxy,083650.KQ,2017-05-23,6850.0,71.72216547204245,2017-05-24,6860.0,1093.0,1202.0,True,6174.0,14995.960000000001,7512975.96,2017-06-15,6174.0,STOP,13496.364,-778290.324,-10.359281437125748,-9.999999999999998,16,22,
proxy,090710.KQ,2017-03-28,1725.0,55.7904706112956,2017-03-29,1760.0,4280.0,4280.0,False,1584.0,15065.6,7547865.6,2017-06-16,2660.0,EXIT_MA,22769.600000000002,3814164.8000000007,50.533024859372176,51.13636363636365,52,79,2017-06-15
proxy,053610.KQ,2017-03-17,12144.25488,39.578773149783174,2017-03-20,12190.96387,582.0,582.0,False,10971.867483,14190.28194468,7109331.25428468,2017-06-22,14573.10645,EXIT_MA,16963.0959078,1355253.6037075203,19.063025131804494,19.54023164535881,63,94,2017-06-21
proxy,074600.KQ,2017-06-16,12950.0,46.50673346437794,2017-06-19,12950.0,609.0,609.0,False,11655.0,15773.1,7902323.1,2017-06-30,11655.0,STOP,14195.79,-818623.8899999997,-10.359281437125745,-9.999999999999998,10,11,
proxy,056190.KQ,2017-03-29,35400.0,28.800631529857867,2017-03-30,36350.0,211.0,211.0,False,32715.0,15339.7,7685189.7,2017-07-04,39300.0,EXIT_MA,16584.6,590525.7000000002,7.683944353384018,8.115543328748288,63,96,2017-07-03
proxy,095610.KQ,2017-04-17,25450.0,41.240359348463755,2017-04-18,25850.0,208.0,299.0,True,23265.0,10753.6,5387553.6,2017-07-04,27300.0,EXIT_MA,11356.800000000001,279489.60000000056,5.187690383256708,5.609284332688591,50,77,2017-07-03
proxy,010170.KQ,2017-06-12,2939.869629,94.44062172346212,2017-06-13,2954.327881,2522.0,2710.0,True,2658.8950929000002,14901.629831764001,7465716.545713765,2017-07-04,2658.8950929000002,STOP,13411.4668485876,-773394.588268552,-10.359281437125754,-9.999999999999998,16,21,
proxy,131970.KQ,2017-05-11,8550.0,49.098100047723015,2017-05-12,8525.0,882.0,923.0,True,7672.5,15038.1,7534088.1,2017-07-07,9375.0,EXIT_MA,16537.5,718124.4000000004,9.531669798233452,9.97067448680351,39,56,2017-07-06
proxy,131290.KQ,2017-06-26,14200.0,57.47448543567353,2017-06-27,14150.0,34.0,575.0,True,12735.0,962.2,482062.2,2017-07-10,12735.0,STOP,865.98,-49938.17999999999,-10.359281437125748,-9.999999999999998,10,13,
proxy,083650.KQ,2017-06-30,7700.0,81.37672383623669,2017-07-03,7850.0,901.0,1048.0,True,7065.0,14145.7,7086995.7,2017-07-11,7065.0,STOP,12731.130000000001,-734161.8300000001,-10.359281437125748,-9.999999999999998,7,8,
proxy,090360.KQ,2017-04-12,17900.0,48.0869797384046,2017-04-13,17900.0,426.0,426.0,False,16110.0,15250.800000000001,7640650.8,2017-07-13,21800.0,EXIT_MA,18573.600000000002,1627575.6000000006,21.30153101617994,21.7877094972067,60,91,2017-07-12
proxy,035900.KQ,2017-06-16,8220.0,48.72753840722738,2017-06-19,8280.0,960.0,960.0,False,7452.0,15897.6,7964697.6,2017-07-13,7750.0,EXIT_MA,14880.0,-539577.5999999996,-6.774615021165395,-6.400966183574875,18,24,2017-07-12
proxy,032500.KQ,2017-04-03,5969.661621,65.5078083694281,2017-04-04,5969.661621,1308.0,1308.0,False,5372.695458900001,15616.634800536001,7823934.035068536,2017-07-17,7492.287598,EXIT_MA,19599.824356368,1956378.3187590968,25.005046182523948,25.506068411712413,69,104,2017-07-14
proxy,058610.KQ,2017-07-11,7290.0,26.982603755595115,2017-07-12,7360.0,920.0,1072.0,True,6624.0,13542.4,6784742.4,2017-07-17,6624.0,STOP,12188.16,-702850.5600000005,-10.359281437125755,-9.999999999999998,4,5,
proxy,053610.KQ,2017-07-18,16067.7832,47.7995098466698,2017-07-19,16161.20117,494.0,494.0,False,14545.081053,15967.266755960001,7999600.64473596,2017-07-28,15180.31836,EXIT_MA,14998.15453968,-515521.52943564113,-6.444340815624012,-6.0693682337226935,7,9,2017-07-27
proxy,232140.KQ,2017-07-18,3760.0,44.7718941410486,2017-07-19,3800.0,219.0,2114.0,True,3420.0,1664.4,833864.4,2017-07-28,3420.0,STOP,1497.96,-86382.35999999999,-10.359281437125746,-9.999999999999998,8,9,
proxy,031330.KQ,2017-07-07,2345.0,22.372347375844313,2017-07-10,2360.0,2298.0,3354.0,True,2124.0,10846.56,5434126.56,2017-07-31,2210.0,EXIT_MA,10157.16,-365703.71999999974,-6.72976081734835,-6.355932203389836,15,21,2017-07-28
proxy,083450.KQ,2017-05-18,7800.0,39.23492984035762,2017-05-19,7770.0,788.0,1045.0,True,6993.0,12245.52,6135005.52,2017-08-04,8150.0,EXIT_MA,12844.4,274350.0800000001,4.471879920981719,4.890604890604888,54,77,2017-08-03
proxy,119850.KQ,2017-06-16,4735.0,9.828924306159484,2017-06-19,4785.0,1667.0,1667.0,False,4306.5,15953.19,7992548.19,2017-08-04,4770.0,EXIT_MA,15903.18,-56861.37000000011,-0.7114298049668701,-0.31347962382445305,34,46,2017-08-03
proxy,095610.KQ,2017-07-13,31400.0,43.06714412293526,2017-07-14,31650.0,250.0,250.0,False,28485.0,15825.0,7928325.0,2017-08-04,29150.0,EXIT_MA,14575.0,-655400.0,-8.266563240028631,-7.898894154818326,15,21,2017-08-03
proxy,240810.KQ,2017-07-14,32550.0,33.4187514427923,2017-07-17,33100.0,239.0,239.0,False,29790.0,15821.800000000001,7926721.8,2017-08-07,31300.0,EXIT_MA,14961.4,-460983.2000000002,-5.8155592138984895,-5.438066465256797,15,21,2017-08-04
proxy,005290.KQ,2017-07-17,16850.0,67.195675770718,2017-07-18,16700.0,470.0,470.0,False,15030.0,15698.0,7864698.0,2017-08-10,15030.0,STOP,14128.2,-814726.2000000002,-10.35928143712575,-9.999999999999998,18,23,
proxy,036540.KQ,2017-07-20,2770.0,5.523548808947492,2017-07-21,2795.0,1.0,2978.0,True,2515.5,5.59,2800.59,2017-08-11,2595.0,EXIT_MA,5.19,-210.7800000000002,-7.526271249986618,-7.155635062611809,15,21,2017-08-10
proxy,140860.KQ,2017-06-23,22750.0,27.766271574295644,2017-06-26,22750.0,350.0,350.0,False,20475.0,15925.0,7978425.0,2017-08-14,23550.0,EXIT_MA,16485.0,247590.0,3.1032440613278935,3.516483516483526,35,49,2017-08-11
proxy,078600.KQ,2017-06-19,6200.0,51.40383242176021,2017-06-20,6300.0,1072.0,1271.0,True,5670.0,13507.2,6767107.2,2017-08-17,7000.0,EXIT_MA,15008.0,721884.7999999998,10.667553781326234,11.111111111111116,41,58,2017-08-16
proxy,098460.KQ,2017-02-17,9530.0,19.906516248836322,2017-02-20,9560.0,742.0,742.0,False,8604.0,14187.04,7107707.04,2017-08-23,12320.0,EXIT_MA,18282.88,2015450.0799999991,28.355840620015186,28.870292887029294,125,184,2017-08-22
proxy,036930.KQ,2017-07-05,14200.0,45.444497714739605,2017-07-06,14150.0,551.0,551.0,False,12735.0,15593.300000000001,7812243.3,2017-09-06,15150.0,EXIT_MA,16695.3,518711.4000000004,6.639724085398113,7.067137809187285,43,62,2017-09-05
proxy,007390.KQ,2017-07-31,5214.592773,11.592844719582812,2017-08-01,5270.663574,1101.0,1519.0,True,4743.5972166,11606.001189948,5814606.596163948,2017-09-08,5476.256836,EXIT_MA,12058.717552871998,202693.46271917876,3.4859359677557733,3.900709258207713,27,38,2017-09-07
proxy,010170.KQ,2017-08-25,4212.206543,134.83220245524376,2017-08-28,4250.762207,1884.0,1884.0,False,3825.6859863,16016.871995976,8024452.869983976,2017-09-12,3825.6859863,STOP,14415.1847963784,-831275.6565911537,-10.359281437125741,-9.999999999999998,12,15,
proxy,064760.KQ,2017-07-06,46600.0,34.9913182535046,2017-07-07,46600.0,167.0,167.0,False,41940.0,15564.4,7797764.4,2017-09-20,50500.0,EXIT_MA,16867.0,618868.5999999996,7.936487539941571,8.369098712446355,52,75,2017-09-19
proxy,035760.KQ,2017-08-04,211900.0,23.133801020077247,2017-08-07,212200.0,36.0,36.0,False,190980.0,15278.4,7654478.4,2017-09-20,203000.0,EXIT_MA,14616.0,-361094.4000000004,-4.717426598264362,-4.3355325164938785,31,44,2017-09-19
proxy,137400.KQ,2017-08-25,9175.0,55.38926039184461,2017-08-28,9075.0,656.0,865.0,True,8167.5,11906.4,5965106.4,2017-09-21,8167.5,STOP,10715.76,-617942.1600000001,-10.35928143712575,-9.999999999999998,19,24,
proxy,059090.KQ,2017-09-18,4345.0,30.337444638614087,2017-09-19,4345.0,1.0,1926.0,True,3910.5,8.69,4353.69,2017-09-21,3910.5,STOP,7.821,-451.0109999999995,-10.359281437125738,-9.999999999999998,3,2,
proxy,031330.KQ,2017-09-19,2190.0,9.262541428777004,2017-09-20,2190.0,3746.0,3746.0,False,1971.0,16407.48,8220147.48,2017-09-25,2025.0,EXIT_MA,15171.300000000001,-649668.7800000003,-7.903371339512757,-7.534246575342463,2,5,2017-09-21
proxy,039200.KQ,2017-09-19,7711.117188,1.7965800778385956,2017-09-20,7739.783203,965.0,1064.0,True,6965.8048827,14937.781581790001,7483828.57247679,2017-09-25,6965.8048827,STOP,13444.003423611,-775270.8640949009,-10.359281437125746,-9.999999999999998,3,5,
proxy,083450.KQ,2017-08-24,9600.0,53.84165143341675,2017-08-25,9730.0,827.0,827.0,False,8757.0,16093.42,8062803.42,2017-09-27,9300.0,EXIT_MA,15382.2,-387085.6200000001,-4.800881279578563,-4.419321685508737,22,33,2017-09-26
proxy,065350.KQ,2017-07-27,3835.0,15.62352719887244,2017-07-28,3815.0,1957.0,2138.0,True,3433.5,14931.91,7480886.91,2017-09-29,4045.0,EXIT_MA,15832.130000000001,419345.95999999996,5.6055647551554815,6.02883355176933,43,63,2017-09-28
proxy,131290.KQ,2017-08-17,15750.0,52.15290765556067,2017-08-18,15550.0,493.0,493.0,False,13995.0,15332.300000000001,7681482.3,2017-10-13,14650.0,EXIT_MA,14444.9,-473477.2000000002,-6.163878031717917,-5.787781350482312,33,56,2017-10-12
proxy,005290.KQ,2017-09-12,19800.0,87.3364640924556,2017-09-13,19850.0,362.0,409.0,True,17865.0,14371.4,7200071.4,2017-10-13,17865.0,STOP,12934.26,-745875.6600000001,-10.35928143712575,-9.999999999999998,16,30,
proxy,086520.KQ,2017-07-07,4804.969238,71.67079704441593,2017-07-10,4782.928223,1637.0,1637.0,False,4304.6354007,15659.307002102,7845312.808053101,2017-10-16,6744.589844,EXIT_MA,22081.787149256,3173498.9794256417,40.45089159693021,41.013821022168415,62,98,2017-10-13
proxy,319660.KQ,2017-08-23,24288.54297,57.08615429396965,2017-08-24,24444.57227,321.0,321.0,False,22000.115043,15693.41539734,7862401.11406734,2017-10-16,23456.38672,EXIT_MA,15059.00027424,-347959.97722158115,-4.425619758816606,-4.04255611055534,30,53,2017-10-13
proxy,036830.KQ,2017-09-28,58205.87109,6.796345738316137,2017-09-29,58553.37109,133.0,133.0,False,52698.033981,15575.196709939999,7803173.55167994,2017-10-16,55686.51172,EXIT_MA,14812.61211752,-411680.1050374592,-5.275803521617545,-4.896147423507802,5,17,2017-10-13
proxy,053610.KQ,2017-10-10,17702.58789,44.4679217756708,2017-10-11,17749.29492,444.0,444.0,False,15974.365428000001,15761.37388896,7896448.31836896,2017-10-16,15974.365428000001,STOP,14185.236500064,-818015.3048370238,-10.359281437125746,-9.999999999999998,4,5,
proxy,240810.KQ,2017-09-08,32600.0,28.739070208666874,2017-09-11,32550.0,238.0,238.0,False,29295.0,15493.800000000001,7762393.8,2017-10-17,32200.0,EXIT_MA,15327.2,-114121.0,-1.4701779237224477,-1.0752688172043001,19,36,2017-10-16
proxy,078600.KQ,2017-09-15,8200.0,78.2980605575599,2017-09-18,8240.0,1.0,998.0,True,7416.0,16.48,8256.48,2017-10-23,7640.0,EXIT_MA,15.280000000000001,-631.7599999999993,-7.6516869174272735,-7.281553398058249,18,35,2017-10-20
proxy,225570.KQ,2017-10-26,17700.0,81.7136286832314,2017-10-27,17900.0,431.0,431.0,False,16110.0,15429.800000000001,7730329.8,2017-11-29,16110.0,STOP,13886.82,-800806.6200000001,-10.35928143712575,-9.999999999999998,24,33,
proxy,102710.KQ,2017-11-02,28300.0,23.358809407255603,2017-11-03,27900.0,134.0,270.0,True,25110.0,7477.2,3746077.2,2017-11-30,25110.0,STOP,6729.4800000000005,-388066.68000000017,-10.359281437125754,-9.999999999999998,20,27,
proxy,232140.KQ,2017-12-04,7540.0,145.30772461605767,2017-12-05,8110.0,1.0,1165.0,True,7299.0,16.22,8126.22,2017-12-05,7299.0,STOP,14.598,-841.8180000000002,-10.35928143712575,-9.999999999999998,1,0,
proxy,084370.KQ,2017-09-08,20350.0,10.611183061617654,2017-09-11,20500.0,320.0,382.0,True,18450.0,13120.0,6573120.0,2017-12-07,21850.0,EXIT_MA,13984.0,404896.0,6.159875371208802,6.585365853658542,56,87,2017-12-06
proxy,046890.KQ,2017-08-21,22800.0,35.39328790612126,2017-08-22,22900.0,340.0,340.0,False,20610.0,15572.0,7801572.0,2017-12-08,28300.0,EXIT_MA,19244.0,1801184.0,23.087449555038393,23.580786026200883,71,108,2017-12-07
proxy,140410.KQ,2017-10-11,10566.66699,34.17280786882985,2017-10-12,10500.0,746.0,746.0,False,9450.0,15666.0,7848666.0,2017-12-19,11616.66699,EXIT_MA,17332.06714908,800035.5073909201,10.19326733219276,10.634923714285716,48,68,2017-12-18
proxy,095610.KQ,2017-10-25,34850.0,29.004531409126,2017-10-26,34850.0,222.0,222.0,False,31365.0,15473.4,7752173.4,2017-12-22,36450.0,EXIT_MA,16183.800000000001,323542.7999999998,4.173575374358884,4.591104734576756,40,57,2017-12-21
proxy,041510.KQ,2017-10-26,32900.0,22.424593069896247,2017-10-27,33150.0,232.0,232.0,False,29835.0,15381.6,7706181.6,2018-01-02,34800.0,EXIT_MA,16147.2,351271.2000000002,4.558304206067506,4.977375565610864,43,67,2017-12-28
proxy,098460.KQ,2017-09-21,12820.0,23.540190319285294,2017-09-25,13300.0,617.0,617.0,False,11970.0,16412.2,8222512.2,2018-01-03,16240.0,EXIT_MA,20040.16,1777527.6399999997,21.617816997583773,22.10526315789474,62,100,2018-01-02
proxy,058470.KQ,2017-11-03,10700.0,13.419571108479216,2017-11-06,10720.0,2.0,724.0,True,9648.0,42.88,21482.88,2018-01-04,11080.0,EXIT_MA,44.32,632.7999999999993,2.945601334644141,3.3582089552238736,39,59,2018-01-03
proxy,083450.KQ,2017-12-13,13000.0,58.108033457393624,2017-12-14,13050.0,623.0,663.0,True,11745.0,16260.300000000001,8146410.3,2018-01-04,11745.0,STOP,14634.27,-843909.5699999994,-10.359281437125741,-9.999999999999998,12,21,
proxy,064290.KQ,2017-12-08,5590.0,30.383519440077045,2017-12-11,5780.0,1456.0,1456.0,False,5202.0,16831.36,8432511.36,2018-01-08,5202.0,STOP,15148.224,-873547.5839999998,-10.359281437125748,-9.999999999999998,17,28,
proxy,078600.KQ,2018-01-03,18700.0,202.54252238810278,2018-01-04,18700.0,28.0,499.0,True,16830.0,1047.2,524647.2,2018-01-08,16830.0,STOP,942.48,-54349.679999999935,-10.359281437125736,-9.999999999999998,3,4,
proxy,131290.KQ,2018-01-08,17600.0,23.279005558873823,2018-01-09,17600.0,455.0,524.0,True,15840.0,16016.0,8024016.0,2018-01-11,16600.0,EXIT_MA,15106.0,-486122.0,-6.058337869715115,-5.681818181818176,2,2,2018-01-10
proxy,064760.KQ,2017-11-02,56700.0,31.91807495355128,2017-11-03,56700.0,135.0,135.0,False,51030.0,15309.0,7669809.0,2018-01-31,70500.0,EXIT_MA,19035.0,1828656.0,23.842262564817453,24.33862433862435,59,89,2018-01-30
proxy,089030.KQ,2017-12-22,9950.0,22.14879111022305,2017-12-26,9950.0,850.0,883.0,True,8955.0,16915.0,8474415.0,2018-01-31,9150.0,EXIT_MA,15555.0,-712470.0,-8.40730599103301,-8.040201005025127,24,36,2018-01-30
proxy,028300.KQ,2018-01-04,18070.12695,205.24518747136798,2018-01-05,18363.79102,397.0,495.0,True,16527.411918,14580.850069880002,7305005.88500988,2018-02-05,16445.18555,STOP,13057.477326699998,-789324.6989865815,-10.805257537249936,-10.447763579483393,22,31,
proxy,214450.KQ,2017-10-27,46600.0,15.148738378744678,2017-10-30,47000.0,165.0,165.0,False,42300.0,15510.0,7770510.0,2018-02-06,54100.0,EXIT_MA,17853.0,1138137.0,14.646876459846265,15.1063829787234,67,99,2018-02-05
proxy,087010.KQ,2017-10-30,23320.89648,3.883158483716711,2017-10-31,23320.89648,333.0,333.0,False,20988.806832,15531.71705568,7781390.24489568,2018-02-06,28973.00586,EXIT_MA,19296.02190276,1847324.6845815592,23.740290956276606,24.23624402624167,66,98,2018-02-05
proxy,039200.KQ,2017-10-24,8332.210938,14.659042601041264,2017-10-25,8236.658203,919.0,919.0,False,7412.992382700001,15138.977777114002,7584627.866334115,2018-02-08,14332.93164,EXIT_MA,26343.92835432,5560992.382471566,73.31925152392962,74.01391786270288,72,106,2018-02-07
proxy,058470.KQ,2018-02-07,13240.0,16.864453624931073,2018-02-08,13300.0,714.0,714.0,False,11970.0,18992.4,9515192.4,2018-02-09,11560.0,STOP,16507.68,-1277860.08,-13.42968198940465,-13.082706766917296,2,1,
proxy,041830.KQ,2017-12-28,40100.0,22.824587712738786,2018-01-02,40350.0,199.0,230.0,True,36315.0,16059.300000000001,8045709.3,2018-02-12,39500.0,EXIT_MA,15721.0,-200930.2999999998,-2.497359679649373,-2.106567534076831,29,41,2018-02-09
proxy,098460.KQ,2018-01-30,18980.0,19.966158423565723,2018-01-31,19160.0,547.0,547.0,False,17244.0,20961.04,10501481.04,2018-02-14,17244.0,STOP,18864.936,-1087877.9759999998,-10.359281437125748,-9.999999999999998,11,14,
proxy,000250.KQ,2018-02-19,45500.0,196.92587629903292,2018-02-20,46950.0,217.0,217.0,False,42255.0,20376.3,10208526.3,2018-02-20,42255.0,STOP,18338.670000000002,-1057529.9700000007,-10.359281437125754,-9.999999999999998,1,0,
proxy,010170.KQ,2017-12-05,5041.15332,106.17456313201285,2017-12-06,5050.79248,1.0,1748.0,True,4545.713232,10.10158496,5060.89406496,2018-03-02,5571.293945,EXIT_MA,11.142587890000001,499.25729215000047,9.865001830540123,10.30534251923967,55,86,2018-02-28
proxy,127120.KQ,2018-02-26,6960.081055,21.991822285600804,2018-02-27,7044.730957,1403.0,1403.0,False,6340.2578613,19767.515065342,9903525.047736341,2018-03-02,6340.2578613,STOP,17790.763558807797,-1025934.031891251,-10.35928143712576,-9.999999999999998,3,3,
proxy,214150.KQ,2018-01-16,4510.0,69.0906691100617,2018-01-17,4510.0,1.0,2193.0,True,4059.0,9.02,4519.02,2018-03-06,5300.0,EXIT_MA,10.6,770.3799999999992,17.04750144942928,17.51662971175165,31,48,2018-03-05
proxy,089030.KQ,2018-02-22,9900.0,9.740711267779451,2018-02-23,9900.0,988.0,988.0,False,8910.0,19562.4,9800762.4,2018-03-12,9500.0,EXIT_MA,18772.0,-433534.4000000004,-4.423476279763708,-4.040404040404044,10,17,2018-03-09
proxy,023160.KQ,2018-01-10,13300.0,14.165479929990688,2018-01-11,13300.0,566.0,686.0,True,11970.0,15055.6,7542855.6,2018-03-14,13650.0,EXIT_MA,15451.800000000001,167592.60000000056,2.221872045382926,2.6315789473684292,41,62,2018-03-13
proxy,218410.KQ,2017-12-21,15648.15527,49.77924411102122,2017-12-22,15111.92578,545.0,545.0,False,13600.733202,16471.9991002,8252471.5492002,2018-03-20,18134.31055,EXIT_MA,19766.3984995,1610961.3020503,19.52095553975498,19.99999744572594,56,88,2018-03-19
proxy,007390.KQ,2017-11-29,15840.02637,208.24199643149962,2017-11-30,15933.47754,434.0,563.0,True,14340.129786,13830.258504720001,6928959.510864721,2018-03-22,29343.76562,EXIT_MA,25470.38855816,5780764.379657119,83.42903967894149,84.16422621072084,73,112,2018-03-21
proxy,039200.KQ,2018-03-21,23888.21875,183.8657779654435,2018-03-22,24557.08984,417.0,417.0,False,22101.380856,20480.61292656,10260787.07620656,2018-03-22,22101.380856,STOP,18432.551633904,-1062943.8108884636,-10.359281437125746,-9.999999999999998,1,0,
proxy,141080.KQ,2018-01-02,21175.0,3.370104533868762,2018-01-03,21175.0,448.0,448.0,False,19057.5,18972.8,9505372.8,2018-03-26,27950.0,EXIT_MA,25043.2,2991184.0,31.46835019453419,31.99527744982291,55,82,2018-03-23
proxy,214150.KQ,2018-03-21,6800.0,145.73908707624298,2018-03-22,6890.0,1465.0,1465.0,False,6201.0,20187.7,10114037.7,2018-03-26,6201.0,STOP,18168.93,-1047741.629999999,-10.35928143712574,-9.999999999999998,3,4,
proxy,080220.KQ,2018-02-13,5920.0,34.25085135476049,2018-02-14,6050.0,1614.0,1614.0,False,5445.0,19529.4,9784229.4,2018-03-29,5600.0,EXIT_MA,18076.8,-763906.2000000011,-7.8075254449778235,-7.438016528925617,28,43,2018-03-28
proxy,059090.KQ,2018-03-12,4940.0,9.37371543253841,2018-03-13,4955.0,1886.0,2132.0,True,4459.5,18690.260000000002,9363820.26,2018-04-04,4459.5,STOP,16821.234,-970024.493999999,-10.359281437125738,-9.999999999999998,17,22,
proxy,065350.KQ,2018-03-22,5370.0,1.9682547030805742,2018-03-23,5300.0,1838.0,1838.0,False,4770.0,19482.8,9760882.8,2018-04-17,4935.0,EXIT_MA,18141.06,-708493.8600000013,-7.258501864196148,-6.886792452830193,17,25,2018-04-16
proxy,039200.KQ,2018-03-30,25273.73633,162.59187988403716,2018-04-02,25273.73633,409.0,409.0,False,22746.362697,20673.916317940002,10357632.07528794,2018-04-18,22746.362697,STOP,18606.524686146,-1072976.2569010872,-10.35928143712576,-9.999999999999998,13,16,
proxy,058610.KQ,2018-02-19,10450.0,51.72562697019163,2018-02-20,10500.0,948.0,948.0,False,9450.0,19908.0,9973908.0,2018-04-19,10850.0,EXIT_MA,20571.600000000002,291320.4000000004,2.9208250166334033,3.3333333333333437,41,58,2018-04-18
proxy,127120.KQ,2018-04-04,7590.250488,36.45523436477353,2018-04-05,7787.766602,1258.0,1364.0,True,7008.9899417999995,19594.020770632,9816604.406086631,2018-04-19,7008.9899417999995,STOP,17634.6186935688,-1016929.677995801,-10.359281437125752,-9.999999999999998,11,14,
proxy,041830.KQ,2018-03-02,44950.0,26.44745065511277,2018-03-05,44950.0,215.0,215.0,False,40455.0,19328.5,9683578.5,2018-04-25,43600.0,EXIT_MA,18748.0,-328326.5,-3.3905492685374523,-3.0033370411568394,37,51,2018-04-24
proxy,064290.KQ,2018-04-23,5660.0,16.728987681786784,2018-04-24,5730.0,1.0,1903.0,True,5157.0,11.46,5741.46,2018-04-25,5157.0,STOP,10.314,-594.7740000000003,-10.359281437125754,-9.999999999999998,2,1,
proxy,086520.KQ,2018-03-09,8684.209961,55.57635674297033,2018-03-12,8728.292969,1159.0,1159.0,False,7855.463672100001,20232.183102142,10136323.734173141,2018-04-26,8529.922852,EXIT_MA,19772.361170936,-269915.509876078,-2.662854077618862,-2.2727252362465977,33,45,2018-04-25
proxy,035900.KQ,2017-08-14,7810.0,40.142902837962446,2017-08-16,8000.0,988.0,988.0,False,7200.0,15808.0,7919808.0,2018-05-03,20050.0,EXIT_MA,39618.8,11849973.2,149.62450099800398,150.625,171,260,2018-05-02
proxy,078600.KQ,2018-04-16,21200.0,130.04929398297784,2018-04-17,21300.0,424.0,528.0,True,19170.0,18062.4,9049262.4,2018-05-03,19170.0,STOP,16256.16,-937438.5600000005,-10.359281437125754,-9.999999999999998,12,16,
proxy,140860.KQ,2017-11-30,28050.0,22.759043096628478,2017-12-01,27850.0,120.0,307.0,True,25065.0,6684.0,3348684.0,2018-05-08,44200.0,EXIT_MA,10608.0,1944708.0,58.07379854295001,58.707360861759426,103,158,2018-05-04
proxy,098460.KQ,2018-04-19,20860.0,32.623677566035816,2018-04-20,20880.0,523.0,523.0,False,18792.0,21840.48,10942080.48,2018-05-08,18792.0,STOP,19656.432,-1133520.9120000005,-10.359281437125754,-9.999999999999998,11,18,
proxy,032820.KQ,2018-05-03,3490.0,434.8125553813637,2018-05-04,3490.0,3020.0,3020.0,False,3141.0,21079.600000000002,10560879.6,2018-05-08,3141.0,STOP,18971.64,-1094031.2400000002,-10.359281437125752,-9.999999999999998,2,4,
proxy,033100.KQ,2018-03-07,9170.0,57.97061975586747,2018-03-08,9000.0,1052.0,1052.0,False,8100.0,18936.0,9486936.0,2018-05-09,12200.0,EXIT_MA,25668.8,3321795.1999999993,35.014415613218006,35.555555555555564,42,62,2018-05-08
proxy,140410.KQ,2018-03-13,15650.0,42.79387001810764,2018-03-14,15750.0,488.0,668.0,True,14175.0,15372.0,7701372.0,2018-05-09,17566.66602,EXIT_MA,17145.06603552,854015.9517244808,11.08914037296836,11.534387428571424,38,56,2018-05-08
proxy,010170.KQ,2018-04-30,7200.0,89.85439988388639,2018-05-02,7350.0,1522.0,1522.0,False,6615.0,22373.4,11209073.4,2018-05-16,6615.0,STOP,20136.06,-1161179.460000001,-10.359281437125755,-9.999999999999998,10,14,
proxy,222080.KQ,2018-04-17,2750.0,26.247038028060963,2018-04-18,2765.0,1.0,4120.0,True,2488.5,5.53,2770.53,2018-05-17,2488.5,STOP,4.977,-287.00700000000006,-10.35928143712575,-9.999999999999998,20,29,
proxy,089030.KQ,2018-05-18,9850.0,4.448074726204726,2018-05-21,9850.0,1030.0,1030.0,False,8865.0,20291.0,10165791.0,2018-05-23,9475.0,EXIT_MA,19518.5,-426059.5,-4.19111016545589,-3.8071065989847663,1,2,2018-05-21
proxy,183300.KQ,2018-04-18,7230.0,38.13784410347858,2018-04-19,7260.0,1527.0,1527.0,False,6534.0,22172.04,11108192.04,2018-05-23,6534.0,STOP,19954.836,-1150728.8759999983,-10.359281437125734,-9.999999999999998,22,34,
proxy,196170.KQ,2018-03-27,5021.367676,14.496563126445885,2018-03-28,5181.624023,1980.0,1980.0,False,4663.461620700001,20519.231131080003,10280134.796671081,2018-05-31,6666.666504,EXIT_MA,26399.99935584,2893464.881893078,28.146176476499523,28.659788406265065,43,64,2018-05-30
proxy,225570.KQ,2018-05-25,19250.0,25.977619574679473,2018-05-28,19350.0,542.0,542.0,False,17415.0,20975.4,10508675.4,2018-06-01,16950.0,STOP,18373.8,-1340149.2000000011,-12.752788995652118,-12.4031007751938,5,4,
proxy,028300.KQ,2018-03-23,22240.15625,180.0432040667161,2018-03-26,23767.20898,427.0,427.0,False,21390.488082,20297.19646892,10168895.43092892,2018-06-12,39546.75781,EXIT_MA,33772.93116974,6683797.222771339,65.72785872536778,66.39209864009874,52,78,2018-06-11
proxy,014620.KQ,2018-05-10,13050.0,3.8956246270008767,2018-05-11,13100.0,762.0,762.0,False,11790.0,19964.4,10002164.4,2018-06-15,12000.0,EXIT_MA,18288.0,-876452.4000000004,-8.762627416921886,-8.3969465648855,22,35,2018-06-14
proxy,036810.KQ,2018-05-09,6048.426758,4.7907535690869,2018-05-10,6097.441406,1650.0,1650.0,False,5487.6972654,20121.5566398,10080899.8765398,2018-06-18,5979.805664,EXIT_MA,19733.358691200003,-233953.88963099942,-2.3207639446499737,-1.9292640005403539,24,39,2018-06-15
proxy,086520.KQ,2018-06-07,8893.601562,24.479738917944726,2018-06-08,8794.416016,1162.0,1162.0,False,7914.9744144,20438.222821183997,10239549.633413183,2018-06-18,8243.387695,EXIT_MA,19157.63300318,-679890.7648263648,-6.639850278256179,-6.2656613014155145,5,10,2018-06-15
proxy,140860.KQ,2018-06-11,45000.0,37.46814584853011,2018-06-12,44900.0,221.0,221.0,False,40410.0,19845.8,9942745.8,2018-06-18,42500.0,EXIT_MA,18785.0,-569030.8000000007,-5.723075008112957,-5.345211581291764,3,6,2018-06-15
proxy,074600.KQ,2018-05-23,16700.0,17.21189461176603,2018-05-24,16600.0,609.0,609.0,False,14940.0,20218.8,10129618.8,2018-06-18,14940.0,STOP,18196.920000000002,-1049355.7200000007,-10.359281437125754,-9.999999999999998,16,25,
proxy,059090.KQ,2018-06-12,5080.0,12.079216025430838,2018-06-14,5000.0,1742.0,1978.0,True,4500.0,17420.0,8727420.0,2018-06-18,4500.0,STOP,15678.0,-904098.0,-10.359281437125748,-9.999999999999998,3,4,
proxy,064760.KQ,2018-06-04,71000.0,9.015148770360437,2018-06-05,71300.0,144.0,144.0,False,64170.0,20534.4,10287734.4,2018-06-22,67200.0,EXIT_MA,19353.600000000002,-630288.0,-6.126596736400971,-5.7503506311360475,11,17,2018-06-21
proxy,127120.KQ,2018-06-18,9029.293945,69.96941147129453,2018-06-19,8841.18457,1053.0,1053.0,False,7957.066113,18619.53470442,9328386.88691442,2018-06-22,7957.066113,STOP,16757.581233978,-966353.8511593994,-10.359281437125762,-9.999999999999998,4,3,
proxy,218410.KQ,2018-05-03,21107.94727,66.6447223019029,2018-05-04,20912.95508,499.0,499.0,False,18821.659572,20871.129169840002,10456435.71408984,2018-06-26,21546.68164,EXIT_MA,21503.58827672,273854.83599343896,2.6190075039090517,3.030306131179228,33,53,2018-06-25
proxy,032500.KQ,2018-04-20,11600.96191,17.658738292552172,2018-04-23,11455.94922,548.0,945.0,True,10310.354298,12555.72034512,6290415.89290512,2018-06-29,12156.84082,EXIT_MA,13323.897538719999,358208.97891615983,5.694519806236964,6.118145136121678,44,67,2018-06-28
proxy,140860.KQ,2018-06-22,47750.0,52.31485355748372,2018-06-25,47900.0,204.0,204.0,False,43110.0,19543.2,9791143.2,2018-07-05,43110.0,STOP,17588.88,-1014292.0800000001,-10.35928143712575,-9.999999999999998,9,10,
proxy,131970.KQ,2018-06-14,13050.0,29.255613013299232,2018-06-15,13150.0,692.0,761.0,True,11835.0,18199.600000000002,9117999.6,2018-07-12,11835.0,STOP,16379.640000000001,-944559.2399999993,-10.359281437125741,-9.999999999999998,20,27,
proxy,166090.KQ,2018-05-28,23175.0,56.568020308340486,2018-05-29,23250.0,451.0,451.0,False,20925.0,20971.5,10506721.5,2018-07-17,22750.0,EXIT_MA,20520.5,-266992.0,-2.541154250638508,-2.1505376344086002,33,49,2018-07-16
proxy,035760.KQ,2018-06-27,263000.0,11.542206211713099,2018-06-28,258200.0,36.0,36.0,False,232380.0,18590.4,9313790.4,2018-07-19,232380.0,STOP,16731.36,-964841.7600000007,-10.359281437125755,-9.999999999999998,16,21,
proxy,035900.KQ,2018-05-29,24500.0,119.24581378922214,2018-05-30,24500.0,350.0,410.0,True,22050.0,17150.0,8592150.0,2018-07-20,23700.0,EXIT_MA,16590.0,-313740.0,-3.6514725650739335,-3.2653061224489743,35,51,2018-07-19
proxy,222080.KQ,2018-07-13,3360.0,58.721538776863916,2018-07-16,3400.0,2863.0,2863.0,False,3060.0,19468.4,9753668.4,2018-07-20,3060.0,STOP,17521.56,-1010409.9600000009,-10.359281437125757,-9.999999999999998,5,4,
proxy,122870.KQ,2018-07-09,39750.0,29.572207637168436,2018-07-10,39750.0,238.0,238.0,False,35775.0,18921.0,9479421.0,2018-07-23,35775.0,STOP,17028.9,-981999.9000000004,-10.359281437125754,-9.999999999999998,10,13,
proxy,093320.KQ,2018-05-11,18100.0,6.434519859078774,2018-05-14,18150.0,555.0,555.0,False,16335.0,20146.5,10093396.5,2018-07-24,24550.0,EXIT_MA,27250.5,3504603.0,34.72174109082111,35.26170798898072,48,71,2018-07-23
proxy,183300.KQ,2018-07-18,6300.0,13.251649278107852,2018-07-19,6370.0,1463.0,1463.0,False,5733.0,18638.62,9337948.62,2018-07-24,6100.0,EXIT_MA,17848.600000000002,-431497.2199999988,-4.620899488307517,-4.2386185243328045,3,5,2018-07-23
proxy,032500.KQ,2018-07-31,13824.47949,46.537075252884904,2018-08-01,13776.1416,663.0,663.0,False,12398.527440000002,18267.163761600004,9151849.044561602,2018-08-09,12785.22656,EXIT_MA,16953.21041856,-692197.0457001626,-7.563466599260551,-7.1929794914419425,6,8,2018-08-08
proxy,183300.KQ,2018-07-27,6630.0,18.922325235545838,2018-07-30,6630.0,1391.0,1391.0,False,5967.0,18444.66,9240774.66,2018-08-13,5967.0,STOP,16600.194,-957277.8540000003,-10.359281437125752,-9.999999999999998,11,14,
proxy,098460.KQ,2018-06-20,20620.0,26.51984595225807,2018-06-21,20620.0,466.0,466.0,False,18558.0,19217.84,9628137.84,2018-08-23,21260.0,EXIT_MA,19814.32,259207.83999999985,2.6921907881617932,3.1037827352085268,44,63,2018-08-22
proxy,035760.KQ,2018-08-27,266500.0,23.75282641151234,2018-08-28,269800.0,34.0,34.0,False,242820.0,18346.4,9191546.4,2018-08-31,250300.0,EXIT_MA,17020.4,-698366.8000000007,-7.597924980284065,-7.227575982209045,3,3,2018-08-30
proxy,078600.KQ,2018-05-28,23000.0,130.25458765368495,2018-05-29,23000.0,455.0,455.0,False,20700.0,20930.0,10485930.0,2018-09-13,28300.0,EXIT_MA,25753.0,2364817.0,22.552286730886053,23.043478260869566,74,107,2018-09-12
proxy,093320.KQ,2018-08-29,30300.0,79.48061761396436,2018-08-30,30450.0,301.0,301.0,False,27405.0,18330.9,9183780.9,2018-09-19,27405.0,STOP,16497.81,-951373.71,-10.359281437125748,-9.999999999999998,15,20,
proxy,074600.KQ,2018-07-31,16250.0,23.401299081000243,2018-08-01,16200.0,564.0,564.0,False,14580.0,18273.600000000002,9155073.6,2018-10-04,16050.0,EXIT_MA,18104.4,-120978.0,-1.3214312116507725,-0.92592592592593,41,64,2018-10-02
proxy,098460.KQ,2018-09-20,21860.0,20.626224896300023,2018-09-21,21700.0,431.0,431.0,False,19530.0,18705.4,9371405.4,2018-10-04,21540.0,EXIT_MA,18567.48,-106232.88000000082,-1.1335853638345514,-0.7373271889400956,5,13,2018-10-02
proxy,000250.KQ,2018-09-18,50400.0,114.58292946472737,2018-09-19,50200.0,186.0,186.0,False,45180.0,18674.4,9355874.4,2018-10-04,45180.0,STOP,16806.96,-969201.3600000003,-10.359281437125752,-9.999999999999998,8,15,
proxy,218410.KQ,2018-08-30,26567.74023,84.0766529742335,2018-08-31,26372.74805,342.0,342.0,False,23735.473244999997,18038.959666199997,9037518.792766199,2018-10-05,24959.05078,EXIT_MA,17071.99073352,-518595.4167397171,-5.738249940401903,-5.360447334952633,21,35,2018-10-04
proxy,028300.KQ,2018-09-07,45537.50391,228.68224784045367,2018-09-10,45537.50391,205.0,205.0,False,40983.753519,18670.376603099998,9353858.6781531,2018-10-05,40983.753519,STOP,16803.338942789997,-968992.545700891,-10.359281437125759,-9.999999999999998,16,25,
proxy,196170.KQ,2018-09-07,7478.632324,61.52707442044548,2018-09-10,7638.888672,1249.0,1249.0,False,6874.9998048,19081.943902656,9560053.895230656,2018-10-10,6858.974121,STOP,17133.717354258002,-1010328.9354559146,-10.568234724701187,-10.209790775701988,18,30,
proxy,041510.KQ,2018-08-16,43850.0,24.893771989631126,2018-08-17,44050.0,205.0,205.0,False,39645.0,18060.5,9048310.5,2018-10-12,46200.0,EXIT_MA,18942.0,403747.5,4.462131355903403,4.880817253121461,35,56,2018-10-11
proxy,058470.KQ,2018-09-13,12820.0,4.1400210384988885,2018-09-14,12760.0,726.0,726.0,False,11484.0,18527.52,9282287.52,2018-10-16,12260.0,EXIT_MA,17801.52,-399329.0399999991,-4.302054198812398,-3.9184952978056464,17,32,2018-10-15
proxy,086520.KQ,2018-10-22,10072.80273,32.420984089779445,2018-10-23,10061.78223,895.0,895.0,False,9055.604007000002,18010.5901917,9023305.6860417,2018-10-24,9055.604007000002,STOP,16209.531172530003,-934749.6309492281,-10.359281437125729,-9.999999999999986,2,1,
proxy,035900.KQ,2018-08-17,26400.0,98.32714959899445,2018-08-20,26650.0,339.0,339.0,False,23985.0,18068.7,9052418.7,2018-10-25,30500.0,EXIT_MA,20679.0,1266402.3000000007,13.989656709095888,14.446529080675429,43,66,2018-10-24
proxy,140410.KQ,2018-08-30,22800.0,71.29990409759436,2018-08-31,23066.66602,399.0,399.0,False,20759.999418,18407.19948396,9222006.94146396,2018-10-30,25000.0,EXIT_MA,19950.0,733043.0585360397,7.9488452263046305,8.381505928614462,37,60,2018-10-29
proxy,124500.KQ,2018-10-31,5350.0,72.17047048439427,2018-11-01,5300.0,1609.0,1609.0,False,4770.0,17055.4,8544755.4,2018-11-06,4825.0,EXIT_MA,15526.85,-796857.25,-9.32568824614921,-8.9622641509434,3,5,2018-11-05
proxy,039200.KQ,2018-11-05,30768.02734,129.45729926211754,2018-11-06,30433.5918,277.0,277.0,False,27390.23262,16860.2098572,8446965.1384572,2018-11-06,27390.23262,STOP,15174.188871479999,-875044.8915886795,-10.359281437125743,-9.999999999999998,1,0,
proxy,218410.KQ,2018-11-02,27103.9707,79.0562186371538,2018-11-05,27201.4668,316.0,316.0,False,24481.32012,17191.3270176,8612854.8358176,2018-11-20,25105.29688,EXIT_MA,15866.547628160002,-695447.5693657584,-8.074530253008044,-7.706091496507083,11,15,2018-11-19
proxy,140410.KQ,2018-11-21,31833.33398,116.87401768534333,2018-11-22,32333.33398,265.0,265.0,False,29100.000582,17136.6670094,8585470.1717094,2018-12-06,29100.000582,STOP,15423.000308460001,-889393.0177878588,-10.359281437125736,-9.999999999999998,11,14,
proxy,041510.KQ,2018-11-15,53800.0,59.39242452570198,2018-11-16,53800.0,157.0,157.0,False,48420.0,16893.2,8463493.2,2018-12-19,49700.0,EXIT_MA,15605.800000000001,-676198.9999999991,-7.989597014150128,-7.620817843866168,23,33,2018-12-18
proxy,035900.KQ,2019-01-15,32950.0,54.40117080657602,2019-01-16,33100.0,252.0,252.0,False,29790.0,16682.4,8357882.4,2019-01-21,29790.0,STOP,15014.16,-865816.5600000005,-10.359281437125754,-9.999999999999998,4,5,
proxy,041510.KQ,2019-02-21,49900.0,19.299708838515027,2019-02-22,49450.0,167.0,167.0,False,44505.0,16516.3,8274666.3,2019-02-25,48400.0,EXIT_MA,16165.6,-208031.89999999944,-2.5140820482392074,-2.123356926188069,1,3,2019-02-22
proxy,046890.KQ,2019-02-13,25050.0,26.048350447932922,2019-02-14,25150.0,331.0,331.0,False,22635.0,16649.3,8341299.3,2019-03-07,22635.0,STOP,14984.37,-864098.6699999999,-10.359281437125748,-9.999999999999998,15,21,
proxy,189300.KQ,2019-01-16,15893.83203,35.00284633819697,2019-01-17,15847.7627,523.0,523.0,False,14262.986429999999,16576.7597842,8304956.6518842,2019-03-18,15663.48633,EXIT_MA,16384.006701180002,-129337.3079953799,-1.5573507896159373,-1.1627910733418512,38,60,2019-03-15
proxy,056190.KQ,2019-03-12,46700.0,30.021617573500524,2019-03-13,46450.0,178.0,178.0,False,41805.0,16536.2,8284636.2,2019-03-29,42100.0,EXIT_MA,14987.6,-805823.7999999998,-9.726725236287379,-9.364908503767488,12,16,2019-03-28
proxy,196170.KQ,2019-03-20,10363.24805,82.99297210405241,2019-03-21,10438.03418,811.0,811.0,False,9394.230762000001,16930.49143996,8482176.21141996,2019-04-05,9394.230762000001,STOP,15237.442295964003,-878692.505733923,-10.359281437125736,-9.999999999999998,12,15,
proxy,140410.KQ,2019-02-07,31666.66602,60.48089842448915,2019-02-08,31400.0,260.0,260.0,False,28260.0,16328.0,8180328.0,2019-04-30,39666.66797,EXIT_MA,20626.6673444,2112379.0048555993,25.822668783642893,26.32696805732484,56,81,2019-04-29
proxy,048410.KQ,2019-04-30,7812.45459,180.6171289244279,2019-05-02,8494.868164,1114.0,1114.0,False,7645.3813476,18926.566269392,9482209.700965391,2019-05-03,7645.3813476,STOP,17033.9096424528,-982288.7893814445,-10.359281437125746,-9.999999999999998,2,1,
proxy,101490.KQ,2019-04-05,6390.0,59.59957630868312,2019-04-08,6430.0,1291.0,1291.0,False,5787.0,16602.260000000002,8317732.26,2019-05-09,5787.0,STOP,14942.034,-861657.2939999998,-10.359281437125746,-9.999999999999998,22,31,
proxy,064290.KQ,2019-04-05,5940.0,46.75207148666682,2019-04-08,6200.0,1389.0,1389.0,False,5580.0,17223.6,8629023.6,2019-05-09,5580.0,STOP,15501.24,-893904.8399999999,-10.359281437125748,-9.999999999999998,22,31,
proxy,124500.KQ,2019-05-02,5180.0,30.75958254774884,2019-05-03,5200.0,1690.0,1690.0,False,4680.0,17576.0,8805576.0,2019-05-17,4950.0,EXIT_MA,16731.0,-456807.0,-5.187701520036849,-4.807692307692313,9,14,2019-05-16
proxy,218410.KQ,2019-04-25,30175.10352,26.983634950155256,2019-04-26,30175.10352,289.0,289.0,False,27157.593168,17441.20983456,8738046.12711456,2019-05-20,27157.593168,STOP,15697.088851104001,-905198.7904136637,-10.359281437125745,-10.000000000000009,15,24,
proxy,053610.KQ,2019-05-17,21859.6582,42.975847285438356,2019-05-20,21953.07617,422.0,422.0,False,19757.768553,18528.39628748,9282726.54002748,2019-05-24,19757.768553,STOP,16675.556658732003,-961623.767320212,-10.359281437125748,-9.999999999999998,5,4,
proxy,093320.KQ,2019-06-05,43850.0,87.17378551628342,2019-06-07,43600.0,221.0,221.0,False,39240.0,19271.2,9654871.2,2019-06-17,39240.0,STOP,17344.08,-1000175.2799999993,-10.359281437125741,-9.999999999999998,7,10,
proxy,036810.KQ,2019-06-11,8518.772461,60.95748381124311,2019-06-12,8636.408203,1141.0,1141.0,False,7772.767382700001,19708.283519246,9873850.043142246,2019-06-19,7772.767382700001,STOP,17737.455167321405,-1022859.9146488663,-10.359281437125738,-9.999999999999998,6,7,
proxy,178320.KQ,2019-04-03,11000.0,38.93448765365116,2019-04-04,11100.0,751.0,751.0,False,9990.0,16672.2,8352772.2,2019-06-26,12600.0,EXIT_MA,18925.2,1090902.6000000006,13.06036575497654,13.513513513513509,56,83,2019-06-25
proxy,048410.KQ,2019-06-26,9836.163086,221.69127759384017,2019-06-27,9953.820312,974.0,974.0,False,8958.438280800001,19390.041967776,9714411.025855776,2019-06-27,8958.438280800001,STOP,17451.037770998402,-1006343.1781275719,-10.359281437125723,-9.999999999999986,1,0,
proxy,218410.KQ,2019-07-01,29736.36914,25.99489630124069,2019-07-02,29736.36914,313.0,313.0,False,26762.732226,18614.96708164,9326098.507901639,2019-07-04,27542.70312,EXIT_MA,17241.73215312,-722474.1634947583,-7.746799617038509,-7.377047310894391,2,2,2019-07-03
proxy,131970.KQ,2019-03-11,15800.0,46.568183372729415,2019-03-12,15875.0,528.0,528.0,False,14287.5,16764.0,8398764.0,2019-07-09,22925.0,EXIT_MA,24208.8,3681427.1999999993,43.83296399327329,44.40944881889764,82,119,2019-07-08
proxy,189300.KQ,2019-03-21,19349.01172,50.41833930485292,2019-03-22,19256.875,432.0,432.0,False,17331.1875,16637.94,8335607.94,2019-07-09,24094.12695,EXIT_MA,20817.325684800002,2052237.5767152002,24.62013078694774,25.119610269059756,74,109,2019-07-08
proxy,102710.KQ,2019-05-16,20000.0,42.47132605259443,2019-05-17,20300.0,449.0,449.0,False,18270.0,18229.4,9132929.4,2019-07-09,20100.0,EXIT_MA,18049.8,-126079.20000000112,-1.3804902510250556,-0.9852216748768461,36,53,2019-07-08
proxy,101490.KQ,2019-06-11,7010.0,59.46268420861536,2019-06-12,7040.0,1386.0,1386.0,False,6336.0,19514.88,9776954.88,2019-07-09,6410.0,EXIT_MA,17768.52,-910463.4000000004,-9.312341226637637,-8.948863636363635,19,27,2019-07-08
proxy,053800.KQ,2019-06-17,66000.0,30.421987979854304,2019-06-18,65400.0,147.0,147.0,False,58860.0,19227.600000000002,9633027.6,2019-07-11,62700.0,EXIT_MA,18433.8,-434561.4000000004,-4.511161163910715,-4.128440366972475,17,23,2019-07-10
proxy,099320.KQ,2019-04-30,18800.0,42.58315179386363,2019-05-02,18850.0,463.0,463.0,False,16965.0,17455.1,8745005.1,2019-07-12,21000.0,EXIT_MA,19446.0,958548.9000000004,10.96110166934037,11.405835543766575,49,71,2019-07-11
proxy,214150.KQ,2019-04-02,6750.0,54.01376488593436,2019-04-03,6750.0,1224.0,1224.0,False,6075.0,16524.0,8278524.0,2019-07-17,12250.0,EXIT_MA,29988.0,6685488.0,80.75700450949952,81.4814814814815,72,105,2019-07-16
proxy,102710.KQ,2019-07-15,24550.0,82.24896959825007,2019-07-16,24300.0,385.0,385.0,False,21870.0,18711.0,9374211.0,2019-07-19,21870.0,STOP,16839.9,-971100.9000000004,-10.359281437125754,-9.999999999999998,4,3,
proxy,101490.KQ,2019-07-16,8590.0,93.93509285478382,2019-07-17,8530.0,1088.0,1088.0,False,7677.0,18561.28,9299201.28,2019-07-24,7677.0,STOP,16705.152000000002,-963330.4319999991,-10.35928143712574,-9.999999999999998,6,7,
proxy,033640.KQ,2019-05-14,22950.0,117.93176498640416,2019-05-15,23100.0,380.0,380.0,False,20790.0,17556.0,8795556.0,2019-07-29,29650.0,EXIT_MA,22534.0,2448910.0,27.84258323180479,28.354978354978357,52,75,2019-07-26
proxy,214150.KQ,2019-07-30,15200.0,193.75817393230696,2019-07-31,15400.0,601.0,601.0,False,13860.0,18510.8,9273910.8,2019-07-31,13860.0,STOP,16659.72,-960710.5200000005,-10.359281437125754,-9.999999999999998,1,0,
proxy,145020.KQ,2019-08-20,156955.0625,23.952471328494582,2019-08-21,154598.7344,58.0,58.0,False,139138.86096,17933.453190399996,8984660.048390398,2019-08-22,149886.0938,EXIT_MA,17386.786880800002,-308653.39487119764,-3.4353374886620545,-3.0483047731857615,1,1,2019-08-21
proxy,131970.KQ,2019-08-20,23950.0,68.55298212350547,2019-08-21,24150.0,386.0,386.0,False,21735.0,18643.8,9340543.8,2019-08-26,22000.0,EXIT_MA,16984.0,-865527.8000000007,-9.266353421521353,-8.902691511387161,3,5,2019-08-23
proxy,005290.KQ,2019-07-08,14000.0,49.50084441132944,2019-07-09,13800.0,648.0,648.0,False,12420.0,17884.8,8960284.8,2019-09-02,13750.0,EXIT_MA,17820.0,-68104.80000000075,-0.760074054788981,-0.36231884057971175,38,55,2019-08-30
proxy,033640.KQ,2019-08-20,33550.0,128.614069923102,2019-08-21,33350.0,275.0,275.0,False,30015.0,18342.5,9189592.5,2019-09-10,30015.0,STOP,16508.25,-951975.75,-10.359281437125748,-9.999999999999998,15,20,
proxy,178320.KQ,2019-09-03,12850.0,44.22703590987588,2019-09-04,12700.0,768.0,768.0,False,11430.0,19507.2,9773107.2,2019-09-11,12500.0,EXIT_MA,19200.0,-192307.19999999925,-1.9677181070928935,-1.5748031496062964,5,7,2019-09-10
proxy,126340.KQ,2019-09-10,12171.28027,50.51990358902938,2019-09-11,13958.9375,821.0,821.0,False,12563.04375,22920.575375,11483208.262875,2019-09-11,12563.04375,STOP,20628.517837500003,-1189577.861962499,-10.359281437125741,-9.999999999999998,1,0,
proxy,101490.KQ,2019-08-23,9920.0,129.4720291289861,2019-08-26,9720.0,940.0,940.0,False,8748.0,18273.600000000002,9155073.6,2019-09-16,8748.0,STOP,16446.24,-948399.8399999999,-10.359281437125748,-9.999999999999998,14,21,
proxy,089970.KQ,2019-09-06,7160.0,27.29147263943112,2019-09-09,7230.0,1448.0,1448.0,False,6507.0,20938.08,10489978.08,2019-09-24,6500.0,EXIT_MA,18824.0,-1096802.08,-10.455713745399933,-10.096818810511754,9,15,2019-09-23
proxy,099320.KQ,2019-08-22,20050.0,44.89521710829147,2019-08-23,21200.0,460.0,460.0,False,19080.0,19504.0,9771504.0,2019-09-30,19450.0,EXIT_MA,17894.0,-842398.0,-8.620965615937935,-8.25471698113207,24,38,2019-09-27
proxy,053800.KQ,2019-08-23,61000.0,28.241039637718067,2019-08-26,60700.0,152.0,152.0,False,54630.0,18452.8,9244852.8,2019-10-08,59200.0,EXIT_MA,17996.8,-264449.6000000015,-2.860506334941336,-2.471169686985175,28,43,2019-10-07
proxy,131970.KQ,2019-10-16,23275.0,57.21429388284476,2019-10-17,23025.0,424.0,424.0,False,20722.5,19525.2,9782125.2,2019-10-21,20722.5,STOP,17572.68,-1013357.879999999,-10.35928143712574,-9.999999999999998,3,4,
proxy,032500.KQ,2019-05-15,28000.0,133.3406199577707,2019-05-16,28200.0,330.0,330.0,False,25380.0,18612.0,9324612.0,2019-10-24,65600.0,EXIT_MA,43296.0,12280092.0,131.69547429962768,132.6241134751773,109,161,2019-10-23
proxy,218410.KQ,2019-08-23,31783.79297,48.5232314804105,2019-08-26,31393.80664,293.0,293.0,False,28254.425976,18396.770691039997,9216782.11621104,2019-10-28,36122.37891,EXIT_MA,21167.714041260002,1345907.190377701,14.602788407143066,15.062118220398135,41,63,2019-10-25
proxy,005290.KQ,2019-10-25,18800.0,80.29508097565868,2019-10-28,18850.0,520.0,520.0,False,16965.0,19604.0,9821604.0,2019-10-29,16965.0,STOP,17643.600000000002,-1017447.5999999996,-10.359281437125745,-9.999999999999998,2,1,
proxy,140410.KQ,2019-10-23,68100.0,124.50614774740471,2019-10-24,69366.66406,145.0,145.0,False,62429.997654,20116.3325774,10078282.6212774,2019-10-30,62429.997654,STOP,18104.69931966,-1044037.6607670598,-10.359281437125748,-9.999999999999998,5,6,
proxy,089970.KQ,2019-10-28,6740.0,18.620773003266585,2019-10-29,6740.0,1443.0,1443.0,False,6066.0,19451.64,9745271.64,2019-11-01,6550.0,EXIT_MA,18903.3,-312524.94000000134,-3.2069392372525116,-2.8189910979228516,3,3,2019-10-31
proxy,189300.KQ,2019-08-23,25660.47656,61.899385054385384,2019-08-26,25199.78516,363.0,363.0,False,22679.806644,18295.044026159998,9165817.05710616,2019-11-05,31004.48828,EXIT_MA,22509.25849128,2066302.9300425611,22.543575953663385,23.034732570712137,47,71,2019-11-04
proxy,263750.KQ,2019-10-30,43760.0,26.09461845552432,2019-10-31,43800.0,217.0,217.0,False,39420.0,19009.2,9523609.2,2019-11-07,39420.0,STOP,17108.28,-986577.4799999986,-10.359281437125736,-9.999999999999998,6,7,
proxy,213420.KQ,2019-08-21,19400.0,42.04666797315017,2019-08-22,19350.0,477.0,477.0,False,17415.0,18459.9,9248409.9,2019-11-11,21800.0,EXIT_MA,20797.2,1129392.9000000004,12.211752206181956,12.661498708010344,53,81,2019-11-08
proxy,178320.KQ,2019-10-16,13850.0,36.237030750739166,2019-10-17,14025.0,713.0,713.0,False,12622.5,19999.65,10019824.65,2019-11-11,13225.0,EXIT_MA,18858.850000000002,-609258.5,-6.0805305609814235,-5.704099821746878,17,25,2019-11-08
proxy,084370.KQ,2019-10-15,15050.0,35.26884065485184,2019-10-16,15200.0,655.0,655.0,False,13680.0,19912.0,9975912.0,2019-11-12,14200.0,EXIT_MA,18602.0,-693514.0,-6.951885702279652,-6.578947368421051,19,27,2019-11-11
proxy,039030.KQ,2019-07-18,67100.0,29.58805971969327,2019-07-19,68000.0,138.0,138.0,False,61200.0,18768.0,9402768.0,2019-11-15,89300.0,EXIT_MA,24646.8,2895985.1999999993,30.79928378537043,31.323529411764707,80,119,2019-11-14
proxy,140410.KQ,2019-11-05,71900.0,108.92843805881208,2019-11-06,73200.0,132.0,132.0,False,65880.0,19324.8,9681724.8,2019-11-18,64333.33203,STOP,16983.99965592,-1206708.9716959205,-12.46378095456628,-12.1129343852459,9,12,
proxy,222800.KQ,2019-11-19,11159.14258,64.56655722646991,2019-11-20,10967.56934,866.0,866.0,False,9870.812406000001,18995.83009688,9516910.87853688,2019-11-27,9870.812406000001,STOP,17096.247087192,-985883.5820280705,-10.359281437125732,-9.999999999999986,6,7,
proxy,240810.KQ,2019-10-15,31100.0,51.74744491194117,2019-10-16,31500.0,317.0,317.0,False,28350.0,19971.0,10005471.0,2019-11-28,30300.0,EXIT_MA,19210.2,-419581.19999999925,-4.193517726451851,-3.809523809523807,31,43,2019-11-27
proxy,053800.KQ,2019-11-11,67700.0,31.73353676993939,2019-11-12,67700.0,136.0,136.0,False,60930.0,18414.4,9225614.4,2019-11-29,63000.0,EXIT_MA,17136.0,-674750.4000000004,-7.313880363350113,-6.9423929098966,13,17,2019-11-28
proxy,102710.KQ,2019-10-17,24050.0,53.062398280321155,2019-10-18,23850.0,11.0,412.0,True,21465.0,524.7,262874.7,2019-12-02,23100.0,EXIT_MA,508.2,-9282.900000000023,-3.5313021755231757,-3.1446540880503138,31,45,2019-11-29
proxy,214150.KQ,2019-11-08,16200.0,130.15160999166488,2019-11-11,16250.0,573.0,573.0,False,14625.0,18622.5,9329872.5,2019-12-02,14625.0,STOP,16760.25,-966507.75,-10.359281437125748,-9.999999999999998,16,21,
proxy,031330.KQ,2019-11-18,2390.0,27.130755282137493,2019-11-19,2395.0,3996.0,3996.0,False,2155.5,19140.84,9589560.84,2019-12-06,2220.0,EXIT_MA,17742.24,-736183.0800000001,-7.676921730651433,-7.306889352818368,13,17,2019-12-05
proxy,005290.KQ,2019-12-17,16850.0,56.09728141153473,2019-12-18,17000.0,562.0,562.0,False,15300.0,19108.0,9573108.0,2019-12-24,15850.0,EXIT_MA,17815.4,-683223.4000000004,-7.1369026652577245,-6.764705882352939,4,6,2019-12-23
proxy,161580.KQ,2019-11-15,10000.0,27.95798599801646,2019-11-18,10250.0,941.0,941.0,False,9225.0,19290.5,9664540.5,2019-12-26,9610.0,EXIT_MA,18086.02,-639616.5199999996,-6.618178277591155,-6.243902439024396,27,38,2019-12-24
proxy,218410.KQ,2020-01-02,38169.80078,24.889248824570227,2020-01-03,37341.08203,1.0,257.0,True,33606.973827,74.68216405999999,37415.76419406,2020-01-07,33606.973827,STOP,67.21394765400001,-3876.0043147140022,-10.359281437125754,-9.999999999999986,3,4,
proxy,124500.KQ,2019-11-27,6370.0,48.348799637837324,2019-11-28,6410.0,1452.0,1452.0,False,5769.0,18614.64,9325934.64,2020-01-20,6120.0,EXIT_MA,17772.48,-457467.12000000104,-4.90532196138146,-4.524180967238689,34,53,2020-01-17
proxy,161580.KQ,2020-01-06,11200.0,48.958029743673094,2020-01-07,11150.0,2.0,888.0,True,10035.0,44.6,22344.6,2020-01-28,10035.0,STOP,40.14,-2314.739999999998,-10.359281437125741,-9.999999999999998,14,21,
proxy,095610.KQ,2020-01-17,27450.0,57.0904708858452,2020-01-20,28000.0,316.0,380.0,True,25200.0,17696.0,8865696.0,2020-01-28,24700.0,STOP,15610.4,-1076106.4000000004,-12.137867122897067,-11.785714285714288,5,8,
proxy,178320.KQ,2019-12-16,14025.0,37.319645563290194,2019-12-17,14075.0,666.0,666.0,False,12667.5,18747.9,9392697.9,2020-02-03,13325.0,EXIT_MA,17748.9,-535996.8000000007,-5.706526556123994,-5.328596802841923,29,48,2020-01-31
proxy,237690.KQ,2020-02-04,31000.0,74.77218550703422,2020-02-05,31800.0,277.0,359.0,True,28620.0,17617.2,8826217.2,2020-02-10,28620.0,STOP,15855.48,-914332.6799999997,-10.359281437125746,-9.999999999999998,4,5,
proxy,096530.KQ,2019-12-19,14750.0,41.73783161761781,2019-12-20,14775.0,3.0,641.0,True,13297.5,88.65,44413.65,2020-02-18,16000.0,EXIT_MA,96.0,3490.3499999999985,7.858732619363638,8.291032148900168,37,60,2020-02-17
proxy,240810.KQ,2019-12-13,34700.0,47.60145722454068,2019-12-16,34800.0,262.0,262.0,False,31320.0,18235.2,9135835.2,2020-02-24,33650.0,EXIT_MA,17632.600000000002,-337167.7999999989,-3.690607291164785,-3.3045977011494254,45,70,2020-02-21
proxy,102710.KQ,2019-12-17,26800.0,55.298089009215175,2019-12-18,26800.0,353.0,353.0,False,24120.0,18920.8,9479320.8,2020-02-24,26200.0,EXIT_MA,18497.2,-249218.0,-2.629070217773408,-2.238805970149249,43,68,2020-02-21
proxy,086450.KQ,2019-10-16,13700.0,15.126110091743072,2019-10-17,13820.0,720.0,720.0,False,12438.0,19900.8,9970300.8,2020-02-25,17900.0,EXIT_MA,25776.0,2891923.1999999993,29.005375645236292,29.522431259044858,88,131,2020-02-24
proxy,077360.KQ,2019-11-13,3125.0,22.200818100399907,2019-11-14,3260.0,2957.0,2957.0,False,2934.0,19279.64,9659099.64,2020-02-25,3745.0,EXIT_MA,22147.93,1392717.4299999997,14.418708595079774,14.877300613496924,68,103,2020-02-24
proxy,039030.KQ,2019-12-27,102600.0,60.75505854099256,2019-12-30,101400.0,82.0,93.0,True,91260.0,16629.6,8331429.6,2020-02-25,100100.0,EXIT_MA,16416.4,-139646.0,-1.6761349096678437,-1.2820512820512775,37,57,2020-02-24
proxy,031330.KQ,2020-01-29,2530.0,28.31379546398039,2020-01-30,2520.0,13.0,4341.0,True,2268.0,65.52,32825.52,2020-02-25,2330.0,EXIT_MA,60.58,-2596.0999999999985,-7.908785603396379,-7.539682539682535,18,26,2020-02-24
proxy,189300.KQ,2020-02-21,34920.35938,57.991851789582995,2020-02-24,33952.91016,336.0,336.0,False,30557.619144,22816.35562752,11430994.16938752,2020-02-27,30557.619144,STOP,20534.720064768,-1184168.8570682872,-10.359281437125741,-9.999999999999998,4,3,
proxy,036830.KQ,2019-12-17,70715.78906,49.58630521957284,2019-12-18,71237.03906,12.0,134.0,True,64113.335154,1709.68893744,856554.15765744,2020-02-28,76015.13281,EXIT_MA,1824.36318744,53803.07287511998,6.281339293508786,6.707316605306413,47,72,2020-02-27
proxy,067310.KQ,2020-01-09,4135.86377,51.251843541230755,2020-01-10,4156.17041,10.0,2491.0,True,3740.5533689999997,83.12340819999999,41644.8275082,2020-02-28,3959.869385,EXIT_MA,79.1973877,-2125.3310458999986,-5.10346944162877,-4.723122625763554,33,49,2020-02-27
proxy,237690.KQ,2020-02-26,33000.0,73.2175778983265,2020-02-27,33100.0,344.0,344.0,False,29790.0,22772.8,11409172.8,2020-02-28,29790.0,STOP,20495.52,-1181908.3200000003,-10.35928143712575,-9.999999999999998,2,1,
proxy,131970.KQ,2020-01-28,34150.0,98.1361644070195,2020-01-29,34800.0,223.0,324.0,True,31320.0,15520.800000000001,7775920.8,2020-03-10,31320.0,STOP,13968.720000000001,-805529.5199999996,-10.359281437125743,-9.999999999999998,30,41,
proxy,084370.KQ,2020-02-12,19850.0,53.417797696262625,2020-02-13,20100.0,393.0,587.0,True,18090.0,15798.6,7915098.6,2020-03-10,18090.0,STOP,14218.74,-819947.3399999999,-10.359281437125748,-9.999999999999998,19,26,
proxy,058470.KQ,2020-02-17,17600.0,61.10855659211495,2020-02-18,17480.0,3.0,679.0,True,15732.0,104.88,52544.88,2020-03-10,15720.0,STOP,94.32000000000001,-5479.199999999997,-10.427657271269812,-10.068649885583525,16,21,
proxy,290650.KQ,2020-03-05,18800.0,159.4389369422735,2020-03-06,18666.66602,588.0,588.0,False,16799.999418,21951.999239520002,10997951.61899952,2020-03-10,16799.999418,STOP,19756.799315568,-1139308.7605310883,-10.359281437125752,-10.000000000000009,3,4,
proxy,237690.KQ,2020-03-05,35050.0,71.69362323169534,2020-03-06,34700.0,315.0,315.0,False,31230.0,21861.0,10952361.0,2020-03-11,31230.0,STOP,19674.9,-1134585.9000000004,-10.359281437125752,-9.999999999999998,4,5,
proxy,096530.KQ,2020-03-10,27350.0,121.05622003191294,2020-03-11,31350.0,382.0,382.0,False,28215.0,23951.4,11999651.4,2020-03-11,28215.0,STOP,21556.260000000002,-1243077.6600000001,-10.359281437125748,-9.999999999999998,1,0,
proxy,036540.KQ,2019-10-15,3040.0,62.19869018593454,2019-10-16,3045.0,3243.0,3243.0,False,2740.5,19749.87,9894684.87,2020-03-12,5190.0,EXIT_MA,33662.340000000004,6902822.790000001,69.76293717982756,70.44334975369458,101,148,2020-03-11
proxy,083450.KQ,2019-10-25,7450.0,30.785022582907708,2019-10-28,7470.0,1312.0,1312.0,False,6723.0,19601.28,9820241.28,2020-03-12,14000.0,EXIT_MA,36736.0,8511022.72,86.66816300464669,87.41633199464525,93,136,2020-03-11
proxy,101490.KQ,2019-12-12,10000.0,69.30720708628111,2019-12-13,10100.0,903.0,903.0,False,9090.0,18240.600000000002,9138540.6,2020-03-12,15750.0,EXIT_MA,28444.5,5055264.9,55.318076717851426,55.940594059405946,59,90,2020-03-11
proxy,137400.KQ,2019-12-16,7330.0,32.17630705011495,2019-12-17,7330.0,1274.0,1274.0,False,6597.0,18676.84,9357096.84,2020-03-13,8190.0,EXIT_MA,20868.12,1056095.040000001,11.286567383650173,11.732605729877221,58,87,2020-03-12
proxy,196170.KQ,2020-02-06,17585.4707,124.39724721906853,2020-02-07,17350.42773,1.0,628.0,True,15615.384957,34.70085546,17385.12858546,2020-03-13,15576.92285,STOP,31.1538457,-1839.359581159999,-10.580074643211681,-10.221678148795698,26,35,
proxy,222080.KQ,2020-01-20,2860.0,17.7057553061644,2020-01-21,2850.0,2.0,3760.0,True,2565.0,11.4,5711.4,2020-03-16,3480.0,EXIT_MA,13.92,1234.6800000000003,21.617816997583787,22.10526315789474,37,55,2020-03-13
proxy,213420.KQ,2019-12-26,25450.0,42.73323611220302,2019-12-27,25800.0,368.0,368.0,False,23220.0,18988.8,9513388.8,2020-03-17,28000.0,EXIT_MA,20608.0,770003.1999999993,8.093889739900037,8.52713178294573,53,81,2020-03-16
proxy,096530.KQ,2020-03-27,57950.0,367.43234997611427,2020-03-30,63300.0,167.0,167.0,False,56970.0,21142.2,10592242.2,2020-03-30,56970.0,STOP,19027.98,-1097280.1799999997,-10.359281437125746,-9.999999999999998,1,0,
proxy,253450.KQ,2020-04-02,81800.0,22.757548267422568,2020-04-03,81800.0,118.0,118.0,False,73620.0,19304.8,9671704.8,2020-04-08,76000.0,EXIT_MA,17936.0,-721640.8000000007,-7.461360896788339,-7.090464547677266,3,5,2020-04-07
proxy,237690.KQ,2020-04-06,39200.0,92.2052901643927,2020-04-07,39200.0,249.0,249.0,False,35280.0,19521.600000000002,9780321.6,2020-04-13,35280.0,STOP,17569.44,-1013171.0399999991,-10.35928143712574,-9.999999999999998,5,6,
proxy,101490.KQ,2020-04-07,17900.0,116.03126524240761,2020-04-08,17650.0,545.0,545.0,False,15885.0,19238.5,9638488.5,2020-04-14,17000.0,EXIT_MA,18530.0,-392018.5,-4.067219668312101,-3.682719546742208,4,6,2020-04-13
proxy,222080.KQ,2020-04-16,3975.0,63.20535258345023,2020-04-17,4120.0,2461.0,2461.0,False,3708.0,20278.64,10159598.64,2020-04-21,3708.0,STOP,18250.776,-1052461.4160000011,-10.359281437125759,-9.999999999999998,3,4,
proxy,253450.KQ,2020-04-16,84800.0,16.96089646412653,2020-04-17,85700.0,115.0,115.0,False,77130.0,19711.0,9875211.0,2020-04-21,77130.0,STOP,17739.9,-1023000.9000000004,-10.359281437125752,-9.999999999999998,3,4,
proxy,039200.KQ,2020-05-11,24843.74805,18.838584106913107,2020-05-12,24987.07812,418.0,418.0,False,22488.370307999998,20889.19730832,10465487.85146832,2020-05-14,22488.370307999998,STOP,18800.277577488,-1084149.340301808,-10.359281437125748,-9.999999999999998,3,2,
proxy,093320.KQ,2020-03-30,47800.0,56.00833192356271,2020-03-31,49150.0,201.0,201.0,False,44235.0,19758.3,9898908.3,2020-06-04,58500.0,EXIT_MA,23517.0,1836074.6999999993,18.54825445751426,19.02339776195321,43,65,2020-06-03
proxy,036540.KQ,2020-05-07,5690.0,68.96165335282718,2020-05-08,5850.0,1776.0,1776.0,False,5265.0,20779.2,10410379.2,2020-06-11,5265.0,STOP,18701.28,-1078440.4799999986,-10.359281437125736,-9.999999999999998,25,34,
proxy,253590.KQ,2020-06-03,2625.0,67.46372097135348,2020-06-04,2605.0,4495.0,4645.0,True,2344.5,23418.95,11732893.95,2020-06-12,2300.0,STOP,20677.0,-1415070.9499999993,-12.06071542136456,-11.708253358925147,7,8,
proxy,213420.KQ,2020-04-29,31300.0,45.67775239199395,2020-05-04,30500.0,306.0,306.0,False,27450.0,18666.0,9351666.0,2020-06-16,31200.0,EXIT_MA,19094.4,176439.59999999963,1.8867183665455933,2.2950819672131084,30,43,2020-06-15
proxy,089030.KQ,2020-04-29,7625.0,13.214167201449756,2020-05-04,7525.0,1257.0,1257.0,False,6772.5,18917.850000000002,9477842.85,2020-06-16,8250.0,EXIT_MA,20740.5,871666.6500000004,9.196888614796988,9.63455149501662,30,43,2020-06-15
proxy,298380.KQ,2020-06-16,33200.0,55.804276261285935,2020-06-17,32700.0,366.0,366.0,False,29430.0,23936.4,11992136.4,2020-06-30,29430.0,STOP,21542.760000000002,-1242299.1600000001,-10.359281437125748,-9.999999999999998,10,13,
proxy,036810.KQ,2020-06-17,25830.80078,272.8172302231772,2020-06-18,26467.99414,297.0,470.0,True,23821.194725999998,15721.988519159999,7876716.248099159,2020-07-01,23821.194725999998,STOP,14149.789667243998,-815971.2041444043,-10.359281437125754,-10.000000000000009,10,13,
proxy,290650.KQ,2020-04-10,18966.66602,138.6495348405093,2020-04-13,19666.66602,510.0,510.0,False,17699.999418,20059.999340399998,10050059.6695404,2020-07-16,33333.33203,EXIT_MA,33999.9986706,6915939.6670889985,68.81491149798589,69.4915243697213,64,94,2020-07-15
proxy,064760.KQ,2020-04-09,70000.0,23.5349440706825,2020-04-10,70100.0,138.0,138.0,False,63090.0,19347.600000000002,9693147.6,2020-07-21,90600.0,EXIT_MA,25005.600000000002,2784646.8000000007,28.72799337131729,29.243937232524964,68,102,2020-07-20
proxy,083450.KQ,2020-05-06,15050.0,64.58082778202645,2020-05-07,14900.0,653.0,653.0,False,13410.0,19459.4,9749159.4,2020-07-27,19500.0,EXIT_MA,25467.0,2958873.5999999996,30.350038178676197,30.87248322147651,57,81,2020-07-24
proxy,068760.KQ,2020-05-13,68519.38281,101.2362810310183,2020-05-14,67390.82812,95.0,153.0,True,60651.745308000005,12804.257342800001,6414932.9287428,2020-07-30,95282.25,EXIT_MA,18103.6275,2618777.1937572006,40.823142234636414,41.38756364639846,55,77,2020-07-29
proxy,126340.KQ,2020-07-15,29287.14258,105.77995017575425,2020-07-16,30998.72852,479.0,479.0,False,27898.855668,29696.78192216,14878087.74300216,2020-07-30,27898.855668,STOP,26727.103729944003,-1541262.9817601033,-10.359281437125743,-9.999999999999998,11,14,
proxy,053610.KQ,2020-07-31,28900.0,53.899443849415164,2020-08-03,28500.0,1.0,540.0,True,25650.0,57.0,28557.0,2020-08-12,25650.0,STOP,51.300000000000004,-2958.2999999999993,-10.359281437125746,-9.999999999999998,8,9,
proxy,089970.KQ,2020-07-01,14900.0,106.34669883061174,2020-07-02,14900.0,847.0,847.0,False,13410.0,25240.600000000002,12645540.6,2020-08-14,13950.0,EXIT_MA,23631.3,-853521.9000000004,-6.749588072177795,-6.375838926174493,31,43,2020-08-13
proxy,096530.KQ,2020-07-29,119100.0,539.8571307379323,2020-07-30,119500.0,75.0,126.0,True,107550.0,17925.0,8980425.0,2020-08-14,107550.0,STOP,16132.5,-930307.5,-10.359281437125748,-9.999999999999998,12,15,
proxy,140860.KQ,2020-07-30,61300.0,35.04352087109828,2020-07-31,62000.0,215.0,251.0,True,55800.0,26660.0,13356660.0,2020-08-14,55800.0,STOP,23994.0,-1383654.0,-10.359281437125748,-9.999999999999998,11,14,
proxy,064290.KQ,2020-06-19,12800.0,109.46397333091656,2020-06-22,12650.0,1.0,983.0,True,11385.0,25.3,12675.3,2020-08-18,13300.0,EXIT_MA,26.6,598.1000000000004,4.718625989128466,5.138339920948609,40,57,2020-08-14
proxy,059090.KQ,2020-07-27,15750.0,117.56198850192862,2020-07-28,16200.0,1.0,947.0,True,14580.0,32.4,16232.4,2020-08-18,14580.0,STOP,29.16,-1681.5599999999995,-10.359281437125746,-9.999999999999998,15,21,
proxy,077360.KQ,2020-08-05,4260.0,6.632146169402542,2020-08-06,4280.0,4.0,3756.0,True,3852.0,34.24,17154.24,2020-08-18,3852.0,STOP,30.816,-1777.0560000000023,-10.35928143712576,-9.999999999999998,8,12,
proxy,086520.KQ,2020-08-12,9896.473633,74.96994463661075,2020-08-13,9929.535156,2.0,1608.0,True,8936.5816404,39.718140624,19898.788452624,2020-08-18,8936.5816404,STOP,35.7463265616,-2061.3714983856007,-10.359281437125752,-9.999999999999998,3,5,
proxy,036540.KQ,2020-07-20,5550.0,21.034463999708127,2020-07-21,5590.0,2228.0,2470.0,True,5031.0,24909.04,12479429.04,2020-08-19,5360.0,EXIT_MA,23884.16,-561233.1999999993,-4.49726664738501,-4.114490161001793,20,29,2020-08-18
proxy,095340.KQ,2020-07-15,20800.0,99.09235876508511,2020-07-16,20800.0,100.0,675.0,True,18720.0,4160.0,2084160.0,2020-08-20,18720.0,STOP,3744.0,-215904.0,-10.359281437125748,-9.999999999999998,25,35,
proxy,084370.KQ,2020-06-12,24500.0,50.270999090434465,2020-06-15,24000.0,430.0,503.0,True,21600.0,20640.0,10340640.0,2020-08-21,28850.0,EXIT_MA,24811.0,2040049.0,19.728459747172323,20.20833333333334,48,67,2020-08-20
proxy,319660.KQ,2020-07-01,14025.0,41.723049255663796,2020-07-02,14150.0,364.0,900.0,True,12735.0,10301.2,5160901.2,2020-08-24,13525.0,EXIT_MA,9846.2,-247647.40000000037,-4.798530148184204,-4.416961130742047,36,53,2020-08-21
proxy,064760.KQ,2020-08-19,109000.0,39.69857642150598,2020-08-20,109000.0,141.0,141.0,False,98100.0,30738.0,15399738.0,2020-08-24,98100.0,STOP,27664.2,-1595302.1999999993,-10.359281437125743,-9.999999999999998,3,4,
proxy,101490.KQ,2020-04-29,20950.0,113.92836661871488,2020-05-04,20350.0,457.0,457.0,False,18315.0,18599.9,9318549.9,2020-09-08,42650.0,EXIT_MA,38982.1,10133517.999999998,108.74565365583327,109.58230958230959,89,127,2020-09-07
proxy,086450.KQ,2020-04-22,19840.0,42.721012316709526,2020-04-23,19580.0,489.0,489.0,False,17622.0,19149.24,9593769.24,2020-09-16,29650.0,EXIT_MA,28997.7,4876083.0600000005,50.82551954314049,51.43003064351379,100,146,2020-09-15
proxy,059090.KQ,2020-09-07,19600.0,158.35458264508407,2020-09-08,20150.0,834.0,834.0,False,18135.0,33610.2,16838710.2,2020-09-16,18100.0,STOP,30190.8,-1773501.0,-10.532285305319881,-10.173697270471461,7,8,
proxy,032500.KQ,2020-09-07,86600.0,21.84732529139729,2020-09-08,88500.0,29.0,188.0,True,79650.0,5133.0,2571633.0,2020-09-21,79650.0,STOP,4619.7,-266402.7000000002,-10.359281437125755,-9.999999999999998,10,13,
proxy,131290.KQ,2020-04-23,12950.0,31.45929955600113,2020-04-24,12900.0,756.0,756.0,False,11610.0,19504.8,9771904.8,2020-09-22,35450.0,EXIT_MA,53600.4,16974694.8,173.70917080567548,174.80620155038758,103,151,2020-09-21
proxy,196170.KQ,2020-05-06,26752.13672,176.41456985671965,2020-05-07,26880.3418,367.0,367.0,False,24192.30762,19730.170881199996,9884815.611481199,2020-09-23,80683.75781,EXIT_MA,59221.878232539995,19666901.626556262,198.96073330607388,200.1589727181222,98,139,2020-09-22
proxy,232140.KQ,2020-07-08,4485.0,30.220769199904616,2020-07-09,4575.0,1.0,3087.0,True,4117.5,9.15,4584.15,2020-09-23,5200.0,EXIT_MA,10.4,605.4500000000007,13.207464851717345,13.661202185792343,53,76,2020-09-22
proxy,214450.KQ,2020-08-14,64400.0,31.79673993206795,2020-08-18,64500.0,235.0,235.0,False,58050.0,30315.0,15187815.0,2020-09-23,64000.0,EXIT_MA,30080.0,-177895.0,-1.1713008092342447,-0.7751937984496138,26,36,2020-09-22
proxy,141080.KQ,2020-09-15,65300.0,77.23234922062147,2020-09-16,64100.0,225.0,256.0,True,57690.0,28845.0,14451345.0,2020-09-23,57690.0,STOP,25960.5,-1497055.5,-10.359281437125748,-9.999999999999998,6,7,
proxy,226950.KQ,2020-09-16,31700.0,33.015367597798765,2020-09-17,31500.0,477.0,527.0,True,28350.0,30051.0,15055551.0,2020-09-23,28350.0,STOP,27045.9,-1559646.9000000004,-10.359281437125752,-9.999999999999998,5,6,
proxy,126340.KQ,2020-08-26,32558.17383,107.18178707545994,2020-08-27,32596.20898,468.0,468.0,False,29336.588082,30510.05160528,15285535.85424528,2020-09-24,30238.02344,EXIT_MA,28302.78993984,-1162443.6742651202,-7.604860472995931,-7.234539272486895,20,28,2020-09-23
proxy,086520.KQ,2020-08-31,10381.37793,75.02880243798995,2020-09-01,10513.625,411.0,1530.0,True,9462.2625,8642.19975,4329742.07475,2020-09-24,9462.2625,STOP,7777.979775000001,-448530.1670249994,-10.359281437125736,-9.999999999999998,18,23,
proxy,253590.KQ,2020-09-11,3185.0,65.39885995173029,2020-09-14,3185.0,2.0,5216.0,True,2866.5,12.74,6382.74,2020-09-25,3095.0,EXIT_MA,12.38,-205.1199999999999,-3.2136668578071474,-2.8257456828885363,9,11,2020-09-24
proxy,122870.KQ,2020-08-13,48250.0,40.166308692636875,2020-08-14,48450.0,243.0,324.0,True,43605.0,23546.7,11796896.7,2020-10-12,50200.0,EXIT_MA,24397.2,377306.1000000015,3.198350461100516,3.611971104231171,36,59,2020-10-08
proxy,131970.KQ,2020-07-24,37300.0,26.255107559535546,2020-07-27,38000.0,333.0,387.0,True,34200.0,25308.0,12679308.0,2020-10-13,43450.0,EXIT_MA,28937.7,1760604.3000000007,13.885649753125334,14.34210526315789,51,78,2020-10-12
proxy,000250.KQ,2020-10-08,62800.0,48.74422642562048,2020-10-12,63400.0,237.0,237.0,False,57060.0,30051.600000000002,15055851.6,2020-10-13,57060.0,STOP,27046.440000000002,-1559678.039999999,-10.359281437125743,-9.999999999999998,2,1,
proxy,290650.KQ,2020-10-06,51866.66797,264.3549753772751,2020-10-07,51166.66797,292.0,292.0,False,46050.001173000004,29881.33409448,14970548.38133448,2020-10-14,46050.001173000004,STOP,26893.200685032003,-1550841.2395035103,-10.359281437125738,-9.999999999999998,5,7,
proxy,137400.KQ,2020-05-14,10800.0,52.82278569782686,2020-05-15,11200.0,837.0,963.0,True,10080.0,18748.8,9393148.8,2020-10-16,20950.0,EXIT_MA,35070.3,8106930.8999999985,86.30685058454517,87.05357142857142,105,154,2020-10-15
proxy,319660.KQ,2020-09-21,16100.0,27.838165864498478,2020-09-22,16000.0,988.0,988.0,False,14400.0,31616.0,15839616.0,2020-10-16,14400.0,STOP,28454.4,-1640870.4000000004,-10.35928143712575,-9.999999999999998,15,24,
proxy,226950.KQ,2020-09-29,34100.0,43.95180925627961,2020-10-05,34000.0,445.0,445.0,False,30600.0,30260.0,15160260.0,2020-10-16,30600.0,STOP,27234.0,-1570494.0,-10.359281437125748,-9.999999999999998,9,11,
proxy,082920.KQ,2020-10-12,9300.0,3.1267124923658853,2020-10-13,9325.0,1584.0,1584.0,False,8392.5,29541.600000000002,14800341.6,2020-10-19,8725.0,EXIT_MA,27640.8,-1007582.4000000004,-6.807832057065497,-6.434316353887404,4,6,2020-10-16
proxy,237690.KQ,2020-06-11,39850.0,49.11124055655252,2020-06-12,38200.0,243.0,307.0,True,34380.0,18565.2,9301165.2,2020-10-22,64300.0,EXIT_MA,31249.8,6292485.0,67.65265280956412,68.32460732984293,89,132,2020-10-21
proxy,095340.KQ,2020-10-08,21250.0,50.983527467458856,2020-10-12,21400.0,701.0,701.0,False,19260.0,30002.8,15031402.8,2020-10-22,19260.0,STOP,27002.52,-1557145.3200000003,-10.35928143712575,-9.999999999999998,9,10,
proxy,145020.KQ,2020-10-22,223158.1094,36.1540394203877,2020-10-23,223158.1094,62.0,62.0,False,200842.29846,27671.6055656,13863474.388365598,2020-10-26,200842.29846,STOP,24904.44500904,-1436156.328854639,-10.359281437125743,-9.999999999999998,2,3,
proxy,127120.KQ,2020-06-26,5615.092285,51.49778873377324,2020-06-29,5671.525391,1.0,2332.0,True,5104.372851900001,11.343050782,5682.868441782,2020-10-27,17682.36914,EXIT_MA,35.36473828,11964.135959937998,210.52987734106958,211.77448606788752,81,120,2020-10-26
proxy,093320.KQ,2020-08-24,73200.0,41.692139284043265,2020-08-25,72600.0,203.0,203.0,False,65340.0,29475.600000000002,14767275.6,2020-10-27,81700.0,EXIT_MA,33170.2,1784654.2000000011,12.085195999186208,12.534435261707987,41,63,2020-10-26
proxy,039200.KQ,2020-09-08,37313.39844,34.085744070577476,2020-09-09,36692.30469,1.0,438.0,True,33023.074220999995,73.38460938,36765.68929938,2020-10-27,36978.96484,EXIT_MA,73.95792968,139.31761094000103,0.37893376567905235,0.7812541414933927,30,48,2020-10-26
proxy,102710.KQ,2020-11-05,43350.0,14.676950997884669,2020-11-06,43350.0,320.0,320.0,False,39015.0,27744.0,13899744.0,2020-11-12,40900.0,EXIT_MA,26176.0,-837920.0,-6.028312463884227,-5.651672433679355,4,6,2020-11-11
proxy,119850.KQ,2020-11-09,7180.0,26.861949535955144,2020-11-10,6780.0,1943.0,1943.0,False,6102.0,26347.08,13199887.08,2020-11-13,6150.0,EXIT_MA,23898.9,-1274335.9800000004,-9.65414304135093,-9.292035398230091,3,3,2020-11-12
proxy,086450.KQ,2020-11-11,27200.0,19.21322751233274,2020-11-12,27950.0,510.0,510.0,False,25155.0,28509.0,14283009.0,2020-11-13,26650.0,EXIT_MA,27183.0,-718692.0,-5.0317968713735315,-4.651162790697672,1,1,2020-11-12
proxy,065350.KQ,2020-11-10,7140.0,95.36351989611785,2020-11-11,7050.0,1948.0,1948.0,False,6345.0,27466.8,13760866.8,2020-11-13,6345.0,STOP,24720.12,-1425526.92,-10.359281437125748,-9.999999999999998,3,2,
proxy,043260.KQ,2020-11-05,1375.0,73.1097842458589,2020-11-06,1275.0,10112.0,10112.0,False,1147.5,25785.600000000002,12918585.6,2020-11-17,1147.5,STOP,23207.04,-1338272.6399999987,-10.35928143712574,-9.999999999999998,8,11,
proxy,214150.KQ,2020-11-12,16650.0,3.5307668333968922,2020-11-13,16650.0,825.0,825.0,False,14985.0,27472.5,13763722.5,2020-11-25,14985.0,STOP,24725.25,-1425822.75,-10.359281437125748,-9.999999999999998,9,12,
proxy,067310.KQ,2020-11-16,5895.805664,33.264536985042994,2020-11-17,5787.501465,2347.0,2347.0,False,5208.751318500001,27166.531876710003,13610432.47023171,2020-11-26,5577.662109,EXIT_MA,26181.545939646,-545841.0463483576,-4.010460707565342,-3.6257330951708133,7,9,2020-11-25
proxy,058470.KQ,2020-11-16,25700.0,30.072568093800157,2020-11-17,25900.0,58.0,538.0,True,23310.0,3004.4,1505204.4,2020-12-01,24640.0,EXIT_MA,2858.2400000000002,-78942.6399999999,-5.244645843448232,-4.86486486486486,10,14,2020-11-30
proxy,090710.KQ,2020-11-17,2110.0,139.61287485643751,2020-11-18,2115.0,5468.0,6549.0,True,1903.5,23129.64,11587949.64,2020-12-04,1855.0,STOP,20286.28,-1465095.92,-12.643271376868013,-12.29314420803782,13,16,
proxy,226950.KQ,2020-11-26,54950.0,151.13440983755342,2020-11-27,55150.0,197.0,270.0,True,49635.0,21729.100000000002,10886279.1,2020-12-04,49635.0,STOP,19556.19,-1127740.289999999,-10.359281437125741,-9.999999999999998,6,7,
proxy,253590.KQ,2020-12-02,3830.0,71.94053961047236,2020-12-03,3870.0,2.0,3932.0,True,3483.0,15.48,7755.48,2020-12-14,3483.0,STOP,13.932,-803.4119999999994,-10.359281437125741,-9.999999999999998,8,11,
proxy,064290.KQ,2020-11-30,14550.0,55.69494206841008,2020-12-01,14550.0,98.0,1016.0,True,13095.0,2851.8,1428751.8,2020-12-15,13095.0,STOP,2566.62,-148008.42000000016,-10.35928143712576,-9.999999999999998,11,14,
proxy,039200.KQ,2020-11-05,51216.34375,110.03351482298906,2020-11-06,51598.55469,271.0,271.0,False,46438.699220999995,27966.416641980002,14011174.73763198,2021-01-07,44145.42969,STOP,23926.82289198,-2071690.1145339608,-14.78598442548648,-14.444445284907259,42,62,
proxy,126340.KQ,2021-01-07,47365.29688,86.13280118729622,2021-01-08,47445.17188,251.0,334.0,True,42700.654692000004,23817.47628376,11932555.61816376,2021-01-11,42700.654692000004,STOP,21435.728655384002,-1236127.0191271454,-10.35928143712576,-9.999999999999998,2,3,
proxy,101490.KQ,2020-11-16,38950.0,78.35037798959802,2020-11-17,38500.0,355.0,355.0,False,34650.0,27335.0,13694835.0,2021-01-14,40400.0,EXIT_MA,28684.0,618481.0,4.516162480234336,4.935064935064926,39,58,2021-01-13
proxy,068760.KQ,2020-11-11,104149.4688,88.13497986560213,2020-11-12,102376.0234,133.0,133.0,False,92138.42106000001,27232.022224400003,13643243.134424401,2021-01-18,152524.1562,EXIT_MA,40571.4255492,6601898.214626396,48.389507902036854,48.984255428698354,44,67,2021-01-15
proxy,232140.KQ,2020-11-04,5640.0,27.253673551238577,2020-11-05,5770.0,2451.0,2451.0,False,5193.0,28284.54,14170554.54,2021-01-19,5940.0,EXIT_MA,29117.88,359267.5800000001,2.5353106611733214,2.9462738301559765,50,75,2021-01-18
proxy,319660.KQ,2020-11-16,18625.0,42.348593864531956,2020-11-17,18400.0,743.0,743.0,False,16560.0,27342.4,13698542.4,2021-01-19,18500.0,EXIT_MA,27491.0,19466.599999999627,0.14210709016748838,0.5434782608695565,42,63,2021-01-18
proxy,102710.KQ,2020-12-15,46050.0,22.32678004113499,2020-12-16,46000.0,27.0,327.0,True,41400.0,2484.0,1244484.0,2021-01-19,42400.0,EXIT_MA,2289.6,-101973.6000000001,-8.194046689230243,-7.826086956521738,21,34,2021-01-18
proxy,253590.KQ,2021-01-05,4060.0,78.14207169271792,2021-01-06,4140.0,1.0,4065.0,True,3726.0,8.28,4148.28,2021-01-19,3726.0,STOP,7.452,-429.73199999999997,-10.359281437125748,-9.999999999999998,10,13,
proxy,145020.KQ,2021-01-14,220113.6562,9.873147030389712,2021-01-15,220418.1094,64.0,70.0,True,198376.29846,28213.5180032,14134972.519603198,2021-01-27,198376.29846,STOP,25392.16620288,-1464281.5843660794,-10.359281437125746,-9.999999999999998,9,12,
proxy,005290.KQ,2020-11-12,30950.0,27.44067016403216,2020-11-13,30600.0,443.0,443.0,False,27540.0,27111.600000000002,13582911.6,2021-01-28,32250.0,EXIT_MA,28573.5,675264.9000000004,4.97142968964033,5.392156862745101,51,76,2021-01-27
proxy,078600.KQ,2021-01-11,53100.0,89.23660278721677,2021-01-12,51700.0,206.0,296.0,True,46530.0,21300.4,10671500.4,2021-01-28,46530.0,STOP,19170.36,-1105490.7599999998,-10.359281437125746,-9.999999999999998,13,16,
proxy,137400.KQ,2020-12-16,24400.0,80.02470366595105,2020-12-17,24500.0,1.0,630.0,True,22050.0,49.0,24549.0,2021-02-01,24250.0,EXIT_MA,48.5,-347.5,-1.4155362743899955,-1.0204081632653073,29,46,2021-01-29
proxy,119850.KQ,2021-01-19,6800.0,10.621217247464704,2021-01-20,6810.0,1.0,2280.0,True,6129.0,13.620000000000001,6823.62,2021-02-01,6320.0,EXIT_MA,12.64,-516.2600000000002,-7.565778868108134,-7.195301027900147,8,12,2021-01-29
proxy,171090.KQ,2021-01-15,9840.0,17.045378042880305,2021-01-18,9700.0,540.0,1576.0,True,8730.0,10476.0,5248476.0,2021-02-01,8730.0,STOP,9428.4,-543704.4000000004,-10.359281437125755,-9.999999999999998,11,14,
proxy,327260.KQ,2021-02-02,9585.3125,82.09032909064906,2021-02-03,9585.3125,972.0,1657.0,True,8626.78125,18633.8475,9335557.5975,2021-02-03,8626.78125,STOP,16770.46275,-967096.6852500001,-10.359281437125748,-9.999999999999998,1,0,
proxy,131290.KQ,2020-11-03,39000.0,137.19979349051147,2020-11-04,38750.0,354.0,354.0,False,34875.0,27435.0,13744935.0,2021-02-09,58300.0,EXIT_MA,41276.4,6851988.6000000015,49.85100766209518,50.451612903225794,66,97,2021-02-08
proxy,099320.KQ,2021-02-10,75100.0,185.6720891183785,2021-02-15,77200.0,215.0,215.0,False,69480.0,33196.0,16631196.0,2021-02-19,69480.0,STOP,29876.4,-1722872.4000000004,-10.35928143712575,-9.999999999999998,5,4,
proxy,064290.KQ,2021-02-15,25400.0,129.9299495619055,2021-02-16,26150.0,151.0,664.0,True,23535.0,7897.3,3956547.3,2021-02-19,23535.0,STOP,7107.57,-409869.86999999965,-10.359281437125741,-9.999999999999998,4,3,
proxy,247540.KQ,2020-11-05,35300.38672,60.187907800379236,2020-11-06,35868.55078,393.0,393.0,False,32281.695701999997,28192.68091308,14124533.13745308,2021-02-23,42513.62109,EXIT_MA,33415.70617674,2549904.2447401825,18.05301612397207,18.526174505230465,72,109,2021-02-22
proxy,166090.KQ,2021-02-19,38100.0,55.23360625725474,2021-02-22,38050.0,426.0,426.0,False,34245.0,32418.600000000002,16241718.6,2021-02-24,34245.0,STOP,29176.74,-1682525.3399999999,-10.359281437125748,-9.999999999999998,3,2,
proxy,048410.KQ,2021-02-23,21037.15234,277.25660845400694,2021-02-24,22213.72656,749.0,749.0,False,19992.353904,33276.16238688,16671357.355826879,2021-02-24,19992.353904,STOP,29948.546148192,-1727032.8278790712,-10.359281437125745,-9.999999999999998,1,0,
proxy,240810.KQ,2020-12-04,44100.0,9.722176675915073,2020-12-07,44100.0,342.0,342.0,False,39690.0,30164.4,15112364.4,2021-02-25,47450.0,EXIT_MA,32455.8,1083079.7999999989,7.166845447427134,7.5963718820861725,53,80,2021-02-24
proxy,067310.KQ,2020-12-17,6078.568848,18.997293416165995,2020-12-18,6112.413574,1.0,2583.0,True,5501.1722166,12.224827148000001,6124.638401148,2021-02-25,7547.443359,EXIT_MA,15.094886718,1407.710071133999,22.984378487881642,23.47730184855452,44,69,2021-02-24
proxy,263750.KQ,2021-01-27,63160.0,26.75426336026087,2021-01-28,61960.0,259.0,259.0,False,55764.0,32095.280000000002,16079735.28,2021-02-25,58960.0,EXIT_MA,30541.28,-839636.5599999987,-5.221706361325115,-4.841833440929633,18,28,2021-02-24
proxy,058470.KQ,2021-02-19,34020.0,30.421388410356144,2021-02-22,34200.0,64.0,477.0,True,30780.0,4377.6,2193177.6,2021-02-26,30780.0,STOP,3939.84,-227197.44000000018,-10.359281437125755,-9.999999999999998,5,4,
proxy,222800.KQ,2020-11-25,18950.0,19.323554436931705,2020-11-26,19050.0,760.0,760.0,False,17145.0,28956.0,14506956.0,2021-03-03,22850.0,EXIT_MA,34732.0,2824312.0,19.46867420015612,19.947506561679784,63,97,2021-03-02
proxy,048410.KQ,2021-02-26,25743.44922,367.8432577558357,2021-03-02,25131.63086,597.0,597.0,False,22618.467774,30007.16724684,15033590.790666841,2021-03-05,22618.467774,STOP,27006.450522156,-1557371.9801109973,-10.359281437125757,-9.999999999999998,4,3,
proxy,222080.KQ,2020-12-14,7320.0,32.82674639109047,2020-12-15,7400.0,1.0,2020.0,True,6660.0,14.8,7414.8,2021-03-08,13750.0,EXIT_MA,27.5,6307.7,85.06905108701515,85.8108108108108,53,83,2021-03-05
proxy,171090.KQ,2021-03-03,17800.0,137.55134205324126,2021-03-04,19700.0,876.0,876.0,False,17730.0,34514.4,17291714.4,2021-03-10,17730.0,STOP,31062.96,-1791297.3599999994,-10.359281437125746,-9.999999999999998,5,6,
proxy,053800.KQ,2021-03-04,97700.0,44.34683138889941,2021-03-05,96300.0,157.0,157.0,False,86670.0,30238.2,15149338.2,2021-03-10,86670.0,STOP,27214.38,-1569362.58,-10.359281437125748,-9.999999999999998,4,5,
proxy,084370.KQ,2020-11-16,31950.0,36.40745264141992,2020-11-17,31550.0,433.0,433.0,False,28395.0,27322.3,13688472.3,2021-03-11,37200.0,EXIT_MA,32215.2,2386912.5,17.437391461134784,17.908082408874805,76,114,2021-03-10
proxy,189300.KQ,2021-01-18,59060.55859,97.12092535556633,2021-01-19,58139.17578,258.0,258.0,False,52325.258202,29999.814702480002,15029907.165942479,2021-03-17,66247.33594,EXIT_MA,34183.62534504,2027721.8812324814,13.49124687760724,13.946121614591632,38,57,2021-03-16
proxy,122640.KQ,2021-01-18,13100.0,19.201438241228598,2021-01-19,12900.0,1111.0,1167.0,True,11610.0,28663.8,14360563.8,2021-03-22,13550.0,EXIT_MA,30108.100000000002,663378.0999999996,4.619443283974683,5.03875968992249,41,62,2021-03-19
proxy,115180.KQ,2021-03-15,23273.10156,7.750406208437913,2021-03-16,23273.10156,645.0,645.0,False,20945.791404,30022.3010124,15041172.8072124,2021-03-25,22443.10547,EXIT_MA,28951.6060563,-594321.3851187006,-3.9512968352688382,-3.5663320931256237,7,9,2021-03-24
proxy,005290.KQ,2021-03-25,34300.0,26.38111180399685,2021-03-26,35000.0,1.0,464.0,True,31500.0,70.0,35070.0,2021-04-28,31500.0,STOP,63.0,-3633.0,-10.359281437125748,-9.999999999999998,24,33,
proxy,032820.KQ,2021-04-13,1475.0,20.734873693044246,2021-04-14,1470.0,1.0,11082.0,True,1323.0,2.94,1472.94,2021-04-29,1323.0,STOP,2.646,-152.586,-10.359281437125748,-9.999999999999998,12,15,
proxy,213420.KQ,2021-03-22,45500.0,17.84745070494507,2021-03-23,45550.0,339.0,339.0,False,40995.0,30882.9,15472332.9,2021-04-30,42900.0,EXIT_MA,29086.2,-958319.0999999996,-6.19375957196474,-5.81778265642151,28,38,2021-04-29
proxy,064290.KQ,2021-03-24,26350.0,120.27118935016583,2021-03-25,26200.0,602.0,602.0,False,23580.0,31544.8,15803944.8,2021-04-30,25000.0,EXIT_MA,30100.0,-784044.8000000007,-4.961070225960298,-4.580152671755721,26,36,2021-04-29
proxy,327260.KQ,2021-04-29,8652.228516,36.231126244419585,2021-04-30,8785.526367,1906.0,1906.0,False,7906.9737303,33490.426511004,16778703.682013005,2021-05-03,7906.9737303,STOP,30141.3838599036,-1738153.1359211095,-10.359281437125759,-9.999999999999998,2,3,
proxy,038500.KQ,2021-02-03,4905.0,13.167921489954843,2021-02-04,4800.0,1741.0,3302.0,True,4320.0,16713.6,8373513.6,2021-05-04,5090.0,EXIT_MA,17723.38,470453.01999999955,5.618346640053222,6.041666666666656,60,89,2021-05-03
proxy,039030.KQ,2021-03-16,115600.0,0.4650871745966789,2021-03-17,114700.0,130.0,130.0,False,103230.0,29822.0,14940822.0,2021-05-04,114000.0,EXIT_MA,29640.0,-150462.0,-1.0070530255965837,-0.6102877070618962,34,48,2021-05-03
proxy,095610.KQ,2021-03-18,34100.0,17.6796720346695,2021-03-19,33550.0,442.0,442.0,False,30195.0,29658.2,14858758.2,2021-05-04,32600.0,EXIT_MA,28818.4,-478376.5999999996,-3.21949246068221,-2.8315946348733245,32,46,2021-05-03
proxy,183300.KQ,2021-03-24,13980.0,69.84390299677047,2021-03-25,13980.0,1136.0,1136.0,False,12582.0,31762.56,15913042.56,2021-05-04,12400.0,EXIT_MA,28172.8,-1854815.3600000013,-11.655944191730995,-11.301859799713876,28,40,2021-05-03
proxy,064760.KQ,2021-01-15,135000.0,34.122181027423494,2021-01-18,133100.0,114.0,114.0,False,119790.0,30346.8,15203746.8,2021-05-07,184000.0,EXIT_MA,41952.0,5730301.199999999,37.690059400357804,38.241923365890315,75,109,2021-05-06
proxy,084370.KQ,2021-03-24,45400.0,53.96261392924549,2021-03-25,45950.0,1.0,349.0,True,41355.0,91.9,46041.9,2021-05-12,46600.0,EXIT_MA,93.2,464.90000000000146,1.0097324393650162,1.4145810663764857,33,48,2021-05-11
proxy,083650.KQ,2021-03-08,3645.0,52.73550837465466,2021-03-09,3590.0,4160.0,4160.0,False,3231.0,29868.8,14964268.8,2021-05-13,3970.0,EXIT_MA,33030.4,1517900.7999999989,10.143501298239169,10.584958217270191,46,65,2021-05-12
proxy,140860.KQ,2021-02-02,104700.0,83.06422214979843,2021-02-03,104500.0,151.0,151.0,False,94050.0,31559.0,15811059.0,2021-05-14,137900.0,EXIT_MA,41645.8,4970195.199999999,31.434929184692812,31.96172248803828,68,100,2021-05-13
proxy,033100.KQ,2021-05-11,6840.0,5.912096516011547,2021-05-12,6870.0,2465.0,2465.0,False,6183.0,33869.1,16968419.1,2021-05-18,6430.0,EXIT_MA,31699.9,-1150169.0000000019,-6.778292033109919,-6.404657933042213,4,6,2021-05-17
proxy,241710.KQ,2021-03-23,15300.0,18.548120711873356,2021-03-24,15300.0,1011.0,1011.0,False,13770.0,30936.600000000002,15499236.6,2021-05-21,16000.0,EXIT_MA,32352.0,644411.4000000004,4.157697676542343,4.575163398692816,40,58,2021-05-20
proxy,023160.KQ,2021-05-06,12000.0,54.23021959613759,2021-05-07,12000.0,1345.0,1345.0,False,10800.0,32280.0,16172280.0,2021-05-21,10800.0,STOP,29052.0,-1675332.0,-10.359281437125748,-9.999999999999998,10,14,
proxy,281740.KQ,2020-12-04,2745.0,7.83015377327162,2020-12-07,2710.0,1756.0,5494.0,True,2439.0,9517.52,4768277.52,2021-05-25,3750.0,EXIT_MA,13170.0,1803552.4800000004,37.82398303024947,38.37638376383763,113,169,2021-05-24
proxy,086520.KQ,2021-04-28,16816.50977,81.21139405433236,2021-04-29,16816.50977,1.0,1004.0,True,15134.858793000001,33.63301954,16850.14278954,2021-05-28,9667.678711,STOP,19.335357422,-7201.799435962001,-42.74028728369373,-42.51078943713539,20,29,
proxy,074600.KQ,2021-03-19,21500.0,15.398553708048784,2021-03-22,21800.0,705.0,705.0,False,19620.0,30738.0,15399738.0,2021-06-02,27200.0,EXIT_MA,38352.0,3737910.0,24.272555805819554,24.770642201834868,50,72,2021-06-01
proxy,089970.KQ,2020-11-04,12650.0,14.705448547327125,2020-11-05,12500.0,1092.0,1092.0,False,11250.0,27300.0,13677300.0,2021-06-03,26500.0,EXIT_MA,57876.0,15202824.0,111.15369261477046,112.00000000000001,142,210,2021-06-02
proxy,032820.KQ,2021-06-08,2505.0,131.27243899527414,2021-06-09,2520.0,1.0,6702.0,True,2268.0,5.04,2525.04,2021-06-10,2268.0,STOP,4.5360000000000005,-261.576,-10.359281437125748,-9.999999999999998,2,1,
proxy,003380.KQ,2021-05-06,10200.0,24.749900379828865,2021-05-07,10300.0,1583.0,1583.0,False,9270.0,32609.8,16337509.8,2021-06-22,10250.0,EXIT_MA,32451.5,-144211.30000000075,-0.8827006181811181,-0.4854368932038833,31,46,2021-06-21
proxy,060370.KQ,2021-05-03,6510.0,18.72323007706203,2021-05-04,6480.0,2470.0,2470.0,False,5832.0,32011.2,16037611.2,2021-06-30,7580.0,EXIT_MA,37445.200000000004,2647543.6000000015,16.508341342007355,16.975308641975317,39,57,2021-06-29
proxy,006730.KQ,2021-05-27,7645.660645,10.628154670043,2021-05-28,7741.777832,15.0,2184.0,True,6967.6000488,232.25333496000002,116358.92081496,2021-07-02,7567.019531,EXIT_MA,227.01058593000002,-3080.638435889996,-2.6475309450394326,-2.257340688306131,25,35,2021-07-01
proxy,058610.KQ,2021-05-04,11950.0,49.95636286070731,2021-05-06,11650.0,1352.0,1352.0,False,10485.0,31501.600000000002,15782301.6,2021-07-05,11500.0,EXIT_MA,31096.0,-265397.5999999996,-1.6816153101522253,-1.2875536480686733,41,60,2021-07-02
proxy,237690.KQ,2021-07-02,119700.0,50.06565158118996,2021-07-05,120900.0,129.0,147.0,True,108810.0,31192.2,15627292.2,2021-07-07,113000.0,EXIT_MA,29154.0,-1079446.1999999993,-6.907442352680904,-6.5343258891645934,2,2,2021-07-06
proxy,033100.KQ,2021-06-07,7390.0,17.63743298672196,2021-06-08,7490.0,1960.0,2321.0,True,6741.0,29360.8,14709760.8,2021-07-08,6840.0,EXIT_MA,26812.8,-1330173.6000000015,-9.042795583732412,-8.678237650200272,22,30,2021-07-07
proxy,043260.KQ,2021-06-22,1810.0,53.434875644009324,2021-06-23,1800.0,14.0,9865.0,True,1620.0,50.4,25250.4,2021-07-08,1700.0,EXIT_MA,47.6,-1498.0,-5.9325792858726984,-5.555555555555558,11,15,2021-07-07
proxy,241710.KQ,2021-06-03,18450.0,30.012206232173376,2021-06-04,18300.0,908.0,908.0,False,16470.0,33232.8,16649632.8,2021-07-09,16600.0,EXIT_MA,30145.600000000002,-1606978.4000000004,-9.651734781802517,-9.289617486338797,25,35,2021-07-08
proxy,251970.KQ,2021-05-10,22700.0,23.700897753625913,2021-05-11,22500.0,740.0,740.0,False,20250.0,33300.0,16683300.0,2021-07-21,22800.0,EXIT_MA,33744.0,154956.0,0.9288090485695276,1.333333333333342,50,71,2021-07-20
proxy,074600.KQ,2021-06-29,30000.0,41.789207383722136,2021-06-30,29900.0,593.0,593.0,False,26910.0,35461.4,17766161.4,2021-07-22,28600.0,EXIT_MA,33919.6,-840281.0,-4.729671092597414,-4.347826086956519,16,22,2021-07-21
proxy,041830.KQ,2021-05-12,26000.0,30.194579824339424,2021-05-13,24950.0,626.0,626.0,False,22455.0,31237.4,15649937.4,2021-07-23,29700.0,EXIT_MA,37184.4,2905078.200000001,18.562874251497014,19.03807615230462,50,71,2021-07-22
proxy,099320.KQ,2021-07-07,59500.0,60.25588123382146,2021-07-08,60100.0,297.0,297.0,False,54090.0,35699.4,17885399.4,2021-07-26,54090.0,STOP,32129.46,-1852798.8599999994,-10.359281437125746,-9.999999999999998,13,18,
proxy,083650.KQ,2021-05-24,5350.0,113.73583076013234,2021-05-25,5250.0,2957.0,2957.0,False,4725.0,31048.5,15555298.5,2021-07-27,5520.0,EXIT_MA,32645.280000000002,734696.2200000007,4.723125178215002,5.142857142857138,45,63,2021-07-26
proxy,035760.KQ,2021-05-26,160100.0,7.421696300757851,2021-05-27,161400.0,85.0,102.0,True,145260.0,27438.0,13746438.0,2021-07-29,168000.0,EXIT_MA,28560.0,505002.0,3.6736935051829427,4.089219330855021,45,63,2021-07-28
proxy,171090.KQ,2021-05-18,17000.0,82.67313252626536,2021-05-20,17150.0,946.0,946.0,False,15435.0,32447.8,16256347.8,2021-08-04,26450.0,EXIT_MA,50043.4,8715308.8,53.61172698335108,54.22740524781342,54,76,2021-08-03
proxy,263750.KQ,2021-06-29,74400.0,34.91678361917538,2021-06-30,74500.0,12.0,239.0,True,67050.0,1788.0,895788.0,2021-08-10,69700.0,EXIT_MA,1672.8,-61060.80000000005,-6.81643424560276,-6.442953020134223,29,41,2021-08-09
proxy,031980.KQ,2021-08-09,14150.0,47.066033984315055,2021-08-10,14400.0,58.0,1379.0,True,12960.0,1670.4,836870.4,2021-08-11,12960.0,STOP,1503.3600000000001,-86693.76000000001,-10.359281437125748,-9.999999999999998,2,1,
proxy,098460.KQ,2021-08-02,26400.0,4.865255891392714,2021-08-03,26300.0,679.0,679.0,False,23670.0,35715.4,17893415.4,2021-08-13,23650.0,EXIT_MA,32116.7,-1867182.0999999978,-10.435023489143374,-10.076045627376429,8,10,2021-08-12
proxy,166090.KQ,2021-07-22,51600.0,54.54425908137086,2021-07-23,52200.0,349.0,349.0,False,46980.0,36435.6,18254235.6,2021-08-13,46980.0,STOP,32792.04,-1891007.6400000006,-10.359281437125752,-9.999999999999998,16,21,
proxy,064290.KQ,2021-07-22,27300.0,39.035812894360866,2021-07-23,27200.0,661.0,661.0,False,24480.0,35958.4,18015158.4,2021-08-13,24480.0,STOP,32362.56,-1866240.959999999,-10.359281437125745,-9.999999999999998,16,21,
proxy,083450.KQ,2021-07-22,30500.0,32.38857732302207,2021-07-23,30600.0,523.0,591.0,True,27540.0,32007.600000000002,16035807.6,2021-08-17,27540.0,STOP,28806.84,-1661194.4399999995,-10.359281437125746,-9.999999999999998,17,25,
proxy,137400.KQ,2021-08-12,29450.0,24.59650464185143,2021-08-13,29450.0,546.0,659.0,True,26505.0,32159.4,16111859.4,2021-08-17,26505.0,STOP,28943.46,-1669072.8600000013,-10.359281437125755,-9.999999999999998,2,4,
proxy,023160.KQ,2021-07-14,12500.0,41.81165155052784,2021-07-15,12650.0,580.0,1442.0,True,11385.0,14674.0,7351674.0,2021-08-18,11700.0,EXIT_MA,13572.0,-579246.0,-7.879103453172706,-7.509881422924902,23,34,2021-08-17
proxy,131290.KQ,2021-07-13,64200.0,30.761442873817423,2021-07-14,63500.0,279.0,279.0,False,57150.0,35433.0,17751933.0,2021-08-30,68000.0,EXIT_MA,37944.0,1182123.0,6.659122699482924,7.086614173228356,32,47,2021-08-27
proxy,065350.KQ,2021-05-21,11250.0,102.08844467385543,2021-05-24,11200.0,1412.0,1412.0,False,10080.0,31628.8,15846028.8,2021-08-31,16350.0,EXIT_MA,46172.4,7193998.800000001,45.39937981180496,45.98214285714286,70,99,2021-08-30
proxy,058470.KQ,2021-09-03,36740.0,13.158182280914271,2021-09-06,36740.0,486.0,486.0,False,33066.0,35711.28,17891351.28,2021-09-07,35980.0,EXIT_MA,34972.56,-440043.83999999985,-2.4595338446677677,-2.0685900925421885,1,1,2021-09-06
proxy,263750.KQ,2021-08-26,87900.0,68.33809704517638,2021-08-27,92300.0,205.0,205.0,False,83070.0,37843.0,18959343.0,2021-09-08,83070.0,STOP,34058.7,-1964051.6999999993,-10.359281437125745,-9.999999999999998,9,12,
proxy,214150.KQ,2021-08-02,23900.0,44.45265981419102,2021-08-03,23750.0,750.0,750.0,False,21375.0,35625.0,17848125.0,2021-09-09,22200.0,EXIT_MA,33300.0,-1231425.0,-6.899464229435866,-6.52631578947368,26,37,2021-09-08
proxy,222800.KQ,2021-08-26,32700.0,47.60511338481245,2021-08-27,32250.0,551.0,551.0,False,29025.0,35539.5,17805289.5,2021-09-10,29025.0,STOP,31985.55,-1844500.0500000007,-10.359281437125754,-9.999999999999998,11,14,
proxy,031330.KQ,2021-05-18,3470.0,32.45629181159369,2021-05-20,3445.0,4636.0,4636.0,False,3100.5,31942.04,16002962.04,2021-09-14,4705.0,EXIT_MA,43624.76,5765793.199999999,36.02953744180724,36.57474600870827,82,117,2021-09-13
proxy,039030.KQ,2021-09-03,127300.0,2.3963467784817922,2021-09-06,127000.0,2.0,140.0,True,114300.0,508.0,254508.0,2021-09-14,117100.0,EXIT_MA,468.40000000000003,-20776.399999999994,-8.163358322724628,-7.795275590551176,6,8,2021-09-13
proxy,214450.KQ,2021-08-11,94800.0,29.81665320786463,2021-08-12,94800.0,7.0,202.0,True,85320.0,1327.2,664927.2,2021-09-17,91700.0,EXIT_MA,1283.8,-24311.0,-3.6561897302441535,-3.270042194092826,25,36,2021-09-16
proxy,241710.KQ,2021-09-07,17200.0,1.5023584212976808,2021-09-08,17200.0,1016.0,1058.0,True,15480.0,34950.4,17510150.4,2021-09-23,15750.0,EXIT_MA,32004.0,-1540154.3999999985,-8.79578053195933,-8.430232558139538,8,15,2021-09-17
proxy,251970.KQ,2021-08-03,26400.0,38.1887261533363,2021-08-04,26600.0,677.0,677.0,False,23940.0,36016.4,18044216.4,2021-09-27,24700.0,EXIT_MA,33443.8,-1355760.1999999993,-7.513544339891642,-7.14285714285714,34,54,2021-09-24
proxy,213420.KQ,2021-06-01,44450.0,7.786359979038812,2021-06-02,44600.0,373.0,373.0,False,40140.0,33271.6,16669071.6,2021-09-29,60500.0,EXIT_MA,45133.0,5852295.4,35.10870635410793,35.65022421524664,81,119,2021-09-28
proxy,281740.KQ,2021-06-30,4390.0,44.124459004104274,2021-07-01,4435.0,5.0,4070.0,True,3991.5,44.35,22219.35,2021-09-29,4615.0,EXIT_MA,46.15,809.5,3.6432208862995545,4.0586245772266105,60,90,2021-09-28
proxy,058470.KQ,2021-09-10,38200.0,22.832940629442977,2021-09-13,38200.0,485.0,485.0,False,34380.0,37054.0,18564054.0,2021-09-29,35780.0,EXIT_MA,34706.6,-1245460.6000000015,-6.708990396171016,-6.335078534031413,9,16,2021-09-28
proxy,006730.KQ,2021-09-02,8152.458984,5.4682641270035415,2021-09-03,8624.305664,2179.0,2179.0,False,7761.8750976,37584.724083712,18829946.76593971,2021-09-29,7761.8750976,STOP,33826.251675340805,-1950647.1799446493,-10.359281437125732,-9.999999999999998,16,26,
proxy,067310.KQ,2021-08-30,12048.83301,72.24611931340361,2021-08-31,12014.98828,1492.0,1492.0,False,10813.489452,35852.72502752,17962215.23878752,2021-09-30,11405.77734,EXIT_MA,34034.83958256,-978830.287090078,-5.449385134726572,-5.0704247545050425,19,30,2021-09-29
proxy,183300.KQ,2021-08-03,13680.0,19.9122336934562,2021-08-04,13760.0,1289.0,1307.0,True,12384.0,35473.28,17772113.28,2021-10-05,14500.0,EXIT_MA,37381.0,881005.7199999988,4.957236689411867,5.3779069767441845,39,62,2021-10-01
proxy,222080.KQ,2021-09-30,21400.0,97.25274768428392,2021-10-01,21600.0,846.0,846.0,False,19440.0,36547.200000000004,18310147.2,2021-10-05,19440.0,STOP,32892.48,-1896799.6799999997,-10.359281437125748,-9.999999999999998,2,4,
proxy,035900.KQ,2021-10-05,43400.0,12.874216187822448,2021-10-06,43900.0,412.0,412.0,False,39510.0,36173.6,18122973.6,2021-10-13,40800.0,EXIT_MA,33619.2,-1346992.8000000007,-7.432515379264254,-7.061503416856496,4,7,2021-10-12
proxy,041510.KQ,2021-10-05,79000.0,105.07497519661774,2021-10-06,79200.0,226.0,226.0,False,71280.0,35798.4,17934998.4,2021-10-18,71280.0,STOP,32218.56,-1857936.959999999,-10.359281437125743,-9.999999999999998,8,12,
proxy,032820.KQ,2021-10-25,2350.0,35.23712043414726,2021-10-26,2355.0,7432.0,7432.0,False,2119.5,35004.72,17537364.72,2021-11-02,2155.0,EXIT_MA,32031.920000000002,-1553436.6399999987,-8.857868127863162,-8.49256900212314,5,7,2021-11-01
proxy,214150.KQ,2021-10-20,22850.0,34.34173199115884,2021-10-21,23000.0,773.0,773.0,False,20700.0,35558.0,17814558.0,2021-11-04,21950.0,EXIT_MA,33934.7,-881142.6999999993,-4.946194567386962,-4.565217391304344,10,14,2021-11-03
proxy,058470.KQ,2021-11-01,36380.0,13.678465836064852,2021-11-02,35980.0,443.0,479.0,True,32382.0,31878.280000000002,15971018.28,2021-11-04,36280.0,EXIT_MA,32144.08,68877.6400000006,0.431266427678277,0.8337965536409087,2,2,2021-11-03
proxy,121600.KQ,2021-11-12,68200.0,98.81575381917263,2021-11-15,68300.0,220.0,302.0,True,61470.0,30052.0,15056052.0,2021-11-16,61470.0,STOP,27046.8,-1559698.8000000007,-10.359281437125754,-9.999999999999998,2,1,
proxy,122870.KQ,2021-10-05,64800.0,31.644665962636843,2021-10-06,65300.0,276.0,276.0,False,58770.0,36045.6,18058845.6,2021-11-24,63300.0,EXIT_MA,34941.6,-622987.200000003,-3.4497620379455647,-3.0627871362940318,34,49,2021-11-23
proxy,171090.KQ,2021-11-17,28250.0,115.07067686099543,2021-11-18,28600.0,472.0,737.0,True,25740.0,26998.4,13526198.4,2021-11-29,25000.0,STOP,23600.0,-1749798.4000000004,-12.93636503217342,-12.587412587412583,8,11,
proxy,035900.KQ,2021-10-20,48950.0,29.310215957345324,2021-10-21,48900.0,361.0,361.0,False,44010.0,35305.8,17688205.8,2021-11-30,47500.0,EXIT_MA,34295.0,-575000.8000000007,-3.250758197306822,-2.862985685071573,28,40,2021-11-29
proxy,078600.KQ,2021-09-03,68300.0,40.52209842652638,2021-09-06,70000.0,261.0,261.0,False,63000.0,36540.0,18306540.0,2021-12-08,109900.0,EXIT_MA,57367.8,10319992.2,56.37325349301396,57.00000000000001,62,93,2021-12-07
proxy,086520.KQ,2021-11-03,21724.28125,64.15957478344914,2021-11-04,22228.19531,804.0,804.0,False,20005.375778999998,35742.93805848,17907211.96729848,2021-12-13,21108.38672,EXIT_MA,33942.285845759994,-970011.3302642442,-5.416875234601816,-5.037784554179359,27,39,2021-12-10
proxy,293490.KQ,2021-10-22,75800.0,26.289435240605357,2021-10-25,75600.0,229.0,229.0,False,68040.0,34624.8,17347024.8,2021-12-20,86100.0,EXIT_MA,39433.8,2330441.3999999985,13.434242625859383,13.888888888888884,40,56,2021-12-17
proxy,067310.KQ,2021-10-28,15061.04199,71.29540559158572,2021-10-29,15230.2666,1153.0,1153.0,False,13707.239940000001,35120.994779600005,17595618.384579603,2021-12-21,15545.92676,EXIT_MA,35848.90710856,292986.26259183884,1.665109211783118,2.0725845994054914,37,53,2021-12-20
proxy,137400.KQ,2021-10-18,36450.0,45.62559890429326,2021-10-19,36450.0,481.0,481.0,False,32805.0,35064.9,17567514.9,2021-12-24,42600.0,EXIT_MA,40981.200000000004,2882103.9000000022,16.405871384802424,16.872427983539097,48,66,2021-12-23
proxy,247540.KQ,2021-06-21,52740.60547,33.07527010111493,2021-06-22,52740.60547,306.0,333.0,True,47466.544923,32277.25054764,16170902.52436764,2021-12-28,123242.5703,EXIT_MA,75424.4530236,21465899.534408763,132.74397951544256,133.67682111670683,129,189,2021-12-27
proxy,041510.KQ,2021-12-28,78100.0,80.77735360047366,2021-12-29,77900.0,242.0,242.0,False,70110.0,37703.6,18889503.6,2021-12-30,75200.0,EXIT_MA,36396.8,-727500.4000000022,-3.8513473694459717,-3.4659820282413323,1,1,2021-12-29
proxy,067310.KQ,2021-12-23,17790.97852,96.20550535768966,2021-12-24,18045.13672,1064.0,1064.0,False,16240.623048,38400.05094016,19238425.52102016,2022-01-04,16240.623048,STOP,34560.045846144,-1992962.6437943056,-10.359281437125757,-9.999999999999998,6,11,
proxy,031980.KQ,2021-12-29,17950.0,75.81652052016152,2021-12-30,17750.0,1061.0,1061.0,False,15975.0,37665.5,18870415.5,2022-01-05,15975.0,STOP,33898.95,-1954839.4499999993,-10.359281437125745,-9.999999999999998,3,6,
proxy,263750.KQ,2021-10-21,107500.0,76.79235286925191,2021-10-22,106600.0,162.0,162.0,False,95940.0,34538.4,17303738.4,2022-01-07,118800.0,EXIT_MA,38491.200000000004,1903370.4000000022,10.999764074103215,11.444652908067532,53,77,2022-01-06
proxy,083450.KQ,2021-10-28,29400.0,25.630819668071386,2021-10-29,29750.0,510.0,591.0,True,26775.0,30345.0,15202845.0,2022-01-12,34500.0,EXIT_MA,35190.0,2356965.0,15.50344688773713,15.96638655462186,51,75,2022-01-11
proxy,140410.KQ,2021-12-29,72233.33594,30.7676624016686,2021-12-30,72200.0,263.0,263.0,False,64980.0,37977.200000000004,19026577.2,2022-01-18,64980.0,STOP,34179.48,-1971016.6799999997,-10.359281437125748,-9.999999999999998,12,19,
proxy,222800.KQ,2021-10-28,31450.0,35.372392481519014,2021-10-29,31600.0,552.0,552.0,False,28440.0,34886.4,17478086.4,2022-01-24,43700.0,EXIT_MA,48244.8,6596068.800000001,37.73907880441649,38.29113924050633,59,87,2022-01-21
proxy,065350.KQ,2021-12-13,16400.0,45.929673978536485,2021-12-14,16200.0,1145.0,1145.0,False,14580.0,37098.0,18586098.0,2022-01-24,15650.0,EXIT_MA,35838.5,-702686.5,-3.7807101845691333,-3.3950617283950657,27,41,2022-01-21
proxy,189300.KQ,2021-12-29,88464.82031,51.011969512627076,2021-12-30,87690.50781,215.0,215.0,False,78921.457029,37706.9183583,18891166.0975083,2022-01-24,78921.457029,STOP,33936.226522469995,-1956989.0627957731,-10.359281437125766,-9.999999999999998,16,25,
proxy,222080.KQ,2022-01-06,16550.0,19.364150011444618,2022-01-07,16650.0,1105.0,1105.0,False,14985.0,36796.5,18435046.5,2022-01-25,15300.0,EXIT_MA,33813.0,-1562359.5,-8.47494200787614,-8.108108108108103,12,18,2022-01-24
proxy,281740.KQ,2021-12-24,5050.0,33.197033440251374,2021-12-27,5070.0,3718.0,3718.0,False,4563.0,37700.520000000004,18887960.52,2022-01-26,4785.0,EXIT_MA,35581.26,-1132911.7800000012,-5.998063045506626,-5.621301775147924,20,30,2022-01-25
proxy,077360.KQ,2021-12-24,9300.0,44.155645316251885,2021-12-27,9625.0,2019.0,2019.0,False,8662.5,38865.75,19471740.75,2022-01-27,8650.0,STOP,34928.7,-2042319.4499999993,-10.488633123363659,-10.129870129870133,22,31,
proxy,095340.KQ,2021-12-03,31700.0,40.87030258238666,2021-12-06,31350.0,611.0,611.0,False,28215.0,38309.700000000004,19193159.7,2022-02-11,30150.0,EXIT_MA,36843.3,-808353.0,-4.211672349081741,-3.8277511961722466,44,67,2022-02-10
proxy,225570.KQ,2022-03-03,22900.0,73.992218300114,2022-03-04,22550.0,780.0,780.0,False,20295.0,35178.0,17624178.0,2022-03-07,20295.0,STOP,31660.2,-1825738.1999999993,-10.359281437125745,-9.999999999999998,2,3,
proxy,067310.KQ,2022-03-03,16647.27344,59.940345037662155,2022-03-04,16647.27344,1073.0,1073.0,False,14982.546096000002,35725.04880224,17898249.44992224,2022-03-14,15249.41016,EXIT_MA,32725.23420336,-1568357.582445601,-8.762631154704433,-8.396950317649143,5,10,2022-03-11
proxy,058470.KQ,2022-03-11,37480.0,13.241750174337763,2022-03-14,37120.0,467.0,467.0,False,33408.0,34670.08,17369710.08,2022-03-15,36180.0,EXIT_MA,33792.12,-507442.19999999925,-2.921420090852773,-2.532327586206895,1,1,2022-03-14
proxy,122870.KQ,2022-04-01,71100.0,42.687087272308354,2022-04-04,71600.0,252.0,252.0,False,64440.0,36086.4,18079286.4,2022-04-06,64440.0,STOP,32477.760000000002,-1872884.1599999983,-10.359281437125741,-9.999999999999998,3,2,
proxy,108490.KQ,2022-03-23,30300.0,101.62188594141628,2022-03-24,29600.0,621.0,621.0,False,26640.0,36763.200000000004,18418363.2,2022-04-07,26600.0,STOP,33037.2,-1932800.3999999985,-10.49387711064357,-10.135135135135132,11,14,
proxy,005290.KQ,2022-03-25,40350.0,38.46161025339622,2022-03-28,40400.0,454.0,454.0,False,36360.0,36683.200000000004,18378283.2,2022-04-07,36300.0,STOP,32960.4,-1931043.5999999996,-10.507203414952272,-10.148514851485146,9,10,
proxy,036930.KQ,2022-02-24,22250.0,74.64404468621257,2022-02-25,22700.0,787.0,787.0,False,20430.0,35729.8,17900629.8,2022-04-14,23700.0,EXIT_MA,37303.8,713966.3999999985,3.988498773378345,4.405286343612325,32,48,2022-04-13
proxy,189300.KQ,2022-03-28,85851.52344,27.61607715527321,2022-03-29,87400.14844,213.0,213.0,False,78660.133596,37232.46323544,18653464.080955442,2022-04-15,78660.133596,STOP,33509.216911896,-1932364.8419193365,-10.35928143712575,-10.000000000000009,14,17,
proxy,053800.KQ,2022-03-18,101700.0,49.833903330851804,2022-03-21,101700.0,173.0,173.0,False,91530.0,35188.200000000004,17629288.2,2022-04-25,94000.0,EXIT_MA,32524.0,-1399812.1999999993,-7.940264996064897,-7.571288102261553,25,35,2022-04-22
proxy,222800.KQ,2022-02-25,52800.0,87.66820527079344,2022-02-28,52800.0,334.0,334.0,False,47520.0,35270.4,17670470.4,2022-04-28,51600.0,EXIT_MA,34468.8,-470539.19999999925,-2.6628561059698743,-2.2727272727272707,41,59,2022-04-27
proxy,137400.KQ,2022-03-02,45100.0,61.58627587520886,2022-03-03,46150.0,396.0,396.0,False,41535.0,36550.8,18311950.8,2022-05-03,48350.0,EXIT_MA,38293.200000000004,796356.0,4.348832129889733,4.7670639219935085,42,61,2022-05-02
proxy,064290.KQ,2022-04-21,27700.0,11.904395486250907,2022-04-22,27500.0,639.0,639.0,False,24750.0,35145.0,17607645.0,2022-05-10,24350.0,STOP,31119.3,-2079114.3000000007,-11.808020322990387,-11.45454545454545,11,18,
proxy,035900.KQ,2022-02-24,47500.0,26.055238510969204,2022-02-25,48600.0,368.0,368.0,False,43740.0,35769.6,17920569.6,2022-05-11,56400.0,EXIT_MA,41510.4,2793120.0,15.586111727162958,16.049382716049386,49,75,2022-05-10
proxy,006730.KQ,2022-03-18,8814.617188,18.514341038876967,2022-03-21,8814.617188,2002.0,2002.0,False,7933.1554692,35293.727220752,17682157.33759675,2022-05-13,8743.31543,EXIT_MA,35008.23498172,-213048.0817184709,-1.2048760660300009,-0.8089036254128934,37,53,2022-05-12
proxy,053610.KQ,2022-05-20,30550.0,14.560079737359988,2022-05-23,30950.0,606.0,606.0,False,27855.0,37511.4,18793211.4,2022-06-03,29350.0,EXIT_MA,35572.200000000004,-1042683.5999999978,-5.548192790509439,-5.169628432956386,8,11,2022-06-02
proxy,005290.KQ,2022-05-11,42400.0,37.656528803924,2022-05-12,41600.0,424.0,424.0,False,37440.0,35276.8,17673676.8,2022-06-08,39550.0,EXIT_MA,33538.4,-938015.2000000011,-5.307414018117617,-4.927884615384615,17,27,2022-06-07
proxy,067310.KQ,2022-05-23,16562.55469,37.69444065999045,2022-05-24,16520.19531,1124.0,1124.0,False,14868.175779,37137.39905688,18605836.92749688,2022-06-08,15249.41016,EXIT_MA,34280.674039679994,-1499780.5816965625,-8.060806872278302,-7.69231311224734,9,15,2022-06-07
proxy,166090.KQ,2022-03-28,56200.0,22.83744776156837,2022-03-29,56600.0,325.0,325.0,False,50940.0,36790.0,18431790.0,2022-06-13,58600.0,EXIT_MA,38090.0,575120.0,3.1202612442958606,3.5335689045936425,50,76,2022-06-10
proxy,058610.KQ,2022-05-25,19150.0,82.2625106261222,2022-05-26,18800.0,972.0,972.0,False,16920.0,36547.200000000004,18310147.2,2022-06-14,16500.0,STOP,32076.0,-2304223.1999999993,-12.58440565677156,-12.234042553191493,12,19,
proxy,095340.KQ,2022-04-11,32800.0,30.570045925232492,2022-04-12,32650.0,535.0,535.0,False,29385.0,34935.5,17502685.5,2022-06-17,34150.0,EXIT_MA,36540.5,731024.0,4.176639064902354,4.594180704441042,44,66,2022-06-16
proxy,277810.KQ,2022-06-14,25700.0,34.684397332617365,2022-06-15,25500.0,712.0,712.0,False,22950.0,36312.0,18192312.0,2022-06-20,22950.0,STOP,32680.8,-1884592.8000000007,-10.359281437125754,-9.999999999999998,4,5,
proxy,121600.KQ,2022-03-29,60500.0,50.34052562725816,2022-03-30,61800.0,302.0,302.0,False,55620.0,37327.200000000004,18700927.2,2022-06-23,76300.0,EXIT_MA,46085.200000000004,4295587.6000000015,22.969917769638727,23.46278317152104,57,85,2022-06-22
proxy,090710.KQ,2022-04-22,2155.0,122.90680672075203,2022-04-25,2120.0,8193.0,8193.0,False,1908.0,34738.32,17403898.32,2022-06-23,3280.0,EXIT_MA,53746.08,9415395.600000001,54.09934847286559,54.71698113207548,39,59,2022-06-22
proxy,137400.KQ,2022-05-23,53800.0,69.00484266564945,2022-05-24,54300.0,346.0,346.0,False,48870.0,37575.6,18825375.6,2022-06-24,50800.0,EXIT_MA,35153.6,-1283729.200000003,-6.81914256202146,-6.44567219152854,21,31,2022-06-23
proxy,014620.KQ,2022-06-28,11350.0,51.24068854826408,2022-06-29,11300.0,1507.0,1507.0,False,10170.0,34058.2,17063158.2,2022-07-06,10170.0,STOP,30652.38,-1767620.58,-10.359281437125748,-9.999999999999998,6,7,
proxy,056190.KQ,2022-08-02,43600.0,29.981833394537542,2022-08-03,43700.0,400.0,400.0,False,39330.0,34960.0,17514960.0,2022-08-23,40800.0,EXIT_MA,32640.0,-1227600.0,-7.008865564066376,-6.636155606407323,13,20,2022-08-22
proxy,127120.KQ,2022-08-17,4335.0,23.30101225926198,2022-08-18,4345.0,4112.0,4112.0,False,3910.5,35733.28,17902373.28,2022-08-25,3910.5,STOP,32159.952,-1854557.2320000008,-10.359281437125752,-9.999999999999998,6,7,
proxy,007390.KQ,2022-08-25,25700.0,51.82591350439378,2022-08-26,26100.0,693.0,693.0,False,23490.0,36174.6,18123474.6,2022-08-26,23490.0,STOP,32557.14,-1877461.740000002,-10.359281437125759,-9.999999999999998,1,0,
proxy,007390.KQ,2022-08-30,27250.0,61.96209909071029,2022-08-31,27300.0,652.0,652.0,False,24570.0,35599.200000000004,17835199.2,2022-09-02,24570.0,STOP,32039.280000000002,-1847598.4799999986,-10.359281437125741,-9.999999999999998,3,2,
proxy,127120.KQ,2022-09-02,5110.0,39.921818846906106,2022-09-05,5250.0,3482.0,3482.0,False,4725.0,36561.0,18317061.0,2022-09-07,4725.0,STOP,32904.9,-1897515.9000000004,-10.35928143712575,-9.999999999999998,3,2,
proxy,277810.KQ,2022-08-01,27850.0,43.79573801659238,2022-08-02,27850.0,621.0,621.0,False,25065.0,34589.7,17329439.7,2022-09-08,27600.0,EXIT_MA,34279.2,-224118.8999999985,-1.2932841677506661,-0.8976660682226245,26,37,2022-09-07
proxy,028300.KQ,2022-09-08,45799.31641,53.767708309675776,2022-09-13,48628.61719,388.0,388.0,False,43765.755471,37735.80693944,18905639.27665944,2022-09-14,43633.13281,STOP,33859.31106056,-2009843.0574399978,-10.63091825686801,-10.272725544470685,2,1,
proxy,121600.KQ,2022-08-10,88500.0,81.17486106927204,2022-08-11,89800.0,197.0,197.0,False,80820.0,35381.200000000004,17725981.2,2022-09-19,80820.0,STOP,31843.08,-1836284.2799999993,-10.359281437125745,-9.999999999999998,25,39,
proxy,083650.KQ,2022-08-10,8190.0,81.62387466283066,2022-08-11,8280.0,2135.0,2135.0,False,7452.0,35355.6,17713155.6,2022-09-20,8190.0,EXIT_MA,34971.3,-262476.90000000224,-1.4818189707541565,-1.0869565217391353,25,40,2022-09-19
proxy,356860.KQ,2022-08-18,9961.887695,15.897346589382138,2022-08-19,10007.53223,1808.0,1808.0,False,9006.779007000001,36187.23654368,18129805.508383684,2022-09-23,9006.779007000001,STOP,32568.512889312,-1878117.576616995,-10.359281437125762,-9.999999999999998,24,35,
proxy,023160.KQ,2022-08-18,17700.0,66.94734680899113,2022-08-19,17750.0,1017.0,1017.0,False,15975.0,36103.5,18087853.5,2022-09-26,15975.0,STOP,32493.15,-1873771.6500000004,-10.35928143712575,-9.999999999999998,25,38,
proxy,214370.KQ,2022-07-20,22100.0,55.456769877193956,2022-07-21,22380.0,768.0,768.0,False,20142.0,34375.68,17222215.68,2022-09-27,25340.0,EXIT_MA,38922.24,2199982.080000002,12.774094349281787,13.22609472743521,45,68,2022-09-26
proxy,035900.KQ,2022-08-09,59200.0,29.95371023830175,2022-08-10,59000.0,295.0,295.0,False,53100.0,34810.0,17439810.0,2022-09-27,57700.0,EXIT_MA,34043.0,-452353.0,-2.5937954599276023,-2.203389830508473,31,48,2022-09-26
proxy,095340.KQ,2022-08-19,36450.0,30.965410361165446,2022-08-22,36100.0,485.0,485.0,False,32490.0,35017.0,17543517.0,2022-09-27,33250.0,EXIT_MA,32252.5,-1449519.5,-8.262422523374303,-7.8947368421052655,24,36,2022-09-26
proxy,014620.KQ,2022-08-01,11900.0,42.19509232997358,2022-08-02,11850.0,1455.0,1455.0,False,10665.0,34483.5,17276233.5,2022-09-29,14250.0,EXIT_MA,41467.5,3416049.0,19.77311200384042,20.253164556962023,39,58,2022-09-28
proxy,277810.KQ,2022-09-13,34350.0,70.1236857773873,2022-09-14,33200.0,514.0,514.0,False,29880.0,34129.6,17098929.6,2022-09-30,29880.0,STOP,30716.64,-1771326.240000002,-10.35928143712576,-9.999999999999998,13,16,
proxy,058610.KQ,2022-08-01,15850.0,38.450834213067225,2022-08-02,16100.0,1092.0,1092.0,False,14490.0,35162.4,17616362.4,2022-10-06,17550.0,EXIT_MA,38329.200000000004,1509908.4000000022,8.57105664447504,9.006211180124213,43,65,2022-10-05
proxy,032190.KQ,2022-12-01,30200.0,147.19481603505488,2022-12-02,30650.0,544.0,544.0,False,27585.0,33347.2,16706947.2,2022-12-08,27585.0,STOP,30012.48,-1730719.6799999997,-10.359281437125748,-9.999999999999998,5,6,
proxy,033100.KQ,2022-08-26,8990.0,75.29131119794833,2022-08-29,8840.0,1956.0,1956.0,False,7956.0,34582.08,17325622.08,2023-01-03,10600.0,EXIT_MA,41467.200000000004,3366510.7200000025,19.43082161468919,19.909502262443436,86,127,2023-01-02
proxy,010170.KQ,2022-11-30,3000.0,38.758550353091024,2022-12-01,3020.0,5464.0,5464.0,False,2718.0,33002.56,16534282.56,2023-01-09,2910.0,EXIT_MA,31800.48,-665843.040000001,-4.0270452472538425,-3.6423841059602613,26,39,2023-01-06
proxy,058610.KQ,2023-01-09,18900.0,35.38175587668554,2023-01-10,19050.0,878.0,878.0,False,17145.0,33451.8,16759351.8,2023-02-16,18300.0,EXIT_MA,32134.8,-724086.6000000015,-4.32049287252268,-3.937007874015752,25,37,2023-02-15
proxy,000250.KQ,2023-03-03,57000.0,41.74023199196296,2023-03-06,57800.0,321.0,321.0,False,52020.0,37107.6,18590907.6,2023-03-10,52020.0,STOP,33396.840000000004,-1925884.4400000013,-10.359281437125754,-9.999999999999998,5,4,
proxy,204270.KQ,2023-03-08,7910.0,32.47653254884696,2023-03-09,8000.0,2219.0,2304.0,True,7200.0,35504.0,17787504.0,2023-03-10,7200.0,STOP,31953.600000000002,-1842657.5999999996,-10.359281437125746,-9.999999999999998,2,1,
proxy,093320.KQ,2023-02-28,70800.0,31.276288164316917,2023-03-02,70600.0,258.0,258.0,False,63540.0,36429.6,18251229.6,2023-03-13,63540.0,STOP,32786.64,-1890696.240000002,-10.359281437125759,-9.999999999999998,8,11,
proxy,041510.KQ,2023-03-07,149700.0,99.52605243650203,2023-03-08,154100.0,120.0,120.0,False,138690.0,36984.0,18528984.0,2023-03-13,135000.0,STOP,32400.0,-2361384.0,-12.74427135346439,-12.394548994159639,4,5,
proxy,171090.KQ,2023-02-27,26200.0,43.9949784304251,2023-02-28,26550.0,694.0,694.0,False,23895.0,36851.4,18462551.4,2023-03-14,23895.0,STOP,33166.26,-1912587.6599999983,-10.359281437125741,-9.999999999999998,10,14,
proxy,121600.KQ,2023-03-06,153300.0,90.6184471919231,2023-03-07,151800.0,119.0,119.0,False,136620.0,36128.4,18100328.4,2023-03-14,136620.0,STOP,32515.56,-1875063.959999999,-10.359281437125745,-9.999999999999998,6,7,
proxy,035900.KQ,2022-11-16,60300.0,29.611005424758247,2022-11-17,59900.0,271.0,271.0,False,53910.0,32465.8,16265365.8,2023-03-17,70900.0,EXIT_MA,38427.8,2910106.3999999985,17.891429161709958,18.36393989983305,82,120,2023-03-16
proxy,090360.KQ,2023-03-17,40050.0,91.40220946480311,2023-03-20,41500.0,469.0,469.0,False,37350.0,38927.0,19502427.0,2023-04-10,37350.0,STOP,35034.3,-2020311.3000000007,-10.359281437125754,-9.999999999999998,16,21,
proxy,032190.KQ,2022-12-28,32750.0,159.72291871826866,2022-12-29,32800.0,506.0,506.0,False,29520.0,33193.6,16629993.6,2023-04-11,47450.0,EXIT_MA,48019.4,7331687.000000002,44.08713061681516,44.664634146341456,69,103,2023-04-10
proxy,121600.KQ,2023-04-10,184800.0,127.448074093787,2023-04-11,187000.0,103.0,116.0,True,168300.0,38522.0,19299522.0,2023-04-12,168300.0,STOP,34669.8,-1999291.8000000007,-10.359281437125754,-9.999999999999998,2,1,
proxy,327260.KQ,2023-03-28,7644.013672,21.985763922040643,2023-03-29,7702.180176,1.0,2703.0,True,6931.9621584,15.404360352,7717.584536352,2023-04-13,6931.9621584,STOP,13.8639243168,-799.4863022688005,-10.359281437125754,-9.999999999999998,12,15,
proxy,247540.KQ,2023-04-10,292500.0,176.0991716587303,2023-04-11,302000.0,73.0,73.0,False,271800.0,44092.0,22090092.0,2023-04-13,261500.0,STOP,38179.0,-3038771.0,-13.756262309817451,-13.410596026490062,3,2,
proxy,277810.KQ,2023-01-04,46900.0,91.23176350418966,2023-01-05,46050.0,347.0,347.0,False,41445.0,31958.7,16011308.7,2023-04-21,108500.0,EXIT_MA,75299.0,21562892.3,134.67289091740514,135.61346362649294,73,106,2023-04-20
proxy,214370.KQ,2023-04-12,45500.0,85.73658891347083,2023-04-13,46100.0,374.0,484.0,True,41490.0,34482.8,17275882.8,2023-04-21,41490.0,STOP,31034.52,-1789657.3200000003,-10.35928143712575,-9.999999999999998,7,8,
proxy,319400.KQ,2023-04-20,4640.0,28.021656749878083,2023-04-21,5060.0,4585.0,4585.0,False,4554.0,46400.200000000004,23246500.2,2023-04-21,4554.0,STOP,41760.18,-2408170.379999999,-10.359281437125745,-9.999999999999998,1,0,
proxy,204270.KQ,2023-04-18,8860.0,43.03921047870943,2023-04-19,8900.0,1.0,2529.0,True,8010.0,17.8,8917.8,2023-04-25,8010.0,STOP,16.02,-923.8199999999997,-10.359281437125746,-9.999999999999998,5,6,
proxy,036810.KQ,2023-03-24,22301.73438,33.736242518213224,2023-03-27,22399.76562,894.0,904.0,True,20159.789058,40050.780928559994,20065441.245208558,2023-04-26,21958.63086,EXIT_MA,39262.03197768,-473687.2883462347,-2.360712044941184,-1.9693722134579983,22,30,2023-04-25
proxy,058610.KQ,2023-03-15,28150.0,83.82791845899213,2023-03-16,29500.0,630.0,630.0,False,26550.0,37170.0,18622170.0,2023-04-27,27250.0,EXIT_MA,34335.0,-1489005.0,-7.9958726614567475,-7.6271186440677985,30,42,2023-04-26
proxy,000250.KQ,2023-03-24,61300.0,48.30992568223699,2023-03-27,67400.0,329.0,329.0,False,60660.0,44349.200000000004,22218949.2,2023-05-04,65800.0,EXIT_MA,43296.4,-614045.5999999978,-2.763612241392576,-2.3738872403560873,27,38,2023-05-03
proxy,082920.KQ,2023-03-17,8060.0,23.69489914913438,2023-03-20,7850.0,2335.0,2335.0,False,7065.0,36659.5,18366409.5,2023-05-10,8510.0,EXIT_MA,39741.700000000004,1464698.8000000007,7.974878268939832,8.407643312101909,35,51,2023-05-09
proxy,126340.KQ,2023-04-11,59881.55859,50.303868428735356,2023-04-12,59881.55859,1.0,377.0,True,53893.402731,119.76311718000001,60001.32170718,2023-05-11,53893.402731,STOP,107.786805462,-6215.705781641998,-10.359281437125745,-9.999999999999998,20,29,
proxy,023160.KQ,2023-05-08,18850.0,23.705617244491673,2023-05-09,19300.0,1138.0,1138.0,False,17370.0,43926.8,22007326.8,2023-05-12,17370.0,STOP,39534.12,-2279800.920000002,-10.359281437125755,-9.999999999999998,4,3,
proxy,086520.KQ,2023-02-27,54901.96094,188.66471378908497,2023-02-28,54901.96094,331.0,331.0,False,49411.764846,36345.098142279996,18208894.16928228,2023-05-16,104509.8047,EXIT_MA,69185.49071140001,16314665.695706323,89.59723497777559,90.35714373520152,52,77,2023-05-15
proxy,101490.KQ,2023-03-02,32350.0,25.138385446412993,2023-03-03,32650.0,559.0,559.0,False,29385.0,36502.700000000004,18287852.7,2023-07-07,51700.0,EXIT_MA,57800.6,10554646.7,57.71397480689463,58.346094946401216,86,126,2023-07-06
proxy,319660.KQ,2023-05-19,21750.0,5.454225333274689,2023-05-22,21650.0,852.0,946.0,True,19485.0,36891.6,18482691.6,2023-07-07,21000.0,EXIT_MA,35784.0,-626475.6000000015,-3.3895257982879583,-3.002309468822173,32,46,2023-07-06
proxy,087010.KQ,2023-07-11,16470.0,89.3907255412195,2023-07-12,16430.0,3.0,1636.0,True,14787.0,98.58,49388.58,2023-07-12,14787.0,STOP,88.72200000000001,-5116.302000000003,-10.359281437125754,-9.999999999999998,1,0,
proxy,161580.KQ,2023-07-10,15900.0,87.57606392531456,2023-07-11,16400.0,1621.0,1621.0,False,14760.0,53168.8,26637568.8,2023-07-17,13150.0,STOP,42632.3,-5364051.1000000015,-20.137164695000248,-19.817073170731703,5,6,
proxy,214450.KQ,2023-05-16,113200.0,51.59728371795595,2023-05-17,114000.0,179.0,179.0,False,102600.0,40812.0,20446812.0,2023-07-19,124700.0,EXIT_MA,44642.6,1829845.3999999985,8.949294393668795,9.385964912280699,43,63,2023-07-18
proxy,093320.KQ,2023-07-19,77100.0,22.50574313389994,2023-07-20,79100.0,2.0,364.0,True,71190.0,316.40000000000003,158516.4,2023-07-21,71190.0,STOP,284.76,-16421.160000000003,-10.359281437125752,-9.999999999999998,2,1,
proxy,214150.KQ,2023-04-28,23700.0,24.072382080049035,2023-05-02,23900.0,901.0,901.0,False,21510.0,43067.8,21576967.8,2023-07-25,28300.0,EXIT_MA,50996.6,3870335.5999999978,17.937347063195773,18.410041841004187,57,84,2023-07-24
proxy,087010.KQ,2023-07-20,27450.0,217.3974653130592,2023-07-21,27000.0,1.0,1047.0,True,24300.0,54.0,27054.0,2023-07-25,24300.0,STOP,48.6,-2802.5999999999985,-10.359281437125743,-9.999999999999998,3,4,
proxy,036810.KQ,2023-07-21,28085.48242,55.91332316236971,2023-07-24,28232.52539,5.0,995.0,True,25409.272850999998,282.3252539,141444.9522039,2023-07-26,25409.272850999998,STOP,254.09272851,-14652.680677410011,-10.359281437125757,-10.000000000000009,3,2,
proxy,060370.KQ,2023-07-25,10730.0,54.87420759786902,2023-07-26,11270.0,8.0,2773.0,True,10143.0,180.32,90340.32,2023-07-26,10143.0,STOP,162.288,-9358.608000000007,-10.359281437125755,-9.999999999999998,1,0,
proxy,067310.KQ,2023-05-19,14978.30957,30.1444661997104,2023-05-22,14910.53516,1374.0,1374.0,False,13419.481644,40974.15061968,20528049.460459676,2023-07-27,16418.53125,EXIT_MA,45118.123875,1985894.3531653248,9.67405284652337,10.113628208633664,46,66,2023-07-26
proxy,086520.KQ,2023-07-18,219215.6875,664.2706712395002,2023-07-19,216274.5156,102.0,126.0,True,194647.06404000003,44120.0011824,22104120.5923824,2023-07-27,194647.06404000003,STOP,39708.00106416,-2289828.061366558,-10.35928143712574,-9.999999999999998,7,8,
proxy,281740.KQ,2023-03-15,6680.0,32.446074559337774,2023-03-16,6880.0,2655.0,2655.0,False,6192.0,36532.8,18302932.8,2023-07-28,18800.0,EXIT_MA,99828.0,31511239.2,172.16497238081973,173.25581395348837,92,134,2023-07-27
proxy,247540.KQ,2023-07-24,404500.0,170.4247097684195,2023-07-25,408500.0,62.0,69.0,True,367650.0,50654.0,25377654.0,2023-07-28,367000.0,STOP,45508.0,-2669162.0,-10.51776495967673,-10.159118727050187,4,3,
proxy,035900.KQ,2023-04-13,80600.0,14.266663898880811,2023-04-14,82400.0,231.0,267.0,True,74160.0,38068.8,19072468.8,2023-08-03,125700.0,EXIT_MA,58073.4,9906157.8,51.93956746700773,52.54854368932038,75,111,2023-08-02
proxy,036540.KQ,2023-07-31,6130.0,4.103098567018754,2023-08-01,6130.0,2.0,4867.0,True,5517.0,24.52,12284.52,2023-08-03,5600.0,EXIT_MA,22.400000000000002,-1106.92,-9.010689876364726,-8.646003262642743,2,2,2023-08-02
proxy,204270.KQ,2023-07-28,9790.0,43.28174822194376,2023-07-31,9900.0,3045.0,3045.0,False,8910.0,60291.0,30205791.0,2023-08-08,8910.0,STOP,54261.9,-3129102.8999999985,-10.359281437125743,-9.999999999999998,7,8,
proxy,039030.KQ,2023-07-28,161100.0,88.75434661686916,2023-07-31,161500.0,185.0,185.0,False,145350.0,59755.0,29937255.0,2023-08-09,143000.0,STOP,52910.0,-3535165.0,-11.808580980453954,-11.455108359133126,8,9,
proxy,140860.KQ,2023-05-19,159300.0,29.876438701259882,2023-05-22,159200.0,129.0,129.0,False,143280.0,41073.6,20577873.6,2023-08-11,178400.0,EXIT_MA,46027.200000000004,2389699.1999999993,11.612954994533542,12.060301507537696,57,81,2023-08-10
proxy,323280.KQ,2023-06-15,2490.0,5.832916258842108,2023-06-16,2490.0,2.0,10341.0,True,2241.0,9.96,4989.96,2023-08-11,2830.0,EXIT_MA,11.32,658.7200000000003,13.200907422103588,13.654618473895574,40,56,2023-08-10
proxy,257720.KQ,2023-08-04,9000.0,198.10231330183322,2023-08-07,9010.0,8.0,3186.0,True,8109.0,144.16,72224.16,2023-08-11,8109.0,STOP,129.744,-7481.904000000002,-10.359281437125752,-9.999999999999998,5,4,
proxy,140410.KQ,2023-08-09,44500.0,128.84028634547545,2023-08-10,45150.0,509.0,659.0,True,40635.0,45962.700000000004,23027312.7,2023-08-16,40635.0,STOP,41366.43,-2385464.129999999,-10.359281437125745,-9.999999999999998,4,6,
proxy,064290.KQ,2023-07-12,36000.0,90.96448675071643,2023-07-13,37350.0,1.0,764.0,True,33615.0,74.7,37424.7,2023-08-17,33615.0,STOP,67.23,-3876.9300000000003,-10.35928143712575,-9.999999999999998,25,35,
proxy,214450.KQ,2023-08-10,154400.0,77.80804619122456,2023-08-11,155100.0,147.0,192.0,True,139590.0,45599.4,22845299.4,2023-08-17,139590.0,STOP,41039.46,-2366608.8599999994,-10.359281437125746,-9.999999999999998,4,6,
proxy,310210.KQ,2023-08-11,72500.0,125.74925342235028,2023-08-14,72500.0,3.0,428.0,True,65250.0,435.0,217935.0,2023-08-18,65250.0,STOP,391.5,-22576.5,-10.359281437125748,-9.999999999999998,4,4,
proxy,137400.KQ,2023-07-10,63400.0,19.53661012917682,2023-07-11,64400.0,310.0,406.0,True,57960.0,39928.0,20003928.0,2023-08-24,65500.0,EXIT_MA,40610.0,260462.0,1.3020542765400875,1.7080745341614856,31,44,2023-08-23
proxy,039200.KQ,2023-07-27,31300.0,35.60766890595812,2023-07-28,31100.0,940.0,940.0,False,27990.0,58468.0,29292468.0,2023-08-28,27990.0,STOP,52621.200000000004,-3034489.1999999993,-10.359281437125746,-9.999999999999998,21,31,
proxy,213420.KQ,2023-08-17,45150.0,5.736914874737951,2023-08-18,44600.0,742.0,742.0,False,40140.0,66186.4,33159386.4,2023-08-31,42800.0,EXIT_MA,63515.200000000004,-1465301.5999999978,-4.418964761060831,-4.0358744394618835,9,13,2023-08-30
proxy,006730.KQ,2023-08-31,8954.545898,13.348234915876988,2023-09-01,9090.90918,1525.0,3594.0,True,8181.818262000001,27727.272999,13891363.772499,2023-09-05,8181.818262000001,STOP,24954.545699100003,-1439045.4686481003,-10.35928143712575,-9.999999999999998,3,4,
proxy,241710.KQ,2023-05-15,16450.0,57.32005278589062,2023-05-16,15700.0,1212.0,1212.0,False,14130.0,38056.8,19066456.8,2023-09-06,26350.0,EXIT_MA,63872.4,12805870.8,67.16439732000966,67.83439490445859,78,113,2023-09-05
proxy,044490.KQ,2023-08-28,23500.0,89.06926355227003,2023-08-29,23500.0,1357.0,1357.0,False,21150.0,63779.0,31953279.0,2023-09-07,21150.0,STOP,57401.1,-3310130.1000000015,-10.359281437125754,-9.999999999999998,8,9,
proxy,095340.KQ,2023-05-19,47250.0,26.135190669393065,2023-05-22,46350.0,435.0,435.0,False,41715.0,40324.5,20202574.5,2023-09-12,87800.0,EXIT_MA,76386.0,17914039.5,88.6720625631154,89.42826321467099,78,113,2023-09-11
proxy,122640.KQ,2023-07-13,13840.0,51.18366253162196,2023-07-14,13840.0,1.0,2037.0,True,12456.0,27.68,13867.68,2023-09-12,15790.0,EXIT_MA,31.580000000000002,1890.7399999999998,13.634147889192711,14.089595375722542,41,60,2023-09-11
proxy,328130.KQ,2023-09-07,54106.16016,398.7110282592343,2023-09-08,53013.10938,539.0,588.0,True,47711.798442,57148.131911640005,28631214.08773164,2023-09-14,47711.798442,STOP,51433.318720476,-2965988.046214115,-10.359281437125745,-10.000000000000009,5,6,
proxy,031980.KQ,2023-05-19,10810.0,7.007660747280162,2023-05-22,10600.0,1905.0,1905.0,False,9540.0,40386.0,20233386.0,2023-09-19,26100.0,EXIT_MA,99441.0,29387673.0,145.2434753135239,146.22641509433961,83,120,2023-09-18
proxy,140410.KQ,2023-08-31,49500.0,155.57017917604915,2023-09-01,49700.0,650.0,650.0,False,44730.0,64610.0,32369610.0,2023-09-21,44730.0,STOP,58149.0,-3353259.0,-10.359281437125748,-9.999999999999998,15,20,
proxy,041510.KQ,2023-08-02,136100.0,41.37327865331391,2023-08-03,136100.0,212.0,216.0,True,122490.0,57706.4,28910906.4,2023-09-22,126000.0,EXIT_MA,53424.0,-2252330.3999999985,-7.790590750900838,-7.421013960323297,35,50,2023-09-21
proxy,087010.KQ,2023-08-09,33550.0,302.6157975769776,2023-08-10,34750.0,874.0,874.0,False,31275.0,60743.0,30432243.0,2023-09-22,31275.0,STOP,54668.700000000004,-3152561.6999999993,-10.359281437125746,-9.999999999999998,31,43,
proxy,189300.KQ,2023-09-18,89700.0,13.950023534079264,2023-09-19,90700.0,356.0,356.0,False,81630.0,64578.4,32353778.4,2023-09-22,81630.0,STOP,58120.56,-3351618.959999997,-10.359281437125741,-9.999999999999998,4,3,
proxy,277810.KQ,2023-09-05,175200.0,210.23014179123564,2023-09-06,172100.0,186.0,186.0,False,154890.0,64021.200000000004,32074621.2,2023-09-25,154890.0,STOP,57619.08,-3322700.2799999975,-10.359281437125741,-9.999999999999998,14,19,
proxy,033100.KQ,2023-03-02,12580.0,68.9175063070108,2023-03-03,12610.0,1439.0,1439.0,False,11349.0,36291.58,18182081.58,2023-09-26,22900.0,EXIT_MA,65906.2,14705112.220000003,80.87694555377747,81.60190325138778,142,207,2023-09-25
proxy,084370.KQ,2023-09-14,42350.0,41.89111822189073,2023-09-15,41950.0,735.0,768.0,True,37755.0,61666.5,30894916.5,2023-09-27,37755.0,STOP,55499.85,-3200491.3500000015,-10.359281437125754,-9.999999999999998,9,12,
proxy,214150.KQ,2023-08-21,37500.0,71.14201753490732,2023-08-22,37150.0,220.0,828.0,True,33435.0,16346.0,8189346.0,2023-10-06,33450.0,EXIT_MA,14718.0,-845064.0,-10.319065771552454,-9.959623149394348,29,45,2023-10-05
proxy,204270.KQ,2023-09-05,10860.0,53.798583145864065,2023-09-06,10930.0,1118.0,3011.0,True,9837.0,24439.48,12244179.48,2023-10-06,9850.0,EXIT_MA,22024.600000000002,-1253904.08,-10.240817541495236,-9.881061299176574,18,30,2023-10-05
proxy,089970.KQ,2023-09-22,16220.0,10.144506339016267,2023-09-25,16320.0,1847.0,1847.0,False,14688.0,60286.08,30203326.08,2023-10-06,15300.0,EXIT_MA,56518.200000000004,-2000744.2799999975,-6.62425149700598,-6.25,5,11,2023-10-05
proxy,257720.KQ,2023-10-06,9820.0,182.69115849916048,2023-10-10,9740.0,3119.0,3119.0,False,8766.0,60758.12,30439818.12,2023-10-16,8766.0,STOP,54682.308000000005,-3153346.4279999994,-10.359281437125746,-9.999999999999998,5,6,
proxy,065350.KQ,2023-07-28,13800.0,20.789635158108762,2023-07-31,14470.0,1767.0,2160.0,True,13023.0,51136.98,25619626.98,2023-10-20,45700.0,EXIT_MA,161503.80000000002,54970769.22,214.56506475645804,215.82584657912923,53,81,2023-10-19
proxy,196170.KQ,2023-09-11,39923.07812,10.242999270033753,2023-09-12,39923.07812,822.0,822.0,False,35930.770308,65633.54042928,32882403.75506928,2023-10-23,42230.76953,EXIT_MA,69427.38510731999,1761861.4134833962,5.358067575007441,5.780344398955384,24,41,2023-10-20
proxy,036930.KQ,2023-07-17,21450.0,29.038878941536574,2023-07-18,21450.0,989.0,1274.0,True,19305.0,42428.1,21256478.1,2023-10-24,26400.0,EXIT_MA,52219.200000000004,4800902.699999999,22.585598034699824,23.076923076923084,64,98,2023-10-23
proxy,403870.KQ,2023-10-13,35200.0,75.33781984779569,2023-10-16,34900.0,881.0,881.0,False,31410.0,61493.8,30808393.8,2023-10-27,33050.0,EXIT_MA,58234.1,-1749577.9000000022,-5.678900079497174,-5.300859598853869,9,11,2023-10-26
proxy,053610.KQ,2023-10-25,49100.0,67.52531838301692,2023-10-26,46350.0,603.0,603.0,False,41715.0,55898.1,28004948.1,2023-10-30,45250.0,EXIT_MA,54571.5,-773769.6000000015,-2.762974590193943,-2.373247033441206,2,4,2023-10-27
proxy,328130.KQ,2023-11-03,42220.49219,305.9812512483848,2023-11-06,40887.94922,689.0,689.0,False,36799.154298,56343.594025160004,28228140.60660516,2023-11-09,43482.89844,EXIT_MA,59919.43405032,1671656.9845045172,5.921952167523789,6.346489049958759,3,3,2023-11-08
proxy,356860.KQ,2023-11-15,11867.54102,28.734948110715163,2023-11-16,11867.54102,2542.0,2542.0,False,10680.786918000002,60334.57854568,30227623.85138568,2023-11-27,11114.40918,EXIT_MA,56505.65627112,-2031301.3720967956,-6.720016704203092,-6.346149035682879,7,11,2023-11-24
proxy,087010.KQ,2023-11-23,36500.0,217.68149353958194,2023-11-24,36150.0,818.0,818.0,False,32535.0,59141.4,29629841.4,2023-11-27,32535.0,STOP,53227.26,-3069438.66,-10.359281437125748,-9.999999999999998,2,3,
proxy,036830.KQ,2023-11-15,39450.0,53.87313609252118,2023-11-16,39100.0,764.0,764.0,False,35190.0,59744.8,29932144.8,2023-11-28,35190.0,STOP,53770.32,-3100755.120000001,-10.359281437125752,-9.999999999999998,9,12,
proxy,277810.KQ,2023-11-28,190200.0,172.2023844349618,2023-11-29,188800.0,155.0,155.0,False,169920.0,58528.0,29322528.0,2023-12-01,169920.0,STOP,52675.200000000004,-3037603.1999999993,-10.359281437125746,-9.999999999999998,3,2,
proxy,240810.KQ,2023-11-06,35200.0,9.156039361955342,2023-11-07,35300.0,832.0,832.0,False,31770.0,58739.200000000004,29428339.2,2023-12-04,33750.0,EXIT_MA,56160.0,-1404499.1999999993,-4.772607758986274,-4.39093484419264,19,27,2023-12-01
proxy,067310.KQ,2023-11-02,24992.08984,104.13324657798681,2023-11-03,24865.01172,1165.0,1165.0,False,22378.510548,57935.4773076,29025674.1311076,2023-12-05,23128.27344,EXIT_MA,53888.877115200004,-2135124.450622797,-7.35598574206594,-6.984667047645365,22,32,2023-12-04
proxy,093320.KQ,2023-09-27,77800.0,24.076461087381574,2023-10-04,77000.0,367.0,367.0,False,69300.0,56518.0,28315518.0,2023-12-06,82700.0,EXIT_MA,60701.8,1974680.1999999993,6.973844518754696,7.402597402597411,44,63,2023-12-05
proxy,222800.KQ,2023-11-27,39400.0,19.615839488297063,2023-11-28,39800.0,749.0,749.0,False,35820.0,59620.4,29869820.4,2023-12-06,36450.0,EXIT_MA,54602.1,-2623372.5,-8.782685884512382,-8.417085427135673,6,8,2023-12-05
proxy,253590.KQ,2023-12-14,7030.0,89.1976842230023,2023-12-15,7030.0,1.0,4206.0,True,6327.0,14.06,7044.06,2023-12-15,6327.0,STOP,12.654,-729.7140000000009,-10.35928143712576,-9.999999999999998,1,0,
proxy,241710.KQ,2023-10-11,28950.0,133.7211729946076,2023-10-12,28850.0,1095.0,1095.0,False,25965.0,63181.5,31653931.5,2023-12-21,36250.0,EXIT_MA,79387.5,7960431.0,25.148316884428716,25.649913344887352,50,70,2023-12-20
proxy,204270.KQ,2023-11-02,12620.0,84.96431646247302,2023-11-03,12790.0,2308.0,2308.0,False,11511.0,59038.64,29578358.64,2023-12-26,12600.0,EXIT_MA,58161.6,-555720.2400000021,-1.878806889738903,-1.4855355746677068,36,53,2023-12-22
proxy,060370.KQ,2023-12-12,12110.0,58.2039260932275,2023-12-13,12050.0,43.0,2386.0,True,10845.0,1036.3,519186.3,2023-12-26,10845.0,STOP,932.6700000000001,-53783.96999999997,-10.359281437125743,-9.999999999999998,9,13,
proxy,093320.KQ,2023-12-11,95800.0,52.37618126140512,2023-12-12,99000.0,299.0,299.0,False,89100.0,59202.0,29660202.0,2024-01-03,89100.0,STOP,53281.8,-3072583.8000000007,-10.359281437125752,-9.999999999999998,14,22,
proxy,036930.KQ,2023-11-06,31650.0,87.66758956112322,2023-11-07,31050.0,926.0,926.0,False,27945.0,57504.6,28809804.6,2024-01-04,32000.0,EXIT_MA,59264.0,762931.3999999985,2.6481658261576633,3.059581320450877,39,58,2024-01-03
proxy,253590.KQ,2024-01-03,10200.0,179.57647134839476,2024-01-04,10230.0,2580.0,2907.0,True,9207.0,52786.8,26446186.8,2024-01-04,9207.0,STOP,47508.12,-2739634.920000002,-10.359281437125754,-9.999999999999998,1,0,
proxy,214150.KQ,2023-11-08,37250.0,70.20456997852699,2023-11-09,37300.0,798.0,798.0,False,33570.0,59530.8,29824930.8,2024-01-05,36550.0,EXIT_MA,58333.8,-716364.6000000015,-2.401898615637363,-2.0107238605898137,38,57,2024-01-04
proxy,065350.KQ,2024-01-05,58000.0,277.4402685654269,2024-01-08,62400.0,378.0,499.0,True,56160.0,47174.4,23634374.4,2024-01-10,56160.0,STOP,42456.96,-2448351.3599999994,-10.359281437125746,-9.999999999999998,3,2,
proxy,131970.KQ,2023-11-07,55900.0,57.46491328393627,2023-11-08,56200.0,533.0,533.0,False,50580.0,59909.200000000004,30014509.2,2024-01-11,54200.0,EXIT_MA,57777.200000000004,-1183686.3999999985,-3.9437139954965463,-3.558718861209964,43,64,2024-01-10
proxy,085660.KQ,2023-12-22,20150.0,25.002066344580264,2023-12-26,20150.0,475.0,1451.0,True,18135.0,19142.5,9590392.5,2024-01-11,18135.0,STOP,17228.25,-993495.75,-10.359281437125748,-9.999999999999998,11,16,
proxy,403870.KQ,2023-11-28,41150.0,95.98181954217108,2023-11-29,41000.0,719.0,719.0,False,36900.0,58958.0,29537958.0,2024-01-16,41000.0,EXIT_MA,58958.0,-117916.0,-0.39920159680638717,0.0,31,48,2024-01-15
proxy,356860.KQ,2023-12-22,13579.20605,33.619896394278,2023-12-26,13853.07227,2153.0,2153.0,False,12467.765043000001,59651.329194620004,29885315.926504623,2024-01-16,12467.765043000001,STOP,53686.19627515801,-3095903.9852007814,-10.359281437125759,-9.999999999999998,14,21,
proxy,183300.KQ,2024-01-02,13640.0,29.93763342529916,2024-01-03,13280.0,2.0,2231.0,True,11952.0,53.120000000000005,26613.12,2024-01-16,11952.0,STOP,47.808,-2756.928,-10.359281437125748,-9.999999999999998,10,13,
proxy,241710.KQ,2024-01-10,42000.0,160.76103671914024,2024-01-11,42000.0,685.0,685.0,False,37800.0,57540.0,28827540.0,2024-01-16,37800.0,STOP,51786.0,-2986326.0,-10.359281437125748,-9.999999999999998,4,5,
proxy,084370.KQ,2024-01-12,42450.0,27.488872327558145,2024-01-15,42500.0,657.0,657.0,False,38250.0,55845.0,27978345.0,2024-01-17,41350.0,EXIT_MA,54333.9,-865728.8999999985,-3.094282024186915,-2.70588235294118,2,2,2024-01-16
proxy,102710.KQ,2024-01-04,28100.0,23.740475191745574,2024-01-05,28100.0,1035.0,1035.0,False,25290.0,58167.0,29141667.0,2024-01-18,25290.0,STOP,52350.3,-3018867.3000000007,-10.359281437125752,-9.999999999999998,10,13,
proxy,196170.KQ,2023-12-21,67769.23438,79.21933989358125,2023-12-22,66923.07812,435.0,435.0,False,60230.77030800001,58223.07796440001,29169762.060164403,2024-01-19,60230.77030800001,STOP,52400.77016796001,-3021777.7463523634,-10.359281437125759,-9.999999999999998,18,28,
proxy,141080.KQ,2023-12-01,49000.0,33.251843234253506,2023-12-04,49000.0,608.0,608.0,False,44100.0,59584.0,29851584.0,2024-01-22,50000.0,EXIT_MA,60800.0,487616.0,1.6334677583608292,2.0408163265306145,32,49,2024-01-19
proxy,036830.KQ,2023-12-04,42300.0,40.83859819203491,2023-12-05,42000.0,688.0,688.0,False,37800.0,57792.0,28953792.0,2024-01-23,40100.0,EXIT_MA,55177.6,-1420169.6000000015,-4.904952000760389,-4.523809523809518,32,49,2024-01-22
proxy,253590.KQ,2024-01-22,14270.0,258.2863158968736,2024-01-23,13790.0,2115.0,2115.0,False,12411.0,58331.700000000004,29224181.7,2024-01-24,12411.0,STOP,52498.53,-3027415.2300000004,-10.35928143712575,-9.999999999999998,2,1,
proxy,124500.KQ,2024-01-22,10320.0,167.10229811280044,2024-01-23,10100.0,2924.0,2924.0,False,9090.0,59064.8,29591464.8,2024-01-24,9090.0,STOP,53158.32,-3065463.120000001,-10.359281437125752,-9.999999999999998,2,1,
proxy,093320.KQ,2024-01-19,119000.0,71.35561228201414,2024-01-22,124000.0,244.0,244.0,False,111600.0,60512.0,30316512.0,2024-01-26,111600.0,STOP,54460.8,-3140572.8000000007,-10.359281437125752,-9.999999999999998,5,4,
proxy,357780.KQ,2023-12-01,289000.0,26.380332718334575,2023-12-04,288000.0,103.0,103.0,False,259200.0,59328.0,29723328.0,2024-01-29,283000.0,EXIT_MA,58298.0,-632626.0,-2.1283821246396095,-1.736111111111116,37,56,2024-01-26
proxy,257720.KQ,2024-01-09,8640.0,66.19922224610644,2024-01-10,8690.0,4.0,3385.0,True,7821.0,69.52,34829.52,2024-01-29,8140.0,EXIT_MA,65.12,-2334.639999999996,-6.703049597008503,-6.329113924050633,13,19,2024-01-26
proxy,039030.KQ,2024-01-19,183900.0,68.57273931145212,2024-01-22,194000.0,158.0,158.0,False,174600.0,61304.0,30713304.0,2024-01-29,174600.0,STOP,55173.6,-3181677.6000000015,-10.359281437125754,-9.999999999999998,6,7,
proxy,323280.KQ,2024-01-23,5210.0,109.25365303705445,2024-01-24,5160.0,5664.0,5664.0,False,4644.0,58452.48,29284692.48,2024-01-29,4644.0,STOP,52607.232,-3033683.712000001,-10.359281437125754,-9.999999999999998,4,5,
proxy,065350.KQ,2024-01-26,89500.0,484.6203344011875,2024-01-29,91900.0,319.0,319.0,False,82710.0,58632.200000000004,29374732.2,2024-01-29,82710.0,STOP,52768.98,-3043011.1799999997,-10.359281437125748,-9.999999999999998,1,0,
proxy,251970.KQ,2024-01-22,25350.0,20.176785298769417,2024-01-23,25650.0,1190.0,1190.0,False,23085.0,61047.0,30584547.0,2024-01-30,24450.0,EXIT_MA,58191.0,-1547238.0,-5.058888071809598,-4.678362573099415,5,7,2024-01-29
proxy,403870.KQ,2024-01-23,51000.0,106.00065488058037,2024-01-24,50300.0,220.0,578.0,True,45270.0,22132.0,11088132.0,2024-01-30,45270.0,STOP,19918.8,-1148650.8000000007,-10.359281437125755,-9.999999999999998,5,6,
proxy,058470.KQ,2023-12-05,40900.0,31.843857091390344,2023-12-06,40700.0,688.0,688.0,False,36630.0,56003.200000000004,28057603.2,2024-02-01,39720.0,EXIT_MA,54654.72,-784897.9199999981,-2.7974517794877007,-2.4078624078624045,38,57,2024-01-31
proxy,195940.KQ,2023-12-27,43600.0,17.40556530479657,2023-12-28,43800.0,10.0,690.0,True,39420.0,876.0,438876.0,2024-02-01,41950.0,EXIT_MA,839.0,-20215.0,-4.6060846343841995,-4.223744292237441,23,35,2024-01-31
proxy,031980.KQ,2024-01-22,29400.0,98.40324793662992,2024-01-23,29500.0,1026.0,1026.0,False,26550.0,60534.0,30327534.0,2024-02-01,26550.0,STOP,54480.6,-3141714.6000000015,-10.359281437125754,-9.999999999999998,8,9,
proxy,084370.KQ,2024-01-25,46600.0,39.57747066129128,2024-01-26,45650.0,640.0,640.0,False,41085.0,58432.0,29274432.0,2024-02-01,41085.0,STOP,52588.8,-3032620.8000000007,-10.359281437125752,-9.999999999999998,5,6,
proxy,252990.KQ,2024-02-06,8160.0,61.2708387168322,2024-02-07,8810.0,3324.0,3324.0,False,7929.0,58568.880000000005,29343008.88,2024-02-07,7929.0,STOP,52711.992,-3039724.8719999976,-10.359281437125741,-9.999999999999998,1,0,
proxy,036830.KQ,2024-02-06,53700.0,85.73892932418183,2024-02-07,53100.0,505.0,505.0,False,47790.0,53631.0,26869131.0,2024-02-08,47790.0,STOP,48267.9,-2783448.8999999985,-10.359281437125743,-9.999999999999998,2,1,
proxy,425420.KQ,2024-02-08,35200.0,130.26516482585006,2024-02-13,34950.0,790.0,790.0,False,31455.0,55221.0,27665721.0,2024-02-19,32500.0,EXIT_MA,51350.0,-2042071.0,-7.381231813911519,-7.010014306151646,4,6,2024-02-16
proxy,403870.KQ,2024-02-13,59300.0,123.9492729341265,2024-02-14,57500.0,479.0,479.0,False,51750.0,55085.0,27597585.0,2024-02-29,51750.0,STOP,49576.5,-2858911.5,-10.359281437125748,-9.999999999999998,12,15,
proxy,067310.KQ,2024-03-04,23128.27344,40.06222797132365,2024-03-05,23382.42969,1056.0,1344.0,True,21044.186721000002,49383.69150528,24741229.44414528,2024-03-08,22958.83398,EXIT_MA,48489.057365759996,-545189.8186310418,-2.203568015331811,-1.811598348058585,3,3,2024-03-07
proxy,036830.KQ,2024-02-14,64500.0,121.18762323077836,2024-02-15,66000.0,450.0,450.0,False,59400.0,59400.0,29759400.0,2024-03-12,59400.0,STOP,53460.0,-3082860.0,-10.359281437125748,-9.999999999999998,18,26,
proxy,080220.KQ,2024-01-03,17800.0,293.4425584347367,2024-01-04,17800.0,1666.0,1666.0,False,16020.0,59309.6,29714109.6,2024-03-14,25850.0,EXIT_MA,86132.2,13265858.199999996,44.6449797035143,45.2247191011236,47,70,2024-03-13
proxy,074600.KQ,2024-03-07,30300.0,13.086932703371925,2024-03-08,30600.0,789.0,1021.0,True,27540.0,48286.8,24191686.8,2024-03-15,28600.0,EXIT_MA,45130.8,-1671417.6000000015,-6.909057701590289,-6.5359477124183,5,7,2024-03-14
proxy,122640.KQ,2024-02-27,22300.0,78.07277433279235,2024-02-28,22250.0,1.0,1358.0,True,20025.0,44.5,22294.5,2024-03-15,19660.0,STOP,39.32,-2673.8199999999997,-11.99318217497589,-11.64044943820225,12,16,
proxy,950160.KQ,2024-03-18,13430.0,45.294080427277365,2024-03-19,13420.0,2499.0,2499.0,False,12078.0,67073.16,33603653.16,2024-03-20,12078.0,STOP,60365.844000000005,-3481097.003999997,-10.359281437125741,-9.999999999999998,2,1,
proxy,204270.KQ,2024-02-20,12760.0,24.097612741195633,2024-02-21,12630.0,2353.0,2353.0,False,11367.0,59436.78,29777826.78,2024-03-22,11367.0,STOP,53493.102,-3084768.882000003,-10.359281437125759,-9.999999999999998,22,30,
proxy,425420.KQ,2024-03-20,43100.0,159.87487698569097,2024-03-21,43550.0,690.0,767.0,True,39195.0,60099.0,30109599.0,2024-03-25,39195.0,STOP,54089.1,-3119138.1000000015,-10.359281437125754,-9.999999999999998,3,4,
proxy,065350.KQ,2024-02-05,102300.0,585.3230977994651,2024-02-06,98900.0,260.0,260.0,False,89010.0,51428.0,25765428.0,2024-04-05,107700.0,EXIT_MA,56004.0,2180568.0,8.463154580626412,8.897876643073822,40,59,2024-04-04
proxy,388720.KQ,2024-03-29,31500.0,13.785562065806628,2024-04-01,31850.0,592.0,1102.0,True,28665.0,37710.4,18892910.4,2024-04-15,28665.0,STOP,33939.36,-1957169.759999998,-10.359281437125738,-9.999999999999998,10,14,
proxy,356860.KQ,2024-04-04,14035.64941,20.753621103391843,2024-04-05,13738.96094,2030.0,2496.0,True,12365.064846000001,55780.1814164,27945870.8896164,2024-04-15,12365.064846000001,STOP,50202.16327476001,-2894991.4155111574,-10.35928143712574,-9.999999999999998,6,10,
proxy,277810.KQ,2024-03-19,190100.0,40.183734130356875,2024-03-20,191900.0,133.0,174.0,True,172710.0,51045.4,25573745.4,2024-04-16,171700.0,STOP,45672.200000000004,-2783317.5999999978,-10.883496165563601,-10.526315789473683,19,27,
proxy,131290.KQ,2024-02-13,57000.0,35.991339580074296,2024-02-14,55300.0,499.0,499.0,False,49770.0,55189.4,27649889.4,2024-04-22,57500.0,EXIT_MA,57385.0,985225.6000000015,3.563217146177813,3.9783001808318286,46,68,2024-04-19
proxy,196170.KQ,2024-02-21,72230.76562,77.21380334831386,2024-02-22,71230.76562,218.0,406.0,True,64107.689058,31056.613810320003,15559363.51897032,2024-05-07,138307.6875,EXIT_MA,60302.151750000005,14531410.204279682,93.39334598463918,94.16846961584011,49,75,2024-05-03
proxy,089030.KQ,2023-10-13,7450.0,4.929789013649163,2023-10-16,7330.0,4166.0,4166.0,False,6597.0,61073.56,30597853.56,2024-05-13,31400.0,EXIT_MA,261624.80000000002,99952921.64,326.66644882132056,328.3765347885402,141,210,2024-05-10
proxy,252990.KQ,2024-04-12,8030.0,41.68236624957765,2024-04-15,7920.0,1.0,4463.0,True,7128.0,15.84,7935.84,2024-05-13,7290.0,EXIT_MA,14.58,-660.4200000000001,-8.321992378878607,-7.954545454545459,18,28,2024-05-10
proxy,028300.KQ,2024-02-19,78800.0,149.76898285384937,2024-02-20,79300.0,365.0,365.0,False,71370.0,57889.0,29002389.0,2024-05-14,100000.0,EXIT_MA,73000.0,7424611.0,25.59999798637278,26.103404791929385,56,84,2024-05-13
proxy,171090.KQ,2024-05-10,70800.0,178.45959969547823,2024-05-13,70200.0,518.0,518.0,False,63180.0,72727.2,36436327.2,2024-05-14,63180.0,STOP,65454.48,-3774541.6800000034,-10.359281437125757,-9.999999999999998,2,1,
proxy,145020.KQ,2024-02-15,169500.0,25.88976080919585,2024-02-16,168500.0,169.0,169.0,False,151650.0,56953.0,28533453.0,2024-05-17,199900.0,EXIT_MA,67566.2,5182080.799999997,18.16142196319526,18.63501483679526,60,91,2024-05-16
proxy,119850.KQ,2024-05-13,9860.0,132.93570358684806,2024-05-14,10490.0,3658.0,3658.0,False,9441.0,76744.84,38449164.84,2024-05-17,9441.0,STOP,69070.356,-3983057.1960000023,-10.359281437125754,-9.999999999999998,3,3,
proxy,036830.KQ,2024-05-07,71600.0,112.5236427104729,2024-05-08,71300.0,421.0,531.0,True,64170.0,60034.6,30077334.6,2024-05-21,64170.0,STOP,54031.14,-3115795.740000002,-10.359281437125754,-9.999999999999998,9,13,
proxy,058470.KQ,2024-03-15,51000.0,48.22973805193207,2024-03-18,50300.0,655.0,655.0,False,45270.0,65893.0,33012393.0,2024-05-27,52700.0,EXIT_MA,69037.0,1437070.0,4.3531227802843615,4.771371769383692,46,70,2024-05-24
proxy,183300.KQ,2024-04-15,17180.0,54.81520002456972,2024-04-16,16920.0,2086.0,2086.0,False,15228.0,70590.24,35365710.24,2024-06-04,16900.0,EXIT_MA,70506.8,-182817.0399999991,-0.516933036999285,-0.11820330969266601,32,49,2024-06-03
proxy,178320.KQ,2024-05-24,31300.0,68.49910483224639,2024-05-27,31300.0,1098.0,1144.0,True,28170.0,68734.8,34436134.8,2024-06-07,28170.0,STOP,61861.32,-3567336.1199999973,-10.359281437125741,-9.999999999999998,9,11,
proxy,090710.KQ,2024-05-08,3060.0,105.17413497602335,2024-05-09,3100.0,19.0,12124.0,True,2790.0,117.8,59017.8,2024-06-12,2600.0,STOP,98.8,-9716.600000000006,-16.4638465005473,-16.129032258064512,23,34,
proxy,122640.KQ,2024-06-13,21400.0,21.90125964811526,2024-06-14,21150.0,1.0,2005.0,True,19035.0,42.300000000000004,21192.3,2024-06-20,19590.0,EXIT_MA,39.18,-1641.4799999999996,-7.745643464843361,-7.375886524822695,4,6,2024-06-19
proxy,033790.KQ,2024-06-21,10720.0,674.9513964865374,2024-06-24,10990.0,1.0,4126.0,True,9891.0,21.98,11011.98,2024-06-25,9891.0,STOP,19.782,-1140.7619999999988,-10.359281437125738,-9.999999999999998,2,1,
proxy,083650.KQ,2024-05-22,10180.0,41.377341076429616,2024-05-23,10190.0,3533.0,3533.0,False,9171.0,72002.54000000001,36073272.54,2024-07-02,9620.0,EXIT_MA,67974.92,-2153787.460000001,-5.970590712588565,-5.593719332679092,27,40,2024-07-01
proxy,039200.KQ,2024-07-01,41400.0,68.036077514853,2024-07-02,40950.0,826.0,1037.0,True,36855.0,67649.4,33892349.4,2024-07-02,36855.0,STOP,60884.46,-3511003.8599999994,-10.359281437125748,-9.999999999999998,1,0,
proxy,099320.KQ,2024-04-24,49300.0,44.985721848009014,2024-04-25,48950.0,583.0,721.0,True,44055.0,57075.700000000004,28594925.7,2024-07-03,51600.0,EXIT_MA,60165.6,1427708.6999999993,4.992874312661702,5.413687436159353,45,69,2024-07-02
proxy,035760.KQ,2024-05-10,88600.0,26.52689957429613,2024-05-13,88000.0,414.0,414.0,False,79200.0,72864.0,36504864.0,2024-07-03,79200.0,STOP,65577.6,-3781641.6000000015,-10.359281437125754,-9.999999999999998,36,51,
proxy,032820.KQ,2024-05-23,2250.0,65.93659647646786,2024-05-24,2220.0,1437.0,16270.0,True,1998.0,6380.28,3196520.28,2024-07-03,1998.0,STOP,5742.252,-331136.53199999966,-10.35928143712574,-9.999999999999998,28,40,
proxy,232140.KQ,2024-04-18,9460.0,104.57772388419066,2024-04-19,9770.0,3004.0,3841.0,True,8793.0,58698.16,29407778.16,2024-07-04,16100.0,EXIT_MA,96728.8,18859893.040000003,64.13232899605089,64.79017400204708,50,76,2024-07-03
proxy,204270.KQ,2024-07-04,31250.0,181.16175153766176,2024-07-05,30950.0,4.0,1359.0,True,27855.0,247.6,124047.6,2024-07-05,27855.0,STOP,222.84,-12850.440000000002,-10.35928143712575,-9.999999999999998,1,0,
proxy,140860.KQ,2024-07-03,195800.0,19.125171477707124,2024-07-04,195800.0,88.0,215.0,True,176220.0,34460.8,17264860.8,2024-07-12,176220.0,STOP,31014.72,-1788515.5200000014,-10.359281437125755,-9.999999999999998,7,8,
proxy,028300.KQ,2024-07-05,93100.0,100.26299347818095,2024-07-08,95400.0,1.0,459.0,True,85860.0,190.8,95590.8,2024-07-12,85500.0,STOP,171.0,-10261.800000000003,-10.735133506571765,-10.377358490566035,5,4,
proxy,323280.KQ,2024-05-14,5650.0,92.50700859888721,2024-05-16,5600.0,6470.0,6470.0,False,5040.0,72464.0,36304464.0,2024-07-16,8510.0,EXIT_MA,110119.40000000001,18645116.6,51.357641859138866,51.96428571428571,42,61,2024-07-15
proxy,178320.KQ,2024-07-03,34050.0,76.21093490805903,2024-07-04,34150.0,1241.0,1241.0,False,30735.0,84760.3,42464910.3,2024-07-16,30735.0,STOP,76284.27,-4399059.57,-10.35928143712575,-9.999999999999998,9,12,
proxy,032820.KQ,2024-07-09,2825.0,95.84487286329622,2024-07-10,2925.0,3.0,15636.0,True,2632.5,17.55,8792.55,2024-07-17,2632.5,STOP,15.795,-910.8449999999993,-10.359281437125741,-9.999999999999998,6,7,
proxy,031980.KQ,2024-02-08,33000.0,123.27152747938005,2024-02-13,34400.0,843.0,843.0,False,30960.0,57998.4,29057198.4,2024-07-18,58000.0,EXIT_MA,97788.0,19739013.6,67.931578703059,68.6046511627907,106,156,2024-07-17
proxy,064760.KQ,2024-06-04,126900.0,32.811670288965956,2024-06-05,128000.0,274.0,298.0,True,115200.0,70144.0,35142144.0,2024-07-18,119700.0,EXIT_MA,65595.6,-2409939.6000000015,-6.857690868263477,-6.484374999999998,30,43,2024-07-17
proxy,214150.KQ,2024-06-12,53800.0,64.01167366922397,2024-06-13,53800.0,2.0,795.0,True,48420.0,215.20000000000002,107815.2,2024-07-19,48420.0,STOP,193.68,-11168.87999999999,-10.35928143712574,-9.999999999999998,27,36,
proxy,089030.KQ,2024-05-20,41000.0,294.46043376581565,2024-05-21,40800.0,873.0,873.0,False,36720.0,71236.8,35689636.8,2024-07-24,49500.0,EXIT_MA,86427.0,7437436.200000003,20.839203945051086,21.323529411764696,45,64,2024-07-23
proxy,087010.KQ,2024-07-19,81000.0,266.2045175469923,2024-07-22,82000.0,506.0,506.0,False,73800.0,82984.0,41574984.0,2024-07-25,73800.0,STOP,74685.6,-4306869.6000000015,-10.359281437125752,-9.999999999999998,4,3,
proxy,257720.KQ,2024-03-21,10820.0,77.00453089006717,2024-03-22,10830.0,2.0,3106.0,True,9747.0,43.32,21703.32,2024-07-26,42950.0,EXIT_MA,171.8,64024.88,295.0003962527392,296.58356417359187,85,126,2024-07-25
proxy,033100.KQ,2024-03-27,37900.0,102.9657963878396,2024-03-28,37900.0,916.0,916.0,False,34110.0,69432.8,34785832.8,2024-07-30,79000.0,EXIT_MA,144728.0,37433439.2,107.61116289847747,108.44327176781002,83,124,2024-07-29
proxy,241710.KQ,2024-05-23,49350.0,82.46883077984917,2024-05-24,49100.0,741.0,741.0,False,44190.0,72766.2,36455866.2,2024-08-05,70100.0,EXIT_MA,103888.2,15384345.599999994,42.19991788317457,42.769857433808546,50,73,2024-08-02
proxy,253590.KQ,2024-06-26,12270.0,104.06171439855187,2024-06-27,12410.0,1.0,3668.0,True,11169.0,24.82,12434.82,2024-08-05,11080.0,EXIT_MA,22.16,-1376.9799999999996,-11.073582086431486,-10.71716357775987,27,39,2024-08-02
proxy,060370.KQ,2024-07-08,19700.0,110.89559288171218,2024-07-09,19500.0,1.0,2196.0,True,17550.0,39.0,19539.0,2024-08-05,18100.0,EXIT_MA,36.2,-1475.2000000000007,-7.550028148830548,-7.179487179487176,19,27,2024-08-02
proxy,000250.KQ,2024-07-03,181800.0,111.78700959656234,2024-07-04,179000.0,232.0,232.0,False,161100.0,83056.0,41611056.0,2024-08-05,161100.0,STOP,74750.40000000001,-4310606.3999999985,-10.359281437125745,-9.999999999999998,23,32,
proxy,298380.KQ,2024-07-03,26900.0,21.70094721745029,2024-07-04,27200.0,1571.0,1571.0,False,24480.0,85462.40000000001,42816662.4,2024-08-05,24480.0,STOP,76916.16,-4435498.559999995,-10.359281437125736,-9.999999999999998,23,32,
proxy,033790.KQ,2024-07-19,13500.0,907.9783704715958,2024-07-22,13550.0,3036.0,3036.0,False,12195.0,82275.6,41220075.6,2024-08-05,12195.0,STOP,74048.04000000001,-4270103.640000001,-10.35928143712575,-9.999999999999998,11,14,
proxy,145020.KQ,2024-07-24,246500.0,61.59339546458552,2024-07-25,240000.0,168.0,168.0,False,216000.0,80640.0,40400640.0,2024-08-05,216000.0,STOP,72576.0,-4185216.0,-10.359281437125748,-9.999999999999998,8,11,
proxy,141080.KQ,2024-07-30,89300.0,96.52857075923423,2024-07-31,89700.0,456.0,456.0,False,80730.0,81806.40000000001,40985006.4,2024-08-05,80500.0,STOP,73416.0,-4350422.3999999985,-10.614668099698036,-10.256410256410254,4,5,
proxy,196170.KQ,2024-06-07,206923.0781,256.4688606232879,2024-06-10,203846.1562,151.0,190.0,True,183461.54058,61561.5391724,30842331.1253724,2024-08-06,214230.7656,EXIT_MA,64697.69121120001,1441816.7890164033,4.6747983579953685,5.0943366279673,41,57,2024-08-05
proxy,323280.KQ,2024-08-16,18310.0,386.89991349033204,2024-08-19,18150.0,2042.0,2042.0,False,16335.0,74124.6,37136424.6,2024-08-19,16335.0,STOP,66712.14,-3847066.740000002,-10.359281437125754,-9.999999999999998,1,0,
proxy,950160.KQ,2024-05-22,13060.0,36.49308775878338,2024-05-23,12930.0,2754.0,2754.0,False,11637.0,71218.44,35680438.44,2024-08-22,15420.0,EXIT_MA,84933.36,6701308.200000003,18.78146259684808,19.25754060324827,63,91,2024-08-21
proxy,084370.KQ,2024-08-16,51600.0,35.56705992942315,2024-08-19,51600.0,724.0,724.0,False,46440.0,74716.8,37433116.8,2024-08-29,46440.0,STOP,67245.12,-3877801.9199999943,-10.359281437125734,-9.999999999999998,9,10,
proxy,145020.KQ,2024-08-19,286500.0,93.85205371051813,2024-08-20,289000.0,128.0,128.0,False,260100.0,73984.0,37065984.0,2024-09-02,260100.0,STOP,66585.6,-3839769.6000000015,-10.359281437125754,-9.999999999999998,10,13,
proxy,310210.KQ,2024-08-26,83500.0,106.85909048720444,2024-08-27,87200.0,440.0,440.0,False,78480.0,76736.0,38444736.0,2024-09-04,77200.0,STOP,67936.0,-4544672.0,-11.821311505429508,-11.467889908256879,7,8,
proxy,298380.KQ,2024-08-26,32900.0,66.97453036053848,2024-08-27,32900.0,1116.0,1116.0,False,29610.0,73432.8,36789832.8,2024-09-04,29100.0,STOP,64951.200000000004,-4379183.999999996,-11.903245181369774,-11.550151975683887,7,8,
proxy,032820.KQ,2024-09-13,2440.0,64.99107913713868,2024-09-19,2550.0,14630.0,14630.0,False,2295.0,74613.0,37381113.0,2024-09-24,2295.0,STOP,67151.7,-3872414.6999999993,-10.359281437125746,-9.999999999999998,4,5,
proxy,257720.KQ,2024-09-20,45950.0,270.2700066419438,2024-09-23,46350.0,790.0,790.0,False,41715.0,73233.0,36689733.0,2024-10-04,43450.0,EXIT_MA,68651.0,-2432884.0,-6.630966761191748,-6.256742179072273,7,11,2024-10-02
proxy,388720.KQ,2024-10-07,38500.0,57.27621978711564,2024-10-08,38350.0,939.0,939.0,False,34515.0,72021.3,36082671.3,2024-10-16,34515.0,STOP,64819.17,-3737905.469999999,-10.359281437125746,-9.999999999999998,6,8,
proxy,347700.KQ,2024-10-14,3975.0,94.56343511925851,2024-10-15,3975.0,9417.0,9417.0,False,3577.5,74865.15000000001,37507440.15,2024-10-18,3577.5,STOP,67378.635,-3885501.2849999964,-10.35928143712574,-9.999999999999998,4,3,
proxy,323280.KQ,2024-10-08,37600.0,645.4902249239627,2024-10-10,37600.0,962.0,962.0,False,33840.0,72342.40000000001,36243542.4,2024-10-22,33840.0,STOP,65108.16,-3754570.5599999987,-10.359281437125745,-9.999999999999998,9,12,
proxy,950160.KQ,2024-10-11,16910.0,62.251885360894775,2024-10-14,17300.0,2210.0,2210.0,False,15570.0,76466.0,38309466.0,2024-10-22,15570.0,STOP,68819.4,-3968585.3999999985,-10.359281437125745,-9.999999999999998,7,8,
proxy,237690.KQ,2024-08-19,100300.0,33.806629349355035,2024-08-20,97700.0,367.0,367.0,False,87930.0,71711.8,35927611.8,2024-10-23,101900.0,EXIT_MA,74794.6,1394893.6000000015,3.88251133352538,4.298874104401218,40,64,2024-10-22
proxy,039200.KQ,2024-10-15,42250.0,47.48755983242256,2024-10-16,41850.0,557.0,901.0,True,37665.0,46620.9,23357070.9,2024-10-23,37600.0,EXIT_MA,41886.4,-2455757.299999997,-10.513978017680278,-10.15531660692951,5,7,2024-10-22
proxy,087010.KQ,2024-10-17,100600.0,168.3043585888385,2024-10-18,100600.0,320.0,376.0,True,90540.0,64384.0,32256384.0,2024-10-23,90540.0,STOP,57945.6,-3341529.6000000015,-10.359281437125754,-9.999999999999998,4,5,
proxy,214150.KQ,2024-09-10,54800.0,51.81795824082241,2024-09-11,54500.0,649.0,649.0,False,49050.0,70741.0,35441241.0,2024-10-25,51100.0,EXIT_MA,66327.8,-2343668.8000000007,-6.612829387097367,-6.238532110091743,26,44,2024-10-24
proxy,115180.KQ,2024-10-18,5280.0,40.53104343507542,2024-10-21,5640.0,5966.0,7095.0,True,5076.0,67296.48,33715536.48,2024-10-25,5076.0,STOP,60566.832,-3492687.3119999953,-10.359281437125736,-9.999999999999998,5,4,
proxy,298380.KQ,2024-10-11,40500.0,73.25591205008408,2024-10-14,40050.0,922.0,922.0,False,36045.0,73852.2,36999952.2,2024-10-28,36045.0,STOP,66466.98,-3832929.1800000034,-10.359281437125757,-9.999999999999998,11,14,
proxy,145020.KQ,2024-10-15,286000.0,73.15640998621662,2024-10-16,285000.0,133.0,133.0,False,256500.0,75810.0,37980810.0,2024-11-04,256500.0,STOP,68229.0,-3934539.0,-10.359281437125748,-9.999999999999998,14,19,
proxy,226950.KQ,2024-10-08,21600.0,85.13152293885122,2024-10-10,21350.0,1676.0,1676.0,False,19215.0,71565.2,35854165.2,2024-11-06,19215.0,STOP,64408.68,-3714233.8800000027,-10.359281437125755,-9.999999999999998,20,27,
proxy,145020.KQ,2024-11-06,321000.0,76.8230511178386,2024-11-07,313000.0,113.0,113.0,False,281700.0,70738.0,35439738.0,2024-11-11,281700.0,STOP,63664.200000000004,-3671302.1999999993,-10.359281437125746,-9.999999999999998,3,4,
proxy,083650.KQ,2024-11-12,15040.0,102.55016904316399,2024-11-13,15920.0,2428.0,2428.0,False,14328.0,77307.52,38731067.52,2024-11-13,14328.0,STOP,69576.768,-4012260.2880000025,-10.359281437125754,-9.999999999999998,1,0,
proxy,251970.KQ,2024-11-06,39350.0,32.821530879470586,2024-11-07,39250.0,927.0,927.0,False,35325.0,72769.5,36457519.5,2024-11-15,35325.0,STOP,65492.55,-3776737.0500000007,-10.35928143712575,-9.999999999999998,7,8,
proxy,214450.KQ,2024-08-07,166900.0,45.84960865229545,2024-08-08,169900.0,222.0,222.0,False,152910.0,75435.6,37793235.6,2024-11-19,208500.0,EXIT_MA,92574.0,8401190.399999999,22.229349423577798,22.719246615656274,66,103,2024-11-18
proxy,141080.KQ,2024-09-20,104900.0,111.19633042182915,2024-09-23,105600.0,346.0,346.0,False,95040.0,73075.2,36610675.2,2024-11-20,109700.0,EXIT_MA,75912.40000000001,1269612.3999999985,3.4678748563479056,3.882575757575757,39,58,2024-11-19
proxy,087010.KQ,2024-11-11,110300.0,218.07647939593747,2024-11-12,113600.0,334.0,334.0,False,102240.0,75884.8,38018284.8,2024-11-20,102240.0,STOP,68296.32,-3938421.1199999973,-10.359281437125741,-9.999999999999998,7,8,
proxy,196170.KQ,2024-09-19,269230.7812,258.971276797866,2024-09-20,266923.0625,134.0,134.0,False,240230.75625,71535.38075,35839225.75575,2024-11-21,264615.375,EXIT_MA,70916.92050000001,-451682.4262500033,-1.2603018528589054,-0.8645515596839792,41,62,2024-11-20
proxy,083650.KQ,2024-11-19,17920.0,132.32070543963403,2024-11-20,17760.0,2006.0,2006.0,False,15984.0,71253.12,35697813.12,2024-11-29,15984.0,STOP,64127.808000000005,-3698036.9279999956,-10.359281437125738,-9.999999999999998,8,9,
proxy,226950.KQ,2024-12-04,25200.0,89.90406822858033,2024-12-05,24950.0,1403.0,1403.0,False,22455.0,70009.7,35074859.7,2024-12-17,23000.0,EXIT_MA,64538.0,-2870397.700000003,-8.183632734530946,-7.815631262525047,8,12,2024-12-16
proxy,007390.KQ,2024-10-23,11310.0,39.4110950914578,2024-10-24,11400.0,3185.0,3185.0,False,10260.0,72618.0,36381618.0,2024-12-27,19920.0,EXIT_MA,126890.40000000001,26936691.6,74.0392898413699,74.73684210526316,45,64,2024-12-26
proxy,388720.KQ,2025-02-07,37600.0,41.25177202026132,2025-02-10,46700.0,1070.0,1070.0,False,42030.0,99938.0,50068938.0,2025-02-11,42030.0,STOP,89944.2,-5186782.200000003,-10.359281437125754,-9.999999999999998,2,1,
proxy,204270.KQ,2025-02-13,28000.0,67.77348338899687,2025-02-14,27450.0,1510.0,1510.0,False,24705.0,82899.0,41532399.0,2025-02-20,24705.0,STOP,74609.1,-4302458.1000000015,-10.359281437125752,-9.999999999999998,5,6,
proxy,226950.KQ,2025-02-17,48150.0,185.19470791128646,2025-02-18,47000.0,5.0,897.0,True,42300.0,470.0,235470.0,2025-02-20,42300.0,STOP,423.0,-24393.0,-10.359281437125748,-9.999999999999998,3,2,
proxy,082920.KQ,2025-01-02,11575.0,41.23488954120716,2025-01-03,11525.0,3165.0,3165.0,False,10372.5,72953.25,36549578.25,2025-03-04,11975.0,EXIT_MA,75801.75,1275495.0,3.4897666705634287,3.90455531453362,37,60,2025-02-28
proxy,319400.KQ,2025-01-06,3645.0,31.598040677208385,2025-01-07,3660.0,10203.0,10203.0,False,3294.0,74685.96,37417665.96,2025-03-04,3690.0,EXIT_MA,75298.14,156105.8999999985,0.41719839010503185,0.8196721311475308,35,56,2025-02-28
proxy,226950.KQ,2025-02-28,58800.0,286.7804419874267,2025-03-04,57200.0,714.0,714.0,False,51480.0,81681.6,40922481.6,2025-03-07,51480.0,STOP,73513.44,-4239275.039999999,-10.359281437125746,-9.999999999999998,4,3,
proxy,083650.KQ,2025-01-22,20900.0,140.5127826173727,2025-01-23,20750.0,1900.0,1900.0,False,18675.0,78850.0,39503850.0,2025-03-11,18640.0,STOP,70832.0,-4158682.0,-10.52728278382993,-10.168674698795177,29,47,
proxy,014620.KQ,2024-11-07,14480.0,22.143675777121867,2024-11-08,14800.0,2504.0,2504.0,False,13320.0,74118.40000000001,37133318.4,2025-03-14,26650.0,EXIT_MA,133463.2,29464818.4,79.34873496250742,80.06756756756756,82,126,2025-03-13
proxy,108490.KQ,2025-03-17,40500.0,86.61715964432928,2025-03-18,40500.0,1076.0,1076.0,False,36450.0,87156.0,43665156.0,2025-03-19,36300.0,STOP,78117.6,-4684473.6000000015,-10.728173283063507,-10.370370370370374,2,1,
proxy,196170.KQ,2025-03-17,338076.9375,83.22551723063684,2025-03-18,348846.1562,129.0,129.0,False,313961.54058000003,90002.3082996,45091156.4580996,2025-03-20,313961.54058000003,STOP,81002.07746964,-4671119.800749242,-10.359281437125754,-9.999999999999998,3,2,
proxy,082920.KQ,2025-03-18,14325.0,50.84673888832377,2025-03-19,14200.0,3158.0,3158.0,False,12780.0,89687.2,44933287.2,2025-03-21,12750.0,EXIT_MA,80529.0,-4749316.200000003,-10.569705659104333,-10.2112676056338,2,2,2025-03-20
proxy,298380.KQ,2025-01-16,32850.0,23.861316551291093,2025-01-17,32850.0,1200.0,1200.0,False,29565.0,78840.0,39498840.0,2025-03-24,36900.0,EXIT_MA,88560.0,4692600.0,11.880348891258578,12.328767123287676,41,66,2025-03-21
proxy,310210.KQ,2025-03-04,135000.0,155.90776720333636,2025-03-05,135500.0,254.0,321.0,True,121950.0,68834.0,34485834.0,2025-03-24,121950.0,STOP,61950.6,-3572484.6000000015,-10.359281437125754,-9.999999999999998,14,19,
proxy,023160.KQ,2024-12-19,18210.0,52.670697318053605,2024-12-20,18200.0,1968.0,1968.0,False,16380.0,71635.2,35889235.2,2025-03-25,21900.0,EXIT_MA,86198.40000000001,7123766.3999999985,19.84931236428242,20.329670329670325,59,95,2025-03-24
proxy,347700.KQ,2025-01-22,5000.0,123.15995679023901,2025-01-23,4925.0,7946.0,7946.0,False,4432.5,78268.1,39212318.1,2025-04-07,6800.0,EXIT_MA,108065.6,14712416.299999997,37.51988408968863,38.07106598984771,47,74,2025-04-04
proxy,041510.KQ,2025-04-04,115900.0,68.9328806954961,2025-04-07,113300.0,359.0,359.0,False,101970.0,81349.40000000001,40756049.4,2025-04-09,101970.0,STOP,73214.46,-4222033.859999999,-10.359281437125748,-9.999999999999998,3,2,
proxy,053800.KQ,2025-04-04,93900.0,60.02583791117465,2025-04-07,98000.0,444.0,444.0,False,88200.0,87024.0,43599024.0,2025-04-09,88200.0,STOP,78321.6,-4516545.6000000015,-10.359281437125752,-9.999999999999998,3,2,
proxy,122870.KQ,2025-02-20,60200.0,39.94534760643095,2025-02-21,61100.0,611.0,693.0,True,54990.0,74664.2,37406764.2,2025-04-10,60200.0,EXIT_MA,73564.40000000001,-698128.6000000015,-1.8663164669025327,-1.4729950900163713,33,48,2025-04-09
proxy,007390.KQ,2025-04-10,32000.0,181.4345168184818,2025-04-11,31750.0,1313.0,1313.0,False,28575.0,83375.5,41771125.5,2025-04-15,28575.0,STOP,75037.95,-4327188.450000003,-10.359281437125755,-9.999999999999998,3,4,
proxy,437730.KQ,2025-04-17,13370.0,44.06517229342422,2025-04-18,13860.0,3350.0,3350.0,False,12474.0,92862.0,46523862.0,2025-04-22,12474.0,STOP,83575.8,-4819537.799999997,-10.359281437125741,-9.999999999999998,3,4,
proxy,124500.KQ,2025-04-21,6950.0,41.18575127186786,2025-04-22,7060.0,6412.0,6412.0,False,6354.0,90537.44,45359257.44,2025-04-23,6354.0,STOP,81483.696,-4698893.136,-10.359281437125748,-9.999999999999998,2,1,
proxy,007390.KQ,2025-04-22,33250.0,205.23846021180455,2025-04-23,34000.0,1334.0,1334.0,False,30600.0,90712.0,45446712.0,2025-04-23,30600.0,STOP,81640.8,-4707952.799999997,-10.359281437125741,-9.999999999999998,1,0,
proxy,388720.KQ,2025-04-02,72300.0,159.0546591525335,2025-04-03,77000.0,575.0,575.0,False,69300.0,88550.0,44363550.0,2025-04-28,69300.0,STOP,79695.0,-4595745.0,-10.359281437125748,-9.999999999999998,18,25,
proxy,437730.KQ,2025-04-22,14700.0,58.791433276281836,2025-04-23,14950.0,3017.0,3017.0,False,13455.0,90208.3,45194358.3,2025-04-28,13455.0,STOP,81187.47,-4681810.769999996,-10.359281437125741,-9.999999999999998,4,5,
proxy,950160.KQ,2024-12-02,19700.0,79.97960851650869,2024-12-03,20500.0,1777.0,1777.0,False,18450.0,72857.0,36501357.0,2025-04-29,42000.0,EXIT_MA,149268.0,37983375.0,104.06017233825034,104.8780487804878,97,147,2025-04-28
proxy,041960.KQ,2025-04-29,6680.0,70.10813067357485,2025-04-30,6680.0,6686.0,6686.0,False,6012.0,89324.96,44751804.96,2025-04-30,6012.0,STOP,80392.464,-4635965.424000002,-10.359281437125754,-9.999999999999998,1,0,
proxy,145020.KQ,2025-02-14,288000.0,32.75165750757686,2025-02-17,292500.0,78.0,146.0,True,263250.0,45630.0,22860630.0,2025-05-20,344000.0,EXIT_MA,53664.0,3917706.0,17.137349233157618,17.606837606837612,62,92,2025-05-19
proxy,319400.KQ,2025-04-24,4325.0,36.18411912717508,2025-04-25,4305.0,10261.0,10261.0,False,3874.5,88347.21,44261952.21,2025-05-29,3874.5,STOP,79512.489,-4585220.199000001,-10.35928143712575,-9.999999999999998,22,34,
proxy,087010.KQ,2025-04-01,106500.0,136.89611673424017,2025-04-02,106500.0,393.0,393.0,False,95850.0,83709.0,41938209.0,2025-06-05,154100.0,EXIT_MA,121122.6,18501968.4,44.11721158621723,44.69483568075117,42,64,2025-06-04
proxy,108490.KQ,2025-06-04,68100.0,187.63642752245167,2025-06-05,68100.0,688.0,688.0,False,61290.0,93705.6,46946505.6,2025-06-09,61290.0,STOP,84335.04000000001,-4863320.640000001,-10.359281437125748,-9.999999999999998,2,4,
proxy,082920.KQ,2025-06-16,15650.0,38.47007277674848,2025-06-17,15625.0,1.0,3011.0,True,14062.5,31.25,15656.25,2025-06-24,14062.5,STOP,28.125,-1621.875,-10.359281437125748,-9.999999999999998,6,7,
proxy,298380.KQ,2025-04-08,51000.0,101.35793230587527,2025-04-09,49850.0,795.0,795.0,False,44865.0,79261.5,39710011.5,2025-06-25,66800.0,EXIT_MA,106212.0,13289776.5,33.4670678702775,34.00200601805417,50,77,2025-06-24
proxy,277810.KQ,2025-06-24,315000.0,67.09219438103062,2025-06-25,311000.0,18.0,151.0,True,279900.0,11196.0,5609196.0,2025-07-01,282000.0,EXIT_MA,10152.0,-543348.0,-9.686735853052737,-9.324758842443725,4,6,2025-06-30
proxy,253450.KQ,2025-06-10,56000.0,22.20301370925643,2025-06-11,55900.0,751.0,849.0,True,50310.0,83961.8,42064861.8,2025-07-02,50310.0,STOP,75565.62,-4357617.419999994,-10.359281437125736,-9.999999999999998,16,21,
proxy,035900.KQ,2025-04-29,68700.0,15.092439955131919,2025-04-30,70000.0,650.0,650.0,False,63000.0,91000.0,45591000.0,2025-07-04,72200.0,EXIT_MA,93860.0,1245140.0,2.7311092101511263,3.142857142857136,42,65,2025-07-03
proxy,388720.KQ,2025-06-24,82400.0,123.14651439764248,2025-06-25,81500.0,578.0,578.0,False,73350.0,94214.0,47201214.0,2025-07-04,73350.0,STOP,84792.6,-4889706.6000000015,-10.359281437125752,-9.999999999999998,8,9,
proxy,347700.KQ,2025-04-17,8360.0,206.67450891392275,2025-04-18,8360.0,5358.0,5358.0,False,7524.0,89585.76,44882465.76,2025-07-07,9400.0,EXIT_MA,100730.40000000001,5382003.840000004,11.99132834808852,12.440191387559807,51,80,2025-07-04
proxy,251970.KQ,2025-05-08,59800.0,61.186816646611916,2025-05-09,58900.0,738.0,738.0,False,53010.0,86936.40000000001,43555136.4,2025-07-07,56100.0,EXIT_MA,82803.6,-2236140.0,-5.134044305277391,-4.753820033955858,39,59,2025-07-04
proxy,445680.KQ,2025-07-03,44500.0,113.71816926044185,2025-07-04,44550.0,1063.0,1063.0,False,40095.0,94713.3,47451363.3,2025-07-07,39700.0,STOP,84402.2,-5334665.5,-11.24238615921916,-10.886644219977548,2,3,
proxy,096530.KQ,2025-04-24,26950.0,23.604547522895214,2025-04-25,26900.0,1646.0,1646.0,False,24210.0,88554.8,44365954.8,2025-07-09,31250.0,EXIT_MA,102875.0,6968670.200000003,15.707247215605971,16.17100371747211,48,75,2025-07-08
proxy,083650.KQ,2025-04-28,25600.0,124.72942594892594,2025-04-29,25250.0,1704.0,1704.0,False,22725.0,86052.0,43112052.0,2025-07-14,37000.0,EXIT_MA,126096.0,19809852.0,45.94968478883816,46.53465346534653,49,76,2025-07-11
proxy,115180.KQ,2025-02-19,5880.0,35.483548608205986,2025-02-20,5760.0,1.0,7352.0,True,5184.0,11.52,5771.52,2025-07-15,11000.0,EXIT_MA,22.0,5206.48,90.20985806165446,90.97222222222223,97,145,2025-07-14
proxy,214370.KQ,2025-07-14,43000.0,70.1745492163853,2025-07-15,50300.0,287.0,1131.0,True,45270.0,28872.2,14464972.2,2025-07-16,45270.0,STOP,25984.98,-1498467.1799999997,-10.359281437125748,-9.999999999999998,2,1,
proxy,124500.KQ,2025-05-12,7850.0,54.62548993621699,2025-05-13,8020.0,1.0,5497.0,True,7218.0,16.04,8036.04,2025-07-21,18650.0,EXIT_MA,37.300000000000004,10576.66,131.61532297002006,132.5436408977556,47,69,2025-07-18
proxy,290650.KQ,2025-07-08,32000.0,49.903746556292546,2025-07-09,32000.0,1479.0,1479.0,False,28800.0,94656.0,47422656.0,2025-07-21,28800.0,STOP,85190.40000000001,-4912646.3999999985,-10.359281437125745,-9.999999999999998,9,12,
proxy,347700.KQ,2025-07-15,12030.0,222.80053033625467,2025-07-16,11780.0,1.0,4071.0,True,10602.0,23.56,11803.56,2025-07-21,10602.0,STOP,21.204,-1222.7639999999992,-10.359281437125741,-9.999999999999998,4,5,
proxy,140860.KQ,2025-07-09,307000.0,46.09947794972915,2025-07-10,303000.0,131.0,158.0,True,272700.0,79386.0,39772386.0,2025-07-22,272700.0,STOP,71447.40000000001,-4120133.3999999985,-10.359281437125745,-9.999999999999998,9,12,
proxy,095610.KQ,2025-07-16,27800.0,35.50401692982602,2025-07-17,27700.0,467.0,1727.0,True,24930.0,25871.8,12961771.8,2025-07-23,24930.0,STOP,23284.62,-1342746.42,-10.359281437125748,-9.999999999999998,5,6,
proxy,044490.KQ,2025-07-21,43150.0,188.0135954660487,2025-07-22,41150.0,1031.0,1111.0,True,37035.0,84851.3,42510501.3,2025-07-23,37035.0,STOP,76366.17,-4403782.469999999,-10.359281437125746,-9.999999999999998,2,1,
proxy,122870.KQ,2025-05-09,74400.0,78.80548003819787,2025-05-12,73500.0,260.0,590.0,True,66150.0,38220.0,19148220.0,2025-07-24,85100.0,EXIT_MA,44252.0,2933528.0,15.320108083153421,15.782312925170071,51,73,2025-07-23
proxy,032190.KQ,2025-05-29,16100.0,47.525760403439605,2025-05-30,16160.0,2450.0,2937.0,True,14544.0,79184.0,39671184.0,2025-07-24,16630.0,EXIT_MA,81487.0,990829.0,2.4976038022963976,2.9084158415841666,37,55,2025-07-23
proxy,319400.KQ,2025-06-25,5260.0,56.19582261689098,2025-06-26,5180.0,39.0,9020.0,True,4662.0,404.04,202424.04,2025-07-25,4662.0,STOP,363.636,-20969.676000000007,-10.359281437125752,-9.999999999999998,22,29,
proxy,006730.KQ,2025-07-07,9920.0,62.46147322356822,2025-07-08,9940.0,4648.0,4648.0,False,8946.0,92402.24,46293522.24,2025-07-28,8946.0,STOP,83162.016,-4795676.256000005,-10.359281437125759,-9.999999999999998,15,20,
proxy,214370.KQ,2025-07-22,59000.0,142.67770552470407,2025-07-23,61300.0,581.0,811.0,True,55170.0,71230.6,35686530.6,2025-07-29,55170.0,STOP,64107.54,-3696868.1400000006,-10.35928143712575,-9.999999999999998,5,6,
proxy,218410.KQ,2025-07-28,29700.0,107.2172733993771,2025-07-29,29700.0,1583.0,1583.0,False,26730.0,94030.2,47109130.2,2025-07-29,26730.0,STOP,84627.18000000001,-4880167.380000003,-10.359281437125754,-9.999999999999998,1,0,
proxy,032500.KQ,2025-07-09,14540.0,64.30712113817152,2025-07-10,14500.0,3355.0,3355.0,False,13050.0,97295.0,48744795.0,2025-07-30,13050.0,STOP,87565.5,-5049610.5,-10.359281437125748,-9.999999999999998,15,20,
proxy,003380.KQ,2025-06-04,9320.0,66.5993402186972,2025-06-05,9330.0,1444.0,5031.0,True,8397.0,26945.04,13499465.04,2025-07-31,9290.0,EXIT_MA,26829.52,-111534.55999999866,-0.826214666059083,-0.4287245444801746,39,56,2025-07-30
proxy,310210.KQ,2025-07-03,124700.0,59.63078601023604,2025-07-04,125400.0,295.0,379.0,True,112860.0,73986.0,37066986.0,2025-08-01,112860.0,STOP,66587.4,-3839873.3999999985,-10.359281437125745,-9.999999999999998,21,28,
proxy,183300.KQ,2025-07-29,14720.0,21.496425214195504,2025-07-30,14720.0,2701.0,3145.0,True,13248.0,79517.44,39838237.44,2025-08-01,13248.0,STOP,71565.696,-4126955.136,-10.359281437125748,-9.999999999999998,3,2,
proxy,030530.KQ,2025-05-19,5310.0,82.05487187252751,2025-05-20,5190.0,5150.0,8619.0,True,4671.0,53457.0,26781957.0,2025-08-04,5820.0,EXIT_MA,59946.0,3131097.0,11.691068729592837,12.138728323699421,52,76,2025-08-01
proxy,090710.KQ,2025-06-20,2300.0,18.31964308349861,2025-06-23,2305.0,1.0,20544.0,True,2074.5,4.61,2309.61,2025-08-04,2490.0,EXIT_MA,4.98,175.40999999999985,7.594788730564894,8.026030368763548,30,42,2025-08-01
proxy,295310.KQ,2025-08-01,35850.0,106.93523659479834,2025-08-04,33050.0,1253.0,1253.0,False,29745.0,82823.3,41494473.3,2025-08-05,29745.0,STOP,74540.97,-4298529.269999996,-10.35928143712574,-9.999999999999998,2,1,
proxy,007390.KQ,2025-07-29,29900.0,97.13870269883442,2025-07-30,30350.0,1548.0,1548.0,False,27315.0,93963.6,47075763.6,2025-08-06,24750.0,STOP,76626.0,-8839389.600000001,-18.776943641547224,-18.45140032948929,6,7,
proxy,099320.KQ,2025-08-05,51700.0,8.918422768180616,2025-08-06,51600.0,272.0,892.0,True,46440.0,28070.4,14063270.4,2025-08-13,48400.0,EXIT_MA,26329.600000000002,-924800.0,-6.575995296229246,-6.2015503875969,5,7,2025-08-12
proxy,251970.KQ,2025-08-06,71200.0,43.549120611613624,2025-08-07,73500.0,519.0,635.0,True,66150.0,76293.0,38222793.0,2025-08-13,66150.0,STOP,68663.7,-3959606.700000003,-10.359281437125755,-9.999999999999998,5,6,
proxy,014620.KQ,2025-07-29,32200.0,63.737438146716926,2025-07-30,32300.0,1437.0,1437.0,False,29070.0,92830.2,46507930.2,2025-08-19,31550.0,EXIT_MA,90674.7,-1261254.900000006,-2.711913634032258,-2.3219814241486114,13,20,2025-08-18
proxy,082920.KQ,2025-08-07,16725.0,41.923393279226175,2025-08-08,16600.0,1.0,2722.0,True,14940.0,33.2,16633.2,2025-08-19,14940.0,STOP,29.88,-1723.08,-10.359281437125748,-9.999999999999998,7,11,
proxy,059090.KQ,2025-08-05,15210.0,39.83699978719247,2025-08-06,15010.0,3034.0,3034.0,False,13509.0,91080.68000000001,45631420.68,2025-08-20,13440.0,EXIT_MA,81553.92,-4936014.6000000015,-10.817139870824644,-10.459693537641568,9,14,2025-08-19
proxy,102710.KQ,2025-07-04,39600.0,64.09359513776498,2025-07-07,39000.0,1155.0,1155.0,False,35100.0,90090.0,45135090.0,2025-08-21,37550.0,EXIT_MA,86740.5,-1851580.5,-4.102308204104611,-3.717948717948716,32,45,2025-08-20
proxy,035760.KQ,2025-08-20,79000.0,29.803809682841052,2025-08-21,78100.0,592.0,592.0,False,70290.0,92470.40000000001,46327670.4,2025-09-01,74300.0,EXIT_MA,87971.2,-2430041.6000000015,-5.245335193888794,-4.865556978233032,7,11,2025-08-29
proxy,347850.KQ,2025-08-29,39350.0,213.9099683567175,2025-09-01,39125.0,1119.0,1263.0,True,35212.5,87561.75,43868436.75,2025-09-01,35212.5,STOP,78805.575,-4544454.825000003,-10.359281437125755,-9.999999999999998,1,0,
proxy,064760.KQ,2025-07-30,111800.0,17.012713170182746,2025-07-31,110100.0,415.0,415.0,False,99090.0,91383.0,45782883.0,2025-09-02,102600.0,EXIT_MA,85158.0,-3289041.0,-7.183997128359086,-6.811989100817439,22,33,2025-09-01
proxy,084370.KQ,2025-08-12,48000.0,18.01304496909186,2025-08-13,50000.0,262.0,973.0,True,45000.0,26200.0,13126200.0,2025-09-02,45000.0,STOP,23580.0,-1359780.0,-10.359281437125748,-9.999999999999998,14,20,
proxy,101490.KQ,2025-07-28,51200.0,54.84125379122423,2025-07-29,52000.0,918.0,918.0,False,46800.0,95472.0,47831472.0,2025-09-08,49550.0,EXIT_MA,90973.8,-2435545.799999997,-5.091931521572234,-4.711538461538467,28,41,2025-09-05
proxy,214450.KQ,2024-12-10,240000.0,106.40928731321218,2024-12-11,238500.0,144.0,144.0,False,214650.0,68688.0,34412688.0,2025-09-18,623000.0,EXIT_MA,179424.0,55119888.0,160.17315473874055,161.21593291404614,187,281,2025-09-17
proxy,122870.KQ,2025-08-21,107400.0,105.86160084471751,2025-08-22,105300.0,349.0,440.0,True,94770.0,73499.40000000001,36823199.4,2025-09-25,94770.0,STOP,66149.46,-3814618.8599999994,-10.359281437125748,-9.999999999999998,24,34,
proxy,298380.KQ,2025-09-05,103000.0,137.48566704324372,2025-09-08,104200.0,434.0,501.0,True,93780.0,90445.6,45313245.6,2025-09-25,93780.0,STOP,81401.04000000001,-4694126.640000001,-10.359281437125748,-9.999999999999998,13,17,
proxy,010170.KQ,2025-09-10,1596.0,100.58853513552218,2025-09-11,1598.0,1.0,32696.0,True,1438.2,3.196,1601.196,2025-09-25,1438.2,STOP,2.8764000000000003,-165.87239999999997,-10.359281437125748,-9.999999999999998,10,14,
proxy,196170.KQ,2025-09-01,350000.0,29.039889474738555,2025-09-02,355000.0,139.0,139.0,False,319500.0,98690.0,49443690.0,2025-09-26,349230.7812,EXIT_MA,97086.1571736,-997697.5703736022,-2.017846100025306,-1.625132056338019,17,24,2025-09-25
proxy,036810.KQ,2025-09-17,33366.33594,66.88863681251031,2025-09-18,33267.32812,1592.0,1592.0,False,29940.595308,105923.17273408,53067509.53977408,2025-09-26,29702.9707,STOP,94574.2587088,-5874954.4440828785,-11.0707182135231,-10.714288226402946,6,8,
proxy,006730.KQ,2025-09-18,11250.0,53.91449097808986,2025-09-22,11030.0,1.0,4814.0,True,9927.0,22.06,11052.06,2025-09-29,9927.0,STOP,19.854,-1144.9139999999989,-10.35928143712574,-9.999999999999998,6,7,
proxy,100790.KQ,2025-09-25,8240.0,28.669741242873247,2025-09-26,8200.0,1180.0,6926.0,True,7380.0,19352.0,9695352.0,2025-10-14,7380.0,STOP,17416.8,-1004368.8000000007,-10.359281437125755,-9.999999999999998,8,18,
proxy,140410.KQ,2025-10-14,72800.0,100.56366918889049,2025-10-15,72900.0,119.0,818.0,True,65610.0,17350.2,8692450.2,2025-10-16,65610.0,STOP,15615.18,-900475.379999999,-10.359281437125738,-9.999999999999998,2,1,
proxy,041960.KQ,2025-09-01,6070.0,28.62006010912923,2025-09-02,6170.0,5241.0,8067.0,True,5553.0,64673.94,32401643.94,2025-10-23,6130.0,EXIT_MA,64254.66,-338568.6000000015,-1.044911797151245,-0.648298217179899,31,51,2025-10-22
proxy,425420.KQ,2025-06-30,28200.0,45.47083463265673,2025-07-01,28250.0,179.0,1682.0,True,25425.0,10113.5,5066863.5,2025-10-24,39400.0,EXIT_MA,14105.2,1971631.2999999998,38.91226396763994,39.46902654867257,76,115,2025-10-23
proxy,127120.KQ,2024-11-27,4100.0,39.078853240727355,2024-11-28,4100.0,8552.0,8552.0,False,3690.0,70126.40000000001,35133326.4,2025-10-28,19200.0,EXIT_MA,328396.8,128736676.79999998,366.4232510588579,368.29268292682923,218,334,2025-10-27
proxy,183300.KQ,2025-10-20,24540.0,114.02952277703413,2025-10-21,24800.0,1.0,2447.0,True,22320.0,49.6,24849.6,2025-10-29,22320.0,STOP,44.64,-2574.239999999998,-10.359281437125741,-9.999999999999998,7,8,
proxy,101490.KQ,2025-10-22,62000.0,70.39329535058502,2025-10-23,59900.0,534.0,971.0,True,53910.0,63973.200000000004,32050573.2,2025-10-30,53910.0,STOP,57575.880000000005,-3320209.079999998,-10.359281437125743,-9.999999999999998,6,7,
proxy,032820.KQ,2025-10-29,4980.0,83.04867666420868,2025-10-30,4870.0,4.0,12121.0,True,4383.0,38.96,19518.96,2025-11-05,4383.0,STOP,35.064,-2022.0239999999976,-10.359281437125736,-9.999999999999998,5,6,
proxy,064760.KQ,2025-09-29,166400.0,69.35983596124984,2025-09-30,167500.0,281.0,344.0,True,150750.0,94135.0,47161635.0,2025-11-07,150750.0,STOP,84721.5,-4885606.5,-10.359281437125748,-9.999999999999998,24,38,
proxy,032500.KQ,2025-10-28,14660.0,35.697680056738434,2025-10-29,17600.0,2559.0,4069.0,True,15840.0,90076.8,45128476.8,2025-11-07,15840.0,STOP,81069.12,-4674985.919999994,-10.359281437125736,-9.999999999999998,8,9,
proxy,108490.KQ,2025-10-30,222500.0,499.8687704905642,2025-10-31,235000.0,122.0,271.0,True,211500.0,57340.0,28727340.0,2025-11-07,204500.0,STOP,49898.0,-3828238.0,-13.326113729986835,-12.978723404255321,6,7,
proxy,095610.KQ,2025-08-19,29050.0,36.41262490235639,2025-08-20,28200.0,1631.0,1631.0,False,25380.0,91988.40000000001,46086188.4,2025-11-10,39650.0,EXIT_MA,129338.3,18453623.300000004,40.04154810945486,40.60283687943262,52,82,2025-11-07
proxy,222800.KQ,2025-10-23,58700.0,203.44240736240877,2025-10-24,59000.0,119.0,1011.0,True,53100.0,14042.0,7035042.0,2025-11-10,53100.0,STOP,12637.800000000001,-728779.7999999998,-10.359281437125746,-9.999999999999998,12,17,
proxy,319400.KQ,2025-09-03,6480.0,79.14993941513532,2025-09-04,6530.0,2.0,7787.0,True,5877.0,26.12,13086.12,2025-11-17,9080.0,EXIT_MA,36.32,5037.5599999999995,38.49544402771791,39.05053598774886,46,74,2025-11-14
proxy,010170.KQ,2025-10-31,2165.0,145.8034964524391,2025-11-03,2250.0,2.0,28349.0,True,2025.0,9.0,4509.0,2025-11-17,2025.0,STOP,8.1,-467.0999999999999,-10.359281437125746,-9.999999999999998,11,14,
proxy,160190.KQ,2025-09-02,38600.0,87.18121456700142,2025-09-03,37850.0,310.0,1300.0,True,34065.0,23467.0,11756967.0,2025-11-18,48450.0,EXIT_MA,30039.0,3232494.0,27.494284878064214,28.005284015852048,48,76,2025-11-17
proxy,241710.KQ,2025-11-07,76900.0,15.038387901097744,2025-11-10,75700.0,802.0,802.0,False,68130.0,121422.8,60832822.8,2025-11-18,68130.0,STOP,109280.52,-6301843.32,-10.359281437125748,-9.999999999999998,7,8,
proxy,437730.KQ,2025-08-25,13450.0,26.91309972086139,2025-08-26,13140.0,1.0,3640.0,True,11826.0,26.28,13166.28,2025-11-19,25100.0,EXIT_MA,50.2,11883.519999999999,90.25723287063619,91.01978691019788,55,85,2025-11-18
proxy,425420.KQ,2025-11-17,43050.0,87.8354062206119,2025-11-18,42050.0,356.0,1630.0,True,37845.0,29939.600000000002,14999739.6,2025-11-19,40500.0,EXIT_MA,28836.0,-610575.5999999996,-4.070574665176185,-3.686087990487519,1,1,2025-11-18
proxy,100790.KQ,2025-10-27,8700.0,40.5728812052777,2025-10-28,8500.0,6936.0,6936.0,False,7650.0,117912.0,59073912.0,2025-11-19,7650.0,STOP,106120.8,-6119632.799999997,-10.359281437125743,-9.999999999999998,17,22,
proxy,031330.KQ,2025-11-11,3975.0,21.302014324583787,2025-11-12,3975.0,15658.0,15658.0,False,3577.5,124481.1,62365031.1,2025-11-19,3577.5,STOP,112032.99,-6460569.090000004,-10.359281437125754,-9.999999999999998,6,7,
proxy,036540.KQ,2025-11-13,4870.0,30.601620671083847,2025-11-14,4530.0,3.0,13542.0,True,4077.0,27.18,13617.18,2025-11-19,4077.0,STOP,24.462,-1410.6419999999998,-10.359281437125748,-9.999999999999998,4,5,
proxy,033640.KQ,2025-10-02,16780.0,83.85677096407788,2025-10-10,17410.0,1.0,3506.0,True,15669.0,34.82,17444.82,2025-11-21,15669.0,STOP,31.338,-1807.1579999999994,-10.359281437125746,-9.999999999999998,31,42,
proxy,087010.KQ,2025-11-19,334500.0,103.96271318470632,2025-11-20,333000.0,199.0,199.0,False,299700.0,132534.0,66399534.0,2025-11-24,299700.0,STOP,119280.6,-6878514.6000000015,-10.35928143712575,-9.999999999999998,3,4,
proxy,214370.KQ,2025-11-24,79000.0,149.08303987742562,2025-11-25,78400.0,757.0,858.0,True,70560.0,118697.6,59467497.6,2025-11-28,70560.0,STOP,106827.84,-6160405.440000005,-10.359281437125757,-9.999999999999998,4,3,
proxy,425420.KQ,2025-11-25,47300.0,110.8695735884449,2025-11-26,47700.0,1.0,1428.0,True,42930.0,95.4,47795.4,2025-12-04,42930.0,STOP,85.86,-4951.260000000002,-10.359281437125754,-9.999999999999998,7,8,
proxy,327260.KQ,2025-11-28,10082.14844,215.52179084185258,2025-12-01,10154.85645,5241.0,7285.0,True,9139.370805,106443.2053089,53328045.8597589,2025-12-04,9139.370805,STOP,95798.88477801002,-5524402.355531901,-10.359281437125732,-9.999999999999986,4,3,
proxy,356860.KQ,2025-10-01,26793.25586,228.1590655805521,2025-10-02,28482.09961,1.0,2137.0,True,25633.889649,56.964199220000005,28539.063809220002,2025-12-11,29942.71875,EXIT_MA,59.8854375,1343.7695032799966,4.708526923878527,5.12820037848325,45,70,2025-12-10
proxy,240810.KQ,2025-08-13,40900.0,49.78306345257329,2025-08-14,40050.0,854.0,1158.0,True,36045.0,68405.4,34271105.4,2025-12-16,60100.0,EXIT_MA,102650.8,16951643.800000004,49.46337038781365,50.062421972534324,81,124,2025-12-15
proxy,124500.KQ,2025-12-10,25750.0,143.05684799313923,2025-12-11,25750.0,1.0,2795.0,True,23175.0,51.5,25801.5,2025-12-16,23175.0,STOP,46.35,-2672.8499999999985,-10.359281437125743,-9.999999999999998,4,5,
proxy,090710.KQ,2025-12-15,6280.0,169.15879501181982,2025-12-16,6290.0,8128.0,11797.0,True,5661.0,102250.24,51227370.24,2025-12-17,5661.0,STOP,92025.216,-5306787.456,-10.359281437125748,-9.999999999999998,2,1,
proxy,090360.KQ,2025-10-16,70100.0,174.91945518267931,2025-10-17,67400.0,115.0,866.0,True,60660.0,15502.0,7766502.0,2025-12-18,69900.0,EXIT_MA,16077.0,255921.0,3.295190035359548,3.70919881305638,44,62,2025-12-17
proxy,310210.KQ,2025-10-27,211500.0,75.69049962929802,2025-10-28,209000.0,285.0,285.0,False,188100.0,119130.0,59684130.0,2025-12-19,207500.0,EXIT_MA,118275.0,-664905.0,-1.114039862858016,-0.7177033492822948,38,52,2025-12-18
proxy,290650.KQ,2025-12-05,68800.0,165.8998962625403,2025-12-08,67800.0,2.0,1030.0,True,61020.0,271.2,135871.2,2025-12-23,61020.0,STOP,244.08,-14075.280000000013,-10.359281437125757,-9.999999999999998,12,15,
proxy,108490.KQ,2025-12-04,288000.0,555.5637247169627,2025-12-05,292000.0,163.0,249.0,True,262800.0,95192.0,47691192.0,2025-12-26,262800.0,STOP,85672.8,-4940464.799999997,-10.359281437125741,-9.999999999999998,15,21,
proxy,043260.KQ,2025-12-23,8110.0,612.0930282034398,2025-12-24,8410.0,16.0,8947.0,True,7569.0,269.12,134829.12,2025-12-26,7569.0,STOP,242.208,-13967.327999999994,-10.359281437125745,-9.999999999999998,2,2,
proxy,458870.KQ,2025-07-11,10183.33301,131.27210358541305,2025-07-14,10183.33301,4749.0,4749.0,False,9164.999709,96721.29692898001,48457369.76141898,2026-01-12,37500.0,EXIT_MA,356175.0,129273955.23858102,266.77872916971023,268.24878419644256,120,182,2026-01-09
proxy,196170.KQ,2026-01-09,393076.9375,10.479763448884524,2026-01-12,382307.6875,191.0,191.0,False,344076.91875,146041.536625,73166809.849125,2026-01-13,369615.375,EXIT_MA,141193.07325000002,-2711466.2973749936,-3.705869236292007,-3.3199208163973926,1,1,2026-01-12
proxy,115180.KQ,2025-09-25,15860.0,120.98943189981308,2025-09-26,15890.0,3598.0,3598.0,False,14301.0,114344.44,57286564.44,2026-01-15,27300.0,EXIT_MA,196450.80000000002,40742384.760000005,71.1203144372049,71.80616740088107,71,111,2026-01-14
proxy,295310.KQ,2026-01-12,77500.0,199.05368908948995,2026-01-13,78700.0,962.0,962.0,False,70830.0,151418.80000000002,75860818.8,2026-01-16,70830.0,STOP,136276.92,-7858635.719999999,-10.359281437125748,-9.999999999999998,4,3,
proxy,099320.KQ,2026-01-12,130400.0,131.63315141252937,2026-01-13,130000.0,572.0,572.0,False,117000.0,148720.0,74508720.0,2026-01-16,117000.0,STOP,133848.0,-7718568.0,-10.359281437125748,-9.999999999999998,4,3,
proxy,089970.KQ,2025-09-17,16620.0,64.78110511116306,2025-09-18,16620.0,2189.0,3198.0,True,14958.0,72762.36,36453942.36,2026-01-19,30050.0,EXIT_MA,131558.9,29193948.740000002,80.08447605390904,80.80625752105897,78,123,2026-01-16
proxy,466100.KQ,2026-01-19,75700.0,247.47038799870137,2026-01-20,80600.0,28.0,1071.0,True,72540.0,4513.6,2261313.6,2026-01-20,72540.0,STOP,4062.2400000000002,-234255.84000000008,-10.359281437125752,-9.999999999999998,1,0,
proxy,347850.KQ,2025-09-08,41525.0,230.67602751033363,2025-09-09,40725.0,2.0,1230.0,True,36652.5,162.9,81612.9,2026-01-21,86800.0,EXIT_MA,347.2,91639.9,112.28604791644459,113.13689379987721,87,134,2026-01-20
proxy,196170.KQ,2026-01-16,398461.5312,10.616225546976937,2026-01-19,390769.2188,190.0,190.0,False,351692.29692,148492.303144,74394643.87514399,2026-01-21,355384.625,EXIT_MA,135046.1575,-7006611.282643989,-9.418166305632345,-9.055112863971559,2,2,2026-01-20
proxy,226950.KQ,2025-08-05,51000.0,108.60878577049576,2025-08-06,50900.0,905.0,905.0,False,45810.0,92129.0,46156629.0,2026-01-22,118600.0,EXIT_MA,214666.0,60961705.0,132.0757306604865,133.0058939096267,111,169,2026-01-21
proxy,032820.KQ,2026-01-21,8540.0,202.0567004288937,2026-01-22,9300.0,9712.0,9712.0,False,8370.0,180643.2,90502243.2,2026-01-22,8370.0,STOP,162578.88,-9375382.079999998,-10.359281437125746,-9.999999999999998,1,0,
proxy,160190.KQ,2026-01-21,72900.0,107.12195912803217,2026-01-22,78000.0,213.0,1137.0,True,70200.0,33228.0,16647228.0,2026-01-22,70200.0,STOP,29905.2,-1724533.1999999993,-10.359281437125745,-9.999999999999998,1,0,
proxy,124500.KQ,2026-01-23,40000.0,272.7742427518323,2026-01-26,42800.0,1.0,1993.0,True,38520.0,85.60000000000001,42885.6,2026-01-26,38520.0,STOP,77.04,-4442.639999999999,-10.359281437125748,-9.999999999999998,1,0,
proxy,030530.KQ,2025-12-26,40100.0,675.1122113891026,2025-12-29,41200.0,1038.0,1819.0,True,37080.0,85531.2,42851131.2,2026-02-06,36900.0,STOP,76604.40000000001,-4625535.6000000015,-10.794430556363006,-10.436893203883491,28,39,
proxy,437730.KQ,2025-12-22,56600.0,327.52909663155043,2025-12-23,55200.0,1281.0,1281.0,False,49680.0,141422.4,70852622.4,2026-02-09,57900.0,EXIT_MA,148339.80000000002,3168937.799999997,4.472576585958513,4.891304347826098,31,48,2026-02-06
proxy,038500.KQ,2026-02-06,19650.0,495.2214043396459,2026-02-09,20300.0,4625.0,4625.0,False,18270.0,187775.0,94075275.0,2026-02-09,18270.0,STOP,168997.5,-9745522.5,-10.359281437125748,-9.999999999999998,1,0,
proxy,445680.KQ,2025-09-25,66700.0,169.35599312224662,2025-09-26,64300.0,855.0,855.0,False,57870.0,109953.0,55086453.0,2026-02-24,110300.0,EXIT_MA,188613.0,39031434.0,70.85486880050163,71.53965785381027,96,151,2026-02-23
proxy,032190.KQ,2026-02-23,30600.0,73.29701331126437,2026-02-24,30450.0,3014.0,3014.0,False,27405.0,183552.6,91959852.6,2026-02-26,27405.0,STOP,165197.34,-9526379.939999998,-10.359281437125746,-9.999999999999998,3,2,
proxy,048410.KQ,2026-02-24,20000.0,229.50963345421465,2026-02-25,20600.0,104.0,4779.0,True,18540.0,4284.8,2146684.8,2026-02-26,18540.0,STOP,3856.32,-222381.11999999988,-10.359281437125743,-9.999999999999998,2,1,
proxy,036810.KQ,2026-01-22,38800.0,50.84517185391555,2026-01-23,37400.0,2120.0,2120.0,False,33660.0,158576.0,79446576.0,2026-03-04,33660.0,STOP,142718.4,-8230094.400000006,-10.359281437125755,-9.999999999999998,25,40,
proxy,277810.KQ,2026-02-26,880000.0,118.8406541988983,2026-02-27,851000.0,98.0,116.0,True,765900.0,166796.0,83564796.0,2026-03-04,765900.0,STOP,150116.4,-8656712.400000006,-10.359281437125755,-9.999999999999998,3,5,
proxy,178320.KQ,2026-02-27,47550.0,57.12791689817127,2026-03-03,46300.0,17.0,2184.0,True,41670.0,1574.2,788674.2,2026-03-04,41200.0,STOP,1400.8,-89675.0,-11.370347857201365,-11.015118790496759,2,1,
proxy,006730.KQ,2025-11-18,10790.0,40.22240224553383,2025-11-19,10800.0,6372.0,6420.0,True,9720.0,137635.2,68955235.2,2026-03-05,14020.0,EXIT_MA,178670.88,20201533.92,29.29659200118282,29.814814814814806,69,106,2026-03-04
proxy,058610.KQ,2025-11-20,42500.0,50.42583095690807,2025-11-21,40950.0,1035.0,1663.0,True,36855.0,84766.5,42468016.5,2026-03-05,120500.0,EXIT_MA,249435.0,82000048.5,193.08659847582004,194.26129426129427,67,104,2026-03-04
proxy,319400.KQ,2025-12-22,16130.0,232.89199970567833,2025-12-23,16200.0,2595.0,4497.0,True,14580.0,84078.0,42123078.0,2026-03-05,30350.0,EXIT_MA,157516.5,36477655.5,86.59779207018062,87.34567901234568,45,72,2026-03-04
proxy,090710.KQ,2026-01-13,9380.0,275.3663986213202,2026-01-14,9560.0,1.0,7994.0,True,8604.0,19.12,9579.12,2026-03-05,12000.0,EXIT_MA,24.0,2396.879999999999,25.021922681832976,25.52301255230125,32,50,2026-03-04
proxy,036930.KQ,2026-03-05,66800.0,91.20931097248044,2026-03-06,67000.0,1485.0,1485.0,False,60300.0,198990.0,99693990.0,2026-03-09,60300.0,STOP,179091.0,-10327581.0,-10.359281437125748,-9.999999999999998,2,3,
proxy,064760.KQ,2026-03-05,245000.0,88.57776386552251,2026-03-06,250000.0,405.0,405.0,False,225000.0,202500.0,101452500.0,2026-03-09,225000.0,STOP,182250.0,-10509750.0,-10.359281437125748,-9.999999999999998,2,3,
proxy,263750.KQ,2026-03-09,66100.0,52.091931682960144,2026-03-10,66200.0,1454.0,1454.0,False,59580.0,192509.6,96447309.6,2026-03-12,59580.0,STOP,173258.64,-9991248.239999995,-10.359281437125743,-9.999999999999998,3,2,
proxy,089030.KQ,2026-03-05,66300.0,35.21832240859928,2026-03-06,68200.0,1497.0,1497.0,False,61380.0,204190.80000000002,102299590.8,2026-03-13,61300.0,STOP,183532.2,-10717023.0,-10.476115218243864,-10.117302052785925,6,7,
proxy,327260.KQ,2026-03-10,29470.89648,590.9985025770709,2026-03-11,31264.35547,2678.0,3391.0,True,28137.919922999998,167451.88789732,83893395.83655733,2026-03-17,28137.919922999998,STOP,150706.699107588,-8690752.98187092,-10.35928143712576,-10.000000000000009,5,6,
proxy,950160.KQ,2025-11-12,51200.0,58.05004228912453,2025-11-13,52000.0,1061.0,1281.0,True,46800.0,110344.0,55282344.0,2026-03-24,95400.0,EXIT_MA,202438.80000000002,45734617.2,82.72915707047444,83.46153846153845,86,131,2026-03-23
proxy,099320.KQ,2026-01-20,134800.0,154.82036289381713,2026-01-21,128600.0,540.0,600.0,True,115740.0,138888.0,69582888.0,2026-03-24,174000.0,EXIT_MA,187920.0,24189192.0,34.763133142734745,35.30326594090203,40,62,2026-03-23
proxy,086520.KQ,2026-01-22,105000.0,46.98463516916417,2026-01-23,109700.0,151.0,783.0,True,98730.0,33129.4,16597829.4,2026-03-24,148200.0,EXIT_MA,44756.4,5735614.200000001,34.55641133412301,35.09571558796718,38,60,2026-03-23
proxy,458870.KQ,2026-03-18,61700.0,455.97985717273184,2026-03-19,59833.33203,1.0,1601.0,True,53849.998826999996,119.66666406,59952.99869406,2026-03-24,53849.998826999996,STOP,107.699997654,-6210.699864714006,-10.359281437125759,-10.000000000000009,4,5,
proxy,124500.KQ,2026-01-26,43600.0,302.0977838136356,2026-01-27,44150.0,1.0,1923.0,True,39735.0,88.3,44238.3,2026-03-27,45500.0,EXIT_MA,91.0,1170.699999999997,2.6463494302448263,3.05775764439411,39,59,2026-03-26
proxy,252990.KQ,2026-01-27,9250.0,34.6743194616132,2026-01-28,9030.0,1.0,9278.0,True,8127.0,18.06,9048.06,2026-03-27,8960.0,EXIT_MA,17.92,-105.97999999999956,-1.17130080923424,-0.7751937984496138,38,58,2026-03-26
proxy,033790.KQ,2026-03-26,7120.0,5.069086965949654,2026-03-27,7600.0,14517.0,14675.0,True,6840.0,220658.4,110549858.4,2026-03-27,6840.0,STOP,198592.56,-11452170.960000008,-10.359281437125755,-9.999999999999998,1,0,
proxy,101490.KQ,2026-01-12,59000.0,28.60555272856932,2026-01-13,64200.0,383.0,1264.0,True,57780.0,49177.200000000004,24637777.2,2026-03-30,78300.0,EXIT_MA,59977.8,5291145.0,21.475740108567912,21.962616822429904,50,76,2026-03-27
proxy,950160.KQ,2026-03-26,119800.0,85.6567094678747,2026-03-27,122100.0,872.0,872.0,False,109890.0,212942.4,106684142.4,2026-03-31,109890.0,STOP,191648.16,-11051710.560000002,-10.35928143712575,-9.999999999999998,3,4,
proxy,064290.KQ,2026-03-27,19070.0,19.79091184536558,2026-03-30,18500.0,5361.0,5361.0,False,16650.0,198357.0,99376857.0,2026-03-31,16650.0,STOP,178521.30000000002,-10294728.299999997,-10.359281437125746,-9.999999999999998,2,1,
proxy,440110.KQ,2026-02-09,49100.0,182.1194121249357,2026-02-10,49100.0,1716.0,1933.0,True,44190.0,168511.2,84424111.2,2026-04-01,48550.0,EXIT_MA,166623.6,-1278934.799999997,-1.5148928212820758,-1.1201629327902252,32,50,2026-03-31
proxy,115180.KQ,2026-03-06,41200.0,198.89151739476893,2026-03-09,39400.0,2468.0,2468.0,False,35460.0,194478.4,97433678.4,2026-04-01,39650.0,EXIT_MA,195712.4,226809.19999998808,0.2327831646351844,0.6345177664974555,17,23,2026-03-31
proxy,218410.KQ,2026-04-01,94400.0,238.92271228765085,2026-04-02,97900.0,1025.0,1025.0,False,88110.0,200695.0,100548195.0,2026-04-02,88110.0,STOP,180625.5,-10416070.5,-10.359281437125748,-9.999999999999998,1,0,
proxy,000250.KQ,2026-01-16,279000.0,32.460046781826016,2026-01-19,277500.0,271.0,271.0,False,249750.0,150405.0,75352905.0,2026-04-03,640000.0,EXIT_MA,346880.0,97740215.0,129.7099494704285,130.63063063063063,50,74,2026-04-02
proxy,263750.KQ,2026-04-01,71900.0,66.38735875317687,2026-04-02,72200.0,1345.0,1345.0,False,64980.0,194218.0,97303218.0,2026-04-03,64980.0,STOP,174796.2,-10079914.200000003,-10.359281437125752,-9.999999999999998,2,1,
proxy,033790.KQ,2026-04-03,10240.0,78.87976857818899,2026-04-06,10350.0,8819.0,8819.0,False,9315.0,182553.30000000002,91459203.3,2026-04-07,9315.0,STOP,164297.97,-9474516.269999996,-10.359281437125745,-9.999999999999998,2,1,
proxy,043260.KQ,2025-12-29,9410.0,723.5775988853526,2025-12-30,8900.0,2.0,8160.0,True,8010.0,35.6,17835.6,2026-05-04,41200.0,EXIT_MA,164.8,64399.6,361.0733589001772,362.9213483146067,82,125,2026-04-30
proxy,032820.KQ,2026-02-12,13620.0,348.6888722713769,2026-02-13,13200.0,1.0,6747.0,True,11880.0,26.400000000000002,13226.4,2026-05-06,21600.0,EXIT_MA,43.2,8330.4,62.98312465977136,63.63636363636365,52,82,2026-05-04
proxy,046890.KQ,2026-04-30,16510.0,110.96372958243954,2026-05-04,18680.0,4.0,6883.0,True,16812.0,149.44,74869.44,2026-05-06,16812.0,STOP,134.496,-7755.9360000000015,-10.35928143712575,-9.999999999999998,2,2,
proxy,101490.KQ,2026-04-09,102100.0,96.38867288156521,2026-04-10,101100.0,500.0,879.0,True,90990.0,101100.0,50651100.0,2026-05-07,90990.0,STOP,90990.0,-5247090.0,-10.359281437125748,-9.999999999999998,18,27,
proxy,023160.KQ,2026-04-03,41350.0,58.03822797695112,2026-04-06,42050.0,2184.0,2184.0,False,37845.0,183674.4,92020874.4,2026-05-11,37845.0,STOP,165306.96,-9532701.36,-10.359281437125748,-9.999999999999998,24,35,
proxy,077360.KQ,2026-05-04,19590.0,213.65909578239385,2026-05-06,19670.0,1.0,5960.0,True,17703.0,39.34,19709.34,2026-05-12,17703.0,STOP,35.406,-2041.7459999999992,-10.359281437125745,-9.999999999999998,5,6,
proxy,108490.KQ,2026-05-11,377500.0,245.62978527706164,2026-05-12,378500.0,217.0,326.0,True,340650.0,164269.0,82298769.0,2026-05-12,340650.0,STOP,147842.1,-8525561.099999994,-10.359281437125741,-9.999999999999998,1,0,
proxy,086450.KQ,2026-03-30,23050.0,0.013866833360742792,2026-03-31,23700.0,1248.0,4419.0,True,21330.0,59155.200000000004,29636755.2,2026-05-13,23250.0,EXIT_MA,58032.0,-678787.1999999993,-2.290355996867023,-1.898734177215189,29,43,2026-05-12
proxy,240810.KQ,2026-05-07,132900.0,171.34308952551032,2026-05-08,131500.0,344.0,890.0,True,118350.0,90472.0,45326472.0,2026-05-15,118350.0,STOP,81424.8,-4695496.799999997,-10.359281437125741,-9.999999999999998,6,7,
proxy,095340.KQ,2026-02-06,163500.0,107.32949440780723,2026-02-09,170000.0,106.0,555.0,True,153000.0,36040.0,18056040.0,2026-05-18,225000.0,EXIT_MA,47700.0,5746260.0,31.8245861218739,32.35294117647059,64,98,2026-05-15
proxy,319400.KQ,2026-05-12,42500.0,373.74376026272296,2026-05-13,43950.0,2337.0,2791.0,True,39555.0,205422.30000000002,102916572.3,2026-05-18,39550.0,STOP,184856.7,-10673079.0,-10.37061258597708,-10.011376564277585,4,5,
proxy,083450.KQ,2026-05-06,56900.0,118.50089336901002,2026-05-07,60000.0,1.0,2069.0,True,54000.0,120.0,60120.0,2026-05-19,54000.0,STOP,108.0,-6228.0,-10.359281437125748,-9.999999999999998,9,12,
proxy,295310.KQ,2026-05-18,125300.0,240.82631286926315,2026-05-19,124700.0,738.0,1018.0,True,112230.0,184057.2,92212657.2,2026-05-19,112230.0,STOP,165651.48,-9552568.680000007,-10.359281437125755,-9.999999999999998,1,0,
proxy,039030.KQ,2026-05-21,549000.0,114.07302434199997,2026-05-22,548000.0,150.0,238.0,True,493200.0,164400.0,82364400.0,2026-05-28,493200.0,STOP,147960.0,-8532360.0,-10.359281437125748,-9.999999999999998,4,6,
proxy,036930.KQ,2026-05-22,224000.0,480.59472597742155,2026-05-26,229000.0,1.0,616.0,True,206100.0,458.0,229458.0,2026-05-28,206100.0,STOP,412.2,-23770.20000000001,-10.359281437125754,-9.999999999999998,3,2,
proxy,295310.KQ,2026-05-26,133000.0,247.64898383101772,2026-05-27,130500.0,1.0,1101.0,True,117450.0,261.0,130761.0,2026-05-28,117450.0,STOP,234.9,-13545.899999999994,-10.359281437125745,-9.999999999999998,2,1,
proxy,031980.KQ,2026-01-16,58000.0,17.905363226550403,2026-01-19,57100.0,1307.0,1307.0,False,51390.0,149259.4,74778959.4,2026-05-29,113500.0,EXIT_MA,296689.0,73268851.6,97.9805712567859,98.77408056042032,87,130,2026-05-28
proxy,183300.KQ,2026-05-27,39920.0,111.26796056776232,2026-05-28,39520.0,1.0,3449.0,True,35568.0,79.04,39599.04,2026-06-01,34800.0,STOP,69.60000000000001,-4868.639999999999,-12.294843511357849,-11.943319838056677,3,4,
proxy,100790.KQ,2025-12-08,10390.0,69.29024431414963,2025-12-09,10270.0,2.0,6779.0,True,9243.0,41.08,20581.08,2026-06-02,41050.0,EXIT_MA,164.20000000000002,61354.72,298.1122467819959,299.7078870496592,115,175,2026-06-01
proxy,108490.KQ,2026-06-01,402500.0,213.2710077193229,2026-06-02,433000.0,320.0,320.0,False,389700.0,277120.0,138837120.0,2026-06-02,389700.0,STOP,249408.0,-14382528.0,-10.359281437125748,-9.999999999999998,1,0,
proxy,082920.KQ,2026-03-13,26100.0,33.573248177686985,2026-03-16,27400.0,3336.0,3758.0,True,24660.0,182812.80000000002,91589212.8,2026-06-08,47500.0,EXIT_MA,316920.0,66553867.2,72.66561766976996,73.35766423357664,56,84,2026-06-05
proxy,043260.KQ,2026-06-04,51400.0,2317.781810933338,2026-06-05,49500.0,2668.0,2668.0,False,44550.0,264132.0,132330132.0,2026-06-08,43900.0,STOP,234250.4,-15439182.400000006,-11.66717070908688,-11.313131313131308,2,3,
proxy,036930.KQ,2026-06-04,250500.0,580.5453147234582,2026-06-05,228500.0,330.0,547.0,True,205650.0,150810.0,75555810.0,2026-06-08,180200.0,STOP,118932.0,-16208742.0,-21.452674519669632,-21.137855579868713,2,3,
proxy,010170.KQ,2026-01-02,2682.97876,184.7401345445011,2026-01-05,2831.500732,1.0,28554.0,True,2548.3506588,5.663001464,2837.163733464,2026-06-09,18060.0,EXIT_MA,36.12,15186.716266536001,535.2781049401744,537.8243097695939,103,155,2026-06-08
proxy,032500.KQ,2026-03-12,26150.0,90.01762942734702,2026-03-13,25500.0,3384.0,3784.0,True,22950.0,172584.0,86464584.0,2026-06-09,30750.0,EXIT_MA,208116.0,17385300.0,20.106845133262887,20.58823529411764,58,88,2026-06-08
proxy,131970.KQ,2026-03-17,82700.0,101.15435537402541,2026-03-18,85700.0,875.0,1149.0,True,77130.0,149975.0,75137475.0,2026-06-09,126400.0,EXIT_MA,221200.0,35241325.0,46.902461122096526,47.49124854142357,55,83,2026-06-08
proxy,031980.KQ,2026-06-12,152300.0,200.54707106614583,2026-06-15,150000.0,889.0,889.0,False,135000.0,266700.0,133616700.0,2026-06-15,135000.0,STOP,240030.0,-13841730.0,-10.359281437125748,-9.999999999999998,1,0,
proxy,252990.KQ,2026-06-12,16320.0,136.26906080470587,2026-06-15,16350.0,2049.0,8305.0,True,14715.0,67002.3,33568152.3,2026-06-16,14715.0,STOP,60302.07,-3477419.3699999973,-10.359281437125741,-9.999999999999998,2,1,
proxy,084370.KQ,2026-06-11,178300.0,176.0321855691335,2026-06-12,187200.0,742.0,742.0,False,168480.0,277804.8,139180204.8,2026-06-19,168480.0,STOP,250024.32,-14418069.120000005,-10.359281437125752,-9.999999999999998,6,7,
proxy,033640.KQ,2026-04-07,21950.0,52.68836645341894,2026-04-08,22850.0,3973.0,3973.0,False,20565.0,181566.1,90964616.1,2026-06-24,31750.0,EXIT_MA,252285.5,34925848.400000006,38.394982463956126,38.94967177242887,51,77,2026-06-23
proxy,440110.KQ,2026-05-08,92400.0,444.24796330804764,2026-05-11,94700.0,1.0,1294.0,True,85230.0,189.4,94889.4,2026-06-24,90600.0,EXIT_MA,181.20000000000002,-4470.599999999991,-4.711379774769354,-4.329461457233363,30,44,2026-06-23
proxy,031330.KQ,2026-04-08,5830.0,42.45550954345154,2026-04-09,5800.0,15472.0,15472.0,False,5220.0,179475.2,89917075.2,2026-06-29,11890.0,EXIT_MA,367924.16000000003,93677080.64,104.1816367265469,104.99999999999999,53,81,2026-06-26
proxy,031980.KQ,2026-06-30,160000.0,212.84603021766597,2026-07-01,161600.0,887.0,887.0,False,145440.0,286678.4,143625878.4,2026-07-02,145440.0,STOP,258010.56,-14878608.960000008,-10.359281437125754,-9.999999999999998,2,1,
proxy,084370.KQ,2026-07-01,206500.0,210.15095530578444,2026-07-02,189300.0,713.0,713.0,False,170370.0,269941.8,135240841.8,2026-07-03,170370.0,STOP,242947.62,-14009979.420000017,-10.35928143712576,-9.999999999999998,2,1,
proxy,222800.KQ,2026-04-08,68000.0,78.06583249828564,2026-04-09,66100.0,1326.0,1326.0,False,59490.0,175297.2,87823897.2,2026-07-08,105300.0,EXIT_MA,279255.6,51524647.2,58.66814027014051,59.30408472012103,60,90,2026-07-07
proxy,080220.KQ,2026-05-15,82300.0,271.4069757280322,2026-05-18,84400.0,762.0,1491.0,True,75960.0,128625.6,64441425.6,2026-07-08,79000.0,EXIT_MA,120396.0,-4363821.6000000015,-6.771764527816407,-6.398104265402848,35,51,2026-07-07
proxy,095610.KQ,2026-04-10,82500.0,101.78262677159367,2026-04-13,79700.0,1.0,1150.0,True,71730.0,159.4,79859.4,2026-07-09,140800.0,EXIT_MA,281.6,60659.0,75.95724485783765,76.6624843161857,59,87,2026-07-08
proxy,041830.KQ,2026-06-29,52600.0,86.25953869272459,2026-06-30,52700.0,2502.0,2502.0,False,47430.0,263710.8,132119110.8,2026-07-13,47430.0,STOP,237339.72,-13686590.519999996,-10.359281437125746,-9.999999999999998,10,13,
proxy,064290.KQ,2026-04-01,20950.0,38.03657519995428,2026-04-02,21000.0,4619.0,4619.0,False,18900.0,193998.0,97192998.0,2026-07-20,37000.0,EXIT_MA,341806.0,73368196.0,75.48712099610303,76.19047619047619,72,109,2026-07-16
proxy,420770.KQ,2026-01-14,41800.0,19.619200658044036,2026-01-15,41000.0,1743.0,1743.0,False,36900.0,142926.0,71605926.0,2026-07-22,149000.0,EXIT_MA,519414.0,187581660.0,261.9638771238012,263.4146341463415,125,188,2026-07-21
proxy,089970.KQ,2026-06-09,76600.0,294.5286221880337,2026-06-10,74900.0,1612.0,1612.0,False,67410.0,241477.6,120980277.6,2026-07-23,82600.0,EXIT_MA,266302.4,11904620.0,9.840132818475201,10.280373831775691,30,43,2026-07-22
proxy,252990.KQ,2026-07-15,15690.0,133.76827387500262,2026-07-16,15000.0,8271.0,8271.0,False,13500.0,248130.0,124313130.0,2026-07-24,13500.0,STOP,223317.0,-12877947.0,-10.359281437125748,-9.999999999999998,6,8,
proxy,131290.KQ,2026-03-06,106100.0,89.34502242560295,2026-03-09,97900.0,389.0,958.0,True,88110.0,76166.2,38159266.2,2026-07-27,215500.0,EXIT_MA,167659.0,45502574.8,119.2438412245988,120.12257405515831,95,140,2026-07-24
proxy,319660.KQ,2026-06-05,126500.0,325.809364523296,2026-06-08,120600.0,1004.0,1004.0,False,108540.0,242164.80000000002,121324564.8,2026-07-27,145600.0,EXIT_MA,292364.8,24565470.39999999,20.247730078814172,20.72968490878939,34,49,2026-07-24
proxy,093320.KQ,2026-07-23,148400.0,59.18150220167128,2026-07-24,146000.0,781.0,781.0,False,131400.0,228052.0,114254052.0,2026-07-28,131400.0,STOP,205246.80000000002,-11835898.799999997,-10.359281437125746,-9.999999999999998,3,4,
proxy,093320.KQ,2026-08-11,163000.0,68.28653922301335,2026-08-12,161200.0,698.0,698.0,False,145080.0,225035.2,112742635.2,2026-08-13,145080.0,STOP,202531.68,-11679326.88000001,-10.359281437125757,-9.999999999999998,2,1,
proxy,222800.KQ,2026-08-27,126900.0,147.27935860410412,2026-08-28,126900.0,888.0,888.0,False,114210.0,225374.4,112912574.4,2026-09-04,114210.0,STOP,202836.96,-11696931.36,-10.359281437125748,-9.999999999999998,6,7,
proxy,131290.KQ,2026-09-10,306500.0,285.61149998916676,2026-09-11,291000.0,370.0,370.0,False,261900.0,215340.0,107885340.0,2026-09-11,261900.0,STOP,193806.0,-11176146.0,-10.359281437125748,-9.999999999999998,1,0,
proxy,036930.KQ,2026-09-10,221000.0,323.9779246566548,2026-09-11,213000.0,513.0,513.0,False,191700.0,218538.0,109487538.0,2026-09-16,191700.0,STOP,196684.2,-11342122.200000003,-10.359281437125752,-9.999999999999998,4,5,
percentile,010170.KQ,2016-09-26,1956.700073,93.10344827586206,2016-09-27,1922.963867,3832.0,3832.0,False,1730.6674803,14737.595076688,7383535.133420687,2016-10-07,1730.6674803,STOP,13263.8355690192,-764881.1844801065,-10.35928143712574,-9.999999999999998,8,10,
percentile,033640.KQ,2016-09-28,7920.0,74.71264367816092,2016-09-29,7940.0,945.0,945.0,False,7146.0,15006.6,7518306.6,2016-10-11,7770.0,EXIT_MA,14685.300000000001,-190341.89999999944,-2.5317123938520867,-2.1410579345088165,7,12,2016-10-10
percentile,319660.KQ,2016-10-04,15758.94824,93.10344827586206,2016-10-05,15758.94824,486.0,486.0,False,14183.053416,15317.69768928,7674166.54232928,2016-10-12,14354.68555,EXIT_MA,13952.7543546,-711742.1193838799,-9.274520111832892,-8.91089093392441,5,7,2016-10-11
percentile,005290.KQ,2016-10-04,9710.0,90.80459770114942,2016-10-05,9680.0,788.0,788.0,False,8712.0,15255.68,7643095.68,2016-10-12,9320.0,EXIT_MA,14688.32,-313624.0,-4.103363520892101,-3.7190082644628086,5,7,2016-10-11
percentile,033100.KQ,2016-09-30,6700.0,100.0,2016-10-04,6800.0,1127.0,1127.0,False,6120.0,15327.2,7678927.2,2016-10-12,6120.0,STOP,13794.48,-795481.6800000006,-10.359281437125757,-9.999999999999998,7,8,
percentile,098460.KQ,2016-09-26,9200.0,72.41379310344827,2016-09-27,9200.0,815.0,815.0,False,8280.0,14996.0,7512996.0,2016-10-14,8900.0,EXIT_MA,14507.0,-274003.0,-3.647053718649657,-3.2608695652173947,12,17,2016-10-13
percentile,059090.KQ,2016-10-05,3395.0,70.11494252873564,2016-10-06,3415.0,2268.0,2268.0,False,3073.5,15490.44,7760710.44,2016-10-14,3195.0,EXIT_MA,14492.52,-528942.96,-6.815651274318127,-6.44216691068814,6,8,2016-10-13
percentile,043260.KQ,2016-10-06,1395.0,88.50574712643679,2016-10-07,1390.0,5511.0,5511.0,False,1251.0,15320.58,7675610.58,2016-10-17,1255.0,EXIT_MA,13832.61,-773138.1900000004,-10.072660434526636,-9.712230215827333,6,10,2016-10-14
percentile,102710.KQ,2016-09-27,23800.0,80.45977011494253,2016-09-28,23800.0,314.0,314.0,False,21420.0,14946.4,7488146.4,2016-10-21,21420.0,STOP,13451.76,-775718.1600000001,-10.35928143712575,-9.999999999999998,17,23,
percentile,064290.KQ,2016-09-28,4265.0,82.75862068965517,2016-09-29,4290.0,1755.0,1755.0,False,3861.0,15057.9,7544007.9,2016-10-26,4180.0,EXIT_MA,14671.800000000001,-222779.7000000002,-2.9530682225293026,-2.564102564102566,18,27,2016-10-25
percentile,137400.KQ,2016-09-28,6225.0,71.26436781609196,2016-09-29,6325.0,1202.0,1202.0,False,5692.5,15205.300000000001,7617855.3,2016-11-03,5900.0,EXIT_MA,14183.6,-540238.8999999994,-7.091745363028876,-6.719367588932801,24,35,2016-11-02
percentile,044490.KQ,2016-10-27,28600.0,96.5909090909091,2016-10-28,28650.0,248.0,248.0,False,25785.0,14210.4,7119410.4,2016-11-03,25785.0,STOP,12789.36,-737519.7600000007,-10.359281437125759,-9.999999999999998,5,6,
percentile,131970.KQ,2016-10-14,5850.0,88.63636363636364,2016-10-17,5850.0,1230.0,1230.0,False,5265.0,14391.0,7209891.0,2016-11-09,5265.0,STOP,12951.9,-746892.9000000004,-10.359281437125754,-9.999999999999998,18,23,
percentile,044490.KQ,2016-11-07,30350.0,98.86363636363636,2016-11-08,30550.0,233.0,233.0,False,27495.0,14236.300000000001,7132386.3,2016-11-09,27495.0,STOP,12812.67,-738863.9699999997,-10.359281437125745,-9.999999999999998,2,1,
percentile,090710.KQ,2016-11-11,1356.0,94.31818181818183,2016-11-14,1356.0,5135.0,5135.0,False,1220.4,13926.12,6976986.12,2016-11-24,1238.0,EXIT_MA,12714.26,-632570.3799999999,-9.066527711538573,-8.702064896755157,8,10,2016-11-23
percentile,319660.KQ,2016-12-15,14146.64648,85.39325842696628,2016-12-16,14042.62695,501.0,501.0,False,12638.364255,14070.7122039,7049426.8141539,2016-12-20,13522.5293,EXIT_MA,13549.5743586,-288189.2092125006,-4.088122578049492,-3.703706235676929,2,4,2016-12-19
percentile,064290.KQ,2016-12-15,4205.0,80.89887640449437,2016-12-16,4205.0,1688.0,1688.0,False,3784.5,14196.08,7112236.08,2016-12-20,4080.0,EXIT_MA,13774.08,-238970.16000000015,-3.3599863293626795,-2.9726516052318686,2,4,2016-12-19
percentile,102710.KQ,2016-12-22,23500.0,84.26966292134831,2016-12-23,23550.0,301.0,301.0,False,21195.0,14177.1,7102727.1,2016-12-29,22250.0,EXIT_MA,13394.5,-418871.5999999996,-5.897334841993291,-5.520169851380041,4,6,2016-12-28
percentile,036930.KQ,2016-12-20,10400.0,82.02247191011236,2016-12-21,10600.0,680.0,680.0,False,9540.0,14416.0,7222416.0,2017-01-17,9750.0,EXIT_MA,13260.0,-605676.0,-8.386058072534176,-8.018867924528305,18,27,2017-01-16
percentile,131970.KQ,2017-01-02,7575.0,95.55555555555556,2017-01-03,7575.0,940.0,940.0,False,6817.5,14241.0,7134741.0,2017-01-17,6817.5,STOP,12816.9,-739107.9000000004,-10.359281437125754,-9.999999999999998,11,14,
percentile,090710.KQ,2016-12-02,1408.0,95.50561797752809,2016-12-05,1440.0,4954.0,4954.0,False,1296.0,14267.52,7148027.52,2017-02-01,1572.0,EXIT_MA,15575.376,624085.1040000003,8.730871590153031,9.166666666666657,39,58,2017-01-31
percentile,222800.KQ,2016-10-07,8620.796875,70.11494252873564,2016-10-10,8745.319336,871.0,871.0,False,7870.7874024,15234.346283312001,7632407.487939312,2017-02-03,11015.46289,EXIT_MA,19188.93635438,1942871.752896308,25.455555877571044,25.958383756839876,81,116,2017-02-02
percentile,095610.KQ,2016-12-13,23700.0,100.0,2016-12-14,23950.0,297.0,297.0,False,21555.0,14226.300000000001,7127376.3,2017-02-03,23700.0,EXIT_MA,14077.800000000001,-102554.09999999963,-1.4388759016413886,-1.043841336116913,34,51,2017-02-02
percentile,319660.KQ,2016-12-23,14302.67578,86.51685393258427,2016-12-26,14406.69531,492.0,492.0,False,12966.025779,14176.188185039999,7102270.280705039,2017-02-07,13782.57812,EXIT_MA,13562.05687008,-334803.9025351191,-4.71404057157176,-4.332132918552012,28,43,2017-02-06
percentile,056190.KQ,2017-01-23,36000.0,86.95652173913044,2017-01-24,35700.0,195.0,195.0,False,32130.0,13923.0,6975423.0,2017-02-14,32500.0,EXIT_MA,12675.0,-650598.0,-9.32700425479573,-8.963585434173671,13,21,2017-02-13
percentile,082920.KQ,2017-01-03,5208.333496,87.77777777777777,2017-01-04,5265.151367,1365.0,1365.0,False,4738.6362303000005,14373.863231910002,7201305.479186911,2017-02-21,5132.575684,EXIT_MA,14011.931617320002,-209351.60214423016,-2.907134029368627,-2.5179842659592833,32,48,2017-02-20
percentile,036930.KQ,2017-01-25,11100.0,80.43478260869566,2017-01-26,11150.0,642.0,642.0,False,10035.0,14316.6,7172616.6,2017-02-24,10450.0,EXIT_MA,13417.800000000001,-477134.39999999944,-6.6521665189799695,-6.278026905829592,19,29,2017-02-23
percentile,068760.KQ,2017-03-06,17386.69531,77.17391304347827,2017-03-07,17574.86328,408.0,408.0,False,15817.376952000002,14341.08843648,7184885.30667648,2017-03-09,16935.09375,EXIT_MA,13819.0365,-289186.0931764804,-4.024922887881831,-3.6402532401378696,2,2,2017-03-08
percentile,033640.KQ,2017-01-23,9420.0,91.30434782608695,2017-01-24,9820.0,747.0,747.0,False,8838.0,14671.08,7350211.08,2017-03-21,9670.0,EXIT_MA,14446.98,-141168.06000000052,-1.920598721091429,-1.527494908350302,37,56,2017-03-20
percentile,083650.KQ,2017-01-16,4190.0,93.47826086956522,2017-01-17,4215.0,1685.0,1685.0,False,3793.5,14204.550000000001,7116479.55,2017-03-24,5900.0,EXIT_MA,19883.0,2805137.45,39.41748768181313,39.976275207591925,45,66,2017-03-23
percentile,126340.KQ,2017-03-31,4716.371094,84.94623655913979,2017-04-03,4008.915527,1614.0,1614.0,False,3608.0239743,12940.779321156,6483330.439899157,2017-04-06,4031.736572,EXIT_MA,13014.445654415998,10877.941654426046,0.1677832366445793,0.5692573177533911,3,3,2017-04-05
percentile,119850.KQ,2017-03-03,4715.0,88.04347826086956,2017-03-06,4775.0,1495.0,1495.0,False,4297.5,14277.25,7152902.25,2017-04-10,4695.0,EXIT_MA,14038.050000000001,-147915.2999999998,-2.0679060726714082,-1.675392670157072,25,35,2017-04-07
percentile,046890.KQ,2017-02-06,16850.0,73.91304347826086,2017-02-07,16800.0,416.0,416.0,False,15120.0,13977.6,7002777.6,2017-04-17,16700.0,EXIT_MA,13894.4,-69472.0,-0.9920634920634922,-0.5952380952380931,48,69,2017-04-14
percentile,083650.KQ,2017-04-14,6580.0,100.0,2017-04-17,6680.0,1115.0,1115.0,False,6012.0,14896.4,7463096.4,2017-04-20,6120.0,EXIT_MA,13647.6,-652944.0,-8.748969127613035,-8.383233532934131,3,3,2017-04-19
percentile,033640.KQ,2017-03-30,10900.0,96.7741935483871,2017-03-31,10850.0,693.0,693.0,False,9765.0,15038.1,7534088.1,2017-04-24,10050.0,EXIT_MA,13929.300000000001,-583367.3999999994,-7.743039267087937,-7.3732718894009235,16,24,2017-04-21
percentile,053800.KQ,2017-03-15,71800.0,79.56989247311827,2017-03-16,73300.0,97.0,97.0,False,65970.0,14220.2,7124320.2,2017-04-25,84200.0,EXIT_MA,16334.800000000001,1026745.0,14.411831180749008,14.870395634379264,28,40,2017-04-24
percentile,000250.KQ,2017-02-07,13400.0,94.56521739130434,2017-02-08,13450.0,520.0,520.0,False,12105.0,13988.0,7007988.0,2017-04-27,14400.0,EXIT_MA,14976.0,465036.0,6.635799033902455,7.063197026022294,55,78,2017-04-26
percentile,232140.KQ,2017-04-19,3495.0,95.6989247311828,2017-04-20,3475.0,1956.0,2179.0,True,3127.5,13594.2,6810694.2,2017-05-17,3127.5,STOP,12234.78,-705538.9800000004,-10.359281437125754,-9.999999999999998,16,27,
percentile,036810.KQ,2017-03-09,4568.179688,78.49462365591397,2017-03-10,4563.27832,1559.0,1559.0,False,4106.950488,14228.30180176,7128379.20268176,2017-05-23,4813.253418,EXIT_MA,15007.724157324,360475.15182291623,5.0569020190073815,5.477971766578538,48,74,2017-05-22
percentile,044490.KQ,2017-04-25,26650.0,73.11827956989248,2017-04-26,26900.0,278.0,278.0,False,24210.0,14956.4,7493156.4,2017-06-13,26800.0,EXIT_MA,14900.800000000001,-57657.200000000186,-0.7694647878963288,-0.371747211895912,29,48,2017-06-12
percentile,082920.KQ,2017-04-03,5606.060547,82.79569892473118,2017-04-04,5625.0,990.0,1387.0,True,5062.5,11137.5,5579887.5,2017-06-14,5492.424316,EXIT_MA,10875.00014568,-153262.4273056807,-2.7466938590729777,-2.356901048888893,46,71,2017-06-13
percentile,031330.KQ,2017-05-04,2355.0,79.56989247311827,2017-05-08,2375.0,3208.0,3208.0,False,2137.5,15238.0,7634238.0,2017-06-14,2225.0,EXIT_MA,14275.6,-510713.5999999996,-6.689778338060716,-6.315789473684208,25,37,2017-06-13
percentile,083650.KQ,2017-05-23,6850.0,96.80851063829788,2017-05-24,6860.0,1090.0,1197.0,True,6174.0,14954.800000000001,7492354.8,2017-06-15,6174.0,STOP,13459.32,-776154.1200000001,-10.35928143712575,-9.999999999999998,16,22,
percentile,090710.KQ,2017-03-28,1725.0,97.84946236559139,2017-03-29,1760.0,4261.0,4261.0,False,1584.0,14998.720000000001,7514358.72,2017-06-16,2660.0,EXIT_MA,22668.52,3797232.7600000007,50.533024859372176,51.13636363636365,52,79,2017-06-15
percentile,053610.KQ,2017-03-17,12144.25488,90.32258064516128,2017-03-20,12190.96387,580.0,580.0,False,10971.867483,14141.518089199999,7084900.5626892,2017-06-22,14573.10645,EXIT_MA,16904.803482,1350596.3748288006,19.063025131804498,19.54023164535881,63,94,2017-06-21
percentile,074600.KQ,2017-06-16,12950.0,89.36170212765957,2017-06-19,12950.0,607.0,607.0,False,11655.0,15721.300000000001,7876371.3,2017-06-30,11655.0,STOP,14149.17,-815935.4699999997,-10.359281437125746,-9.999999999999998,10,11,
percentile,056190.KQ,2017-03-29,35400.0,82.79569892473118,2017-03-30,36350.0,210.0,210.0,False,32715.0,15267.0,7648767.0,2017-07-04,39300.0,EXIT_MA,16506.0,587727.0,7.683944353384016,8.115543328748288,63,96,2017-07-03
percentile,095610.KQ,2017-04-17,25450.0,91.39784946236558,2017-04-18,25850.0,207.0,298.0,True,23265.0,10701.9,5361651.9,2017-07-04,27300.0,EXIT_MA,11302.2,278145.89999999944,5.187690383256687,5.609284332688591,50,77,2017-07-03
percentile,010170.KQ,2017-06-12,2939.869629,98.93617021276596,2017-06-13,2954.327881,2511.0,2699.0,True,2658.8950929000002,14836.634618382002,7433153.943809383,2017-07-04,2658.8950929000002,STOP,13352.971156543801,-770021.3366940264,-10.359281437125755,-9.999999999999998,16,21,
percentile,131970.KQ,2017-05-11,8550.0,93.61702127659575,2017-05-12,8525.0,872.0,919.0,True,7672.5,14867.6,7448667.6,2017-07-07,9375.0,EXIT_MA,16350.0,709982.4000000004,9.531669798233452,9.97067448680351,39,56,2017-07-06
percentile,131290.KQ,2017-06-26,14200.0,87.2340425531915,2017-06-27,14150.0,37.0,569.0,True,12735.0,1047.1,524597.1,2017-07-10,12735.0,STOP,942.39,-54344.48999999999,-10.359281437125748,-9.999999999999998,10,13,
percentile,083650.KQ,2017-06-30,7700.0,96.84210526315789,2017-07-03,7850.0,897.0,1040.0,True,7065.0,14082.9,7055532.9,2017-07-11,7065.0,STOP,12674.61,-730902.5100000007,-10.359281437125759,-9.999999999999998,7,8,
percentile,090360.KQ,2017-04-12,17900.0,95.6989247311828,2017-04-13,17900.0,424.0,424.0,False,16110.0,15179.2,7604779.2,2017-07-13,21800.0,EXIT_MA,18486.4,1619934.3999999994,21.301531016179922,21.7877094972067,60,91,2017-07-12
percentile,035900.KQ,2017-06-16,8220.0,90.42553191489363,2017-06-19,8280.0,956.0,956.0,False,7452.0,15831.36,7931511.36,2017-07-13,7750.0,EXIT_MA,14818.0,-537329.3600000003,-6.7746150211654035,-6.400966183574875,18,24,2017-07-12
percentile,032500.KQ,2017-04-03,5969.661621,97.84946236559139,2017-04-04,5969.661621,1302.0,1302.0,False,5372.695458900001,15544.998861084001,7788044.429403084,2017-07-17,7492.287598,EXIT_MA,19509.916905192,1947404.1062877225,25.005046182523916,25.506068411712413,69,104,2017-07-14
percentile,058610.KQ,2017-07-11,7290.0,72.63157894736842,2017-07-12,7360.0,1070.0,1070.0,False,6624.0,15750.4,7890950.4,2017-07-17,6624.0,STOP,14175.36,-817445.7600000007,-10.359281437125757,-9.999999999999998,4,5,
percentile,033640.KQ,2017-06-28,11350.0,73.40425531914893,2017-06-29,11300.0,1.0,715.0,True,10170.0,22.6,11322.6,2017-07-27,10650.0,EXIT_MA,21.3,-693.8999999999996,-6.128451062476812,-5.752212389380529,20,28,2017-07-26
percentile,053610.KQ,2017-07-18,16067.7832,84.21052631578947,2017-07-19,16161.20117,493.0,493.0,False,14545.081053,15934.94435362,7983407.12116362,2017-07-28,15180.31836,EXIT_MA,14967.793902959998,-514477.96358658,-6.444340815623999,-6.0693682337226935,7,9,2017-07-27
percentile,232140.KQ,2017-07-18,3760.0,82.10526315789474,2017-07-19,3800.0,2110.0,2110.0,False,3420.0,16036.0,8034036.0,2017-07-28,3420.0,STOP,14432.4,-832268.4000000004,-10.359281437125754,-9.999999999999998,8,9,
percentile,083450.KQ,2017-05-18,7800.0,82.97872340425532,2017-05-19,7770.0,784.0,1041.0,True,6993.0,12183.36,6103863.36,2017-08-04,8150.0,EXIT_MA,12779.2,272957.4399999995,4.471879920981708,4.890604890604888,54,77,2017-08-03
percentile,095610.KQ,2017-07-13,31400.0,81.05263157894737,2017-07-14,31650.0,250.0,250.0,False,28485.0,15825.0,7928325.0,2017-08-04,29150.0,EXIT_MA,14575.0,-655400.0,-8.266563240028631,-7.898894154818326,15,21,2017-08-03
percentile,240810.KQ,2017-07-14,32550.0,73.68421052631578,2017-07-17,33100.0,240.0,240.0,False,29790.0,15888.0,7959888.0,2017-08-07,31300.0,EXIT_MA,15024.0,-462912.0,-5.815559213898487,-5.438066465256797,15,21,2017-08-04
percentile,005290.KQ,2017-07-17,16850.0,91.57894736842105,2017-07-18,16700.0,471.0,471.0,False,15030.0,15731.4,7881431.4,2017-08-10,15030.0,STOP,14158.26,-816459.6600000001,-10.35928143712575,-9.999999999999998,18,23,
percentile,140860.KQ,2017-06-23,22750.0,73.40425531914893,2017-06-26,22750.0,347.0,347.0,False,20475.0,15788.5,7910038.5,2017-08-14,23550.0,EXIT_MA,16343.7,245467.7999999998,3.1032440613278913,3.516483516483526,35,49,2017-08-11
percentile,078600.KQ,2017-06-19,6200.0,90.42553191489363,2017-06-20,6300.0,1266.0,1266.0,False,5670.0,15951.6,7991751.6,2017-08-17,7000.0,EXIT_MA,17724.0,852524.4000000004,10.66755378132624,11.111111111111116,41,58,2017-08-16
percentile,098460.KQ,2017-02-17,9530.0,70.65217391304348,2017-02-20,9560.0,739.0,739.0,False,8604.0,14129.68,7078969.68,2017-08-23,12320.0,EXIT_MA,18208.96,2007301.3599999994,28.355840620015194,28.870292887029294,125,184,2017-08-22
percentile,036930.KQ,2017-06-19,13150.0,77.6595744680851,2017-06-20,13300.0,508.0,597.0,True,11970.0,13512.800000000001,6769912.8,2017-09-06,15150.0,EXIT_MA,15392.4,910894.7999999998,13.455044797622797,13.909774436090228,55,78,2017-09-05
percentile,007390.KQ,2017-08-03,5635.124512,73.68421052631578,2017-08-04,5691.195312,1365.0,1365.0,False,5122.0757808,15536.96320176,7784018.56408176,2017-09-08,5476.256836,EXIT_MA,14950.18116228,-323878.1641040407,-4.160809245734975,-3.7766842326918293,24,35,2017-09-07
percentile,064760.KQ,2017-07-06,46600.0,80.0,2017-07-07,46600.0,167.0,167.0,False,41940.0,15564.4,7797764.4,2017-09-20,50500.0,EXIT_MA,16867.0,618868.5999999996,7.936487539941571,8.369098712446355,52,75,2017-09-19
percentile,035760.KQ,2017-08-04,211900.0,70.52631578947368,2017-08-07,212200.0,36.0,36.0,False,190980.0,15278.4,7654478.4,2017-09-20,203000.0,EXIT_MA,14616.0,-361094.4000000004,-4.717426598264362,-4.3355325164938785,31,44,2017-09-19
percentile,010170.KQ,2017-07-19,3484.468262,97.89473684210527,2017-07-20,3551.940674,1580.0,2332.0,True,3196.7466066,11224.13252984,5623290.39744984,2017-09-21,3715.802246,EXIT_MA,11741.93509736,235935.2161328001,4.1956790323294815,4.61329698436288,44,63,2017-09-20
percentile,137400.KQ,2017-08-25,9175.0,91.57894736842105,2017-08-28,9075.0,703.0,858.0,True,8167.5,12759.45,6392484.45,2017-09-21,8167.5,STOP,11483.505000000001,-662215.4550000001,-10.359281437125748,-9.999999999999998,19,24,
percentile,083450.KQ,2017-08-24,9600.0,91.57894736842105,2017-08-25,9730.0,817.0,817.0,False,8757.0,15898.82,7965308.82,2017-09-27,9300.0,EXIT_MA,15196.2,-382405.0200000005,-4.800881279578567,-4.419321685508737,22,33,2017-09-26
percentile,065350.KQ,2017-08-24,4255.0,70.52631578947368,2017-08-25,4425.0,1843.0,1843.0,False,3982.5,16310.550000000001,8171585.55,2017-09-29,4045.0,EXIT_MA,14909.87,-731560.4199999999,-8.952490499227533,-8.587570621468931,24,35,2017-09-28
percentile,131290.KQ,2017-08-17,15750.0,92.63157894736842,2017-08-18,15550.0,486.0,486.0,False,13995.0,15114.6,7572414.6,2017-10-13,14650.0,EXIT_MA,14239.800000000001,-466754.39999999944,-6.163878031717908,-5.787781350482312,33,56,2017-10-12
percentile,005290.KQ,2017-09-12,19800.0,97.89473684210527,2017-09-13,19850.0,374.0,406.0,True,17865.0,14847.800000000001,7438747.8,2017-10-13,17865.0,STOP,13363.02,-770600.8199999994,-10.359281437125741,-9.999999999999998,16,30,
percentile,086520.KQ,2017-07-07,4804.969238,95.78947368421052,2017-07-10,4782.928223,1633.0,1633.0,False,4304.6354007,15621.043576318,7826142.831735318,2017-10-16,6744.589844,EXIT_MA,22027.830430504004,3165744.5530861793,40.450891596930234,41.013821022168415,62,98,2017-10-13
percentile,319660.KQ,2017-08-23,24288.54297,93.6842105263158,2017-08-24,24444.57227,318.0,318.0,False,22000.115043,15546.747963720001,7788920.729823721,2017-10-16,23456.38672,EXIT_MA,14918.26195392,-344708.0148176411,-4.425619758816605,-4.04255611055534,30,53,2017-10-13
percentile,053610.KQ,2017-10-10,17702.58789,89.47368421052632,2017-10-11,17749.29492,445.0,445.0,False,15974.365428000001,15796.872478800002,7914233.1118788,2017-10-16,15974.365428000001,STOP,14217.18523092,-819857.6816497203,-10.359281437125752,-9.999999999999998,4,5,
percentile,240810.KQ,2017-09-08,32600.0,76.84210526315789,2017-09-11,32550.0,236.0,236.0,False,29295.0,15363.6,7697163.6,2017-10-17,32200.0,EXIT_MA,15198.4,-113162.0,-1.4701779237224477,-1.0752688172043001,19,36,2017-10-16
percentile,078600.KQ,2017-09-15,8200.0,95.78947368421052,2017-09-18,8240.0,1.0,989.0,True,7416.0,16.48,8256.48,2017-10-23,7640.0,EXIT_MA,15.280000000000001,-631.7599999999993,-7.6516869174272735,-7.281553398058249,18,35,2017-10-20
percentile,010170.KQ,2017-11-14,3657.96875,94.84536082474226,2017-11-15,3725.441162,2.0,2325.0,True,3352.8970458000003,14.901764648,7465.784088648,2017-11-16,3566.39917,EXIT_MA,14.265596680000002,-347.25134532799984,-4.651237448133657,-4.269078079188304,1,1,2017-11-15
percentile,225570.KQ,2017-10-26,17700.0,98.94736842105263,2017-10-27,17900.0,435.0,435.0,False,16110.0,15573.0,7802073.0,2017-11-29,16110.0,STOP,14015.7,-808238.7000000002,-10.35928143712575,-9.999999999999998,24,33,
percentile,102710.KQ,2017-11-02,28300.0,75.0,2017-11-03,27900.0,271.0,271.0,False,25110.0,15121.800000000001,7576021.8,2017-11-30,25110.0,STOP,13609.62,-784821.4199999999,-10.359281437125748,-9.999999999999998,20,27,
percentile,046890.KQ,2017-08-21,22800.0,80.0,2017-08-22,22900.0,338.0,338.0,False,20610.0,15480.4,7755680.4,2017-12-08,28300.0,EXIT_MA,19130.8,1790588.7999999989,23.08744955503838,23.580786026200883,71,108,2017-12-07
percentile,140410.KQ,2017-10-11,10566.66699,84.21052631578947,2017-10-12,10500.0,748.0,748.0,False,9450.0,15708.0,7869708.0,2017-12-19,11616.66699,EXIT_MA,17378.53381704,802180.3747029603,10.193267332192761,10.634923714285716,48,68,2017-12-18
percentile,095610.KQ,2017-10-25,34850.0,83.15789473684211,2017-10-26,34850.0,222.0,222.0,False,31365.0,15473.4,7752173.4,2017-12-22,36450.0,EXIT_MA,16183.800000000001,323542.7999999998,4.173575374358884,4.591104734576756,40,57,2017-12-21
percentile,041510.KQ,2017-10-26,32900.0,76.84210526315789,2017-10-27,33150.0,234.0,234.0,False,29835.0,15514.2,7772614.2,2018-01-02,34800.0,EXIT_MA,16286.4,354299.39999999944,4.558304206067495,4.977375565610864,43,67,2017-12-28
percentile,098460.KQ,2017-09-21,12820.0,74.73684210526315,2017-09-25,13300.0,613.0,613.0,False,11970.0,16305.800000000001,8169205.8,2018-01-03,16240.0,EXIT_MA,19910.24,1766003.96,21.61781699758378,22.10526315789474,62,100,2018-01-02
percentile,058470.KQ,2017-11-03,10700.0,70.83333333333334,2017-11-06,10720.0,724.0,724.0,False,9648.0,15522.56,7776802.56,2018-01-04,11080.0,EXIT_MA,16043.84,229073.60000000056,2.945601334644152,3.3582089552238736,39,59,2018-01-03
percentile,064290.KQ,2017-12-08,5590.0,79.38144329896907,2017-12-11,5780.0,1553.0,1553.0,False,5202.0,17952.68,8994292.68,2018-01-08,5202.0,STOP,16157.412,-931744.0920000002,-10.35928143712575,-9.999999999999998,17,28,
percentile,131290.KQ,2018-01-08,17600.0,77.31958762886599,2018-01-09,17600.0,457.0,571.0,True,15840.0,16086.4,8059286.4,2018-01-11,16600.0,EXIT_MA,15172.4,-488258.80000000075,-6.058337869715124,-5.681818181818176,2,2,2018-01-10
percentile,064760.KQ,2017-11-02,56700.0,82.29166666666666,2017-11-03,56700.0,135.0,135.0,False,51030.0,15309.0,7669809.0,2018-01-31,70500.0,EXIT_MA,19035.0,1828656.0,23.842262564817453,24.33862433862435,59,89,2018-01-30
percentile,089030.KQ,2017-12-22,9950.0,71.1340206185567,2017-12-26,9950.0,797.0,943.0,True,8955.0,15860.300000000001,7946010.3,2018-01-31,9150.0,EXIT_MA,14585.1,-668045.3999999994,-8.407305991033002,-8.040201005025127,24,36,2018-01-30
percentile,003380.KQ,2017-11-13,16700.0,86.5979381443299,2017-11-14,16850.0,1.0,493.0,True,15165.0,33.7,16883.7,2018-02-01,17000.0,EXIT_MA,34.0,82.29999999999927,0.4874523949134329,0.8902077151335286,53,79,2018-01-31
percentile,032500.KQ,2017-12-01,11528.45605,92.78350515463917,2017-12-04,11528.45605,2.0,813.0,True,10375.610445,46.1138242,23103.025924200003,2018-02-02,11310.9375,EXIT_MA,45.24375,-526.3946742000044,-2.278466361623286,-1.886796888122766,40,60,2018-02-01
percentile,086520.KQ,2018-01-16,9455.650391,92.78350515463917,2018-01-17,9510.75293,1.0,1166.0,True,8559.677637,19.02150586,9529.774435860001,2018-02-02,8559.677637,STOP,17.119355274,-987.216154134001,-10.359281437125759,-9.999999999999998,13,16,
percentile,214450.KQ,2018-01-02,63500.0,83.50515463917526,2018-01-03,63600.0,156.0,161.0,True,57240.0,19843.2,9941443.2,2018-02-05,57240.0,STOP,17858.88,-1029862.0800000001,-10.35928143712575,-9.999999999999998,24,33,
percentile,078600.KQ,2017-11-15,9250.0,92.78350515463917,2017-11-16,9390.0,1.0,952.0,True,8451.0,18.78,9408.78,2018-02-06,13700.0,EXIT_MA,27.400000000000002,4263.82,45.31745879912166,45.89989350372736,54,82,2018-02-05
percentile,087010.KQ,2017-11-29,29257.98633,77.31958762886599,2017-11-30,29020.50391,240.0,319.0,True,26118.453519,13929.841876800001,6978850.7802768005,2018-02-06,28973.00586,EXIT_MA,13907.042812800002,-39236.416689599864,-0.562218879940626,-0.16367065901854438,44,68,2018-02-05
percentile,039200.KQ,2017-10-30,9173.076172,82.29166666666666,2017-10-31,9144.410156,847.0,847.0,False,8229.9691404,15490.630804264,7760806.032936264,2018-02-08,14332.93164,EXIT_MA,24279.98619816,4354907.079945575,56.114108012282294,56.73981586002692,68,100,2018-02-07
percentile,058470.KQ,2018-02-07,13240.0,79.38144329896907,2018-02-08,13300.0,827.0,827.0,False,11970.0,21998.2,11021098.2,2018-02-09,11560.0,STOP,19120.24,-1480098.4399999995,-13.429681989404646,-13.082706766917296,2,1,
percentile,041830.KQ,2017-12-28,40100.0,71.1340206185567,2018-01-02,40350.0,201.0,250.0,True,36315.0,16220.7,8126570.7,2018-02-12,39500.0,EXIT_MA,15879.0,-202949.7000000002,-2.4973596796493776,-2.106567534076831,29,41,2018-02-09
percentile,098460.KQ,2018-01-30,18980.0,79.38144329896907,2018-01-31,19160.0,602.0,602.0,False,17244.0,23068.64,11557388.64,2018-02-14,17244.0,STOP,20761.776,-1197262.4160000011,-10.359281437125757,-9.999999999999998,11,14,
percentile,000250.KQ,2018-02-19,45500.0,97.9381443298969,2018-02-20,46950.0,250.0,250.0,False,42255.0,23475.0,11760975.0,2018-02-20,42255.0,STOP,21127.5,-1218352.5,-10.359281437125748,-9.999999999999998,1,0,
percentile,010170.KQ,2017-12-11,5455.626953,96.90721649484536,2017-12-12,5484.543457,100.0,1668.0,True,4936.0891113,1096.9086914,549551.2543913999,2018-03-02,5571.293945,EXIT_MA,1114.2587890000002,6463.881319600157,1.1762108207283737,1.5817266957613318,51,80,2018-02-28
percentile,127120.KQ,2018-02-26,6960.081055,76.28865979381443,2018-02-27,7044.730957,1587.0,1587.0,False,6340.2578613,22359.976057517997,11202348.004816517,2018-03-02,6340.2578613,STOP,20123.9784517662,-1160482.7573851831,-10.35928143712574,-9.999999999999998,3,3,
percentile,085660.KQ,2018-01-03,30650.0,93.81443298969072,2018-01-04,30250.0,264.0,327.0,True,27225.0,15972.0,8001972.0,2018-03-06,32950.0,EXIT_MA,17397.6,679430.4000000004,8.490787020999328,8.92561983471074,40,61,2018-03-05
percentile,068760.KQ,2017-11-10,30596.06836,98.96907216494846,2017-11-13,32515.37891,97.0,262.0,True,29263.841019,6307.98350854,3160299.73777854,2018-03-08,62569.52344,EXIT_MA,12138.487547359999,2896805.5483540995,91.66236713959108,92.43055297982994,76,115,2018-03-07
percentile,089030.KQ,2018-02-22,9900.0,70.10309278350515,2018-02-23,9900.0,1124.0,1124.0,False,8910.0,22255.2,11149855.2,2018-03-12,9500.0,EXIT_MA,21356.0,-493211.19999999925,-4.423476279763698,-4.040404040404044,10,17,2018-03-09
percentile,023160.KQ,2018-01-10,13300.0,72.16494845360825,2018-01-11,13300.0,568.0,751.0,True,11970.0,15108.800000000001,7569508.8,2018-03-14,13650.0,EXIT_MA,15506.4,168184.7999999998,2.221872045382916,2.6315789473684292,41,62,2018-03-13
percentile,218410.KQ,2017-12-21,15648.15527,89.69072164948454,2017-12-22,15111.92578,581.0,581.0,False,13600.733202,17560.057756359998,8797588.93593636,2018-03-20,18134.31055,EXIT_MA,21072.0688591,1717373.4247545395,19.520955539754976,19.99999744572594,56,88,2018-03-19
percentile,007390.KQ,2017-11-06,7279.870605,91.66666666666666,2017-11-07,7373.321777,1079.0,1079.0,False,6635.9895993,15911.628394766001,7971725.825777766,2018-03-22,29343.76562,EXIT_MA,63323.84620796,23626873.43199427,296.3834174476153,297.9721285395897,90,135,2018-03-21
percentile,039200.KQ,2018-03-21,23888.21875,97.9381443298969,2018-03-22,24557.08984,461.0,461.0,False,22101.380856,22641.636832480002,11343460.05307248,2018-03-22,22101.380856,STOP,20377.473149232,-1175100.951605713,-10.359281437125757,-9.999999999999998,1,0,
percentile,214150.KQ,2018-03-21,6800.0,95.87628865979381,2018-03-22,6890.0,1622.0,1622.0,False,6201.0,22351.16,11197931.16,2018-03-26,6201.0,STOP,20116.044,-1160025.204,-10.359281437125748,-9.999999999999998,3,4,
percentile,080220.KQ,2018-02-13,5920.0,82.4742268041237,2018-02-14,6050.0,1853.0,1853.0,False,5445.0,22421.3,11233071.3,2018-03-29,5600.0,EXIT_MA,20753.600000000002,-877024.9000000004,-7.8075254449778155,-7.438016528925617,28,43,2018-03-28
percentile,089030.KQ,2018-03-13,10500.0,75.25773195876289,2018-03-14,10400.0,72.0,1196.0,True,9360.0,1497.6000000000001,750297.6,2018-04-04,9360.0,STOP,1347.84,-77725.43999999994,-10.359281437125741,-9.999999999999998,16,21,
percentile,214370.KQ,2018-04-04,20380.0,73.19587628865979,2018-04-05,20800.0,182.0,583.0,True,18720.0,7571.2,3793171.2,2018-04-11,18720.0,STOP,6814.08,-392945.28000000026,-10.359281437125754,-9.999999999999998,5,6,
percentile,141080.KQ,2018-04-11,36000.0,90.81632653061224,2018-04-12,36500.0,93.0,348.0,True,32850.0,6789.0,3401289.0,2018-04-12,32850.0,STOP,6110.1,-352349.1000000001,-10.359281437125752,-9.999999999999998,1,0,
percentile,039200.KQ,2018-03-30,25273.73633,96.90721649484536,2018-04-02,25273.73633,463.0,463.0,False,22746.362697,23403.47984158,11725143.40063158,2018-04-18,22746.362697,STOP,21063.131857422002,-1214640.603778001,-10.35928143712574,-9.999999999999998,13,16,
percentile,058610.KQ,2018-02-19,10450.0,85.56701030927834,2018-02-20,10500.0,1092.0,1092.0,False,9450.0,22932.0,11488932.0,2018-04-19,10850.0,EXIT_MA,23696.4,335571.5999999996,2.9208250166333967,3.3333333333333437,41,58,2018-04-18
percentile,127120.KQ,2018-04-04,7590.250488,83.50515463917526,2018-04-05,7787.766602,1565.0,1565.0,False,7008.9899417999995,24375.709464260002,12212230.44159426,2018-04-19,7008.9899417999995,STOP,21938.138517834002,-1265099.321195094,-10.359281437125748,-9.999999999999998,11,14,
percentile,041830.KQ,2018-03-02,44950.0,80.41237113402062,2018-03-05,44950.0,248.0,248.0,False,40455.0,22295.2,11169895.2,2018-04-25,43600.0,EXIT_MA,21625.600000000002,-378720.7999999989,-3.3905492685374425,-3.0033370411568394,37,51,2018-04-24
percentile,086520.KQ,2018-03-09,8684.209961,85.56701030927834,2018-03-12,8728.292969,1355.0,1355.0,False,7855.463672100001,23653.67394599,11850490.64694099,2018-04-26,8529.922852,EXIT_MA,23116.090928920003,-315561.27340990864,-2.6628540776188503,-2.2727252362465977,33,45,2018-04-25
percentile,035900.KQ,2017-08-14,7810.0,87.36842105263159,2017-08-16,8000.0,984.0,984.0,False,7200.0,15744.0,7887744.0,2018-05-03,20050.0,EXIT_MA,39458.4,11801997.600000001,149.624500998004,150.625,171,260,2018-05-02
percentile,140860.KQ,2017-11-30,28050.0,73.19587628865979,2017-12-01,27850.0,243.0,324.0,True,25065.0,13535.1,6781085.1,2018-05-08,44200.0,EXIT_MA,21481.2,3938033.700000001,58.07379854295003,58.707360861759426,103,158,2018-05-04
percentile,098460.KQ,2018-04-19,20860.0,78.78787878787878,2018-04-20,20880.0,600.0,600.0,False,18792.0,25056.0,12553056.0,2018-05-08,18792.0,STOP,22550.4,-1300406.4000000004,-10.359281437125752,-9.999999999999998,11,18,
percentile,032820.KQ,2018-05-03,3490.0,98.98989898989899,2018-05-04,3490.0,3491.0,3491.0,False,3141.0,24367.18,12207957.18,2018-05-08,3141.0,STOP,21930.462,-1264656.641999999,-10.359281437125741,-9.999999999999998,2,4,
percentile,033100.KQ,2018-03-07,9170.0,87.62886597938144,2018-03-08,9000.0,1226.0,1226.0,False,8100.0,22068.0,11056068.0,2018-05-09,12200.0,EXIT_MA,29914.4,3871217.5999999996,35.014415613218006,35.555555555555564,42,62,2018-05-08
percentile,140410.KQ,2018-03-13,15650.0,83.50515463917526,2018-03-14,15750.0,802.0,802.0,False,14175.0,25263.0,12656763.0,2018-05-09,17566.66602,EXIT_MA,28176.932296080002,1403526.2157439198,11.089140372968348,11.534387428571424,38,56,2018-05-08
percentile,222080.KQ,2018-04-17,2750.0,77.77777777777779,2018-04-18,2765.0,1.0,4739.0,True,2488.5,5.53,2770.53,2018-05-17,2488.5,STOP,4.977,-287.00700000000006,-10.35928143712575,-9.999999999999998,20,29,
percentile,183300.KQ,2018-04-18,7230.0,80.8080808080808,2018-04-19,7260.0,1748.0,1748.0,False,6534.0,25380.96,12715860.96,2018-05-23,6534.0,STOP,22842.864,-1317271.824000001,-10.359281437125755,-9.999999999999998,22,34,
percentile,090360.KQ,2018-05-29,36250.0,87.0,2018-05-30,39000.0,227.0,317.0,True,35100.0,17706.0,8870706.0,2018-05-30,35100.0,STOP,15935.4,-918941.4000000004,-10.359281437125754,-9.999999999999998,1,0,
percentile,196170.KQ,2018-03-27,5021.367676,72.16494845360825,2018-03-28,5181.624023,2229.0,2229.0,False,4663.461620700001,23099.679894534005,11572939.627161536,2018-05-31,6666.666504,EXIT_MA,29719.999274832,3257340.010979632,28.146176476499523,28.659788406265065,43,64,2018-05-30
percentile,225570.KQ,2018-05-25,19250.0,77.0,2018-05-28,19350.0,619.0,619.0,False,17415.0,23955.3,12001605.3,2018-06-01,16950.0,STOP,20984.100000000002,-1530539.4000000004,-12.752788995652109,-12.4031007751938,5,4,
percentile,036810.KQ,2018-05-11,6695.421875,76.76767676767676,2018-05-14,6822.860352,1717.0,1717.0,False,6140.5743168,23429.702448768,11738280.926832767,2018-06-11,6140.5743168,STOP,21086.7322038912,-1216001.5570910592,-10.359281437125748,-9.999999999999998,19,28,
percentile,028300.KQ,2018-03-23,22240.15625,98.96907216494846,2018-03-26,23767.20898,483.0,483.0,False,21390.488082,22959.12387468,11502521.06121468,2018-06-12,39546.75781,EXIT_MA,38202.168044460006,7560360.792970864,65.72785872536781,66.39209864009874,52,78,2018-06-11
percentile,086520.KQ,2018-06-07,8893.601562,79.0,2018-06-08,8794.416016,1322.0,1322.0,False,7914.9744144,23252.435946304,11649470.409098303,2018-06-18,8243.387695,EXIT_MA,21795.51706558,-773507.3933738843,-6.639850278256174,-6.2656613014155145,5,10,2018-06-15
percentile,140860.KQ,2018-06-11,45000.0,80.0,2018-06-12,44900.0,252.0,252.0,False,40410.0,22629.600000000002,11337429.6,2018-06-18,42500.0,EXIT_MA,21420.0,-648849.5999999996,-5.7230750081129464,-5.345211581291764,3,6,2018-06-15
percentile,074600.KQ,2018-05-23,16700.0,74.0,2018-05-24,16600.0,694.0,694.0,False,14940.0,23040.8,11543440.8,2018-06-18,14940.0,STOP,20736.72,-1195817.5200000014,-10.35928143712576,-9.999999999999998,16,25,
percentile,059090.KQ,2018-06-12,5080.0,72.0,2018-06-14,5000.0,2249.0,2249.0,False,4500.0,22490.0,11267490.0,2018-06-18,4500.0,STOP,20241.0,-1167231.0,-10.359281437125748,-9.999999999999998,3,4,
percentile,010170.KQ,2018-04-12,6458.074219,87.87878787878788,2018-04-13,6535.185547,466.0,1894.0,True,5881.6669923,6090.792929804,3051487.257831804,2018-06-19,6620.0,EXIT_MA,6169.84,27262.90216819616,0.8934299855988084,1.2978124705110172,42,67,2018-06-18
percentile,064760.KQ,2018-06-04,71000.0,72.0,2018-06-05,71300.0,165.0,165.0,False,64170.0,23529.0,11788029.0,2018-06-22,67200.0,EXIT_MA,22176.0,-722205.0,-6.126596736400971,-5.7503506311360475,11,17,2018-06-21
percentile,127120.KQ,2018-06-18,9029.293945,92.0,2018-06-19,8841.18457,1205.0,1205.0,False,7957.066113,21307.254813699998,10674934.6616637,2018-06-22,7957.066113,STOP,19176.52933233,-1105846.5248310305,-10.359281437125754,-9.999999999999998,4,3,
percentile,218410.KQ,2018-05-03,21107.94727,86.86868686868688,2018-05-04,20912.95508,577.0,577.0,False,18821.659572,24133.55016232,12090908.631322319,2018-06-26,21546.68164,EXIT_MA,24864.87061256,316661.8043451216,2.6190075039090757,3.030306131179228,33,53,2018-06-25
percentile,032500.KQ,2018-04-20,11600.96191,72.72727272727273,2018-04-23,11455.94922,698.0,1083.0,True,10310.354298,15992.505111120001,8012245.06067112,2018-06-29,12156.84082,EXIT_MA,16970.94978472,456258.8819041597,5.694519806236962,6.118145136121678,44,67,2018-06-28
percentile,140860.KQ,2018-06-22,47750.0,88.11881188118812,2018-06-25,47900.0,234.0,234.0,False,43110.0,22417.2,11231017.2,2018-07-05,43110.0,STOP,20175.48,-1163452.6799999997,-10.359281437125746,-9.999999999999998,9,10,
percentile,131970.KQ,2018-06-14,13050.0,80.0,2018-06-15,13150.0,869.0,869.0,False,11835.0,22854.7,11450204.7,2018-07-12,11835.0,STOP,20569.23,-1186158.9299999997,-10.359281437125746,-9.999999999999998,20,27,
percentile,166090.KQ,2018-05-28,23175.0,86.0,2018-05-29,23250.0,516.0,516.0,False,20925.0,23994.0,12020994.0,2018-07-17,22750.0,EXIT_MA,23478.0,-305472.0,-2.541154250638508,-2.1505376344086002,33,49,2018-07-16
percentile,035760.KQ,2018-06-27,263000.0,71.28712871287128,2018-06-28,258200.0,41.0,41.0,False,232380.0,21172.4,10607372.4,2018-07-19,232380.0,STOP,19055.16,-1098847.5600000005,-10.359281437125754,-9.999999999999998,16,21,
percentile,035900.KQ,2018-05-29,24500.0,93.0,2018-05-30,24500.0,469.0,469.0,False,22050.0,22981.0,11513481.0,2018-07-20,23700.0,EXIT_MA,22230.600000000002,-420411.5999999996,-3.651472565073931,-3.2653061224489743,35,51,2018-07-19
percentile,222080.KQ,2018-07-13,3360.0,91.0891089108911,2018-07-16,3400.0,3271.0,3271.0,False,3060.0,22242.8,11143642.8,2018-07-20,3060.0,STOP,20018.52,-1154401.3200000003,-10.35928143712575,-9.999999999999998,5,4,
percentile,122870.KQ,2018-07-09,39750.0,79.20792079207921,2018-07-10,39750.0,272.0,272.0,False,35775.0,21624.0,10833624.0,2018-07-23,35775.0,STOP,19461.600000000002,-1122285.5999999996,-10.359281437125745,-9.999999999999998,10,13,
percentile,093320.KQ,2018-05-16,20200.0,78.78787878787878,2018-05-17,20350.0,556.0,556.0,False,18315.0,22629.2,11337229.2,2018-07-24,24550.0,EXIT_MA,27299.600000000002,2285271.200000001,20.157228540462086,20.638820638820633,45,68,2018-07-23
percentile,032500.KQ,2018-07-31,13824.47949,89.10891089108911,2018-08-01,13776.1416,760.0,760.0,False,12398.527440000002,20939.735232000003,10490807.351232,2018-08-09,12785.22656,EXIT_MA,19433.544371199998,-793468.7100032009,-7.563466599260534,-7.1929794914419425,6,8,2018-08-08
percentile,183300.KQ,2018-07-27,6630.0,70.29702970297029,2018-07-30,6630.0,1595.0,1595.0,False,5967.0,21149.7,10595999.7,2018-08-13,5967.0,STOP,19034.73,-1097669.4299999997,-10.359281437125746,-9.999999999999998,11,14,
percentile,098460.KQ,2018-06-20,20620.0,76.23762376237624,2018-06-21,20620.0,533.0,533.0,False,18558.0,21980.920000000002,11012440.92,2018-08-23,21260.0,EXIT_MA,22663.16,296475.9199999999,2.692190788161794,3.1037827352085268,44,63,2018-08-22
percentile,035760.KQ,2018-08-27,266500.0,75.24752475247524,2018-08-28,269800.0,39.0,39.0,False,242820.0,21044.4,10543244.4,2018-08-31,250300.0,EXIT_MA,19523.4,-801067.8000000007,-7.597924980284064,-7.227575982209045,3,3,2018-08-30
percentile,078600.KQ,2018-05-28,23000.0,94.0,2018-05-29,23000.0,520.0,520.0,False,20700.0,23920.0,11983920.0,2018-09-13,28300.0,EXIT_MA,29432.0,2702648.0,22.552286730886053,23.043478260869566,74,107,2018-09-12
percentile,093320.KQ,2018-08-29,30300.0,95.04950495049505,2018-08-30,30450.0,345.0,345.0,False,27405.0,21010.5,10526260.5,2018-09-19,27405.0,STOP,18909.45,-1090444.9499999993,-10.359281437125741,-9.999999999999998,15,20,
percentile,074600.KQ,2018-07-31,16250.0,75.24752475247524,2018-08-01,16200.0,646.0,646.0,False,14580.0,20930.4,10486130.4,2018-10-04,16050.0,EXIT_MA,20736.600000000002,-138567.0,-1.3214312116507725,-0.92592592592593,41,64,2018-10-02
percentile,098460.KQ,2018-09-20,21860.0,78.21782178217822,2018-09-21,21700.0,493.0,493.0,False,19530.0,21396.2,10719496.2,2018-10-04,21540.0,EXIT_MA,21238.44,-121514.63999999873,-1.1335853638345312,-0.7373271889400956,5,13,2018-10-02
percentile,000250.KQ,2018-09-18,50400.0,98.01980198019803,2018-09-19,50200.0,214.0,214.0,False,45180.0,21485.600000000002,10764285.6,2018-10-04,45180.0,STOP,19337.04,-1115102.6399999987,-10.359281437125738,-9.999999999999998,8,15,
percentile,218410.KQ,2018-08-30,26567.74023,95.04950495049505,2018-08-31,26372.74805,392.0,392.0,False,23735.473244999997,20676.2344712,10358793.4700712,2018-10-05,24959.05078,EXIT_MA,19567.895811520004,-594413.4601227194,-5.738249940401928,-5.360447334952633,21,35,2018-10-04
percentile,028300.KQ,2018-09-07,45537.50391,100.0,2018-09-10,45537.50391,235.0,235.0,False,40983.753519,21402.626837699998,10722716.0456877,2018-10-05,40983.753519,STOP,19262.364153929997,-1110796.332876632,-10.359281437125766,-9.999999999999998,16,25,
percentile,196170.KQ,2018-09-07,7478.632324,91.0891089108911,2018-09-10,7638.888672,1432.0,1432.0,False,6874.9998048,21877.777156608,10960766.355460608,2018-10-10,6858.974121,STOP,19644.101882544,-1158359.516071152,-10.56823472470118,-10.209790775701988,18,30,
percentile,041510.KQ,2018-08-16,43850.0,76.23762376237624,2018-08-17,44050.0,235.0,235.0,False,39645.0,20703.5,10372453.5,2018-10-12,46200.0,EXIT_MA,21714.0,462832.5,4.462131355903403,4.880817253121461,35,56,2018-10-11
percentile,086520.KQ,2018-10-22,10072.80273,84.46601941747572,2018-10-23,10061.78223,1029.0,1029.0,False,9055.604007000002,20707.14782934,10374281.06249934,2018-10-24,9055.604007000002,STOP,18636.433046406004,-1074700.9723427445,-10.359281437125734,-9.999999999999986,2,1,
percentile,035900.KQ,2018-08-17,26400.0,97.02970297029702,2018-08-20,26650.0,389.0,389.0,False,23985.0,20733.7,10387583.7,2018-10-25,30500.0,EXIT_MA,23729.0,1453187.3000000007,13.989656709095888,14.446529080675429,43,66,2018-10-24
percentile,140410.KQ,2018-08-30,22800.0,93.06930693069307,2018-08-31,23066.66602,457.0,457.0,False,20759.999418,21082.932742279998,10562549.30388228,2018-10-30,25000.0,EXIT_MA,22850.0,839600.6961177196,7.9488452263046305,8.381505928614462,37,60,2018-10-29
percentile,124500.KQ,2018-10-31,5350.0,96.11650485436894,2018-11-01,5300.0,1851.0,1851.0,False,4770.0,19620.600000000002,9829920.6,2018-11-06,4825.0,EXIT_MA,17862.15,-916707.75,-9.32568824614921,-8.9622641509434,3,5,2018-11-05
percentile,039200.KQ,2018-11-05,30768.02734,100.0,2018-11-06,30433.5918,319.0,319.0,False,27390.23262,19416.6315684,9727732.4157684,2018-11-06,27390.23262,STOP,17474.96841156,-1007723.1783999596,-10.359281437125745,-9.999999999999998,1,0,
percentile,218410.KQ,2018-11-02,27103.9707,96.11650485436894,2018-11-05,27201.4668,364.0,364.0,False,24481.32012,19802.667830399998,9921136.583030399,2018-11-20,25105.29688,EXIT_MA,18276.65612864,-801085.1748390384,-8.074530253008048,-7.706091496507083,11,15,2018-11-19
percentile,140410.KQ,2018-11-21,31833.33398,100.0,2018-11-22,32333.33398,305.0,305.0,False,29100.000582,19723.3337278,9881390.1976278,2018-12-06,29100.000582,STOP,17751.00035502,-1023641.020472819,-10.35928143712574,-9.999999999999998,11,14,
percentile,041510.KQ,2018-11-15,53800.0,95.14563106796116,2018-11-16,53800.0,181.0,181.0,False,48420.0,19475.600000000002,9757275.6,2018-12-19,49700.0,EXIT_MA,17991.4,-779567.0,-7.989597014150139,-7.620817843866168,23,33,2018-12-18
percentile,035900.KQ,2019-01-15,32950.0,100.0,2019-01-16,33100.0,290.0,290.0,False,29790.0,19198.0,9618198.0,2019-01-21,29790.0,STOP,17278.2,-996376.1999999993,-10.359281437125741,-9.999999999999998,4,5,
percentile,041510.KQ,2019-02-21,49900.0,82.2429906542056,2019-02-22,49450.0,192.0,192.0,False,44505.0,18988.8,9513388.8,2019-02-25,48400.0,EXIT_MA,18585.600000000002,-239174.40000000037,-2.514082048239218,-2.123356926188069,1,3,2019-02-22
percentile,046890.KQ,2019-02-13,25050.0,85.04672897196261,2019-02-14,25150.0,380.0,380.0,False,22635.0,19114.0,9576114.0,2019-03-07,22635.0,STOP,17202.6,-992016.5999999996,-10.359281437125745,-9.999999999999998,15,21,
percentile,189300.KQ,2019-01-16,15893.83203,94.39252336448598,2019-01-17,15847.7627,601.0,601.0,False,14262.986429999999,19049.010765400002,9543554.3934654,2019-03-18,15663.48633,EXIT_MA,18827.51056866,-148626.61970406026,-1.5573507896159413,-1.1627910733418512,38,60,2019-03-15
percentile,056190.KQ,2019-03-12,46700.0,92.5233644859813,2019-03-13,46450.0,205.0,205.0,False,41805.0,19044.5,9541294.5,2019-03-29,42100.0,EXIT_MA,17261.0,-928055.5,-9.726725236287383,-9.364908503767488,12,16,2019-03-28
percentile,196170.KQ,2019-03-20,10363.24805,98.13084112149532,2019-03-21,10438.03418,933.0,933.0,False,9394.230762000001,19477.371779880003,9758163.26171988,2019-04-05,9394.230762000001,STOP,17529.634601892,-1010875.5953757726,-10.359281437125754,-9.999999999999998,12,15,
percentile,140410.KQ,2019-02-07,31666.66602,99.06542056074767,2019-02-08,31400.0,300.0,300.0,False,28260.0,18840.0,9438840.0,2019-04-30,39666.66797,EXIT_MA,23800.000782000003,2437360.390218001,25.822668783642914,26.32696805732484,56,81,2019-04-29
percentile,048410.KQ,2019-04-30,7812.45459,100.0,2019-05-02,8494.868164,1282.0,1282.0,False,7645.3813476,21780.841972496,10912201.828220496,2019-05-03,7645.3813476,STOP,19602.757775246402,-1130425.6983725429,-10.359281437125754,-9.999999999999998,2,1,
percentile,101490.KQ,2019-04-05,6390.0,96.26168224299066,2019-04-08,6430.0,1485.0,1485.0,False,5787.0,19097.100000000002,9567647.1,2019-05-09,5787.0,STOP,17187.39,-991139.4900000002,-10.359281437125752,-9.999999999999998,22,31,
percentile,064290.KQ,2019-04-05,5940.0,89.7196261682243,2019-04-08,6200.0,1598.0,1598.0,False,5580.0,19815.2,9927415.2,2019-05-09,5580.0,STOP,17833.68,-1028408.879999999,-10.35928143712574,-9.999999999999998,22,31,
percentile,124500.KQ,2019-05-02,5180.0,81.48148148148148,2019-05-03,5200.0,1944.0,1944.0,False,4680.0,20217.600000000002,10129017.6,2019-05-17,4950.0,EXIT_MA,19245.600000000002,-525463.1999999993,-5.187701520036843,-4.807692307692313,9,14,2019-05-16
percentile,218410.KQ,2019-04-25,30175.10352,79.62962962962963,2019-04-26,30175.10352,332.0,332.0,False,27157.593168,20036.26873728,10038170.63737728,2019-05-20,27157.593168,STOP,18032.641863552002,-1039882.3474648334,-10.35928143712576,-10.000000000000009,15,24,
percentile,053610.KQ,2019-05-17,21859.6582,87.03703703703704,2019-05-20,21953.07617,485.0,485.0,False,19757.768553,21294.4838849,10668536.4263349,2019-05-24,19757.768553,STOP,19165.03549641,-1105183.7136263102,-10.35928143712575,-9.999999999999998,5,4,
percentile,093320.KQ,2019-06-05,43850.0,94.44444444444444,2019-06-07,43600.0,254.0,254.0,False,39240.0,22148.8,11096548.8,2019-06-17,39240.0,STOP,19933.920000000002,-1149522.7200000007,-10.359281437125754,-9.999999999999998,7,10,
percentile,036810.KQ,2019-06-11,8518.772461,91.66666666666666,2019-06-12,8636.408203,1312.0,1312.0,False,7772.767382700001,22661.935124672003,11353629.497460674,2019-06-19,7772.767382700001,STOP,20395.7416122048,-1176154.4329704791,-10.359281437125766,-9.999999999999998,6,7,
percentile,178320.KQ,2019-04-03,11000.0,89.7196261682243,2019-04-04,11100.0,864.0,864.0,False,9990.0,19180.8,9609580.8,2019-06-26,12600.0,EXIT_MA,21772.8,1255046.3999999985,13.060365754976516,13.513513513513509,56,83,2019-06-25
percentile,048410.KQ,2019-06-26,9836.163086,100.0,2019-06-27,9953.820312,1120.0,1120.0,False,8958.438280800001,22296.55749888,11170575.30693888,2019-06-27,8958.438280800001,STOP,20066.901748992004,-1157191.33419187,-10.35928143712573,-9.999999999999986,1,0,
percentile,218410.KQ,2019-07-01,29736.36914,78.70370370370371,2019-07-02,29736.36914,361.0,361.0,False,26762.732226,21469.65851908,10756298.918059079,2019-07-04,27542.70312,EXIT_MA,19885.83165264,-833268.9233917184,-7.746799617038514,-7.377047310894391,2,2,2019-07-03
percentile,131970.KQ,2019-03-11,15800.0,98.13084112149532,2019-03-12,15875.0,607.0,607.0,False,14287.5,19272.25,9655397.25,2019-07-09,22925.0,EXIT_MA,27830.95,4232246.800000001,43.8329639932733,44.40944881889764,82,119,2019-07-08
percentile,189300.KQ,2019-03-21,19349.01172,94.39252336448598,2019-03-22,19256.875,497.0,497.0,False,17331.1875,19141.33375,9589808.20875,2019-07-09,24094.12695,EXIT_MA,23949.562188300002,2361023.3232117016,24.62013078694775,25.119610269059756,74,109,2019-07-08
percentile,102710.KQ,2019-05-16,20000.0,87.96296296296296,2019-05-17,20300.0,517.0,517.0,False,18270.0,20990.2,10516090.2,2019-07-09,20100.0,EXIT_MA,20783.4,-145173.59999999963,-1.38049025102504,-0.9852216748768461,36,53,2019-07-08
percentile,101490.KQ,2019-06-11,7010.0,90.74074074074075,2019-06-12,7040.0,1595.0,1595.0,False,6336.0,22457.600000000002,11251257.6,2019-07-09,6410.0,EXIT_MA,20447.9,-1047755.5,-9.312341226637635,-8.948863636363635,19,27,2019-07-08
percentile,053800.KQ,2019-06-17,66000.0,81.48148148148148,2019-06-18,65400.0,169.0,169.0,False,58860.0,22105.2,11074705.2,2019-07-11,62700.0,EXIT_MA,21192.600000000002,-499597.7999999989,-4.5111611639107005,-4.128440366972475,17,23,2019-07-10
percentile,099320.KQ,2019-04-30,18800.0,88.88888888888889,2019-05-02,18850.0,532.0,532.0,False,16965.0,20056.4,10048256.4,2019-07-12,21000.0,EXIT_MA,22344.0,1101399.5999999996,10.96110166934036,11.405835543766575,49,71,2019-07-11
percentile,214150.KQ,2019-04-02,6750.0,94.39252336448598,2019-04-03,6750.0,1409.0,1409.0,False,6075.0,19021.5,9529771.5,2019-07-17,12250.0,EXIT_MA,34520.5,7695958.0,80.75700450949952,81.4814814814815,72,105,2019-07-16
percentile,102710.KQ,2019-07-15,24550.0,94.44444444444444,2019-07-16,24300.0,443.0,443.0,False,21870.0,21529.8,10786429.8,2019-07-19,21870.0,STOP,19376.82,-1117396.620000001,-10.359281437125757,-9.999999999999998,4,3,
percentile,101490.KQ,2019-07-16,8590.0,96.29629629629629,2019-07-17,8530.0,1252.0,1252.0,False,7677.0,21359.12,10700919.12,2019-07-24,7677.0,STOP,19223.208,-1108538.3279999997,-10.359281437125748,-9.999999999999998,6,7,
percentile,033640.KQ,2019-05-14,22950.0,99.07407407407408,2019-05-15,23100.0,437.0,437.0,False,20790.0,20189.4,10114889.4,2019-07-29,29650.0,EXIT_MA,25914.100000000002,2816246.5,27.842583231804785,28.354978354978357,52,75,2019-07-26
percentile,214150.KQ,2019-07-30,15200.0,99.08256880733946,2019-07-31,15400.0,691.0,691.0,False,13860.0,21282.8,10662682.8,2019-07-31,13860.0,STOP,19154.52,-1104577.3200000003,-10.35928143712575,-9.999999999999998,1,0,
percentile,145020.KQ,2019-08-20,156955.0625,76.14678899082568,2019-08-21,154598.7344,67.0,67.0,False,139138.86096,20716.230409599997,10378831.435209598,2019-08-22,149886.0938,EXIT_MA,20084.736569200002,-356547.8871787973,-3.4353374886620545,-3.0483047731857615,1,1,2019-08-21
percentile,131970.KQ,2019-08-20,23950.0,95.41284403669725,2019-08-21,24150.0,444.0,444.0,False,21735.0,21445.2,10744045.2,2019-08-26,22000.0,EXIT_MA,19536.0,-995581.1999999993,-9.266353421521341,-8.902691511387161,3,5,2019-08-23
percentile,005290.KQ,2019-07-08,14000.0,90.74074074074075,2019-07-09,13800.0,745.0,745.0,False,12420.0,20562.0,10301562.0,2019-09-02,13750.0,EXIT_MA,20487.5,-78299.5,-0.7600740547889727,-0.36231884057971175,38,55,2019-08-30
percentile,033640.KQ,2019-08-20,33550.0,99.08256880733946,2019-08-21,33350.0,317.0,317.0,False,30015.0,21143.9,10593093.9,2019-09-10,30015.0,STOP,19029.510000000002,-1097368.4100000001,-10.35928143712575,-9.999999999999998,15,20,
percentile,178320.KQ,2019-09-03,12850.0,87.27272727272727,2019-09-04,12700.0,883.0,883.0,False,11430.0,22428.2,11236528.2,2019-09-11,12500.0,EXIT_MA,22075.0,-221103.19999999925,-1.9677181070928942,-1.5748031496062964,5,7,2019-09-10
percentile,126340.KQ,2019-09-10,12171.28027,90.0,2019-09-11,13958.9375,944.0,944.0,False,12563.04375,26354.474000000002,13203591.474,2019-09-11,12563.04375,STOP,23719.0266,-1367797.2005999982,-10.359281437125736,-9.999999999999998,1,0,
percentile,101490.KQ,2019-08-23,9920.0,99.08256880733946,2019-08-26,9720.0,1082.0,1082.0,False,8748.0,21034.08,10538074.08,2019-09-16,8748.0,STOP,18930.672,-1091668.7520000003,-10.359281437125752,-9.999999999999998,14,21,
percentile,089970.KQ,2019-09-06,7160.0,79.0909090909091,2019-09-09,7230.0,1666.0,1666.0,False,6507.0,24090.36,12069270.36,2019-09-24,6500.0,EXIT_MA,21658.0,-1261928.3599999994,-10.45571374539993,-10.096818810511754,9,15,2019-09-23
percentile,099320.KQ,2019-08-22,20050.0,88.9908256880734,2019-08-23,21200.0,529.0,529.0,False,19080.0,22429.600000000002,11237229.6,2019-09-30,19450.0,EXIT_MA,20578.100000000002,-968757.6999999993,-8.62096561593793,-8.25471698113207,24,38,2019-09-27
percentile,053800.KQ,2019-08-23,61000.0,80.73394495412845,2019-08-26,60700.0,175.0,175.0,False,54630.0,21245.0,10643745.0,2019-10-08,59200.0,EXIT_MA,20720.0,-304465.0,-2.86050633494132,-2.471169686985175,28,43,2019-10-07
percentile,131970.KQ,2019-10-16,23275.0,89.0909090909091,2019-10-17,23025.0,488.0,488.0,False,20722.5,22472.4,11258672.4,2019-10-21,20722.5,STOP,20225.16,-1166317.5600000005,-10.359281437125754,-9.999999999999998,3,4,
percentile,032500.KQ,2019-05-15,28000.0,98.14814814814815,2019-05-16,28200.0,380.0,380.0,False,25380.0,21432.0,10737432.0,2019-10-24,65600.0,EXIT_MA,49856.0,14140712.0,131.69547429962768,132.6241134751773,109,161,2019-10-23
percentile,218410.KQ,2019-08-23,31783.79297,89.90825688073394,2019-08-26,31393.80664,337.0,337.0,False,28254.425976,21159.42567536,10600872.26335536,2019-10-28,36122.37891,EXIT_MA,24346.48338534,1548022.945929302,14.602788407143072,15.062118220398135,41,63,2019-10-25
percentile,005290.KQ,2019-10-25,18800.0,92.72727272727272,2019-10-28,18850.0,603.0,603.0,False,16965.0,22733.100000000002,11389283.1,2019-10-29,16965.0,STOP,20459.79,-1179847.8899999987,-10.359281437125738,-9.999999999999998,2,1,
percentile,140410.KQ,2019-10-23,68100.0,98.18181818181819,2019-10-24,69366.66406,167.0,167.0,False,62429.997654,23168.46579604,11607401.36381604,2019-10-30,62429.997654,STOP,20851.619216436,-1202443.3748144768,-10.359281437125755,-9.999999999999998,5,6,
percentile,189300.KQ,2019-08-23,25660.47656,95.41284403669725,2019-08-26,25199.78516,418.0,418.0,False,22679.806644,21067.020393759998,10554577.21727376,2019-11-05,31004.48828,EXIT_MA,25919.752202080002,2379379.131564159,22.54357595366336,23.034732570712137,47,71,2019-11-04
percentile,263750.KQ,2019-10-30,43760.0,73.63636363636363,2019-10-31,43800.0,252.0,252.0,False,39420.0,22075.2,11059675.2,2019-11-07,39420.0,STOP,19867.68,-1145702.879999999,-10.35928143712574,-9.999999999999998,6,7,
percentile,213420.KQ,2019-08-21,19400.0,88.9908256880734,2019-08-22,19350.0,549.0,549.0,False,17415.0,21246.3,10644396.3,2019-11-11,21800.0,EXIT_MA,23936.4,1299867.2999999989,12.21175220618194,12.661498708010344,53,81,2019-11-08
percentile,178320.KQ,2019-10-16,13850.0,80.0,2019-10-17,14025.0,820.0,820.0,False,12622.5,23001.0,11523501.0,2019-11-11,13225.0,EXIT_MA,21689.0,-700690.0,-6.0805305609814235,-5.704099821746878,17,25,2019-11-08
percentile,084370.KQ,2019-10-15,15050.0,80.0,2019-10-16,15200.0,753.0,753.0,False,13680.0,22891.2,11468491.2,2019-11-12,14200.0,EXIT_MA,21385.2,-797276.3999999985,-6.95188570227964,-6.578947368421051,19,27,2019-11-11
percentile,039030.KQ,2019-07-18,67100.0,78.70370370370371,2019-07-19,68000.0,159.0,159.0,False,61200.0,21624.0,10833624.0,2019-11-15,89300.0,EXIT_MA,28397.4,3336678.5999999996,30.799283785370434,31.323529411764707,80,119,2019-11-14
percentile,140410.KQ,2019-11-05,71900.0,97.2972972972973,2019-11-06,73200.0,153.0,153.0,False,65880.0,22399.2,11221999.2,2019-11-18,64333.33203,STOP,19685.99960118,-1398685.3990111798,-12.463780954566277,-12.1129343852459,9,12,
percentile,222800.KQ,2019-11-19,11159.14258,95.53571428571429,2019-11-20,10967.56934,996.0,996.0,False,9870.812406000001,21847.39812528,10945546.46076528,2019-11-27,9870.812406000001,STOP,19662.658312752003,-1133879.9627020322,-10.35928143712575,-9.999999999999986,6,7,
percentile,240810.KQ,2019-10-15,31100.0,83.63636363636363,2019-10-16,31500.0,364.0,364.0,False,28350.0,22932.0,11488932.0,2019-11-28,30300.0,EXIT_MA,22058.4,-481790.4000000004,-4.193517726451861,-3.809523809523807,31,43,2019-11-27
percentile,053800.KQ,2019-11-11,67700.0,83.92857142857143,2019-11-12,67700.0,157.0,157.0,False,60930.0,21257.8,10650157.8,2019-11-29,63000.0,EXIT_MA,19782.0,-778939.8000000007,-7.3138803633501155,-6.9423929098966,13,17,2019-11-28
percentile,102710.KQ,2019-10-17,24050.0,88.18181818181819,2019-10-18,23850.0,475.0,475.0,False,21465.0,22657.5,11351407.5,2019-12-02,23100.0,EXIT_MA,21945.0,-400852.5,-3.5313021755231677,-3.1446540880503138,31,45,2019-11-29
percentile,214150.KQ,2019-11-08,16200.0,98.1981981981982,2019-11-11,16250.0,663.0,663.0,False,14625.0,21547.5,10795297.5,2019-12-02,14625.0,STOP,19392.75,-1118315.25,-10.359281437125748,-9.999999999999998,16,21,
percentile,031330.KQ,2019-11-18,2390.0,78.57142857142857,2019-11-19,2395.0,4597.0,4597.0,False,2155.5,22019.63,11031834.63,2019-12-06,2220.0,EXIT_MA,20410.68,-846905.3100000005,-7.6769217306514355,-7.306889352818368,13,17,2019-12-05
percentile,005290.KQ,2019-12-17,16850.0,88.39285714285714,2019-12-18,17000.0,643.0,643.0,False,15300.0,21862.0,10952862.0,2019-12-24,15850.0,EXIT_MA,20383.100000000002,-781695.0999999996,-7.1369026652577165,-6.764705882352939,4,6,2019-12-23
percentile,161580.KQ,2019-11-15,10000.0,78.57142857142857,2019-11-18,10250.0,1083.0,1083.0,False,9225.0,22201.5,11122951.5,2019-12-26,9610.0,EXIT_MA,20815.260000000002,-736136.7599999998,-6.618178277591157,-6.243902439024396,27,38,2019-12-24
percentile,124500.KQ,2019-11-27,6370.0,89.28571428571429,2019-11-28,6410.0,1664.0,1664.0,False,5769.0,21332.48,10687572.48,2020-01-20,6120.0,EXIT_MA,20367.36,-524259.83999999985,-4.905321961381447,-4.524180967238689,34,53,2020-01-17
percentile,161580.KQ,2020-01-06,11200.0,83.1858407079646,2020-01-07,11150.0,2.0,1015.0,True,10035.0,44.6,22344.6,2020-01-28,10035.0,STOP,40.14,-2314.739999999998,-10.359281437125741,-9.999999999999998,14,21,
percentile,095610.KQ,2020-01-17,27450.0,89.38053097345133,2020-01-20,28000.0,362.0,435.0,True,25200.0,20272.0,10156272.0,2020-01-28,24700.0,STOP,17882.8,-1232754.8000000007,-12.13786712289707,-11.785714285714288,5,8,
percentile,178320.KQ,2019-12-16,14025.0,80.35714285714286,2019-12-17,14075.0,762.0,762.0,False,12667.5,21450.3,10746600.3,2020-02-03,13325.0,EXIT_MA,20307.3,-613257.6000000015,-5.706526556124,-5.328596802841923,29,48,2020-01-31
percentile,237690.KQ,2020-02-04,31000.0,92.92035398230088,2020-02-05,31800.0,318.0,411.0,True,28620.0,20224.8,10132624.8,2020-02-10,28620.0,STOP,18202.32,-1049667.120000001,-10.359281437125759,-9.999999999999998,4,5,
percentile,096530.KQ,2019-12-19,14750.0,79.46428571428571,2019-12-20,14775.0,1.0,733.0,True,13297.5,29.55,14804.55,2020-02-18,16000.0,EXIT_MA,32.0,1163.4500000000007,7.858732619363646,8.291032148900168,37,60,2020-02-17
percentile,240810.KQ,2019-12-13,34700.0,87.5,2019-12-16,34800.0,299.0,299.0,False,31320.0,20810.4,10426010.4,2020-02-24,33650.0,EXIT_MA,20122.7,-384783.0999999996,-3.6906072911647927,-3.3045977011494254,45,70,2020-02-21
percentile,102710.KQ,2019-12-17,26800.0,87.5,2019-12-18,26800.0,404.0,404.0,False,24120.0,21654.4,10848854.4,2020-02-24,26200.0,EXIT_MA,21169.600000000002,-285224.0,-2.629070217773408,-2.238805970149249,43,68,2020-02-21
percentile,077360.KQ,2019-11-13,3125.0,75.89285714285714,2019-11-14,3260.0,3408.0,3408.0,False,2934.0,22220.16,11132300.16,2020-02-25,3745.0,EXIT_MA,25525.920000000002,1605133.92,14.41870859507978,14.877300613496924,68,103,2020-02-24
percentile,086450.KQ,2019-11-15,14500.0,70.53571428571429,2019-11-18,14600.0,747.0,747.0,False,13140.0,21812.4,10928012.4,2020-02-25,17900.0,EXIT_MA,26742.600000000002,2416545.0,22.11330763131272,22.602739726027398,66,99,2020-02-24
percentile,039030.KQ,2019-12-27,102600.0,90.17857142857143,2019-12-30,101400.0,95.0,106.0,True,91260.0,19266.0,9652266.0,2020-02-25,100100.0,EXIT_MA,19019.0,-161785.0,-1.6761349096678437,-1.2820512820512775,37,57,2020-02-24
percentile,189300.KQ,2020-02-21,34920.35938,87.61061946902655,2020-02-24,33952.91016,390.0,390.0,False,30557.619144,26483.269924800003,13268118.232324801,2020-02-27,30557.619144,STOP,23834.94293232,-1374481.7090971228,-10.359281437125768,-9.999999999999998,4,3,
percentile,036830.KQ,2019-12-17,70715.78906,83.03571428571429,2019-12-18,71237.03906,25.0,153.0,True,64113.335154,3561.851953,1784487.828453,2020-02-28,76015.13281,EXIT_MA,3800.7566405,112089.73515650001,6.281339293508791,6.707316605306413,47,72,2020-02-27
percentile,067310.KQ,2020-01-09,4135.86377,82.30088495575221,2020-01-10,4156.17041,2.0,2850.0,True,3740.5533689999997,16.62468164,8328.96550164,2020-02-28,3959.869385,EXIT_MA,15.83947754,-425.06620917999953,-5.103469441628768,-4.723122625763554,33,49,2020-02-27
percentile,237690.KQ,2020-02-26,33000.0,90.2654867256637,2020-02-27,33100.0,399.0,399.0,False,29790.0,26413.8,13233313.8,2020-02-28,29790.0,STOP,23772.420000000002,-1370876.2200000007,-10.359281437125754,-9.999999999999998,2,1,
percentile,131970.KQ,2020-01-28,34150.0,95.57522123893806,2020-01-29,34800.0,256.0,371.0,True,31320.0,17817.600000000002,8926617.6,2020-03-10,31320.0,STOP,16035.84,-924733.4399999995,-10.359281437125743,-9.999999999999998,30,41,
percentile,290650.KQ,2020-03-05,18800.0,100.0,2020-03-06,18666.66602,679.0,679.0,False,16799.999418,25349.33245516,12700015.56003516,2020-03-10,16799.999418,STOP,22814.399209644,-1315630.354422804,-10.359281437125748,-10.000000000000009,3,4,
percentile,237690.KQ,2020-03-05,35050.0,92.03539823008849,2020-03-06,34700.0,364.0,364.0,False,31230.0,25261.600000000002,12656061.6,2020-03-11,31230.0,STOP,22735.44,-1311077.039999999,-10.359281437125741,-9.999999999999998,4,5,
percentile,096530.KQ,2020-03-10,27350.0,97.36842105263158,2020-03-11,31350.0,443.0,443.0,False,28215.0,27776.100000000002,13915826.1,2020-03-11,28215.0,STOP,24998.49,-1441579.5899999999,-10.359281437125748,-9.999999999999998,1,0,
percentile,036540.KQ,2019-10-15,3040.0,90.9090909090909,2019-10-16,3045.0,3731.0,3731.0,False,2740.5,22721.79,11383616.79,2020-03-12,5190.0,EXIT_MA,38727.78,7941545.43,69.76293717982755,70.44334975369458,101,148,2020-03-11
percentile,083450.KQ,2019-10-25,7450.0,76.36363636363637,2019-10-28,7470.0,1522.0,1522.0,False,6723.0,22738.68,11392078.68,2020-03-12,14000.0,EXIT_MA,42616.0,9873305.32,86.66816300464667,87.41633199464525,93,136,2020-03-11
percentile,101490.KQ,2019-12-12,10000.0,95.53571428571429,2019-12-13,10100.0,1033.0,1033.0,False,9090.0,20866.600000000002,10454166.6,2020-03-12,15750.0,EXIT_MA,32539.5,5783043.9,55.318076717851426,55.940594059405946,59,90,2020-03-11
percentile,137400.KQ,2019-12-16,7330.0,74.10714285714286,2019-12-17,7330.0,1458.0,1458.0,False,6597.0,21374.28,10708514.28,2020-03-13,8190.0,EXIT_MA,23882.04,1208623.6800000016,11.286567383650176,11.732605729877221,58,87,2020-03-12
percentile,196170.KQ,2020-02-06,17585.4707,98.23008849557522,2020-02-07,17350.42773,1.0,720.0,True,15615.384957,34.70085546,17385.12858546,2020-03-13,15576.92285,STOP,31.1538457,-1839.359581159999,-10.580074643211681,-10.221678148795698,26,35,
percentile,222080.KQ,2020-02-10,3530.0,83.1858407079646,2020-02-11,3530.0,2570.0,3584.0,True,3177.0,18144.2,9090244.2,2020-03-13,3177.0,STOP,16329.78,-941683.9799999995,-10.359281437125745,-9.999999999999998,24,31,
percentile,213420.KQ,2019-12-26,25450.0,78.57142857142857,2019-12-27,25800.0,421.0,421.0,False,23220.0,21723.600000000002,10883523.6,2020-03-17,28000.0,EXIT_MA,23576.0,880900.4000000004,8.093889739900048,8.52713178294573,53,81,2020-03-16
percentile,096530.KQ,2020-03-27,57950.0,100.0,2020-03-30,63300.0,191.0,191.0,False,56970.0,24180.600000000002,12114480.6,2020-03-30,56970.0,STOP,21762.54,-1254973.1399999987,-10.359281437125738,-9.999999999999998,1,0,
percentile,253450.KQ,2020-04-02,81800.0,74.56140350877193,2020-04-03,81800.0,135.0,135.0,False,73620.0,22086.0,11065086.0,2020-04-08,76000.0,EXIT_MA,20520.0,-825606.0,-7.46136089678833,-7.090464547677266,3,5,2020-04-07
percentile,237690.KQ,2020-04-06,39200.0,95.6140350877193,2020-04-07,39200.0,285.0,285.0,False,35280.0,22344.0,11194344.0,2020-04-13,35280.0,STOP,20109.600000000002,-1159653.5999999996,-10.359281437125745,-9.999999999999998,5,6,
percentile,101490.KQ,2020-04-07,17900.0,99.12280701754386,2020-04-08,17650.0,623.0,623.0,False,15885.0,21991.9,11017941.9,2020-04-14,17000.0,EXIT_MA,21182.0,-448123.9000000004,-4.067219668312104,-3.682719546742208,4,6,2020-04-13
percentile,222080.KQ,2020-04-16,3975.0,90.35087719298247,2020-04-17,4120.0,2815.0,2815.0,False,3708.0,23195.600000000002,11620995.6,2020-04-21,3708.0,STOP,20876.04,-1203851.6399999987,-10.359281437125738,-9.999999999999998,3,4,
percentile,253450.KQ,2020-04-16,84800.0,71.9298245614035,2020-04-17,85700.0,131.0,131.0,False,77130.0,22453.4,11249153.4,2020-04-21,77130.0,STOP,20208.06,-1165331.460000001,-10.359281437125755,-9.999999999999998,3,4,
percentile,093320.KQ,2020-03-30,47800.0,90.35087719298247,2020-03-31,49150.0,230.0,230.0,False,44235.0,22609.0,11327109.0,2020-06-04,58500.0,EXIT_MA,26910.0,2100981.0,18.54825445751427,19.02339776195321,43,65,2020-06-03
percentile,036540.KQ,2020-05-07,5690.0,92.98245614035088,2020-05-08,5850.0,2016.0,2016.0,False,5265.0,23587.2,11817187.2,2020-06-11,5265.0,STOP,21228.48,-1224175.6799999997,-10.359281437125746,-9.999999999999998,25,34,
percentile,253590.KQ,2020-06-03,2625.0,91.37931034482759,2020-06-04,2605.0,5144.0,5381.0,True,2344.5,26800.24,13426920.24,2020-06-12,2300.0,STOP,23662.4,-1619382.6400000006,-12.06071542136457,-11.708253358925147,7,8,
percentile,213420.KQ,2020-04-29,31300.0,86.8421052631579,2020-05-04,30500.0,350.0,350.0,False,27450.0,21350.0,10696350.0,2020-06-16,31200.0,EXIT_MA,21840.0,201810.0,1.8867183665455973,2.2950819672131084,30,43,2020-06-15
percentile,089030.KQ,2020-05-06,8250.0,72.80701754385966,2020-05-07,8325.0,1354.0,1354.0,False,7492.5,22544.100000000002,11294594.1,2020-06-16,8250.0,EXIT_MA,22341.0,-146435.09999999963,-1.2965060869252454,-0.9009009009009028,28,40,2020-06-15
percentile,298380.KQ,2020-06-16,33200.0,87.93103448275862,2020-06-17,32700.0,427.0,427.0,False,29430.0,27925.8,13990825.8,2020-06-30,29430.0,STOP,25133.22,-1449349.0200000014,-10.359281437125759,-9.999999999999998,10,13,
percentile,036810.KQ,2020-06-17,25830.80078,99.13793103448276,2020-06-18,26467.99414,304.0,547.0,True,23821.194725999998,16092.54043712,8062362.75899712,2020-07-01,23821.194725999998,STOP,14483.286393408,-835202.8486865284,-10.359281437125754,-10.000000000000009,10,13,
percentile,290650.KQ,2020-04-10,18966.66602,99.12280701754386,2020-04-13,19666.66602,583.0,583.0,False,17699.999418,22931.332579320002,11488597.622239321,2020-07-16,33333.33203,EXIT_MA,38866.66514698,7905868.286103696,68.81491149798585,69.4915243697213,64,94,2020-07-15
percentile,064760.KQ,2020-04-09,70000.0,74.56140350877193,2020-04-10,70100.0,157.0,157.0,False,63090.0,22011.4,11027711.4,2020-07-21,90600.0,EXIT_MA,28448.4,3168040.1999999993,28.72799337131727,29.243937232524964,68,102,2020-07-20
percentile,083450.KQ,2020-05-06,15050.0,92.98245614035088,2020-05-07,14900.0,742.0,742.0,False,13410.0,22111.600000000002,11077911.6,2020-07-27,19500.0,EXIT_MA,28938.0,3362150.4000000004,30.350038178676208,30.87248322147651,57,81,2020-07-24
percentile,127120.KQ,2020-07-24,7298.679688,85.59322033898306,2020-07-27,7298.679688,1974.0,2280.0,True,6568.8117192,28815.187408224003,14436408.891520225,2020-07-28,6568.8117192,STOP,25933.668667401602,-1495508.2264868263,-10.359281437125754,-9.999999999999998,2,1,
percentile,068760.KQ,2020-05-13,68519.38281,96.49122807017544,2020-05-14,67390.82812,174.0,174.0,False,60651.745308000005,23452.00818576,11749456.10106576,2020-07-30,95282.25,EXIT_MA,33158.223,4796497.17593424,40.82314223463641,41.38756364639846,55,77,2020-07-29
percentile,126340.KQ,2020-07-15,29287.14258,92.37288135593221,2020-07-16,30998.72852,555.0,555.0,False,27898.855668,34408.5886572,17238702.9172572,2020-07-30,27898.855668,STOP,30967.72979148,-1785805.7513086796,-10.359281437125746,-9.999999999999998,11,14,
percentile,141080.KQ,2020-07-28,66800.0,94.91525423728814,2020-07-29,63200.0,204.0,252.0,True,56880.0,25785.600000000002,12918585.6,2020-07-30,56880.0,STOP,23207.04,-1338272.6399999987,-10.35928143712574,-9.999999999999998,2,1,
percentile,232140.KQ,2020-07-30,6100.0,77.96610169491525,2020-07-31,6390.0,1584.0,2815.0,True,5751.0,20243.52,10142003.52,2020-07-31,5751.0,STOP,18219.168,-1050638.6879999992,-10.359281437125741,-9.999999999999998,1,0,
percentile,253590.KQ,2020-07-27,3330.0,91.52542372881356,2020-07-28,3300.0,1.0,5054.0,True,2970.0,6.6000000000000005,3306.6,2020-08-05,2970.0,STOP,5.94,-342.53999999999996,-10.359281437125748,-9.999999999999998,7,8,
percentile,053610.KQ,2020-07-31,28900.0,74.57627118644068,2020-08-03,28500.0,318.0,604.0,True,25650.0,18126.0,9081126.0,2020-08-12,25650.0,STOP,16313.4,-940739.4000000004,-10.359281437125754,-9.999999999999998,8,9,
percentile,089970.KQ,2020-07-01,14900.0,92.3076923076923,2020-07-02,14900.0,981.0,981.0,False,13410.0,29233.8,14646133.8,2020-08-14,13950.0,EXIT_MA,27369.9,-988553.7000000011,-6.749588072177799,-6.375838926174493,31,43,2020-08-13
percentile,096530.KQ,2020-07-29,119100.0,100.0,2020-07-30,119500.0,138.0,141.0,True,107550.0,32982.0,16523982.0,2020-08-14,107550.0,STOP,29683.8,-1711765.8000000007,-10.359281437125754,-9.999999999999998,12,15,
percentile,095340.KQ,2020-07-15,20800.0,90.67796610169492,2020-07-16,20800.0,103.0,781.0,True,18720.0,4284.8,2146684.8,2020-08-20,18720.0,STOP,3856.32,-222381.11999999988,-10.359281437125743,-9.999999999999998,25,35,
percentile,084370.KQ,2020-06-12,24500.0,83.62068965517241,2020-06-15,24000.0,492.0,584.0,True,21600.0,23616.0,11831616.0,2020-08-21,28850.0,EXIT_MA,28388.4,2334195.5999999996,19.72845974717232,20.20833333333334,48,67,2020-08-20
percentile,319660.KQ,2020-07-01,14025.0,77.77777777777779,2020-07-02,14150.0,361.0,1043.0,True,12735.0,10216.300000000001,5118366.3,2020-08-24,13525.0,EXIT_MA,9765.050000000001,-245606.34999999963,-4.79853014818419,-4.416961130742047,36,53,2020-08-21
percentile,064760.KQ,2020-08-19,109000.0,72.03389830508475,2020-08-20,109000.0,169.0,179.0,True,98100.0,36842.0,18457842.0,2020-08-24,98100.0,STOP,33157.8,-1912099.8000000007,-10.359281437125754,-9.999999999999998,3,4,
percentile,101490.KQ,2020-04-29,20950.0,98.24561403508771,2020-05-04,20350.0,523.0,523.0,False,18315.0,21286.100000000002,10664336.1,2020-09-08,42650.0,EXIT_MA,44611.9,11597002.000000002,108.74565365583331,109.58230958230959,89,127,2020-09-07
percentile,086450.KQ,2020-04-22,19840.0,85.08771929824562,2020-04-23,19580.0,559.0,559.0,False,17622.0,21890.44,10967110.44,2020-09-16,29650.0,EXIT_MA,33148.7,5574090.860000001,50.825519543140494,51.43003064351379,100,146,2020-09-15
percentile,059090.KQ,2020-09-07,19600.0,94.0677966101695,2020-09-08,20150.0,1070.0,1070.0,False,18135.0,43121.0,21603621.0,2020-09-16,18100.0,STOP,38734.0,-2275355.0,-10.532285305319881,-10.173697270471461,7,8,
percentile,119850.KQ,2020-09-10,7300.0,71.1864406779661,2020-09-11,7200.0,2.0,2782.0,True,6480.0,28.8,14428.8,2020-09-17,6480.0,STOP,25.92,-1494.7199999999993,-10.359281437125745,-9.999999999999998,5,6,
percentile,131290.KQ,2020-04-23,12950.0,80.7017543859649,2020-04-24,12900.0,865.0,865.0,False,11610.0,22317.0,11180817.0,2020-09-22,35450.0,EXIT_MA,61328.5,19422104.5,173.70917080567548,174.80620155038758,103,151,2020-09-21
percentile,196170.KQ,2020-05-06,26752.13672,99.12280701754386,2020-05-07,26880.3418,417.0,417.0,False,24192.30762,22418.205061200002,11231520.7356612,2020-09-23,80683.75781,EXIT_MA,67290.25401354,22346316.01709526,198.96073330607382,200.1589727181222,98,139,2020-09-22
percentile,214450.KQ,2020-08-18,67900.0,76.27118644067797,2020-08-19,68400.0,264.0,264.0,False,61560.0,36115.200000000004,18093715.2,2020-09-23,64000.0,EXIT_MA,33792.0,-1231507.1999999993,-6.806270499935797,-6.432748538011701,25,35,2020-09-22
percentile,141080.KQ,2020-09-15,65300.0,82.20338983050848,2020-09-16,64100.0,257.0,313.0,True,57690.0,32947.4,16506647.4,2020-09-23,57690.0,STOP,29652.66,-1709970.0600000005,-10.359281437125752,-9.999999999999998,6,7,
percentile,126340.KQ,2020-08-26,32558.17383,89.83050847457628,2020-08-27,32596.20898,564.0,564.0,False,29336.588082,36768.52372944,18421030.388449438,2020-09-24,30238.02344,EXIT_MA,34108.49044032,-1400893.658729758,-7.604860472995919,-7.234539272486895,20,28,2020-09-23
percentile,222080.KQ,2020-07-16,5790.0,87.28813559322035,2020-07-17,5860.0,2.0,2723.0,True,5274.0,23.44,11743.44,2020-09-25,7110.0,EXIT_MA,28.44,2448.119999999999,20.846702499437974,21.331058020477812,49,70,2020-09-24
percentile,086520.KQ,2020-07-22,8419.716797,76.27118644067797,2020-07-23,8463.798828,1674.0,1963.0,True,7617.418945200001,28336.798476144006,14196736.036548147,2020-09-25,9665.041016,EXIT_MA,32358.557321567998,1950184.0669142827,13.736848117015906,14.192707227705359,45,64,2020-09-24
percentile,000250.KQ,2020-10-08,62800.0,77.11864406779661,2020-10-12,63400.0,309.0,309.0,False,57060.0,39181.200000000004,19629781.2,2020-10-13,57060.0,STOP,35263.08,-2033504.2799999975,-10.359281437125736,-9.999999999999998,2,1,
percentile,290650.KQ,2020-10-06,51866.66797,97.45762711864407,2020-10-07,51166.66797,373.0,373.0,False,46050.001173000004,38170.33430562,19123337.48711562,2020-10-14,46050.001173000004,STOP,34353.300875058005,-1981040.3504616767,-10.359281437125741,-9.999999999999998,5,7,
percentile,137400.KQ,2020-05-13,10400.0,88.59649122807018,2020-05-14,10400.0,708.0,1148.0,True,9360.0,14726.4,7377926.4,2020-10-16,20950.0,EXIT_MA,29665.2,7425008.4,100.63814678335636,101.44230769230771,106,155,2020-10-15
percentile,226950.KQ,2020-09-29,34100.0,74.57627118644068,2020-10-05,34000.0,558.0,558.0,False,30600.0,37944.0,19009944.0,2020-10-16,30600.0,STOP,34149.6,-1969293.6000000015,-10.359281437125755,-9.999999999999998,9,11,
percentile,237690.KQ,2020-06-11,39850.0,84.48275862068965,2020-06-12,38200.0,276.0,356.0,True,34380.0,21086.4,10564286.4,2020-10-22,64300.0,EXIT_MA,35493.6,7147019.999999998,67.6526528095641,68.32460732984293,89,132,2020-10-21
percentile,095340.KQ,2020-10-08,21250.0,77.96610169491525,2020-10-12,21400.0,913.0,913.0,False,19260.0,39076.4,19577276.4,2020-10-22,19260.0,STOP,35168.76,-2028065.1600000001,-10.35928143712575,-9.999999999999998,9,10,
percentile,145020.KQ,2020-10-22,223158.1094,77.96610169491525,2020-10-23,223158.1094,80.0,80.0,False,200842.29846,35705.297504,17888354.049504,2020-10-26,200842.29846,STOP,32134.767753599997,-1853104.940457601,-10.359281437125754,-9.999999999999998,2,3,
percentile,127120.KQ,2020-07-30,7900.632812,84.7457627118644,2020-07-31,7778.36084,2173.0,2173.0,False,7000.524756000001,33804.75621064,16936182.86153064,2020-10-27,17682.36914,EXIT_MA,76847.57628243999,21410757.703406915,126.42020860580078,127.32770443187613,57,88,2020-10-26
percentile,093320.KQ,2020-08-24,73200.0,73.72881355932203,2020-08-25,72600.0,252.0,252.0,False,65340.0,36590.4,18331790.4,2020-10-27,81700.0,EXIT_MA,41176.8,2215432.8000000007,12.085195999186206,12.534435261707987,41,63,2020-10-26
percentile,039200.KQ,2020-09-08,37313.39844,70.33898305084746,2020-09-09,36692.30469,40.0,543.0,True,33023.074220999995,2935.3843752,1470627.5719751997,2020-10-27,36978.96484,EXIT_MA,2958.3171872000003,5572.704437600216,0.3789337656790643,0.7812541414933927,30,48,2020-10-26
percentile,119850.KQ,2020-11-09,7180.0,72.03389830508475,2020-11-10,6780.0,2428.0,2428.0,False,6102.0,32923.68,16494763.68,2020-11-13,6150.0,EXIT_MA,29864.4,-1592428.08,-9.654143041350927,-9.292035398230091,3,3,2020-11-12
percentile,065350.KQ,2020-11-10,7140.0,94.0677966101695,2020-11-11,7050.0,2437.0,2437.0,False,6345.0,34361.7,17215211.7,2020-11-13,6345.0,STOP,30925.53,-1783372.2299999986,-10.359281437125741,-9.999999999999998,3,2,
percentile,043260.KQ,2020-11-05,1375.0,91.52542372881356,2020-11-06,1275.0,12646.0,12646.0,False,1147.5,32247.3,16155897.3,2020-11-17,1147.5,STOP,29022.57,-1673634.870000001,-10.359281437125754,-9.999999999999998,8,11,
percentile,067310.KQ,2020-11-16,5895.805664,72.88135593220339,2020-11-17,5787.501465,2951.0,2951.0,False,5208.751318500001,34157.83364643,17113074.656861432,2020-11-26,5577.662109,EXIT_MA,32919.361767318,-686313.1349697504,-4.010460707565343,-3.6257330951708133,7,9,2020-11-25
percentile,058470.KQ,2020-11-16,25700.0,71.1864406779661,2020-11-17,25900.0,677.0,677.0,False,23310.0,35068.6,17569368.6,2020-12-01,24640.0,EXIT_MA,33362.56,-921451.160000002,-5.24464584344825,-4.86486486486486,10,14,2020-11-30
percentile,090710.KQ,2020-11-17,2110.0,97.45762711864407,2020-11-18,2115.0,6844.0,8231.0,True,1903.5,28950.12,14504010.12,2020-12-04,1855.0,STOP,25391.24,-1833781.3599999994,-12.64327137686801,-12.29314420803782,13,16,
percentile,226950.KQ,2020-11-26,54950.0,95.76271186440678,2020-11-27,55150.0,297.0,339.0,True,49635.0,32759.100000000002,16412309.1,2020-12-04,49635.0,STOP,29483.190000000002,-1700197.289999999,-10.359281437125743,-9.999999999999998,6,7,
percentile,319400.KQ,2020-11-30,3465.0,80.50847457627118,2020-12-01,3500.0,4747.0,5351.0,True,3150.0,33229.0,16647729.0,2020-12-04,3150.0,STOP,29906.100000000002,-1724585.0999999996,-10.359281437125746,-9.999999999999998,4,3,
percentile,035900.KQ,2020-11-16,38100.0,70.33898305084746,2020-11-17,38450.0,107.0,456.0,True,34605.0,8228.3,4122378.3,2020-12-23,35400.0,EXIT_MA,7575.6,-342153.8999999999,-8.299915124237868,-7.932379713914173,26,36,2020-12-22
percentile,237690.KQ,2020-12-07,109400.0,97.45762711864407,2020-12-08,109400.0,171.0,171.0,False,98460.0,37414.8,18744814.8,2020-12-23,98460.0,STOP,33673.32,-1941828.120000001,-10.359281437125754,-9.999999999999998,12,15,
percentile,039200.KQ,2020-11-05,51216.34375,94.91525423728814,2020-11-06,51598.55469,339.0,339.0,False,46438.699220999995,34983.82007982,17526893.85998982,2021-01-07,44145.42969,STOP,29930.60132982,-2591523.7964096386,-14.785984425486468,-14.444445284907259,42,62,
percentile,141080.KQ,2020-12-07,65100.0,86.4406779661017,2020-12-08,65600.0,288.0,288.0,False,59040.0,37785.6,18930585.6,2021-01-13,61200.0,EXIT_MA,35251.200000000004,-1340236.8000000007,-7.079742953118158,-6.707317073170726,23,36,2021-01-12
percentile,099320.KQ,2021-01-12,41200.0,81.5126050420168,2021-01-13,44650.0,393.0,472.0,True,40185.0,35094.9,17582544.9,2021-01-13,40185.0,STOP,31585.41,-1821425.3099999987,-10.359281437125741,-9.999999999999998,1,0,
percentile,101490.KQ,2020-11-16,38950.0,91.52542372881356,2020-11-17,38500.0,446.0,446.0,False,34650.0,34342.0,17205342.0,2021-01-14,40400.0,EXIT_MA,36036.8,777021.1999999993,4.516162480234332,4.935064935064926,39,58,2021-01-13
percentile,068760.KQ,2020-11-11,104149.4688,92.37288135593221,2020-11-12,102376.0234,166.0,166.0,False,92138.42106000001,33988.839768800004,17028408.724168804,2021-01-18,152524.1562,EXIT_MA,50638.0198584,8239963.185172796,48.389507902036854,48.984255428698354,44,67,2021-01-15
percentile,232140.KQ,2020-11-04,5640.0,74.57627118644068,2020-11-05,5770.0,3081.0,3081.0,False,5193.0,35554.74,17812924.74,2021-01-19,5940.0,EXIT_MA,36602.28,451612.98000000045,2.535310661173323,2.9462738301559765,50,75,2021-01-18
percentile,319660.KQ,2020-11-16,18625.0,81.35593220338984,2020-11-17,18400.0,934.0,934.0,False,16560.0,34371.2,17219971.2,2021-01-19,18500.0,EXIT_MA,34558.0,24470.800000000745,0.14210709016749543,0.5434782608695565,42,63,2021-01-18
percentile,178320.KQ,2020-12-07,25100.0,77.96610169491525,2020-12-08,25150.0,183.0,748.0,True,22635.0,9204.9,4611654.9,2021-01-19,23550.0,EXIT_MA,8619.3,-310624.2000000002,-6.735634099594055,-6.3618290258449335,27,42,2021-01-18
percentile,077360.KQ,2020-12-28,6575.0,87.28813559322035,2020-12-29,6500.0,256.0,2944.0,True,5850.0,3328.0,1667328.0,2021-01-19,5850.0,STOP,2995.2000000000003,-172723.19999999995,-10.359281437125746,-9.999999999999998,14,21,
percentile,005290.KQ,2020-11-12,30950.0,74.57627118644068,2020-11-13,30600.0,558.0,558.0,False,27540.0,34149.6,17108949.6,2021-01-28,32250.0,EXIT_MA,35991.0,850559.3999999985,4.971429689640318,5.392156862745101,51,76,2021-01-27
percentile,122640.KQ,2021-01-21,16000.0,77.31092436974791,2021-01-22,15950.0,1264.0,1264.0,False,14355.0,40321.6,20201121.6,2021-01-28,14355.0,STOP,36289.44,-2092691.0400000028,-10.35928143712576,-9.999999999999998,5,6,
percentile,183300.KQ,2021-01-22,11540.0,76.47058823529412,2021-01-25,12200.0,260.0,1716.0,True,10980.0,6344.0,3178344.0,2021-01-28,10980.0,STOP,5709.6,-329253.6000000001,-10.359281437125752,-9.999999999999998,4,3,
percentile,137400.KQ,2021-01-07,27250.0,93.27731092436974,2021-01-08,28050.0,531.0,712.0,True,25245.0,29789.100000000002,14924339.1,2021-01-29,25245.0,STOP,26810.190000000002,-1546054.289999999,-10.359281437125743,-9.999999999999998,16,21,
percentile,327260.KQ,2021-02-02,9585.3125,89.91596638655463,2021-02-03,9585.3125,1433.0,2018.0,True,8626.78125,27471.505625,13763224.318125,2021-02-03,8626.78125,STOP,24724.3550625,-1425771.1419374999,-10.359281437125748,-9.999999999999998,1,0,
percentile,131290.KQ,2020-11-03,39000.0,96.61016949152543,2020-11-04,38750.0,445.0,445.0,False,34875.0,34487.5,17278237.5,2021-02-09,58300.0,EXIT_MA,51887.0,8613375.5,49.851007662095164,50.451612903225794,66,97,2021-02-08
percentile,225570.KQ,2021-02-04,17450.0,92.43697478991596,2021-02-05,18050.0,682.0,1136.0,True,16245.0,24620.2,12334720.2,2021-02-18,16245.0,STOP,22158.18,-1277788.379999999,-10.359281437125741,-9.999999999999998,8,13,
percentile,247540.KQ,2020-11-05,35300.38672,84.7457627118644,2020-11-06,35868.55078,492.0,492.0,False,32281.695701999997,35294.65396752,17682621.637727518,2021-02-23,42513.62109,EXIT_MA,41833.40315256001,3192246.535399925,18.053016123972082,18.526174505230465,72,109,2021-02-22
percentile,263750.KQ,2021-01-28,63860.0,71.42857142857143,2021-01-29,64740.0,297.0,297.0,False,58266.0,38455.56,19266235.56,2021-02-24,58266.0,STOP,34610.004,-1995843.5639999993,-10.359281437125746,-9.999999999999998,17,26,
percentile,166090.KQ,2021-02-19,38100.0,81.5126050420168,2021-02-22,38050.0,290.0,525.0,True,34245.0,22069.0,11056569.0,2021-02-24,34245.0,STOP,19862.100000000002,-1145381.0999999996,-10.359281437125745,-9.999999999999998,3,2,
percentile,048410.KQ,2021-02-23,21037.15234,100.0,2021-02-24,22213.72656,929.0,929.0,False,19992.353904,41273.10394848,20677825.07818848,2021-02-24,19992.353904,STOP,37145.793553632,-2142074.0949261114,-10.359281437125746,-9.999999999999998,1,0,
percentile,036810.KQ,2021-02-16,34408.39062,95.7983193277311,2021-02-17,34114.30078,129.0,596.0,True,30702.870702,8801.48960124,4409546.290221239,2021-02-26,30702.870702,STOP,7921.340641116,-456797.31030435534,-10.359281437125736,-9.999999999999998,8,9,
percentile,048410.KQ,2021-02-26,25743.44922,100.0,2021-03-02,25131.63086,733.0,733.0,False,22618.467774,36842.97084076,18458328.39122076,2021-03-05,22618.467774,STOP,33158.673756684,-1912150.186635442,-10.359281437125738,-9.999999999999998,4,3,
percentile,222080.KQ,2020-12-14,7320.0,78.8135593220339,2020-12-15,7400.0,2.0,2506.0,True,6660.0,29.6,14829.6,2021-03-08,13750.0,EXIT_MA,55.0,12615.4,85.06905108701515,85.8108108108108,53,83,2021-03-05
percentile,058470.KQ,2021-01-20,32500.0,73.94957983193278,2021-01-21,32380.0,603.0,603.0,False,29142.0,39050.28,19564190.28,2021-03-09,28760.0,EXIT_MA,34684.56,-2256594.84,-11.53431247449511,-11.179740580605312,30,47,2021-03-08
percentile,036540.KQ,2021-02-15,8910.0,70.58823529411765,2021-02-16,9180.0,2335.0,2335.0,False,8262.0,42870.6,21478170.6,2021-03-09,8262.0,STOP,38583.54,-2224984.1400000006,-10.35928143712575,-9.999999999999998,15,21,
percentile,171090.KQ,2021-03-03,17800.0,97.47899159663865,2021-03-04,19700.0,1077.0,1077.0,False,17730.0,42433.8,21259333.8,2021-03-10,17730.0,STOP,38190.42,-2202314.2200000025,-10.35928143712576,-9.999999999999998,5,6,
percentile,053800.KQ,2021-03-04,97700.0,80.67226890756302,2021-03-05,96300.0,105.0,192.0,True,86670.0,20223.0,10131723.0,2021-03-10,86670.0,STOP,18200.7,-1049573.6999999993,-10.359281437125741,-9.999999999999998,4,5,
percentile,084370.KQ,2020-11-16,31950.0,76.27118644067797,2020-11-17,31550.0,544.0,544.0,False,28395.0,34326.4,17197526.4,2021-03-11,37200.0,EXIT_MA,40473.6,2998800.0,17.437391461134784,17.908082408874805,76,114,2021-03-10
percentile,086520.KQ,2020-12-24,11020.57129,76.27118644067797,2020-12-28,11086.69531,1703.0,1703.0,False,9978.025779,37761.28422586,18918403.39715586,2021-03-11,13736.48145,EXIT_MA,46786.4558187,4428038.05637544,23.40598180204329,23.900594955558496,48,73,2021-03-10
percentile,189300.KQ,2021-01-18,59060.55859,94.9579831932773,2021-01-19,58139.17578,318.0,318.0,False,52325.258202,36976.51579608,18525234.41383608,2021-03-17,66247.33594,EXIT_MA,42133.30565784001,2499285.109426081,13.491246877607235,13.946121614591632,38,57,2021-03-16
percentile,099320.KQ,2021-01-20,52000.0,94.11764705882352,2021-01-21,53100.0,377.0,377.0,False,47790.0,40037.4,20058737.4,2021-03-23,61000.0,EXIT_MA,45994.0,2892268.6000000015,14.418996282388152,14.87758945386064,40,61,2021-03-22
percentile,241710.KQ,2021-04-05,17500.0,78.33333333333333,2021-04-06,17550.0,1112.0,1112.0,False,15795.0,39031.200000000004,19554631.2,2021-04-19,15795.0,STOP,35128.08,-2025719.2799999975,-10.359281437125736,-9.999999999999998,10,13,
percentile,032820.KQ,2021-04-14,1525.0,70.0,2021-04-15,1570.0,1.0,12684.0,True,1413.0,3.14,1573.14,2021-04-19,1413.0,STOP,2.826,-162.96600000000012,-10.359281437125755,-9.999999999999998,3,4,
percentile,240810.KQ,2021-04-02,56600.0,73.33333333333333,2021-04-05,57400.0,339.0,339.0,False,51660.0,38917.200000000004,19497517.2,2021-04-28,51660.0,STOP,35025.48,-2019802.6799999997,-10.359281437125748,-9.999999999999998,18,23,
percentile,090360.KQ,2021-04-05,28950.0,90.0,2021-04-06,29450.0,672.0,672.0,False,26505.0,39580.8,19829980.8,2021-04-29,26505.0,STOP,35622.72,-2054243.5199999996,-10.359281437125746,-9.999999999999998,18,23,
percentile,064290.KQ,2020-11-27,14200.0,81.35593220338984,2020-11-30,14200.0,1.0,1314.0,True,12780.0,28.400000000000002,14228.4,2021-04-30,25000.0,EXIT_MA,50.0,10721.6,75.35351831548172,76.05633802816902,103,151,2021-04-29
percentile,036930.KQ,2021-04-20,14700.0,86.66666666666667,2021-04-21,14500.0,2.0,1417.0,True,13050.0,58.0,29058.0,2021-05-03,13050.0,STOP,52.2,-3010.2000000000007,-10.359281437125752,-9.999999999999998,9,12,
percentile,327260.KQ,2021-04-29,8652.228516,75.83333333333333,2021-04-30,8785.526367,2022.0,2222.0,True,7906.9737303,35528.66862814801,17799862.98270215,2021-05-03,7906.9737303,STOP,31975.801765333203,-1843937.901800884,-10.359281437125762,-9.999999999999998,2,3,
percentile,183300.KQ,2021-03-24,13980.0,89.16666666666667,2021-03-25,13980.0,1350.0,1350.0,False,12582.0,37746.0,18910746.0,2021-05-04,12400.0,EXIT_MA,33480.0,-2204226.0,-11.655944191730987,-11.301859799713876,28,40,2021-05-03
percentile,080220.KQ,2021-04-12,6910.0,90.0,2021-04-13,7220.0,7.0,2820.0,True,6498.0,101.08,50641.08,2021-05-04,6498.0,STOP,90.97200000000001,-5246.052000000003,-10.359281437125754,-9.999999999999998,16,21,
percentile,166090.KQ,2021-04-19,47300.0,88.33333333333333,2021-04-20,47700.0,366.0,440.0,True,42930.0,34916.4,17493116.4,2021-05-04,42700.0,STOP,31256.4,-1896172.7999999989,-10.839536859195649,-10.482180293501052,11,14,
percentile,064760.KQ,2021-01-15,135000.0,71.42857142857143,2021-01-18,133100.0,141.0,141.0,False,119790.0,37534.200000000004,18804634.2,2021-05-07,184000.0,EXIT_MA,51888.0,7087477.800000001,37.69005940035782,38.241923365890315,75,109,2021-05-06
percentile,077360.KQ,2021-04-22,7150.0,80.83333333333333,2021-04-23,7075.0,1.0,2891.0,True,6367.5,14.15,7089.15,2021-05-11,6367.5,STOP,12.735,-734.3849999999993,-10.35928143712574,-9.999999999999998,12,18,
percentile,084370.KQ,2021-03-24,45400.0,85.0,2021-03-25,45950.0,415.0,415.0,False,41355.0,38138.5,19107388.5,2021-05-12,46600.0,EXIT_MA,38678.0,192933.5,1.0097324393650131,1.4145810663764857,33,48,2021-05-11
percentile,083650.KQ,2021-03-08,3645.0,83.19327731092437,2021-03-09,3590.0,5028.0,5028.0,False,3231.0,36101.04,18086621.04,2021-05-13,3970.0,EXIT_MA,39922.32,1834616.6400000006,10.14350129823918,10.584958217270191,46,65,2021-05-12
percentile,319660.KQ,2021-04-05,22000.0,72.5,2021-04-06,22275.0,884.0,884.0,False,20047.5,39382.200000000004,19730482.2,2021-05-13,20047.5,STOP,35443.98,-2043936.1799999997,-10.359281437125748,-9.999999999999998,27,37,
percentile,140860.KQ,2021-02-02,104700.0,91.59663865546219,2021-02-03,104500.0,184.0,184.0,False,94050.0,38456.0,19266456.0,2021-05-14,137900.0,EXIT_MA,50747.200000000004,6056396.800000001,31.434929184692816,31.96172248803828,68,100,2021-05-13
percentile,023160.KQ,2021-05-06,12000.0,84.16666666666667,2021-05-07,12000.0,1569.0,1569.0,False,10800.0,37656.0,18865656.0,2021-05-21,10800.0,STOP,33890.4,-1954346.3999999985,-10.359281437125741,-9.999999999999998,10,14,
percentile,060370.KQ,2021-05-10,8350.0,80.0,2021-05-11,8400.0,2114.0,2309.0,True,7560.0,35515.200000000004,17793115.2,2021-05-24,7560.0,STOP,31963.68,-1843238.879999999,-10.359281437125743,-9.999999999999998,9,13,
percentile,237690.KQ,2021-04-08,89900.0,76.66666666666667,2021-04-09,94100.0,163.0,212.0,True,84690.0,30676.600000000002,15368976.6,2021-05-25,102200.0,EXIT_MA,33317.2,1256306.2000000011,8.17429964725173,8.607863974495222,30,46,2021-05-24
percentile,086520.KQ,2021-04-28,16816.50977,95.0,2021-04-29,16816.50977,1037.0,1183.0,True,15134.858793000001,34877.44126298,17473598.07275298,2021-05-28,9667.678711,STOP,20050.765646614,-7468266.015092593,-42.740287283693725,-42.51078943713539,20,29,
percentile,074600.KQ,2021-03-25,24650.0,70.83333333333334,2021-03-26,24500.0,761.0,761.0,False,22050.0,37289.0,18681789.0,2021-06-02,27200.0,EXIT_MA,41398.4,1976012.6000000015,10.57721292109659,11.020408163265305,46,68,2021-06-01
percentile,089970.KQ,2020-11-13,14600.0,76.27118644067797,2020-11-16,14400.0,1178.0,1178.0,False,12960.0,33926.4,16997126.4,2021-06-03,26500.0,EXIT_MA,62434.0,14157439.600000001,83.2931359503216,84.02777777777777,135,199,2021-06-02
percentile,032820.KQ,2021-06-08,2505.0,99.16666666666667,2021-06-09,2520.0,7260.0,7260.0,False,2268.0,36590.4,18331790.4,2021-06-10,2268.0,STOP,32931.36,-1899041.759999998,-10.359281437125738,-9.999999999999998,2,1,
percentile,060370.KQ,2021-06-07,8990.0,91.66666666666666,2021-06-08,8790.0,2062.0,2062.0,False,7911.0,36249.96,18161229.96,2021-06-18,7911.0,STOP,32624.964,-1881372.9240000006,-10.359281437125752,-9.999999999999998,9,10,
percentile,003380.KQ,2021-05-07,11150.0,76.66666666666667,2021-05-10,11250.0,1693.0,1693.0,False,10125.0,38092.5,19084342.5,2021-06-21,10125.0,STOP,34283.25,-1977000.75,-10.359281437125748,-9.999999999999998,30,42,
percentile,006730.KQ,2021-06-14,8825.277344,71.66666666666667,2021-06-15,8781.587891,2067.0,2067.0,False,7903.429101899999,36303.084341394,18187845.255038396,2021-06-23,7903.429101899999,STOP,32672.775907254596,-1884130.0773183517,-10.359281437125764,-9.999999999999998,7,8,
percentile,058610.KQ,2021-05-04,11950.0,82.5,2021-05-06,11650.0,1583.0,1583.0,False,10485.0,36883.9,18478833.9,2021-07-05,11500.0,EXIT_MA,36409.0,-310742.8999999985,-1.6816153101522198,-1.2875536480686733,41,60,2021-07-02
percentile,237690.KQ,2021-07-02,119700.0,90.83333333333333,2021-07-05,120900.0,150.0,158.0,True,108810.0,36270.0,18171270.0,2021-07-07,113000.0,EXIT_MA,33900.0,-1255170.0,-6.907442352680908,-6.5343258891645934,2,2,2021-07-06
percentile,043260.KQ,2021-06-22,1810.0,88.33333333333333,2021-06-23,1800.0,13.0,10609.0,True,1620.0,46.800000000000004,23446.8,2021-07-08,1700.0,EXIT_MA,44.2,-1391.0,-5.932579285872699,-5.555555555555558,11,15,2021-07-07
percentile,241710.KQ,2021-06-03,18450.0,72.5,2021-06-04,18300.0,988.0,988.0,False,16470.0,36160.8,18116560.8,2021-07-09,16600.0,EXIT_MA,32801.6,-1748562.4000000004,-9.651734781802517,-9.289617486338797,25,35,2021-07-08
percentile,036930.KQ,2021-06-23,15700.0,95.83333333333334,2021-06-24,15950.0,1020.0,1211.0,True,14355.0,32538.0,16301538.0,2021-07-09,14350.0,STOP,29274.0,-1693812.0,-10.390504257941796,-10.031347962382442,12,15,
percentile,038500.KQ,2021-06-08,5810.0,71.66666666666667,2021-06-09,5860.0,3130.0,3130.0,False,5274.0,36683.6,18378483.6,2021-07-19,5630.0,EXIT_MA,35243.8,-791827.4000000022,-4.3084479505153634,-3.924914675767921,28,40,2021-07-16
percentile,251970.KQ,2021-05-27,23400.0,71.66666666666667,2021-05-28,23400.0,805.0,805.0,False,21060.0,37674.0,18874674.0,2021-07-21,22800.0,EXIT_MA,36708.0,-557382.0,-2.9530682225293003,-2.564102564102566,38,54,2021-07-20
percentile,041830.KQ,2021-05-12,26000.0,75.83333333333333,2021-05-13,24950.0,714.0,714.0,False,22455.0,35628.6,17849928.6,2021-07-23,29700.0,EXIT_MA,42411.6,3313459.799999997,18.56287425149699,19.03807615230462,50,71,2021-07-22
percentile,099320.KQ,2021-07-07,59500.0,93.33333333333333,2021-07-08,60100.0,281.0,319.0,True,54090.0,33776.2,16921876.2,2021-07-26,54090.0,STOP,30398.58,-1752984.7799999993,-10.359281437125745,-9.999999999999998,13,18,
percentile,083650.KQ,2021-05-24,5350.0,98.33333333333333,2021-05-25,5250.0,3364.0,3364.0,False,4725.0,35322.0,17696322.0,2021-07-27,5520.0,EXIT_MA,37138.56,835819.4400000013,4.723125178215006,5.142857142857138,45,63,2021-07-26
percentile,281740.KQ,2021-07-09,4845.0,93.33333333333333,2021-07-12,4860.0,3864.0,3864.0,False,4374.0,37558.08,18816598.08,2021-07-28,4374.0,STOP,33802.272,-1949264.351999998,-10.35928143712574,-9.999999999999998,13,16,
percentile,171090.KQ,2021-05-18,17000.0,95.83333333333334,2021-05-20,17150.0,1084.0,1084.0,False,15435.0,37181.200000000004,18627781.2,2021-08-04,26450.0,EXIT_MA,57343.6,9986675.2,53.61172698335108,54.22740524781342,54,76,2021-08-03
percentile,067310.KQ,2021-06-15,10491.96191,96.66666666666667,2021-06-16,10356.58105,894.0,1756.0,True,9320.922945,18517.566917400003,9277301.025617402,2021-08-12,10458.11621,EXIT_MA,18699.11178348,53555.75433911756,0.5772773157972788,0.9803926557403697,41,57,2021-08-11
percentile,041510.KQ,2021-08-04,71900.0,98.33333333333333,2021-08-05,71900.0,261.0,261.0,False,64710.0,37531.8,18803431.8,2021-08-12,64710.0,STOP,33778.62,-1947900.4200000018,-10.359281437125757,-9.999999999999998,6,7,
percentile,089970.KQ,2021-08-05,26450.0,72.5,2021-08-06,26900.0,4.0,740.0,True,24210.0,215.20000000000002,107815.2,2021-08-13,24300.0,EXIT_MA,194.4,-10809.599999999991,-10.026044565144796,-9.665427509293679,5,7,2021-08-12
percentile,166090.KQ,2021-07-22,51600.0,93.33333333333333,2021-07-23,52200.0,383.0,383.0,False,46980.0,39985.200000000004,20032585.2,2021-08-13,46980.0,STOP,35986.68,-2075231.879999999,-10.359281437125743,-9.999999999999998,16,21,
percentile,137400.KQ,2021-08-12,29450.0,76.03305785123968,2021-08-13,29450.0,575.0,692.0,True,26505.0,33867.5,16967617.5,2021-08-17,26505.0,STOP,30480.75,-1757723.25,-10.359281437125748,-9.999999999999998,2,4,
percentile,023160.KQ,2021-07-14,12500.0,88.33333333333333,2021-07-15,12650.0,1.0,1543.0,True,11385.0,25.3,12675.3,2021-08-18,11700.0,EXIT_MA,23.400000000000002,-998.6999999999989,-7.879103453172698,-7.509881422924902,23,34,2021-08-17
percentile,083450.KQ,2021-07-16,28200.0,75.0,2021-07-19,28050.0,625.0,690.0,True,25245.0,35062.5,17566312.5,2021-08-18,27950.0,EXIT_MA,34937.5,-132500.0,-0.7542846570673271,-0.35650623885917776,21,30,2021-08-17
percentile,237690.KQ,2021-08-04,116300.0,74.16666666666667,2021-08-05,118900.0,30.0,161.0,True,107010.0,7134.0,3574134.0,2021-08-19,107010.0,STOP,6420.6,-370254.6000000001,-10.359281437125752,-9.999999999999998,10,14,
percentile,007390.KQ,2021-06-18,21500.0,97.5,2021-06-21,21550.0,754.0,865.0,True,19395.0,32497.4,16281197.4,2021-08-24,26250.0,EXIT_MA,39585.0,3471717.5999999996,21.323478333356487,21.809744779582374,45,64,2021-08-23
percentile,131290.KQ,2021-07-22,71900.0,85.83333333333333,2021-07-23,71100.0,273.0,275.0,True,63990.0,38820.6,19449120.6,2021-08-30,68000.0,EXIT_MA,37128.0,-922248.6000000015,-4.7418524413900816,-4.360056258790435,25,38,2021-08-27
percentile,065350.KQ,2021-05-21,11250.0,99.16666666666667,2021-05-24,11200.0,1616.0,1616.0,False,10080.0,36198.4,18135398.4,2021-08-31,16350.0,EXIT_MA,52843.200000000004,8233358.400000002,45.39937981180498,45.98214285714286,70,99,2021-08-30
percentile,263750.KQ,2021-08-26,87900.0,94.21487603305785,2021-08-27,92300.0,215.0,215.0,False,83070.0,39689.0,19884189.0,2021-09-08,83070.0,STOP,35720.1,-2059859.1000000015,-10.359281437125755,-9.999999999999998,9,12,
percentile,214150.KQ,2021-08-02,23900.0,89.16666666666667,2021-08-03,23750.0,787.0,787.0,False,21375.0,37382.5,18728632.5,2021-09-09,22200.0,EXIT_MA,34942.8,-1292175.3000000007,-6.899464229435869,-6.52631578947368,26,37,2021-09-08
percentile,222800.KQ,2021-08-26,32700.0,88.42975206611571,2021-08-27,32250.0,579.0,579.0,False,29025.0,37345.5,18710095.5,2021-09-10,29025.0,STOP,33610.95,-1938231.4499999993,-10.359281437125745,-9.999999999999998,11,14,
percentile,031330.KQ,2021-05-18,3470.0,75.83333333333333,2021-05-20,3445.0,5313.0,5313.0,False,3100.5,36606.57,18339891.57,2021-09-14,4705.0,EXIT_MA,49995.33,6607778.1000000015,36.02953744180725,36.57474600870827,82,117,2021-09-13
percentile,006730.KQ,2021-09-07,9436.929688,74.3801652892562,2021-09-08,9436.929688,2008.0,2008.0,False,8493.2367192,37898.709627008,18987253.523131005,2021-09-15,8493.2367192,STOP,34108.8386643072,-1966943.029641714,-10.359281437125743,-9.999999999999998,6,7,
percentile,214450.KQ,2021-08-11,94800.0,77.5,2021-08-12,94800.0,98.0,213.0,True,85320.0,18580.8,9308980.8,2021-09-17,91700.0,EXIT_MA,17973.2,-340354.0,-3.6561897302441526,-3.270042194092826,25,36,2021-09-16
percentile,251970.KQ,2021-08-03,26400.0,84.16666666666667,2021-08-04,26600.0,713.0,713.0,False,23940.0,37931.6,19003731.6,2021-09-27,24700.0,EXIT_MA,35222.200000000004,-1427853.8000000007,-7.513544339891648,-7.14285714285714,34,54,2021-09-24
percentile,213420.KQ,2021-06-21,57000.0,80.83333333333333,2021-06-22,58000.0,294.0,324.0,True,52200.0,34104.0,17086104.0,2021-09-29,60500.0,EXIT_MA,35574.0,665322.0,3.8939362654002343,4.31034482758621,67,99,2021-09-28
percentile,281740.KQ,2021-08-18,4805.0,90.9090909090909,2021-08-19,4790.0,4092.0,4092.0,False,4311.0,39201.36,19639881.36,2021-09-29,4615.0,EXIT_MA,37769.16,-793070.5199999996,-4.038061663728907,-3.65344467640919,26,41,2021-09-28
percentile,058470.KQ,2021-09-10,38200.0,73.55371900826447,2021-09-13,38200.0,502.0,502.0,False,34380.0,38352.8,19214752.8,2021-09-29,35780.0,EXIT_MA,35923.12,-1289115.9200000018,-6.708990396171018,-6.335078534031413,9,16,2021-09-28
percentile,067310.KQ,2021-08-30,12048.83301,94.21487603305785,2021-08-31,12014.98828,1572.0,1572.0,False,10813.489452,37775.12315232,18925336.699312318,2021-09-30,11405.77734,EXIT_MA,35859.76395696,-1031314.4847892784,-5.449385134726574,-5.0704247545050425,19,30,2021-09-29
percentile,183300.KQ,2021-08-03,13680.0,70.83333333333334,2021-08-04,13760.0,1377.0,1377.0,False,12384.0,37895.04,18985415.04,2021-10-05,14500.0,EXIT_MA,39933.0,941151.9600000009,4.957236689411879,5.3779069767441845,39,62,2021-10-01
percentile,222080.KQ,2021-09-30,21400.0,98.36065573770492,2021-10-01,21600.0,876.0,876.0,False,19440.0,37843.200000000004,18959443.2,2021-10-05,19440.0,STOP,34058.88,-1964062.0799999982,-10.35928143712574,-9.999999999999998,2,4,
percentile,041510.KQ,2021-10-05,79000.0,98.36065573770492,2021-10-06,79200.0,235.0,235.0,False,71280.0,37224.0,18649224.0,2021-10-18,71280.0,STOP,33501.6,-1931925.5999999996,-10.359281437125746,-9.999999999999998,8,12,
percentile,032820.KQ,2021-10-25,2350.0,88.52459016393442,2021-10-26,2355.0,7784.0,7784.0,False,2119.5,36662.64,18367982.64,2021-11-02,2155.0,EXIT_MA,33549.04,-1627011.6799999997,-8.857868127863169,-8.49256900212314,5,7,2021-11-01
percentile,214150.KQ,2021-10-20,22850.0,86.88524590163934,2021-10-21,23000.0,807.0,807.0,False,20700.0,37122.0,18598122.0,2021-11-04,21950.0,EXIT_MA,35427.3,-919899.3000000007,-4.946194567386969,-4.565217391304344,10,14,2021-11-03
percentile,058470.KQ,2021-11-01,36380.0,73.77049180327869,2021-11-02,35980.0,464.0,502.0,True,32382.0,33389.44,16728109.44,2021-11-04,36280.0,EXIT_MA,33667.840000000004,72142.72000000067,0.4312664276782773,0.8337965536409087,2,2,2021-11-03
percentile,183300.KQ,2021-10-29,16320.0,91.80327868852459,2021-11-01,16280.0,540.0,1114.0,True,14652.0,17582.4,8808782.4,2021-11-08,15520.0,EXIT_MA,16761.6,-444744.0,-5.048870318331396,-4.668304668304668,5,7,2021-11-05
percentile,121600.KQ,2021-11-12,68200.0,97.54098360655738,2021-11-15,68300.0,311.0,311.0,False,61470.0,42482.6,21283782.6,2021-11-16,61470.0,STOP,38234.340000000004,-2204846.9400000013,-10.359281437125754,-9.999999999999998,2,1,
percentile,122870.KQ,2021-10-05,64800.0,81.14754098360656,2021-10-06,65300.0,287.0,287.0,False,58770.0,37482.200000000004,18778582.2,2021-11-24,63300.0,EXIT_MA,36334.200000000004,-647816.3999999985,-3.4497620379455403,-3.0627871362940318,34,49,2021-11-23
percentile,213420.KQ,2021-11-18,64200.0,86.88524590163934,2021-11-19,65000.0,3.0,336.0,True,58500.0,390.0,195390.0,2021-11-25,58500.0,STOP,351.0,-20241.0,-10.359281437125748,-9.999999999999998,5,6,
percentile,281740.KQ,2021-11-22,5010.0,85.24590163934425,2021-11-23,4965.0,1.0,4101.0,True,4468.5,9.93,4974.93,2021-11-26,4575.0,EXIT_MA,9.15,-409.0799999999999,-8.222829265939419,-7.85498489425982,3,3,2021-11-25
percentile,171090.KQ,2021-11-17,28250.0,97.54098360655738,2021-11-18,28600.0,759.0,759.0,False,25740.0,43414.8,21750814.8,2021-11-29,25000.0,STOP,37950.0,-2813764.8000000007,-12.93636503217342,-12.587412587412583,8,11,
percentile,035900.KQ,2021-10-20,48950.0,84.42622950819673,2021-10-21,48900.0,376.0,376.0,False,44010.0,36772.8,18423172.8,2021-11-30,47500.0,EXIT_MA,35720.0,-598892.8000000007,-3.250758197306822,-2.862985685071573,28,40,2021-11-29
percentile,078600.KQ,2021-09-03,68300.0,85.9504132231405,2021-09-06,70000.0,275.0,275.0,False,63000.0,38500.0,19288500.0,2021-12-08,109900.0,EXIT_MA,60445.0,10873555.0,56.373253493013976,57.00000000000001,62,93,2021-12-07
percentile,086520.KQ,2021-11-03,21724.28125,94.26229508196722,2021-11-04,22228.19531,840.0,840.0,False,20005.375778999998,37343.3681208,18709027.4285208,2021-12-13,21108.38672,EXIT_MA,35462.0896896,-1013444.6734104007,-5.416875234601798,-5.037784554179359,27,39,2021-12-10
percentile,293490.KQ,2021-10-22,75800.0,81.14754098360656,2021-10-25,75600.0,239.0,239.0,False,68040.0,36136.8,18104536.8,2021-12-20,86100.0,EXIT_MA,41155.8,2432207.3999999985,13.434242625859383,13.888888888888884,40,56,2021-12-17
percentile,067310.KQ,2021-10-28,15061.04199,95.90163934426229,2021-10-29,15230.2666,1209.0,1209.0,False,13707.239940000001,36826.7846388,18450219.1040388,2021-12-21,15545.92676,EXIT_MA,37590.05090568,307216.2978955209,1.6651092117831299,2.0725845994054914,37,53,2021-12-20
percentile,137400.KQ,2021-10-18,36450.0,90.98360655737704,2021-10-19,36450.0,502.0,502.0,False,32805.0,36595.8,18334495.8,2021-12-24,42600.0,EXIT_MA,42770.4,3007933.8000000007,16.405871384802413,16.872427983539097,48,66,2021-12-23
percentile,247540.KQ,2021-07-09,56421.33203,83.33333333333334,2021-07-12,57508.25781,211.0,331.0,True,51757.432029,24268.48479582,12158510.88270582,2021-12-28,123242.5703,EXIT_MA,52008.364666600006,13793663.085927581,113.44862227781192,114.30412777792336,115,169,2021-12-27
percentile,041510.KQ,2021-12-28,78100.0,95.9349593495935,2021-12-29,77900.0,250.0,250.0,False,70110.0,38950.0,19513950.0,2021-12-30,75200.0,EXIT_MA,37600.0,-751550.0,-3.8513473694459606,-3.4659820282413323,1,1,2021-12-29
percentile,067310.KQ,2021-12-23,17790.97852,99.1869918699187,2021-12-24,18045.13672,1098.0,1098.0,False,16240.623048,39627.12023712,19853187.238797117,2022-01-04,16240.623048,STOP,35664.408213408,-2056647.5403065234,-10.359281437125727,-9.999999999999998,6,11,
percentile,031980.KQ,2021-12-29,17950.0,93.4959349593496,2021-12-30,17750.0,1096.0,1096.0,False,15975.0,38908.0,19492908.0,2022-01-05,15975.0,STOP,35017.200000000004,-2019325.1999999993,-10.359281437125745,-9.999999999999998,3,6,
percentile,263750.KQ,2021-10-21,107500.0,97.54098360655738,2021-10-22,106600.0,170.0,170.0,False,95940.0,36244.0,18158244.0,2022-01-07,118800.0,EXIT_MA,40392.0,1997364.0,10.9997640741032,11.444652908067532,53,77,2022-01-06
percentile,083450.KQ,2021-10-28,29400.0,78.68852459016394,2021-10-29,29750.0,619.0,619.0,False,26775.0,36830.5,18452080.5,2022-01-12,34500.0,EXIT_MA,42711.0,2860708.5,15.50344688773713,15.96638655462186,51,75,2022-01-11
percentile,140410.KQ,2021-12-29,72233.33594,79.67479674796748,2021-12-30,72200.0,272.0,272.0,False,64980.0,39276.8,19677676.8,2022-01-18,64980.0,STOP,35349.12,-2038465.9200000018,-10.359281437125757,-9.999999999999998,12,19,
percentile,222800.KQ,2021-10-28,31450.0,86.0655737704918,2021-10-29,31600.0,579.0,579.0,False,28440.0,36592.8,18332992.8,2022-01-24,43700.0,EXIT_MA,50604.6,6918702.599999998,37.73907880441647,38.29113924050633,59,87,2022-01-21
percentile,065350.KQ,2021-12-13,16400.0,87.70491803278688,2021-12-14,16200.0,1180.0,1180.0,False,14580.0,38232.0,19154232.0,2022-01-24,15650.0,EXIT_MA,36934.0,-724166.0,-3.7807101845691333,-3.3950617283950657,27,41,2022-01-21
percentile,189300.KQ,2021-12-29,88464.82031,86.1788617886179,2021-12-30,87690.50781,222.0,222.0,False,78921.457029,38934.58546764,19506227.31928764,2022-01-24,78921.457029,STOP,35041.126920876,-2020704.985770516,-10.359281437125748,-9.999999999999998,16,25,
percentile,222080.KQ,2022-01-06,16550.0,73.98373983739837,2022-01-07,16650.0,1140.0,1140.0,False,14985.0,37962.0,19018962.0,2022-01-25,15300.0,EXIT_MA,34884.0,-1611846.0,-8.47494200787614,-8.108108108108103,12,18,2022-01-24
percentile,281740.KQ,2021-12-24,5050.0,82.11382113821138,2021-12-27,5070.0,3838.0,3838.0,False,4563.0,38917.32,19497577.32,2022-01-26,4785.0,EXIT_MA,36729.66,-1169476.9800000004,-5.998063045506622,-5.621301775147924,20,30,2022-01-25
percentile,077360.KQ,2021-12-24,9300.0,87.8048780487805,2021-12-27,9625.0,2084.0,2084.0,False,8662.5,40117.0,20098617.0,2022-01-27,8650.0,STOP,36053.200000000004,-2108070.1999999993,-10.488633123363659,-10.129870129870133,22,31,
percentile,095340.KQ,2021-12-03,31700.0,87.70491803278688,2021-12-06,31350.0,629.0,629.0,False,28215.0,39438.3,19758588.3,2022-02-11,30150.0,EXIT_MA,37928.700000000004,-832167.0,-4.211672349081741,-3.8277511961722466,44,67,2022-02-10
percentile,225570.KQ,2022-03-03,22900.0,97.58064516129032,2022-03-04,22550.0,804.0,804.0,False,20295.0,36260.4,18166460.4,2022-03-07,20295.0,STOP,32634.36,-1881914.759999998,-10.359281437125738,-9.999999999999998,2,3,
percentile,067310.KQ,2022-03-03,16647.27344,95.96774193548387,2022-03-04,16647.27344,1107.0,1107.0,False,14982.546096000002,36857.06339616,18465388.76147616,2022-03-14,15249.41016,EXIT_MA,33762.19409424,-1618053.9084503986,-8.76263115470442,-8.396950317649143,5,10,2022-03-11
percentile,122870.KQ,2022-04-01,71100.0,90.4,2022-04-04,71600.0,260.0,260.0,False,64440.0,37232.0,18653232.0,2022-04-06,64440.0,STOP,33508.8,-1932340.8000000007,-10.359281437125754,-9.999999999999998,3,2,
percentile,108490.KQ,2022-03-23,30300.0,99.19354838709677,2022-03-24,29600.0,642.0,642.0,False,26640.0,38006.4,19041206.4,2022-04-07,26600.0,STOP,34154.4,-1998160.799999997,-10.493877110643563,-10.135135135135132,11,14,
percentile,005290.KQ,2022-03-25,40350.0,86.29032258064517,2022-03-28,40400.0,469.0,469.0,False,36360.0,37895.200000000004,18985495.2,2022-04-07,36300.0,STOP,34049.4,-1994844.5999999978,-10.507203414952263,-10.148514851485146,9,10,
percentile,036930.KQ,2022-02-24,22250.0,99.19354838709677,2022-02-25,22700.0,812.0,812.0,False,20430.0,36864.8,18469264.8,2022-04-14,23700.0,EXIT_MA,38488.8,736646.3999999985,3.9884987733783452,4.405286343612325,32,48,2022-04-13
percentile,189300.KQ,2022-03-28,85851.52344,82.25806451612904,2022-03-29,87400.14844,220.0,220.0,False,78660.133596,38456.065313600004,19266488.722113602,2022-04-15,78660.133596,STOP,34610.458782240006,-1995869.789775841,-10.359281437125754,-10.000000000000009,14,17,
percentile,053800.KQ,2022-03-18,101700.0,93.54838709677419,2022-03-21,101700.0,179.0,179.0,False,91530.0,36408.6,18240708.6,2022-04-25,94000.0,EXIT_MA,33652.0,-1448360.6000000015,-7.940264996064908,-7.571288102261553,25,35,2022-04-22
percentile,222800.KQ,2022-02-25,52800.0,98.38709677419355,2022-02-28,52800.0,344.0,344.0,False,47520.0,36326.4,18199526.4,2022-04-28,51600.0,EXIT_MA,35500.8,-484627.19999999925,-2.6628561059698743,-2.2727272727272707,41,59,2022-04-27
percentile,137400.KQ,2022-03-02,45100.0,97.58064516129032,2022-03-03,46150.0,408.0,408.0,False,41535.0,37658.4,18866858.4,2022-05-03,48350.0,EXIT_MA,39453.6,820488.0,4.3488321298897334,4.7670639219935085,42,61,2022-05-02
percentile,035900.KQ,2022-02-24,47500.0,84.67741935483872,2022-02-25,48600.0,380.0,380.0,False,43740.0,36936.0,18504936.0,2022-05-11,56400.0,EXIT_MA,42864.0,2884200.0,15.586111727162958,16.049382716049386,49,75,2022-05-10
percentile,006730.KQ,2022-03-18,8814.617188,71.7741935483871,2022-03-21,8814.617188,2070.0,2070.0,False,7933.1554692,36492.515158320006,18282750.094318323,2022-05-13,8743.31543,EXIT_MA,36197.3258802,-220284.4800985232,-1.2048760660300246,-0.8089036254128934,37,53,2022-05-12
percentile,005290.KQ,2022-05-11,42400.0,90.4,2022-05-12,41600.0,442.0,442.0,False,37440.0,36774.4,18423974.4,2022-06-08,39550.0,EXIT_MA,34962.200000000004,-977836.5999999978,-5.307414018117599,-4.927884615384615,17,27,2022-06-07
percentile,067310.KQ,2022-05-23,16562.55469,86.4,2022-05-24,16520.19531,1173.0,1173.0,False,14868.175779,38756.37819726,19416945.47682726,2022-06-08,15249.41016,EXIT_MA,35775.116235359994,-1565162.4753826223,-8.0608068722783,-7.69231311224734,9,15,2022-06-07
percentile,166090.KQ,2022-03-28,56200.0,77.41935483870968,2022-03-29,56600.0,336.0,336.0,False,50940.0,38035.200000000004,19055635.2,2022-06-13,58600.0,EXIT_MA,39379.200000000004,594585.6000000015,3.1202612442958686,3.5335689045936425,50,76,2022-06-10
percentile,058610.KQ,2022-05-25,19150.0,97.6,2022-05-26,18800.0,1013.0,1013.0,False,16920.0,38088.8,19082488.8,2022-06-14,16500.0,STOP,33429.0,-2401417.8000000007,-12.584405656771565,-12.234042553191493,12,19,
percentile,095340.KQ,2022-04-11,32800.0,83.2,2022-04-12,32650.0,553.0,553.0,False,29385.0,36110.9,18091560.9,2022-06-17,34150.0,EXIT_MA,37769.9,755619.200000003,4.176639064902372,4.594180704441042,44,66,2022-06-16
percentile,277810.KQ,2022-06-14,25700.0,87.3015873015873,2022-06-15,25500.0,746.0,746.0,False,22950.0,38046.0,19061046.0,2022-06-20,22950.0,STOP,34241.4,-1974587.3999999985,-10.359281437125741,-9.999999999999998,4,5,
percentile,121600.KQ,2022-03-29,60500.0,94.35483870967742,2022-03-30,61800.0,312.0,312.0,False,55620.0,38563.200000000004,19320163.2,2022-06-23,76300.0,EXIT_MA,47611.200000000004,4437825.6000000015,22.969917769638727,23.46278317152104,57,85,2022-06-22
percentile,090710.KQ,2022-04-22,2155.0,100.0,2022-04-25,2120.0,8474.0,8474.0,False,1908.0,35929.76,18000809.76,2022-06-23,3280.0,EXIT_MA,55589.44,9738320.799999997,54.09934847286557,54.71698113207548,39,59,2022-06-22
percentile,137400.KQ,2022-05-23,53800.0,96.0,2022-05-24,54300.0,361.0,361.0,False,48870.0,39204.6,19641504.6,2022-06-24,50800.0,EXIT_MA,36677.6,-1339382.200000003,-6.81914256202146,-6.44567219152854,21,31,2022-06-23
percentile,014620.KQ,2022-06-28,11350.0,94.44444444444444,2022-06-29,11300.0,1579.0,1579.0,False,10170.0,35685.4,17878385.4,2022-07-06,10170.0,STOP,32116.86,-1852072.259999998,-10.359281437125738,-9.999999999999998,6,7,
percentile,056190.KQ,2022-08-02,43600.0,88.09523809523809,2022-08-03,43700.0,419.0,419.0,False,39330.0,36620.6,18346920.6,2022-08-23,40800.0,EXIT_MA,34190.4,-1285911.0,-7.008865564066374,-6.636155606407323,13,20,2022-08-22
percentile,127120.KQ,2022-08-17,4335.0,80.95238095238095,2022-08-18,4345.0,4308.0,4308.0,False,3910.5,37436.520000000004,18755696.52,2022-08-25,3910.5,STOP,33692.868,-1942955.3880000003,-10.35928143712575,-9.999999999999998,6,7,
percentile,007390.KQ,2022-08-25,25700.0,93.7007874015748,2022-08-26,26100.0,726.0,726.0,False,23490.0,37897.200000000004,18986497.2,2022-08-26,23490.0,STOP,34107.48,-1966864.6799999997,-10.359281437125748,-9.999999999999998,1,0,
percentile,007390.KQ,2022-08-30,27250.0,94.48818897637796,2022-08-31,27300.0,684.0,684.0,False,24570.0,37346.4,18710546.4,2022-09-02,24570.0,STOP,33611.76,-1938278.1599999983,-10.359281437125741,-9.999999999999998,3,2,
percentile,127120.KQ,2022-09-02,5110.0,90.5511811023622,2022-09-05,5250.0,3648.0,3648.0,False,4725.0,38304.0,19190304.0,2022-09-07,4725.0,STOP,34473.6,-1987977.6000000015,-10.359281437125755,-9.999999999999998,3,2,
percentile,277810.KQ,2022-08-01,27850.0,95.23809523809523,2022-08-02,27850.0,651.0,651.0,False,25065.0,36260.700000000004,18166610.7,2022-09-08,27600.0,EXIT_MA,35935.200000000004,-234945.8999999985,-1.2932841677506663,-0.8976660682226245,26,37,2022-09-07
percentile,028300.KQ,2022-09-08,45799.31641,92.1259842519685,2022-09-13,48628.61719,407.0,407.0,False,43765.755471,39583.69439266,19831430.89072266,2022-09-14,43633.13281,STOP,35517.37010734,-2108263.2071599998,-10.630918256868023,-10.272725544470685,2,1,
percentile,121600.KQ,2022-08-10,88500.0,97.61904761904762,2022-08-11,89800.0,207.0,207.0,False,80820.0,37177.200000000004,18625777.2,2022-09-19,80820.0,STOP,33459.48,-1929496.6799999997,-10.359281437125748,-9.999999999999998,25,39,
percentile,083650.KQ,2022-08-10,8190.0,98.4126984126984,2022-08-11,8280.0,2236.0,2236.0,False,7452.0,37028.16,18551108.16,2022-09-20,8190.0,EXIT_MA,36625.68,-274893.83999999985,-1.4818189707541431,-1.0869565217391353,25,40,2022-09-19
percentile,356860.KQ,2022-08-18,9961.887695,75.39682539682539,2022-08-19,10007.53223,1894.0,1894.0,False,9006.779007000001,37908.532087240004,18992174.575707242,2022-09-23,9006.779007000001,STOP,34117.678878516,-1967452.815327756,-10.359281437125748,-9.999999999999998,24,35,
percentile,023160.KQ,2022-08-18,17700.0,95.23809523809523,2022-08-19,17750.0,1066.0,1066.0,False,15975.0,37843.0,18959343.0,2022-09-26,15975.0,STOP,34058.7,-1964051.6999999993,-10.359281437125745,-9.999999999999998,25,38,
percentile,214370.KQ,2022-07-20,22100.0,97.61904761904762,2022-07-21,22380.0,804.0,804.0,False,20142.0,35987.04,18029507.04,2022-09-27,25340.0,EXIT_MA,40746.72,2303106.240000002,12.774094349281789,13.22609472743521,45,68,2022-09-26
percentile,035900.KQ,2022-08-09,59200.0,86.5079365079365,2022-08-10,59000.0,309.0,309.0,False,53100.0,36462.0,18267462.0,2022-09-27,57700.0,EXIT_MA,35658.6,-473820.6000000015,-2.5937954599276107,-2.203389830508473,31,48,2022-09-26
percentile,095340.KQ,2022-08-19,36450.0,86.5079365079365,2022-08-22,36100.0,508.0,508.0,False,32490.0,36677.6,18375477.6,2022-09-27,33250.0,EXIT_MA,33782.0,-1518259.6000000015,-8.262422523374312,-7.8947368421052655,24,36,2022-09-26
percentile,014620.KQ,2022-08-01,11900.0,94.44444444444444,2022-08-02,11850.0,1524.0,1524.0,False,10665.0,36118.8,18095518.8,2022-09-29,14250.0,EXIT_MA,43434.0,3578047.1999999993,19.773112003840414,20.253164556962023,39,58,2022-09-28
percentile,277810.KQ,2022-09-13,34350.0,95.2755905511811,2022-09-14,33200.0,539.0,539.0,False,29880.0,35789.6,17930589.6,2022-09-30,29880.0,STOP,32210.64,-1857480.240000002,-10.35928143712576,-9.999999999999998,13,16,
percentile,058610.KQ,2022-08-01,15850.0,90.47619047619048,2022-08-02,16100.0,1144.0,1144.0,False,14490.0,36836.8,18455236.8,2022-10-06,17550.0,EXIT_MA,40154.4,1581808.8000000007,8.57105664447503,9.006211180124213,43,65,2022-10-05
percentile,032190.KQ,2022-12-01,30200.0,100.0,2022-12-02,30650.0,570.0,570.0,False,27585.0,34941.0,17505441.0,2022-12-08,27585.0,STOP,31446.9,-1813437.9000000004,-10.35928143712575,-9.999999999999998,5,6,
percentile,033100.KQ,2022-08-26,8990.0,96.8503937007874,2022-08-29,8840.0,2050.0,2050.0,False,7956.0,36244.0,18158244.0,2023-01-03,10600.0,EXIT_MA,43460.0,3528296.0,19.430821614689172,19.909502262443436,86,127,2023-01-02
percentile,010170.KQ,2022-11-30,3000.0,90.625,2022-12-01,3020.0,5724.0,5724.0,False,2718.0,34572.96,17321052.96,2023-01-09,2910.0,EXIT_MA,33313.68,-697526.6400000006,-4.02704524725384,-3.6423841059602613,26,39,2023-01-06
percentile,058610.KQ,2023-01-09,18900.0,94.53125,2023-01-10,19050.0,920.0,920.0,False,17145.0,35052.0,17561052.0,2023-02-16,18300.0,EXIT_MA,33672.0,-758724.0,-4.320492872522671,-3.937007874015752,25,37,2023-02-15
percentile,000250.KQ,2023-03-03,57000.0,89.84375,2023-03-06,57800.0,336.0,336.0,False,52020.0,38841.6,19459641.6,2023-03-10,52020.0,STOP,34957.44,-2015879.0400000028,-10.359281437125762,-9.999999999999998,5,4,
percentile,204270.KQ,2023-03-08,7910.0,87.5,2023-03-09,8000.0,2310.0,2414.0,True,7200.0,36960.0,18516960.0,2023-03-10,7200.0,STOP,33264.0,-1918224.0,-10.359281437125748,-9.999999999999998,2,1,
percentile,093320.KQ,2023-02-28,70800.0,85.9375,2023-03-02,70600.0,271.0,271.0,False,63540.0,38265.200000000004,19170865.2,2023-03-13,63540.0,STOP,34438.68,-1985963.879999999,-10.359281437125743,-9.999999999999998,8,11,
percentile,041510.KQ,2023-03-07,149700.0,97.65625,2023-03-08,154100.0,126.0,126.0,False,138690.0,38833.200000000004,19455433.2,2023-03-13,135000.0,STOP,34020.0,-2479453.1999999993,-12.744271353464384,-12.394548994159639,4,5,
percentile,171090.KQ,2023-02-27,26200.0,92.1875,2023-02-28,26550.0,727.0,727.0,False,23895.0,38603.700000000004,19340453.7,2023-03-14,23895.0,STOP,34743.33,-2003532.0299999975,-10.359281437125736,-9.999999999999998,10,14,
percentile,121600.KQ,2023-03-06,153300.0,96.875,2023-03-07,151800.0,125.0,125.0,False,136620.0,37950.0,19012950.0,2023-03-14,136620.0,STOP,34155.0,-1969605.0,-10.359281437125748,-9.999999999999998,6,7,
percentile,035900.KQ,2022-11-16,60300.0,88.28125,2022-11-17,59900.0,283.0,283.0,False,53910.0,33903.4,16985603.4,2023-03-17,70900.0,EXIT_MA,40129.4,3038967.200000003,17.891429161709986,18.36393989983305,82,120,2023-03-16
percentile,090360.KQ,2023-03-17,40050.0,97.65625,2023-03-20,41500.0,492.0,492.0,False,37350.0,40836.0,20458836.0,2023-04-10,37350.0,STOP,36752.4,-2119388.3999999985,-10.359281437125741,-9.999999999999998,16,21,
percentile,032190.KQ,2022-12-28,32750.0,100.0,2022-12-29,32800.0,530.0,530.0,False,29520.0,34768.0,17418768.0,2023-04-11,47450.0,EXIT_MA,50297.0,7679435.0,44.08713061681515,44.664634146341456,69,103,2023-04-10
percentile,121600.KQ,2023-04-10,184800.0,96.89922480620154,2023-04-11,187000.0,107.0,122.0,True,168300.0,40018.0,20049018.0,2023-04-12,168300.0,STOP,36016.200000000004,-2076934.1999999993,-10.359281437125745,-9.999999999999998,2,1,
percentile,247540.KQ,2023-04-10,292500.0,98.44961240310077,2023-04-11,302000.0,77.0,77.0,False,271800.0,46508.0,23300508.0,2023-04-13,261500.0,STOP,40271.0,-3205279.0,-13.756262309817451,-13.410596026490062,3,2,
percentile,277810.KQ,2023-01-04,46900.0,99.21875,2023-01-05,46050.0,364.0,364.0,False,41445.0,33524.4,16795724.4,2023-04-21,108500.0,EXIT_MA,78988.0,22619287.6,134.67289091740517,135.61346362649294,73,106,2023-04-20
percentile,214370.KQ,2023-04-12,45500.0,93.02325581395348,2023-04-13,46100.0,389.0,507.0,True,41490.0,35865.8,17968765.8,2023-04-21,41490.0,STOP,32279.22,-1861435.0200000014,-10.359281437125755,-9.999999999999998,7,8,
percentile,319400.KQ,2023-04-20,4640.0,86.04651162790698,2023-04-21,5060.0,4804.0,4804.0,False,4554.0,48616.48,24356856.48,2023-04-21,4554.0,STOP,43754.832,-2523195.311999999,-10.359281437125745,-9.999999999999998,1,0,
percentile,204270.KQ,2023-04-18,8860.0,87.59689922480621,2023-04-19,8900.0,7.0,2649.0,True,8010.0,124.60000000000001,62424.6,2023-04-25,8010.0,STOP,112.14,-6466.739999999998,-10.359281437125746,-9.999999999999998,5,6,
percentile,036810.KQ,2023-03-24,22301.73438,86.04651162790698,2023-03-27,22399.76562,935.0,948.0,True,20159.789058,41887.5617094,20985668.4164094,2023-04-26,21958.63086,EXIT_MA,41062.639708200004,-495411.20201759785,-2.3607120449412,-1.9693722134579983,22,30,2023-04-25
percentile,058610.KQ,2023-03-15,28150.0,96.09375,2023-03-16,29500.0,660.0,660.0,False,26550.0,38940.0,19508940.0,2023-04-27,27250.0,EXIT_MA,35970.0,-1559910.0,-7.9958726614567475,-7.6271186440677985,30,42,2023-04-26
percentile,000250.KQ,2023-03-24,61300.0,90.69767441860465,2023-03-27,67400.0,344.0,344.0,False,60660.0,46371.200000000004,23231971.2,2023-05-04,65800.0,EXIT_MA,45270.4,-642041.5999999978,-2.763612241392576,-2.3738872403560873,27,38,2023-05-03
percentile,082920.KQ,2023-03-17,8060.0,82.03125,2023-03-20,7850.0,2446.0,2446.0,False,7065.0,38402.200000000004,19239502.2,2023-05-10,8510.0,EXIT_MA,41630.92,1534326.879999999,7.974878268939822,8.407643312101909,35,51,2023-05-09
percentile,126340.KQ,2023-04-11,59881.55859,88.37209302325581,2023-04-12,59881.55859,1.0,395.0,True,53893.402731,119.76311718000001,60001.32170718,2023-05-11,53893.402731,STOP,107.786805462,-6215.705781641998,-10.359281437125745,-9.999999999999998,20,29,
percentile,023160.KQ,2023-05-08,18850.0,81.3953488372093,2023-05-09,19300.0,1193.0,1193.0,False,17370.0,46049.8,23070949.8,2023-05-12,17370.0,STOP,41444.82,-2389984.620000001,-10.359281437125754,-9.999999999999998,4,3,
percentile,086520.KQ,2023-02-27,54901.96094,98.4375,2023-02-28,54901.96094,347.0,347.0,False,49411.764846,38101.960892359995,19089082.407072358,2023-05-16,104509.8047,EXIT_MA,72529.8044618,17103290.01936584,89.59723497777559,90.35714373520152,52,77,2023-05-15
percentile,058610.KQ,2023-06-02,35150.0,93.7984496124031,2023-06-05,35300.0,523.0,656.0,True,31770.0,36923.8,18498823.8,2023-06-21,31770.0,STOP,33231.42,-1916345.2200000007,-10.359281437125752,-9.999999999999998,12,16,
percentile,101490.KQ,2023-03-02,32350.0,81.25,2023-03-03,32650.0,586.0,586.0,False,29385.0,38265.8,19171165.8,2023-07-07,51700.0,EXIT_MA,60592.4,11064441.8,57.71397480689463,58.346094946401216,86,126,2023-07-06
percentile,087010.KQ,2023-07-11,16470.0,90.76923076923077,2023-07-12,16430.0,205.0,1628.0,True,14787.0,6736.3,3374886.3,2023-07-12,14787.0,STOP,6062.67,-349613.96999999974,-10.359281437125741,-9.999999999999998,1,0,
percentile,161580.KQ,2023-07-10,15900.0,92.3076923076923,2023-07-11,16400.0,1634.0,1634.0,False,14760.0,53595.200000000004,26851195.2,2023-07-17,13150.0,STOP,42974.200000000004,-5407069.3999999985,-20.13716469500024,-19.817073170731703,5,6,
percentile,214450.KQ,2023-05-16,113200.0,89.14728682170544,2023-05-17,114000.0,187.0,187.0,False,102600.0,42636.0,21360636.0,2023-07-19,124700.0,EXIT_MA,46637.8,1911626.1999999993,8.949294393668799,9.385964912280699,43,63,2023-07-18
percentile,214150.KQ,2023-04-28,23700.0,84.49612403100775,2023-05-02,23900.0,944.0,944.0,False,21510.0,45123.200000000004,22606723.2,2023-07-25,28300.0,EXIT_MA,53430.4,4055046.4000000022,17.937347063195794,18.410041841004187,57,84,2023-07-24
percentile,252990.KQ,2023-06-26,6200.0,79.06976744186046,2023-06-27,6270.0,1.0,4267.0,True,5643.0,12.540000000000001,6282.54,2023-07-25,5643.0,STOP,11.286,-650.826,-10.359281437125748,-9.999999999999998,21,28,
percentile,323280.KQ,2023-07-14,3795.0,91.53846153846153,2023-07-17,3840.0,1.0,7290.0,True,3456.0,7.68,3847.68,2023-07-25,3456.0,STOP,6.912,-398.59199999999964,-10.35928143712574,-9.999999999999998,7,8,
percentile,087010.KQ,2023-07-20,27450.0,99.23076923076923,2023-07-21,27000.0,3.0,1017.0,True,24300.0,162.0,81162.0,2023-07-25,24300.0,STOP,145.8,-8407.800000000003,-10.359281437125752,-9.999999999999998,3,4,
percentile,082920.KQ,2023-06-12,10200.0,83.72093023255815,2023-06-13,10175.0,1.0,2403.0,True,9157.5,20.35,10195.35,2023-07-26,9870.0,EXIT_MA,19.740000000000002,-345.09000000000015,-3.384778354838237,-2.9975429975430012,31,43,2023-07-25
percentile,060370.KQ,2023-07-25,10730.0,84.7328244274809,2023-07-26,11270.0,13.0,2697.0,True,10143.0,293.02,146803.02,2023-07-26,10143.0,STOP,263.718,-15207.737999999983,-10.359281437125738,-9.999999999999998,1,0,
percentile,067310.KQ,2023-05-19,14978.30957,82.17054263565892,2023-05-22,14910.53516,1440.0,1440.0,False,13419.481644,42942.3412608,21514112.971660797,2023-07-27,16418.53125,EXIT_MA,47285.37,2081286.6583392024,9.674052846523358,10.113628208633664,46,66,2023-07-26
percentile,086520.KQ,2023-07-18,219215.6875,100.0,2023-07-19,216274.5156,107.0,126.0,True,194647.06404000003,46282.74633840001,23187655.915538404,2023-07-27,194647.06404000003,STOP,41654.471704560005,-2402074.5349629633,-10.35928143712576,-9.999999999999998,7,8,
percentile,281740.KQ,2023-03-15,6680.0,89.0625,2023-03-16,6880.0,2782.0,2782.0,False,6192.0,38280.32,19178440.32,2023-07-28,18800.0,EXIT_MA,104603.2,33018556.479999997,172.16497238081973,173.25581395348837,92,134,2023-07-27
percentile,247540.KQ,2023-07-24,404500.0,97.70992366412213,2023-07-25,408500.0,65.0,68.0,True,367650.0,53105.0,26605605.0,2023-07-28,367000.0,STOP,47710.0,-2798315.0,-10.51776495967673,-10.159118727050187,4,3,
percentile,031980.KQ,2023-07-27,33500.0,98.48484848484848,2023-07-28,33500.0,844.0,844.0,False,30150.0,56548.0,28330548.0,2023-08-02,30150.0,STOP,50893.200000000004,-2934841.1999999993,-10.359281437125746,-9.999999999999998,4,5,
percentile,035900.KQ,2023-04-13,80600.0,77.51937984496125,2023-04-14,82400.0,243.0,280.0,True,74160.0,40046.4,20063246.4,2023-08-03,125700.0,EXIT_MA,61090.200000000004,10420763.400000002,51.939567467007755,52.54854368932038,75,111,2023-08-02
percentile,036930.KQ,2023-07-27,26600.0,86.36363636363636,2023-07-28,28050.0,1063.0,1063.0,False,25245.0,59634.3,29876784.3,2023-08-10,25245.0,STOP,53670.87,-3095020.170000002,-10.359281437125754,-9.999999999999998,10,13,
percentile,058610.KQ,2023-08-04,34200.0,82.57575757575758,2023-08-07,34700.0,2.0,823.0,True,31230.0,138.8,69538.8,2023-08-10,31230.0,STOP,124.92,-7203.720000000001,-10.35928143712575,-9.999999999999998,4,3,
percentile,140860.KQ,2023-05-19,159300.0,81.3953488372093,2023-05-22,159200.0,135.0,135.0,False,143280.0,42984.0,21534984.0,2023-08-11,178400.0,EXIT_MA,48168.0,2500848.0,11.612954994533546,12.060301507537696,57,81,2023-08-10
percentile,257720.KQ,2023-08-04,9000.0,97.72727272727273,2023-08-07,9010.0,3131.0,3131.0,False,8109.0,56420.62,28266730.62,2023-08-11,8109.0,STOP,50778.558000000005,-2928230.1779999994,-10.359281437125746,-9.999999999999998,5,4,
percentile,204270.KQ,2023-07-21,9430.0,77.09923664122137,2023-07-24,9430.0,1.0,2905.0,True,8487.0,18.86,9448.86,2023-08-16,8487.0,STOP,16.974,-978.8340000000007,-10.359281437125755,-9.999999999999998,17,23,
percentile,064290.KQ,2023-07-12,36000.0,92.3076923076923,2023-07-13,37350.0,81.0,757.0,True,33615.0,6050.7,3031400.7,2023-08-17,33615.0,STOP,5445.63,-314031.3300000001,-10.35928143712575,-9.999999999999998,25,35,
percentile,060370.KQ,2023-07-31,13170.0,88.63636363636364,2023-08-01,13080.0,379.0,2188.0,True,11772.0,9914.64,4967234.64,2023-08-17,11772.0,STOP,8923.176,-514569.81599999964,-10.359281437125741,-9.999999999999998,12,16,
percentile,087010.KQ,2023-08-10,37800.0,99.24242424242425,2023-08-11,37150.0,731.0,731.0,False,33435.0,54313.3,27210963.3,2023-08-17,33435.0,STOP,48881.97,-2818860.2699999996,-10.359281437125746,-9.999999999999998,4,6,
percentile,310210.KQ,2023-08-11,72500.0,92.42424242424242,2023-08-14,72500.0,348.0,389.0,True,65250.0,50460.0,25280460.0,2023-08-18,65250.0,STOP,45414.0,-2618874.0,-10.359281437125748,-9.999999999999998,4,4,
percentile,044490.KQ,2023-08-14,20800.0,84.84848484848484,2023-08-16,20850.0,3.0,1327.0,True,18765.0,125.10000000000001,62675.1,2023-08-22,18765.0,STOP,112.59,-6492.689999999995,-10.359281437125741,-9.999999999999998,5,6,
percentile,039200.KQ,2023-07-27,31300.0,74.24242424242425,2023-07-28,31100.0,903.0,903.0,False,27990.0,56166.6,28139466.6,2023-08-28,27990.0,STOP,50549.94,-2915046.540000003,-10.359281437125759,-9.999999999999998,21,31,
percentile,241710.KQ,2023-05-15,16450.0,91.47286821705426,2023-05-16,15700.0,1270.0,1270.0,False,14130.0,39878.0,19978878.0,2023-09-06,26350.0,EXIT_MA,66929.0,13418693.0,67.16439732000966,67.83439490445859,78,113,2023-09-05
percentile,044490.KQ,2023-08-28,23500.0,88.63636363636364,2023-08-29,23500.0,1171.0,1171.0,False,21150.0,55037.0,27573537.0,2023-09-07,21150.0,STOP,49533.3,-2856420.3000000007,-10.359281437125752,-9.999999999999998,8,9,
percentile,095340.KQ,2023-05-19,47250.0,79.06976744186046,2023-05-22,46350.0,456.0,456.0,False,41715.0,42271.200000000004,21177871.2,2023-09-12,87800.0,EXIT_MA,80073.6,18778855.2,88.6720625631154,89.42826321467099,78,113,2023-09-11
percentile,122640.KQ,2023-07-17,14770.0,86.92307692307692,2023-07-18,15130.0,1414.0,1833.0,True,13617.0,42787.64,21436607.64,2023-09-12,15790.0,EXIT_MA,44654.12,845798.2399999984,3.9455787697572395,4.362194315928614,39,56,2023-09-11
percentile,039030.KQ,2023-05-25,93000.0,71.31782945736434,2023-05-26,94800.0,232.0,232.0,False,85320.0,43987.200000000004,22037587.2,2023-09-19,146200.0,EXIT_MA,67836.8,11812976.000000004,53.60376293825853,54.21940928270041,79,116,2023-09-18
percentile,036930.KQ,2023-09-14,31700.0,93.93939393939394,2023-09-15,31450.0,892.0,892.0,False,28305.0,56106.8,28109506.8,2023-09-19,28305.0,STOP,50496.12,-2911942.920000002,-10.359281437125754,-9.999999999999998,3,4,
percentile,328130.KQ,2023-09-06,51264.22266,98.48484848484848,2023-09-07,50389.77734,578.0,578.0,False,45350.799606,58250.58260504,29183541.88512504,2023-09-20,45350.799606,STOP,52425.524344536,-3023205.237201579,-10.359281437125759,-9.999999999999998,10,13,
percentile,131970.KQ,2023-09-01,53500.0,81.06060606060606,2023-09-04,53500.0,468.0,557.0,True,48150.0,50076.0,25088076.0,2023-09-21,48150.0,STOP,45068.4,-2598944.3999999985,-10.359281437125741,-9.999999999999998,14,17,
percentile,041510.KQ,2023-08-02,136100.0,79.54545454545455,2023-08-03,136100.0,202.0,202.0,False,122490.0,54984.4,27547184.4,2023-09-22,126000.0,EXIT_MA,50904.0,-2146088.3999999985,-7.790590750900838,-7.421013960323297,35,50,2023-09-21
percentile,033100.KQ,2023-03-02,12580.0,95.3125,2023-03-03,12610.0,1507.0,1507.0,False,11349.0,38006.54,19041276.54,2023-09-26,22900.0,EXIT_MA,69020.6,15400002.86,80.87694555377746,81.60190325138778,142,207,2023-09-25
percentile,140410.KQ,2023-06-23,35550.0,96.89922480620154,2023-06-26,35650.0,464.0,750.0,True,32085.0,33083.2,16574683.2,2023-09-26,42500.0,EXIT_MA,39440.0,3105876.8000000007,18.738679723302347,19.21458625525947,65,92,2023-09-25
percentile,084370.KQ,2023-09-14,42350.0,78.03030303030303,2023-09-15,41950.0,668.0,668.0,False,37755.0,56045.200000000004,28078645.2,2023-09-27,37755.0,STOP,50440.68,-2908745.879999999,-10.359281437125745,-9.999999999999998,9,12,
percentile,277810.KQ,2023-07-31,113900.0,92.42424242424242,2023-08-01,115200.0,253.0,253.0,False,103680.0,58291.200000000004,29203891.2,2023-10-06,140300.0,EXIT_MA,70991.8,6221017.000000004,21.30201402750057,21.788194444444443,43,66,2023-10-05
percentile,214150.KQ,2023-08-21,37500.0,86.36363636363636,2023-08-22,37150.0,721.0,721.0,False,33435.0,53570.3,26838720.3,2023-10-06,33450.0,EXIT_MA,48234.9,-2769505.1999999993,-10.31906577155245,-9.959623149394348,29,45,2023-10-05
percentile,204270.KQ,2023-09-04,10240.0,79.54545454545455,2023-09-05,10280.0,1.0,2855.0,True,9252.0,20.56,10300.56,2023-10-06,9850.0,EXIT_MA,19.7,-470.2600000000002,-4.565382852971103,-4.182879377431902,19,31,2023-10-05
percentile,257720.KQ,2023-10-06,9820.0,96.96969696969697,2023-10-10,9740.0,2665.0,2665.0,False,8766.0,51914.200000000004,26009014.2,2023-10-16,8766.0,STOP,46722.78,-2694346.9800000004,-10.35928143712575,-9.999999999999998,5,6,
percentile,065350.KQ,2023-08-10,34550.0,97.72727272727273,2023-08-11,37900.0,623.0,800.0,True,34110.0,47223.4,23658923.4,2023-10-20,45700.0,EXIT_MA,56942.200000000004,4755234.400000002,20.09911575266355,20.580474934036943,44,70,2023-10-19
percentile,196170.KQ,2023-09-12,45846.15234,74.24242424242425,2023-09-13,47076.92188,616.0,616.0,False,42369.229692,57998.76775616,29057382.64583616,2023-10-20,42369.229692,STOP,52198.890980544005,-3010136.0465447046,-10.35928143712575,-9.999999999999998,23,37,
percentile,403870.KQ,2023-10-13,35200.0,89.39393939393939,2023-10-16,34900.0,747.0,747.0,False,31410.0,52140.6,26122440.6,2023-10-27,33050.0,EXIT_MA,49376.700000000004,-1483467.3000000007,-5.6789000794971685,-5.300859598853869,9,11,2023-10-26
percentile,053610.KQ,2023-10-25,49100.0,87.87878787878788,2023-10-26,46350.0,524.0,524.0,False,41715.0,48574.8,24335974.8,2023-10-30,45250.0,EXIT_MA,47422.0,-672396.8000000007,-2.762974590193941,-2.373247033441206,2,4,2023-10-27
percentile,328130.KQ,2023-11-03,42220.49219,100.0,2023-11-06,40887.94922,597.0,597.0,False,36799.154298,48820.21136868,24458925.89570868,2023-11-09,43482.89844,EXIT_MA,51918.58073736,1448445.8922339566,5.921952167523785,6.346489049958759,3,3,2023-11-08
percentile,356860.KQ,2023-11-15,11867.54102,75.75757575757575,2023-11-16,11867.54102,2200.0,2200.0,False,10680.786918000002,52217.180488000005,26160807.424488004,2023-11-27,11114.40918,EXIT_MA,48903.400392,-1758010.6288800016,-6.72001670420311,-6.346149035682879,7,11,2023-11-24
percentile,087010.KQ,2023-11-23,36500.0,99.24242424242425,2023-11-24,36150.0,705.0,705.0,False,32535.0,50971.5,25536721.5,2023-11-27,32535.0,STOP,45874.35,-2645420.8500000015,-10.359281437125754,-9.999999999999998,2,3,
percentile,036830.KQ,2023-11-15,39450.0,84.0909090909091,2023-11-16,39100.0,661.0,661.0,False,35190.0,51690.200000000004,25896790.2,2023-11-28,35190.0,STOP,46521.18,-2682721.379999999,-10.359281437125745,-9.999999999999998,9,12,
percentile,277810.KQ,2023-11-28,190200.0,97.74436090225564,2023-11-29,188800.0,134.0,134.0,False,169920.0,50598.4,25349798.4,2023-12-01,169920.0,STOP,45538.56,-2626056.959999997,-10.359281437125738,-9.999999999999998,3,2,
percentile,067310.KQ,2023-11-02,24992.08984,93.93939393939394,2023-11-03,24865.01172,1010.0,1010.0,False,22378.510548,50227.323674399995,25163889.160874397,2023-12-05,23128.27344,EXIT_MA,46719.1123488,-1851052.0988231935,-7.355985742065925,-6.984667047645365,22,32,2023-12-04
percentile,093320.KQ,2023-09-27,77800.0,71.96969696969697,2023-10-04,77000.0,333.0,333.0,False,69300.0,51282.0,25692282.0,2023-12-06,82700.0,EXIT_MA,55078.200000000004,1791739.8000000007,6.973844518754701,7.402597402597411,44,63,2023-12-05
percentile,241710.KQ,2023-10-11,28950.0,95.45454545454545,2023-10-12,28850.0,914.0,914.0,False,25965.0,52737.8,26421637.8,2023-12-21,36250.0,EXIT_MA,66265.0,6644597.199999999,25.148316884428713,25.649913344887352,50,70,2023-12-20
percentile,204270.KQ,2023-11-02,12620.0,92.42424242424242,2023-11-03,12790.0,2001.0,2001.0,False,11511.0,51185.58,25643975.58,2023-12-26,12600.0,EXIT_MA,50425.200000000004,-481800.77999999747,-1.8788068897388863,-1.4855355746677068,36,53,2023-12-22
percentile,060370.KQ,2023-12-12,12110.0,85.71428571428571,2023-12-13,12050.0,994.0,2074.0,True,10845.0,23955.4,12001655.4,2023-12-26,10845.0,STOP,21559.86,-1243285.2599999998,-10.359281437125746,-9.999999999999998,9,13,
percentile,087010.KQ,2023-12-28,40250.0,100.0,2024-01-02,41150.0,261.0,648.0,True,37035.0,21480.3,10761630.3,2024-01-02,37035.0,STOP,19332.27,-1114827.5700000003,-10.35928143712575,-9.999999999999998,1,0,
percentile,093320.KQ,2023-12-11,95800.0,84.9624060150376,2023-12-12,99000.0,260.0,260.0,False,89100.0,51480.0,25791480.0,2024-01-03,89100.0,STOP,46332.0,-2671812.0,-10.359281437125748,-9.999999999999998,14,22,
percentile,036930.KQ,2023-11-06,31650.0,92.42424242424242,2023-11-07,31050.0,802.0,802.0,False,27945.0,49804.200000000004,24951904.2,2024-01-04,32000.0,EXIT_MA,51328.0,660767.8000000007,2.6481658261576717,3.059581320450877,39,58,2024-01-03
percentile,253590.KQ,2024-01-03,10200.0,97.74436090225564,2024-01-04,10230.0,2266.0,2497.0,True,9207.0,46362.36,23227542.36,2024-01-04,9207.0,STOP,41726.124,-2406206.484000001,-10.359281437125754,-9.999999999999998,1,0,
percentile,214150.KQ,2023-11-08,37250.0,88.63636363636364,2023-11-09,37300.0,692.0,692.0,False,33570.0,51623.200000000004,25863223.2,2024-01-05,36550.0,EXIT_MA,50585.200000000004,-621208.3999999985,-2.4018986156373523,-2.0107238605898137,38,57,2024-01-04
percentile,065350.KQ,2024-01-05,58000.0,99.24812030075188,2024-01-08,62400.0,428.0,428.0,False,56160.0,53414.4,26760614.4,2024-01-10,56160.0,STOP,48072.96,-2772207.3599999994,-10.359281437125748,-9.999999999999998,3,2,
percentile,131970.KQ,2023-11-07,55900.0,86.36363636363636,2023-11-08,56200.0,461.0,461.0,False,50580.0,51816.4,25960016.4,2024-01-11,54200.0,EXIT_MA,49972.4,-1023788.799999997,-3.94371399549654,-3.558718861209964,43,64,2024-01-10
percentile,085660.KQ,2023-12-22,20150.0,70.67669172932331,2023-12-26,20150.0,356.0,1253.0,True,18135.0,14346.800000000001,7187746.8,2024-01-11,18135.0,STOP,12912.12,-744598.9199999999,-10.359281437125748,-9.999999999999998,11,16,
percentile,403870.KQ,2023-11-28,41150.0,92.4812030075188,2023-11-29,41000.0,619.0,619.0,False,36900.0,50758.0,25429758.0,2024-01-16,41000.0,EXIT_MA,50758.0,-101516.0,-0.39920159680638717,0.0,31,48,2024-01-15
percentile,039030.KQ,2024-01-05,156300.0,78.94736842105263,2024-01-08,156200.0,123.0,158.0,True,140580.0,38425.200000000004,19251025.2,2024-01-16,153900.0,EXIT_MA,37859.4,-359184.59999999776,-1.8657946590813137,-1.472471190781055,6,8,2024-01-15
percentile,356860.KQ,2023-12-22,13579.20605,75.18796992481202,2023-12-26,13853.07227,1860.0,1860.0,False,12467.765043000001,51533.428844400005,25818247.8510444,2024-01-16,12467.765043000001,STOP,46380.08595996001,-2674584.957024358,-10.359281437125741,-9.999999999999998,14,21,
percentile,183300.KQ,2024-01-02,13640.0,70.67669172932331,2024-01-03,13280.0,725.0,1915.0,True,11952.0,19256.0,9647256.0,2024-01-16,11952.0,STOP,17330.4,-999386.4000000004,-10.359281437125754,-9.999999999999998,10,13,
percentile,241710.KQ,2024-01-10,42000.0,96.99248120300751,2024-01-11,42000.0,589.0,589.0,False,37800.0,49476.0,24787476.0,2024-01-16,37800.0,STOP,44528.4,-2567804.3999999985,-10.359281437125741,-9.999999999999998,4,5,
percentile,084370.KQ,2024-01-12,42450.0,72.93233082706767,2024-01-15,42500.0,565.0,565.0,False,38250.0,48025.0,24060525.0,2024-01-17,41350.0,EXIT_MA,46725.5,-744500.5,-3.09428202418692,-2.70588235294118,2,2,2024-01-16
percentile,196170.KQ,2023-12-21,67769.23438,90.97744360902256,2023-12-22,66923.07812,376.0,376.0,False,60230.77030800001,50326.154746240005,25213403.527866244,2024-01-19,60230.77030800001,STOP,45293.539271616006,-2611927.4313298576,-10.359281437125754,-9.999999999999998,18,28,
percentile,141080.KQ,2023-12-01,49000.0,75.93984962406014,2023-12-04,49000.0,527.0,527.0,False,44100.0,51646.0,25874646.0,2024-01-22,50000.0,EXIT_MA,52700.0,422654.0,1.6334677583608292,2.0408163265306145,32,49,2024-01-19
percentile,036830.KQ,2023-12-04,42300.0,79.69924812030075,2023-12-05,42000.0,596.0,596.0,False,37800.0,50064.0,25082064.0,2024-01-23,40100.0,EXIT_MA,47799.200000000004,-1230263.1999999993,-4.904952000760381,-4.523809523809518,32,49,2024-01-22
percentile,253590.KQ,2024-01-22,14270.0,98.49624060150376,2024-01-23,13790.0,1797.0,1797.0,False,12411.0,49561.26,24830191.26,2024-01-24,12411.0,STOP,44605.134,-2572229.3940000013,-10.359281437125754,-9.999999999999998,2,1,
percentile,124500.KQ,2024-01-22,10320.0,97.74436090225564,2024-01-23,10100.0,2485.0,2485.0,False,9090.0,50197.0,25148697.0,2024-01-24,9090.0,STOP,45177.3,-2605224.3000000007,-10.359281437125752,-9.999999999999998,2,1,
percentile,093320.KQ,2024-01-19,119000.0,88.7218045112782,2024-01-22,124000.0,208.0,208.0,False,111600.0,51584.0,25843584.0,2024-01-26,111600.0,STOP,46425.6,-2677209.6000000015,-10.359281437125754,-9.999999999999998,5,4,
percentile,357780.KQ,2023-12-01,289000.0,72.93233082706767,2023-12-04,288000.0,89.0,89.0,False,259200.0,51264.0,25683264.0,2024-01-29,283000.0,EXIT_MA,50374.0,-546638.0,-2.1283821246396095,-1.736111111111116,37,56,2024-01-26
percentile,257720.KQ,2024-01-09,8640.0,87.21804511278195,2024-01-10,8690.0,6.0,2917.0,True,7821.0,104.28,52244.28,2024-01-29,8140.0,EXIT_MA,97.68,-3501.959999999999,-6.703049597008513,-6.329113924050633,13,19,2024-01-26
percentile,039030.KQ,2024-01-19,183900.0,87.21804511278195,2024-01-22,194000.0,135.0,135.0,False,174600.0,52380.0,26242380.0,2024-01-29,174600.0,STOP,47142.0,-2718522.0,-10.359281437125748,-9.999999999999998,6,7,
percentile,323280.KQ,2024-01-23,5210.0,94.73684210526315,2024-01-24,5160.0,4825.0,4825.0,False,4644.0,49794.0,24946794.0,2024-01-29,4644.0,STOP,44814.6,-2584308.6000000015,-10.359281437125754,-9.999999999999998,4,5,
percentile,065350.KQ,2024-01-26,89500.0,99.24812030075188,2024-01-29,91900.0,271.0,271.0,False,82710.0,49809.8,24954709.8,2024-01-29,82710.0,STOP,44828.82,-2585128.620000001,-10.359281437125754,-9.999999999999998,1,0,
percentile,403870.KQ,2024-01-23,51000.0,93.23308270676691,2024-01-24,50300.0,492.0,492.0,False,45270.0,49495.200000000004,24797095.2,2024-01-30,45270.0,STOP,44545.68,-2568800.879999999,-10.359281437125745,-9.999999999999998,5,6,
percentile,058470.KQ,2023-12-05,40900.0,75.18796992481202,2023-12-06,40700.0,599.0,599.0,False,36630.0,48758.6,24428058.6,2024-02-01,39720.0,EXIT_MA,47584.56,-683363.1600000001,-2.7974517794877083,-2.4078624078624045,38,57,2024-01-31
percentile,031980.KQ,2024-01-22,29400.0,93.98496240601504,2024-01-23,29500.0,872.0,872.0,False,26550.0,51448.0,25775448.0,2024-02-01,26550.0,STOP,46303.200000000004,-2670151.1999999993,-10.359281437125746,-9.999999999999998,8,9,
percentile,084370.KQ,2024-01-25,46600.0,78.19548872180451,2024-01-26,45650.0,543.0,543.0,False,41085.0,49575.9,24837525.9,2024-02-01,41085.0,STOP,44618.31,-2572989.209999997,-10.359281437125738,-9.999999999999998,5,6,
percentile,252990.KQ,2024-02-06,8160.0,89.47368421052632,2024-02-07,8810.0,2823.0,2823.0,False,7929.0,49741.26,24920371.26,2024-02-07,7929.0,STOP,44767.134,-2581571.3940000013,-10.359281437125754,-9.999999999999998,1,0,
percentile,036830.KQ,2024-02-06,53700.0,93.23308270676691,2024-02-07,53100.0,429.0,429.0,False,47790.0,45559.8,22825459.8,2024-02-08,47790.0,STOP,41003.82,-2364553.620000001,-10.359281437125754,-9.999999999999998,2,1,
percentile,425420.KQ,2024-02-08,35200.0,96.2406015037594,2024-02-13,34950.0,668.0,668.0,False,31455.0,46693.200000000004,23393293.2,2024-02-19,32500.0,EXIT_MA,43420.0,-1726713.1999999993,-7.3812318139115165,-7.010014306151646,4,6,2024-02-16
percentile,241710.KQ,2024-02-22,42250.0,92.4812030075188,2024-02-23,43400.0,94.0,613.0,True,39060.0,8159.2,4087759.2,2024-02-26,39060.0,STOP,7343.28,-423462.48,-10.359281437125748,-9.999999999999998,2,3,
percentile,403870.KQ,2024-02-13,59300.0,93.98496240601504,2024-02-14,57500.0,404.0,404.0,False,51750.0,46460.0,23276460.0,2024-02-29,51750.0,STOP,41814.0,-2411274.0,-10.359281437125748,-9.999999999999998,12,15,
percentile,067310.KQ,2024-03-04,23128.27344,78.94736842105263,2024-03-05,23382.42969,890.0,1152.0,True,21044.186721000002,41620.7248482,20851983.1489482,2024-03-08,22958.83398,EXIT_MA,40866.724484399994,-459487.63123260066,-2.2035680153318067,-1.811598348058585,3,3,2024-03-07
percentile,036830.KQ,2024-02-14,64500.0,93.98496240601504,2024-02-15,66000.0,378.0,378.0,False,59400.0,49896.0,24997896.0,2024-03-12,59400.0,STOP,44906.4,-2589602.3999999985,-10.359281437125741,-9.999999999999998,18,26,
percentile,141080.KQ,2024-03-08,79000.0,89.47368421052632,2024-03-11,81500.0,249.0,343.0,True,73350.0,40587.0,20334087.0,2024-03-13,73350.0,STOP,36528.3,-2106465.3000000007,-10.359281437125752,-9.999999999999998,3,2,
percentile,080220.KQ,2024-01-03,17800.0,100.0,2024-01-04,17800.0,1430.0,1430.0,False,16020.0,50908.0,25504908.0,2024-03-14,25850.0,EXIT_MA,73931.0,11386661.0,44.64497970351432,45.2247191011236,47,70,2024-03-13
percentile,122640.KQ,2024-02-27,22300.0,90.97744360902256,2024-02-28,22250.0,164.0,1161.0,True,20025.0,7298.0,3656298.0,2024-03-15,19660.0,STOP,6448.4800000000005,-438506.48,-11.99318217497589,-11.64044943820225,12,16,
percentile,950160.KQ,2024-03-18,13430.0,79.69924812030075,2024-03-19,13420.0,2112.0,2112.0,False,12078.0,56686.08,28399726.08,2024-03-20,12078.0,STOP,51017.472,-2942007.5519999973,-10.35928143712574,-9.999999999999998,2,1,
percentile,204270.KQ,2024-02-20,12760.0,72.93233082706767,2024-02-21,12630.0,1973.0,1973.0,False,11367.0,49837.98,24968827.98,2024-03-22,11367.0,STOP,44854.182,-2586591.1620000005,-10.35928143712575,-9.999999999999998,22,30,
percentile,425420.KQ,2024-03-20,43100.0,94.73684210526315,2024-03-21,43550.0,650.0,650.0,False,39195.0,56615.0,28364115.0,2024-03-25,39195.0,STOP,50953.5,-2938318.5,-10.359281437125748,-9.999999999999998,3,4,
percentile,204270.KQ,2024-04-01,14830.0,79.69924812030075,2024-04-02,15800.0,1179.0,1949.0,True,14220.0,37256.4,18665456.4,2024-04-02,14220.0,STOP,33530.76,-1933607.1599999983,-10.359281437125741,-9.999999999999998,1,0,
percentile,065350.KQ,2024-02-05,102300.0,100.0,2024-02-06,98900.0,221.0,221.0,False,89010.0,43713.8,21900613.8,2024-04-05,107700.0,EXIT_MA,47603.4,1853482.8000000007,8.463154580626414,8.897876643073822,40,59,2024-04-04
percentile,232140.KQ,2024-02-28,6690.0,87.96992481203007,2024-02-29,6530.0,1.0,3861.0,True,5877.0,13.06,6543.06,2024-04-09,6310.0,EXIT_MA,12.620000000000001,-245.6800000000003,-3.7548180820594688,-3.369065849923425,27,40,2024-04-08
percentile,277810.KQ,2024-03-19,190100.0,79.69924812030075,2024-03-20,191900.0,147.0,147.0,False,172710.0,56418.6,28265718.6,2024-04-16,171700.0,STOP,50479.8,-3076298.4000000022,-10.883496165563617,-10.526315789473683,19,27,
percentile,131290.KQ,2024-02-13,57000.0,78.19548872180451,2024-02-14,55300.0,420.0,420.0,False,49770.0,46452.0,23272452.0,2024-04-22,57500.0,EXIT_MA,48300.0,829248.0,3.563217146177807,3.9783001808318286,46,68,2024-04-19
percentile,196170.KQ,2024-02-21,72230.76562,90.97744360902256,2024-02-22,71230.76562,340.0,340.0,False,64107.689058,48436.9206216,24266897.2314216,2024-05-07,138307.6875,EXIT_MA,94049.22750000001,22663667.2910784,93.39334598463918,94.16846961584011,49,75,2024-05-03
percentile,204270.KQ,2024-04-05,17100.0,89.47368421052632,2024-04-08,19500.0,1657.0,1657.0,False,17550.0,64623.0,32376123.0,2024-05-10,17550.0,STOP,58160.700000000004,-3353933.6999999993,-10.359281437125746,-9.999999999999998,22,32,
percentile,089030.KQ,2023-11-16,9760.0,82.57575757575758,2023-11-17,9760.0,2657.0,2657.0,False,8784.0,51864.64,25984184.64,2024-05-13,31400.0,EXIT_MA,166859.6,57278755.760000005,220.43699486273357,221.72131147540983,117,178,2024-05-10
percentile,252990.KQ,2024-04-12,8030.0,78.94736842105263,2024-04-15,7920.0,1.0,3713.0,True,7128.0,15.84,7935.84,2024-05-13,7290.0,EXIT_MA,14.58,-660.4200000000001,-8.321992378878607,-7.954545454545459,18,28,2024-05-10
percentile,028300.KQ,2024-02-19,78800.0,96.2406015037594,2024-02-20,79300.0,305.0,305.0,False,71370.0,48373.0,24234873.0,2024-05-14,100000.0,EXIT_MA,61000.0,6204127.0,25.59999798637278,26.103404791929385,56,84,2024-05-13
percentile,145020.KQ,2024-02-15,169500.0,73.68421052631578,2024-02-16,168500.0,142.0,142.0,False,151650.0,47854.0,23974854.0,2024-05-17,199900.0,EXIT_MA,56771.6,4354174.3999999985,18.161421963195266,18.63501483679526,60,91,2024-05-16
percentile,171090.KQ,2024-05-08,65700.0,93.23308270676691,2024-05-09,65500.0,229.0,473.0,True,58950.0,29999.0,15029499.0,2024-05-17,58950.0,STOP,26999.100000000002,-1556948.0999999996,-10.359281437125746,-9.999999999999998,6,8,
percentile,119850.KQ,2024-05-13,9860.0,92.4812030075188,2024-05-14,10490.0,3266.0,3266.0,False,9441.0,68520.68000000001,34328860.68,2024-05-17,9441.0,STOP,61668.612,-3556223.2919999994,-10.359281437125748,-9.999999999999998,3,3,
percentile,036830.KQ,2024-05-07,71600.0,90.22556390977444,2024-05-08,71300.0,446.0,446.0,False,64170.0,63599.6,31863399.6,2024-05-21,64170.0,STOP,57239.64,-3300819.240000002,-10.359281437125754,-9.999999999999998,9,13,
percentile,950160.KQ,2024-05-23,14650.0,76.69172932330827,2024-05-24,15660.0,2264.0,2264.0,False,14094.0,70908.48,35525148.48,2024-05-24,14094.0,STOP,63817.632,-3680150.111999996,-10.359281437125738,-9.999999999999998,1,0,
percentile,058470.KQ,2024-03-11,48500.0,74.43609022556392,2024-03-12,47800.0,1.0,554.0,True,43020.0,95.60000000000001,47895.6,2024-05-27,52700.0,EXIT_MA,105.4,4699.0,9.81092208887664,10.251046025104603,50,76,2024-05-24
percentile,183300.KQ,2024-04-11,16180.0,79.69924812030075,2024-04-12,16180.0,501.0,1814.0,True,14562.0,16212.36,8122392.36,2024-06-04,16900.0,EXIT_MA,16933.8,327573.8399999989,4.032972374163896,4.449938195302838,34,53,2024-06-03
percentile,178320.KQ,2024-05-23,30900.0,83.45864661654136,2024-05-24,30050.0,1073.0,1073.0,False,27045.0,64487.3,32308137.3,2024-06-24,27045.0,STOP,58038.57,-3346890.870000001,-10.359281437125752,-9.999999999999998,21,31,
percentile,033790.KQ,2024-06-21,10720.0,100.0,2024-06-24,10990.0,1.0,3740.0,True,9891.0,21.98,11011.98,2024-06-25,9891.0,STOP,19.782,-1140.7619999999988,-10.359281437125738,-9.999999999999998,2,1,
percentile,102710.KQ,2024-05-30,30850.0,70.67669172932331,2024-05-31,30550.0,1105.0,1105.0,False,27495.0,67515.5,33825265.5,2024-06-26,28800.0,EXIT_MA,63648.0,-2064913.5,-6.104648313846938,-5.728314238952537,17,26,2024-06-25
percentile,083650.KQ,2024-05-22,10180.0,70.67669172932331,2024-05-23,10190.0,3212.0,3212.0,False,9171.0,65460.560000000005,32795740.56,2024-07-02,9620.0,EXIT_MA,61798.880000000005,-1958099.4399999976,-5.970590712588555,-5.593719332679092,27,40,2024-07-01
percentile,039200.KQ,2024-07-01,41400.0,84.32835820895522,2024-07-02,40950.0,752.0,927.0,True,36855.0,61588.8,30855988.8,2024-07-02,36855.0,STOP,55429.92,-3196458.7200000025,-10.359281437125755,-9.999999999999998,1,0,
percentile,099320.KQ,2024-04-24,49300.0,80.45112781954887,2024-04-25,48950.0,491.0,609.0,True,44055.0,48068.9,24082518.9,2024-07-03,51600.0,EXIT_MA,50671.200000000004,1202409.9000000022,4.992874312661714,5.413687436159353,45,69,2024-07-02
percentile,032820.KQ,2024-05-23,2250.0,84.21052631578947,2024-05-24,2220.0,14747.0,14747.0,False,1998.0,65476.68,32803816.68,2024-07-03,1998.0,STOP,58929.012,-3398239.691999998,-10.359281437125741,-9.999999999999998,28,40,
percentile,232140.KQ,2024-04-18,9460.0,91.72932330827066,2024-04-19,9770.0,2573.0,3234.0,True,8793.0,50276.42,25188486.42,2024-07-04,16100.0,EXIT_MA,82850.6,16153962.979999997,64.13232899605087,64.79017400204708,50,76,2024-07-03
percentile,204270.KQ,2024-07-04,31250.0,94.02985074626866,2024-07-05,30950.0,1236.0,1236.0,False,27855.0,76508.40000000001,38330708.4,2024-07-05,27855.0,STOP,68857.56,-3970785.960000001,-10.359281437125752,-9.999999999999998,1,0,
percentile,095610.KQ,2024-06-26,26500.0,70.8955223880597,2024-06-27,26400.0,784.0,1488.0,True,23760.0,41395.200000000004,20738995.2,2024-07-11,23760.0,STOP,37255.68,-2148410.879999999,-10.359281437125743,-9.999999999999998,11,14,
percentile,028300.KQ,2024-07-05,93100.0,88.80597014925374,2024-07-08,95400.0,359.0,410.0,True,85860.0,68497.2,34317097.2,2024-07-12,85500.0,STOP,61389.0,-3683986.200000003,-10.73513350657177,-10.377358490566035,5,4,
percentile,323280.KQ,2024-05-09,4900.0,80.45112781954887,2024-05-10,4865.0,12.0,6553.0,True,4378.5,116.76,58496.76,2024-07-16,8510.0,EXIT_MA,204.24,43418.99999999999,74.22462372274975,74.9229188078109,45,67,2024-07-15
percentile,178320.KQ,2024-07-03,34050.0,87.31343283582089,2024-07-04,34150.0,1135.0,1135.0,False,30735.0,77520.5,38837770.5,2024-07-16,30735.0,STOP,69768.45,-4023313.950000003,-10.359281437125755,-9.999999999999998,9,12,
percentile,032820.KQ,2024-07-09,2825.0,85.82089552238806,2024-07-10,2925.0,2.0,14076.0,True,2632.5,11.700000000000001,5861.7,2024-07-17,2632.5,STOP,10.53,-607.2299999999996,-10.359281437125741,-9.999999999999998,6,7,
percentile,031980.KQ,2024-02-08,33000.0,94.73684210526315,2024-02-13,34400.0,712.0,712.0,False,30960.0,48985.6,24541785.6,2024-07-18,58000.0,EXIT_MA,82592.0,16671622.399999999,67.93157870305899,68.6046511627907,106,156,2024-07-17
percentile,950160.KQ,2024-07-12,18120.0,85.07462686567165,2024-07-15,18490.0,2087.0,2087.0,False,16641.0,77177.26,38665807.26,2024-07-18,16641.0,STOP,69459.534,-4005499.7939999998,-10.359281437125748,-9.999999999999998,4,3,
percentile,214150.KQ,2024-06-12,53800.0,79.8507462686567,2024-06-13,53800.0,1.0,720.0,True,48420.0,107.60000000000001,53907.6,2024-07-19,48420.0,STOP,96.84,-5584.439999999995,-10.35928143712574,-9.999999999999998,27,36,
percentile,089030.KQ,2024-05-20,41000.0,98.49624060150376,2024-05-21,40800.0,801.0,801.0,False,36720.0,65361.6,32746161.6,2024-07-24,49500.0,EXIT_MA,79299.0,6824039.3999999985,20.839203945051068,21.323529411764696,45,64,2024-07-23
percentile,087010.KQ,2024-07-19,81000.0,97.76119402985076,2024-07-22,82000.0,449.0,449.0,False,73800.0,73636.0,36891636.0,2024-07-25,73800.0,STOP,66272.4,-3821708.3999999985,-10.359281437125745,-9.999999999999998,4,3,
percentile,257720.KQ,2024-03-20,10750.0,90.22556390977444,2024-03-21,10670.0,1983.0,2607.0,True,9603.0,42317.22,21200927.22,2024-07-26,42950.0,EXIT_MA,170339.7,63798583.08,300.923551210606,302.5304592314901,86,127,2024-07-25
percentile,033100.KQ,2024-03-27,37900.0,93.23308270676691,2024-03-28,37900.0,767.0,767.0,False,34110.0,58138.6,29127438.6,2024-07-30,79000.0,EXIT_MA,121186.0,31344375.4,107.61116289847743,108.44327176781002,83,124,2024-07-29
percentile,298380.KQ,2024-07-30,31350.0,81.34328358208955,2024-07-31,31650.0,1122.0,1122.0,False,28485.0,71022.6,35582322.6,2024-07-31,28485.0,STOP,63920.340000000004,-3686072.9400000013,-10.359281437125752,-9.999999999999998,1,0,
percentile,241710.KQ,2024-05-23,49350.0,89.47368421052632,2024-05-24,49100.0,672.0,672.0,False,44190.0,65990.4,33061190.4,2024-08-05,70100.0,EXIT_MA,94214.40000000001,13951795.200000003,42.1999178831746,42.769857433808546,50,73,2024-08-02
percentile,253590.KQ,2024-06-26,12270.0,91.04477611940298,2024-06-27,12410.0,3215.0,3215.0,False,11169.0,79796.3,39977946.3,2024-08-05,11080.0,EXIT_MA,71244.40000000001,-4426990.6999999955,-11.073582086431479,-10.71716357775987,27,39,2024-08-02
percentile,060370.KQ,2024-07-08,19700.0,88.80597014925374,2024-07-09,19500.0,2.0,1980.0,True,17550.0,78.0,39078.0,2024-08-05,18100.0,EXIT_MA,72.4,-2950.4000000000015,-7.550028148830548,-7.179487179487176,19,27,2024-08-02
percentile,000250.KQ,2024-07-03,181800.0,90.29850746268657,2024-07-04,179000.0,212.0,212.0,False,161100.0,75896.0,38023896.0,2024-08-05,161100.0,STOP,68306.4,-3939002.3999999985,-10.359281437125745,-9.999999999999998,23,32,
percentile,039200.KQ,2024-07-04,42000.0,82.83582089552239,2024-07-05,42000.0,202.0,919.0,True,37800.0,16968.0,8500968.0,2024-08-05,37800.0,STOP,15271.2,-880639.2000000002,-10.35928143712575,-9.999999999999998,22,31,
percentile,033790.KQ,2024-07-19,13500.0,100.0,2024-07-22,13550.0,2694.0,2694.0,False,12195.0,73007.40000000001,36576707.4,2024-08-05,12195.0,STOP,65706.66,-3789084.0599999987,-10.359281437125745,-9.999999999999998,11,14,
percentile,145020.KQ,2024-07-24,246500.0,82.83582089552239,2024-07-25,240000.0,149.0,149.0,False,216000.0,71520.0,35831520.0,2024-08-05,216000.0,STOP,64368.0,-3711888.0,-10.359281437125748,-9.999999999999998,8,11,
percentile,141080.KQ,2024-07-30,89300.0,90.29850746268657,2024-07-31,89700.0,394.0,394.0,False,80730.0,70683.6,35412483.6,2024-08-05,80500.0,STOP,63434.0,-3758917.6000000015,-10.614668099698044,-10.256410256410254,4,5,
percentile,196170.KQ,2024-06-07,206923.0781,96.99248120300751,2024-06-10,203846.1562,82.0,177.0,True,183461.54058,33430.7696168,16748815.578016799,2024-08-06,214230.7656,EXIT_MA,35133.845558400004,782973.3556248024,4.674798357995372,5.0943366279673,41,57,2024-08-05
percentile,323280.KQ,2024-08-16,18310.0,99.25373134328358,2024-08-19,18150.0,1773.0,1773.0,False,16335.0,64359.9,32244309.9,2024-08-19,16335.0,STOP,57923.91,-3340278.8099999987,-10.359281437125745,-9.999999999999998,1,0,
percentile,084370.KQ,2024-08-16,51600.0,74.6268656716418,2024-08-19,51600.0,629.0,629.0,False,46440.0,64912.8,32521312.8,2024-08-29,46440.0,STOP,58421.520000000004,-3368974.3200000003,-10.359281437125748,-9.999999999999998,9,10,
percentile,145020.KQ,2024-08-19,286500.0,91.7910447761194,2024-08-20,289000.0,111.0,111.0,False,260100.0,64158.0,32143158.0,2024-09-02,260100.0,STOP,57742.200000000004,-3329800.1999999993,-10.359281437125746,-9.999999999999998,10,13,
percentile,310210.KQ,2024-08-26,83500.0,94.11764705882352,2024-08-27,87200.0,385.0,385.0,False,78480.0,67144.0,33639144.0,2024-09-04,77200.0,STOP,59444.0,-3976588.0,-11.821311505429508,-11.467889908256879,7,8,
percentile,298380.KQ,2024-08-26,32900.0,88.97058823529412,2024-08-27,32900.0,977.0,977.0,False,29610.0,64286.6,32207586.6,2024-09-04,29100.0,STOP,56861.4,-3833748.0,-11.903245181369783,-11.550151975683887,7,8,
percentile,032820.KQ,2024-09-13,2440.0,89.70588235294117,2024-09-19,2550.0,12806.0,12806.0,False,2295.0,65310.6,32720610.6,2024-09-24,2295.0,STOP,58779.54,-3389620.1400000006,-10.35928143712575,-9.999999999999998,4,5,
percentile,257720.KQ,2024-09-20,45950.0,98.52941176470588,2024-09-23,46350.0,692.0,692.0,False,41715.0,64148.4,32138348.4,2024-10-04,43450.0,EXIT_MA,60134.8,-2131083.1999999993,-6.630966761191746,-6.256742179072273,7,11,2024-10-02
percentile,388720.KQ,2024-10-07,38500.0,90.44117647058823,2024-10-08,38350.0,822.0,822.0,False,34515.0,63047.4,31586747.4,2024-10-16,34515.0,STOP,56742.66,-3272160.0599999987,-10.359281437125745,-9.999999999999998,6,8,
percentile,347700.KQ,2024-10-14,3975.0,93.38235294117648,2024-10-15,3975.0,8242.0,8242.0,False,3577.5,65523.9,32827473.9,2024-10-18,3577.5,STOP,58971.51,-3400690.41,-10.359281437125748,-9.999999999999998,4,3,
percentile,323280.KQ,2024-10-08,37600.0,100.0,2024-10-10,37600.0,842.0,842.0,False,33840.0,63318.4,31722518.4,2024-10-22,33840.0,STOP,56986.56,-3286224.959999997,-10.359281437125741,-9.999999999999998,9,12,
percentile,950160.KQ,2024-10-11,16910.0,89.70588235294117,2024-10-14,17300.0,1934.0,1934.0,False,15570.0,66916.4,33525116.4,2024-10-22,15570.0,STOP,60224.76,-3472961.16,-10.359281437125748,-9.999999999999998,7,8,
percentile,237690.KQ,2024-08-19,100300.0,73.88059701492537,2024-08-20,97700.0,319.0,319.0,False,87930.0,62332.6,31228632.6,2024-10-23,101900.0,EXIT_MA,65012.200000000004,1212455.1999999993,3.8825113335253723,4.298874104401218,40,64,2024-10-22
percentile,039200.KQ,2024-10-15,42250.0,83.08823529411765,2024-10-16,41850.0,503.0,788.0,True,37665.0,42101.1,21092651.1,2024-10-23,37600.0,EXIT_MA,37825.6,-2217676.700000003,-10.513978017680303,-10.15531660692951,5,7,2024-10-22
percentile,087010.KQ,2024-10-17,100600.0,97.05882352941177,2024-10-18,100600.0,281.0,329.0,True,90540.0,56537.200000000004,28325137.2,2024-10-23,90540.0,STOP,50883.48,-2934280.6799999997,-10.359281437125748,-9.999999999999998,4,5,
percentile,214150.KQ,2024-09-10,54800.0,88.23529411764706,2024-09-11,54500.0,568.0,568.0,False,49050.0,61912.0,31017912.0,2024-10-25,51100.0,EXIT_MA,58049.6,-2051161.6000000015,-6.61282938709737,-6.238532110091743,26,44,2024-10-24
percentile,115180.KQ,2024-10-18,5280.0,80.88235294117648,2024-10-21,5640.0,5212.0,6209.0,True,5076.0,58791.36,29454471.36,2024-10-25,5076.0,STOP,52912.224,-3051271.583999999,-10.359281437125745,-9.999999999999998,5,4,
percentile,298380.KQ,2024-10-11,40500.0,91.17647058823529,2024-10-14,40050.0,807.0,807.0,False,36045.0,64640.700000000004,32384990.7,2024-10-28,36045.0,STOP,58176.630000000005,-3354852.329999998,-10.359281437125743,-9.999999999999998,11,14,
percentile,145020.KQ,2024-10-15,286000.0,89.70588235294117,2024-10-16,285000.0,116.0,116.0,False,256500.0,66120.0,33126120.0,2024-11-04,256500.0,STOP,59508.0,-3431628.0,-10.359281437125748,-9.999999999999998,14,19,
percentile,226950.KQ,2024-10-08,21600.0,93.38235294117648,2024-10-10,21350.0,1467.0,1467.0,False,19215.0,62640.9,31383090.9,2024-11-06,19215.0,STOP,56376.81,-3251062.709999997,-10.359281437125741,-9.999999999999998,20,27,
percentile,145020.KQ,2024-11-06,321000.0,92.64705882352942,2024-11-07,313000.0,99.0,99.0,False,281700.0,61974.0,31048974.0,2024-11-11,281700.0,STOP,55776.6,-3216450.6000000015,-10.359281437125754,-9.999999999999998,3,4,
percentile,083650.KQ,2024-11-12,15040.0,93.38235294117648,2024-11-13,15920.0,2125.0,2125.0,False,14328.0,67660.0,33897660.0,2024-11-13,14328.0,STOP,60894.0,-3511554.0,-10.359281437125748,-9.999999999999998,1,0,
percentile,251970.KQ,2024-11-06,39350.0,79.41176470588235,2024-11-07,39250.0,811.0,811.0,False,35325.0,63663.5,31895413.5,2024-11-15,35325.0,STOP,57297.15,-3304135.6499999985,-10.359281437125743,-9.999999999999998,7,8,
percentile,214450.KQ,2024-08-07,166900.0,81.34328358208955,2024-08-08,169900.0,193.0,193.0,False,152910.0,65581.4,32856281.4,2024-11-19,208500.0,EXIT_MA,80481.0,7303737.6000000015,22.229349423577805,22.719246615656274,66,103,2024-11-18
percentile,141080.KQ,2024-09-20,104900.0,94.11764705882352,2024-09-23,105600.0,303.0,303.0,False,95040.0,63993.6,32060793.6,2024-11-20,109700.0,EXIT_MA,66478.2,1111828.1999999993,3.467874856347908,3.882575757575757,39,58,2024-11-19
percentile,087010.KQ,2024-11-11,110300.0,98.52941176470588,2024-11-12,113600.0,292.0,292.0,False,102240.0,66342.4,33237542.4,2024-11-20,102240.0,STOP,59708.16,-3443170.5599999987,-10.359281437125745,-9.999999999999998,7,8,
percentile,196170.KQ,2024-09-19,269230.7812,97.79411764705883,2024-09-20,266923.0625,117.0,117.0,False,240230.75625,62459.996625,31292458.309125,2024-11-21,264615.375,EXIT_MA,61919.99775,-394379.4318749979,-1.2603018528588896,-0.8645515596839792,41,62,2024-11-20
percentile,083650.KQ,2024-11-19,17920.0,96.32352941176471,2024-11-20,17760.0,1755.0,1755.0,False,15984.0,62337.6,31231137.6,2024-11-29,15984.0,STOP,56103.840000000004,-3235321.4400000013,-10.359281437125752,-9.999999999999998,8,9,
percentile,226950.KQ,2024-12-04,25200.0,95.58823529411765,2024-12-05,24950.0,1227.0,1227.0,False,22455.0,61227.3,30674877.3,2024-12-17,23000.0,EXIT_MA,56442.0,-2510319.3000000007,-8.18363273453094,-7.815631262525047,8,12,2024-12-16
percentile,007390.KQ,2024-10-23,11310.0,79.41176470588235,2024-10-24,11400.0,2787.0,2787.0,False,10260.0,63543.6,31835343.6,2024-12-27,19920.0,EXIT_MA,111034.08,23570662.32,74.0392898413699,74.73684210526316,45,64,2024-12-26
percentile,388720.KQ,2025-02-07,37600.0,78.98550724637681,2025-02-10,46700.0,936.0,936.0,False,42030.0,87422.40000000001,43798622.4,2025-02-11,42030.0,STOP,78680.16,-4537222.559999995,-10.359281437125738,-9.999999999999998,2,1,
percentile,204270.KQ,2025-02-13,28000.0,87.68115942028986,2025-02-14,27450.0,1322.0,1322.0,False,24705.0,72577.8,36361477.8,2025-02-20,24705.0,STOP,65320.020000000004,-3766787.8199999966,-10.359281437125741,-9.999999999999998,5,6,
percentile,082920.KQ,2025-01-02,11575.0,80.43478260869566,2025-01-03,11525.0,2770.0,2770.0,False,10372.5,63848.5,31988098.5,2025-03-04,11975.0,EXIT_MA,66341.5,1116310.0,3.4897666705634287,3.90455531453362,37,60,2025-02-28
percentile,319400.KQ,2025-01-06,3645.0,75.36231884057972,2025-01-07,3660.0,8929.0,8929.0,False,3294.0,65360.28,32745500.28,2025-03-04,3690.0,EXIT_MA,65896.02,136613.69999999925,0.41719839010503357,0.8196721311475308,35,56,2025-02-28
percentile,226950.KQ,2025-02-28,58800.0,99.27536231884058,2025-03-04,57200.0,625.0,625.0,False,51480.0,71500.0,35821500.0,2025-03-07,51480.0,STOP,64350.0,-3710850.0,-10.359281437125748,-9.999999999999998,4,3,
percentile,083650.KQ,2025-01-22,20900.0,98.55072463768117,2025-01-23,20750.0,1663.0,1663.0,False,18675.0,69014.5,34576264.5,2025-03-11,18640.0,STOP,61996.64,-3639941.1400000006,-10.527282783829932,-10.168674698795177,29,47,
percentile,014620.KQ,2024-11-07,14480.0,72.79411764705883,2024-11-08,14800.0,2191.0,2191.0,False,13320.0,64853.6,32491653.6,2025-03-14,26650.0,EXIT_MA,116780.3,25781716.1,79.34873496250742,80.06756756756756,82,126,2025-03-13
percentile,108490.KQ,2025-03-17,40500.0,92.02898550724638,2025-03-18,40500.0,942.0,942.0,False,36450.0,76302.0,38227302.0,2025-03-19,36300.0,STOP,68389.2,-4101091.200000003,-10.72817328306351,-10.370370370370374,2,1,
percentile,196170.KQ,2025-03-17,338076.9375,89.13043478260869,2025-03-18,348846.1562,112.0,112.0,False,313961.54058000003,78141.5389888,39148911.0333888,2025-03-20,313961.54058000003,STOP,70327.38508992002,-4055545.873518713,-10.359281437125729,-9.999999999999998,3,2,
percentile,082920.KQ,2025-03-18,14325.0,82.6086956521739,2025-03-19,14200.0,2764.0,2764.0,False,12780.0,78497.6,39327297.6,2025-03-21,12750.0,EXIT_MA,70482.0,-4156779.6000000015,-10.56970565910433,-10.2112676056338,2,2,2025-03-20
percentile,298380.KQ,2025-01-16,32850.0,71.01449275362319,2025-01-17,32850.0,1050.0,1050.0,False,29565.0,68985.0,34561485.0,2025-03-24,36900.0,EXIT_MA,77490.0,4106025.0,11.880348891258578,12.328767123287676,41,66,2025-03-21
percentile,310210.KQ,2025-03-04,135000.0,97.10144927536231,2025-03-05,135500.0,222.0,281.0,True,121950.0,60162.0,30141162.0,2025-03-24,121950.0,STOP,54145.8,-3122407.8000000007,-10.359281437125752,-9.999999999999998,14,19,
percentile,023160.KQ,2024-12-19,18210.0,86.86131386861314,2024-12-20,18200.0,1722.0,1722.0,False,16380.0,62680.8,31403080.8,2025-03-25,21900.0,EXIT_MA,75423.6,6233295.599999998,19.84931236428242,20.329670329670325,59,95,2025-03-24
percentile,347700.KQ,2025-01-22,5000.0,97.10144927536231,2025-01-23,4925.0,6953.0,6953.0,False,4432.5,68487.05,34312012.05,2025-04-07,6800.0,EXIT_MA,94560.8,12873827.150000006,37.51988408968867,38.07106598984771,47,74,2025-04-04
percentile,041510.KQ,2025-04-04,115900.0,89.13043478260869,2025-04-07,113300.0,314.0,314.0,False,101970.0,71152.40000000001,35647352.4,2025-04-09,101970.0,STOP,64037.16,-3692809.5599999987,-10.359281437125745,-9.999999999999998,3,2,
percentile,053800.KQ,2025-04-04,93900.0,86.23188405797102,2025-04-07,98000.0,388.0,388.0,False,88200.0,76048.0,38100048.0,2025-04-09,88200.0,STOP,68443.2,-3946891.200000003,-10.359281437125755,-9.999999999999998,3,2,
percentile,122870.KQ,2025-02-20,60200.0,80.43478260869566,2025-02-21,61100.0,532.0,606.0,True,54990.0,65010.4,32570210.4,2025-04-10,60200.0,EXIT_MA,64052.8,-607863.1999999993,-1.8663164669025265,-1.4729950900163713,33,48,2025-04-09
percentile,007390.KQ,2025-04-10,32000.0,99.28057553956835,2025-04-11,31750.0,1149.0,1149.0,False,28575.0,72961.5,36553711.5,2025-04-15,28575.0,STOP,65665.35,-3786701.8500000015,-10.359281437125754,-9.999999999999998,3,4,
percentile,437730.KQ,2025-04-17,13370.0,81.29496402877699,2025-04-18,13860.0,2932.0,2932.0,False,12474.0,81275.04000000001,40718795.04,2025-04-22,12474.0,STOP,73147.53600000001,-4218174.575999998,-10.359281437125743,-9.999999999999998,3,4,
percentile,124500.KQ,2025-04-21,6950.0,82.73381294964028,2025-04-22,7060.0,5613.0,5613.0,False,6354.0,79255.56,39707035.56,2025-04-23,6354.0,STOP,71330.004,-4113363.564000003,-10.359281437125755,-9.999999999999998,2,1,
percentile,007390.KQ,2025-04-22,33250.0,98.56115107913669,2025-04-23,34000.0,1167.0,1167.0,False,30600.0,79356.0,39757356.0,2025-04-23,30600.0,STOP,71420.40000000001,-4118576.3999999985,-10.359281437125745,-9.999999999999998,1,0,
percentile,388720.KQ,2025-04-02,72300.0,97.10144927536231,2025-04-03,77000.0,504.0,504.0,False,69300.0,77616.0,38885616.0,2025-04-28,69300.0,STOP,69854.4,-4028270.3999999985,-10.359281437125745,-9.999999999999998,18,25,
percentile,437730.KQ,2025-04-22,14700.0,87.76978417266187,2025-04-23,14950.0,2641.0,2641.0,False,13455.0,78965.90000000001,39561915.9,2025-04-28,13455.0,STOP,71069.31,-4098330.210000001,-10.359281437125752,-9.999999999999998,4,5,
percentile,950160.KQ,2024-12-02,19700.0,94.11764705882352,2024-12-03,20500.0,1555.0,1555.0,False,18450.0,63755.0,31941255.0,2025-04-29,42000.0,EXIT_MA,130620.0,33238125.0,104.06017233825034,104.8780487804878,97,147,2025-04-28
percentile,041960.KQ,2025-04-29,6680.0,89.92805755395683,2025-04-30,6680.0,5853.0,5853.0,False,6012.0,78196.08,39176236.08,2025-04-30,6012.0,STOP,70376.472,-4058376.552000001,-10.359281437125752,-9.999999999999998,1,0,
percentile,145020.KQ,2025-02-14,288000.0,75.36231884057972,2025-02-17,292500.0,69.0,128.0,True,263250.0,40365.0,20222865.0,2025-05-20,344000.0,EXIT_MA,47472.0,3465663.0,17.137349233157618,17.606837606837612,62,92,2025-05-19
percentile,319400.KQ,2025-04-24,4325.0,80.57553956834532,2025-04-25,4305.0,8982.0,8982.0,False,3874.5,77335.02,38744845.02,2025-05-29,3874.5,STOP,69601.518,-4013687.5380000025,-10.359281437125754,-9.999999999999998,22,34,
percentile,087010.KQ,2025-04-01,106500.0,97.10144927536231,2025-04-02,106500.0,344.0,344.0,False,95850.0,73272.0,36709272.0,2025-06-05,154100.0,EXIT_MA,106020.8,16195107.200000003,44.117211586217245,44.69483568075117,42,64,2025-06-04
percentile,108490.KQ,2025-06-04,68100.0,99.28571428571429,2025-06-05,68100.0,612.0,612.0,False,61290.0,83354.40000000001,41760554.4,2025-06-09,61290.0,STOP,75018.96,-4326093.359999999,-10.359281437125748,-9.999999999999998,2,4,
percentile,298380.KQ,2025-04-08,51000.0,93.5251798561151,2025-04-09,49850.0,696.0,696.0,False,44865.0,69391.2,34764991.2,2025-06-25,66800.0,EXIT_MA,92985.6,11634823.199999996,33.46706787027748,34.00200601805417,50,77,2025-06-24
percentile,041960.KQ,2025-06-26,5650.0,70.71428571428572,2025-06-27,5610.0,3.0,8004.0,True,5049.0,33.660000000000004,16863.66,2025-06-30,5370.0,EXIT_MA,32.22,-785.8799999999992,-4.66019831993766,-4.278074866310155,1,3,2025-06-27
percentile,388720.KQ,2025-06-24,82400.0,92.85714285714286,2025-06-25,81500.0,568.0,573.0,True,73350.0,92584.0,46384584.0,2025-07-04,73350.0,STOP,83325.6,-4805109.6000000015,-10.359281437125752,-9.999999999999998,8,9,
percentile,090710.KQ,2025-06-27,3130.0,85.71428571428571,2025-06-30,3290.0,5.0,14506.0,True,2961.0,32.9,16482.9,2025-07-04,2961.0,STOP,29.61,-1707.510000000002,-10.35928143712576,-9.999999999999998,5,4,
percentile,347700.KQ,2025-04-17,8360.0,99.28057553956835,2025-04-18,8360.0,4690.0,4690.0,False,7524.0,78416.8,39286816.8,2025-07-07,9400.0,EXIT_MA,88172.0,4711011.200000003,11.99132834808852,12.440191387559807,51,80,2025-07-04
percentile,251970.KQ,2025-05-08,59800.0,87.05035971223022,2025-05-09,58900.0,646.0,646.0,False,53010.0,76098.8,38125498.8,2025-07-07,56100.0,EXIT_MA,72481.2,-1957380.0,-5.134044305277391,-4.753820033955858,39,59,2025-07-04
percentile,096530.KQ,2025-04-24,26950.0,72.66187050359713,2025-04-25,26900.0,1441.0,1441.0,False,24210.0,77525.8,38840425.8,2025-07-09,31250.0,EXIT_MA,90062.5,6100761.700000003,15.707247215605971,16.17100371747211,48,75,2025-07-08
percentile,083650.KQ,2025-04-28,25600.0,94.24460431654677,2025-04-29,25250.0,1491.0,1491.0,False,22725.0,75295.5,37723045.5,2025-07-14,37000.0,EXIT_MA,110334.0,17333620.5,45.94968478883816,46.53465346534653,49,76,2025-07-11
percentile,115180.KQ,2025-02-24,6100.0,81.15942028985508,2025-02-25,6240.0,4.0,5877.0,True,5616.0,49.92,25009.92,2025-07-15,11000.0,EXIT_MA,88.0,18902.08,75.57833051845029,76.28205128205127,94,140,2025-07-14
percentile,214370.KQ,2025-07-14,43000.0,84.50704225352112,2025-07-15,50300.0,1.0,1079.0,True,45270.0,100.60000000000001,50400.6,2025-07-16,45270.0,STOP,90.54,-5221.139999999999,-10.359281437125748,-9.999999999999998,2,1,
percentile,124500.KQ,2025-05-12,7850.0,85.61151079136691,2025-05-13,8020.0,2283.0,4820.0,True,7218.0,36619.32,18346279.32,2025-07-21,18650.0,EXIT_MA,85155.90000000001,24146514.78,131.61532297002006,132.5436408977556,47,69,2025-07-18
percentile,290650.KQ,2025-07-08,32000.0,76.59574468085107,2025-07-09,32000.0,1418.0,1418.0,False,28800.0,90752.0,45466752.0,2025-07-21,28800.0,STOP,81676.8,-4710028.799999997,-10.359281437125741,-9.999999999999998,9,12,
percentile,347700.KQ,2025-07-15,12030.0,97.1830985915493,2025-07-16,11780.0,1.0,3932.0,True,10602.0,23.56,11803.56,2025-07-21,10602.0,STOP,21.204,-1222.7639999999992,-10.359281437125741,-9.999999999999998,4,5,
percentile,095610.KQ,2025-07-16,27800.0,71.12676056338029,2025-07-17,27700.0,1.0,1668.0,True,24930.0,55.4,27755.4,2025-07-23,24930.0,STOP,49.86,-2875.260000000002,-10.359281437125755,-9.999999999999998,5,6,
percentile,044490.KQ,2025-07-21,43150.0,95.1048951048951,2025-07-22,41150.0,989.0,1073.0,True,37035.0,81394.7,40778744.7,2025-07-23,37035.0,STOP,73255.23,-4224384.93,-10.359281437125748,-9.999999999999998,2,1,
percentile,122870.KQ,2025-05-09,74400.0,90.64748201438849,2025-05-12,73500.0,517.0,517.0,False,66150.0,75999.0,38075499.0,2025-07-24,85100.0,EXIT_MA,87993.40000000001,5833207.6000000015,15.320108083153425,15.782312925170071,51,73,2025-07-23
percentile,032190.KQ,2025-05-29,16100.0,80.0,2025-05-30,16160.0,2145.0,2610.0,True,14544.0,69326.4,34732526.4,2025-07-24,16630.0,EXIT_MA,71342.7,867480.8999999985,2.497603802296393,2.9084158415841666,37,55,2025-07-23
percentile,006730.KQ,2025-07-07,9920.0,83.68794326241135,2025-07-08,9940.0,4503.0,4503.0,False,8946.0,89519.64,44849339.64,2025-07-28,8946.0,STOP,80567.676,-4646069.316,-10.359281437125748,-9.999999999999998,15,20,
percentile,214370.KQ,2025-07-23,61500.0,93.00699300699301,2025-07-24,60200.0,753.0,753.0,False,54180.0,90661.2,45421261.2,2025-07-29,54180.0,STOP,81595.08,-4705316.280000001,-10.35928143712575,-9.999999999999998,4,5,
percentile,218410.KQ,2025-07-28,29700.0,91.6083916083916,2025-07-29,29700.0,1522.0,1522.0,False,26730.0,90406.8,45293806.8,2025-07-29,26730.0,STOP,81366.12,-4692112.919999994,-10.359281437125736,-9.999999999999998,1,0,
percentile,032500.KQ,2025-07-09,14540.0,82.26950354609929,2025-07-10,14500.0,2258.0,3221.0,True,13050.0,65482.0,32806482.0,2025-07-30,13050.0,STOP,58933.8,-3398515.8000000007,-10.35928143712575,-9.999999999999998,15,20,
percentile,310210.KQ,2025-07-18,142300.0,78.32167832167832,2025-07-21,138600.0,306.0,322.0,True,124740.0,84823.2,42496423.2,2025-07-30,124740.0,STOP,76340.88,-4402324.080000006,-10.35928143712576,-9.999999999999998,8,9,
percentile,003380.KQ,2025-06-04,9320.0,86.42857142857143,2025-06-05,9330.0,1192.0,4475.0,True,8397.0,22242.72,11143602.72,2025-07-31,9290.0,EXIT_MA,22147.36,-92070.08000000007,-0.8262146660590935,-0.4287245444801746,39,56,2025-07-30
percentile,030530.KQ,2025-05-19,5310.0,90.64748201438849,2025-05-20,5190.0,4556.0,7546.0,True,4671.0,47291.28,23692931.28,2025-08-04,5820.0,EXIT_MA,53031.840000000004,2769956.879999999,11.691068729592832,12.138728323699421,52,76,2025-08-01
percentile,295310.KQ,2025-08-01,35850.0,90.9090909090909,2025-08-04,33050.0,1213.0,1213.0,False,29745.0,80179.3,40169829.3,2025-08-05,29745.0,STOP,72161.37,-4161305.6699999943,-10.359281437125736,-9.999999999999998,2,1,
percentile,007390.KQ,2025-07-29,29900.0,90.9090909090909,2025-07-30,30350.0,1483.0,1483.0,False,27315.0,90018.1,45099068.1,2025-08-06,24750.0,STOP,73408.5,-8468226.600000001,-18.776943641547224,-18.45140032948929,6,7,
percentile,319400.KQ,2025-06-18,4380.0,72.85714285714285,2025-06-19,4575.0,1.0,10383.0,True,4117.5,9.15,4584.15,2025-08-13,4785.0,EXIT_MA,9.57,191.28000000000065,4.172638329897596,4.590163934426239,39,55,2025-08-12
percentile,251970.KQ,2025-08-06,71200.0,76.22377622377621,2025-08-07,73500.0,620.0,620.0,False,66150.0,91140.0,45661140.0,2025-08-13,66150.0,STOP,82026.0,-4730166.0,-10.359281437125748,-9.999999999999998,5,6,
percentile,014620.KQ,2025-07-29,32200.0,83.21678321678321,2025-07-30,32300.0,1377.0,1377.0,False,29070.0,88954.2,44566054.2,2025-08-19,31550.0,EXIT_MA,86888.7,-1208592.900000006,-2.7119136340322583,-2.3219814241486114,13,20,2025-08-18
percentile,039030.KQ,2025-08-07,232000.0,79.72027972027972,2025-08-08,233000.0,59.0,190.0,True,209700.0,27494.0,13774494.0,2025-08-19,209700.0,STOP,24744.600000000002,-1426938.5999999996,-10.359281437125746,-9.999999999999998,7,11,
percentile,059090.KQ,2025-08-05,15210.0,72.72727272727273,2025-08-06,15010.0,2952.0,2952.0,False,13509.0,88619.04000000001,44398139.04,2025-08-20,13440.0,EXIT_MA,79349.76,-4802608.799999997,-10.817139870824635,-10.459693537641568,9,14,2025-08-19
percentile,102710.KQ,2025-07-04,39600.0,82.97872340425532,2025-07-07,39000.0,1115.0,1115.0,False,35100.0,86970.0,43571970.0,2025-08-21,37550.0,EXIT_MA,83736.5,-1787456.5,-4.102308204104611,-3.717948717948716,32,45,2025-08-20
percentile,347850.KQ,2025-06-11,24350.0,95.0,2025-06-12,23375.0,1598.0,1813.0,True,21037.5,74706.5,37427956.5,2025-08-22,32575.0,EXIT_MA,104109.7,14522783.799999997,38.80196825600136,39.35828877005348,50,71,2025-08-21
percentile,108490.KQ,2025-08-25,100700.0,99.3006993006993,2025-08-26,98400.0,72.0,466.0,True,88560.0,14169.6,7098969.6,2025-08-29,86600.0,STOP,12470.4,-876240.0,-12.343199779303182,-11.991869918699184,4,3,
percentile,035760.KQ,2025-08-20,79000.0,72.02797202797203,2025-08-21,78100.0,569.0,569.0,False,70290.0,88877.8,44527777.8,2025-09-01,74300.0,EXIT_MA,84553.40000000001,-2335631.1999999955,-5.245335193888781,-4.865556978233032,7,11,2025-08-29
percentile,347850.KQ,2025-08-29,39350.0,97.9020979020979,2025-09-01,39125.0,1219.0,1219.0,False,35212.5,95386.75,47788761.75,2025-09-01,35212.5,STOP,85848.075,-4950572.325000003,-10.359281437125754,-9.999999999999998,1,0,
percentile,101490.KQ,2025-07-28,51200.0,78.32167832167832,2025-07-29,52000.0,883.0,883.0,False,46800.0,91832.0,46007832.0,2025-09-08,49550.0,EXIT_MA,87505.3,-2342687.299999997,-5.091931521572233,-4.711538461538467,28,41,2025-09-05
percentile,083650.KQ,2025-08-22,51900.0,97.9020979020979,2025-08-25,53900.0,894.0,894.0,False,48510.0,96373.2,48282973.2,2025-09-12,48510.0,STOP,86735.88,-5001769.080000006,-10.35928143712576,-9.999999999999998,15,18,
percentile,032820.KQ,2025-09-04,4195.0,86.7132867132867,2025-09-05,4200.0,1.0,11551.0,True,3780.0,8.4,4208.4,2025-09-12,3780.0,STOP,7.5600000000000005,-435.9599999999996,-10.35928143712574,-9.999999999999998,6,7,
percentile,214450.KQ,2024-12-10,240000.0,97.05882352941177,2024-12-11,238500.0,126.0,126.0,False,214650.0,60102.0,30111102.0,2025-09-18,623000.0,EXIT_MA,156996.0,48229902.0,160.17315473874055,161.21593291404614,187,281,2025-09-17
percentile,122870.KQ,2025-08-21,107400.0,93.00699300699301,2025-08-22,105300.0,423.0,423.0,False,94770.0,89083.8,44630983.8,2025-09-25,94770.0,STOP,80175.42,-4623449.219999999,-10.359281437125746,-9.999999999999998,24,34,
percentile,298380.KQ,2025-09-05,103000.0,95.1048951048951,2025-09-08,104200.0,418.0,479.0,True,93780.0,87111.2,43642711.2,2025-09-25,93780.0,STOP,78400.08,-4521071.280000001,-10.35928143712575,-9.999999999999998,13,17,
percentile,010170.KQ,2025-09-10,1596.0,86.7132867132867,2025-09-11,1598.0,2.0,31449.0,True,1438.2,6.392,3202.392,2025-09-25,1438.2,STOP,5.752800000000001,-331.74479999999994,-10.359281437125748,-9.999999999999998,10,14,
percentile,290650.KQ,2025-09-12,59300.0,93.7062937062937,2025-09-15,57400.0,752.0,838.0,True,51660.0,86329.6,43251129.6,2025-09-26,51660.0,STOP,77696.64,-4480506.240000002,-10.359281437125754,-9.999999999999998,9,11,
percentile,036810.KQ,2025-09-17,33366.33594,79.72027972027972,2025-09-18,33267.32812,1530.0,1530.0,False,29940.595308,101798.0240472,51000810.0476472,2025-09-26,29702.9707,STOP,90891.09034200001,-5646155.966989197,-11.070718213523097,-10.714288226402946,6,8,
percentile,032820.KQ,2025-09-24,4550.0,78.32167832167832,2025-09-25,4600.0,2.0,12422.0,True,4140.0,18.400000000000002,9218.4,2025-09-26,4140.0,STOP,16.56,-954.9599999999991,-10.35928143712574,-9.999999999999998,2,1,
percentile,041960.KQ,2025-09-08,6980.0,76.22377622377621,2025-09-09,6790.0,3.0,6981.0,True,6111.0,40.74,20410.74,2025-10-15,6111.0,STOP,36.666000000000004,-2114.4060000000027,-10.35928143712576,-9.999999999999998,21,36,
percentile,425420.KQ,2025-07-11,30750.0,79.43262411347519,2025-07-14,30300.0,278.0,1512.0,True,27270.0,16846.8,8440246.8,2025-10-24,39400.0,EXIT_MA,21906.4,2491046.799999999,29.513909474779798,30.03300330033003,67,102,2025-10-23
percentile,127120.KQ,2024-11-27,4100.0,81.61764705882352,2024-11-28,4100.0,7484.0,7484.0,False,3690.0,61368.8,30745768.8,2025-10-28,19200.0,EXIT_MA,287385.60000000003,112659645.60000001,366.4232510588579,368.29268292682923,218,334,2025-10-27
percentile,319400.KQ,2025-10-14,10430.0,89.5104895104895,2025-10-15,10780.0,1.0,5494.0,True,9702.0,21.56,10801.56,2025-10-31,9702.0,STOP,19.404,-1118.964,-10.359281437125748,-9.999999999999998,13,16,
percentile,064760.KQ,2025-09-29,166400.0,79.02097902097903,2025-09-30,167500.0,328.0,328.0,False,150750.0,109880.0,55049880.0,2025-11-07,150750.0,STOP,98892.0,-5702772.0,-10.359281437125748,-9.999999999999998,24,38,
percentile,032500.KQ,2025-10-30,18700.0,76.22377622377621,2025-10-31,18000.0,1.0,3146.0,True,16200.0,36.0,18036.0,2025-11-07,16100.0,STOP,32.2,-1968.2000000000007,-10.912619206032383,-10.555555555555552,6,7,
percentile,095610.KQ,2025-08-19,29050.0,75.52447552447552,2025-08-20,28200.0,1572.0,1572.0,False,25380.0,88660.8,44419060.8,2025-11-10,39650.0,EXIT_MA,124659.6,17786079.6,40.04154810945486,40.60283687943262,52,82,2025-11-07
percentile,090360.KQ,2025-10-24,79800.0,94.4055944055944,2025-10-27,80300.0,135.0,729.0,True,72270.0,21681.0,10862181.0,2025-11-10,72270.0,STOP,19512.9,-1125243.9000000004,-10.359281437125752,-9.999999999999998,11,14,
percentile,119850.KQ,2025-10-29,43950.0,96.5034965034965,2025-10-30,42550.0,1348.0,1348.0,False,38295.0,114714.8,57472114.8,2025-11-11,38295.0,STOP,103243.32,-5953698.119999997,-10.359281437125745,-9.999999999999998,9,12,
percentile,084370.KQ,2025-10-29,98200.0,86.7132867132867,2025-10-30,96600.0,289.0,603.0,True,86940.0,55834.8,27973234.8,2025-11-14,86940.0,STOP,50251.32,-2897826.120000001,-10.359281437125752,-9.999999999999998,12,15,
percentile,160190.KQ,2025-09-02,38600.0,88.81118881118881,2025-09-03,37850.0,1146.0,1252.0,True,34065.0,86752.2,43462852.2,2025-11-18,48450.0,EXIT_MA,111047.40000000001,11949800.399999999,27.494284878064214,28.005284015852048,48,76,2025-11-17
percentile,425420.KQ,2025-11-17,43050.0,78.47222222222221,2025-11-18,42050.0,1319.0,1565.0,True,37845.0,110927.90000000001,55574877.9,2025-11-19,40500.0,EXIT_MA,106839.0,-2262216.8999999985,-4.070574665176185,-3.686087990487519,1,1,2025-11-18
percentile,033640.KQ,2025-09-16,14280.0,71.32867132867133,2025-09-17,14000.0,1.0,3595.0,True,12600.0,28.0,14028.0,2025-11-24,15940.0,EXIT_MA,31.88,1880.1200000000008,13.40262332477902,13.857142857142858,42,68,2025-11-21
percentile,010170.KQ,2025-10-16,1812.0,83.21678321678321,2025-10-17,1812.0,2.0,32449.0,True,1630.8,7.248,3631.248,2025-11-25,1870.0,EXIT_MA,7.48,101.27199999999993,2.7889034293444,3.2008830022075108,27,39,2025-11-24
percentile,090710.KQ,2025-10-15,4230.0,81.81818181818183,2025-10-16,4445.0,4.0,13988.0,True,4000.5,35.56,17815.56,2025-11-26,4835.0,EXIT_MA,38.68,1485.7599999999984,8.339676103361322,8.773903262092242,29,41,2025-11-25
percentile,440110.KQ,2025-11-27,28650.0,83.33333333333334,2025-11-28,28900.0,1.0,2389.0,True,26010.0,57.800000000000004,28957.8,2025-12-02,26010.0,STOP,52.02,-2999.8199999999997,-10.359281437125748,-9.999999999999998,3,4,
percentile,087010.KQ,2025-11-13,311000.0,79.86111111111111,2025-11-14,303500.0,202.0,202.0,False,273150.0,122614.0,61429614.0,2025-12-04,285500.0,EXIT_MA,115342.0,-3873956.0,-6.306332968330226,-5.930807248764413,14,20,2025-12-03
percentile,327260.KQ,2025-11-28,10082.14844,93.75,2025-12-01,10154.85645,1.0,7124.0,True,9139.370805,20.309712899999997,10175.1661629,2025-12-04,9139.370805,STOP,18.27874161,-1054.0740995099986,-10.359281437125736,-9.999999999999986,4,3,
percentile,126340.KQ,2025-12-03,75242.71875,82.63888888888889,2025-12-04,74077.67188,775.0,930.0,True,66669.904692,114820.391414,57525016.098414,2025-12-09,66669.904692,STOP,103338.3522726,-5959178.314386599,-10.359281437125748,-9.999999999999998,4,5,
percentile,356860.KQ,2025-09-15,18782.66602,90.9090909090909,2025-09-16,18303.40039,1.0,2793.0,True,16473.060351,36.60680078,18340.007190779997,2025-12-11,29942.71875,EXIT_MA,59.8854375,11542.826121720002,62.937958538657945,63.59101648871268,56,86,2025-12-10
percentile,222800.KQ,2025-10-01,47300.0,92.3076923076923,2025-10-02,50900.0,570.0,1157.0,True,45810.0,58026.0,29071026.0,2025-12-15,50800.0,EXIT_MA,57912.0,-172938.0,-0.5948809649855495,-0.19646365422396617,47,74,2025-12-12
percentile,240810.KQ,2025-08-13,40900.0,78.32167832167832,2025-08-14,40050.0,1020.0,1122.0,True,36045.0,81702.0,40932702.0,2025-12-16,60100.0,EXIT_MA,122604.0,20246694.0,49.46337038781364,50.062421972534324,81,124,2025-12-15
percentile,124500.KQ,2025-12-10,25750.0,86.80555555555556,2025-12-11,25750.0,2.0,2674.0,True,23175.0,103.0,51603.0,2025-12-16,23175.0,STOP,92.7,-5345.699999999997,-10.359281437125743,-9.999999999999998,4,5,
percentile,090710.KQ,2025-12-15,6280.0,90.27777777777779,2025-12-16,6290.0,9707.0,11289.0,True,5661.0,122114.06,61179144.06,2025-12-17,5661.0,STOP,109902.65400000001,-6337719.714000002,-10.35928143712575,-9.999999999999998,2,1,
percentile,310210.KQ,2025-10-27,211500.0,76.92307692307693,2025-10-28,209000.0,277.0,277.0,False,188100.0,115786.0,58008786.0,2025-12-19,207500.0,EXIT_MA,114955.0,-646241.0,-1.114039862858016,-0.7177033492822948,38,52,2025-12-18
percentile,039200.KQ,2025-11-13,52300.0,70.83333333333334,2025-11-14,51100.0,930.0,1201.0,True,45990.0,95046.0,47618046.0,2025-12-22,48900.0,EXIT_MA,90954.0,-2232000.0,-4.687298592638597,-4.305283757338552,26,38,2025-12-19
percentile,290650.KQ,2025-12-04,65500.0,89.58333333333334,2025-12-05,68200.0,1.0,1055.0,True,61380.0,136.4,68336.4,2025-12-23,61380.0,STOP,122.76,-7079.159999999996,-10.359281437125743,-9.999999999999998,13,18,
percentile,043260.KQ,2025-12-23,8110.0,100.0,2025-12-24,8410.0,8.0,8581.0,True,7569.0,134.56,67414.56,2025-12-26,7569.0,STOP,121.104,-6983.663999999997,-10.359281437125745,-9.999999999999998,2,2,
percentile,058610.KQ,2025-12-19,89800.0,93.05555555555556,2025-12-22,86300.0,769.0,769.0,False,77670.0,132729.4,66497429.4,2026-01-05,77670.0,STOP,119456.46,-6888655.859999999,-10.359281437125748,-9.999999999999998,8,14,
percentile,458870.KQ,2025-07-11,10183.33301,93.61702127659575,2025-07-14,10183.33301,4567.0,4567.0,False,9164.999709,93014.56371334,46600296.42038334,2026-01-12,37500.0,EXIT_MA,342525.0,124319678.57961667,266.77872916971023,268.24878419644256,120,182,2026-01-09
percentile,115180.KQ,2025-09-25,15860.0,89.5104895104895,2025-09-26,15890.0,1648.0,3454.0,True,14301.0,52373.44,26239093.44,2026-01-15,27300.0,EXIT_MA,89980.8,18661325.76,71.1203144372049,71.80616740088107,71,111,2026-01-14
percentile,080220.KQ,2026-01-05,32800.0,81.25,2026-01-06,31500.0,1888.0,2237.0,True,28350.0,118944.0,59590944.0,2026-01-15,28350.0,STOP,107049.6,-6173193.6000000015,-10.359281437125752,-9.999999999999998,8,9,
percentile,295310.KQ,2026-01-12,77500.0,88.96551724137932,2026-01-13,78700.0,919.0,919.0,False,70830.0,144650.6,72469950.6,2026-01-16,70830.0,STOP,130185.54000000001,-7507366.139999993,-10.359281437125741,-9.999999999999998,4,3,
percentile,099320.KQ,2026-01-12,130400.0,86.20689655172413,2026-01-13,130000.0,546.0,546.0,False,117000.0,141960.0,71121960.0,2026-01-16,117000.0,STOP,127764.0,-7367724.0,-10.359281437125748,-9.999999999999998,4,3,
percentile,089970.KQ,2025-09-17,16620.0,78.32167832167832,2025-09-18,16620.0,1641.0,3071.0,True,14958.0,54546.840000000004,27327966.84,2026-01-19,30050.0,EXIT_MA,98624.1,21885459.06,80.08447605390903,80.80625752105897,78,123,2026-01-16
percentile,160190.KQ,2026-01-19,65600.0,76.55172413793103,2026-01-20,68700.0,1170.0,1170.0,False,61830.0,160758.0,80539758.0,2026-01-20,61830.0,STOP,144682.2,-8343340.200000003,-10.359281437125752,-9.999999999999998,1,0,
percentile,226950.KQ,2025-08-05,51000.0,92.3076923076923,2025-08-06,50900.0,880.0,880.0,False,45810.0,89584.0,44881584.0,2026-01-22,118600.0,EXIT_MA,208736.0,59277680.0,132.0757306604865,133.0058939096267,111,169,2026-01-21
percentile,298380.KQ,2025-11-14,174200.0,95.13888888888889,2025-11-17,171500.0,145.0,376.0,True,154350.0,49735.0,24917235.0,2026-01-22,180500.0,EXIT_MA,52345.0,1202920.0,4.827662459337884,5.247813411078717,45,66,2026-01-21
percentile,032820.KQ,2026-01-21,8540.0,89.65517241379311,2026-01-22,9300.0,9207.0,9207.0,False,8370.0,171250.2,85796350.2,2026-01-22,8370.0,STOP,154125.18,-8887885.38000001,-10.35928143712576,-9.999999999999998,1,0,
percentile,160190.KQ,2026-01-21,72900.0,81.37931034482759,2026-01-22,78000.0,569.0,1078.0,True,70200.0,88764.0,44470764.0,2026-01-22,70200.0,STOP,79887.6,-4606851.6000000015,-10.359281437125752,-9.999999999999998,1,0,
percentile,420770.KQ,2026-01-19,51700.0,70.34482758620689,2026-01-20,51000.0,923.0,1485.0,True,45900.0,94146.0,47167146.0,2026-01-26,45900.0,STOP,84731.40000000001,-4886177.3999999985,-10.359281437125745,-9.999999999999998,5,6,
percentile,298380.KQ,2026-01-26,241000.0,92.41379310344827,2026-01-27,236500.0,178.0,323.0,True,212850.0,84194.0,42181194.0,2026-01-30,212850.0,STOP,75774.6,-4369668.6000000015,-10.359281437125752,-9.999999999999998,4,3,
percentile,100790.KQ,2026-02-03,22100.0,87.58620689655172,2026-02-04,25850.0,3.0,4072.0,True,23265.0,155.1,77705.1,2026-02-05,23265.0,STOP,139.59,-8049.690000000002,-10.35928143712575,-9.999999999999998,2,1,
percentile,437730.KQ,2025-12-22,56600.0,95.83333333333334,2025-12-23,55200.0,1228.0,1228.0,False,49680.0,135571.2,67921171.2,2026-02-09,57900.0,EXIT_MA,142202.4,3037826.399999991,4.472576585958504,4.891304347826098,31,48,2026-02-06
percentile,038500.KQ,2026-02-06,19650.0,98.62068965517241,2026-02-09,20300.0,3492.0,4215.0,True,18270.0,141775.2,71029375.2,2026-02-09,18270.0,STOP,127597.68000000001,-7358132.880000003,-10.359281437125752,-9.999999999999998,1,0,
percentile,030530.KQ,2025-08-26,7540.0,91.6083916083916,2025-08-27,7550.0,10.0,6303.0,True,6795.0,151.0,75651.0,2026-02-10,38000.0,EXIT_MA,760.0,303589.0,401.30203169819305,403.3112582781457,110,167,2026-02-09
percentile,445680.KQ,2025-09-25,66700.0,94.4055944055944,2025-09-26,64300.0,821.0,821.0,False,57870.0,105580.6,52895880.6,2026-02-24,110300.0,EXIT_MA,181112.6,37479306.800000004,70.85486880050165,71.53965785381027,96,151,2026-02-23
percentile,048410.KQ,2026-02-24,20000.0,90.3448275862069,2026-02-25,20600.0,53.0,4419.0,True,18540.0,2183.6,1093983.6,2026-02-26,18540.0,STOP,1965.24,-113328.84000000008,-10.359281437125755,-9.999999999999998,2,1,
percentile,032820.KQ,2026-02-23,16930.0,99.3103448275862,2026-02-24,17300.0,5150.0,5150.0,False,15570.0,178190.0,89273190.0,2026-03-03,15570.0,STOP,160371.0,-9248061.0,-10.359281437125748,-9.999999999999998,5,7,
percentile,466100.KQ,2025-12-09,48650.0,93.05555555555556,2025-12-10,48300.0,1065.0,1368.0,True,43470.0,102879.0,51542379.0,2026-03-04,58900.0,EXIT_MA,125457.0,11060664.0,21.459358715281653,21.946169772256717,53,84,2026-03-03
percentile,277810.KQ,2026-02-26,880000.0,71.72413793103448,2026-02-27,851000.0,1.0,107.0,True,765900.0,1702.0,852702.0,2026-03-04,765900.0,STOP,1531.8,-88333.80000000005,-10.359281437125754,-9.999999999999998,3,5,
percentile,226950.KQ,2026-03-03,194200.0,83.44827586206897,2026-03-04,190200.0,473.0,473.0,False,171180.0,179929.2,90144529.2,2026-03-04,171180.0,STOP,161936.28,-9338325.480000004,-10.359281437125754,-9.999999999999998,1,0,
percentile,006730.KQ,2025-11-19,11220.0,71.52777777777779,2025-11-20,10890.0,4886.0,5769.0,True,9801.0,106417.08,53314957.08,2026-03-05,14020.0,EXIT_MA,137003.44,15049759.480000004,28.228025125139993,28.741965105601473,68,105,2026-03-04
percentile,319400.KQ,2025-12-12,11290.0,84.72222222222221,2025-12-15,11180.0,2580.0,6190.0,True,10062.0,57688.8,28902088.8,2026-03-05,30350.0,EXIT_MA,156606.0,49244305.2,170.3832049675247,171.46690518783544,51,80,2026-03-04
percentile,090710.KQ,2026-01-13,9380.0,94.48275862068965,2026-01-14,9560.0,2854.0,7549.0,True,8604.0,54568.48,27338808.48,2026-03-05,12000.0,EXIT_MA,68496.0,6840695.52,25.021922681832987,25.52301255230125,32,50,2026-03-04
percentile,058610.KQ,2026-01-15,96900.0,93.79310344827586,2026-01-16,98000.0,729.0,729.0,False,88200.0,142884.0,71584884.0,2026-03-05,120500.0,EXIT_MA,175689.0,16083927.0,22.4683286488248,22.959183673469386,30,48,2026-03-04
percentile,095340.KQ,2026-03-05,202000.0,77.24137931034483,2026-03-06,201000.0,442.0,442.0,False,180900.0,177684.0,89019684.0,2026-03-11,180900.0,STOP,159915.6,-9221799.599999994,-10.359281437125741,-9.999999999999998,4,5,
percentile,031980.KQ,2026-03-05,109100.0,79.3103448275862,2026-03-06,110000.0,819.0,819.0,False,99000.0,180180.0,90270180.0,2026-03-13,98200.0,STOP,160851.6,-10005231.599999994,-11.083650880058059,-10.72727272727273,6,7,
percentile,295310.KQ,2026-03-11,108800.0,93.79310344827586,2026-03-12,104700.0,760.0,848.0,True,94230.0,159144.0,79731144.0,2026-03-19,94230.0,STOP,143229.6,-8259573.599999994,-10.359281437125741,-9.999999999999998,6,7,
percentile,214370.KQ,2026-01-30,125500.0,84.82758620689656,2026-02-02,115900.0,325.0,678.0,True,104310.0,75335.0,37742835.0,2026-03-23,104310.0,STOP,67801.5,-3909886.5,-10.359281437125748,-9.999999999999998,32,49,
percentile,950160.KQ,2025-11-12,51200.0,70.83333333333334,2025-11-13,52000.0,1224.0,1224.0,False,46800.0,127296.0,63775296.0,2026-03-24,95400.0,EXIT_MA,233539.2,52760764.8,82.72915707047443,83.46153846153845,86,131,2026-03-23
percentile,095610.KQ,2025-12-26,44200.0,74.30555555555556,2025-12-29,44550.0,1.0,1589.0,True,40095.0,89.10000000000001,44639.1,2026-03-24,63000.0,EXIT_MA,126.0,18234.9,40.849613903506125,41.41414141414141,55,85,2026-03-23
percentile,099320.KQ,2026-01-20,134800.0,86.89655172413792,2026-01-21,128600.0,560.0,565.0,True,115740.0,144032.0,72160032.0,2026-03-24,174000.0,EXIT_MA,194880.0,25085088.0,34.763133142734745,35.30326594090203,40,62,2026-03-23
percentile,124500.KQ,2025-12-22,28500.0,88.19444444444444,2025-12-23,28700.0,807.0,2439.0,True,25830.0,46321.8,23207221.8,2026-03-27,45500.0,EXIT_MA,73437.0,13437841.2,57.90370478555084,58.53658536585367,61,94,2026-03-26
percentile,356860.KQ,2026-03-19,36424.22266,79.3103448275862,2026-03-20,36059.06641,1978.0,2530.0,True,32453.159769,142649.66671796,71467483.02569796,2026-03-27,32453.159769,STOP,128384.70004616401,-7403517.702662125,-10.35928143712575,-9.999999999999998,6,7,
percentile,032500.KQ,2026-03-17,28750.0,73.79310344827587,2026-03-18,30200.0,4.0,3139.0,True,27180.0,241.6,121041.6,2026-03-30,27180.0,STOP,217.44,-12539.040000000008,-10.359281437125754,-9.999999999999998,9,12,
percentile,240810.KQ,2026-01-27,91400.0,84.82758620689656,2026-01-28,93200.0,1.0,860.0,True,83880.0,186.4,93386.4,2026-04-01,116000.0,EXIT_MA,232.0,22381.600000000006,23.96665895676459,24.463519313304726,41,63,2026-03-31
percentile,440110.KQ,2026-02-09,49100.0,84.13793103448276,2026-02-10,49100.0,1302.0,1742.0,True,44190.0,127856.40000000001,64056056.4,2026-04-01,48550.0,EXIT_MA,126424.2,-970380.6000000015,-1.5148928212820818,-1.1201629327902252,32,50,2026-03-31
percentile,115180.KQ,2026-03-06,41200.0,86.89655172413792,2026-03-09,39400.0,2244.0,2244.0,False,35460.0,176827.2,88590427.2,2026-04-01,39650.0,EXIT_MA,177949.2,206223.59999999404,0.2327831646351899,0.6345177664974555,17,23,2026-03-31
percentile,100790.KQ,2026-03-25,27000.0,92.41379310344827,2026-03-26,28800.0,3518.0,3518.0,False,25920.0,202636.80000000002,101521036.8,2026-04-02,25920.0,STOP,182373.12,-10516849.920000002,-10.35928143712575,-9.999999999999998,6,7,
percentile,000250.KQ,2026-01-22,316500.0,71.03448275862068,2026-01-23,326000.0,246.0,246.0,False,293400.0,160392.0,80356392.0,2026-04-03,640000.0,EXIT_MA,314880.0,76768728.0,95.53530974860097,96.31901840490798,46,70,2026-04-02
percentile,420770.KQ,2026-04-01,86800.0,82.06896551724138,2026-04-02,88700.0,992.0,992.0,False,79830.0,175980.80000000002,88166380.8,2026-04-06,79830.0,STOP,158382.72,-9133403.519999996,-10.359281437125745,-9.999999999999998,3,4,
percentile,032820.KQ,2026-03-10,20650.0,98.62068965517241,2026-03-11,21600.0,4499.0,4499.0,False,19440.0,194356.80000000002,97372756.8,2026-04-07,19440.0,STOP,174921.12,-10087117.920000002,-10.35928143712575,-9.999999999999998,20,27,
percentile,032500.KQ,2026-04-15,34100.0,84.13793103448276,2026-04-16,33300.0,2618.0,2618.0,False,29970.0,174358.80000000002,87353758.8,2026-04-16,29970.0,STOP,156922.92,-9049221.719999999,-10.359281437125748,-9.999999999999998,1,0,
percentile,031980.KQ,2026-04-16,123400.0,82.75862068965517,2026-04-17,123100.0,716.0,716.0,False,110790.0,176279.2,88315879.2,2026-04-21,110790.0,STOP,158651.28,-9148890.480000004,-10.359281437125754,-9.999999999999998,3,4,
percentile,043260.KQ,2025-12-29,9410.0,99.30555555555556,2025-12-30,8900.0,2.0,7778.0,True,8010.0,35.6,17835.6,2026-05-04,41200.0,EXIT_MA,164.8,64399.6,361.0733589001772,362.9213483146067,82,125,2026-04-30
percentile,046890.KQ,2026-04-30,16510.0,71.72413793103448,2026-05-04,18680.0,4.0,5476.0,True,16812.0,149.44,74869.44,2026-05-06,16812.0,STOP,134.496,-7755.9360000000015,-10.35928143712575,-9.999999999999998,2,2,
percentile,101490.KQ,2026-04-09,102100.0,74.48275862068967,2026-04-10,101100.0,819.0,819.0,False,90990.0,165601.80000000002,82966501.8,2026-05-07,90990.0,STOP,149041.62,-8594733.420000002,-10.359281437125752,-9.999999999999998,18,27,
percentile,127120.KQ,2026-01-19,21300.0,75.86206896551724,2026-01-20,21300.0,3605.0,3605.0,False,19170.0,153573.0,76940073.0,2026-05-12,40050.0,EXIT_MA,288760.5,67151416.5,87.27755756093447,88.0281690140845,74,112,2026-05-11
percentile,108490.KQ,2026-05-11,377500.0,93.10344827586206,2026-05-12,378500.0,268.0,268.0,False,340650.0,202876.0,101640876.0,2026-05-12,340650.0,STOP,182588.4,-10529264.400000006,-10.359281437125754,-9.999999999999998,1,0,
percentile,295310.KQ,2026-05-11,106100.0,82.06896551724138,2026-05-12,104500.0,405.0,954.0,True,94050.0,84645.0,42407145.0,2026-05-13,94050.0,STOP,76180.5,-4393075.5,-10.359281437125748,-9.999999999999998,2,1,
percentile,240810.KQ,2026-05-07,132900.0,81.37931034482759,2026-05-08,131500.0,564.0,723.0,True,118350.0,148332.0,74314332.0,2026-05-15,118350.0,STOP,133498.8,-7698430.799999997,-10.359281437125745,-9.999999999999998,6,7,
percentile,089970.KQ,2026-05-12,60000.0,90.3448275862069,2026-05-13,59600.0,1526.0,1654.0,True,53640.0,181899.2,91131499.2,2026-05-15,53640.0,STOP,163709.28,-9440568.480000004,-10.359281437125754,-9.999999999999998,3,2,
percentile,095340.KQ,2026-03-16,220000.0,83.44827586206897,2026-03-17,217500.0,368.0,422.0,True,195750.0,160080.0,80200080.0,2026-05-18,225000.0,EXIT_MA,165600.0,2434320.0,3.03530869295891,3.4482758620689724,42,62,2026-05-15
percentile,064760.KQ,2026-04-16,304000.0,70.34482758620689,2026-04-17,301500.0,290.0,290.0,False,271350.0,174870.0,87609870.0,2026-05-19,271350.0,STOP,157383.0,-9075753.0,-10.359281437125748,-9.999999999999998,21,32,
percentile,083450.KQ,2026-05-06,56900.0,73.10344827586206,2026-05-07,60000.0,1.0,1661.0,True,54000.0,120.0,60120.0,2026-05-19,54000.0,STOP,108.0,-6228.0,-10.359281437125748,-9.999999999999998,9,12,
percentile,319400.KQ,2026-05-08,37950.0,95.86206896551724,2026-05-11,38100.0,1.0,2595.0,True,34290.0,76.2,38176.2,2026-05-19,34290.0,STOP,68.58,-3954.779999999999,-10.359281437125746,-9.999999999999998,7,8,
percentile,067310.KQ,2026-05-15,52900.0,78.62068965517241,2026-05-18,51500.0,1769.0,1769.0,False,46350.0,182207.0,91285707.0,2026-05-19,46350.0,STOP,163986.30000000002,-9456543.299999997,-10.359281437125745,-9.999999999999998,2,1,
percentile,295310.KQ,2026-05-18,125300.0,91.72413793103448,2026-05-19,124700.0,351.0,757.0,True,112230.0,87539.40000000001,43857239.4,2026-05-19,112230.0,STOP,78785.46,-4543294.859999999,-10.359281437125748,-9.999999999999998,1,0,
percentile,131970.KQ,2026-05-13,182000.0,95.17241379310344,2026-05-14,175800.0,216.0,561.0,True,158220.0,75945.6,38048745.6,2026-05-20,158220.0,STOP,68351.04000000001,-3941576.6400000006,-10.35928143712575,-9.999999999999998,5,6,
percentile,440110.KQ,2026-05-22,128300.0,97.93103448275862,2026-05-26,128600.0,761.0,761.0,False,115740.0,195729.2,98060329.2,2026-05-26,115740.0,STOP,176156.28,-10158345.480000004,-10.359281437125754,-9.999999999999998,1,0,
percentile,327260.KQ,2026-01-23,13862.9541,91.72413793103448,2026-01-26,13911.42676,2617.0,5377.0,True,12520.284084,72812.40766184001,36479016.23858184,2026-05-28,43000.0,EXIT_MA,225062.0,75826921.76141816,207.86449191911106,209.09841773842612,81,122,2026-05-27
percentile,131290.KQ,2026-05-18,223000.0,92.41379310344827,2026-05-19,225000.0,425.0,425.0,False,202500.0,191250.0,95816250.0,2026-05-28,202500.0,STOP,172125.0,-9925875.0,-10.359281437125748,-9.999999999999998,7,9,
percentile,039030.KQ,2026-05-21,549000.0,71.03448275862068,2026-05-22,548000.0,170.0,170.0,False,493200.0,186320.0,93346320.0,2026-05-28,493200.0,STOP,167688.0,-9670008.0,-10.359281437125748,-9.999999999999998,4,6,
percentile,036930.KQ,2026-05-22,224000.0,96.55172413793103,2026-05-26,229000.0,185.0,436.0,True,206100.0,84730.0,42449730.0,2026-05-28,206100.0,STOP,76257.0,-4397487.0,-10.359281437125748,-9.999999999999998,3,2,
percentile,295310.KQ,2026-05-26,133000.0,89.65517241379311,2026-05-27,130500.0,672.0,751.0,True,117450.0,175392.0,87871392.0,2026-05-28,117450.0,STOP,157852.80000000002,-9102844.799999997,-10.359281437125745,-9.999999999999998,2,1,
percentile,077360.KQ,2026-04-17,16530.0,89.65517241379311,2026-04-20,16610.0,1469.0,5455.0,True,14949.0,48800.18,24448890.18,2026-05-29,14949.0,STOP,43920.162000000004,-2532729.342,-10.359281437125748,-9.999999999999998,27,39,
percentile,218410.KQ,2026-03-10,74700.0,84.82758620689656,2026-03-11,80900.0,460.0,1243.0,True,72810.0,74428.0,37288428.0,2026-06-01,86900.0,EXIT_MA,79948.0,2605624.0,6.98775502147744,7.416563658838071,55,82,2026-05-29
percentile,183300.KQ,2026-05-27,39920.0,71.72413793103448,2026-05-28,39520.0,2321.0,2321.0,False,35568.0,183451.84,91909371.84,2026-06-01,34800.0,STOP,161541.6,-11300113.439999998,-12.294843511357847,-11.943319838056677,3,4,
percentile,100790.KQ,2026-04-15,39550.0,97.24137931034483,2026-04-16,40500.0,2257.0,2257.0,False,36450.0,182817.0,91591317.0,2026-06-02,41050.0,EXIT_MA,185299.7,873233.299999997,0.953401838298708,1.3580246913580174,30,47,2026-06-01
percentile,108490.KQ,2026-06-01,402500.0,90.3448275862069,2026-06-02,433000.0,210.0,210.0,False,389700.0,181860.0,91111860.0,2026-06-02,389700.0,STOP,163674.0,-9438534.0,-10.359281437125748,-9.999999999999998,1,0,
percentile,082920.KQ,2026-04-01,38500.0,76.55172413793103,2026-04-02,38150.0,2237.0,2237.0,False,34335.0,170683.1,85512233.1,2026-06-08,47500.0,EXIT_MA,212515.0,20532751.900000006,24.011479007908175,24.508519003931852,43,67,2026-06-05
percentile,043260.KQ,2026-06-04,51400.0,100.0,2026-06-05,49500.0,1691.0,1691.0,False,44550.0,167409.0,83871909.0,2026-06-08,43900.0,STOP,148469.80000000002,-9785478.799999997,-11.667170709086873,-11.313131313131308,2,3,
percentile,036930.KQ,2026-06-04,250500.0,97.93103448275862,2026-06-05,228500.0,347.0,347.0,False,205650.0,158579.0,79448079.0,2026-06-08,180200.0,STOP,125058.8,-17043737.799999997,-21.45267451966963,-21.137855579868713,2,3,
percentile,010170.KQ,2026-01-02,2682.97876,89.58333333333334,2026-01-05,2831.500732,1.0,27147.0,True,2548.3506588,5.663001464,2837.163733464,2026-06-09,18060.0,EXIT_MA,36.12,15186.716266536001,535.2781049401744,537.8243097695939,103,155,2026-06-08
percentile,031980.KQ,2026-06-12,152300.0,86.20689655172413,2026-06-15,150000.0,615.0,615.0,False,135000.0,184500.0,92434500.0,2026-06-15,135000.0,STOP,166050.0,-9575550.0,-10.359281437125748,-9.999999999999998,1,0,
percentile,039030.KQ,2026-06-12,612000.0,74.48275862068967,2026-06-15,598000.0,111.0,153.0,True,538200.0,132756.0,66510756.0,2026-06-15,538200.0,STOP,119480.40000000001,-6890036.3999999985,-10.359281437125746,-9.999999999999998,1,0,
percentile,252990.KQ,2026-06-12,16320.0,75.17241379310344,2026-06-15,16350.0,5745.0,5745.0,False,14715.0,187861.5,94118611.5,2026-06-16,14715.0,STOP,169075.35,-9750011.849999994,-10.359281437125741,-9.999999999999998,2,1,
percentile,131290.KQ,2026-06-11,260000.0,93.79310344827586,2026-06-12,274000.0,351.0,351.0,False,246600.0,192348.0,96366348.0,2026-06-17,246600.0,STOP,173113.2,-9982861.200000003,-10.359281437125752,-9.999999999999998,4,5,
percentile,084370.KQ,2026-06-11,178300.0,85.51724137931035,2026-06-12,187200.0,513.0,513.0,False,168480.0,192067.2,96225667.2,2026-06-19,168480.0,STOP,172860.48,-9968287.680000007,-10.359281437125755,-9.999999999999998,6,7,
percentile,064290.KQ,2026-06-18,48100.0,90.3448275862069,2026-06-19,47000.0,1835.0,1835.0,False,42300.0,172490.0,86417490.0,2026-06-19,42300.0,STOP,155241.0,-8952231.0,-10.359281437125748,-9.999999999999998,1,0,
percentile,356860.KQ,2026-04-16,38706.44141,71.72413793103448,2026-04-17,37565.33203,2282.0,2282.0,False,33808.798827,171448.17538492,85895535.86784492,2026-06-22,42200.0,EXIT_MA,192600.80000000002,10212263.332155079,11.889166566080005,12.337620139491158,42,66,2026-06-19
percentile,031980.KQ,2026-06-30,160000.0,89.65517241379311,2026-07-01,161600.0,609.0,609.0,False,145440.0,196828.80000000002,98611228.8,2026-07-02,145440.0,STOP,177145.92,-10215414.719999999,-10.359281437125748,-9.999999999999998,2,1,
percentile,084370.KQ,2026-07-01,206500.0,88.96551724137932,2026-07-02,189300.0,488.0,488.0,False,170370.0,184756.80000000002,92563156.8,2026-07-03,170370.0,STOP,166281.12,-9588877.920000002,-10.35928143712575,-9.999999999999998,2,1,
percentile,064290.KQ,2026-07-03,51800.0,93.79310344827586,2026-07-06,51100.0,1710.0,1710.0,False,45990.0,174762.0,87555762.0,2026-07-07,45990.0,STOP,157285.80000000002,-9070147.799999997,-10.359281437125745,-9.999999999999998,2,1,
percentile,222800.KQ,2026-04-16,76100.0,71.03448275862068,2026-04-17,74500.0,1161.0,1161.0,False,67050.0,172989.0,86667489.0,2026-07-08,105300.0,EXIT_MA,244506.6,35341304.400000006,40.77804123297031,41.34228187919462,54,82,2026-07-07
percentile,080220.KQ,2026-04-24,54000.0,79.3103448275862,2026-04-27,54900.0,1.0,1729.0,True,49410.0,109.8,55009.8,2026-07-08,79000.0,EXIT_MA,158.0,23832.199999999997,43.323553257783146,43.897996357012744,48,72,2026-07-07
percentile,095610.KQ,2026-04-10,82500.0,75.86206896551724,2026-04-13,79700.0,1042.0,1042.0,False,71730.0,166094.80000000002,83213494.8,2026-07-09,140800.0,EXIT_MA,293427.2,63206678.000000015,75.95724485783767,76.6624843161857,59,87,2026-07-08
percentile,041830.KQ,2026-06-29,52600.0,75.86206896551724,2026-06-30,52700.0,1717.0,1717.0,False,47430.0,180971.80000000002,90666871.8,2026-07-13,47430.0,STOP,162874.62,-9392436.420000002,-10.35928143712575,-9.999999999999998,10,13,
percentile,420770.KQ,2026-04-21,94400.0,80.6896551724138,2026-04-22,94000.0,840.0,942.0,True,84600.0,157920.0,79117920.0,2026-07-22,149000.0,EXIT_MA,250320.0,45791760.0,57.877861298679235,58.51063829787233,60,91,2026-07-21
percentile,089970.KQ,2026-06-09,76600.0,92.41379310344827,2026-06-10,74900.0,1120.0,1120.0,False,67410.0,167776.0,84055776.0,2026-07-23,82600.0,EXIT_MA,185024.0,8271200.0,9.8401328184752,10.280373831775691,30,43,2026-07-22
percentile,252990.KQ,2026-07-15,15690.0,88.96551724137932,2026-07-16,15000.0,5379.0,5379.0,False,13500.0,161370.0,80846370.0,2026-07-24,13500.0,STOP,145233.0,-8375103.0,-10.359281437125748,-9.999999999999998,6,8,
percentile,319660.KQ,2026-06-05,126500.0,94.48275862068965,2026-06-08,120600.0,676.0,676.0,False,108540.0,163051.2,81688651.2,2026-07-27,145600.0,EXIT_MA,196851.2,16540097.599999994,20.247730078814172,20.72968490878939,34,49,2026-07-24
percentile,093320.KQ,2026-07-23,148400.0,79.3103448275862,2026-07-24,146000.0,523.0,523.0,False,131400.0,152716.0,76510716.0,2026-07-28,131400.0,STOP,137444.4,-7925960.400000006,-10.359281437125755,-9.999999999999998,3,4,
percentile,093320.KQ,2026-08-11,163000.0,84.13793103448276,2026-08-12,161200.0,467.0,467.0,False,145080.0,150560.80000000002,75430960.8,2026-08-13,145080.0,STOP,135504.72,-7814105.519999996,-10.359281437125743,-9.999999999999998,2,1,
percentile,096530.KQ,2026-08-28,35650.0,71.72413793103448,2026-08-31,35150.0,2115.0,2115.0,False,31635.0,148684.5,74490934.5,2026-09-03,31635.0,STOP,133816.05,-7716725.549999997,-10.359281437125745,-9.999999999999998,4,3,
percentile,222800.KQ,2026-08-27,126900.0,94.48275862068965,2026-08-28,126900.0,595.0,595.0,False,114210.0,151011.0,75656511.0,2026-09-04,114210.0,STOP,135909.9,-7837470.900000006,-10.359281437125755,-9.999999999999998,6,7,
percentile,131290.KQ,2026-09-10,306500.0,97.24137931034483,2026-09-11,291000.0,246.0,246.0,False,261900.0,143172.0,71729172.0,2026-09-11,261900.0,STOP,128854.8,-7430626.799999997,-10.359281437125745,-9.999999999999998,1,0,
percentile,036930.KQ,2026-09-10,221000.0,97.93103448275862,2026-09-11,213000.0,342.0,342.0,False,191700.0,145692.0,72991692.0,2026-09-16,191700.0,STOP,131122.8,-7561414.799999997,-10.359281437125745,-9.999999999999998,4,5,
