rs_mode,symbol,signal_date,signal_close,rs_at_signal,entry_date,entry_price,qty,desired_qty,partial,stop_price,entry_cost,cost_basis,exit_signal_date,exit_date,exit_price,exit_type,exit_cost,net_pnl,pnl_pct,price_pnl_pct,bars_held,days_held
proxy,NWS,2016-10-03,14.93000031,12.55816282842217,2016-10-04,14.88000011,502344.2628448278,502344.2628448278,False,13.392000098999999,14949.765372777812,7489832.451761684,2016-10-11,2016-10-12,13.94999981,EXIT_MA,14015.404742479875,-496145.4852642268,-6.624253459068077,-6.250001969926055,6,8
proxy,GPN,2016-10-05,79.04000092,12.417179465268731,2016-10-06,78.91999817,95131.1102404624,95131.1102404624,False,71.027998353,15015.494092174722,7522762.540179536,2016-10-11,2016-10-12,73.65000153,EXIT_MA,14012.812829521308,-530368.9382484034,-7.050188483494865,-6.677644148759365,4,6
proxy,LH,2016-10-07,119.3041229,8.133556373323565,2016-10-10,119.6305847,62620.22181659171,62620.22181659171,False,107.66752623,14982.587499925125,7506276.337462487,2016-10-11,2016-10-12,117.2852249,EXIT_MA,14688.85359809369,-176538.39201373514,-2.3518770702946745,-1.9605018280914543,2,2
proxy,IDXX,2016-10-07,115.3199997,37.14889925677951,2016-10-10,115.4700012,64783.65122326581,64783.65122326581,False,103.92300108,14961.13656898177,7495529.421059867,2016-10-13,2016-10-14,111.6100006,EXIT_MA,14461.006703797777,-279487.07586477697,-3.728716947991881,-3.342860102092038,4,4
proxy,PH,2016-10-05,127.4100037,16.64392003526437,2016-10-06,126.9199982,59015.484048108294,59015.484048108294,False,114.22799838,14980.490258316066,7505225.61941635,2016-10-18,2016-10-19,123.4499969,EXIT_MA,14570.922645581937,-234335.21927096322,-3.122294134166036,-2.7340067359061693,9,13
proxy,BRO,2016-10-06,19.31500053,7.753204565154776,2016-10-07,19.27499962,390966.8515252467,390966.8515252467,False,17.347499658,15071.771829163454,7550957.68641089,2016-10-20,2016-10-21,19.29500008,EXIT_MA,15087.410862913966,-22339.665816821158,-0.2958520858489887,0.10376373745424328,10,14
proxy,AOS,2016-10-04,50.15999985,23.297389374359206,2016-10-05,50.43999863,149358.78311891554,149358.78311891554,False,45.395998767,15067.313631793135,7548724.12952836,2016-10-21,2016-10-24,48.54999924,EXIT_MA,14502.737613821348,-311858.06023150776,-4.1312684750474835,-3.7470250621218115,13,19
proxy,ULTA,2016-10-13,266.1400146,27.507509109903612,2016-10-14,268.0299988,27590.985702338316,27590.985702338316,False,241.22699892,14790.423729377111,7410002.288417933,2016-10-25,2016-10-26,246.5899963,EXIT_MA,13607.322124505918,-619948.5482894806,-8.366374586125023,-7.999105546390051,8,12
proxy,FANG,2016-10-10,105.2099991,30.110167927037434,2016-10-11,105.5,18539.18254236773,70937.02021299727,True,94.95,3911.767516439591,1959795.525736235,,2016-10-26,94.95,STOP,3520.5907647956324,-203020.7341032147,-10.359281437125745,-9.999999999999998,12,15
proxy,PTC,2016-10-03,45.11000061,25.19631909358283,2016-10-04,45.34000015,166260.2504673298,166260.2504673298,False,40.806000135000005,15076.479562255543,7553316.260690027,2016-10-26,2016-10-27,46.0,EXIT_MA,15295.943042994342,79359.31776414998,1.050655301925623,1.4556679484263313,17,23
proxy,TRMB,2016-10-17,29.03000069,28.043209183145557,2016-10-18,29.32999992,252874.17456703674,252874.17456703674,False,26.396999928,14833.599039642508,7431633.118860896,2016-10-27,2016-10-28,27.79999924,EXIT_MA,14059.803721558497,-415791.06180320587,-5.594881436597847,-5.2165042078868185,8,10
proxy,GRMN,2016-10-26,49.75,14.77785592443859,2016-10-27,50.20000076,40532.423876660614,146612.31977383725,True,45.180000684,4069.4554188260104,2038797.1648318311,2016-10-27,2016-10-28,47.90000153,EXIT_MA,3883.0063314133035,-101177.00545659265,-4.96258319374984,-4.581671703544421,1,1
proxy,AMD,2016-10-25,7.5,120.71524439355923,2016-10-26,7.400000095,915743.3313048017,981972.4833550905,True,6.6600000855,13553.0014773023,6790053.740128452,2016-11-02,2016-11-03,6.78000021,EXIT_MA,12417.479957105312,-593731.2415329022,-8.744131699930701,-8.378376716764091,6,8
proxy,LRCX,2016-10-05,9.616999626,20.343191458935944,2016-10-06,9.885000229,781861.6339131767,781861.6339131767,False,8.896500206099999,15457.404860556131,7744159.835138622,2016-11-03,2016-11-04,9.43500042,EXIT_MA,14753.729688705416,-382048.7204746194,-4.933378553747021,-4.5523500108762605,21,29
proxy,UNH,2016-10-18,143.3899994,6.45768888008333,2016-10-19,143.8200073,51264.29683702554,51264.29683702554,False,129.43800657,14745.663090660759,7387577.20842104,2016-11-03,2016-11-04,138.4499969,EXIT_MA,14195.083476333732,-304230.5537305083,-4.118137044763719,-3.733841000854954,12,16
proxy,GDDY,2016-10-21,36.40000153,21.149103245495713,2016-10-24,36.49000168,197928.7721107928,202783.31279659527,True,32.841001512,14444.842453686333,7236866.069296853,2016-11-03,2016-11-04,33.11999893,EXIT_MA,13110.801441051344,-694576.150212232,-9.59774774828351,-9.23541407192393,9,11
proxy,GEN,2016-11-03,25.45000076,26.593197649279915,2016-11-04,23.26000023,278453.1535829321,278453.1535829321,False,20.934000207,12953.64083276645,6489774.057215992,2016-11-04,2016-11-07,24.12999916,EXIT_MA,13438.148724111004,215862.15611539874,3.3261890816581077,3.740322104029503,1,3
proxy,DPZ,2016-10-18,159.4499969,25.262962638846286,2016-10-19,159.0599976,46100.894547602926,46100.894547602926,False,143.15399784000002,14665.61635219915,7347473.792451774,2016-12-12,2016-12-13,162.0500031,EXIT_MA,14941.300208703655,108235.01169134956,1.4730914971420768,1.8797972746857239,38,55
proxy,APH,2016-10-20,8.303750038,18.476829236071097,2016-10-21,8.233750343,885057.2705227989,885057.2705227989,False,7.410375308700001,14574.681209483479,7301915.285951222,2016-12-30,2017-01-03,8.446249962,EXIT_MA,14950.829875042027,158548.8216947494,2.17133197915614,2.580836315745927,49,74
proxy,COHR,2016-10-05,25.17000008,32.09850483732708,2016-10-06,24.95999908,298735.12185252126,298735.12185252126,False,22.463999172,14912.856733205237,7471341.223335823,2017-01-06,2017-01-09,29.29999924,EXIT_MA,17505.87768648036,1264091.742217876,16.91920773568258,17.38782179474343,64,95
proxy,FLEX,2016-10-05,10.58025646,16.81577441400216,2016-10-06,10.58025646,710678.7126903699,710678.7126903699,False,9.522230814,15038.326081853542,7534201.367008624,2017-01-09,2017-01-10,10.81386566,EXIT_MA,15370.368252910795,135612.391193863,1.7999570835429701,2.2079729435972473,65,96
proxy,LHX,2016-11-04,94.25,15.951067433879762,2016-11-07,96.0,74784.32778798984,74784.32778798984,False,86.4,14358.590935294049,7193654.058582319,2017-01-10,2017-01-11,101.4199982,EXIT_MA,15169.252779292277,375803.0782845281,5.224091612192275,5.645831458333328,44,65
proxy,KEYS,2016-10-20,32.65999985,11.970006912374043,2016-10-21,32.40000153,6983.031589211704,225024.32264205502,True,29.160001376999997,452.500468348995,226702.7346428465,2017-01-17,2017-01-18,35.95000076,EXIT_MA,502.0799818785296,23835.17631453977,10.513845963124503,10.956787229509747,59,89
proxy,ODFL,2016-10-27,25.55666733,18.14320914540075,2016-10-28,25.24666786,283793.42551659193,283793.42551659193,False,22.722001073999998,14329.67670973809,7179168.031578784,2017-02-01,2017-02-02,28.71999931,EXIT_MA,16301.093970038113,955077.8594702343,13.303461560854446,13.757583651278726,65,97
proxy,PRU,2016-11-03,86.66999817,14.779176797057666,2016-11-04,86.65000153,81765.69885705835,81765.69885705835,False,77.985001377,14169.995862131249,7099167.926927756,2017-02-02,2017-02-03,106.1699982,EXIT_MA,17362.128200951254,1564534.0453469185,22.038273519527635,22.527404876319345,61,91
proxy,AKAM,2016-10-26,67.69999695,24.967739940521323,2016-10-27,68.08999634,107739.48651925902,107739.48651925902,False,61.280996706,14671.962485539652,7350653.205255366,2017-02-08,2017-02-09,63.83000183,EXIT_MA,13754.023243375128,-487395.606811177,-6.630643470742334,-6.256417592869557,71,105
proxy,TPL,2016-10-07,28.55555534,66.40156438518171,2016-10-10,28.88888931,261625.12165073928,261625.12165073928,False,26.000000379,15116.118360166984,7573175.298443659,2017-02-14,2017-02-15,34.53777695,EXIT_MA,18071.9001921797,1444702.8974540113,19.07658070124044,19.553841545734386,88,128
proxy,HAL,2016-10-19,49.06999969,24.783350881814233,2016-10-20,48.88999939,127094.24531482588,150986.25473201516,True,44.000999451,12427.275151828695,6226064.851066176,2017-02-16,2017-02-17,54.02000046,EXIT_MA,13731.262380740494,625835.0769233303,10.05185605826383,10.492945661703757,82,120
proxy,LITE,2017-02-16,51.84999847,61.37006376377321,2017-02-17,51.29999924,133298.70530866407,161548.41940083742,True,46.169999316,13676.4469620549,6851899.927989505,,2017-02-27,46.169999316,STOP,12308.802265849412,-709807.5973306485,-10.359281437125736,-9.999999999999998,6,10
proxy,ARES,2016-12-30,19.20000076,20.2042236761772,2017-01-03,19.04999924,390843.7406175208,401935.3969738216,True,17.144999316,14891.145923445056,7460464.107645973,2017-03-06,2017-03-07,19.5,EXIT_MA,15242.905884083313,145745.9285116,1.9535772360627006,2.3622088081511228,43,63
proxy,ECHO,2017-02-02,45.38087463,27.277031758017284,2017-02-03,45.45380783,10032.353819467673,179886.3303398129,True,40.908427047,912.0173651853003,456920.69995783543,2017-03-06,2017-03-07,42.00972366,EXIT_MA,842.912823230365,-36307.201165883336,-7.946061793487089,-7.577108133340749,21,32
proxy,TT,2016-11-04,53.33591843,11.540471358764647,2016-11-07,54.13498688,110729.0467012777,132151.52380414426,True,48.721488192,11988.63098081715,6006304.121389393,2017-03-09,2017-03-10,61.48952866,EXIT_MA,13617.353781265385,788755.4154620348,13.132125838469497,13.585561212571594,84,123
proxy,COHR,2017-02-08,38.75,59.09914001382243,2017-02-09,38.75,176762.79952209617,214182.36947398016,True,34.875,13699.116962962455,6863257.59844419,,2017-03-13,34.875,STOP,12329.205266666208,-710984.1703777527,-10.359281437125768,-9.999999999999998,22,32
proxy,CSX,2016-10-06,10.35333347,14.49596439005784,2016-10-07,10.32333279,729381.0217070666,729381.0217070666,False,9.290999511,15059.286035584524,7544702.303827846,2017-03-21,2017-03-22,15.21333313,EXIT_MA,22192.63292385873,3529421.5251776613,46.780129726085946,47.36842683921652,113,166
proxy,RJF,2016-10-27,41.30666733,16.990172088674687,2016-10-28,41.22000122,42958.57901712005,175584.58803819143,True,37.098001098000005,3541.50535899031,1774294.1848541452,2017-03-21,2017-03-22,48.83333206,EXIT_MA,4195.6211079375435,319320.74800668913,17.99705768820624,18.469991787156957,98,145
proxy,AXP,2017-01-10,76.65000153,14.433227408539906,2017-01-11,76.66999817,4279.463523876153,102111.6922130724,True,69.002998353,656.2129210883328,328762.6734652547,2017-03-21,2017-03-22,77.43000031,EXIT_MA,662.7177239607284,1933.4707911487203,0.5881053255740297,0.9912640643539028,48,70
proxy,BEN,2017-02-14,42.09999847,5.5827311761376786,2017-02-15,42.27999878,11614.267750356821,200263.63071868577,True,38.051998902,982.1024526313595,492033.32876831107,2017-03-21,2017-03-22,40.97999954,EXIT_MA,951.9053741341188,-17032.54707538581,-3.4616653140190237,-3.0747381208888425,24,35
proxy,FAST,2017-03-06,13.05500031,1.9453536253267512,2017-03-07,13.02999973,614796.7841199142,637927.7040922716,True,11.726999757,16021.6038621747,8026823.534949524,2017-03-27,2017-03-28,12.49499989,EXIT_MA,15363.771499901364,-360301.5564987436,-4.488719042220844,-4.105908296899097,15,21
proxy,COHR,2017-03-27,39.40000153,57.74314372014293,2017-03-28,39.45000076,193947.25961906512,210518.2356027634,True,35.505000684,15302.439078744075,7666521.978450782,,2017-03-31,35.505000684,STOP,13772.195170869667,-794196.5881868182,-10.359281437125757,-9.999999999999998,4,3
proxy,AMD,2017-02-01,12.06000042,183.38394161249505,2017-02-02,11.97999954,677630.2323052014,678144.8886638879,True,10.781999586,16236.01974261281,8134245.891049018,2017-04-06,2017-04-07,13.32999992,EXIT_MA,18065.621884835833,880499.4294840619,10.824598140719715,11.268784906814776,45,64
proxy,DPZ,2017-01-10,166.3600006,14.992959772347215,2017-01-11,166.9100037,47047.7358507709,47047.7358507709,False,150.21900333000002,15705.475529857587,7868443.240458651,2017-04-07,2017-04-10,175.1699982,EXIT_MA,16482.70360858723,356425.860226376,4.529814212723481,4.948771383916761,61,89
proxy,FLEX,2017-02-14,12.26073933,17.057130531801903,2017-02-15,12.37377453,687650.0935162869,687650.0935162869,False,11.136397077,17017.654425407898,8525844.867129358,2017-04-07,2017-04-10,12.33609581,EXIT_MA,16965.834874744753,-59893.26463172771,-0.7024906688443383,-0.3045046595010259,37,54
proxy,TTWO,2016-11-03,48.29000092,30.993253886447548,2016-11-04,48.29000092,146751.56006002447,146751.56006002447,False,43.461000827999996,14173.265940620033,7100806.236250636,2017-04-12,2017-04-13,57.77999878,EXIT_MA,16958.60992246262,1361540.1150582107,19.174443996335977,19.65209707848563,109,160
proxy,ACGL,2016-12-12,29.30333328,9.8867425878625,2016-12-13,29.39666748,253118.05002746644,268583.04990511865,True,26.457000732,14881.654299686872,7455708.804143122,2017-04-13,2017-04-17,31.01666641,EXIT_MA,15701.756240103236,379467.55966839194,5.089624201223129,5.510825099825212,84,125
proxy,INCY,2017-01-09,118.5299988,23.43146794236732,2017-01-10,119.0899963,65867.57622709524,65867.57622709524,False,107.18099667,15688.338818349479,7859857.747993089,2017-04-17,2017-04-18,125.1100006,EXIT_MA,16481.385002584862,364353.36829675734,4.635622933376754,5.05500418761875,67,98
proxy,STX,2017-04-11,49.09000015,31.54904682327218,2017-04-12,49.00999832,166551.80678863617,166551.80678863617,False,44.108998488000005,16325.407541808047,8179029.178445831,,2017-04-26,44.108998488000005,STOP,14692.866787627243,-847288.651419837,-10.359281437125741,-9.999999999999998,10,14
proxy,CTAS,2017-03-23,31.48749924,11.293412834430171,2017-03-24,31.60250092,178203.56019686008,263226.4705030039,True,28.442250828000002,11263.356350137092,5642941.531418683,2017-05-01,2017-05-02,30.41500092,EXIT_MA,10840.12289466955,-233720.20697857812,-4.1418151451202245,-3.757614003417298,26,39
proxy,CHTR,2017-01-17,306.1400146,31.889140745581322,2017-01-18,306.1499939,816.7167737017311,25458.713180626448,True,275.53499451000005,500.07567057362536,250537.9109573863,2017-05-03,2017-05-04,324.8900146,EXIT_MA,530.6862490640406,14274.527325569943,5.6975518279937605,6.121189310270281,74,106
proxy,TSLA,2017-05-01,21.52199936,28.106811493980093,2017-05-02,21.60000038,249927.0546535577,388063.76144610526,True,19.440000342,10796.848950978256,5409221.324440106,,2017-05-04,19.440000342,STOP,9717.16405588043,-560356.4605557714,-10.359281437125748,-9.999999999999998,3,2
proxy,GEN,2017-03-13,30.75,33.48820415925129,2017-03-14,30.70000076,199999.78140665256,275654.3676602833,True,27.630000684000002,12279.986882368137,6152273.428066436,2017-05-17,2017-05-18,29.95999908,EXIT_MA,11983.986533887024,-172264.1476568114,-2.800007991695378,-2.4104288654095862,46,65
proxy,HPE,2017-04-07,14.18153572,8.367124921616178,2017-04-10,14.22808361,577787.4657381045,577787.4657381045,False,12.805275249000001,16441.616742663526,8237249.988074426,2017-06-01,2017-06-02,13.45228863,EXIT_MA,15545.127511810437,-480231.3596810177,-5.82999618047623,-5.452561295428038,37,53
proxy,HPQ,2017-03-31,17.87999916,19.472510806364674,2017-04-03,17.93000031,382521.36393388215,464988.1390481186,True,16.137000279000002,13717.216347832262,6872325.390263963,2017-06-06,2017-06-07,18.35000038,EXIT_MA,14038.534347089711,132903.2489338033,1.9338905157501358,2.3424431831479353,45,65
proxy,IDXX,2017-02-02,139.0700073,40.52710808846214,2017-02-03,139.5299988,58699.92504704366,58699.92504704366,False,125.57699892,16380.800942748181,8206781.272316839,2017-06-12,2017-06-13,159.3500061,EXIT_MA,18707.6668286319,1128344.4751704792,13.748928328047649,14.204835856416565,89,130
proxy,TER,2017-04-26,33.77000046,36.36453175253088,2017-04-27,35.0,209060.18041134856,245692.3140071708,True,31.5,14634.2126287944,7331740.527025994,2017-06-12,2017-06-13,33.72000122,EXIT_MA,14099.019077048186,-296330.00757894944,-4.041741609466792,-3.657139371428575,32,47
proxy,BKNG,2017-05-04,76.41639709,23.027028645601117,2017-05-05,76.72000122,63075.943873173586,109234.89554298425,True,69.048001098,9678.372981805058,4848864.863884334,2017-06-12,2017-06-13,73.02919769,EXIT_MA,9212.771149194677,-251692.06043619104,-5.190741905613044,-4.810744879182627,26,39
proxy,SWKS,2017-04-07,101.8199997,30.38400447682685,2017-04-10,101.9000015,80474.50017752462,80474.50017752462,False,91.71000135,16400.70337760302,8216752.392179112,2017-06-14,2017-06-15,100.7399979,EXIT_MA,16214.00195777476,-125965.41524950694,-1.533031655784147,-1.1383744680317776,46,66
proxy,KLAC,2017-04-19,9.758999825,20.294899496556653,2017-04-20,9.800000191,832425.1104514407,832425.1104514407,False,8.8200001719,16315.53248283463,8174081.773900149,2017-06-14,2017-06-15,9.722999573,EXIT_MA,16187.33798694767,-96600.11841326207,-1.1817855642416784,-0.7857205765232189,39,56
proxy,APO,2017-01-06,21.42000008,20.6515444191304,2017-01-09,21.46999931,368040.83742910594,368040.83742910594,False,19.322999379,15803.673051309454,7917640.198706036,2017-06-26,2017-06-27,26.18000031,EXIT_MA,19270.618475973308,1698398.420804644,21.45081587670793,21.93759269384905,117,169
proxy,LRCX,2017-04-19,13.61699963,33.04002151943518,2017-04-20,13.69999981,596580.5043663069,596580.5043663069,False,12.329999829,16346.305592936218,8189499.102061045,2017-06-26,2017-06-27,14.82600021,EXIT_MA,17689.805366033546,637713.7755896943,7.786969235141637,8.218981135883684,47,68
proxy,MAR,2017-03-22,92.13999939,14.111527443109741,2017-03-23,92.13999939,90230.80614923681,90230.80614923681,False,82.925999451,16627.732847099778,8330494.156396989,2017-06-27,2017-06-28,101.0,EXIT_MA,18226.62284214584,764590.6418337841,9.178214731075162,9.615802766069459,67,97
proxy,LITE,2017-06-06,62.84999847,65.25085705019048,2017-06-07,62.95000076,111060.30281966843,138353.19627674622,True,56.655000684,13982.492293807916,7005228.639197766,,2017-06-29,56.655000684,STOP,12584.243064427124,-725691.3500486305,-10.359281437125743,-9.999999999999998,17,22
proxy,ZBRA,2017-06-01,108.1399994,38.57957564412911,2017-06-02,108.3300018,71462.52588060836,80505.03807429991,True,97.49700162,15483.0711145577,7757018.628393408,2017-06-29,2017-06-30,100.6399994,EXIT_MA,14383.977123493818,-579414.0437699929,-7.469545601568292,-7.098682056885197,20,28
proxy,TSLA,2017-06-14,25.37733269,64.44976601986703,2017-06-15,24.83333206,335577.84430601296,335577.84430601296,False,22.349998854,16667.0320792604,8350183.071709461,,2017-07-05,22.349998854,STOP,15000.328871334359,-865018.964913615,-10.359281437125752,-10.000000000000009,14,20
proxy,NRG,2017-06-26,17.63999939,13.994621228102588,2017-06-27,17.64999962,483866.4873256188,483866.4873256188,False,15.884999658,17080.486634855813,8557323.804062763,2017-07-07,2017-07-10,16.20999908,EXIT_MA,15686.950628782224,-729535.4403004339,-8.525275623601763,-8.158643461772497,8,13
proxy,MTD,2017-04-19,492.8699951,16.63057008126757,2017-04-20,494.730011,2241.8589618114947,16482.310929828433,True,445.2570099,2218.2298176748986,1111333.1386551242,2017-07-28,2017-07-31,580.5200195,EXIT_MA,2602.8880164541174,187507.98155548028,16.872346826838296,17.340773066625225,70,102
proxy,IP,2017-06-12,52.16856003,4.0265016650581815,2017-06-13,52.08333206,162164.53409801197,162164.53409801197,False,46.874998854,16892.1385555639,8462961.416337512,2017-07-28,2017-07-31,51.77083206,EXIT_MA,16790.78572175264,-84359.3411829453,-0.9968064018357915,-0.6000000146688,33,48
proxy,BAX,2017-03-09,52.13000107,9.337299383994461,2017-03-10,52.27999878,129714.9330913565,159151.1303110114,True,47.051998902,13562.9930875278,6795059.536851428,2017-08-02,2017-08-03,59.09999847,EXIT_MA,15332.304694470644,855760.5056894226,12.593863247973092,13.045141256983017,101,146
proxy,ICE,2017-06-27,65.37999725,8.434545836366999,2017-06-28,65.81999969,128204.3095303086,128204.3095303086,False,59.237999721,16876.815227083156,8455284.42876866,2017-08-07,2017-08-08,64.20999908,EXIT_MA,16463.997193986303,-239749.8289694963,-2.8355028265372137,-2.4460659641185156,28,41
proxy,EXPE,2017-07-28,159.5,17.10086817147527,2017-07-31,159.2799988,7550.849167643457,52926.45464416634,True,143.35199892,2405.3984927224615,1205104.6448539533,2017-08-07,2017-08-08,148.3699951,EXIT_MA,2240.6389080081976,-87025.82975786249,-7.2214334356340615,-6.84957545341216,6,8
proxy,SW,2017-06-14,30.14999962,9.684893799328217,2017-06-15,30.14999962,258788.74619727163,282456.739823558,True,27.134999657999998,15604.961199016032,7818085.560707032,2017-08-09,2017-08-10,29.85000038,EXIT_MA,15449.688344656564,-108691.07672340609,-1.39025181906012,-0.9950223674331071,39,56
proxy,XYZ,2017-02-27,17.93000031,46.541744917877125,2017-02-28,17.79000092,344566.1803444247,474047.7493521185,True,16.011000828,12259.665330656402,6142092.330658858,2017-08-10,2017-08-11,24.40999985,EXIT_MA,16821.72082104496,2251946.3590425765,36.6641567369765,37.21190886818682,115,164
proxy,PKG,2017-06-26,111.0800018,26.56854138944119,2017-06-27,110.9899979,76840.1548699413,76840.1548699413,False,99.89099811000001,17056.97725530092,8545545.604905762,2017-08-10,2017-08-11,107.1500015,EXIT_MA,16466.845419148885,-328589.74075046834,-3.845158120294087,-3.4597679724796215,32,45
proxy,RJF,2017-06-28,53.80666733,18.714189073816488,2017-06-29,54.60666656,36190.26983616129,157219.21293552624,True,49.145999904,3952.459995319371,1980182.457655005,2017-08-10,2017-08-11,53.14666748,EXIT_MA,3846.7844739878765,-60637.0051350547,-3.062192824739139,-2.6736645394675462,30,43
proxy,ALB,2017-08-07,123.0800018,20.827652288536576,2017-08-08,119.1299973,6772.787773381689,69103.8218158714,True,107.21699757,1613.6843783128672,808455.8735347465,2017-08-10,2017-08-11,110.0,EXIT_MA,1490.0133101439717,-64939.23177290463,-8.032501698450908,-7.66389449082947,3,3
proxy,BAC,2017-06-29,24.31999969,22.999504323635232,2017-06-30,24.62000084,341442.25607815944,341442.25607815944,False,22.158000756,16812.61726291156,8423121.248718692,2017-08-11,2017-08-14,24.22999954,EXIT_MA,16546.291415420732,-166521.8324237466,-1.9769611229219517,-1.5840832115909809,30,45
proxy,C,2017-06-29,66.98000336,18.935487355264186,2017-06-30,67.55999756,74363.12701510508,123975.44260101899,True,60.803997804,10047.945359388941,5034020.625053859,2017-08-18,2017-08-21,66.58000183,EXIT_MA,9902.194265500437,-92825.68656914122,-1.8439671483894262,-1.4505561950763357,35,52
proxy,KEYS,2017-07-07,40.06999969,11.699026720200365,2017-07-10,39.93999863,208082.26019341283,208082.26019341283,False,35.945998767,16621.610374104424,8327426.797426316,2017-08-21,2017-08-22,39.97999954,EXIT_MA,16638.257333629612,-24936.38794513978,-0.29944890002331387,0.10015250719102031,31,43
proxy,ALL,2017-06-12,87.91999817,10.721400282898594,2017-06-13,87.94000244,96222.5933566477,96222.5933566477,False,79.146002196,16923.630189133455,8478738.72475586,2017-08-28,2017-08-29,90.0,EXIT_MA,17320.066804196584,163974.61053823493,1.9339505068067357,2.342503414649655,54,77
proxy,PGR,2017-05-17,41.15999985,10.53142499395746,2017-05-18,41.38999939,144191.18681077473,202227.0484446158,True,37.250999451,11936.146268282684,5980009.280409625,2017-08-31,2017-09-01,46.52000046,EXIT_MA,13415.548153530373,714349.2482020305,11.945621063536182,12.394300907478218,74,106
proxy,CHTR,2017-08-09,400.8999939,27.701639228828334,2017-08-10,398.6900024,19298.217724863476,21183.900284827127,True,358.82100216000003,15388.012942083085,7709394.483983626,2017-09-15,2017-09-18,370.2000122,EXIT_MA,14288.40087436543,-579482.4476752756,-7.516575379287679,-7.145900330707667,26,39
proxy,VRTX,2017-08-31,160.5399933,51.82249212532719,2017-09-01,160.7599945,41558.82535527565,53013.65772354641,True,144.68399505000002,13361.99307108115,6694358.528611655,2017-09-20,2017-09-21,153.2200012,EXIT_MA,12735.286541611853,-339450.5443473412,-5.070695614770724,-4.690217440882027,13,20
proxy,CRM,2017-08-22,92.94999695,6.018573927739186,2017-08-23,92.13999939,89927.48672880694,90429.04298811682,True,82.925999451,16571.83714467301,8302490.409481177,2017-09-25,2017-09-26,92.94999695,EXIT_MA,16717.51923432754,39551.688448265195,0.47638342831565866,0.8790943839401821,23,34
proxy,PODD,2017-06-12,43.84000015,3.1058913578882255,2017-06-13,44.02000046,91276.07772229648,192971.94805847,True,39.618000414,8035.945966644974,4026008.929289132,2017-09-29,2017-10-02,55.08000183,EXIT_MA,10054.973055958626,991422.6256342218,24.62544527464017,25.124946057304065,77,111
proxy,APTV,2017-05-03,72.93377686,16.527078052872472,2017-05-04,72.84157562,3628.200904392677,113982.65456680862,True,65.557418058,528.5677410837432,264812.4382829553,2017-10-17,2017-10-18,81.68482971,EXIT_MA,592.7379460579676,30963.7967999705,11.69272750205385,12.140393744547072,116,167
proxy,TPL,2017-08-02,40.69666672,34.82372197155893,2017-08-03,41.0,186232.90108906213,208611.86635944364,True,36.9,15271.097889303093,7650820.04254085,2017-10-24,2017-10-25,43.95777893,EXIT_MA,16372.7693911311,519191.8836335689,6.786094572172742,7.2140949512195185,58,83
proxy,LYV,2017-08-10,39.61000061,25.38698403465729,2017-08-11,39.29999924,210491.29232844198,210491.29232844198,False,35.369999316,16544.615257068774,8288852.243791455,2017-11-02,2017-11-03,41.29000092,EXIT_MA,17382.371307786714,384951.0387941152,4.644201965144843,5.063617604283688,59,84
proxy,APO,2017-08-07,29.92000008,28.41788475430025,2017-08-08,29.93000031,284267.9976852571,284267.9976852571,False,26.937000279,17016.28251768565,8525157.54136051,2017-11-09,2017-11-10,30.44000053,EXIT_MA,17306.23600040253,110654.22284035198,1.2979727624211497,1.7039766612685359,67,94
proxy,ON,2017-08-30,17.05999947,20.31609532714877,2017-08-31,17.0,17643.276751848734,493867.0021414348,True,15.3,599.871409562857,300535.5761909914,2017-11-29,2017-11-30,19.96999931,EXIT_MA,704.6724491211165,51095.97592044575,17.001639728660304,17.47058417647058,63,91
proxy,NVDA,2017-09-15,4.50274992,68.67700179091325,2017-09-18,4.628499985,1537362.147135976,1904991.19244788,True,4.1656499865,14231.361349916866,7129912.03630835,2017-11-29,2017-11-30,4.980000019,EXIT_MA,15312.127043894085,510839.35859479755,7.164735777852521,7.594253756922065,52,73
proxy,LRCX,2017-10-17,19.45499992,40.740830122307926,2017-10-18,19.70800018,14977.971415677777,455661.3109116147,True,17.737200162,590.371726712425,295776.23508292495,2017-11-29,2017-11-30,19.74099922,EXIT_MA,591.3602440681547,-687.4732929157908,-0.23243019937793452,0.16743981986304668,30,43
proxy,MU,2017-09-29,39.33000183,51.33605940878996,2017-10-02,39.59999847,126449.922094666,219502.43624321028,True,35.639998623000004,10014.833442960788,5017431.554923355,2017-12-01,2017-12-04,41.95000076,EXIT_MA,10609.14865594636,276533.6243938785,5.511457831896678,5.934349446453391,44,63
proxy,ISRG,2017-08-15,109.4855576,26.12759747042243,2017-08-16,109.5633316,77408.71495201235,77408.71495201235,False,98.60699844,16962.313410034414,8498119.018427242,2017-12-04,2017-12-05,123.2300034,EXIT_MA,19078.152413452226,1021879.0358854197,12.024767288732798,12.473764352014282,77,111
proxy,A,2017-08-16,62.13999939,13.434981598968484,2017-08-17,62.0,136932.8546221233,136932.8546221233,False,55.800000000000004,16979.673973143286,8506816.660544787,2017-12-04,2017-12-05,66.19999695,EXIT_MA,18129.90911667871,540007.988677891,6.347944363048118,6.774188629032252,76,110
proxy,V,2017-08-16,103.3199997,12.211452201231266,2017-08-17,103.3300018,21604.599788170923,82355.86069876558,True,92.99700162,4464.806669999963,2236868.141669981,2017-12-04,2017-12-05,108.8899994,EXIT_MA,4705.049715942344,110951.66658524843,4.960134418223468,5.380816319699311,76,110
proxy,XYZ,2017-11-09,37.95999908,104.03358818454119,2017-11-10,37.65000153,228912.99507925732,249613.23673099026,True,33.885001377,17237.149229941842,8635811.764200862,2017-12-13,2017-12-14,35.84999847,EXIT_MA,16413.061046708986,-445694.3018930787,-5.161000657062402,-4.78088442723098,23,34
proxy,ALGN,2017-07-28,173.0599976,62.10920922683562,2017-07-31,173.3399963,48779.43853470001,48779.43853470001,False,156.00599667,16910.855390241955,8472338.550511219,2017-12-21,2017-12-22,216.3699951,EXIT_MA,21108.813753467588,2060959.5124691073,24.325745485521814,24.8240450666261,102,144
proxy,PYPL,2017-09-20,64.73999786,35.62944669406129,2017-09-21,64.66999817,98070.56930043416,133765.99364196416,True,58.202998353,12684.44707437987,6354907.984264315,2017-12-29,2018-01-02,74.23500061,EXIT_MA,14560.537543681556,910800.2500327807,14.332233484545423,14.790478909333181,70,103
proxy,TSN,2017-12-04,83.55999756,25.232542969234895,2017-12-05,83.83999634,113473.71267752451,113473.71267752451,False,75.45599670600001,19027.27131113973,9532662.926881006,2018-01-16,2018-01-17,79.20999908,EXIT_MA,17976.5053535818,-562386.7554436866,-5.899576642512147,-5.5224206370713125,28,43
proxy,LHX,2017-08-28,121.3300018,10.032968031148787,2017-08-29,120.7600021,68942.75058721386,68942.75058721386,False,108.68400188999999,16651.053411383444,8342177.7591031045,2018-01-23,2018-01-24,142.6199951,EXIT_MA,19665.229501857924,1470771.7623239998,17.630549297742697,18.10201442518857,101,148
proxy,NVR,2017-04-17,2146.639893,18.034938431162484,2017-04-18,2141.0,3784.7491760105463,3784.7491760105463,False,1926.9,16206.29597167716,8119354.281810258,2018-01-25,2018-01-26,3374.98999,EXIT_MA,25546.98116739268,4628589.320718691,57.00686483268864,57.636150864082204,196,283
proxy,PHM,2017-07-07,24.94000053,10.32045421425894,2017-07-10,24.65999985,282708.132624568,334316.5968025965,True,22.193999865,13943.165016231254,6985525.673131858,2018-01-29,2018-01-30,32.77000046,EXIT_MA,18528.691272305667,2260291.2717486704,32.356781400751785,32.887269502558425,141,204
proxy,NWSA,2017-12-04,16.54000092,17.802417892027993,2017-12-05,16.59000015,122810.20977190335,573268.5989752706,True,14.931000135000001,4074.842797074816,2041496.241334483,2018-02-02,2018-02-05,16.39999962,EXIT_MA,4028.17478718267,-31437.022530330578,-1.5399010732334664,-1.1452714182163648,41,62
proxy,CAT,2017-10-24,138.2400055,26.21300522414163,2017-10-25,137.2100067,59424.999045205484,66105.44081552711,True,123.48900603000001,16307.409034280277,8170011.926174419,2018-02-05,2018-02-06,148.0700073,EXIT_MA,17598.120084852137,611449.9961667974,7.484077155479831,7.91487505991062,70,104
proxy,TDY,2017-11-02,178.0899963,25.97881165945181,2017-11-03,178.2100067,48574.65897834797,52415.76201479012,True,160.38900603000002,17312.980603963217,8673803.28258557,2018-02-05,2018-02-06,179.5500031,EXIT_MA,17443.160340287643,30333.727217962965,0.34971656872670964,0.751919841547255,63,95
proxy,BF-B,2017-12-01,48.56000137,10.211753865112597,2017-12-04,48.65599823,108586.78425581094,200073.70673885575,True,43.790398407000005,10566.796765104258,5293965.179317233,2018-02-05,2018-02-06,50.57600021,EXIT_MA,10983.770446650236,186936.2735612346,3.531120194964031,3.946074584523007,43,64
proxy,SCHW,2017-12-04,51.54999924,20.103095953260425,2017-12-05,50.68000031,183935.2724393578,183935.2724393578,False,45.612000279,18643.679328493174,9340483.34357508,2018-02-05,2018-02-06,50.0,EXIT_MA,18393.52724393578,-162113.24885112792,-1.7355980722629165,-1.3417527739553292,42,63
proxy,ACN,2017-12-21,154.1999969,10.38838875261778,2017-12-22,155.7799988,6112.633174750749,62240.218469484425,True,140.20199892,1904.4519772550238,954130.440604767,2018-02-05,2018-02-06,150.2899933,EXIT_MA,1837.3351977572956,-37300.17692387651,-3.9093372705134666,-3.524204353762006,29,46
proxy,ISRG,2018-01-25,149.9366608,32.325913628992495,2018-01-26,145.956665,15785.050588580501,69062.52700870777,True,131.3609985,4607.866681530993,2308541.207447028,,2018-02-06,130.2266693,STOP,4111.269125765686,-257017.91368995025,-11.13334745166544,-10.77716848353585,8,11
proxy,LVS,2018-01-29,79.02999878,16.2726041365319,2018-01-30,78.40000153,117695.94439240886,133295.90805978482,True,70.560001377,18454.724440879298,9245816.944880528,,2018-02-06,70.560001377,STOP,16609.251996791372,-957800.1984816343,-10.359281437125736,-9.999999999999986,6,7
proxy,MAR,2017-09-25,108.8700027,15.67017884692315,2017-09-26,109.0699997,76330.71732096873,78473.5005353453,True,98.16299973,16650.78263059769,8342042.097929441,2018-02-08,2018-02-09,134.5399933,EXIT_MA,20539.068393894653,1906953.03062399,22.859546957900278,23.35196999179967,94,136
proxy,ODFL,2017-11-29,42.34999847,25.689891409121312,2017-11-30,42.77666855,193351.42565949966,229433.20091560666,True,38.499001695,16541.859698212764,8287471.708804594,2018-02-08,2018-02-09,44.75999832,EXIT_MA,17308.81897537762,349628.95990883745,4.218765049145113,4.636475530304018,48,71
proxy,ANET,2018-02-14,18.88249969,80.8350922402022,2018-02-15,19.125,527226.9484423938,527226.9484423938,False,17.212500000000002,20166.430777921563,10103381.819738703,,2018-02-16,16.125,STOP,17003.069087267202,-1618850.345192369,-16.022856248287727,-15.686274509803921,2,1
proxy,LULU,2018-02-07,80.98999786,25.110858037530793,2018-02-08,81.75,122368.6035595725,122368.6035595725,False,73.575,20007.266681990102,10023640.60767704,2018-03-15,2018-03-16,79.47000122,EXIT_MA,19449.266148337847,-318456.79965645634,-3.1770572401862887,-2.788989333333336,25,36
proxy,TPL,2017-12-21,46.48333359,16.528531295041137,2017-12-22,46.30222321,206470.59394884977,206470.59394884977,False,41.672000889,19120.095054641835,9579167.622375559,2018-03-19,2018-03-20,57.55666733,EXIT_MA,23767.518578682913,2280824.148387216,23.810254066956073,24.306487550190358,58,88
proxy,ABBV,2018-01-16,102.4899979,24.221154144304876,2018-01-17,103.0,86916.22746194329,98221.31195376837,True,92.7,17904.74285716032,8970276.17143732,2018-03-19,2018-03-20,112.9000015,EXIT_MA,19625.68442165548,822940.3549687639,9.174080476910255,9.611651941747578,43,62
proxy,P,2018-01-25,19.54999924,34.1260491410104,2018-01-26,19.67000008,529667.7794702285,529667.7794702285,False,17.703000072000002,20837.130529105634,10439402.395081922,2018-03-22,2018-03-23,19.65999985,EXIT_MA,20826.53692986905,-46960.467077266425,-0.44983865263580447,-0.05084000996100624,39,56
proxy,DECK,2018-02-02,15.60499954,35.5961879506513,2018-02-05,15.58500004,128716.52995870267,652293.4752870963,True,14.026500036000002,4012.0942491100845,2010059.2188041524,2018-03-22,2018-03-23,15.16499996,EXIT_MA,3903.9723433501294,-61977.01947243791,-3.083342962866039,-2.694899447687149,33,46
proxy,BMY,2018-02-15,68.98000336,8.545554529687292,2018-02-16,68.86000061,32122.497115544942,145774.02545015412,True,61.974000549,4423.910341942296,2216379.0813130904,2018-03-22,2018-03-23,64.05000305,EXIT_MA,4114.89207644854,-163047.93516526907,-7.356500363136055,-6.985183731324973,24,35
proxy,CSCO,2018-02-15,44.08000183,21.066079766563906,2018-02-16,43.88999939,228119.15489778362,228119.15489778362,False,39.500999451,20024.29913862208,10032173.868449662,2018-03-23,2018-03-26,43.25,EXIT_MA,19732.306898658284,-185752.72601917945,-1.8515700430926147,-1.4581895623033914,25,38
proxy,AMZN,2018-01-23,68.1269989,28.955105008971806,2018-01-24,68.74099731,142467.5692683143,152300.7222064894,True,61.866897578999996,19586.725591670864,9812949.521427102,2018-03-28,2018-03-29,70.30000305,EXIT_MA,20030.94110817717,182490.09155330434,1.859686439381222,2.2679416956512544,45,64
proxy,VRSN,2018-03-15,125.3099976,15.431981769392717,2018-03-16,125.5699997,77134.76313445655,81522.38356105525,True,113.01299973,19371.62436730656,9705183.808020584,2018-03-28,2018-03-29,116.9300003,EXIT_MA,18038.735752904868,-703854.6673210561,-7.2523579279289345,-6.8806238915679385,9,13
proxy,TKO,2017-12-13,31.87999916,42.251350645445555,2017-12-14,31.82999992,256794.53166843925,299148.3489517736,True,28.646999928,16347.539844925717,8190117.462307784,2018-04-02,2018-04-03,35.16999817,EXIT_MA,18062.926417690032,823282.8201195421,10.052149116400587,10.493239894422214,73,110
proxy,NFLX,2018-01-02,20.10700035,21.030675863706545,2018-01-03,20.20499992,358881.7545836344,481417.94997306773,True,18.184499928,14502.411645303582,7265708.234297095,2018-04-02,2018-04-03,28.54500008,EXIT_MA,20488.55942660077,2958082.9195766896,40.71293291978525,41.276912610846495,61,90
proxy,IEX,2018-03-20,150.3699951,21.69367341849766,2018-03-21,150.0599976,67710.60808725897,67710.60808725897,False,135.05399784,20321.307374137243,10180974.994442757,2018-04-02,2018-04-03,140.3699951,EXIT_MA,19009.075450853124,-695446.3444670476,-6.830842280298832,-6.457418802464376,8,13
proxy,NOC,2018-02-14,349.6199951,20.857988836880853,2018-02-15,352.9899902,28474.809307390064,28474.809307390064,False,317.69099118,20102.645316724975,10071425.303679213,2018-04-24,2018-04-25,337.0,EXIT_MA,19192.021473180903,-494606.5885619428,-4.910988997567773,-4.529870716996898,47,69
proxy,EL,2017-08-18,105.9199982,14.739580993700812,2017-08-21,105.3899994,46791.273384681735,78452.33004432709,True,94.85099946,9862.664547873686,4941194.938484717,2018-05-01,2018-05-02,140.0,EXIT_MA,13101.556547710887,1596481.7788230153,32.30962952683258,32.83992864317258,175,254
proxy,COP,2018-03-23,57.74000168,15.352408825143717,2018-03-26,58.36999893,170162.08160919597,170162.08160919597,False,52.532999037,19864.721042910685,9952225.242498253,2018-06-15,2018-06-18,65.56999969,EXIT_MA,22315.055276729472,1182987.3405897543,11.886661643650616,12.335105177292483,58,84
proxy,CVNA,2018-06-15,8.56400013,109.6651438625732,2018-06-18,8.463999748,1312971.046873461,1393730.0541265472,True,7.617599773200001,22225.973219736545,11135212.583088009,,2018-06-21,7.617599773200001,STOP,20003.375897762886,-1153528.0101043284,-10.359281437125764,-9.999999999999998,4,3
proxy,TYL,2018-02-15,205.8699951,12.06991198244328,2018-02-16,205.9700012,48843.896656567005,48843.896656567005,False,185.37300108000002,20120.754905931568,10080498.207871715,2018-06-25,2018-06-26,225.5599976,EXIT_MA,22034.458425259803,914696.5463329274,9.073922017253613,9.511092045378877,89,130
proxy,VST,2018-04-11,21.46999931,18.364892277644405,2018-04-12,21.55999947,460847.156398069,460847.156398069,False,19.403999523000003,19871.728895386754,9955736.176588763,2018-06-25,2018-06-26,23.36000061,EXIT_MA,21530.779709151313,788122.8982777428,7.91626941793656,8.348799555884213,52,75
proxy,FFIV,2018-04-13,155.0599976,14.736256644001083,2018-04-16,156.0,27098.848653846224,64130.63992670143,True,140.4,8454.840780000022,4235875.230780011,2018-06-25,2018-06-26,170.6499939,EXIT_MA,9248.836714951763,379294.2899809191,8.95433102525719,9.391021730769221,50,71
proxy,ADBE,2018-03-20,229.75,43.02985029293848,2018-03-21,228.7599945,44316.18631686247,44316.18631686247,False,205.88399505,20275.541076212867,10158046.079182647,2018-06-27,2018-06-28,236.5899963,EXIT_MA,20969.532713473203,305750.74484048225,3.0099365808850913,3.422802058163188,69,99
proxy,PANW,2018-04-05,32.73333359,40.08516090995939,2018-04-06,32.29666519,302964.35948950006,302964.35948950006,False,29.066998671,19569.476965870366,9804307.959901053,2018-06-27,2018-06-28,33.33000183,EXIT_MA,20195.60531241963,273299.0909963418,2.787540865853218,3.199514977540008,58,83
proxy,EXR,2018-06-25,100.0100021,16.53255862074146,2018-06-26,100.0,116053.25521135482,116053.25521135482,False,90.0,23210.65104227096,11628536.172177752,2018-07-16,2018-07-17,96.70999908,EXIT_MA,22447.020409442262,-427472.98786606453,-3.676068780598795,-3.2900009200000024,14,21
proxy,CPRT,2018-02-16,11.61750031,32.00449987516709,2018-02-20,11.58250046,731068.072151181,855932.0486142344,True,10.424250414000001,16935.192563964734,8484531.474546332,2018-07-27,2018-07-30,14.21500015,EXIT_MA,20784.265510578498,1886817.0152323395,22.23831711736596,22.728250252104875,111,160
proxy,LULU,2018-03-28,85.95999908,27.14594308339328,2018-03-29,86.79000092,113155.14960092709,113155.14960092709,False,78.111000828,19641.471075934398,9840377.009043135,2018-07-27,2018-07-30,120.0400009,EXIT_MA,27166.288519869846,3715600.9623719174,37.75872569676289,38.310864877912245,84,123
proxy,FTNT,2018-02-13,9.623999596,15.528117096504115,2018-02-14,9.586000443,1016102.2875059285,1016102.2875059285,False,8.6274003987,19480.713956330288,9759837.692121474,2018-07-30,2018-07-31,12.61999989,EXIT_MA,25646.421513107136,3037726.642918987,31.124765992483255,31.650316156781777,115,167
proxy,RMD,2018-06-22,107.9300003,18.365307219050532,2018-06-25,107.8499985,92366.8167773031,110145.82445830562,True,97.06499865,19923.52210176383,9981684.572983678,2018-07-30,2018-07-31,104.9800034,EXIT_MA,19393.337478656915,-304409.1711338777,-3.0496773255867886,-2.6610988779939504,25,36
proxy,ACN,2018-06-28,164.5,9.66888636011383,2018-06-29,164.1900024,71518.68765775142,71518.68765775142,False,147.77100216,23485.30699634211,11766138.805167397,2018-07-30,2018-07-31,160.3000031,EXIT_MA,22928.89170649097,-324621.84362840466,-2.7589496350819758,-2.3692059462446347,21,32
proxy,CMG,2018-07-27,9.446000099,27.236681188262878,2018-07-30,9.402999878,1219010.4801239162,1283377.4765816224,True,8.4626998902,22924.710791771806,11485280.106677676,2018-07-31,2018-08-01,8.699999809,EXIT_MA,21210.781888494137,-901099.944319101,-7.845694105407068,-7.476338169957808,2,2
proxy,AXON,2018-04-03,42.40000153,68.76943127013952,2018-04-04,41.90999985,230189.6045991476,230189.6045991476,False,37.718999865,19294.49258844367,9666540.786810279,2018-08-06,2018-08-07,67.01000214,EXIT_MA,30850.011793589267,5727615.098190766,59.25196225319749,59.890246671045986,87,125
proxy,KKR,2018-07-02,25.93000031,24.374856768146802,2018-07-03,26.0,454867.15278378205,454867.15278378205,False,23.400000000000002,23653.09194475667,11850199.06432309,2018-08-13,2018-08-14,25.25,EXIT_MA,22970.791215580994,-387774.24774817564,-3.2723015507446767,-2.8846153846153855,29,42
proxy,PSX,2018-07-30,122.1500015,16.784337778674374,2018-07-31,122.5999985,97047.37922608465,97047.37922608465,False,110.33999865,23796.01709509382,11921804.564642005,2018-08-16,2018-08-17,115.3300018,EXIT_MA,22384.94884165925,-751715.0926540382,-6.305380100622469,-5.929850561947592,13,17
proxy,CSGP,2018-04-24,38.50099945,33.19995993554424,2018-04-25,38.16699982,250417.9881461867,260622.52934836046,True,34.350299838000005,19115.40661700054,9576818.71511727,2018-09-17,2018-09-18,42.13000107,EXIT_MA,21100.22021709219,952191.173211731,9.942666782536785,10.383318753609071,101,146
proxy,IEX,2018-07-31,153.5800018,10.599152682952242,2018-08-01,153.3899994,76951.32649165124,76951.32649165124,False,138.05099945999999,23607.127848767177,11827171.052232355,2018-09-28,2018-10-01,151.8600006,EXIT_MA,23371.65697438591,-164714.22201378644,-1.392676416755611,-0.9974566829550335,42,61
proxy,EW,2018-09-28,58.03333282,25.572327958502143,2018-10-01,58.25,199814.2227171163,229673.25679949333,True,52.425000000000004,23278.35694654405,11662456.830218568,,2018-10-03,52.425000000000004,STOP,20950.521251889648,-1208146.7255256344,-10.359281437125734,-9.999999999999998,3,2
proxy,SYY,2018-08-13,72.75,18.88823707949955,2018-08-14,73.18000031,156320.65696454304,164704.65065324886,True,65.862000279,22879.091450249325,11462424.816574913,2018-10-03,2018-10-04,72.19000244,EXIT_MA,22569.577215385532,-200205.78609753214,-1.7466268202521187,-1.3528257253433096,36,51
proxy,NKE,2018-06-29,79.68000031,28.800752305295806,2018-07-02,78.58000183,146904.11310266826,146904.11310266826,False,70.722001647,23087.4509528844,11566812.927395083,2018-10-04,2018-10-05,80.08999634,EXIT_MA,23531.09976144729,175205.85356711596,1.5147288597722086,1.921601520532823,67,95
proxy,AMZN,2018-07-16,91.12449646,44.711031003640365,2018-07-17,90.57800293,124340.10597185174,134452.14160498074,True,81.520202637,22524.956966069793,11285003.440000966,2018-10-04,2018-10-05,95.89949799,EXIT_MA,23848.307485447967,615301.9952375684,5.452386421581061,5.875041276978177,57,80
proxy,ILMN,2018-07-31,315.5252991,41.47949425398276,2018-08-01,315.3112793,37455.5856370637,37455.5856370637,False,283.78015137000006,23620.33724830652,11833788.961401567,2018-10-05,2018-10-08,320.0583801,EXIT_MA,23975.94812939087,130209.15516447648,1.1003166913756997,1.5055283815214926,47,68
proxy,KKR,2018-09-17,27.62000084,20.68544227054328,2018-09-18,27.61000061,380586.51460956794,471357.4912742363,True,24.849000549,21015.98780105589,10529009.888329001,2018-10-08,2018-10-09,26.14999962,EXIT_MA,19904.67442483465,-596577.3503365107,-5.666034666733418,-5.287942621309494,15,21
proxy,TECH,2018-08-06,42.21250153,17.256926213629274,2018-08-07,42.95000076,284804.5156985583,284804.5156985583,False,38.655000684,24464.708331409023,12256818.874035921,2018-10-09,2018-10-10,47.11249924,EXIT_MA,26835.705058793792,1134197.95030218,9.253607824007206,9.691498035726687,45,64
proxy,CNC,2018-03-29,53.43500137,16.183089142477026,2018-04-02,53.73500061,184502.17100659412,184502.17100659412,False,48.361500549,19828.44854317132,9934052.720128829,2018-10-10,2018-10-11,70.91000366,EXIT_MA,26166.099242711072,3122830.8019839954,31.43561736547234,31.962413427057367,135,192
proxy,TKO,2018-04-10,38.68000031,50.92664653677627,2018-04-11,38.52000046,256103.50523307838,256103.50523307838,False,34.668000414,19730.214278771582,9884837.353664564,2018-10-10,2018-10-11,82.33000183,EXIT_MA,42170.004109017515,11157994.696735175,112.87990178815252,113.7331278474237,128,183
proxy,TPL,2018-05-01,65.64221954,45.38545961404554,2018-05-02,65.67444611,99348.03944070851,153673.67262566142,True,59.107001499000006,13049.254924765934,6537676.717307732,2018-10-10,2018-10-11,88.57333374,EXIT_MA,17599.174107593117,2244311.1623812327,34.328879499955725,34.86727180256075,113,162
proxy,AMD,2018-07-27,18.94000053,48.31508722724657,2018-07-30,19.39999962,640062.4831896126,640062.4831896126,False,17.459999658,24834.423861309482,12442046.35451605,2018-10-10,2018-10-11,24.73999977,EXIT_MA,31670.291373793294,3361429.0410068035,27.01668958006025,27.525774508236832,52,73
proxy,TMO,2018-07-31,234.5299988,10.460973291617796,2018-08-01,234.1600037,38008.08078752278,50390.93046334927,True,210.74400333,17799.944675672465,8917772.282511905,2018-10-10,2018-10-11,230.9499969,EXIT_MA,17555.93228010667,-157362.07473867573,-1.764589515783766,-1.3708604156466353,50,71
proxy,AAPL,2018-08-17,54.39500046,16.68389866196697,2018-08-20,54.52500153,204452.88530777837,221050.81144011772,True,49.072501377,22295.587768439058,11170089.471987968,2018-10-10,2018-10-11,53.63000107,EXIT_MA,21929.616915641484,-227210.6310828682,-2.0340985777478378,-1.6414496742518492,37,52
proxy,HPQ,2018-10-04,26.42000008,13.470977984461843,2018-10-05,26.27000046,407854.5994090282,482838.8818882202,True,23.643000414,21428.681028176572,10735769.195116462,2018-10-10,2018-10-11,24.06999969,EXIT_MA,19634.120162680763,-938343.233938761,-8.740344700830557,-8.374574539310832,4,6
proxy,J,2018-08-06,59.81124496,16.786320614330368,2018-08-07,60.94443893,51375.89115946987,201004.19348763715,True,54.849995037,6262.149722485277,3137337.010965124,2018-10-11,2018-10-12,60.66320801,EXIT_MA,6233.252744212082,-26943.891603295226,-0.85881406776273,-0.4614546051084578,47,66
proxy,BA,2018-10-03,392.2999878,18.096018808630348,2018-10-04,390.7399902,33200.177293567685,33200.177293567685,False,351.66599118000005,25945.273900653803,12998582.224227555,2018-10-19,2018-10-22,357.8500061,EXIT_MA,23761.367294048556,-1141659.9444973264,-8.782957439538526,-8.417358070558723,12,18
proxy,HSIC,2018-10-05,69.36470795,11.418830573787965,2018-10-08,69.44313812,171940.93187683314,182015.50342623275,True,62.498824308,23880.23576160887,11963998.116566043,2018-10-19,2018-10-22,64.70587921,EXIT_MA,22251.178338554408,-860660.1256273929,-7.1937500929197995,-6.821781155416473,10,14
proxy,UNH,2018-10-16,272.5700073,14.133806329256254,2018-10-17,270.1900024,43833.640912038674,43833.640912038674,False,243.17100216000003,23686.823086448938,11867098.366310919,2018-10-22,2018-10-23,259.7200012,EXIT_MA,22768.94654055011,-505394.0425764136,-4.258783629966014,-3.8750512998255937,4,6
proxy,TRGP,2018-10-03,58.38000107,12.513033664275742,2018-10-04,58.33000183,149160.73283627653,223097.44618893752,True,52.497001647000005,17401.091638608304,8717946.91094276,2018-10-23,2018-10-24,54.11000061,EXIT_MA,16142.17468951794,-663001.7408733079,-7.60502154516574,-7.234700990236542,14,20
proxy,LLY,2018-10-04,112.9899979,25.025191045013262,2018-10-05,114.0899963,112900.28794764575,112900.28794764575,False,102.68099667,25761.586868431677,12906555.02108427,2018-10-24,2018-10-25,106.4300003,EXIT_MA,24031.955360276046,-914609.2963065226,-7.086393656652827,-6.713994432831782,14,20
proxy,DG,2018-10-16,110.9499969,13.346599424876585,2018-10-17,110.6900024,107685.76978103512,107685.76978103512,False,99.62100216,23839.476231017252,11943577.591739643,2018-10-26,2018-10-29,108.8000031,EXIT_MA,23432.424172005016,-250797.92990913987,-2.0998559935893537,-1.7074706468702683,8,12
proxy,WDAY,2018-11-07,144.2400055,12.099722571082744,2018-11-08,144.2299957,81567.53824390801,81567.53824390801,False,129.80699613,23528.971380356874,11788014.661558794,2018-11-12,2018-11-13,133.5500031,EXIT_MA,21786.689970666568,-916456.366196176,-7.7744759614592125,-7.404834582547237,3,5
proxy,V,2018-11-07,144.7799988,11.09177771408362,2018-11-08,144.6000061,26724.896993065264,81263.31166209925,True,130.14000549,7728.840536438218,3872149.108755547,2018-11-12,2018-11-13,140.3500061,EXIT_MA,7501.678911997163,-128811.33166896272,-3.3266108316360996,-2.93914233797532,3,5
proxy,PGR,2018-11-07,73.12000275,24.174556414962538,2018-11-08,72.73999786,160904.01699174926,160904.01699174926,False,65.465998074,23408.315703290493,11727566.167348536,,2018-11-14,65.465998074,STOP,21067.484132961443,-1214891.5850007776,-10.359281437125759,-10.000000000000009,5,6
proxy,HUM,2018-11-07,353.980011,19.819924648888676,2018-11-08,353.0,33237.19362481954,33237.19362481954,False,317.7,23465.4586991226,11756194.80826042,2018-11-14,2018-11-15,319.7099915,EXIT_MA,21252.525782549823,-1151184.4427680597,-9.79215181054321,-9.430597308781874,5,7
proxy,UNH,2018-11-07,274.6300049,13.054783046670366,2018-11-08,276.0,42840.556221112136,42840.556221112136,False,248.4,23647.9870340539,11847641.504061004,2018-11-14,2018-11-15,264.0,EXIT_MA,22619.81368474721,-560354.4753721468,-4.729671092597414,-4.347826086956519,5,7
proxy,DXCM,2018-11-07,36.16249847,88.3377214506249,2018-11-08,35.90000153,325345.389912235,325345.389912235,False,32.310001377,23359.799991255364,11703259.795618938,,2018-11-19,32.310001377,STOP,21023.81999212983,-1212373.6195461545,-10.359281437125757,-9.999999999999998,8,11
proxy,CRL,2018-11-07,136.2299957,18.227375223508652,2018-11-08,136.3600006,86363.52151718341,86363.52151718341,False,122.72400054,23553.059691802486,11800082.905593045,2018-11-19,2018-11-20,123.75,EXIT_MA,21374.971575502896,-1133972.0894171,-9.609865443230198,-9.247580334786242,8,12
proxy,CIEN,2018-11-07,34.72999954,42.49191696312447,2018-11-08,34.61000061,338764.82351726375,338764.82351726375,False,31.149000549,23449.30149715808,11748100.050076198,,2018-11-20,31.03000069,STOP,21023.745414976845,-1257251.0880027507,-10.701739708069615,-10.343830849184144,9,12
proxy,IQV,2018-12-03,127.3799973,14.607526713096796,2018-12-04,127.1900024,89010.30218920839,89010.30218920839,False,114.47100216,22642.44109814028,11343862.99016828,2018-12-04,2018-12-06,121.3499985,EXIT_MA,21602.80007428997,-564065.7530975863,-4.972430939852339,-4.591558919571181,1,2
proxy,RVTY,2018-12-03,90.59999847,11.185274633006346,2018-12-04,90.70999908,125144.94750557745,125144.94750557745,False,81.638999172,22703.79614619516,11374601.869243775,2018-12-04,2018-12-06,84.79000092,EXIT_MA,21222.08042826253,-784783.7355407737,-6.899439158945693,-6.526290618500585,1,2
proxy,MOS,2018-11-07,36.59999847,32.55631421260762,2018-11-08,36.5,321456.35674182995,321456.35674182995,False,32.85,23466.314042153586,11756623.335118946,2018-12-07,2018-12-10,33.41999817,EXIT_MA,21486.141708093648,-1035038.622780215,-8.803876702321373,-8.438361178082188,20,32
proxy,ELV,2018-11-07,289.9400024,18.284883516424667,2018-11-08,289.0100098,40578.40266101464,40578.40266101464,False,260.10900882,23455.129101456376,11751019.679829644,2018-12-10,2018-12-11,279.75,EXIT_MA,22703.61628883769,-421915.15169963613,-3.590455664233495,-3.2040446648917364,21,33
proxy,CDW,2018-12-03,95.97000122,19.80871333752716,2018-12-04,95.55999756,118142.46023131965,118142.46023131965,False,86.00399780400001,22579.386422874606,11312272.597860178,,2018-12-17,86.00399780400001,STOP,20321.447780587147,-1171870.1553471908,-10.359281437125738,-9.999999999999986,9,13
proxy,STE,2018-11-07,119.8899994,17.45483580436495,2018-11-08,119.8300018,98134.14149473049,98134.14149473049,False,107.84700162,23518.82870391002,11782933.18065892,2018-12-17,2018-12-18,111.6500015,EXIT_MA,21913.354090175744,-848169.4896612242,-7.198288207671847,-6.8263374590051935,26,40
proxy,CME,2018-11-07,188.6900024,18.36087671543435,2018-11-08,188.6199951,62352.5465858108,62352.5465858108,False,169.75799559,23521.874062976312,11784458.905551132,2018-12-18,2018-12-19,182.5500031,EXIT_MA,22764.91514506531,-424766.2481635418,-3.6044611939157716,-3.218106328961523,27,41
proxy,MRK,2018-11-07,71.64122009,22.17564256910518,2018-11-08,71.45992279,164225.31819171246,164225.31819171246,False,64.313930511,23471.05711628591,11758999.615259241,2018-12-19,2018-12-20,70.08587646,EXIT_MA,23019.7507247771,-272144.0035954695,-2.314346564331185,-1.9228208992583484,28,42
proxy,WDAY,2018-12-03,167.8000031,26.57056338811846,2018-12-04,165.2299957,67569.31968455695,67569.31968455695,False,148.70699613,22328.95680186254,11186807.357733132,,2018-12-20,148.70699613,STOP,20096.061121676285,-1158872.858016666,-10.35928143712575,-9.999999999999998,12,16
proxy,DELL,2018-11-07,27.46378326,17.442775252929028,2018-11-08,27.47500992,428393.3518386917,428393.3518386917,False,24.727508928000002,23540.223182860213,11793651.814612966,,2018-12-24,22.8724556,STOP,19596.815838531307,-2014840.7111858428,-17.084112222893907,-16.75178401537044,31,46
proxy,CASY,2019-02-26,136.9499969,17.35403893916717,2019-02-27,137.1999969,77670.32173734622,77670.32173734622,False,123.47999721000001,21312.73580317181,10677680.637389077,2019-03-08,2019-03-11,129.0,EXIT_MA,20038.943008235325,-678248.0762796495,-6.352016878128842,-5.976674260405912,8,12
proxy,CIEN,2019-02-19,41.79000092,50.01040277773574,2019-02-20,41.79000092,252870.13797416879,252870.13797416879,False,37.611000828,21134.88659716208,10588578.185178202,2019-03-18,2019-03-19,39.34000015,EXIT_MA,19895.82253166864,-660562.7418755498,-6.238446090903873,-5.862648279644967,19,27
proxy,INCY,2019-02-14,83.41999817,21.46226574716716,2019-02-15,82.05000305,126407.5793181383,126407.5793181383,False,73.845002745,20743.48453719273,10392485.753133558,2019-04-04,2019-04-05,83.62000275,EXIT_MA,21140.404260407136,156575.97280960344,1.5066267736993761,1.913466961169119,34,49
proxy,LLY,2019-02-15,122.4800034,27.830883763349608,2019-02-19,121.3099976,86267.97704494331,86267.97704494331,False,109.17899784000001,20930.33617655786,10486098.424455486,2019-04-12,2019-04-15,123.7699966,EXIT_MA,21354.774451083023,169934.02663494274,1.6205648636543952,2.027861716815327,39,55
proxy,WEC,2019-02-22,76.63999939,14.096555097783703,2019-02-25,76.66000366,138658.0186444378,138658.0186444378,False,68.99400329400001,21259.048433541902,10650783.265204493,2019-04-16,2019-04-17,76.44000244,EXIT_MA,21198.038567012783,-72962.02026511356,-0.685039010262056,-0.2869830543913654,37,51
proxy,EXC,2019-02-21,34.58630371,13.6626789228381,2019-02-22,34.6647644,305166.9414045106,305166.9414045106,False,31.198287960000002,21157.08025291193,10599697.206708876,2019-04-17,2019-04-18,34.95006943,EXIT_MA,21331.211579656774,44577.37153985351,0.42055325421597056,0.8230404416076142,39,55
proxy,AWK,2019-03-11,104.0299988,17.054196601210485,2019-03-12,104.1699982,102430.70973793794,102430.70973793794,False,93.75299838,21340.413698051434,10691547.262723768,2019-04-17,2019-04-18,102.7900009,EXIT_MA,21057.70549230056,-183752.22206578963,-1.7186681922685256,-1.3247550387305296,27,37
proxy,EW,2019-03-18,63.63000107,21.744149924938018,2019-03-19,64.04000092,154718.90853951953,169781.1043419635,True,57.636000828,19816.398090424453,9928015.44330265,2019-04-17,2019-04-18,59.33666611,EXIT_MA,18361.0084338262,-765872.2348233778,-7.714253056888911,-7.3443703036099155,22,30
proxy,KEYS,2019-02-21,81.75,48.88036548204223,2019-02-22,84.13999939,129108.21428340278,129108.21428340278,False,75.725999451,21726.330142098996,10884891.401191598,2019-04-26,2019-04-29,86.27999878,EXIT_MA,22278.913141719942,232286.25652665272,2.1340245663932276,2.543379374274557,45,66
proxy,ZBRA,2019-02-14,196.4700012,26.864161089945604,2019-02-15,198.6499939,53671.9090496612,53671.9090496612,False,178.78499451,21323.848810633106,10683248.254127186,2019-04-30,2019-05-01,212.2599945,EXIT_MA,22784.79823937117,686366.06731903,6.424694540388227,6.851246422313628,51,75
proxy,PGR,2019-04-16,77.26000214,16.694894014724305,2019-04-17,77.25,136656.41202952515,143350.3650259191,True,69.525,21113.415658561637,10577821.24493938,2019-05-07,2019-05-08,72.54000092,EXIT_MA,19826.11250869131,-684591.1031024177,-6.471948119088687,-6.097086187702272,14,21
proxy,AZO,2019-02-26,935.0,22.49045889262378,2019-02-27,900.0,11376.417455777078,11376.417455777078,False,810.0,20477.551420398744,10259253.261619769,2019-05-09,2019-05-10,1000.030029,EXIT_MA,22753.518156433718,1094752.2984406557,10.670877017298745,11.11444766666667,51,72
proxy,AEP,2019-03-11,82.59999847,14.474653804420889,2019-03-12,82.98999786,14975.080697533887,129005.65143461838,True,74.690998074,2485.5638300833293,1245267.4788717479,2019-05-09,2019-05-10,82.98999786,EXIT_MA,2485.5638300833293,-4971.127660166472,-0.3992015968063723,0.0,42,59
proxy,FAST,2019-04-12,17.42749977,22.249747617807543,2019-04-15,17.34000015,613308.121871034,639077.9556688288,True,15.606000135000002,21269.5258504799,10656032.451090429,2019-05-10,2019-05-13,16.02750015,EXIT_MA,19659.592030568438,-845896.0278367791,-7.938189299998038,-7.569204086771586,19,28
proxy,ECL,2019-02-19,167.3099976,12.083934190945788,2019-02-20,165.6600037,63160.85978224316,63160.85978224316,False,149.09400333000002,20926.45653044317,10484154.721752027,2019-05-13,2019-05-14,178.8699951,EXIT_MA,22595.165359523246,790832.7926500719,7.543124015608902,7.974158580801727,58,83
proxy,DHR,2019-02-27,112.0478745,21.957315165751208,2019-02-28,111.7996445,95098.54277111893,95098.54277111893,False,100.61968005,21263.96654855828,10653247.240827698,2019-05-13,2019-05-14,115.1418457,EXIT_MA,21899.643476094054,274674.85374323465,2.5783204644924202,2.9894560174563045,52,75
proxy,LYV,2019-03-01,61.04000092,23.631484697228988,2019-03-04,61.49000168,175869.3892912358,175869.3892912358,False,55.341001512,21628.418085957328,10835837.46106462,2019-05-13,2019-05-14,63.49000168,EXIT_MA,22331.895643122272,307778.4648533929,2.8403754297653863,3.2525613032313716,50,71
proxy,TDY,2019-04-04,244.3300018,9.803684844230947,2019-04-05,244.8699951,42994.26603988254,44743.03870851022,True,220.38299559,21056.01142902827,10549061.725943163,2019-05-13,2019-05-14,241.3399963,EXIT_MA,20752.472013972936,-193578.19097066857,-1.8350275692728613,-1.4415807859833651,26,39
proxy,CDNS,2019-02-19,52.63999939,21.387199067378653,2019-02-20,57.0,200749.30511090645,200749.30511090645,False,51.300000000000004,22885.420782643338,11465595.81210431,2019-05-20,2019-05-21,65.40000153,EXIT_MA,26258.009722799437,1637151.0395726077,14.278813472948833,14.736844789473679,63,90
proxy,SNPS,2019-05-16,123.1699982,26.160055183318438,2019-05-17,123.5,86912.30275890233,86912.30275890233,False,111.15,21467.338781448874,10755136.729505885,2019-05-20,2019-05-21,116.3899994,EXIT_MA,20231.44573192252,-659645.3092765491,-6.1333047256095155,-5.757085506072879,2,4
proxy,UNP,2019-04-18,176.6600037,12.36060390291035,2019-04-22,176.7100067,61935.76247343762,61935.76247343762,False,159.03900603000002,21889.338003301542,10966558.339654073,2019-05-28,2019-05-29,169.4400024,EXIT_MA,20988.791484290203,-493151.38899326324,-4.49686559556313,-4.114087501757768,26,37
proxy,HON,2019-04-18,167.1109009,10.638263433389872,2019-04-22,166.3102417,49816.14544986137,65474.91497438162,True,149.67921753000002,16569.870380657598,8301505.060709457,2019-05-28,2019-05-29,161.8324738,EXIT_MA,16123.740106663357,-255758.74748444185,-3.0808720300001164,-2.6924186112826765,26,37
proxy,GIS,2019-05-23,53.43000031,16.858196878672413,2019-05-24,53.45000076,41588.05440803243,195568.50984336116,True,48.105000684000004,4445.76307943251,2227327.302795687,2019-05-28,2019-05-29,49.04999924,EXIT_MA,4079.7880742141388,-191513.0537628322,-8.598334583446702,-8.2319952430998,2,5
proxy,NOW,2019-05-16,55.59199905,37.47330155576707,2019-05-17,55.14199829,192563.4687959985,192563.4687959985,False,49.627798461,21236.668934130834,10639571.135999547,,2019-06-03,49.627798461,STOP,19113.00204071775,-1102183.1176813897,-10.359281437125743,-9.999999999999998,11,17
proxy,VRSN,2019-04-26,199.8600006,28.11666695496624,2019-04-29,199.5500031,55113.5880584219,55113.5880584219,False,179.59500279,21995.833335820425,11019912.501246033,2019-06-03,2019-06-04,190.6999969,EXIT_MA,21020.322143777867,-530771.7515008785,-4.816478819054721,-4.434981740173171,25,36
proxy,MA,2019-04-30,254.2400055,20.521607393481816,2019-05-01,254.8999939,1739.9632189193555,43130.881173269394,True,229.40999451,887.0332277775361,444403.6471165456,2019-06-03,2019-06-04,245.1300049,EXIT_MA,853.0343847590427,-18739.489121783234,-4.216772126730268,-3.8328714138113673,23,34
proxy,WDAY,2019-05-16,212.0,34.9929431221789,2019-05-17,210.5299988,50495.22723760309,50495.22723760309,False,189.47699892,21261.52025947661,10652021.649997782,2019-06-03,2019-06-04,193.5200043,EXIT_MA,19543.673184300857,-899728.7310316563,-8.446553720925301,-8.07960604044804,11,18
proxy,ARE,2019-05-15,145.5399933,10.014118054927824,2019-05-16,145.6000061,73084.22747144637,73084.22747144637,False,131.04000549,21282.12793131276,10662346.093587693,2019-06-25,2019-06-26,142.4299927,EXIT_MA,20818.771970486498,-273778.8803149313,-2.5677170663179014,-2.177206914279095,28,41
proxy,TMUS,2019-05-20,78.29000092,14.748786392061131,2019-05-21,78.16000366,133708.25984852825,133708.25984852825,False,70.344003294,20901.2761582664,10471539.355291465,2019-06-25,2019-06-26,74.27999878,EXIT_MA,19863.698756849204,-559553.6756237131,-5.343566563028387,-4.964182060275002,25,36
proxy,PGR,2019-06-04,81.81999969,20.316891925545956,2019-06-05,81.87999725,112834.1272514131,127152.09893873981,True,73.691997525,18477.71605810371,9257335.745109959,2019-07-17,2019-07-18,80.05000305,EXIT_MA,18064.744461239414,-243028.2589514926,-2.6252505649896998,-2.234971008135933,30,43
proxy,PEP,2019-04-17,127.0100021,8.868414553148654,2019-04-18,128.2299957,85971.31400023357,85971.31400023357,False,115.40699613,22048.2024491466,11046149.427022446,2019-07-19,2019-07-22,130.4900055,EXIT_MA,22436.79447346541,149811.0152367931,1.3562283963885824,1.7624657847508551,64,95
proxy,AWK,2019-05-13,110.6900024,19.61643995036515,2019-05-14,110.8300018,95485.22609946661,95485.22609946661,False,99.74700162,21165.255560954585,10603793.036038248,2019-07-19,2019-07-22,115.75,EXIT_MA,22104.82984202652,426517.0551329851,4.022306486777103,4.439229558868418,47,69
proxy,TT,2019-04-30,95.12024689,20.557383232588872,2019-05-01,95.42280579,115281.40249039527,115281.40249039527,False,85.880525211,22000.94976207962,11022475.83080189,2019-07-25,2019-07-26,95.15128326,EXIT_MA,21938.34676594734,-75240.7945941668,-0.6826124706384863,-0.28454678915807996,60,86
proxy,CHTR,2019-06-04,387.6700134,22.776226242840675,2019-06-05,389.0599976,26836.18628252288,26836.18628252288,False,350.15399784,20881.77314134301,10461768.343812848,2019-07-29,2019-07-30,391.6700134,EXIT_MA,21021.85888176127,28139.238186025992,0.26897210166833513,0.6708517493704047,38,55
proxy,VEEV,2019-05-30,154.3000031,56.052092499838245,2019-05-31,152.3999939,66425.08172136795,67404.39456667585,True,137.15999451,20246.36409828696,10143428.413241765,2019-07-30,2019-07-31,162.3899994,EXIT_MA,21573.53796175579,621767.0296743736,6.129752233107755,6.5551219815370265,42,61
proxy,IEX,2019-06-27,169.5899963,12.360922234918995,2019-06-28,170.4499969,56648.909633988456,62167.77707422365,True,153.40499721,19311.612943003423,9675118.084444715,2019-08-02,2019-08-05,158.9299927,EXIT_MA,18006.42158918549,-689913.7114411555,-7.1308040420754395,-6.75858281579117,25,38
proxy,AMAT,2019-07-22,50.72999954,19.56010824089467,2019-07-23,50.63999939,213070.87493315552,213070.87493315552,False,45.575999451,21579.817953283524,10811488.794595044,,2019-08-05,45.575999451,STOP,19421.83615795517,-1119992.5517754145,-10.359281437125746,-9.999999999999998,10,13
proxy,CINF,2019-05-16,97.15000153,19.553336881904052,2019-05-17,97.44999695,15303.62171332848,110190.3037136458,True,87.704997255,2982.6757785756286,1494320.56506639,2019-08-05,2019-08-06,104.3899994,EXIT_MA,3195.0901229443743,100029.40628285264,6.693972406008379,7.1216035579362735,55,81
proxy,ARES,2019-05-28,26.68000031,17.52036209761732,2019-05-29,26.60000038,390629.978799568,390629.978799568,False,23.940000342,20781.5151690158,10411539.099676916,2019-08-05,2019-08-06,26.79000092,EXIT_MA,20929.954982840016,32508.43676025234,0.3122346893098747,0.7142877341567822,48,69
proxy,APD,2019-06-04,213.6499939,25.781249027251636,2019-06-05,214.8999939,48694.52372004277,48694.52372004277,False,193.40999451,20928.905700801195,10485381.756101398,2019-08-05,2019-08-06,221.0,EXIT_MA,21522.979484258907,254585.0065437965,2.4279994039859787,2.8385324677294044,43,62
proxy,FSLR,2019-06-27,65.47000122,26.314965024445904,2019-06-28,65.84999847,161036.0911491184,161036.0911491184,False,59.264998623000004,21208.452711568458,10625434.808495797,2019-08-05,2019-08-06,62.68000031,EXIT_MA,20187.48448629586,-551880.0498341639,-5.193952621994312,-4.81396846416663,26,39
proxy,LYV,2019-07-25,72.52999878,20.188584430217745,2019-07-26,73.72000122,148201.08636553245,149128.4781961822,True,66.348001098,21850.768535344756,10947235.036207722,2019-08-28,2019-08-29,69.5,EXIT_MA,20599.951004809012,-667859.4848080259,-6.100713856961107,-5.724364012700434,24,34
proxy,MSI,2019-05-22,152.6300049,17.235405040528544,2019-05-23,151.3800049,69219.27893431191,69219.27893431191,False,136.24200441,20956.829568501205,10499371.613819104,2019-09-09,2019-09-10,170.6199951,EXIT_MA,23620.386065195664,1287201.0327135324,12.259791157590223,12.709730200306012,75,110
proxy,CTAS,2019-07-17,65.09249878,27.156145764764496,2019-07-18,65.0,138404.84394531656,166152.58911595342,True,58.5,17992.629712891154,9014307.486158468,2019-09-09,2019-09-10,63.38750076,EXIT_MA,17546.27430154287,-258716.60968857445,-2.8700663926301115,-2.480768061538463,37,54
proxy,TSN,2019-08-05,83.83000183,26.98358754019462,2019-08-06,84.52999878,123844.39014681688,123844.39014681688,False,76.076998902,20937.13229604055,10489503.280316316,2019-09-09,2019-09-10,83.02999878,EXIT_MA,20565.5991256001,-227269.3166418653,-2.166635641063567,-1.7745179482421825,24,35
proxy,BALL,2019-05-10,64.30999756,33.94774938579164,2019-05-13,63.25,167550.40536303833,167550.40536303833,False,56.925000000000004,21195.126278424348,10618758.265490599,2019-09-10,2019-09-11,71.44000244,EXIT_MA,23939.602735916895,1327103.4997319318,12.497727762056913,12.948620458498027,84,121
proxy,CMG,2019-07-29,16.18059921,45.594777596555645,2019-07-30,16.06399918,651703.8207862661,666997.0226604976,True,14.457599262,20937.93928542689,10489907.581998874,2019-09-10,2019-09-11,15.85999966,EXIT_MA,20672.044752181766,-174557.2506601736,-1.6640494617866917,-1.2699173955012633,30,43
proxy,SBAC,2019-07-30,248.4299927,32.04022795938164,2019-07-31,248.6600037,43206.41786776589,43554.42345989742,True,223.79400333,21487.416053724824,10765195.442916138,2019-09-10,2019-09-11,239.6699982,EXIT_MA,20710.5641851918,-430623.91450542957,-4.000149526210364,-3.615380586435657,29,42
proxy,TDG,2019-08-06,524.3900146,26.167785789284693,2019-08-07,526.8699951,20100.701869795732,20100.701869795732,False,474.18299559,21180.913391291673,10611637.60903713,2019-09-10,2019-09-11,503.4400024,EXIT_MA,20238.994795143295,-512379.2062606253,-4.828464984747224,-4.447015946609934,24,35
proxy,HSY,2019-05-13,127.0699997,21.92614687208603,2019-05-14,126.8700027,83176.67373154564,83176.67373154564,False,114.18300243,21105.24964179643,10573730.07054001,2019-09-13,2019-09-16,147.5500031,EXIT_MA,24545.436933874495,1674442.9594633617,15.835877673183745,16.300149727986103,86,125
proxy,ZTS,2019-07-22,115.9400024,19.915208153647832,2019-07-23,115.6200027,93229.99106084525,93229.99106084525,False,104.05800243,21558.50363635181,10800810.321812257,2019-09-16,2019-09-17,120.0699997,EXIT_MA,22388.249997413383,370926.426897021,3.434246281947331,3.8488123993098533,39,56
proxy,IR,2019-09-16,31.85000038,7.302084750976917,2019-09-17,31.55999947,23206.346143808434,326463.0671465976,True,28.403999523000003,1464.7845439984615,733857.0565432291,2019-09-18,2019-09-19,30.72999954,EXIT_MA,1426.262012648628,-22152.312231563847,-3.018614052157571,-2.62991110246682,2,2
proxy,NVR,2019-09-09,3766.27002,24.919565786739998,2019-09-10,3753.0,2840.9739612950148,2840.9739612950148,False,3377.7000000000003,21324.35055348038,10683499.62729367,2019-09-23,2019-09-24,3503.77002,EXIT_MA,19908.238786372225,-749288.4728939291,-7.013511480635843,-6.640820143884896,10,14
proxy,BX,2019-09-13,53.54999924,37.776770756235244,2019-09-16,53.18000031,194071.22608624224,194071.22608624224,False,47.862000279,20641.415726856885,10341349.279155299,2019-09-30,2019-10-01,49.5,EXIT_MA,19213.051382537982,-754036.6392688453,-7.291472504354253,-6.9198952398426545,11,15
proxy,UHS,2019-09-10,155.3699951,17.30820616968106,2019-09-11,154.5899963,67284.8523368164,67284.8523368164,False,139.13099667,20803.13014758899,10422368.203942083,2019-10-01,2019-10-02,146.2400055,EXIT_MA,19679.474351605437,-602310.5024909694,-5.779017692573514,-5.401378484928521,15,21
proxy,NOC,2019-08-07,361.4200134,23.80413577320543,2019-08-08,364.5499878,29407.272934520413,29407.272934520413,False,328.09498902,21440.841979021374,10741861.831489708,2019-10-02,2019-10-03,362.3399963,EXIT_MA,21310.862332574434,-107741.52753506601,-1.0030060824206686,-0.6062245436728508,39,56
proxy,GIS,2019-09-09,55.59000015,13.180210220296642,2019-09-10,55.25,170581.553693708,192478.4139081542,True,49.725,18849.261683154735,9443480.103260523,2019-10-02,2019-10-03,53.20000076,EXIT_MA,18149.877572294492,-386691.1946855709,-4.094795461601695,-3.7104058642533855,17,23
proxy,JPM,2019-09-13,120.2300034,4.940398638525961,2019-09-16,118.9000015,16005.195049700978,86438.60696608896,True,107.01000135000001,3806.0354308344777,1906823.7508480733,2019-10-03,2019-10-04,112.3399963,EXIT_MA,3596.0471053283723,-112396.24528921559,-5.894422347069391,-5.51724568312979,14,18
proxy,OKE,2019-09-16,75.83000183,10.725282500046493,2019-09-17,75.97000122,137120.5138038317,137120.5138038317,False,68.373001098,20834.091201928244,10437879.692166049,2019-10-07,2019-10-08,70.19999695,EXIT_MA,19251.719301622838,-831271.7606562525,-7.963990630014137,-7.59510882893204,15,21
proxy,ECHO,2019-09-10,37.28525162,3.8810788990630467,2019-09-11,37.72000122,280380.22337678913,280380.22337678913,False,33.948001098,21151.884735672716,10597094.252572032,2019-10-08,2019-10-09,35.70000076,EXIT_MA,20019.148375280685,-607539.213306969,-5.733073603261691,-5.355250250970167,20,28
proxy,PODD,2019-08-06,143.1300049,53.59727744537967,2019-08-07,141.1000061,73643.58964660688,73643.58964660688,False,126.99000549,20782.221896724255,10411893.170258852,2019-10-14,2019-10-15,154.5200043,EXIT_MA,22758.815577722264,944755.8030245565,9.073813835539658,9.510983430070885,48,69
proxy,CSGP,2019-10-11,61.41199875,30.23203956542816,2019-10-14,61.40000153,166744.23974926653,166744.23974926653,False,55.260001377,20476.193151447304,10258572.7688751,2019-10-14,2019-10-15,60.38199997,EXIT_MA,20136.70135907577,-210358.79069629125,-2.0505658578016606,-1.6579829554281056,1,1
proxy,MKC,2019-10-01,83.47499847,9.994037609586433,2019-10-02,82.83000183,118320.13245622988,124199.05115381259,True,74.547001647,19600.91357575073,9820057.701451113,2019-10-15,2019-10-16,80.73000336,EXIT_MA,19103.969381494167,-287176.9800855238,-2.92439198237183,-2.535311389114814,10,14
proxy,CCI,2019-10-18,144.0599976,18.664183104600728,2019-10-21,144.0500031,1447.6187922591653,71655.5108370908,True,129.64500279,417.058983025102,208946.5504955761,2019-10-22,2019-10-23,141.0,EXIT_MA,408.2284994170846,-5240.529286450881,-2.5080716929863054,-2.117322481334949,2,2
proxy,SRE,2019-09-30,73.80500031,15.085998258232708,2019-10-01,73.71499634,129799.58980368078,142342.2345279394,True,66.343496706,19136.35257462366,9587312.639886454,2019-10-28,2019-10-29,70.59999847,EXIT_MA,18327.701683092982,-441789.5000230558,-4.608063975978655,-4.225731567064739,20,28
proxy,MCK,2019-10-17,150.5099945,11.472312725357256,2019-10-18,149.6399994,68396.77992749661,68396.77992749661,False,134.67599945999999,20469.78821462505,10255363.89552715,2019-10-30,2019-10-31,135.4499969,EXIT_MA,18528.687258298796,-1009548.9536360521,-9.8441065955384,-9.48276032938823,9,13
proxy,EQIX,2019-09-23,581.710022,23.638578896695616,2019-09-24,582.210022,17028.87620443693,17898.596695613247,True,523.9890198,19828.764779241,9934211.154399741,2019-11-01,2019-11-04,560.6699829,EXIT_MA,19095.15946069574,-405726.583512567,-4.0841348870753125,-3.699702561973406,29,41
proxy,T,2019-09-11,29.25981903,16.918939131117188,2019-09-12,28.98036385,24745.328093776123,357057.111601638,True,26.082327465,1434.2572234905178,718562.8689687494,2019-11-19,2019-11-20,28.01359558,EXIT_MA,1386.4112274269135,-26743.66648271971,-3.721826946207375,-3.3359424850699315,49,69
proxy,KLAC,2019-09-18,15.79800034,41.93091020305339,2019-09-19,15.86100006,44781.802740863604,663090.3022611992,True,14.274900054,1420.5683519194915,711704.7443116653,2019-11-21,2019-11-22,16.04700089,EXIT_MA,1437.2272568768853,5471.656869900529,0.7688099473318132,1.1726929531327368,46,64
proxy,LEN,2019-10-02,55.97289276,22.25518892930366,2019-10-03,56.11810303,182503.5517717083,182503.5517717083,False,50.506292727,20483.506243331332,10262236.627908997,2019-12-02,2019-12-03,56.49564362,EXIT_MA,20621.311240557305,27797.68112909794,0.2708735155599497,0.6727607841593874,42,61
proxy,COST,2019-08-28,294.4899902,24.43020447916141,2019-08-29,297.480011,34485.87285324607,37160.0683674959,True,267.7320099,20517.715671456484,10279375.551399698,2019-12-03,2019-12-04,296.0400085,EXIT_MA,20418.39618520977,-90595.85498002358,-0.8813361719009044,-0.484066978201092,67,97
proxy,BF-B,2019-09-09,63.56000137,15.044284233460303,2019-09-10,63.29999924,168342.9016267508,168342.9016267508,False,56.969999316,21312.211090065437,10677417.756122785,2019-12-05,2019-12-06,63.68000031,EXIT_MA,21440.15205555558,21218.119599448517,0.1987195788727227,0.6003176533371457,62,87
proxy,PSX,2019-10-10,106.5999985,2.8261845745032566,2019-10-11,107.0,96106.40131476025,96106.40131476025,False,96.3,20566.769881358694,10303951.710560706,2019-12-09,2019-12-10,112.3000031,EXIT_MA,21585.498331154842,467211.9566855598,4.53429877982353,4.953273925233637,41,60
proxy,KIM,2019-09-10,20.11000061,7.4351164075499465,2019-09-11,20.12999916,519843.20540880325,519843.20540880325,False,18.116999244000002,20928.886576421835,10485372.174787339,2019-12-11,2019-12-12,20.82999992,EXIT_MA,21656.66785415583,321305.0844364185,3.064317404097629,3.4774008405870083,65,92
proxy,PHM,2019-10-22,39.43000031,37.34718473702438,2019-10-23,39.5,5146.8208193518085,263440.27812297875,True,35.550000000000004,406.59884472879287,203706.0212091252,2019-12-18,2019-12-19,38.79999924,EXIT_MA,399.39328775853267,-4408.770617617411,-2.1642809532327734,-1.7721538227848166,40,57
proxy,AIZ,2019-08-07,117.8899994,17.13078389764158,2019-08-08,118.3600006,78195.44846437003,90155.03462672702,True,106.52400054,18510.42665432021,9273723.753814425,2019-12-23,2019-12-24,128.3099976,EXIT_MA,20066.515609588485,739467.5353702288,7.973792998374299,8.406553691754537,96,138
proxy,AZO,2019-12-10,1250.0,11.057884728256232,2019-12-11,1266.560059,8432.29015319652,8432.29015319652,False,1139.9040531,21360.003827875407,10701361.917765578,2020-01-06,2020-01-07,1160.670044,EXIT_MA,19574.213166262743,-933829.5478004701,-8.726268254232185,-8.360441674088825,17,27
proxy,CVNA,2019-12-12,19.39999962,58.7017384483864,2019-12-13,19.31599998,550317.3013895542,550317.3013895542,False,17.384399982,21259.85796526857,10651188.840599552,,2020-01-09,17.384399982,STOP,19133.87216874171,-1103386.6283974387,-10.359281437125748,-9.999999999999998,18,27
proxy,GRMN,2019-10-30,96.34999847,25.986023427870013,2019-10-31,95.25,96875.17292859005,108158.6624857105,True,85.72500000000001,18454.720442896403,9245814.941891098,2020-01-10,2020-01-13,96.97000122,EXIT_MA,18787.971274146177,129382.72390784323,1.399365277382243,1.8057755590551228,49,74
proxy,TGT,2019-11-21,127.6500015,41.28483304871068,2019-11-22,127.9499969,5593.942389215082,82847.75231349833,True,115.15499721,1431.4898227176966,717176.4011815661,2020-01-15,2020-01-16,117.1399994,EXIT_MA,1310.5488162325785,-63212.541881509474,-8.814085596983563,-8.448610990157835,36,55
proxy,GE,2020-01-06,60.5073967,21.513229694952734,2020-01-07,60.55723953,160972.2697571312,181236.12318327083,True,54.501515577,19496.072594740737,9767532.36996511,2020-01-22,2020-01-23,58.46390152,EXIT_MA,18822.133853063588,-375287.5772863794,-3.8421943544346804,-3.456792327799152,11,16
proxy,TER,2020-01-22,73.58999634,44.7325535484417,2020-01-23,79.05000305,118576.81765243855,155279.65057060073,True,71.145002745,18746.995594169122,9392244.79267873,,2020-01-27,70.51000214,STOP,16721.703332855664,-1048114.8295837548,-11.159364483352924,-10.803289791903437,3,4
proxy,FERG,2019-10-17,81.61000061,9.947888161769999,2019-10-18,81.61000061,126141.3906844624,126141.3906844624,False,73.449000549,20588.79794141045,10314987.768646635,2020-01-27,2020-01-28,89.59999847,EXIT_MA,22604.536824663006,964676.1068602055,9.352178873080472,9.790464159144928,68,102
proxy,JBL,2019-09-10,31.63999939,13.285907402039445,2019-09-11,31.62999916,330406.04865433235,330406.04865433235,False,28.466999244,20901.486082790903,10471644.527478242,2020-01-30,2020-01-31,39.65999985,EXIT_MA,26207.807680139824,2606051.5049115308,24.886745325178776,25.387293402634413,98,142
proxy,APO,2019-12-06,44.65000153,25.432149209211584,2019-12-09,44.52000046,8209.125669206565,236424.5226031725,True,40.068000414,730.9405571385481,366201.2191264126,2020-01-30,2020-01-31,46.0,EXIT_MA,755.2395615670041,10663.322095522424,2.9118750945068395,3.3243475397753963,36,53
proxy,ZBH,2019-12-04,144.0485382,8.435421556692175,2019-12-05,143.1553345,72831.37343150651,72831.37343150651,False,128.83980105,20852.39925136346,10447052.024933092,2020-01-31,2020-02-03,144.4466095,EXIT_MA,21040.48991481899,52152.44256158359,0.49920726380146085,0.9020096977245373,39,60
proxy,LITE,2019-12-12,75.02999878,34.4459199437976,2019-12-13,74.27999878,3026.9317558358653,142291.82475586832,True,66.851998902,449.68097426126263,225290.16810489257,2020-01-31,2020-02-03,76.31999969,EXIT_MA,462.0308613340888,5263.231700817734,2.3362012399792045,2.7463663752095746,33,52
proxy,GNRC,2019-07-23,73.0,27.169217079197704,2019-07-24,72.61000061,8438.864068656081,148476.56438101936,True,65.349000549,1225.4918503456502,613971.4170231707,2020-02-07,2020-02-10,106.2699966,EXIT_MA,1793.5961117678878,281033.04274900525,45.772984695539876,46.35724515524142,138,201
proxy,HII,2020-01-09,276.0100098,17.415626478901697,2020-01-10,276.25,34493.19356653972,40039.48775600816,True,248.625,19057.489445513194,9547802.21220211,2020-02-13,2020-02-14,251.7400055,EXIT_MA,17366.633476306546,-881852.1075251419,-9.236179048599617,-8.872396199095023,24,35
proxy,AAPL,2019-10-11,59.05250168,18.599240222231543,2019-10-14,58.72499847,173406.6593578336,173406.6593578336,False,52.852498623,20366.61161095318,10203672.417087542,2020-02-24,2020-02-25,75.23750305,EXIT_MA,26093.36812465063,2816918.277113123,27.606906238931987,28.118356764939723,91,134
proxy,LRCX,2019-10-28,28.125,47.42690427662725,2019-10-29,28.04700089,325427.61482609564,371398.7435568819,True,25.242300801,18254.537205316163,9145523.139863398,2020-02-24,2020-02-25,30.58200073,EXIT_MA,19904.455108347633,786799.9592020698,8.60311594175051,9.038398971577166,80,119
proxy,DHR,2019-12-04,130.5939789,5.1575336340464295,2019-12-05,130.2659607,76856.1368581504,80334.88960421612,True,117.23936463,20023.477007035286,10031761.980524678,2020-02-24,2020-02-25,139.8315582,EXIT_MA,21493.826748215248,693657.566834731,6.914613486458054,7.343128971373725,54,82
proxy,TDG,2020-01-15,619.6599731,21.524990180654786,2020-01-16,622.8499756,1047.8583411469388,18084.20775034709,True,560.56497804,1305.3170844312547,653963.8593000586,2020-02-24,2020-02-25,605.1199951,EXIT_MA,1268.1600685206595,-21151.985108249588,-3.2344272252122135,-2.8465892581789776,26,40
proxy,AMD,2019-11-19,41.29000092,46.90279171300089,2019-11-20,40.95999908,16856.404817926104,257556.25111424632,True,36.86399917200001,1380.876651668722,691819.2024860296,2020-02-25,2020-02-26,47.70000076,EXIT_MA,1608.1010452518858,110623.2190946613,15.990192046872998,16.455082596159087,65,98
proxy,ARES,2019-11-01,31.37000084,23.707305716650247,2019-11-04,31.88999939,298195.85517426877,333950.58066236915,True,28.700999451,19018.931279215918,9528484.570887174,2020-02-26,2020-02-27,36.0,EXIT_MA,21470.10157254735,1185096.1138139535,12.437403922915856,12.888054840442575,78,115
proxy,CRL,2020-01-10,157.8899994,6.111172512685151,2020-01-13,159.0,58845.81570066749,69849.39129923847,True,143.1,18712.96939281226,9375197.665798942,2020-02-27,2020-02-28,153.25,EXIT_MA,18036.242512254586,-375112.6521839034,-4.001117262330669,-3.6163522012578664,32,46
proxy,EVRG,2020-01-27,71.75,8.002086993100784,2020-01-28,71.83000183,154503.31420688177,154503.31420688177,False,64.647001647,22195.946684442766,11120169.288905825,2020-02-27,2020-02-28,65.86000061,EXIT_MA,20351.176735824512,-964932.0977293942,-8.67731482012662,-8.31129203383455,22,31
proxy,MSFT,2020-01-30,172.7799988,21.00889823777215,2020-01-31,172.2100067,12246.212092805192,65918.88063639974,True,154.98900603,4217.840533103206,2113138.1070847064,2020-02-27,2020-02-28,152.4100037,EXIT_MA,3732.890460750848,-250425.76717003318,-11.850894474451627,-11.497591446293121,19,28
proxy,FERG,2020-02-07,96.25,12.213587369973105,2020-02-10,96.58000183,9248.478016152534,120150.03863078331,True,86.922001647,1786.436047449453,895004.459772176,2020-02-27,2020-02-28,90.65000153,EXIT_MA,1676.7490926287971,-58306.6625504063,-6.514678436937431,-6.139987769349997,13,18
proxy,GNRC,2020-02-13,115.75,52.41440191503387,2020-02-14,116.3799973,74313.91132261875,103461.62556480178,True,104.74199757,17297.305598157618,8665950.104676967,,2020-02-28,101.4800034,STOP,15082.7519473733,-1139656.8829376912,-13.150974436405125,-12.802882149577089,10,14
proxy,LDOS,2019-12-18,95.68000031,20.875561282838582,2019-12-19,95.44000244,2084.026054097946,112550.35364080491,True,85.896002196,397.7989033762631,199297.25059150782,2020-02-28,2020-03-02,104.2799988,EXIT_MA,434.6444688410051,17590.33936015374,8.826182653271019,9.262359738053672,48,74
proxy,DGX,2020-01-27,109.4700012,2.9258152986385038,2020-01-28,109.6299973,77411.76189193966,101266.21606672427,True,98.66699757,16973.302494403175,8503624.549695991,2020-02-28,2020-03-02,106.9800034,EXIT_MA,16563.021100799393,-238677.020397095,-2.8067680905035703,-2.417216058802185,23,34
proxy,CHTR,2020-01-31,517.460022,20.1235409345396,2020-02-03,522.8400269,20481.104418156254,21587.922627261214,True,470.55602421000003,21416.68236986105,10729757.867300386,2020-02-28,2020-03-02,494.4700012,EXIT_MA,20254.583452446095,-622720.7245297842,-5.803679190446272,-5.42613882648012,19,28
proxy,NOW,2020-01-30,68.3239975,29.56540106999998,2020-01-31,67.90000153,166697.85922954066,166697.85922954066,False,61.110001376999996,22637.56979346707,11341422.466527002,,2020-03-06,61.110001376999996,STOP,20373.812814120363,-1174889.8722809404,-10.359281437125745,-9.999999999999998,25,35
proxy,NVDA,2019-10-15,4.909249783,3.9209609413403816,2019-10-16,4.875,2090488.0746382948,2090488.0746382948,False,4.3875,20382.258727723376,10211511.622589411,2020-03-09,2020-03-10,6.413499832,EXIT_MA,26814.689830981417,3169018.603070315,31.033785400194482,31.558970912820516,99,146
proxy,TSLA,2019-12-23,27.94799995,55.67758042421575,2019-12-24,27.89066696,358299.24374909257,390490.59075791476,True,25.101600264,19986.409758851605,10013191.289184654,2020-03-09,2020-03-10,43.9620018,EXIT_MA,31503.103997272498,5706857.60545432,56.993394419802534,57.62262646156526,51,77
proxy,TT,2020-03-04,117.8199997,19.39330985000115,2020-03-05,114.1999969,97369.50122973138,97369.50122973138,False,102.77999721,22239.19347717974,11141835.93206705,2020-03-09,2020-03-10,107.25,EXIT_MA,20885.758013777384,-719842.6831921358,-6.460718750312719,-6.085811811436226,3,5
proxy,DGX,2020-03-04,115.4800034,10.330552376013353,2020-03-05,118.3000031,99342.52050494916,99342.52050494916,False,106.47000279,23504.4409673946,11775724.924664693,,2020-03-10,106.47000279,STOP,21153.996870655137,-1219880.4862077795,-10.359281437125748,-9.999999999999998,4,5
proxy,NEM,2019-12-05,40.0,1.8388596768874998,2019-12-06,39.38000107,261854.0059508121,261854.0059508121,False,35.442000963,20623.622069053534,10332434.65659582,2020-03-12,2020-03-13,45.90999985,EXIT_MA,24043.434747847365,1665239.2825800143,16.116620505477776,16.582017782052837,66,98
proxy,KR,2020-03-04,30.95999908,11.525053164814148,2020-03-05,30.64999962,370545.05641400366,370545.05641400366,False,27.584999658,22714.41167656418,11379920.249958653,2020-03-25,2020-03-26,28.0,EXIT_MA,20750.523159184206,-1025409.1935257334,-9.010688748275358,-8.646002130031993,15,21
proxy,AKAM,2020-05-29,105.8000031,20.797767847047414,2020-06-01,105.0500031,104205.40229882451,104205.40229882451,False,94.54500279,21893.555669056524,10968671.390197318,2020-06-05,2020-06-08,99.48000336,EXIT_MA,20732.70754163443,-623050.3269217387,-5.680271609545689,-5.302236626016821,5,7
proxy,MPWR,2020-06-05,235.1499939,46.44453227131388,2020-06-08,237.0299988,46347.04505371376,46347.04505371376,False,213.32699892,21971.280066930638,11007611.313532248,,2020-06-11,213.32699892,STOP,19774.15206023757,-1140309.4354736991,-10.359281437125741,-9.999999999999998,4,3
proxy,DVA,2020-06-05,88.27999878,28.42085082193133,2020-06-08,87.90000153,123453.86851243243,123453.86851243243,False,79.110001377,21703.190462254457,10873298.421589483,,2020-06-12,79.110001377,STOP,19532.871416029015,-1126395.5849910043,-10.35928143712573,-9.999999999999998,5,4
proxy,TYL,2020-05-28,370.4500122,33.52113128909424,2020-05-29,372.3500061,29553.69911861594,29553.69911861594,False,335.11500549,22008.64009418842,11026328.687188398,,2020-06-15,335.11500549,STOP,19807.776084769575,-1142248.4208883792,-10.35928143712575,-9.999999999999998,12,17
proxy,CRL,2020-06-03,189.7200012,26.658131812952025,2020-06-04,188.2599945,58375.47274410366,58375.47274410366,False,169.43399505000002,21979.53235547971,11011745.710095335,,2020-06-24,169.43399505000002,STOP,19781.579119931743,-1140737.7292493954,-10.359281437125736,-9.999999999999986,15,20
proxy,SMCI,2020-06-15,3.128999949,56.50090318475384,2020-06-16,3.153000116,3427502.34594653,3427502.34594653,False,2.8377001044,21613.83058871936,10828529.1249484,,2020-06-26,2.8377001044,STOP,19452.447529847424,-1121757.8075545337,-10.35928143712574,-9.999999999999998,9,10
proxy,AXON,2020-06-01,89.75,21.463426690905564,2020-06-02,91.80000305,122743.10156992705,122743.10156992705,False,82.62000274500001,22535.634196971525,11290352.732682735,2020-07-22,2020-07-23,88.91999817,EXIT_MA,21828.632733956078,-397864.9984386526,-3.523937717968132,-3.137260113631335,36,51
proxy,VRTX,2020-06-19,293.269989,34.43233575886771,2020-06-22,294.0,36689.856199597685,36689.856199597685,False,264.6,21573.63544536344,10808391.358127084,2020-07-24,2020-07-27,280.8399963,EXIT_MA,20607.95815868509,-525020.2369432226,-4.8575243026192565,-4.476191734693879,24,35
proxy,LLY,2020-06-16,163.7100067,19.660404062781655,2020-06-17,164.2299957,65301.216823231116,65301.216823231116,False,147.80699613,21448.837116168026,10745867.395200182,2020-07-30,2020-07-31,153.1300049,EXIT_MA,19999.151304234685,-766290.8943870738,-7.131028759291691,-6.758808433677621,31,44
proxy,REGN,2020-02-24,425.3800049,15.840052721451253,2020-02-25,437.25,27689.203668762482,27689.203668762482,False,393.52500000000003,24214.208608332792,12131318.512774728,2020-08-07,2020-08-10,623.0,EXIT_MA,34500.74777127805,5084554.6250930205,41.91262985749485,42.481417953116065,116,167
proxy,MRVL,2020-05-29,32.61999893,39.41397595736923,2020-06-01,32.34999847,337980.75560673786,337980.75560673786,False,29.114998623,21867.35385353483,10955544.28062095,2020-08-10,2020-08-11,35.40999985,EXIT_MA,23935.797010674945,988418.4277058486,9.022084183021768,9.459046444276375,50,71
proxy,TER,2020-06-19,82.75,48.17787654785987,2020-06-22,82.94000244,130030.6190219649,130030.6190219649,False,74.646002196,21569.479717912956,10806309.33867439,2020-08-27,2020-08-28,85.44000244,EXIT_MA,22219.632813022785,281287.43502397835,2.602992624107907,3.014227063483066,48,67
proxy,CIEN,2020-07-27,58.91999817,25.924990581007258,2020-07-28,58.77000046,174627.28177632575,196418.17568609634,True,52.893000414,20525.690860646428,10283371.12118386,2020-08-27,2020-08-28,56.16999817,EXIT_MA,19617.628195616584,-494174.6515711844,-4.805570524953428,-4.424029725454249,23,31
proxy,FDS,2020-05-29,307.5100098,10.583848987775946,2020-06-01,308.2200012,35852.26995837578,35852.26995837578,False,277.39800108000003,22100.773379186616,11072487.462972494,2020-09-03,2020-09-04,341.019989,EXIT_MA,24452.68141366068,1129400.5624441858,10.200061785764168,10.64174540013596,68,95
proxy,MSFT,2020-08-27,226.5800018,24.96784934685724,2020-08-28,228.1799927,53470.88760223473,53470.88760223473,False,205.36199343,24401.973485480885,12225388.716225924,,2020-09-04,205.36199343,STOP,21961.7761369328,-1266462.423896458,-10.359281437125748,-9.999999999999998,6,7
proxy,TSCO,2020-06-19,25.5340004,31.59282595463616,2020-06-22,25.34799957,421400.23323832935,421400.23323832935,False,22.813199613,21363.305861846147,10703016.236784918,2020-09-04,2020-09-08,27.97400093,EXIT_MA,23576.501033022483,1061657.7786932997,9.919239167782589,10.359797240599367,54,78
proxy,TSLA,2020-08-17,122.3759995,293.8993570639796,2020-08-18,126.5993347,3240.019660764471,97208.3296851642,True,113.93940123,820.3686669354036,411004.70213463716,,2020-09-08,113.93940123,STOP,738.3318002418631,-42577.13381394744,-10.359281437125748,-9.999999999999998,15,21
proxy,DG,2020-05-29,191.5099945,28.933120090442856,2020-06-01,191.2899933,57568.44134968831,57568.44134968831,False,172.16099397,22024.533520146637,11034291.293593466,2020-09-08,2020-09-09,193.3500061,EXIT_MA,22261.716972259455,74305.47556400113,0.6734050568987883,1.0769056783693332,70,100
proxy,BE,2020-06-30,10.88000011,88.8471185104271,2020-07-01,10.07999992,995024.746071707,995024.746071707,False,9.071999928,20059.698721601653,10049909.05952243,2020-09-08,2020-09-09,14.0,EXIT_MA,27860.692890007795,3852576.6925914604,38.334443324550186,38.88888999118165,48,70
proxy,PYPL,2020-07-30,192.5099945,59.503589395393064,2020-07-31,193.0500031,51591.074988385895,59424.03308936301,True,173.74500279,19919.31437288046,9979576.50081311,2020-09-08,2020-09-09,191.0,EXIT_MA,19707.79064556341,-145388.96867696755,-1.4568651151190797,-1.0619026506506146,27,40
proxy,XYZ,2020-07-01,115.9000015,93.14651717609873,2020-07-02,118.0,80583.49604788198,93583.94320324685,True,106.2,19017.70506730015,9527870.238717373,2020-09-11,2020-09-14,140.0700073,EXIT_MA,22574.6617593727,1736885.9792096037,18.229530164586084,18.70339601694915,50,74
proxy,VEEV,2020-05-29,218.8699951,40.676991038639684,2020-06-01,216.6799927,50372.05707988972,50372.05707988972,False,195.01199343000002,21829.233920708975,10936446.194275197,2020-09-17,2020-09-18,265.4500122,EXIT_MA,26742.526332791647,2408074.445787834,22.018802113691805,22.507855428776736,77,109
proxy,META,2020-08-07,268.4400024,21.61898044594181,2020-08-10,268.0400085,43800.18283889584,43800.18283889584,False,241.23600765,23480.402760878387,11763681.783200072,2020-09-17,2020-09-18,258.3999939,EXIT_MA,22635.933956779143,-468350.7387672812,-3.9813278478523735,-3.5964834704890647,28,39
proxy,XEL,2020-08-07,72.33999634,5.631504404916251,2020-08-10,72.23000336,75333.08160146943,162534.16894206108,True,65.007003024,10882.617474386583,5452191.354667678,2020-09-17,2020-09-18,68.36000061,EXIT_MA,10299.53900845926,-312721.3894465063,-5.735700915537058,-5.3578880935552515,28,39
proxy,TMUS,2020-06-19,106.9000015,24.454466818438082,2020-06-22,106.8600006,53611.81059485315,100655.13164719267,True,96.17400054000001,11457.916224666189,5740416.028557761,2020-09-18,2020-09-21,109.9199982,EXIT_MA,11786.020248169998,140808.0752790682,2.4529245716437256,2.8635575358587406,63,91
proxy,AMD,2020-07-22,61.79000092,33.58259217516532,2020-07-23,61.63000107,176387.24733127063,191504.5041763448,True,55.467000963,21741.492483521128,10892487.734244084,2020-09-18,2020-09-21,74.23000336,EXIT_MA,26186.45192412274,2174551.775893163,19.963775300446297,20.444592035117417,41,60
proxy,NEE,2020-09-15,73.92500305,11.786678854487898,2020-09-16,71.19249725,154796.999482948,154796.999482948,False,64.073247525,22040.76991999606,11042425.729918024,2020-09-18,2020-09-21,68.75,EXIT_MA,21284.587428905354,-421416.60289425217,-3.8163408403325585,-3.4308351923980296,3,5
proxy,DECK,2020-09-16,36.56499863,34.39673094338827,2020-09-17,35.8983345,309534.95979439927,309534.95979439927,False,32.30850105,22223.579052286794,11134013.105195682,2020-09-21,2020-09-22,34.69333267,EXIT_MA,21477.598666284335,-416691.3707197998,-3.7425083550993032,-3.356706785380259,3,5
proxy,ERIE,2020-09-14,224.2799988,12.85048356327145,2020-09-15,224.8500061,50728.65307816206,50728.65307816206,False,202.36500549000002,22812.67590813905,11429150.629977662,2020-09-22,2020-09-23,210.4199982,EXIT_MA,21348.646178790572,-776176.1867611669,-6.791197455437543,-6.417615080509442,6,8
proxy,ALB,2020-08-11,92.44999695,27.86887315641492,2020-08-12,93.22000122,123470.69276226185,123470.69276226185,False,83.89800109800001,23019.87625986459,11532958.00619216,,2020-09-23,83.89800109800001,STOP,20717.888633878134,-1194731.5778869726,-10.35928143712575,-9.999999999999986,30,42
proxy,ABT,2020-08-27,111.2900009,12.581811583112481,2020-08-28,113.5400009,76044.88450004907,108863.63295160996,True,102.18600081,17268.272509151935,8651404.52708512,,2020-09-24,102.18600081,STOP,15541.44525823674,-896223.3432249865,-10.35928143712576,-9.999999999999998,19,27
proxy,REGN,2020-10-05,605.0800171,24.055351766598882,2020-10-06,605.3200073,18600.08315205802,18600.08315205802,False,544.7880065700001,22518.004938768736,11281520.474323137,2020-10-06,2020-10-07,588.4899902,EXIT_MA,21891.92550374762,-357449.6479530744,-3.1684527698782596,-2.7803503761703707,1,1
proxy,CHRW,2020-09-15,104.0599976,22.516783501079445,2020-09-16,104.9400024,109968.94986385987,109968.94986385987,False,94.44600216,23080.28372527787,11563222.146364214,2020-10-19,2020-10-20,100.6699982,EXIT_MA,22141.147969701327,-514789.30948325247,-4.451953815010948,-4.06899571406909,24,34
proxy,BE,2020-10-06,19.53000069,196.06671278043856,2020-10-07,20.12000084,571606.5842136445,571606.5842136445,False,18.108000756,23001.449909056115,11523726.404437114,,2020-10-20,18.108000756,STOP,20701.304918150505,-1193775.2502800133,-10.359281437125757,-9.999999999999998,10,13
proxy,NFLX,2020-10-07,53.4659996,29.026788432057003,2020-10-08,53.34799957,210114.64158807602,212662.07211136958,True,48.013199613,22418.391618182766,11231614.200709566,2020-10-21,2020-10-22,49.46900177,EXIT_MA,20788.323153246896,-858240.9472393654,-7.641296539415905,-7.271121375245226,10,14
proxy,PYPL,2020-10-21,213.0700073,55.290027840185374,2020-10-22,211.8999939,51988.3805669048,51988.3805669048,False,190.70999451,22032.67504999601,11038370.200048001,2020-10-28,2020-10-29,194.0800018,EXIT_MA,20179.809988007935,-968645.016032042,-8.77525394127323,-8.409623696548874,5,7
proxy,CMG,2020-10-21,27.33320045,33.618882054738,2020-10-22,25.84420013,405264.0907225185,405264.0907225185,False,23.259780117000002,20947.45253227049,10494673.718667516,2020-10-28,2020-10-29,25.06040001,EXIT_MA,20312.160446390488,-358905.65591866337,-3.419883891008979,-3.0327892372655207,5,7
proxy,WST,2020-10-06,290.3299866,54.899263953581624,2020-10-07,291.9500122,38450.995416747704,38450.995416747704,False,262.75501098,22451.537162043274,11248220.11818368,2020-10-29,2020-10-30,275.0,EXIT_MA,21148.047479211236,-695344.4260572717,-6.181817378673003,-5.805792598627613,17,23
proxy,XYZ,2020-10-05,180.9199982,131.93358930655447,2020-10-06,180.1300049,62207.26698917626,62207.26698917626,False,162.11700441,22410.79061515186,11227806.09819108,,2020-10-30,162.11700441,STOP,20169.71155363667,-1163120.0329263825,-10.359281437125759,-9.999999999999998,19,24
proxy,DDOG,2020-09-22,93.41000366,83.87412755984252,2020-09-23,91.98000336,118707.59705180654,118707.59705180654,False,82.782003024,21837.450351365384,10940562.626034057,2020-10-30,2020-11-02,91.77999878,EXIT_MA,21789.966225183074,-67369.47966770269,-0.6157771037057174,-0.21744354500314866,28,40
proxy,DG,2020-09-18,208.1000061,12.585487963112186,2020-09-21,206.9199982,53965.877402437785,53965.877402437785,False,186.22799838,22333.238509947696,11188952.493483795,2020-11-17,2020-11-18,208.9299927,EXIT_MA,22550.180743480843,63587.697513146326,0.5683078693039266,0.9713872595616513,42,58
proxy,DHR,2020-09-30,190.8953857,26.39342437285154,2020-10-01,192.3847504,58182.778077465206,58182.778077465206,False,173.14627536,22386.958476023472,11215866.19648776,2020-11-23,2020-11-24,197.1187897,EXIT_MA,22937.83759202727,230114.7619338464,2.051689614538257,2.4607144226125754,38,54
proxy,ROL,2020-10-28,40.9066658,38.24469207268861,2020-10-29,41.14666748,222787.25953644642,266662.52666442614,True,37.032000732,18333.90657385324,9185287.193500472,2020-11-23,2020-11-24,38.12666702,EXIT_MA,16988.271321288823,-708139.8041773494,-7.709500957993241,-7.339599158225674,18,26
proxy,AWK,2020-10-01,148.5700073,5.317154198266191,2020-10-02,147.5200043,74676.93260681386,74676.93260681386,False,132.76800387,22032.682838535984,11038374.102106528,2020-11-30,2020-12-01,154.5800018,EXIT_MA,23087.12075355953,482099.1539196763,4.367483376267108,4.78578992286538,41,60
proxy,GNRC,2020-10-28,217.1100006,86.94562875887183,2020-10-29,218.8999939,50243.078759612275,50243.078759612275,False,197.00999451,21996.419267992693,11020206.05326434,2020-12-03,2020-12-04,208.0,EXIT_MA,20901.120763998708,-590546.7920289859,-5.358763612718998,-4.979440019984393,25,36
proxy,STE,2020-09-15,169.6399994,1.026053163694618,2020-09-16,170.6300049,67456.78318428349,67456.78318428349,False,153.56700440999998,23020.30249054506,11533171.547763074,2020-12-11,2020-12-14,186.9299927,EXIT_MA,25219.391976407194,1051305.0484641157,9.115489560788008,9.552826192294162,62,89
proxy,RMD,2020-10-30,191.9400024,7.926044338995972,2020-11-02,195.1600037,55702.84787677573,55702.84787677573,False,175.64400333,21741.93599546418,10892709.933727553,2021-01-15,2021-01-19,213.6499939,EXIT_MA,23801.826218171525,984401.3491400387,9.037249271570113,9.474272314742738,52,78
proxy,AMD,2020-11-30,92.66000366,50.325478162670265,2020-12-01,92.25,122241.22444271405,122241.22444271405,False,83.025,22553.50590968074,11299306.460750053,2021-01-15,2021-01-19,89.55999756,EXIT_MA,21895.847525641766,-373278.5454548113,-3.3035527158366227,-2.9159918048780487,32,49
proxy,RVTY,2020-09-29,123.2600021,25.495555708871887,2020-09-30,123.6500015,89172.90814934568,89172.90814934568,False,111.28500135,22052.460452851912,11048282.686878808,2021-01-27,2021-01-28,143.9900055,EXIT_MA,25680.015069750556,1766044.8329267185,15.984790423801462,16.449659323295673,82,120
proxy,DECK,2020-10-01,39.26666641,31.626891089294716,2020-10-02,38.29333115,282548.87508633675,282548.87508633675,False,34.463998035,21639.475279482158,10841377.11502056,2021-01-27,2021-01-28,47.40333176,EXIT_MA,26787.51612826484,2525593.432983596,23.295872896852053,23.790044732109973,80,118
proxy,GRMN,2020-10-30,104.0199966,6.744252470666967,2020-11-02,105.0899963,102784.12905807738,102784.12905807738,False,94.58099667,21603.16748482415,10823186.909896897,2021-01-27,2021-01-28,117.0899963,EXIT_MA,24069.986582218007,1187736.3946298882,10.973998735472293,11.418784301546303,59,87
proxy,CVNA,2020-11-23,48.01599884,86.9392184049259,2020-11-24,47.97999954,175683.58294436554,231521.47541409946,True,43.181999586,16858.596457712425,8446156.825313924,2021-01-27,2021-01-28,49.3219986,EXIT_MA,17330.130864049963,201578.4758470077,2.3866295643819697,2.7969968171450255,43,65
proxy,DIS,2020-12-11,175.7200012,23.312194011213037,2020-12-14,173.8000031,66161.65041410811,66161.65041410811,False,156.42000279,22997.79009414621,11521892.837167252,2021-01-27,2021-01-28,166.1699982,EXIT_MA,21988.162660442747,-549799.6696063206,-4.771782530668746,-4.390106308346775,30,45
proxy,TECH,2021-01-15,86.92749786,25.86750574057799,2021-01-19,87.6875,149613.49098723786,149613.49098723786,False,78.91875,26238.465981886842,13145471.456925308,,2021-01-28,78.91875,STOP,23614.61938369816,-1361776.3844599277,-10.359281437125754,-9.999999999999998,8,9
proxy,PSKY,2021-01-27,56.0,102.93059971110038,2021-01-28,55.06999969,222358.5232616501,222358.5232616501,False,49.562999721000004,24490.567614175856,12269774.374702103,,2021-01-28,49.562999721000004,STOP,22041.510852758274,-1271060.4591757245,-10.359281437125729,-9.999999999999998,1,0
proxy,TER,2020-10-21,92.06999969,17.52867967130676,2020-10-22,92.75,109954.89695318519,120312.42168135583,True,83.47500000000001,20396.633384815854,10218713.325792743,2021-01-28,2021-01-29,119.7200012,EXIT_MA,26327.600790362416,2918759.4685981013,28.562886300283512,29.078168409703498,67,99
proxy,WSM,2021-01-27,73.80000305,66.85508202866342,2021-01-28,71.73999786,168727.32775113898,168727.32775113898,False,64.565998074,24208.996263580462,12128707.12805381,,2021-01-29,64.565998074,STOP,21788.096637222414,-1256446.9060798269,-10.359281437125757,-9.999999999999998,2,1
proxy,PWR,2020-11-02,66.44999695,61.78883431395271,2020-11-03,66.94999695,145710.94562838817,163601.949286847,True,60.254997255,19510.694730804407,9774858.060133008,2021-01-29,2021-02-01,71.55999756,EXIT_MA,20854.1498272655,631362.7036724761,6.459047280159534,6.88573684841669,60,90
proxy,MRNA,2021-01-29,173.1600037,273.8363387543278,2021-02-01,173.0299988,69275.20305722364,69275.20305722364,False,155.72699892,23973.376603722325,12010661.678464884,,2021-02-01,155.72699892,STOP,21576.038943350093,-1244218.2457331885,-10.359281437125748,-9.999999999999998,1,0
proxy,FERG,2020-12-11,114.1999969,17.40629943212418,2020-12-14,116.5500031,9098.779967283841,101803.20145140967,True,104.89500279,2120.925666786299,1062583.7590599358,2021-02-05,2021-02-08,121.1999969,EXIT_MA,2205.544207657167,37982.80056099058,3.574570026799001,3.9896985639805704,37,56
proxy,TTWO,2020-11-30,180.5099945,19.134861015293037,2020-12-01,181.5,1216.117601030182,62749.28064586898,True,163.35,441.45068917395605,221166.79527615197,2021-02-11,2021-02-12,196.5,EXIT_MA,477.9342172048615,17322.379109073925,7.832269345606314,8.264462809917351,50,73
proxy,AXON,2021-02-11,203.5099945,98.16104367363005,2021-02-12,202.0,1178.2829113319199,62803.318909909656,True,181.8,476.02629617809566,238489.1743852259,,2021-02-16,181.8,STOP,428.4236665602861,-24705.764771643153,-10.359281437125745,-9.999999999999998,2,4
proxy,FSLR,2020-10-07,78.70999908,37.9864808990519,2020-10-08,80.5,144456.7449541591,144456.7449541591,False,72.45,23257.535937619617,11652025.504747428,2021-02-17,2021-02-18,92.73000336,EXIT_MA,26790.94888994767,1716657.9913364593,14.732700255736953,15.192550757763978,90,133
proxy,BE,2020-11-23,22.07999992,107.81937672008843,2020-11-24,22.75,503475.3140940451,503475.3140940451,False,20.475,22908.126791279054,11476971.522430805,2021-02-17,2021-02-18,31.05999947,EXIT_MA,31275.88597783825,4129695.5805104803,35.9824503566932,36.5274701978022,57,86
proxy,TSLA,2020-11-18,162.2133331,186.18839500819922,2020-11-19,164.0,1472.5781657986722,67672.51781968182,True,147.6,483.0056383819645,241985.8248293642,2021-02-22,2021-02-23,220.7100067,EXIT_MA,650.0254736793974,82376.88653665507,34.042029773745206,34.579272378048785,63,96
proxy,CMG,2021-02-02,30.46100044,26.69510897916576,2021-02-03,29.90040016,261491.8308139094,397305.57995238306,True,26.910360144000002,15637.42075981382,7834347.800666723,2021-02-22,2021-02-23,28.21619987,EXIT_MA,14756.611525234985,-470798.64957446605,-6.009417268076864,-5.63270150562426,13,20
proxy,GNRC,2021-02-16,350.5299988,114.10788681267422,2021-02-17,350.0,609.5905606318299,36417.74792503975,True,315.0,426.71339244228096,213783.40961358274,,2021-02-23,315.0,STOP,384.0420531980529,-22146.425067754375,-10.359281437125746,-9.999999999999998,5,6
proxy,EQT,2021-02-17,19.17000008,52.96489653213561,2021-02-18,19.05999947,657551.0284231883,657551.0284231883,False,17.153999523000003,25065.844506487847,12557988.09775041,,2021-02-23,17.153999523000003,STOP,22559.260055839066,-1300917.3298867177,-10.359281437125736,-9.999999999999986,4,5
proxy,CRWD,2020-12-03,40.29750061,91.24347415178443,2020-12-04,40.09000015,259636.8555533467,281815.2072843997,True,36.081000135000004,20817.683156158397,10429659.261235356,2021-02-24,2021-02-25,54.10749817,EXIT_MA,28096.60137343452,3590544.82410847,34.42629077494122,34.96507350349809,55,83
proxy,NTAP,2021-01-27,68.88999939,33.69421623677431,2021-01-28,68.76999664,122669.76022873822,180753.04707376633,True,61.892996976000006,16871.997997519866,8452870.996757453,,2021-02-25,61.892996976000006,STOP,15184.798197767881,-875656.6960712811,-10.359281437125748,-9.999999999999998,20,28
proxy,PANW,2020-11-17,48.95166779,4.257623681659095,2020-11-18,48.33333206,227349.8793359228,227349.8793359228,False,43.499998854,21977.154423488177,11010554.366167577,2021-02-25,2021-02-26,60.47166824,EXIT_MA,27496.452955211913,2710175.6584831662,24.614343368675378,25.11379965472218,67,100
proxy,FCX,2021-02-22,38.08000183,158.83271039087245,2021-02-23,37.09999847,206807.73707321056,323499.33423704235,True,33.389998623000004,15345.13345800055,7687911.862458276,,2021-02-26,33.389998623000004,STOP,13810.620112200495,-796412.4264702285,-10.359281437125748,-9.999999999999998,4,3
proxy,MOS,2021-02-24,32.11999893,70.25083819242354,2021-02-25,32.11000061,380095.1236690229,380095.1236690229,False,28.899000549,24409.709305740704,12229264.362176092,,2021-02-26,28.899000549,STOP,21968.73837516663,-1266863.9129679427,-10.35928143712575,-9.999999999999998,2,1
proxy,MCHP,2021-02-17,81.52500153,33.3123999862336,2021-02-18,79.98999786,154618.25244907298,154618.25244907298,False,71.990998074,24735.827365036577,12392649.509883326,,2021-03-04,71.990998074,STOP,22262.24462853292,-1283789.4402453993,-10.359281437125755,-9.999999999999998,11,14
proxy,PTC,2021-01-28,138.3300018,54.46271745548557,2021-01-29,137.6699982,88306.93231716017,88306.93231716017,False,123.90299838000001,24314.430426301926,12181529.643577265,2021-03-04,2021-03-05,127.2399979,EXIT_MA,22472.347765181807,-967828.1087515429,-7.945045795310543,-7.576088063027231,24,35
proxy,ABT,2021-01-28,120.3899994,4.105030786792218,2021-01-29,120.25,96399.4379404266,101466.05338703279,True,108.22500000000001,23184.064824672594,11615216.47716097,2021-03-04,2021-03-05,117.0,EXIT_MA,22557.468478059825,-359039.70660911687,-3.0911150671629546,-2.7027027027026973,24,35
proxy,TECH,2021-02-02,94.19000244,34.42083102993351,2021-02-03,94.76000214,128488.42905013514,128488.42905013514,False,85.284001926,24351.127623512086,12199914.939379554,2021-03-04,2021-03-05,86.31999969,EXIT_MA,22182.242311552505,-1130976.0259148534,-9.27035992902071,-8.906714077032829,21,30
proxy,LLY,2021-01-15,190.7700043,10.629605426720188,2021-01-19,196.0,49175.46407815758,68173.85398371167,True,176.4,19276.78191863777,9657667.741237523,2021-03-15,2021-03-16,191.5399933,EXIT_MA,18838.136120109386,-257437.81730293855,-2.665631332538996,-2.275513622448988,39,56
proxy,PSKY,2021-03-15,96.33000183,252.406988251629,2021-03-16,97.26000214,96457.60624650831,130588.21615196257,True,87.534001926,18762.93397990935,9400229.923934584,,2021-03-17,87.534001926,STOP,16886.640581918415,-973796.273557296,-10.359281437125755,-9.999999999999998,2,1
proxy,FANG,2021-03-04,81.26000214,73.82738608122655,2021-03-05,84.0,143553.11821365144,143553.11821365144,False,75.60000000000001,24116.923859893443,12082578.853806615,,2021-03-18,75.60000000000001,STOP,21705.2314739041,-1251668.3483284693,-10.359281437125746,-9.999999999999986,10,13
proxy,DVN,2021-03-04,23.62000084,66.82725044664355,2021-03-05,24.52000046,493866.48088048876,493866.48088048876,False,22.068000414,24219.21267673633,12133825.5510449,,2021-03-18,22.068000414,STOP,21797.2914090627,-1256977.137922613,-10.359281437125729,-9.999999999999998,10,13
proxy,CRH,2021-03-04,46.27999878,11.125130824041884,2021-03-05,46.38000107,252055.4667405501,252055.4667405501,False,41.742000963,23380.665634252124,11713713.482760314,2021-03-22,2021-03-23,45.11000061,EXIT_MA,22740.4445168401,-366231.6688571032,-3.126520632386182,-2.7382501739989684,12,18
proxy,NXPI,2021-03-17,208.3399963,50.304288355432526,2021-03-18,204.1499939,41193.31213721981,59890.93923537289,True,183.73499451,16819.22884306844,8426433.650377288,,2021-03-25,182.6600037,STOP,15048.74109479965,-917111.8440722628,-10.883748476809043,-10.526569111986628,6,7
proxy,WBD,2021-01-27,43.86999893,77.43489300972196,2021-01-28,43.58000183,283840.38309463445,283840.38309463445,False,39.222001647,24739.52882938414,12394503.943521455,,2021-03-26,39.222001647,STOP,22265.575946445726,-1283981.5462450385,-10.35928143712576,-9.999999999999998,41,57
proxy,NWSA,2021-01-27,19.57999992,40.575033289834565,2021-01-28,19.71999931,635959.0068196693,635959.0068196693,False,17.747999379,25082.222351344324,12566193.398023507,2021-05-04,2021-05-05,25.77000046,EXIT_MA,32777.32779656804,3789693.172463946,30.157845358802245,30.67952008969923,67,97
proxy,EXPE,2021-02-17,154.0399933,32.32644933837035,2021-02-18,150.8399963,26628.74390515472,81831.04268855225,True,135.75599667,8033.359264254371,4024712.99139144,2021-05-05,2021-05-06,170.0399933,EXIT_MA,9055.902870439848,494182.5409580441,12.27870265569405,12.728717495997444,54,77
proxy,AMAT,2021-03-26,128.6399994,77.372273961417,2021-03-29,127.0400009,87282.31759532903,90058.58037425316,True,114.33600081,22176.691411729375,11110522.397276416,2021-05-10,2021-05-11,120.0,EXIT_MA,20947.75622287897,-657592.0420598127,-5.918641973315421,-5.541562382026077,30,43
proxy,SBUX,2021-02-26,108.0299988,10.691953606124581,2021-03-01,108.5999985,108654.24771683676,108654.24771683676,False,97.73999865,23599.702278134202,11823450.841345234,2021-05-12,2021-05-13,110.1600037,EXIT_MA,23938.704661014912,121962.78450120613,1.0315328928735124,1.4364688964521477,52,73
proxy,WSM,2021-03-18,80.78500366,113.19136765883849,2021-03-19,81.22499847,152414.75913913862,152414.75913913862,False,73.102498623,24759.777155763906,12404648.355037717,2021-05-13,2021-05-14,84.52999878,EXIT_MA,25767.23880817076,453203.81023949385,3.6534998596348025,4.068944748851777,39,56
proxy,TPL,2021-02-05,110.332222,64.55120392187497,2021-02-08,109.8855591,9995.579300655936,113198.21910908776,True,98.89700318999999,2196.7396399619292,1100566.5596209264,2021-05-18,2021-05-19,171.2666626,EXIT_MA,3423.8190151539684,607919.1289409038,55.23692534782199,55.859117433384384,70,100
proxy,DE,2021-02-25,348.0299988,59.40248821612876,2021-02-26,346.2000122,33743.857248159635,33743.857248159635,False,311.58001098,23364.247581975847,11705488.0385699,2021-05-18,2021-05-19,361.8200073,EXIT_MA,24418.405351718553,479296.23193765804,4.094628351747181,4.511841291032748,57,82
proxy,URI,2021-02-23,306.3599854,65.04207642266726,2021-02-24,310.0,36857.60013009311,39636.16226454689,True,279.0,22851.71208065773,11448707.752409521,2021-05-19,2021-05-20,321.6300049,EXIT_MA,23709.020220888175,382093.33781367727,3.3374363821389452,3.7516144838709797,60,85
proxy,PWR,2021-02-24,81.12999725,49.51506599212134,2021-02-25,84.0,21278.15468073061,150482.62516177067,True,75.60000000000001,3574.7299863627427,1790939.7231677342,2021-05-19,2021-05-20,91.81999969,EXIT_MA,3907.520312376914,158912.91270834557,8.873158077440344,9.309523440476198,59,84
proxy,CI,2021-03-04,224.5800018,1.7882986487556347,2021-03-05,226.3500061,38436.752145963226,51941.96544549582,True,203.71500549,17400.31816540593,8717559.400868371,2021-06-04,2021-06-07,254.0299988,EXIT_MA,19528.17620302987,1027000.5244435351,11.780826229199354,12.22884557280337,64,94
proxy,LH,2021-03-24,215.1374512,27.1745203201434,2021-03-25,213.4879761,53046.697788260135,54035.165615956525,True,192.13917849,22649.664299208005,11347481.81390321,2021-06-07,2021-06-08,227.3453674,EXIT_MA,24119.841996057534,688319.3421294987,6.0658334017874616,6.490946962516064,51,75
proxy,MRNA,2021-06-07,219.5700073,124.0246622521683,2021-06-08,220.1000061,54574.18113552268,56260.92623760132,True,198.09000549,24023.555201662093,12035801.15603271,,2021-06-14,198.09000549,STOP,21621.199681495887,-1246822.5149662625,-10.359281437125748,-9.999999999999998,5,6
proxy,FCX,2021-05-05,41.54000092,138.04546826976832,2021-05-06,42.0,107377.99478066448,291288.51378752437,True,37.800000000000004,9019.751561575817,4518895.532349484,2021-06-14,2021-06-15,37.88000107,EXIT_MA,8134.95711437205,-459551.93227783125,-10.169563093194567,-9.809521261904763,27,40
proxy,EME,2021-02-25,100.0,12.442576171553329,2021-02-26,100.0,95733.09667432151,117438.74597584367,True,90.0,19146.619334864303,9592456.286767015,2021-06-17,2021-06-18,121.3899994,EXIT_MA,23242.08109571206,2005342.1799933016,20.905408584031925,21.389999399999994,78,112
proxy,IVZ,2021-03-01,24.73999977,82.84013140825517,2021-03-02,24.57999992,244849.9690398754,489073.759233123,True,22.121999928,12036.82443882428,6030449.043850964,2021-06-17,2021-06-18,26.62999916,EXIT_MA,13040.708939715816,476864.7170672277,7.907615396459901,8.340110848950744,76,108
proxy,BAC,2021-03-18,38.93999863,30.09162957804106,2021-03-19,38.29000092,242479.53140559793,316199.98223131255,True,34.461000827999996,18569.082961203025,9303110.563562715,2021-06-17,2021-06-18,39.00999832,EXIT_MA,18918.252225533528,137097.29697851464,1.473671585883119,1.8803796884317325,63,91
proxy,STX,2021-05-14,97.97000122,54.73158455590769,2021-05-17,97.26000214,8776.2596782804,124664.91889965671,True,87.534001926,1707.1580701814946,855286.1931609288,2021-06-17,2021-06-18,87.27999878,EXIT_MA,1531.983868026553,-90826.24301567883,-10.619397780760055,-10.261158894109801,23,32
proxy,NUE,2021-03-25,72.81999969,46.17325512292448,2021-03-26,74.86000061,100111.3155083766,161169.86093061752,True,67.374000549,14988.66628004995,7509321.806305025,2021-06-18,2021-06-21,94.48999786,EXIT_MA,18919.03597629658,1931277.1458669696,25.718396356984176,26.222277705108343,59,87
proxy,COF,2021-05-04,152.0200043,72.60982502706997,2021-05-05,152.8200073,78836.36749393783,78836.36749393783,False,137.53800657,24095.54851185812,12071869.80444092,2021-06-18,2021-06-21,151.5500031,EXIT_MA,23895.303476198034,-148113.3698181007,-1.2269298146639531,-0.8310457658249226,32,47
proxy,STLD,2021-05-04,59.40999985,72.49773548285712,2021-05-05,59.54999924,71796.23659014136,201728.74862286015,True,53.594999316,8550.931668755557,4284016.766046533,2021-06-18,2021-06-21,58.93999863,EXIT_MA,8463.340172524175,-60810.01995697059,-1.419462697693608,-1.024350323736456,32,47
proxy,CME,2021-05-12,214.0700073,4.815483672046112,2021-05-13,214.0,55417.902153026225,55417.902153026225,False,192.6,23718.862121495225,11883149.922869107,2021-06-18,2021-06-21,213.25,EXIT_MA,23635.73526826569,-88918.0240045283,-0.7482698155091495,-0.3504672897196248,26,39
proxy,CVS,2021-05-18,88.61000061,11.436601574604316,2021-05-19,88.5,23780.081731016024,135703.86163527906,True,79.65,4209.074466389836,2108746.307661308,2021-06-29,2021-06-30,83.26000214,EXIT_MA,3959.859311627538,-132776.51115916646,-6.296466800049619,-5.920901536723166,29,42
proxy,LYV,2021-05-18,87.08999634,21.993397339172038,2021-05-19,85.18000031,138072.33629149367,138072.33629149367,False,76.662000279,23522.003296223713,11784523.65140808,2021-07-06,2021-07-07,84.05000305,EXIT_MA,23209.96057284134,-202753.32556025125,-1.7205050586497417,-1.3265992673016425,33,49
proxy,SPG,2021-05-10,126.75,55.39953747727255,2021-05-11,121.7699966,85670.2514088028,97995.83039461091,True,109.59299694,20864.132445542124,10452930.355216604,2021-07-07,2021-07-08,123.5,EXIT_MA,21160.55209797429,106185.14167256653,1.0158408988114433,1.4207140086263337,40,58
proxy,PM,2021-06-14,100.5,3.251300348655253,2021-06-15,100.4100037,120055.5101566634,120055.5101566634,False,90.36900333000001,24109.548438071917,12078883.767474031,2021-07-13,2021-07-14,98.0,EXIT_MA,23530.879990706027,-336974.652111724,-2.789783051138616,-2.4001629431271487,20,29
proxy,TRGP,2021-06-04,46.25999832,70.61591960397789,2021-06-07,46.38000107,209683.25747173396,267281.04780804407,True,41.742000963,19450.219411800215,9744559.925311906,,2021-07-15,41.742000963,STOP,17505.197470620195,-1009466.3874724302,-10.359281437125741,-9.999999999999998,28,38
proxy,F,2021-05-21,13.32999992,43.209905776428414,2021-05-24,13.38000011,139430.52936035083,904075.0620124982,True,12.042000099,3731.160996357705,1869311.65917521,2021-07-15,2021-07-16,14.11999989,EXIT_MA,3937.5181184615913,95509.88193712407,5.109361056425741,5.530641060659924,37,53
proxy,DRI,2021-07-06,148.8800049,15.733912424800417,2021-07-07,147.9199982,78141.24635250443,81881.67323645896,True,133.12799838,23117.306039616426,11581770.325847829,2021-07-19,2021-07-20,135.4900055,EXIT_MA,21174.71579615536,-1015587.1435663048,-8.768842024951484,-8.403186081163716,9,13
proxy,TDY,2021-07-13,437.2099915,3.1919631600395486,2021-07-14,438.8299866,26703.900209312327,27977.675581423464,True,394.94698794,23436.944342040533,11741909.115362307,2021-07-19,2021-07-20,421.6000061,EXIT_MA,22516.728982279736,-506061.35320471786,-4.309872851448168,-3.926345287726518,4,6
proxy,PYPL,2021-06-18,283.3800049,20.891846835515043,2021-06-21,283.2789917,40984.16054334663,40984.16054334663,False,254.95109253,23219.903348780317,11633171.577738939,2021-07-30,2021-08-02,276.8850098,EXIT_MA,22695.79938737861,-307967.68343701214,-2.64732348679817,-2.2571323985689062,29,42
proxy,CRWD,2021-06-18,61.22750092,47.203569715647134,2021-06-21,59.50999832,189687.50056891848,189687.50056891848,False,53.558998488,22576.605680362674,11310879.4458617,2021-08-11,2021-08-12,60.0,EXIT_MA,22762.50006827022,47608.08820513822,0.42090527472252864,0.8233938730179968,37,52
proxy,GNRC,2021-06-17,378.9400024,73.11413682074068,2021-06-18,375.3599854,31166.99317532783,31166.99317532783,False,337.82398686000005,23397.68420650591,11722239.787459461,2021-08-17,2021-08-18,389.1099854,EXIT_MA,24254.776518827424,380893.6954354234,3.2493252342688494,3.663150185107611,42,61
proxy,TGT,2021-05-19,219.0099945,22.642515713572468,2021-05-20,218.2799988,54460.1749972978,54460.1749972978,False,196.45199892,23775.133866115906,11911342.06692407,2021-08-18,2021-08-19,244.5299988,EXIT_MA,26634.29305347404,1379170.166759476,11.578629502961011,12.025838438844637,63,91
proxy,NVDA,2021-06-17,18.65724945,38.76124511409785,2021-06-18,18.7840004,633020.4513966829,633020.4513966829,False,16.90560036,23781.312824486944,11914437.72506796,2021-08-18,2021-08-19,19.49399948,EXIT_MA,24680.200700712605,400982.4245876279,3.3655169789839214,3.779807628198295,43,62
proxy,NUE,2021-08-11,122.7200012,80.06478981963267,2021-08-12,122.0699997,92863.24182945267,100986.91141573818,True,109.86299973,22671.63180452463,11358487.53406684,,2021-09-13,109.86299973,STOP,20404.468624072168,-1176657.6906548273,-10.359281437125741,-9.999999999999998,22,32
proxy,PFE,2021-08-17,50.41999817,17.644053848944612,2021-08-18,50.22999954,240473.3355056531,245707.2080882899,True,45.206999586,24157.951063662444,12103133.482894884,,2021-09-13,45.206999586,STOP,21742.1559572962,-1253797.6602040809,-10.359281437125748,-9.999999999999998,18,26
proxy,KR,2021-07-19,41.06999969,2.323756880122188,2021-07-20,41.00999832,290730.66065323877,290730.66065323877,False,36.908998488,23845.727809923625,11946709.632771734,2021-09-14,2021-09-15,41.74000168,EXIT_MA,24270.196528187393,164118.43479377404,1.373754279116075,1.7800619114972882,40,57
proxy,ZTS,2021-06-14,184.5800018,2.301873737297741,2021-06-15,184.6600037,14967.565238705509,65367.74652228155,True,166.19400333000002,5527.821304718701,2769438.473664069,2021-09-16,2021-09-17,200.5299988,EXIT_MA,6002.891678713074,226004.47401375463,8.160660587441843,8.594170249114953,66,94
proxy,PSA,2021-06-18,298.3599854,18.11042611754751,2021-06-21,299.3900146,38926.43847674607,38926.43847674607,False,269.45101314,23308.373967758016,11677495.357846765,2021-09-17,2021-09-20,310.4200134,EXIT_MA,24167.091107131586,381883.104611896,3.270248395819633,3.684157207025307,63,91
proxy,TROW,2021-01-28,162.4400024,4.399272726909062,2021-01-29,160.8899994,75200.06110505476,75200.06110505476,False,144.80099945999999,24197.875572144447,12123135.661644368,2021-09-20,2021-09-21,206.7799988,EXIT_MA,31099.7370901263,3395633.146328656,28.0095285667048,28.522592809457127,162,235
proxy,CBOE,2021-05-13,113.6600037,8.748777682417646,2021-05-14,113.4700012,106113.93365118024,106113.93365118024,False,102.12300108,24081.496357472286,12064829.675093615,2021-09-20,2021-09-21,123.0100021,EXIT_MA,26106.150402541884,962139.375774784,7.974744788656277,8.407509296827254,89,130
proxy,WAT,2021-06-17,346.5599976,32.23011325998416,2021-06-18,345.0400085,13516.620858435304,34079.00666680843,True,310.53600765,9327.549951771589,4673102.525837566,2021-09-20,2021-09-21,399.6600037,EXIT_MA,10804.105484587502,718146.110971598,15.367651512051594,15.830046908893468,65,95
proxy,CARR,2021-06-29,48.70999908,27.458965912812346,2021-06-30,48.45999908,40693.887380323846,248024.8464296968,True,43.61399917200001,3944.0514900242347,1975969.7965021415,2021-09-20,2021-09-21,54.11000061,EXIT_MA,4403.892541945189,221572.58192850812,11.21335874266578,11.659103667486082,57,83
proxy,KKR,2021-09-16,66.63999939,29.152370724532496,2021-09-17,66.66000366,44846.4424767562,186634.1903990668,True,59.994003294,5978.928039277095,2995442.9476778246,2021-09-20,2021-09-21,63.36000061,EXIT_MA,5682.941245367206,-159655.26623958908,-5.329938477491605,-4.950499353152904,2,4
proxy,ADBE,2021-06-18,565.5900269,8.411113251091601,2021-06-21,565.9899902,4867.114651586357,20534.470311035744,True,509.39099117999996,5509.476347907277,2760247.650301546,2021-09-22,2021-09-23,632.289978,EXIT_MA,6154.85563195003,311025.31004151935,11.268021911278181,11.713985926954651,66,94
proxy,EXR,2021-07-07,171.5,28.444424119385996,2021-07-08,170.4499969,61824.814372015186,71149.49378747687,True,153.40499721,21076.078836106128,10559115.49688917,2021-09-23,2021-09-24,176.5500031,EXIT_MA,21830.342338072413,334225.32980896346,3.165277715803278,3.5787658028405556,55,78
proxy,BX,2021-09-15,134.6000061,67.40762873468091,2021-09-16,134.5,92147.10264458138,92147.10264458138,False,121.05,24787.57061139239,12418572.876307588,,2021-09-28,120.1399994,STOP,22141.10571286349,-1370161.1255887058,-11.033160889225265,-10.676580371747214,9,12
proxy,MRNA,2021-07-15,259.6749878,121.34918175930862,2021-07-16,276.9200134,38561.885910358535,46380.55970411926,True,249.22801206000003,21357.115926051516,10699915.07895181,2021-09-28,2021-09-29,393.2099915,EXIT_MA,30325.8376620721,4432677.914422167,41.427225185570386,41.99406777148451,52,75
proxy,ALGN,2021-07-30,695.7999878,32.20942369769496,2021-08-02,700.0,16146.569567011587,17523.854889016853,True,630.0,22605.197393816223,11325203.894301927,2021-09-28,2021-09-29,679.4000244,EXIT_MA,21939.95951560794,-377164.0960135646,-3.330307335158248,-2.942853657142852,41,58
proxy,A,2021-08-18,163.0200043,23.021827139634336,2021-08-19,161.7400055,75298.66591788728,75298.66591788728,False,145.56600495,24357.6132794035,12203164.252981154,2021-09-28,2021-09-29,161.3899994,EXIT_MA,24304.903294617256,-75017.50896714441,-0.6147381729195206,-0.21640045016568799,28,41
proxy,BRO,2021-08-18,56.72000122,2.146908690272123,2021-08-19,56.49000168,216417.28804106414,216417.28804106414,False,50.841001512,24450.825930041516,12249863.7909508,2021-09-28,2021-09-29,55.90000153,EXIT_MA,24195.453465227874,-176332.51180209033,-1.439465081500338,-1.0444328774181777,28,41
proxy,INTU,2021-08-19,543.4400024,26.208520033568973,2021-08-20,547.5800171,2101.2511362896807,22646.581050929766,True,492.82201539,2301.2062662817957,1152904.3394071797,2021-09-28,2021-09-29,548.8800049,EXIT_MA,2306.669467965621,-1876.2748923348263,-0.16274332814981005,0.23740599718828914,27,40
proxy,TECH,2021-09-17,133.5874939,41.23556008864959,2021-09-20,131.3125,91653.93886160974,92127.68296796865,True,118.18125,24070.615693530257,12059378.462458659,2021-09-28,2021-09-29,123.8274994,EXIT_MA,22698.556118787234,-732798.9591838289,-6.076589780021103,-5.700143246073308,7,9
proxy,KLAC,2021-09-15,36.73400116,23.557595866378833,2021-09-16,36.5,225593.49100919842,337643.60500874935,True,32.85,16468.324843671486,8250630.746679413,2021-09-29,2021-09-30,33.82799911,EXIT_MA,15262.752826161914,-634517.086424618,-7.690528226341831,-7.320550383561642,10,14
proxy,HCA,2021-07-20,248.8999939,49.85014620465903,2021-07-21,250.9900055,39187.41701308139,48296.53631795935,True,225.89100495,19671.300023288182,9855321.311667379,2021-09-30,2021-10-01,243.8699951,EXIT_MA,19113.27038992363,-317799.3870954886,-3.224647650191341,-2.836770486464646,51,72
proxy,ADI,2021-09-13,172.8099976,3.118102029494257,2021-09-14,173.5399933,71729.2543656981,71729.2543656981,False,156.18599397,24895.788644074488,12472790.11068132,2021-09-30,2021-10-01,167.8300018,EXIT_MA,24076.64177861554,-458545.8631521668,-3.6763695939971126,-3.2903029390632166,13,17
proxy,DRI,2021-09-23,159.5,13.652017317637572,2021-09-24,160.0399933,24515.946876717426,77229.91212520357,True,144.03599397,7847.063947786025,3931379.0378407985,2021-10-18,2021-10-19,149.3099976,EXIT_MA,7320.951938648813,-278224.02045504097,-7.077008290908725,-6.704571450391327,17,25
proxy,IBM,2021-10-04,137.7724609,0.5260594223127677,2021-10-05,138.3843231,86851.81984551509,86851.81984551509,False,124.54589078999999,24037.860598649502,12042968.1599234,,2021-10-21,124.54589078999999,STOP,21634.074538784553,-1247564.9650699086,-10.359281437125745,-9.999999999999998,13,16
proxy,COP,2021-09-22,62.25999832,17.27361548324097,2021-09-23,62.25,196225.47203706333,196225.47203706333,False,56.025,24430.071268614385,12239465.705575807,2021-11-19,2021-11-22,69.63999939,EXIT_MA,27330.283505927106,1398345.7638818175,11.424892209508684,11.871484963855416,42,60
proxy,APTV,2021-10-04,157.6600037,10.276083734338723,2021-10-05,157.0299988,75896.16055400403,75896.16055400403,False,141.32699892,23835.94800143972,11941809.9487213,2021-11-26,2021-11-29,167.2400055,EXIT_MA,25385.748616961035,725678.6111422554,6.076789148867331,6.501946620405885,38,55
proxy,OKE,2021-09-23,57.45999908,24.738347594604697,2021-09-24,57.11000061,214378.1966793928,214378.1966793928,False,51.399000549,24486.277886261647,12267625.221017085,2021-11-30,2021-12-01,61.5,EXIT_MA,26368.518191565316,890265.3565740082,7.257030929252648,7.686918828768685,47,68
proxy,TSN,2021-09-29,80.48999786,5.91388976981993,2021-09-30,80.72000122,148123.07633179778,148123.07633179778,False,72.64800109800001,23912.98980442574,11980407.892017296,2021-11-30,2021-12-01,79.55000305,EXIT_MA,23566.382347939794,-220783.1003953386,-1.8428679756592372,-1.449452616844249,43,62
proxy,PAYX,2021-10-01,115.1500015,8.660744692874337,2021-10-04,114.8099976,103195.38891728705,103195.38891728705,False,103.32899784,23695.72470784959,11871558.078632643,2021-11-30,2021-12-01,120.7399979,EXIT_MA,24919.622082325848,563333.340447953,4.745235096494067,5.165055678043151,41,58
proxy,TRGP,2021-10-04,52.06999969,83.71862582728545,2021-10-05,52.86000061,229801.97858649283,229801.97858649283,False,47.574000549000004,24294.665456522434,12171627.39371774,2021-11-30,2021-12-01,53.20999908,EXIT_MA,24455.526138338926,31680.149313384667,0.26027866519916676,0.6621234694685008,40,57
proxy,APO,2021-10-21,77.29000092,38.638366619857386,2021-10-22,77.66000366,138731.07102923,162155.6378136063,True,69.894003294,21547.71096777144,10795403.194853492,2021-11-30,2021-12-01,72.41000366,EXIT_MA,20091.034721964526,-769976.8685931936,-7.132451235913688,-6.760236611608727,27,40
proxy,ICE,2021-10-07,126.4000015,0.5129411687636185,2021-10-08,126.7399979,52851.39789351896,95576.1176852893,True,114.06599811000001,13396.772116073316,6711782.830152731,2021-12-01,2021-12-02,129.4600067,EXIT_MA,13684.284650798661,116675.21059580054,1.7383639123667163,2.146132906003473,38,55
proxy,SPG,2021-10-18,144.5299988,34.51486722744854,2021-10-19,145.0,25143.88476416655,86505.16006567006,True,130.5,7291.726581608299,3653155.017385758,2021-12-01,2021-12-02,149.9400024,EXIT_MA,7540.148283768912,109378.97621492902,2.9940962180466664,3.406898206896547,31,44
proxy,NVDA,2021-11-19,32.98500061,83.29852570344653,2021-11-22,33.51699829,390381.2052580516,390381.2052580516,False,30.165298461,26168.812378164504,13110575.001460416,,2021-12-03,30.165298461,STOP,23551.931140348053,-1358161.3624267373,-10.359281437125746,-9.999999999999998,9,11
proxy,DVN,2021-09-23,32.79999924,77.18634898697738,2021-09-24,32.40000153,375554.0021155796,375554.0021155796,False,29.160001376999997,24335.900486284805,12192286.143628687,2021-12-13,2021-12-14,40.40000153,EXIT_MA,30344.76452013408,2949751.351918217,24.193586971051086,24.691356858710623,56,81
proxy,INTU,2021-11-19,692.3400269,39.794745214287786,2021-11-22,691.960022,760.4255781667298,18598.844199758005,True,622.7640198,1052.3681995952263,527236.4679972084,,2021-12-17,621.4000244,STOP,945.05694565438,-55653.05211567273,-10.555615078577494,-10.197120549834304,19,25
proxy,ZTS,2021-12-17,234.3099976,18.650739675614357,2021-12-20,233.9900055,2011.377069771038,55006.87214238623,True,210.59100495,941.2842632365981,471583.4158815357,2022-01-04,2022-01-05,227.0,EXIT_MA,913.1651896760512,-15913.986233186093,-3.37458564004799,-2.987309430188456,11,16
proxy,FDS,2021-09-29,394.5100098,8.263087038291092,2021-09-30,398.7799988,30220.84560796618,30220.84560796618,False,358.90199892,24102.937550559476,12075571.712830298,2022-01-05,2022-01-06,450.0,EXIT_MA,27198.761047169563,1496610.049707314,12.393699323711237,12.84417507250366,68,98
proxy,KEYS,2021-12-07,202.4299927,21.333801455332903,2021-12-08,202.4400024,64531.84552510797,64531.84552510797,False,182.19600216,26127.653925958573,13089954.616905246,2022-01-05,2022-01-06,192.1999969,EXIT_MA,24806.041019754062,-711740.1480479687,-5.437300348839864,-5.058291532602743,20,29
proxy,IRM,2021-12-13,49.56000137,12.44557828661444,2021-12-14,49.00999832,43639.601452893796,261834.92653520298,True,44.108998488000005,4277.553587783589,2143054.347479578,2022-01-06,2022-01-07,46.70000076,EXIT_MA,4075.938842032475,-109160.86530537321,-5.093704946575716,-4.713318994457783,17,24
proxy,P,2021-12-07,33.31999969,36.1250940305031,2021-12-08,33.5,392052.255105082,392052.255105082,False,30.150000000000002,26267.501092040493,13160018.047112288,,2022-01-07,30.150000000000002,STOP,23640.75098283645,-1363283.3066769,-10.359281437125736,-9.999999999999998,22,30
proxy,NVR,2021-12-01,5404.560059,5.898790706979609,2021-12-02,5429.47998,2321.1188984759024,2321.1188984759024,False,4886.531982,25204.93718094913,12627673.527655514,2022-01-07,2022-01-10,5418.75,EXIT_MA,25155.126062232594,-75265.62260145135,-0.5960371277940804,-0.19762445095156123,26,39
proxy,FAST,2021-12-06,31.0,11.366218045288186,2021-12-07,31.32999992,411013.1695621666,411013.1695621666,False,28.196999928,25754.08513900325,12902796.654640628,2022-01-07,2022-01-10,30.01499939,EXIT_MA,24673.120067380794,-590909.7410176117,-4.579702810437493,-4.197256729517407,23,34
proxy,NUE,2022-01-05,122.7200012,38.33659711093399,2022-01-06,123.5999985,106328.07160512336,106328.07160512336,False,111.23999865,26284.29898180228,13168433.789882943,,2022-01-10,111.23999865,STOP,23655.869083622052,-1364155.1171555389,-10.359281437125752,-9.999999999999998,3,4
proxy,MRVL,2021-10-07,65.15000153,18.686505475773117,2021-10-08,65.44000244,185430.86930277076,185430.86930277076,False,58.896002196000005,24269.193079249282,12158865.73270389,2022-01-13,2022-01-14,77.81999969,EXIT_MA,28860.460383316105,2242503.9985708445,18.44336509563673,18.918088001831677,68,98
proxy,AVGO,2021-12-07,59.04000092,15.084529063588958,2021-12-08,59.09400177,71705.35544012875,221259.83765254205,True,53.184601593,8474.712802594895,4245831.114100042,2022-01-13,2022-01-14,59.57799911,EXIT_MA,8544.123205188449,17686.365288994275,0.4165583795893193,0.8190295554594051,26,37
proxy,PFE,2021-11-26,54.0,24.376752633391458,2021-11-29,55.15000153,229233.06982472964,235325.5967283455,True,49.635001377,25284.408303120872,12667488.559863556,2022-01-18,2022-01-19,53.65000153,EXIT_MA,24596.709093646685,-393730.72213386185,-3.1081987583662185,-2.7198548656141797,35,51
proxy,AZO,2021-09-22,1683.76001,14.282985952509422,2021-09-23,1692.390015,7255.78317979459,7255.78317979459,False,1523.1510135,24559.23000897863,12304174.234498292,2022-01-19,2022-01-20,1957.400024,EXIT_MA,28404.940340537454,1869890.9954298977,15.19720836029061,15.658920618247695,82,119
proxy,MAA,2021-12-07,215.0099945,22.5242852639631,2021-12-08,215.5500031,60756.15716815032,60756.15716815032,False,193.99500279,26191.97973187778,13122181.845670767,2022-01-19,2022-01-20,206.2700043,EXIT_MA,25064.345600651686,-615073.3909455761,-4.687279891251464,-4.305264980995949,29,43
proxy,CIEN,2021-12-13,74.12000275,25.53150583539978,2021-12-14,74.09999847,175074.72795929582,175074.72795929582,False,66.68999862300001,25946.074147838972,12998983.148067325,2022-01-19,2022-01-20,68.36000061,EXIT_MA,23936.217020186094,-1054810.8549944647,-8.114564369992992,-7.7462860708747305,25,37
proxy,NTRS,2022-01-13,133.2299957,9.260606465786742,2022-01-14,131.8999939,43129.54213623182,96943.0667100539,True,118.70999451,11377.572689357541,5700163.917368128,2022-01-20,2022-01-21,118.9700012,EXIT_MA,10262.243359405902,-579304.4810245829,-10.162944249014835,-9.802875889291451,4,7
proxy,F,2021-09-28,14.31000042,24.241400200281472,2021-09-29,14.46000004,829711.1298658086,829711.1298658086,False,13.014000036,23995.245942096077,12021618.216990134,2022-01-21,2022-01-24,19.93000031,EXIT_MA,33072.28615087203,4481452.57229501,37.27828060586203,37.82849415538452,80,117
proxy,DELL,2022-01-10,59.88000107,15.551899366247458,2022-01-11,60.0,196345.2873041817,213965.72650349504,True,54.0,23561.434476501803,11804278.672727404,2022-01-21,2022-01-24,54.77999878,EXIT_MA,21511.589197963644,-1069995.6629435457,-9.064473083100475,-8.700002033333332,8,13
proxy,DVN,2022-01-04,47.65999985,64.08115921635115,2022-01-05,48.15000153,9444.649955937231,279402.86023142666,True,43.335001377,909.5198196573842,455669.42964834947,,2022-01-24,43.335001377,STOP,818.5678376916459,-47204.078640218184,-10.359281437125736,-9.999999999999998,13,19
proxy,OXY,2022-01-18,36.02999878,26.24570082503611,2022-01-19,36.66999817,334040.3580688674,356573.18933983333,True,33.002998353,24498.518638183024,12273757.837729694,,2022-01-24,32.59999847,STOP,21779.430323926663,-1405822.1060902905,-11.453884985157314,-11.098990736600832,4,5
proxy,KR,2021-12-02,44.65000153,3.6917433271491107,2021-12-03,45.0,283346.4299153579,283346.4299153579,False,40.5,25501.178692382215,12776090.524883488,2022-01-26,2022-01-27,44.54000092,EXIT_MA,25240.500498217512,-181080.7762729507,-1.4173410553116135,-1.0222201777777884,37,55
proxy,BX,2022-01-31,131.9700012,23.674114673983766,2022-02-01,134.6600037,93065.1712248319,93065.1712248319,False,121.19400333,25064.312602953993,12557220.61407995,2022-02-11,2022-02-14,123.4700012,EXIT_MA,22981.513605616397,-1089445.3248773683,-8.675847612773588,-8.309818945890912,9,13
proxy,PSA,2022-02-02,370.3599854,20.550002918367483,2022-02-03,368.230011,33693.181746143244,33693.181746143244,False,331.4070099,24813.681370014652,12431654.36637734,2022-02-11,2022-02-14,357.9299927,EXIT_MA,24119.600592873652,-395973.67053338885,-3.185204952321868,-2.797169701629776,7,11
proxy,ED,2022-01-31,86.44999695,10.470213396011312,2022-02-01,86.76999664,142068.37699858673,142068.37699858673,False,78.09299697600001,24654.545189635246,12351927.14000726,2022-02-14,2022-02-15,82.62000275,EXIT_MA,23475.379396622542,-637712.8210926112,-5.162860935498008,-4.7827521616923825,10,14
proxy,HLT,2022-02-15,158.0,22.37519820806598,2022-02-16,157.8999939,78218.34594874244,78218.34594874244,False,142.10999451,24701.352696349044,12375377.700870872,2022-02-22,2022-02-23,148.3300018,EXIT_MA,23204.254790739975,-796454.5602916237,-6.435800017930574,-6.0607932043751696,4,7
proxy,WFC,2022-01-07,54.77000046,19.265395753023608,2022-01-10,55.5,234909.3806120307,234909.3806120307,False,49.95,26074.94124793541,13063545.565215642,2022-02-24,2022-02-25,53.16999817,EXIT_MA,24980.262674515012,-598394.4906326495,-4.580643804894722,-4.198201495495502,32,46
proxy,MAR,2022-02-15,181.1999969,25.174114461214803,2022-02-16,178.3099976,68203.63615525706,68203.63615525706,False,160.47899784,24322.78039831032,12185712.97955347,2022-03-01,2022-03-02,167.5800018,EXIT_MA,22859.130939329047,-779006.640828276,-6.3927867178176525,-6.01760750626582,9,14
proxy,WAB,2022-02-16,95.51000214,9.611254923649964,2022-02-17,95.0,111950.62111079786,130545.03365880152,True,85.5,21270.618011051596,10656579.62353685,2022-03-01,2022-03-02,89.83999634,EXIT_MA,20115.286781709612,-619051.5194637533,-5.809101431536943,-5.431582800000001,8,13
proxy,MPC,2022-02-02,78.5,30.604133631720792,2022-02-03,78.58000183,158963.13757428227,158963.13757428227,False,70.722001647,24982.647282979287,12516306.288772622,2022-03-15,2022-03-16,75.16000366,EXIT_MA,23895.34000377628,-592531.6268882584,-4.73407739645818,-4.352250051353812,28,41
proxy,XOM,2022-01-06,68.31999969,10.587874504622171,2022-01-07,68.51999664,29623.962552271292,190591.59430812523,True,61.667996976000005,4059.6676290902296,2033893.482174205,2022-03-16,2022-03-17,78.18000031,EXIT_MA,4632.002803039996,277475.9165427529,13.642598246892204,14.098079602591174,47,69
proxy,COP,2022-01-07,80.63999939,26.761699615171203,2022-01-10,80.65000153,159548.44967142597,159548.44967142597,False,72.585001377,25735.165420219266,12893317.875529852,2022-04-22,2022-04-25,93.0,EXIT_MA,29676.01163888523,1915011.9322738778,14.852747374734063,15.313079027538624,72,105
proxy,EOG,2022-01-07,98.16000366,17.23961360593384,2022-01-10,98.36000061,108609.19531395588,131071.58113750254,True,88.52400054900001,21365.60103466462,10704166.118366975,2022-04-22,2022-04-25,112.1500015,EXIT_MA,24361.04283474789,1451994.2561722212,13.564758245677682,14.019927617403871,72,105
proxy,CVX,2022-01-05,122.2200012,8.488524483353995,2022-01-06,123.6200027,103190.82077181584,106763.05798444408,True,111.25800243,25512.89908485418,12781962.441511944,2022-04-25,2022-04-26,158.8200073,EXIT_MA,32777.53381654557,3574026.932944292,27.961488302742428,28.4743599993466,75,110
proxy,HAL,2022-01-13,27.93000031,15.227869057804483,2022-01-14,27.97999954,462431.94477520196,462431.94477520196,False,25.181999586000003,25877.691204182916,12964723.29329564,2022-04-25,2022-04-26,35.56999969,EXIT_MA,32897.40826460007,3451083.430739792,26.61902882666557,27.126519924167237,69,102
proxy,COR,2022-02-01,137.6600037,9.461442247076842,2022-02-02,134.3300018,90166.95882541066,90166.95882541066,False,120.89700162,24224.25548263588,12136351.996800575,2022-04-29,2022-05-02,152.2700043,EXIT_MA,27459.44641612641,1565911.7648465037,12.902656129777007,13.355171785607789,61,89
proxy,MOS,2022-02-02,44.16999817,26.619764342150194,2022-02-03,43.27999878,282513.1722114617,282513.1722114617,False,38.951998902,24454.339497291985,12251624.088143285,2022-04-29,2022-05-02,62.00999832,EXIT_MA,35037.28266842123,5231979.963398904,42.704378829760536,43.276340267955995,60,88
proxy,EXE,2022-03-25,89.31999969,58.957295891576635,2022-03-28,87.19000244,158401.05794921768,158401.05794921768,False,78.471002196,27621.97725818174,13838610.606349051,2022-04-29,2022-05-02,81.0,EXIT_MA,25660.971387773265,-1033785.8838501927,-7.470301125287096,-7.099440608755192,24,35
proxy,PAYX,2022-03-30,136.8899994,14.576461625481816,2022-03-31,137.9100037,100843.47033482917,100843.47033482917,False,124.11900333000001,27814.64673399426,13935138.013731124,2022-04-29,2022-05-02,126.8899994,EXIT_MA,25592.055780560782,-1164702.1792312954,-8.358023997205084,-7.990721488175856,21,32
proxy,CF,2022-02-01,74.45999908,42.5285989536555,2022-02-02,73.94000244,166698.6843793523,166698.6843793523,False,66.546002196,24651.402259508195,12350352.532013606,2022-05-02,2022-05-03,95.84999847,EXIT_MA,31956.13728542386,3595759.9734128993,29.114634291549613,29.632127815764253,62,90
proxy,VRTX,2022-03-31,260.9700012,23.541626531378668,2022-04-01,261.5499878,16603.83339564808,52714.124228521774,True,235.39498902,8685.464844129974,4351417.886909117,2022-05-06,2022-05-09,251.0,EXIT_MA,8335.124364615336,-192190.82896606484,-4.416740335242339,-4.033641098109042,25,38
proxy,EXC,2022-02-02,42.86000061,19.841110760911352,2022-02-03,42.18999863,195379.170230457,291148.06630846567,True,37.970998767,16486.093848707034,8259533.018202225,2022-05-12,2022-05-13,46.15999985,EXIT_MA,18037.40493706204,741132.0453917328,8.97305021674274,9.409815949074375,69,99
proxy,WRB,2022-03-29,44.5,24.710545397583648,2022-03-30,44.57333374,307847.23104031046,307847.23104031046,False,40.116000366,27443.55474018929,13749220.924834834,2022-05-19,2022-05-20,44.3666687,EXIT_MA,27316.31221955562,-118381.12727658078,-0.861002437329029,-0.4636517456950817,36,51
proxy,EQT,2022-03-24,30.73999977,45.68403275204626,2022-03-25,30.84000015,448165.4466481585,448165.4466481585,False,27.756000135,27642.844883708054,13849065.286737734,2022-06-14,2022-06-15,41.56000137,EXIT_MA,37251.51315336826,4739439.776793027,34.222091373427574,34.76005566750946,56,82
proxy,WRB,2022-11-30,50.85333252,26.1751777508335,2022-12-01,51.1333313,262258.27589933196,262258.27589933196,False,46.01999817,26820.278615454692,13436959.5863428,2022-12-15,2022-12-16,47.5933342,EXIT_MA,24963.491543185424,-980177.3062932733,-7.294636111650707,-6.923071526927882,11,15
proxy,ERIE,2022-11-30,282.3900146,52.042889946401694,2022-12-01,284.7399902,47227.970611219454,47227.970611219454,False,256.26599118,26895.383778009036,13474587.272782527,,2022-12-28,256.26599118,STOP,24205.84540020813,-1395870.4180786703,-10.359281437125759,-9.999999999999998,19,27
proxy,MSI,2022-11-30,272.2000122,18.063231919046128,2022-12-01,273.4100037,48995.98351462026,48995.98351462026,False,246.06900333000002,26791.98406803493,13422784.018085498,2022-12-28,2022-12-29,255.9799957,EXIT_MA,25083.98329877953,-905876.3519945145,-6.748796306146035,-6.375043986731788,19,28
proxy,ORLY,2022-11-30,57.63600159,32.33374119703668,2022-12-01,57.93733215,231395.4289421872,231395.4289421872,False,52.14359893500001,26812.867649230448,13433246.692264454,2023-01-04,2023-01-05,54.97999954,EXIT_MA,25444.24115359911,-736570.3566184994,-5.483189384459484,-5.10436449221282,23,35
proxy,LLY,2022-11-30,371.0799866,34.62016682794947,2022-12-01,374.7900085,35940.249520399855,35940.249520399855,False,337.31100765,26940.092846485568,13496986.516089268,2023-01-05,2023-01-06,360.0,EXIT_MA,25876.979654687897,-584373.6684000082,-4.329660311236124,-3.9462120559705327,24,36
proxy,CTAS,2022-11-30,115.4449997,17.517700074969813,2022-12-01,115.8125,115524.3392532196,115524.3392532196,False,104.23125,26758.325079526992,13405920.864843022,2023-01-05,2023-01-06,108.7474976,EXIT_MA,25125.96561136217,-868064.0247732997,-6.475228621181812,-6.100379838100379,24,36
proxy,GIS,2022-11-30,85.30000305,24.383446225774936,2022-12-01,85.23999786,156350.6076619142,156350.6076619142,False,76.715998074,26654.65092502253,13353980.11343629,2023-01-12,2023-01-13,82.31999969,EXIT_MA,25741.563948520175,-508939.7031247206,-3.811146181149723,-3.4256197129378996,29,43
proxy,GS,2023-01-13,374.0,17.36683547633308,2023-01-17,364.7999878,34638.06756792553,34638.06756792553,False,328.31998902,25271.93325238962,12661238.5594472,2023-01-17,2023-01-18,348.3200073,EXIT_MA,24130.263896235425,-620236.8752257228,-4.898706175652399,-4.517538665334353,1,1
proxy,GL,2022-11-30,119.9599991,28.121026447338828,2022-12-01,120.6100006,111176.28718313848,111176.28718313848,False,108.54900054000001,26817.944127728213,13435790.007991835,2023-01-19,2023-01-20,117.75,EXIT_MA,26182.015631629114,-370964.2078089081,-2.761015225664083,-2.371279815746896,33,50
proxy,MRK,2022-11-30,110.1200027,36.26097191648595,2022-12-01,109.75,121110.67002753199,121110.67002753199,False,98.775,26583.792071043274,13318479.827592678,2023-01-24,2023-01-25,108.7099991,EXIT_MA,26331.8816593868,-178870.87955866568,-1.3430277469661993,-0.9476090205011389,36,55
proxy,PFG,2023-01-30,93.38999939,26.802692431401194,2023-01-31,92.19999695,35635.26231406942,135214.86636823675,True,82.979997255,6571.142153339301,3292142.21882299,2023-02-21,2023-02-22,87.48999786,EXIT_MA,6235.458047196945,-180648.6532717147,-5.487267598551693,-5.1084590518524875,15,22
proxy,KEYS,2023-01-17,184.9600067,18.99093385106462,2023-01-18,186.0200043,69486.2119460293,69486.2119460293,False,167.41800387,25851.650889982167,12951677.095881065,,2023-02-22,160.6499939,STOP,22325.919050527427,-1811043.4896678794,-13.98308092659161,-13.638323735916613,25,35
proxy,BEN,2023-01-27,30.71999931,18.183233276383547,2023-01-30,30.15999985,414938.86262767925,414938.86262767925,False,27.143999864999998,25029.11206921995,12539585.146679195,2023-02-24,2023-02-27,29.78000069,EXIT_MA,24713.759230720207,-207419.29054981098,-1.6541160502805068,-1.2599441707225267,19,28
proxy,FLEX,2023-01-13,18.10851479,44.239370224816085,2023-01-17,18.86209488,715389.27519103,715389.27519103,False,16.975885392000002,26987.480769575275,13520727.865557212,2023-02-27,2023-02-28,17.43782997,EXIT_MA,24949.67308628544,-1070840.9955007788,-7.919995181832229,-7.550937046288475,29,42
proxy,APO,2023-01-26,70.43000031,26.69847211201842,2023-01-27,69.97000122,181739.37987857437,181739.37987857437,False,62.973001098000005,25432.609263651786,12741737.241089543,2023-03-09,2023-03-10,67.0,EXIT_MA,24353.076903728965,-589551.8661287893,-4.62693473404555,-4.244677959432508,29,42
proxy,PCAR,2023-01-24,74.05332947,25.14619506944948,2023-01-25,73.8666687,173291.1642937439,173291.1642937439,False,66.48000183,25600.882043046506,12826041.903566299,2023-03-13,2023-03-14,71.87000275,EXIT_MA,24908.872908684152,-396514.32213290595,-3.0914784554278945,-2.703067547433624,33,48
proxy,LVS,2023-01-26,58.36999893,56.356895751872734,2023-01-27,58.81000137,219289.10083650055,219289.10083650055,False,52.929001233,25792.78464124133,12922185.105261907,2023-03-13,2023-03-14,56.45999908,EXIT_MA,24762.1248629657,-565884.7986420225,-4.379172671126607,-3.9959228621932574,31,46
proxy,STLD,2023-01-26,121.4400024,55.32549192900093,2023-01-27,120.1500015,105401.05672121758,105401.05672121758,False,108.13500135000001,25327.874246311756,12689264.99740219,2023-03-13,2023-03-14,118.7300034,EXIT_MA,25028.535645747514,-200025.71017418057,-1.5763380323062908,-1.1818544172053191,31,46
proxy,URI,2023-01-26,431.480011,44.73303141437417,2023-01-27,432.0,29665.1160073953,29665.1160073953,False,388.8,25630.660230389538,12840960.775425158,2023-03-13,2023-03-14,421.8900146,EXIT_MA,25030.83245094139,-350575.382405404,-2.7301335821874795,-2.3402743981481566,31,46
proxy,ODFL,2023-01-27,166.8950043,18.142728030799585,2023-01-30,162.0050049,76376.89113031462,76376.89113031462,False,145.80450441,24746.87724362677,12398185.499057012,2023-03-13,2023-03-14,167.0650024,EXIT_MA,25519.8109999811,336200.18993355706,2.7116886576598485,3.123358752480132,30,43
proxy,LIN,2023-02-24,347.6600037,12.456845489600195,2023-02-27,346.25,35545.2729375311,36810.73580765386,True,311.625,24615.10150924029,12332165.856129384,2023-03-15,2023-03-16,328.5700073,EXIT_MA,23358.221177130174,-676413.4887414277,-5.484952899860927,-5.106135075812279,13,17
proxy,JBL,2023-01-17,78.33000183,32.072498442727706,2023-01-18,78.75,164077.23639517245,164077.23639517245,False,70.875,25842.16473223966,12946924.53085207,2023-03-16,2023-03-17,78.37999725,EXIT_MA,25720.746674882434,-112271.94008573517,-0.8671707309191078,-0.46984476190475855,41,58
proxy,ULTA,2022-11-30,464.8399963,18.058138506056217,2022-12-01,470.4700012,28690.963377908953,28690.963377908953,False,423.42300108,26996.475149667964,13525234.04998365,2023-03-17,2023-03-20,507.3299866,EXIT_MA,29111.57213211128,1001440.4439398777,7.404237444165251,7.834715349753085,73,109
proxy,FICO,2023-01-27,660.25,54.111782561694966,2023-01-30,658.1199951,19306.204579499416,19306.204579499416,False,592.30799559,25411.598526519505,12731210.86178627,2023-03-17,2023-03-20,654.5,EXIT_MA,25271.821794564734,-120571.78629846685,-0.9470567066041812,-0.5500509218611338,34,49
proxy,SMCI,2023-03-22,11.25399971,99.94176230492037,2023-03-23,11.39999962,1110637.5886189824,1110637.5886189824,False,10.259999658,25322.536176428228,12686590.624390543,,2023-03-28,10.259999658,STOP,22790.28255878541,-1314239.627556624,-10.35928143712574,-9.999999999999998,4,5
proxy,FIX,2023-02-23,136.0,35.02291960944484,2023-02-24,140.4299927,94443.42141056848,94443.42141056848,False,126.38699343000002,26525.377958498313,13289214.357207656,2023-04-05,2023-04-06,131.6000061,EXIT_MA,24857.509667471364,-885317.0331394449,-6.661921535333475,-6.287821020445028,29,41
proxy,EME,2023-02-23,162.1199951,29.97106523624598,2023-02-24,165.9400024,5791.1945220691605,79227.15087620498,True,149.34600216,1921.9816657820468,962912.8145568054,2023-04-05,2023-04-06,154.1399994,EXIT_MA,1785.3094403140474,-72043.40384009585,-7.481820030950037,-7.111005682376681,29,41
proxy,WYNN,2023-01-26,102.8499985,57.70659605885397,2023-01-27,102.2200012,124452.16108765623,124452.16108765623,False,91.99800108,25443.000111445628,12746943.05583426,2023-04-12,2023-04-13,107.6200027,EXIT_MA,26787.0838245488,619811.7726155911,4.862434623742231,5.282724942875472,52,76
proxy,RL,2023-04-11,120.4199982,13.473154695365086,2023-04-12,121.9700012,4852.77824341755,104461.49323042207,True,109.77300108,1183.786736345945,593077.1549093184,2023-04-20,2023-04-21,115.5100021,EXIT_MA,1121.088850175991,-33653.81867149891,-5.674441915848973,-5.2963835668143,7,9
proxy,WDAY,2023-03-29,198.25,15.985443693959796,2023-03-30,200.0,63018.686051538054,63018.686051538054,False,180.0,25207.474420615225,12628944.684728226,2023-04-24,2023-04-25,187.1900024,EXIT_MA,23592.93598646451,-856069.6274824366,-6.778631539321364,-6.404998800000006,17,26
proxy,FSLR,2023-03-01,195.6799927,89.19549607342476,2023-03-02,195.7299957,63480.49389173673,66881.66045399466,True,176.15699612999998,24850.073592927012,12449886.870056434,2023-04-26,2023-04-27,200.5899963,EXIT_MA,25467.10406973129,258198.0607394781,2.0738988509243197,2.4830126739741276,39,56
proxy,CDNS,2023-03-16,207.8200073,33.15480104613221,2023-03-17,206.7799988,60477.68116724798,60477.68116724798,False,186.10199892,25011.14967838064,12530585.9888687,2023-04-26,2023-04-27,204.8399963,EXIT_MA,24776.495973063313,-167114.49831010774,-1.3336526995510074,-0.9381963977455943,28,41
proxy,REGN,2023-03-23,802.1599731,16.99907862208142,2023-03-24,805.0499878,15617.432158063908,15617.432158063908,False,724.5449890200001,25145.627136633357,12597959.19545331,2023-04-26,2023-04-27,775.3300171,EXIT_MA,24217.32788433956,-513512.58116786927,-4.0761568854199774,-3.6916925843595516,23,34
proxy,CTAS,2023-03-29,116.2874985,8.9662831496383,2023-03-30,116.7900009,107435.92106521597,107435.92106521597,False,105.11100081,25094.882635797803,12572536.2005347,2023-04-26,2023-04-27,110.7149963,EXIT_MA,23789.535206444958,-701558.1325186659,-5.580084410405827,-5.201647874976601,19,28
proxy,ANET,2023-03-16,40.66999817,38.50968177491899,2023-03-17,40.63124847,309035.4734988804,309035.4734988804,False,36.568123623000005,25112.99421955422,12581610.103996664,,2023-05-02,36.32749939,STOP,22452.971950037878,-1377577.1009277627,-10.949132023175338,-10.592214716655013,32,46
proxy,SBUX,2023-04-26,111.4700012,23.31589838925957,2023-04-27,111.3899994,112611.201384567,112611.201384567,False,100.25099946,25087.523309320393,12568849.177969517,2023-05-03,2023-05-04,104.2699966,EXIT_MA,23483.939170981434,-850363.5316497814,-6.765643533540726,-6.39195873808398,5,7
proxy,GWW,2023-04-27,696.3599854,29.87186298092804,2023-04-28,698.6900024,15817.64629672383,18216.48460159915,True,628.82100216,22103.262658040647,11073734.591678364,2023-05-04,2023-05-05,669.9799805,EXIT_MA,21195.012714869856,-497423.24695830606,-4.49191953121314,-4.109121613502564,5,7
proxy,LVS,2023-04-20,61.52999878,41.021907916626574,2023-04-21,61.40000153,9092.9431413686,208359.0855297927,True,55.260001377,1116.61344558447,559423.3362378194,2023-05-16,2023-05-17,59.11999893,EXIT_MA,1075.149577576525,-22923.69702713343,-4.097736998477341,-3.713359190856025,18,26
proxy,SYK,2023-03-31,285.4700012,19.36577776974721,2023-04-03,284.3500061,41476.6630442636,44334.415976319106,True,255.91500548999997,23587.778779287997,11817477.168423288,2023-05-17,2023-05-18,284.0,EXIT_MA,23558.744609141726,-61663.60846156627,-0.521800106594101,-0.12308988658044084,32,45
proxy,PCG,2023-04-12,16.95999908,22.45148597447543,2023-04-13,16.96999931,738255.7790404798,738255.7790404798,False,15.272999379,25056.40012184091,12553256.461042296,2023-05-18,2023-05-19,16.62000084,EXIT_MA,24539.623335575256,-307984.4165902436,-2.4534224848033706,-2.062454238249456,26,36
proxy,TKO,2023-03-28,87.98000336,33.22653178086076,2023-03-29,88.12000275,141135.86104795366,141135.86104795366,False,79.308002475,24873.78492733859,12461766.248596633,2023-05-26,2023-05-30,99.98999786,EXIT_MA,28224.348888308286,1622183.8466692027,13.017286749796666,13.470261846990251,42,62
proxy,VRTX,2023-03-24,314.3900146,11.927499444207829,2023-03-27,314.6799927,39841.96297702664,39841.96297702664,False,283.21199343,25074.937237528826,12562543.556001943,2023-05-30,2023-05-31,327.1300049,EXIT_MA,26067.00308780069,444890.9848106019,3.541408496037004,3.956404121271606,45,65
proxy,AMD,2023-05-26,127.0299988,47.02864902672496,2023-05-30,130.4199982,105455.39257746555,105455.39257746555,False,117.37799838000001,27506.984220266702,13780999.094353618,,2023-06-01,117.2900009,STOP,24737.726180641574,-1436873.7302134726,-10.426484468765343,-10.067472382467813,3,2
proxy,BA,2023-06-02,213.3200073,16.925504586035085,2023-06-05,213.2799988,57762.033292722575,63733.16496646818,True,191.95199892,24638.97278271486,12344125.364140144,2023-06-22,2023-06-23,204.0200043,EXIT_MA,23569.220561516006,-583084.3039436564,-4.723577302913047,-4.34170787326541,13,18
proxy,ISRG,2023-03-24,256.4200134,8.254462717098273,2023-03-27,257.5100098,48849.210933081034,48849.210933081034,False,231.75900882,25158.321572199926,12604319.107672162,2023-07-24,2023-07-25,322.7600098,EXIT_MA,31533.143598967003,3130719.5482123718,24.838466254846914,25.33882082901462,82,120
proxy,HUBB,2023-05-02,279.7799988,25.70178979820944,2023-05-03,279.3900146,40021.722607911055,45153.39356546438,True,251.45101314,22363.339327482838,11204033.003068902,2023-07-26,2023-07-27,311.4100037,EXIT_MA,24926.32957081991,1234205.4527702332,11.01572489506387,11.460677700254518,58,85
proxy,CPRT,2023-05-17,41.0,27.313395859013323,2023-05-18,41.24499893,297436.7308071751,311063.8631866606,True,37.120499037,24535.55528776927,12292313.199172406,2023-07-27,2023-07-28,44.5,EXIT_MA,26471.869041838585,917149.452705048,7.46116241788239,7.891868479677511,48,71
proxy,ORCL,2023-03-31,92.91999817,19.973300838596046,2023-04-03,92.37999725,136204.75711596882,136204.75711596882,False,83.14199752500001,25165.190175620235,12607760.277985739,2023-08-03,2023-08-04,115.3399963,EXIT_MA,31419.712363596485,3070676.1914489064,24.355445564828653,24.85386418432698,85,123
proxy,MCO,2023-07-25,361.7000122,10.487275123810663,2023-07-26,360.8999939,433.0566326337119,42991.41568889888,True,324.80999451,312.58027215172234,156602.71634801288,2023-08-03,2023-08-04,338.3500061,EXIT_MA,293.04942858652373,-10371.051483337535,-6.622523366893778,-6.248264943514603,7,9
proxy,SMCI,2023-05-03,13.39500046,116.03681537308405,2023-05-04,13.28199959,880522.1966889789,936825.2971337872,True,11.953799631,23390.190910817837,11718485.646319736,2023-08-09,2023-08-10,26.54199982,EXIT_MA,46741.639972049765,11605592.699733097,99.03662512380946,99.83436710827365,67,98
proxy,NVDA,2023-05-18,31.6779995,62.75107005714881,2023-05-19,31.5359993,387519.9979372362,410246.6161301762,True,28.38239937,24441.66076736937,12245272.044452053,2023-08-09,2023-08-10,42.15999985,EXIT_MA,32675.68610981176,4059895.3243440147,33.15479892652467,33.68848549536845,56,83
proxy,AVGO,2023-05-26,81.27300262,41.81350708798355,2023-05-30,83.51200104,3620.3935306353205,164827.16228909738,True,75.160800936,604.6926165912524,302951.0009122174,2023-08-09,2023-08-10,85.31199646,EXIT_MA,617.7260001387347,5294.273157011194,1.7475674749611585,2.155373356624346,50,72
proxy,PLTR,2023-05-30,14.71000004,82.98814423223351,2023-05-31,14.18999958,914832.4159159213,919131.6084903883,True,12.770999622,25962.94319523462,13007434.540812545,2023-08-09,2023-08-10,15.43999958,EXIT_MA,28250.024235024423,1089327.5524646416,8.37465334956507,8.80902069765952,49,71
proxy,CAH,2023-04-13,80.72000122,16.479093322660088,2023-04-14,80.68000031,10062.898054681631,157010.42177632716,True,72.612000279,1623.7492363424249,813498.3674075548,2023-08-15,2023-08-16,90.55999756,EXIT_MA,1822.5920465569945,95975.06382438552,11.79781886105531,12.245906311400212,85,124
proxy,LRCX,2023-07-27,70.19499969,39.742013810115,2023-07-28,71.02899933,185601.60755906196,221260.5949310225,True,63.92609939700001,26366.19291791907,13209462.651877454,2023-08-16,2023-08-17,65.01799774,EXIT_MA,24134.889801630914,-1166152.6408636272,-8.828161081161637,-8.46274288910217,14,20
proxy,DHI,2023-04-11,99.76999664,21.959048236902504,2023-04-12,100.5400009,126082.52230544265,126082.52230544265,False,90.48600081,25352.673812126945,12701689.5798756,2023-08-17,2023-08-18,115.6699982,EXIT_MA,29167.93025624402,1853107.617990166,14.589457617718882,15.048734000956232,89,128
proxy,PHM,2023-04-25,64.94999695,43.1987661403842,2023-04-26,64.70999908,181569.718307536,195824.90100802178,True,58.23899917200001,23498.752609273033,11772875.05724579,2023-08-17,2023-08-18,78.13999939,EXIT_MA,28375.71535558667,2386606.90519196,20.27208216843419,20.754134601975018,79,114
proxy,RCL,2023-05-04,71.87999725,25.731237226870686,2023-05-05,73.19000244,144216.43108274761,173319.52253018532,True,65.871002196,21110.40188566878,10576311.34472006,2023-08-17,2023-08-18,98.09999847,EXIT_MA,28295.263337132805,3543025.0605092086,33.49962898244262,34.03469763567888,72,105
proxy,MLM,2023-06-22,439.2200012,21.084406082053523,2023-06-23,436.4700012,26892.033578640843,32619.28354924803,True,392.82300108000004,23475.131856679618,11761041.06019649,2023-08-17,2023-08-18,428.4700012,EXIT_MA,23044.859319421368,-261656.2598052267,-2.2247712465758136,-1.8328865621933588,39,56
proxy,TKO,2023-08-10,114.0,21.259423862818956,2023-08-11,113.8799973,131357.0802147122,131357.0802147122,False,102.49199757,29917.887880374616,14988861.82806768,,2023-08-31,102.49199757,STOP,26926.09909233715,-1552738.3809914421,-10.359281437125748,-10.000000000000009,15,20
proxy,MCK,2023-08-03,435.1199951,9.746354345835849,2023-08-04,434.269989,398.1707863124342,35874.88792614433,True,390.8429901,345.8272459840443,173259.4502380062,2023-08-31,2023-09-01,413.2900085,EXIT_MA,329.12001531903525,-9028.562593807612,-5.211007296516924,-4.83109149409816,20,28
proxy,HUBB,2023-08-25,323.4599915,17.44953975236962,2023-08-28,323.1499939,45334.36010750102,45334.36010750102,False,290.83499451000006,29299.596384398723,14679097.78858376,2023-09-05,2023-09-06,313.7799988,EXIT_MA,28450.030920260877,-482532.3593735825,-3.2872071998107266,-2.8995807757618675,6,9
proxy,GE,2023-07-25,93.50359344,48.221658731037216,2023-07-26,93.48763275,166303.72167619652,166303.72167619652,False,84.138869475,31094.68251404495,15578435.939536521,2023-09-07,2023-09-08,88.98643494,EXIT_MA,29597.550618437457,-809258.1809362303,-5.194733181669499,-4.814752152337509,31,44
proxy,ORCL,2023-09-07,125.0899963,32.133107869588656,2023-09-08,124.8000031,118106.5544530947,119219.24504600516,True,112.32000279,29479.396723753074,14769177.758600289,,2023-09-12,112.0800018,STOP,26474.765671389305,-1558269.6885770261,-10.55082221939962,-10.192308480800028,3,4
proxy,FTV,2023-08-10,59.80406952,11.115664018367319,2023-08-11,59.56292343,151491.041019853,250396.1229506174,True,53.606631087,18046.498553192985,9041295.775149684,2023-09-12,2023-09-13,57.33986282,EXIT_MA,17372.95102107473,-372193.21563339606,-4.1165915250376175,-3.732289286661017,22,33
proxy,P,2023-09-05,40.16999817,25.52232311887106,2023-09-06,39.86000061,355449.7931370614,369788.6117031301,True,35.874000549,28336.457942535286,14196565.429210179,2023-09-13,2023-09-14,37.43999863,EXIT_MA,26616.079536170724,-915141.7406609878,-6.446219300183942,-6.071254247278857,6,8
proxy,ODFL,2023-07-26,210.375,23.70161091161967,2023-07-27,212.2250061,58491.74826610589,73162.14180694122,True,191.00250549,24826.823265147974,12438238.455839135,2023-09-19,2023-09-20,204.7899933,EXIT_MA,23957.049471042224,-483670.76978906617,-3.888579331440673,-3.5033632165366257,38,55
proxy,INTC,2023-09-12,38.86000061,19.141375929188342,2023-09-13,38.79999924,376604.1920990616,376604.1920990616,False,34.919999316,29224.484734448808,14641466.851958854,,2023-09-20,34.919999316,STOP,26302.03626100393,-1516750.7577178925,-10.359281437125743,-9.999999999999986,6,7
proxy,FIX,2023-04-27,148.8500061,41.82501574344645,2023-04-28,148.6100006,85221.56823216222,85221.56823216222,False,133.74900054,25329.554612229134,12690106.860726796,2023-09-21,2023-09-22,170.3399963,EXIT_MA,29033.28323469342,1797501.4733852204,14.164588944070347,14.622162446852172,101,147
proxy,EME,2023-04-27,171.4400024,32.82285126073413,2023-04-28,171.2200012,73992.24669638077,73992.24669638077,False,154.09800108000002,25337.905136290025,12694290.473281303,2023-09-21,2023-09-22,208.8999939,EXIT_MA,30913.959767042474,2731775.4504728913,21.519717515702663,22.00677049171751,101,147
proxy,IBKR,2023-08-03,22.76000023,15.444050041565605,2023-08-04,22.77499962,685847.139758002,685847.139758002,False,20.497499658,31240.336694733167,15651408.684061315,2023-09-21,2023-09-22,22.29249954,EXIT_MA,30578.49409513115,-392740.130590871,-2.5092957350913707,-2.11855142942039,34,49
proxy,CSCO,2023-08-17,54.72999954,10.924834979340774,2023-08-18,54.63000107,264103.09373084316,264103.09373084316,False,49.167000963,28855.904586212542,14456808.197692484,2023-09-21,2023-09-22,53.40000153,EXIT_MA,28206.211218609515,-381908.7996063363,-2.6417228089620397,-2.2515092731262176,24,35
proxy,INTU,2023-08-25,519.0499878,15.806416861955396,2023-08-28,519.0499878,20241.61831905323,28251.328541944757,True,467.1449890200001,21012.823483113672,10527424.56503995,2023-09-21,2023-09-22,504.0,EXIT_MA,20403.551265605656,-346052.483502727,-3.2871523454266027,-2.899525701520511,18,25
proxy,ADBE,2023-08-31,559.3400269,39.27451079903101,2023-09-01,564.7999878,24031.884228172195,26632.057632747816,True,508.31998902000004,27146.41583776534,13600354.334720435,2023-09-21,2023-09-22,513.0900269,EXIT_MA,24661.040250181115,-1294495.2498800568,-9.518099440801562,-9.155446532748678,14,21
proxy,TJX,2023-08-16,89.30999756,12.572515872165763,2023-08-17,89.05999756,145148.55083361862,165949.68939191152,True,80.153997804,25853.85916615922,12952783.442245768,2023-09-25,2023-09-26,88.40000153,EXIT_MA,25662.26423153834,-147313.59070813842,-1.1373122338143333,-0.7410689962745187,27,40
proxy,CPAY,2023-08-10,268.6099854,16.382684565574017,2023-08-11,267.4599915,55748.88484572766,55748.88484572766,False,240.71399235,29821.1925339456,14940417.459506745,2023-09-26,2023-09-27,262.6600037,EXIT_MA,29286.004599699405,-326701.1642567422,-2.1866936793580614,-1.7946563794757342,32,47
proxy,WELL,2023-09-14,84.51000214,3.513426325039441,2023-09-15,84.12000275,69954.7228544812,172641.83777002947,True,75.708002475,11769.182957788893,5896360.661852235,2023-09-26,2023-09-27,81.55000305,EXIT_MA,11409.615724289693,-202962.4154316783,-3.442164193665883,-3.0551588397326745,8,12
proxy,AJG,2023-09-19,235.7799988,12.99844212694699,2023-09-20,235.7700043,50603.15585489881,60839.68422153412,True,212.19300387,23861.412547006126,11954567.686050069,2023-10-02,2023-10-03,225.0500031,EXIT_MA,22776.480764029522,-589103.7847993374,-4.927855195355745,-4.546804514776015,9,13
proxy,SMCI,2023-10-10,31.03100014,176.14425778943792,2023-10-11,31.11000061,452342.4077787815,452342.4077787815,False,27.999000549,28144.745163853524,14100517.327090615,,2023-10-13,27.999000549,STOP,25330.270647468173,-1460712.2740039974,-10.359281437125746,-9.999999999999998,3,2
proxy,VST,2023-08-09,30.30999947,16.287110010904904,2023-08-10,30.44000053,493876.8244454905,493876.8244454905,False,27.396000477,30067.221595750896,15063678.019471198,2023-10-13,2023-10-16,31.97999954,EXIT_MA,31588.361237166897,698914.2378750835,4.639731657644781,5.059129379719507,46,67
proxy,VRT,2023-08-25,37.5,136.27424862927998,2023-08-28,37.43999863,391036.0462674725,391036.0462674725,False,33.695998767,29280.778073069574,14669669.814607855,2023-10-19,2023-10-20,37.18999863,EXIT_MA,29085.260049935838,-156125.0496898722,-1.0642710549245287,-0.6677350671687288,38,53
proxy,APO,2023-09-13,90.59999847,29.413833746184732,2023-09-14,91.0,160378.21943231832,160378.21943231832,False,81.9,29188.835936681935,14623606.80427765,2023-10-19,2023-10-20,83.23000336,EXIT_MA,26696.55948444534,-1302023.6215394232,-8.903573782895746,-8.538457846153847,26,36
proxy,FERG,2023-09-28,168.0,21.1727844266863,2023-09-29,167.8999939,82580.12775222251,82580.12775222251,False,151.10999451,27730.40589171876,13892933.351751098,2023-10-19,2023-10-20,155.3300018,EXIT_MA,25654.342784793906,-1091416.3021389395,-7.855909724071157,-7.486594732985285,15,21
proxy,PLTR,2023-10-09,17.61000061,75.71986320405945,2023-10-10,18.05999947,794410.2034784275,794410.2034784275,False,16.253999523,28694.095707565986,14375741.949490558,,2023-10-20,16.253999523,STOP,25824.686136809385,-1489223.5672226753,-10.359281437125754,-9.999999999999998,9,10
proxy,AKAM,2023-09-20,108.4899979,20.211229325611697,2023-09-21,107.6600037,121665.6010214191,131081.77889002833,True,96.89400333,26197.03811225741,13124716.094240962,2023-10-20,2023-10-23,103.8399963,EXIT_MA,25267.51111980287,-516228.0454593301,-3.933251140463507,-3.548214070886202,22,32
proxy,ARES,2023-10-06,108.4199982,31.936316108704037,2023-10-09,107.2699966,127697.80057878017,127697.80057878017,False,96.54299694,27396.285267826453,13725538.919181053,2023-10-20,2023-10-23,101.25,EXIT_MA,25858.804617202983,-821995.4151967652,-5.988802480083677,-5.6120040932302935,10,14
proxy,SNPS,2023-10-10,490.1099854,25.717367763772724,2023-10-11,490.2799988,28639.770127628384,28639.770127628384,False,441.25199892,28083.01292761184,14069589.476733532,2023-10-25,2023-10-26,458.4200134,EXIT_MA,26258.087611360646,-966803.7586645689,-6.871584705888853,-6.49832452434932,11,15
proxy,CDNS,2023-10-10,249.75,21.27778229548848,2023-10-11,250.3200073,1099.3192115783293,56202.75202847369,True,225.28800657,550.3631861346353,275731.9562534522,2023-10-25,2023-10-26,231.1699982,EXIT_MA,508.2592403235756,-22110.595331988006,-8.01887297809761,-7.650211146346497,11,15
proxy,WSM,2023-09-25,78.13999939,20.363458420176727,2023-09-26,77.93000031,178734.49103446718,178734.49103446718,False,70.137000279,27857.55788344744,13956636.499607166,2023-10-26,2023-10-27,72.48500061,EXIT_MA,25911.13938332279,-1026977.9473290965,-7.358348462811957,-6.98703923821401,23,31
proxy,NWS,2023-10-16,22.68000031,15.090934493260146,2023-10-17,22.68000031,26867.215919784514,613823.6362674894,True,20.412000279,1218.6969307790996,610567.1623203289,2023-10-26,2023-10-27,21.19000053,EXIT_MA,1138.6326391597165,-42389.47537963034,-6.94263923702321,-6.569663843183616,8,10
proxy,NFLX,2023-10-19,40.17699814,17.712847315599245,2023-10-20,40.56299973,334828.14333084476,334828.14333084476,False,36.506699757,27163.267775050917,13608797.15530051,2023-10-27,2023-10-30,40.23500061,EXIT_MA,26943.621102323414,-163930.2252411265,-1.2045901145442313,-0.8086165278289759,6,10
proxy,TRGP,2023-11-02,90.25,17.404963211063297,2023-11-03,90.11000061,145775.93268998156,145775.93268998156,False,81.099000549,26271.738767235114,13162141.122384792,2023-11-08,2023-11-09,83.97000122,EXIT_MA,24481.61049164878,-945817.4870520514,-7.185893831843999,-6.813893406320326,4,6
proxy,VRTX,2023-10-13,371.0,9.201198330853607,2023-10-16,372.1199951,37271.94574821392,37271.94574821392,False,334.90799559,27739.272538385656,13897375.541731214,2023-11-15,2023-11-16,350.7200012,EXIT_MA,26144.03371507984,-851502.7179063745,-6.127075686696898,-5.750831501072429,23,31
proxy,JBL,2023-09-28,124.9499969,49.333199713656185,2023-09-29,126.9599991,111032.10729550151,111032.10729550151,False,114.26399919,28193.27248461595,14124829.514792591,,2023-11-29,114.26399919,STOP,25373.94523615436,-1463230.8419515658,-10.359281437125734,-9.999999999999998,43,61
proxy,PLTR,2023-11-03,18.88999939,79.95620776394324,2023-11-06,18.98999977,703994.0994549958,703994.0994549958,False,17.090999793,26737.695573463458,13395585.482305193,,2023-12-06,17.090999793,STOP,24063.92601611711,-1387686.4002627544,-10.359281437125754,-9.999999999999998,22,30
proxy,CAH,2023-11-03,100.2099991,15.821633545864744,2023-11-06,99.5,132705.80010681262,132705.80010681262,False,89.55,26408.454221255713,13230635.564849112,2023-12-20,2023-12-21,99.76999664,EXIT_MA,26480.114461530415,-17058.448545435444,-0.12893143690508707,0.27135340703516864,32,45
proxy,CBOE,2023-10-04,159.9600067,17.862827738385658,2023-10-05,160.7899933,85861.21403432624,85861.21403432624,False,144.71099397,27611.248058618363,13833235.2773678,2024-01-04,2024-01-05,174.3600006,EXIT_MA,29941.522661083705,1107584.530512968,8.006691914833969,8.439584467598849,63,92
proxy,COIN,2023-11-09,92.86000061,40.28864193000772,2023-11-10,94.40000153,129151.90209977423,142016.75746047692,True,84.960001377,24383.879511642197,12216323.635332739,2024-01-12,2024-01-16,129.4400024,EXIT_MA,33434.84503551869,4467664.037391083,36.57126456988627,37.11864438780164,43,67
proxy,INTC,2023-11-16,43.34999847,33.75792071297358,2023-11-17,42.90999985,303421.88774232357,317315.13803996745,True,38.618999865,26039.66631501964,13045872.82382484,2024-01-26,2024-01-29,43.70999908,EXIT_MA,26525.140868137656,190172.46937584877,1.4577213187955427,1.8643654924179742,47,73
proxy,LULU,2023-10-16,416.6400146,15.381226741561486,2023-10-17,415.0,33413.78593747771,33413.78593747771,False,373.5,27733.4423281065,13894454.606381357,2024-01-31,2024-02-01,454.8999939,EXIT_MA,30399.862038269035,1275076.5507148914,9.176873701320254,9.6144563614458,73,107
proxy,IT,2023-11-03,386.7099915,13.732958556159597,2023-11-06,387.8099976,32556.16315944564,34388.685065222766,True,349.02899784,25251.211113459645,12650856.767843282,2024-02-12,2024-02-13,442.980011,EXIT_MA,28843.45902897805,1742029.2876167651,13.77004988345739,14.226042067359025,67,99
proxy,PHM,2023-11-02,80.16999817,26.17934336501334,2023-11-03,82.68000031,164104.75521494995,164104.75521494995,False,74.412000279,27136.36242408907,13595317.574468624,2024-02-13,2024-02-14,103.4700012,EXIT_MA,33959.838438033155,3350641.80610992,24.64555747047991,25.145138863147153,69,103
proxy,MU,2023-12-21,85.48000336,22.765974463582815,2023-12-22,86.15000153,153072.57663007395,178513.98059790742,True,77.535001377,26374.405421763826,13213577.116303677,2024-02-13,2024-02-14,82.18000031,EXIT_MA,25159.00878982395,-659231.7301815264,-4.989048191712811,-4.608242773643512,35,54
proxy,PANW,2023-11-29,144.4550018,32.19490727984111,2023-11-30,144.3450012,87542.52600192868,98860.24845437425,True,129.91050108000002,25272.652041598856,12661598.672841027,2024-02-21,2024-02-22,137.0650024,EXIT_MA,23998.033073112834,-686580.1693577226,-5.422539341974474,-5.0434713633851995,56,84
proxy,NRG,2023-11-02,45.13000107,20.31468587891799,2023-11-03,45.40000153,291519.55713150697,291519.55713150697,False,40.860001376999996,26469.976679590676,13261458.31647493,2024-02-23,2024-02-26,51.59999847,EXIT_MA,30084.817403921676,1750865.5680819862,13.202662379195933,13.65638046488411,76,115
proxy,NOW,2023-11-02,119.8860016,21.47231158918168,2023-11-03,120.1159973,109739.90081983712,109739.90081983712,False,108.10439757,26363.03526115565,13207880.66583898,2024-03-05,2024-03-06,150.102005,EXIT_MA,32944.35828311739,3231354.117436597,24.465349128980325,24.96420824372574,83,124
proxy,CTSH,2024-01-12,77.97000122,8.692544168974676,2024-01-16,77.66000366,20329.467151291483,194256.407205688,True,69.894003294,3157.572986750293,1581944.0663618967,2024-03-06,2024-03-07,77.05000305,EXIT_MA,3132.771012023767,-18691.331362036988,-1.181541861023108,-0.7854758965382236,36,51
proxy,PLTR,2024-03-06,26.15999985,72.29331886589468,2024-03-07,27.01000023,57761.29051368536,637697.2616546932,True,24.309000207,3120.2649401194767,1563252.7349998578,,2024-03-14,24.309000207,STOP,2808.238446107529,-161941.7503922009,-10.359281437125752,-9.999999999999998,6,7
proxy,BNY,2024-01-12,54.84999847,13.087841238374754,2024-01-16,55.0,276138.0625216325,276138.0625216325,False,49.5,30375.18687737958,15217968.625567168,2024-03-14,2024-03-15,53.91999817,EXIT_MA,29778.727651667545,-358383.52738506347,-2.3550024067138375,-1.9636396909090914,42,59
proxy,CRWD,2023-10-06,44.17250061,26.540104676230904,2023-10-09,44.125,313430.1911302934,313430.1911302934,False,39.7125,27660.214367248394,13857767.397991445,2024-04-04,2024-04-05,77.43000031,EXIT_MA,48537.79959276396,10362594.598797768,74.77824025462955,75.47875424362604,123,179
proxy,FAST,2023-12-06,31.06500053,8.080587198977017,2023-12-07,31.20499992,384038.8159053465,461005.65904291155,True,28.084499928,23967.862439206463,12007899.082042437,2024-04-11,2024-04-12,34.77000046,EXIT_MA,26706.059611373505,1318424.6640329417,10.979644774035604,11.424452969522703,86,127
proxy,SMCI,2024-02-12,77.3010025,350.8927740754548,2024-02-13,75.0,191522.10319973444,204749.8229681524,True,67.5,28728.315479960165,14392886.055460043,2024-04-12,2024-04-15,91.19999695,EXIT_MA,34933.630455346734,3038995.5417579785,21.11456680785098,21.599995933333325,42,62
proxy,HWM,2024-02-13,61.97999954,18.83308957632222,2024-02-14,62.56999969,217894.66219422992,252852.28094975566,True,56.312999721000004,27267.337891891246,13660936.283837514,2024-04-12,2024-04-15,65.33999634,EXIT_MA,28474.472860553036,547825.6735784523,4.010161984479748,4.427036381211136,41,61
proxy,ALL,2024-01-04,148.5,15.949358539243866,2024-01-05,149.3399963,99071.27726582714,99071.27726582714,False,134.40599667,29590.608360629798,14824894.788675528,2024-04-17,2024-04-18,165.1000061,EXIT_MA,32713.336961845707,1499060.3552854806,10.111777362700652,10.553107131689421,71,104
proxy,AXON,2024-04-11,324.0899963,28.300953511219458,2024-04-12,322.230011,52610.46464448298,52610.46464448298,False,290.0070099,33905.34120221372,16986575.942309074,2024-04-18,2024-04-19,299.1799927,EXIT_MA,31479.996856560054,-1278057.5108856093,-7.523926630218075,-7.153281045569648,5,7
proxy,DASH,2023-11-02,87.79000092,33.51037150232093,2023-11-03,88.05000305,149860.77898848295,149860.77898848295,False,79.24500274500001,26390.484094022602,13221632.531105323,2024-04-19,2024-04-22,128.4600067,EXIT_MA,38502.233345855486,5990981.908476563,45.31196805222146,45.894380749825544,115,171
proxy,NFLX,2024-01-26,57.04199982,32.8618585914143,2024-01-29,57.13499832,231200.25255158616,272540.10906094185,True,51.421498488000005,26419.252082236904,13236045.293200688,2024-04-19,2024-04-22,55.06600189,EXIT_MA,25462.547087948245,-530234.2963145152,-4.005987321506786,-3.6212417797092167,58,84
proxy,TDG,2024-01-31,1092.680054,21.77935686059725,2024-02-01,1099.459961,13769.717123689476,14027.07035701219,True,989.5139649,30278.505303585327,15169531.15709625,2024-04-19,2024-04-22,1195.939941,EXIT_MA,32935.50936898377,1265288.018026648,8.34098301999763,8.775215416871385,55,81
proxy,GRMN,2024-02-21,133.5800018,9.221407334666063,2024-02-22,134.7700043,88677.86517493954,113885.90080880026,True,121.29300387,23902.232541882848,11975018.503483307,2024-04-19,2024-04-22,140.6199951,EXIT_MA,24939.76193275692,469922.70096239634,3.924191856786732,4.340721683868054,41,60
proxy,NVDA,2024-02-23,78.81700134,106.05328296614131,2024-02-26,79.69999695,187984.43838867004,200800.76550119952,True,71.729997255,29964.71833244893,15012323.884556914,2024-04-19,2024-04-22,78.10399628,EXIT_MA,29364.671753213148,-359352.6797035523,-2.3937178711766016,-2.002510327574103,39,56
proxy,HOOD,2024-03-14,18.04999924,56.02101387420504,2024-03-15,17.81999969,910686.8398818137,931509.6972900459,True,16.037999721,32456.878408762,16260896.082789762,2024-04-19,2024-04-22,16.94000053,EXIT_MA,30854.071100523895,-864714.6036283374,-5.317754933220044,-4.938266977040562,25,38
proxy,PGR,2024-04-19,214.6900024,33.099927467085685,2024-04-22,215.0599976,74278.1309856458,74278.1309856458,False,193.55399784,31948.50934301094,16006203.180848481,2024-05-16,2024-05-17,209.3099976,EXIT_MA,31094.310836676017,-490142.0733471494,-3.06220074685549,-2.673672493335877,19,25
proxy,SYF,2024-04-24,45.02000046,22.488210107306003,2024-04-25,44.95999908,360414.79348766984,360414.79348766984,False,40.463999172,32408.497567248054,16236657.281191275,2024-05-23,2024-05-24,43.13999939,EXIT_MA,31096.587942410104,-719459.8979286328,-4.431083846070109,-4.0480420979581595,21,29
proxy,WFC,2024-04-19,60.34999847,23.516849631207005,2024-04-22,60.40000153,264238.1528394397,264238.1528394397,False,54.360001376999996,31919.96967157306,15991904.805458104,2024-05-29,2024-05-30,58.81999969,EXIT_MA,31084.97613620403,-480501.7134922929,-3.0046559139615168,-2.6158970198290943,27,38
proxy,FICO,2024-05-16,1404.430054,25.285489945976845,2024-05-17,1415.949951,10936.185219480285,12036.185936936823,True,1274.3549559,30970.18185130007,15516061.107501334,,2024-05-31,1274.3549559,STOP,27873.16366617006,-1607352.4380824734,-10.359281437125748,-9.999999999999998,10,14
proxy,DELL,2024-05-29,179.2100067,148.05237021645328,2024-05-30,178.8000031,86579.65290354467,95816.67870315099,True,160.92000279,30960.884415101424,15511403.091965813,,2024-05-31,143.8000031,STOP,24900.308711853297,-3086149.0447510183,-19.896001841055245,-19.574943732201756,2,1
proxy,DOV,2024-04-25,179.1100006,11.935709761910212,2024-04-26,179.3800049,90694.25543100308,90694.25543100308,False,161.44200440999998,32537.47196723037,16301273.455582414,2024-06-06,2024-06-07,177.5099945,EXIT_MA,32198.273565477906,-234334.94640894048,-1.4375253997637334,-1.0424854214060697,29,42
proxy,AXP,2024-04-22,233.0,26.335078494754516,2024-04-23,234.7700043,68918.6837997251,68918.6837997251,False,211.29300387,32360.079384023607,16212399.771395827,2024-06-10,2024-06-11,231.6399994,EXIT_MA,31928.647748034226,-280004.5451267492,-1.72710116376955,-1.3332218097165227,34,49
proxy,NEE,2024-05-31,80.01999664,18.119460868000324,2024-06-03,79.5,123263.4553259842,210339.3796881789,True,71.55,19598.88939683149,9819043.587812576,,2024-06-12,71.55,STOP,17639.00045714834,-1017182.3596955556,-10.35928143712576,-10.000000000000009,8,9
proxy,GE,2024-02-13,113.144455,22.135773529302462,2024-02-14,114.1260986,138511.2885731237,138511.2885731237,False,102.71348874,31615.505953818734,15839368.482863186,2024-06-13,2024-06-14,154.2200012,EXIT_MA,42722.42217992137,5479120.184917575,34.59178433057798,35.13123035995906,84,121
proxy,WAB,2024-04-24,163.3800049,32.07655171059063,2024-04-25,162.4199982,99313.70842189089,99313.70842189089,False,146.17799838000002,32261.064686237685,16162793.40780508,2024-06-14,2024-06-17,160.0,EXIT_MA,31780.386695005083,-304380.4469975438,-1.8832168383130927,-1.4899631983865014,36,53
proxy,VST,2024-03-05,58.88999939,89.10263342055677,2024-03-06,59.27000046,276808.19659296464,277052.59349117085,True,53.343000414,32812.84387879357,16439234.783275578,2024-06-17,2024-06-18,83.91000366,EXIT_MA,46453.95357846733,6741288.052379616,41.00731050594795,41.57247006709404,72,104
proxy,TSCO,2024-04-25,53.05199814,8.146175334852131,2024-04-26,52.93199921,306194.8411782011,306194.8411782011,False,47.638799289000005,32415.01018270123,16239920.101533316,2024-06-25,2024-06-26,52.90999985,EXIT_MA,32401.538001618785,-71552.6387255434,-0.4405972337190726,-0.04156155128908212,41,61
proxy,CMG,2024-04-25,62.23939896,40.233867322166105,2024-04-26,62.40940094,260996.22451533258,260996.22451533258,False,56.168460846,32577.236039207295,16321195.255642856,2024-06-27,2024-06-28,62.02999878,EXIT_MA,32379.19097654137,-163978.95834871195,-1.0046994462125451,-0.6079246944939443,43,63
proxy,BBY,2024-06-17,91.26000214,4.162670100404231,2024-06-18,91.25,59204.72342789428,183751.8219282837,True,82.125,10804.862025590706,5413235.874820944,,2024-07-02,81.55000305,STOP,9656.29075223837,-594746.7894539973,-10.98689957739316,-10.630133643835615,10,14
proxy,ACGL,2024-04-05,94.90000153,8.451280367521981,2024-04-08,94.83000183,182040.74056629106,182040.74056629106,False,85.347001647,34525.847522071876,17297449.60855801,2024-07-03,2024-07-05,97.87999725,EXIT_MA,35636.294372033066,485061.2830864899,2.8042358501596856,3.2162768756112348,61,88
proxy,META,2024-07-05,539.9099731,27.886384144639564,2024-07-08,542.3499756,30466.530079329805,30466.530079329805,False,488.11497804,33047.04369028237,16556568.888831468,,2024-07-16,488.11497804,STOP,29742.339321254134,-1715141.567525655,-10.359281437125748,-9.999999999999998,7,8
proxy,CDNS,2024-06-17,322.0799866,6.231484280649491,2024-06-18,320.3900146,52065.30166442843,52065.30166442843,False,288.35101313999996,33362.40552083925,16714565.165940467,,2024-07-17,288.35101313999996,STOP,30026.16496875533,-1731508.8465315588,-10.359281437125757,-10.000000000000009,20,29
proxy,CRWD,2024-06-10,93.64250183,58.181504911396395,2024-06-11,93.21499634,170579.78504011914,177546.37913650007,True,83.89349670600001,31801.188076385384,15932395.226269078,2024-07-17,2024-07-18,87.93499756,EXIT_MA,29999.8659625764,-962462.1109434534,-6.040912852554406,-5.664323324909326,25,37
proxy,BSX,2024-04-24,72.91000366,21.538324842233113,2024-04-25,73.12999725,222546.610260391,222546.610260391,False,65.816997525,32549.665992678434,16307382.662331896,2024-07-18,2024-07-19,76.90000153,EXIT_MA,34227.66933904077,772224.3378494438,4.735427835597368,5.155209109487546,58,85
proxy,GOOG,2024-04-26,173.6900024,18.90736129007886,2024-04-29,170.7700043,70149.48026317869,93762.2544390468,True,153.69300387,23958.85409237158,12003385.90027816,2024-07-18,2024-07-19,180.3699951,EXIT_MA,25305.722822674175,624169.788236253,5.199947693273685,5.621590770200613,56,81
proxy,AMZN,2024-06-27,197.8500061,16.386208144660056,2024-06-28,197.7299957,81550.43096764207,82356.70604985527,True,177.95699613,32249.93272913002,16157216.297294142,2024-07-18,2024-07-19,181.1399994,EXIT_MA,29544.09003309685,-1414715.370778814,-8.755935086514482,-8.390227411510532,14,21
proxy,AVGO,2024-06-13,167.8990021,48.54279084804659,2024-06-14,168.6860046,99586.5624631111,99586.5624631111,False,151.81740414,33597.718667501096,16832457.052418046,,2024-07-24,151.81740414,STOP,30237.946800750986,-1743721.5988433044,-10.359281437125736,-9.999999999999986,27,40
proxy,NVDA,2024-05-23,103.7990036,92.16609912983442,2024-05-24,104.4489975,148265.90301544874,163589.02278270846,True,94.00409775,30972.4498667917,15517197.383262642,2024-07-24,2024-07-25,113.0400009,EXIT_MA,33519.955620611276,1209260.4714223854,7.793034022540265,8.225070231047438,41,62
proxy,HOOD,2024-06-06,22.96999931,78.81412231708393,2024-06-07,22.52000046,712027.9060434004,718218.7795735298,True,20.268000414,32069.737543260428,16066938.509173473,2024-07-24,2024-07-25,21.15999985,EXIT_MA,30133.02077014833,-1030561.1448694561,-6.414172459059662,-6.039078961901589,32,48
proxy,ANET,2024-06-13,82.91750336,35.377918755920604,2024-06-14,82.75,54103.65511107953,201652.0491159862,True,74.47500000000001,8954.154920883664,4486031.615362715,2024-07-24,2024-07-25,81.75,EXIT_MA,8845.947610661504,-71903.7576426249,-1.6028366228268582,-1.2084592145015116,27,41
proxy,COST,2024-07-05,885.6699829,23.52369463723138,2024-07-08,886.789978,1379.6897158748188,18572.587705547827,True,798.1109802000001,2446.990025574914,1225942.0028130317,2024-07-24,2024-07-25,835.789978,EXIT_MA,2306.261674555682,-75117.42720974633,-6.1273230737981725,-5.751079879705179,13,17
proxy,COHR,2024-06-12,70.43000031,41.86375405399813,2024-06-13,70.09999847,125310.88209068484,238190.72763390822,True,63.08999862300001,17568.585285662713,8801861.22811702,2024-07-25,2024-07-26,69.30999756,EXIT_MA,17370.593863893628,-133934.89003410004,-1.521665549625493,-1.1269628063374282,29,43
proxy,RCL,2024-06-25,160.7299957,25.08334773478882,2024-06-26,160.0,100850.59545164529,102097.21592914422,True,144.0,32272.190544526497,16168367.462807775,2024-07-25,2024-07-26,154.6499939,EXIT_MA,31193.087942816623,-603016.5793422796,-3.7296070906936243,-3.3437538125000055,21,30
proxy,NTAP,2024-05-31,120.4300003,27.539028511568098,2024-06-03,117.9300003,139760.4950093798,139760.4950093798,False,106.13700027,32963.91043676862,16514919.128821079,2024-07-30,2024-07-31,125.0599976,EXIT_MA,34956.894340895706,928571.1472858787,5.622620008265005,6.045957162606741,40,58
proxy,GLW,2024-06-17,38.75,5.973245471445518,2024-06-18,39.0,432753.33322333073,432753.33322333073,False,35.1,33754.7599914198,16911134.75570132,2024-07-30,2024-07-31,40.70999908,EXIT_MA,35234.77559477746,671018.266092632,3.9679079836224997,4.384613025641038,29,43
proxy,SYF,2024-07-16,51.70999908,24.347797410025933,2024-07-17,51.61999893,286939.2487582924,323450.31020125194,True,46.457999037,29623.607427756117,14841427.321305813,,2024-08-02,46.457999037,STOP,26661.246684980506,-1537465.2255005408,-10.359281437125738,-9.999999999999998,13,16
proxy,C,2024-07-17,67.61000061,17.128063853209635,2024-07-18,67.55000305,204768.09777458617,238722.10758544042,True,60.795002745000005,27664.17125843199,13859749.800474428,,2024-08-02,59.66999817,STOP,24437.024038967877,-1665674.8050294574,-12.018072685355694,-11.665439710146696,12,15
proxy,ZBRA,2024-07-30,348.1199951,16.30478074420793,2024-07-31,357.7799988,11669.329633174879,44557.74364453608,True,322.00199892,8350.105484308226,4183402.8476384208,,2024-08-02,322.00199892,STOP,7515.094935877403,-433370.4746355964,-10.359281437125736,-9.999999999999998,3,2
proxy,GRMN,2024-07-30,179.3399963,33.30922352910333,2024-07-31,175.4499969,86491.81342267571,86491.81342267571,False,157.90499721,30349.976793767666,15205338.3736776,2024-08-05,2024-08-06,161.6399994,EXIT_MA,27961.073339492425,-1252762.7772708796,-8.238966779191006,-7.871187086923226,4,6
proxy,CFG,2024-07-17,40.91999817,19.47241533960897,2024-07-18,40.72000122,394428.21508494,394428.21508494,False,36.648001098,32122.23479892236,16093239.634260103,2024-09-10,2024-09-11,39.49000168,EXIT_MA,31151.941752687366,-548420.6996691078,-3.407770667265788,-3.02062746352737,38,55
proxy,TSN,2024-08-05,62.50999832,2.727691203307024,2024-08-06,62.56999969,222546.36747815018,234376.4515782502,True,56.312999721000004,27849.452288236967,13952575.59640672,2024-09-19,2024-09-20,61.88000107,EXIT_MA,27542.33891534509,-208948.47764951922,-1.497562053728136,-1.1027627032420773,32,45
proxy,UHS,2024-07-25,204.9900055,22.348784266585454,2024-07-26,209.5800018,74971.25721634852,74971.25721634852,False,188.62200162,31424.952444701168,15743901.174795285,2024-10-01,2024-10-02,224.0,EXIT_MA,33587.12323292413,1016073.3184338585,6.4537582340805715,6.880426603756251,47,68
proxy,TYL,2024-07-25,564.3400269,23.986700304534217,2024-07-26,570.9099731,27232.444442301527,27232.444442301527,False,513.81897579,31094.54824800322,15578368.672249613,2024-10-04,2024-10-07,583.2199707,EXIT_MA,31765.01089945695,272371.7665794045,1.7483972315059628,2.156206438846664,50,73
proxy,AMT,2024-08-02,234.6399994,13.640834925018153,2024-08-05,231.8800049,62809.84046897152,63934.41340367473,True,208.69200440999998,29128.692231426667,14593474.80794476,2024-10-04,2024-10-07,222.2799988,EXIT_MA,27922.74252814236,-660026.2864017226,-4.522749345771995,-4.140074994452448,44,63
proxy,ALL,2024-07-18,176.6900024,11.744411938496771,2024-07-19,177.5399933,90045.70689145042,90045.70689145042,False,159.78599397,31973.428396403742,16018687.626598274,2024-10-07,2024-10-08,182.2400055,EXIT_MA,32819.86023829863,358422.63231273927,2.237528071385795,2.6472977229745176,56,81
proxy,VST,2024-10-04,138.4100037,141.74305288655083,2024-10-07,139.8600006,117772.99669626489,117772.99669626489,False,125.87400054000001,32943.46277720681,16504674.851380613,,2024-10-09,125.87400054000001,STOP,29649.116499486136,-1709765.7181370314,-10.359281437125736,-9.999999999999998,3,2
proxy,LMT,2024-10-01,605.8599854,21.191455344764044,2024-10-02,604.9400024,26546.800874265988,26546.800874265988,False,544.44600216,32118.44356918158,16091340.228159972,2024-10-22,2024-10-23,577.0200195,EXIT_MA,30636.071116263156,-803940.7411446571,-4.9961080291979325,-4.61533090707047,15,21
proxy,HAS,2024-10-01,72.88999939,13.892075803290084,2024-10-02,72.59999847,9191.455644636688,220656.39353409107,True,65.339998623,1334.599331475393,668634.2650691719,2024-10-24,2024-10-25,66.76999664,EXIT_MA,1227.4269250182015,-56148.229485089425,-8.39745020834084,-8.030305720197905,17,23
proxy,RTX,2024-07-25,113.4700012,13.363999638598875,2024-07-26,113.9599991,121784.48940210669,135439.8366669022,True,102.56399919,27757.12060531608,13906317.423263354,2024-10-30,2024-10-31,121.3000031,EXIT_MA,29544.917884014918,836596.6008600891,6.015946388945345,6.440860001726678,68,97
proxy,MSI,2024-08-02,410.2999878,18.83005842845237,2024-08-05,400.0100098,36562.4449640249,36562.4449640249,False,360.00900881999996,29250.68793674312,14654594.656308305,2024-10-31,2024-11-01,452.019989,EXIT_MA,33053.91194090329,1839307.4022024348,12.551062962431892,13.002169427211175,63,88
proxy,CTAS,2024-07-18,189.7424927,13.44247841357312,2024-07-19,189.6875,83851.41325151395,83851.41325151395,False,170.71875,31811.129902293105,15937376.081048846,2024-12-09,2024-12-10,209.1600037,EXIT_MA,35076.72381187377,1565909.101076167,9.825388402161078,10.265570319604622,100,144
proxy,FISV,2024-07-24,161.1600037,3.768180619422026,2024-07-25,161.6000061,96673.80385083628,96673.80385083628,False,145.44000549,31244.974584010695,15653732.266589358,2024-12-09,2024-12-10,203.2799988,EXIT_MA,39303.70146157887,3958814.762738496,25.28990975007294,25.792073717007113,96,138
proxy,APD,2024-10-07,312.6900024,7.164336471158691,2024-10-08,309.2600098,1773.5647934946935,51508.982375147905,True,278.33400882,1096.9853308342076,549589.650747938,2024-12-09,2024-12-10,315.6300049,EXIT_MA,1119.5805289223954,9081.033184337313,1.6523297285490932,2.0597538957977557,44,63
proxy,GNRC,2024-10-07,173.8200073,24.5022181679855,2024-10-08,170.4700012,92661.0467499765,92661.0467499765,False,153.42300108,31591.857501323506,15827520.608163077,2024-12-10,2024-12-11,174.1900024,EXIT_MA,32281.25591152984,280826.0916903131,1.774289850208607,2.1822028355801937,45,64
proxy,GM,2024-10-22,53.72999954,18.82491974133569,2024-10-23,54.04999924,282273.5602240898,308160.1232011758,True,48.644999315999996,30513.771431168294,15287399.487015314,2024-12-11,2024-12-12,52.40000153,EXIT_MA,29582.269975241703,-525846.7693697046,-3.439739831593621,-3.052724760778369,35,50
proxy,MTB,2024-07-18,167.3800049,8.58879169571555,2024-07-19,168.4100037,74037.54117012206,95054.22213522751,True,151.56900333000002,24937.325164798316,12493599.907563956,2024-12-12,2024-12-13,200.5299988,EXIT_MA,29693.496083999053,2323454.638351571,18.59715898973914,19.07249830432727,103,147
proxy,WMB,2024-10-04,49.63000107,15.143049326815081,2024-10-07,49.61999893,267090.0519667913,328449.73921114026,True,44.657999037,26506.016185611654,13279514.108991439,2024-12-16,2024-12-17,53.63999939,EXIT_MA,28653.420449147503,1018542.6951331664,7.670029842759988,8.101573048542576,50,71
proxy,FICO,2024-07-02,1529.380005,32.45998270354924,2024-07-03,1531.0,3141.0002238285983,10669.90268712128,True,1377.9,9617.742685363168,4818489.085366948,2024-12-17,2024-12-18,2146.060059,EXIT_MA,13481.55025133723,1908804.4900503298,39.61417067119841,40.17374650555192,117,168
proxy,TRGP,2024-10-09,163.3999939,40.80769227583075,2024-10-10,163.2200012,90463.0453861962,100331.58925296113,True,146.89800108000003,29530.7567529812,14794909.133243581,2024-12-17,2024-12-18,180.7400055,EXIT_MA,32700.582641295703,1522681.6047629733,10.291929413351836,10.733981234647839,48,69
proxy,HOOD,2024-12-16,43.20000076,119.42001868283117,2024-12-17,42.31000137,337261.1039125435,437981.62898614217,True,38.079001233,28539.03553717486,14298056.804124603,,2024-12-18,38.079001233,STOP,25685.131983457373,-1481175.9443793744,-10.359281437125743,-10.000000000000009,2,1
proxy,CBRE,2024-07-25,107.4300003,17.064948816972862,2024-07-26,110.0,143054.62520901806,143054.62520901806,False,99.0,31472.017545983974,15767480.79053797,2024-12-18,2024-12-19,129.6600037,EXIT_MA,37096.92646780679,2743885.5168976206,17.402180813464003,17.87273063636363,102,146
proxy,HWM,2024-07-30,93.80999756,55.33801549908721,2024-07-31,94.37999725,165349.55657878553,165349.55657878553,False,84.941997525,31211.381390388997,15636902.076584887,2024-12-18,2024-12-19,109.5699997,EXIT_MA,36234.70172946533,2444214.086418312,15.63106345775704,16.094514613900344,99,141
proxy,COHR,2024-09-19,86.05999756,59.56822356153215,2024-09-20,86.0,161162.04488595872,186318.0080328428,True,77.4,27719.8717203849,13887655.731912835,2024-12-18,2024-12-19,99.34999847,EXIT_MA,32022.897825684144,2091770.2831035517,15.06208336009377,15.523254034883728,63,90
proxy,KKR,2024-10-24,143.2799988,46.42779574626444,2024-10-25,144.6000061,4227.271665149317,116137.4387844884,True,130.14000549,1222.527017133897,612486.0355840824,2024-12-18,2024-12-19,146.9400024,EXIT_MA,1242.3106172449855,7426.962421165314,1.2125929392141606,1.6182546343613158,38,55
proxy,NCLH,2024-10-31,25.34000015,45.47063865407256,2024-11-01,25.25,641748.8646204035,641748.8646204035,False,22.725,32408.317663330377,16236567.149328519,2024-12-18,2024-12-19,25.55999947,EXIT_MA,32806.201279141234,133727.28896295652,0.8236179959289422,1.2277206732673296,33,48
proxy,DASH,2024-10-31,156.6999969,36.221936644579486,2024-11-01,155.9100037,1647.2404627934907,103777.38766721926,True,140.31900333000002,513.6425332978457,257334.9091822207,2024-12-18,2024-12-19,167.3000031,EXIT_MA,551.1666690635928,17697.25868051208,6.877130948440627,7.3054962027430115,33,48
proxy,CMI,2024-12-09,383.4200134,24.951956713032924,2024-12-10,379.8900146,47781.68461820895,47781.68461820895,False,341.90101314,36303.569734447985,18188088.43695844,2024-12-18,2024-12-19,355.0100098,EXIT_MA,33925.952649141735,-1259038.065036714,-6.922322097787538,-6.549265272528171,7,9
proxy,BLK,2024-12-11,1065.26001,14.094914818624446,2024-12-12,1068.189941,12831.191929811388,17243.20543726444,True,961.3709469000001,27412.300300929808,13733562.450765833,2024-12-19,2024-12-20,1007.640015,EXIT_MA,25858.444857246053,-830198.4670000523,-6.045033617288116,-5.668460605734172,6,8
proxy,TSLA,2024-12-17,479.8599854,116.13321958272493,2024-12-18,466.5,38660.50364284391,38660.50364284391,False,419.85,36070.24989877337,18071195.19928546,,2024-12-20,419.85,STOP,32463.224908896038,-1872045.9697463363,-10.35928143712574,-9.999999999999998,3,2
proxy,BKNG,2024-10-30,178.5572052,14.577461076842896,2024-10-31,189.3600006,77701.13542143385,92536.96964711984,True,170.42400054,29426.97410004679,14742914.024123443,2025-01-02,2025-01-03,197.5112,EXIT_MA,30693.68899689981,573236.7853295617,3.8882190073929035,4.304604654717137,43,64
proxy,CEG,2025-01-06,264.2799988,23.262522943834043,2025-01-07,263.5,67848.89121078185,67848.89121078185,False,237.15,35756.365668082035,17913939.1997091,,2025-01-08,237.15,STOP,32180.72910127383,-1855755.3781734575,-10.359281437125748,-9.999999999999998,2,1
proxy,AAPL,2024-12-20,254.4900055,13.904344994469076,2024-12-23,254.7700043,70905.17646755416,70905.17646755416,False,229.29300387,36129.02422706207,18100641.137758095,2025-01-10,2025-01-13,233.5299988,EXIT_MA,33116.971550763425,-1575272.333927147,-8.702853793621241,-8.336933367944377,12,21
proxy,PLTR,2024-09-10,34.75999832,62.74964474915333,2024-09-11,34.00999832,451927.40312353463,451927.40312353463,False,30.608998488,30740.100441986753,15400790.321435362,2025-01-13,2025-01-14,67.18000031,EXIT_MA,60720.9661638731,14898971.794337314,96.74160535515117,97.53014886358864,85,125
proxy,CF,2025-01-13,95.5,10.375664223215884,2025-01-14,95.19999695,177994.47798834674,177994.47798834674,False,85.679997255,33890.14752321491,16978963.909130666,2025-01-24,2025-01-27,89.73000336,EXIT_MA,31942.890215911597,-1039461.6913907789,-6.122056074527577,-5.7457917702170676,8,13
proxy,CIEN,2024-12-12,84.51999664,52.74312490275046,2024-12-13,87.16000366,169659.00603246994,216749.42474697926,True,78.444003294,29574.959173484087,14817054.545915527,,2025-01-27,78.444003294,STOP,26617.463256135678,-1534940.3811038248,-10.359281437125754,-9.999999999999998,28,45
proxy,VST,2025-01-10,166.7299957,113.26551216010503,2025-01-13,161.7100067,102469.77398742938,102469.77398742938,False,145.53900603000002,33140.775676109384,16603528.6137308,,2025-01-27,145.53900603000002,STOP,29826.698108498447,-1720006.257590074,-10.359281437125732,-9.999999999999986,10,14
proxy,AVGO,2024-12-11,183.1999969,17.93803833556544,2024-12-12,180.9299927,100264.72438511474,100264.72438511474,False,162.83699343,36281.79170213264,18177177.642768454,2025-01-27,2025-01-28,208.0099945,EXIT_MA,41712.12953578346,2637174.995587494,14.508165389672905,14.967115952356957,29,47
proxy,WMB,2025-01-14,58.06000137,28.972481944373186,2025-01-15,58.88999939,225746.47520416407,296812.8465501108,True,53.000999451,26588.419574135743,13320798.206642007,2025-01-27,2025-01-28,54.95000076,EXIT_MA,24809.537968072276,-940838.7605739422,-7.062930809242511,-6.69043754595291,8,13
proxy,CEG,2025-01-10,305.1900024,50.84015636156571,2025-01-13,297.4949951,7054.4521566580015,55980.81471198307,True,267.74549559,4197.328419556313,2102861.538197713,,2025-01-28,267.74549559,STOP,3777.595577600682,-217841.34497497254,-10.359281437125743,-9.999999999999986,11,15
proxy,IP,2025-01-24,60.09000015,31.037903910913855,2025-01-27,59.45999908,267535.94164454844,304129.7226943247,True,53.513999172000005,31815.37368810357,15939502.217739888,2025-01-31,2025-02-03,54.56999969,EXIT_MA,29198.872505213734,-1369264.8376382347,-8.590386443274934,-8.224015246654792,5,7
proxy,RMD,2025-01-27,254.6999969,12.576191319395283,2025-01-28,252.4799957,36516.66166685602,67446.34929867112,True,227.23199613,18439.453161252324,9238166.033787414,2025-01-31,2025-02-03,242.0,EXIT_MA,17674.064246758313,-418807.97465501726,-4.533453643540076,-4.1508221952175735,4,6
proxy,CRM,2025-01-27,347.1000061,13.921471333028126,2025-01-28,354.769989,49491.744901723454,49491.744901723454,False,319.2929901,35116.37158875047,17593302.16596399,2025-02-06,2025-02-07,332.0,EXIT_MA,32862.518614744375,-1194905.3772065472,-6.791819784225679,-6.41823990360132,8,10
proxy,APD,2025-01-31,335.2600098,10.355291727361108,2025-02-03,330.8800049,51905.963679004075,51905.963679004075,False,297.79200441,34349.29103289618,17208994.807480987,2025-02-07,2025-02-10,310.7000122,EXIT_MA,32254.367096638645,-1114065.6262583025,-6.473740266189183,-6.09888551775708,5,7
proxy,UAL,2025-01-10,107.1100006,110.59434618328523,2025-01-13,104.4800034,159506.90767061827,159506.90767061827,False,94.03200306000001,33330.56451149937,16698612.820261182,2025-02-13,2025-02-14,101.4800034,EXIT_MA,32373.52306547566,-544224.8105888292,-3.2591019173071465,-2.8713628468354346,23,32
proxy,RCL,2025-01-28,265.25,54.09100429153696,2025-01-29,266.2000122,7067.083364570209,65478.31131075904,True,239.58001098,3762.515355734013,1885020.1932227404,,2025-02-20,239.58001098,STOP,3386.263820160612,-195274.54696259508,-10.35928143712574,-9.999999999999998,16,22
proxy,PLTR,2025-02-06,111.2799988,298.66641323945754,2025-02-07,111.6600037,146566.94353881484,160306.02244209975,True,100.49400333000001,32731.330915683517,16398396.788757442,,2025-02-20,100.49400333000001,STOP,29458.197824115166,-1698756.0745239742,-10.359281437125748,-9.999999999999998,9,13
proxy,HOOD,2025-02-13,63.79999924,217.86769767917585,2025-02-14,63.30500031,254674.09593679695,282982.16534948756,True,56.974500279,32244.2874444558,16154388.009672355,,2025-02-20,56.974500279,STOP,29019.85870001022,-1673478.518367257,-10.359281437125754,-9.999999999999998,4,6
proxy,IBKR,2025-01-07,47.79249954,48.34944382751411,2025-01-08,47.71749878,367137.4050703692,367137.4050703692,False,42.945748902,35037.75735707542,17553916.435894784,2025-02-25,2025-02-26,50.91749954,EXIT_MA,37387.43730757464,1102414.7805849612,6.280164227799956,6.706136829915388,32,49
proxy,KEYS,2025-01-31,178.3500061,6.408330024665224,2025-02-03,173.7799988,35494.67226458497,97572.15192885464,True,156.40199891999998,12336.528207091938,6180600.631753061,2025-02-26,2025-02-27,161.8699951,EXIT_MA,11491.044851088953,-446569.2510596737,-7.2253374334754445,-6.8534950985394865,17,24
proxy,EBAY,2025-01-08,69.40000153,16.89997410464101,2025-01-10,68.70999908,250747.23292845456,250747.23292845456,False,61.838999172,34457.68428765332,17263299.828114312,,2025-02-27,61.838999172,STOP,31011.915858887987,-1788353.8145292066,-10.359281437125745,-9.999999999999998,33,48
proxy,TKO,2025-02-07,166.3699951,45.791116205190434,2025-02-10,168.0,95611.92603615794,106508.31701470615,True,151.20000000000002,32125.607148149065,16094929.181222683,,2025-02-27,151.20000000000002,STOP,28913.046433334166,-1667319.010988934,-10.359281437125732,-9.999999999999986,13,17
proxy,NRG,2025-02-26,113.3300018,38.640787237407416,2025-02-27,116.1999969,49247.73116131497,151405.8679974378,True,104.57999721,11445.172416553667,5734031.380693387,,2025-02-28,104.4800034,STOP,10290.806238352949,-598919.0677552661,-10.444991106463771,-10.086053195066825,2,1
proxy,META,2025-01-27,659.8800049,24.294124245213347,2025-01-28,666.0,26032.89208602576,26032.89208602576,False,599.4,34675.81225858631,17372581.94155174,2025-03-04,2025-03-05,641.0,EXIT_MA,33374.167654285025,-718872.282063514,-4.137970305634968,-3.7537537537537524,25,36
proxy,RL,2025-01-06,242.9600067,27.852180869235106,2025-01-07,243.7599945,73802.70165166551,73802.70165166551,False,219.38399505,35980.29229739025,18026126.440992516,2025-03-05,2025-03-06,244.9900055,EXIT_MA,36161.84856711279,18635.993996765465,0.10338324241633008,0.5045992073157812,39,58
proxy,ECHO,2025-02-28,31.22999954,57.908188277936176,2025-03-03,31.20999908,546414.3828679105,546414.3828679105,False,28.088999172,34107.18477321252,17087699.57137947,,2025-03-06,28.088999172,STOP,30696.466295891263,-1770162.8897297308,-10.359281437125754,-9.999999999999998,4,3
proxy,FFIV,2024-12-11,260.0700073,22.459848111220957,2024-12-12,260.6400146,70629.0486443662,70629.0486443662,False,234.57601314,36817.51253970343,18445573.782391418,2025-03-06,2025-03-07,275.6199951,EXIT_MA,38933.55608255574,982270.7028038986,5.325237991466535,5.7473832339173025,56,85
proxy,BSX,2025-01-08,95.94999695,20.65621606927225,2025-01-10,95.48000336,181363.82388783403,181363.82388783403,False,85.932003024,34633.23702838569,17351251.75122123,2025-03-07,2025-03-10,97.76999664,EXIT_MA,35463.88090426217,345224.8200055957,1.9896248694639442,2.398400921044974,39,59
proxy,FOX,2024-12-17,46.47000122,33.03282713855673,2024-12-18,46.77000046,106131.31370827579,399217.3063603747,True,42.093000414,9927.523181912926,4973689.114138375,2025-03-11,2025-03-12,49.27000046,EXIT_MA,10458.179750454305,244942.58133832272,4.924766621259876,5.34530676803846,55,84
proxy,LH,2025-03-04,256.8099976,11.188365510195942,2025-03-05,255.0299988,64655.541464013375,64655.541464013375,False,229.52699891999998,32978.20532396136,16522080.867304642,2025-03-11,2025-03-12,238.2899933,EXIT_MA,30813.537084535237,-1146125.8621215578,-6.936934102468976,-6.563935842358637,5,7
proxy,FOXA,2024-12-18,49.43000031,33.85916950395974,2024-12-19,49.18999863,357593.09661107,357593.09661107,False,44.270998767,35180.00786479198,17625183.940260783,2025-03-12,2025-03-13,52.11000061,EXIT_MA,37268.352965069294,971724.1893087961,5.513271195366705,5.93617007791325,55,84
proxy,MMM,2025-01-08,134.5299988,15.291013002575996,2025-01-10,133.8300018,129352.99564484954,129352.99564484954,False,120.44700162,34622.623279971216,17345934.263265576,2025-03-27,2025-03-28,147.8600006,EXIT_MA,38252.2680273185,1741947.482366357,10.042396425169057,10.483448114247885,53,77
proxy,VEEV,2025-03-07,246.8000031,12.62472262949846,2025-03-10,244.1000061,21327.098169953177,66289.77165418478,True,219.69000549,10411.88958676174,5216356.682967631,2025-04-01,2025-04-02,226.1999969,EXIT_MA,9648.379079858809,-401815.522118086,-7.702991695910826,-7.333063806916473,17,23
proxy,BMY,2025-03-07,61.09000015,15.343279445495398,2025-03-10,60.95000076,267806.7737695216,267806.7737695216,False,54.855000684000004,32645.646129570985,16355468.710915063,2025-04-03,2025-04-04,56.81999969,EXIT_MA,30433.56160512824,-1169121.4699560702,-7.148199116885228,-6.7760476103396865,19,25
proxy,LNT,2025-02-21,62.81000137,3.6496418542317195,2025-02-24,63.09999847,276500.9857666936,276500.9857666936,False,56.789998623,34894.423557663715,17482106.202389523,2025-04-04,2025-04-07,61.50999832,EXIT_MA,34015.150339975335,-508546.182741832,-2.908952599042797,-2.519810124489852,30,42
proxy,AON,2025-02-25,397.5700073,10.904506063207766,2025-02-26,397.0,3847.0903706911477,43023.17005447976,True,357.3,3054.589754328771,1530349.4669187143,2025-04-04,2025-04-07,371.480011,EXIT_MA,2858.234346444683,-104090.52804281749,-6.801748900687292,-6.428208816120906,28,40
proxy,WELL,2025-02-28,153.5099945,27.695869661235474,2025-03-03,153.4900055,4971.23836092438,111162.27957140752,True,138.14100495,1526.070806720188,764561.4741668142,2025-04-04,2025-04-07,140.1000061,EXIT_MA,1392.9410493801192,-69483.89052613475,-9.088071119703653,-8.72369465124555,25,35
proxy,YUM,2025-03-07,162.5299988,14.130079846050322,2025-03-10,161.3099976,100660.28407397673,100660.28407397673,False,145.17899784,32475.02036477701,16269985.202753281,2025-04-04,2025-04-07,144.6399994,EXIT_MA,29119.006856127646,-1739600.781545587,-10.692085824707473,-10.334138272902694,20,28
proxy,DRI,2025-03-24,208.5599976,24.692581246055358,2025-03-25,207.6799927,76961.31170885808,76961.31170885808,False,186.91199343000002,31966.649307756143,16015291.303185826,2025-04-04,2025-04-07,186.5,EXIT_MA,28706.569267404062,-1690713.238751199,-10.556868474911072,-10.198378969800503,9,13
proxy,GILD,2025-02-28,114.3099976,40.44037877635457,2025-03-03,114.8899994,149282.83863085508,149282.83863085508,False,103.40099946,34302.210481458475,17185407.451210693,,2025-04-07,103.40099946,STOP,30871.989433312625,-1780284.723987693,-10.35928143712574,-9.999999999999998,26,35
proxy,VRSN,2025-02-25,238.2400055,23.239682668523965,2025-02-26,238.0599976,71796.17880183712,71796.17880183712,False,214.25399784,34183.59630650903,17125981.749561027,2025-04-07,2025-04-08,239.3600006,EXIT_MA,34370.26680217088,24781.384722243994,0.14470052044099133,0.5460820856531878,29,41
proxy,AZO,2025-03-06,3615.790039,15.2754108659391,2025-03-07,3589.949951,4523.146364806364,4523.146364806364,False,3230.9549559,32475.73814140487,16270344.808843838,2025-04-07,2025-04-08,3535.540039,EXIT_MA,31983.530150060396,-310563.26396369934,-1.9087687913958091,-1.5156175641068192,22,32
proxy,PM,2025-02-24,156.2799988,31.752796927814607,2025-02-25,157.1399994,85029.06177290743,111117.87156179058,True,141.42599945999999,26722.933431954472,13388189.649409192,2025-04-08,2025-04-09,148.6300049,EXIT_MA,25275.739735899268,-775595.5211954582,-5.79313216727315,-5.415549530669028,31,43
proxy,T,2025-01-27,24.13999939,13.598144334909454,2025-01-28,24.05999947,711623.255649463,711623.255649463,False,21.653999523000003,34243.310307531516,17155898.46407329,2025-04-10,2025-04-11,26.57999992,EXIT_MA,37829.892156465736,1721217.7220031098,10.03280431862876,10.473817562390808,52,73
proxy,KR,2025-03-07,66.69999695,18.492979986222803,2025-03-10,67.16000366,245282.10791396585,245282.10791396585,False,60.444003294000005,32946.29453046892,16506093.55976493,2025-05-13,2025-05-14,67.55000305,EXIT_MA,33137.614275397646,29575.963658496737,0.17918209145857975,0.5807018593602109,46,65
proxy,XEL,2025-05-16,72.37999725,10.453895582440035,2025-05-19,71.90000153,216881.72506392884,216881.72506392884,False,64.710001377,31187.592727851046,15624983.956653373,2025-05-22,2025-05-23,69.43000031,EXIT_MA,30116.196476843827,-597001.9147083033,-3.820816177248554,-3.435328466536125,4,4
proxy,CHTR,2025-05-16,427.25,20.837689036788802,2025-05-19,425.9599915,36741.71717660018,36741.71717660018,False,383.36399235,31301.00307248003,15681802.539312495,,2025-06-03,383.36399235,STOP,28170.902765232026,-1624522.0594617128,-10.359281437125745,-9.999999999999998,11,15
proxy,CME,2025-05-30,289.0,22.92830552114509,2025-06-02,288.1000061,53290.741346894814,53290.741346894814,False,259.29000549,30706.125814227835,15383769.032928145,2025-06-09,2025-06-10,268.8900146,EXIT_MA,28658.696437622737,-1083079.5105543993,-7.040404131368098,-6.667820580792416,6,8
proxy,RSG,2025-05-30,257.2900085,17.18524429988147,2025-06-02,256.1300049,17236.008387420483,59858.61767054432,True,230.51700441000003,8829.3178254529,4423488.230551903,2025-06-20,2025-06-23,249.0399933,EXIT_MA,8584.910826643882,-139617.7280566059,-3.1562812147278234,-2.768130037231742,14,21
proxy,WRB,2025-05-30,74.69000244,22.25777243314134,2025-06-02,74.13999939,206199.2736126171,206199.2736126171,False,66.725999451,30575.228039715752,15318189.247897591,2025-06-25,2025-06-26,72.04000092,EXIT_MA,29709.191721512536,-493302.5788628366,-3.2203713564287106,-2.8324770532480614,17,24
proxy,MNST,2025-05-16,31.43000031,20.310782774078014,2025-05-19,31.42499924,499455.886378336,499455.886378336,False,28.282499316,31390.801699705466,15726791.651552439,2025-06-27,2025-06-30,30.85499954,EXIT_MA,30821.4222889077,-346901.9293874968,-2.205802283603427,-1.8138415713132572,28,42
proxy,EQT,2025-06-20,60.43999863,34.84440572020404,2025-06-23,60.79999924,70317.76177979041,255552.6300138758,True,54.719999316,8550.639725539515,4283870.502495297,,2025-07-03,54.719999316,STOP,7695.575752985565,-443778.20175550086,-10.359281437125748,-9.999999999999998,9,10
proxy,AXON,2025-06-27,818.5999756,75.08661486361342,2025-06-30,818.75,18747.103926089734,19260.72469730793,True,736.875,30698.38267897194,15379889.722164942,,2025-07-10,736.875,STOP,27628.54441107475,-1593246.0610386431,-10.359281437125745,-9.999999999999998,8,10
proxy,DRI,2025-05-16,211.6499939,24.64626288309542,2025-05-19,209.4700012,74169.1430008703,74169.1430008703,False,188.52300108000003,31072.42094679055,15567282.894342065,2025-07-11,2025-07-14,209.6600037,EXIT_MA,31100.605591976593,-48080.70394574478,-0.30885739195514805,0.0907063058726898,37,56
proxy,DE,2025-05-15,516.3200073,21.846900318590244,2025-05-16,515.7999878,30210.196425975875,30210.196425975875,False,464.21998902000007,31164.837895907924,15613583.78584987,2025-07-14,2025-07-15,507.6499939,EXIT_MA,30672.412062728912,-308050.1665481422,-1.9729625867657559,-1.5800686492377647,39,60
proxy,NRG,2025-05-13,156.7100067,66.6554125866729,2025-05-14,154.75,99646.14635324453,99646.14635324453,False,139.275,30840.48229632918,15451081.63046092,2025-07-15,2025-07-16,146.9400024,EXIT_MA,29284.009968593007,-838360.656133011,-5.425902704961646,-5.046848206785137,42,63
proxy,CRWD,2025-06-03,122.1900024,39.758525239566026,2025-06-04,113.6875,123401.62318442417,126618.4614837795,True,102.31875000000001,28058.444071558446,14057280.479850782,2025-07-17,2025-07-18,118.0774994,EXIT_MA,29141.91017503574,484532.69749205187,3.4468452001549252,3.861461814183609,30,44
proxy,LUV,2025-07-10,37.34999847,17.842190747659526,2025-07-11,37.29000092,368976.26899564284,421638.6674464611,True,33.561000828,27518.250820611378,13786643.661126299,,2025-07-24,33.561000828,STOP,24766.42573855024,-1428197.2175897304,-10.359281437125748,-9.999999999999998,10,13
proxy,UBER,2025-05-12,88.09999847,17.8287997524587,2025-05-13,87.41000366,176351.72330583032,176351.72330583032,False,78.669003294,30829.80955921987,15445734.589169156,2025-07-29,2025-07-30,87.23999786,EXIT_MA,30769.8479276159,-91580.47328882106,-0.5929175641347549,-0.19449238403108637,53,78
proxy,FOXA,2025-05-12,52.41999817,17.96875439678179,2025-05-13,52.75999832,296386.6290693065,296386.6290693065,False,47.483998488000005,31274.71610353415,15668632.767870607,2025-08-05,2025-08-06,54.65999985,EXIT_MA,32400.986200940595,499459.3463987503,3.187638345975656,3.6012160547771455,58,85
proxy,VEEV,2025-05-29,279.0400085,28.219364815821425,2025-05-30,276.8699951,55045.904180879144,55045.904180879144,False,249.18299559,30481.118441670154,15271040.339276746,2025-08-07,2025-08-08,282.1700134,EXIT_MA,31064.60704066757,230198.57401637174,1.5074190683938316,1.9142624313933876,48,70
proxy,WBD,2025-07-17,12.84000015,45.148660405055395,2025-07-18,12.97000027,1118950.4471875047,1225417.9826357581,True,11.673000243,29025.575204277113,14541813.177342834,,2025-08-08,11.673000243,STOP,26123.017683849404,-1506427.35310198,-10.359281437125734,-9.999999999999998,16,21
proxy,RCL,2025-06-26,295.8900146,42.85954306201549,2025-06-27,296.1000061,49967.22651834148,53007.91672878423,True,266.49000549,29590.592153761983,14824886.669034753,2025-08-08,2025-08-11,300.0,EXIT_MA,29980.335911004888,135300.95055668429,0.9126609435692483,1.317120506469327,30,45
proxy,AXON,2025-08-05,867.1199951,69.14271140830141,2025-08-06,859.7600098,631.7389039309877,18202.226456892942,True,773.78400882,1086.2876924694947,544230.1339272169,,2025-08-12,773.78400882,STOP,977.6589232225451,-56378.3312391669,-10.359281437125771,-9.999999999999998,5,6
proxy,CASY,2025-06-10,490.2000122,23.209201620493296,2025-06-11,490.9899902,29068.09816244177,31211.77694685806,True,441.89099118,28544.29046381985,14300689.522373743,2025-08-14,2025-08-15,508.5599976,EXIT_MA,29565.7438634559,452616.6654907502,3.1649988959107285,3.578485865433434,45,65
proxy,TPR,2025-08-13,113.5299988,74.56210281621037,2025-08-14,95.94999695,5074.289338941561,143074.35423623628,True,86.354997255,973.7560931897207,487851.80268805,2025-08-14,2025-08-15,96.13999939,EXIT_MA,975.6843479010504,-985.313085425878,-0.20196975392871974,0.19802235126595846,1,1
proxy,CSCO,2025-08-08,71.79000092,15.775371672297434,2025-08-11,72.30000305,164805.92988143925,223546.6809173033,True,65.070002745,23830.93846617229,11939300.171552317,2025-08-15,2025-08-18,66.08000183,EXIT_MA,21780.752296320716,-1070704.7756882813,-8.9679023083735,-8.603044201393018,5,7
proxy,PLTR,2025-08-05,173.2700043,199.16395771297098,2025-08-06,171.1750031,91092.01895547075,91092.01895547075,False,154.05750279,31185.353254175927,15623861.98034214,,2025-08-20,152.3000031,STOP,27746.62953860691,-1778293.8405772932,-11.381909561251456,-11.026726834042044,11,14
proxy,APP,2025-08-07,437.3399963,152.62683689457344,2025-08-08,448.6000061,34485.72917141518,36333.79438024837,True,403.74000549,30940.596633319594,15501238.913293116,,2025-08-20,403.74000549,STOP,27846.536969987636,-1605816.9652692862,-10.359281437125745,-9.999999999999998,9,12
proxy,GILD,2025-08-08,119.4100037,18.906207198907303,2025-08-11,119.2300034,134397.5875675829,134397.5875675829,False,107.30700306,32048.449645269415,16056273.272279976,2025-08-28,2025-08-29,112.7600021,EXIT_MA,30309.344512711163,-931910.3604371045,-5.804026529904558,-5.42648755808054,14,18
proxy,ULTA,2025-07-08,483.2099915,12.365961789940163,2025-07-09,482.2200012,7947.46679173643,32565.976163120078,True,433.99800108,7664.854891696204,3840092.3007397978,2025-08-29,2025-09-02,491.2600098,EXIT_MA,7808.545227987226,56371.76802582806,1.467979507028203,1.8746647956335183,38,55
proxy,FAST,2025-07-14,45.06999969,13.534720193349223,2025-07-15,45.15999985,349045.8210848833,349045.8210848833,False,40.643999865,31525.818455672914,15794435.04629213,2025-09-16,2025-09-17,47.43999863,EXIT_MA,33117.46654814818,731180.7612338103,4.629356853162411,5.048712992854454,45,64
proxy,LYV,2025-08-14,161.6000061,17.531216626380814,2025-08-15,162.3999939,93656.11910361573,99842.67689613358,True,146.15999451,30419.506342249733,15240172.677467115,2025-10-01,2025-10-02,159.5299988,EXIT_MA,29881.921136424946,-329094.03039106913,-2.1593851812298746,-1.767238428449236,33,48
proxy,ADI,2025-08-21,246.9499969,1.6601900958357216,2025-08-22,249.1799927,63652.556820018726,63652.556820018726,False,224.26199343000002,31721.887287497204,15892665.5310361,2025-10-01,2025-10-02,242.1300049,EXIT_MA,30824.387789457327,-511296.024096895,-3.217182310282735,-2.829275225354011,28,41
proxy,WDC,2025-10-01,130.5899963,137.1788239851591,2025-10-02,136.0099945,144014.59943714735,144014.59943714735,False,122.40899505,39174.84975473223,19626599.727120847,,2025-10-07,122.40899505,STOP,35257.364779259005,-2033174.7022706047,-10.359281437125759,-9.999999999999998,4,5
proxy,STX,2025-10-01,256.8399963,121.59076513549488,2025-10-02,263.2999878,40427.49639761984,73224.05497030079,True,236.96998902,21289.118616555694,10665848.426894402,,2025-10-07,236.96998902,STOP,19160.20675490013,-1104905.2561992388,-10.359281437125734,-9.999999999999998,4,5
proxy,C,2025-07-15,90.72000122,28.274809833145408,2025-07-16,91.48000336,152799.1478379009,172091.6074146191,True,82.332003024,27956.133115232624,14006022.690731544,2025-10-08,2025-10-09,97.01999664,EXIT_MA,29649.14561965602,788900.9734768085,5.632583859790989,6.055960949409389,60,85
proxy,BNY,2025-05-16,90.06999969,19.646124688973565,2025-05-19,89.63999939,174285.54144255514,174285.54144255514,False,80.675999451,31245.911657192926,15654201.740253657,2025-10-10,2025-10-13,105.5500031,EXIT_MA,36791.67887909374,2704846.0204141214,17.278722130294284,17.74877712881251,101,147
proxy,WYNN,2025-08-25,118.3600006,24.54149177824808,2025-08-26,117.9100037,135652.51228224862,135652.51228224862,False,106.11900333000001,31989.576450228462,16026777.801564459,2025-10-10,2025-10-13,119.1600037,EXIT_MA,32328.707730934086,105247.35617164895,0.6566969198348479,1.0601305748241696,33,48
proxy,DELL,2025-10-08,164.5299988,34.29127832659366,2025-10-09,164.3200073,33163.65081656086,110470.1253412596,True,147.88800657,10898.902688543862,5460350.246960475,,2025-10-17,147.88800657,STOP,9809.012419689476,-565653.0495354263,-10.359281437125746,-9.999999999999998,7,8
proxy,APP,2025-09-16,603.7999878,142.14368504753892,2025-09-17,603.5700073,27325.132705335927,29433.40667517943,True,543.2130065700001,32985.26109286615,16525615.807525942,2025-10-21,2025-10-22,568.7299805,EXIT_MA,31081.244381331227,-1016074.8612416591,-6.148484105378559,-5.772325725039396,25,35
proxy,GRMN,2025-08-28,241.0500031,7.716271467436986,2025-08-29,241.0700073,62613.241405570065,68859.86959552986,True,216.96300657,30188.349125434877,15124362.911842873,,2025-10-29,216.96300657,STOP,27169.51421289139,-1566775.3196100704,-10.35928143712575,-9.999999999999998,43,61
proxy,APTV,2025-08-26,79.87999725,13.390210341013642,2025-08-27,80.5,82941.4729677558,202578.03314768933,True,72.45,13353.577147808684,6690142.151052151,2025-10-30,2025-10-31,81.09999847,EXIT_MA,13453.106661569085,22958.073070822284,0.3431627094382695,0.7453397142857199,46,65
proxy,VEEV,2025-10-07,306.2200012,14.718481154549384,2025-10-08,308.2600098,58987.09175308001,58987.09175308001,False,277.43400882,36366.722963755885,18219728.204841696,2025-10-30,2025-10-31,286.480011,EXIT_MA,33797.24538856073,-1354902.7559498884,-7.436459757889461,-7.065463604614464,17,23
proxy,ECHO,2025-08-29,61.79000092,182.79086375113573,2025-09-02,60.93999863,63811.72928777393,264957.8666459373,True,54.845998767,7777.373390749748,3896464.0687656235,2025-11-05,2025-11-06,72.40000153,EXIT_MA,9239.938596133556,714265.2907050215,18.331114520742815,18.80538752483394,47,65
proxy,GLW,2025-07-29,61.97999954,23.774278438824943,2025-07-30,61.79999924,247953.19239678656,256857.89407208466,True,55.619999316,30647.014203353963,15354154.115880337,2025-11-13,2025-11-14,80.65000153,EXIT_MA,39994.85069233844,4603276.379596543,29.98065764388488,30.501622203579814,76,107
proxy,FSLR,2025-11-05,277.3900146,50.60035164586228,2025-11-06,278.3999939,16528.471291956197,74419.55811670475,True,250.55999451000002,9203.052613713862,4610729.359470645,,2025-11-14,244.4100037,STOP,8079.447459244716,-579085.0773075316,-12.559511351887634,-12.209048471534478,7,8
proxy,GE,2025-05-28,243.6699982,30.966007259193272,2025-05-29,244.5299988,63614.07232503594,63614.07232503594,False,220.07699892,31111.098058608302,15586660.127362758,2025-11-17,2025-11-18,295.8299866,EXIT_MA,37637.90032697363,3194652.1357970797,20.49606592876681,20.979016092809964,120,173
proxy,AMD,2025-10-08,235.5599976,73.31694870454315,2025-10-09,236.3000031,77159.32151050968,77159.32151050968,False,212.67000279,36465.49582425466,18269213.407951586,,2025-11-20,212.67000279,STOP,32818.9462418292,-1892559.2332788147,-10.359281437125736,-9.999999999999998,31,42
proxy,BE,2025-07-24,33.06000137,101.16415922619161,2025-07-25,33.54999924,367623.8201239684,483342.2861058644,True,30.194999316,24667.557771530075,12358446.443536567,2025-11-20,2025-11-21,94.01999664,EXIT_MA,69127.98066567894,22136415.908637233,179.11973005486072,180.238446407786,84,119
proxy,TEL,2025-10-21,228.2200012,27.85993296164748,2025-10-22,234.5,66006.75385384576,79953.87933343078,True,211.05,30957.167557453664,15509540.946284285,2025-11-20,2025-11-21,214.1999969,EXIT_MA,28277.29294174565,-1399171.7683532052,-9.021361581229865,-8.656717739872066,22,30
proxy,GILD,2025-10-17,122.8099976,11.413030694691988,2025-10-20,122.5899963,39847.683254555835,149804.55005862532,True,110.33099667,9769.854685479144,4894697.197425051,2025-12-09,2025-12-10,119.4899979,EXIT_MA,9522.799176813485,-142820.4081951212,-2.917859929522395,-2.528753155692842,36,51
proxy,WELL,2025-11-17,197.2700043,21.756840420306748,2025-11-18,197.9900055,98257.36967654408,98257.36967654408,False,178.19100495,38907.95432534899,19492885.116999842,2025-12-11,2025-12-12,186.1300049,EXIT_MA,36577.28939871252,-1240817.7070422918,-6.365490278092126,-5.990201661972283,17,24
proxy,APH,2025-05-30,44.96500015,29.681305884005702,2025-06-02,44.77500153,342511.37991495366,342511.37991495366,False,40.297501376999996,30671.89511946892,15366619.45485393,2025-12-12,2025-12-15,65.07499695,EXIT_MA,44577.8540066118,6877729.69444536,44.757597561725646,45.337788333516116,136,196
proxy,CIEN,2025-12-11,242.3699951,170.86387411684788,2025-12-12,236.0,77184.89888848383,86453.88755692262,True,212.4,36431.27227536437,18252067.40995755,,2025-12-16,212.4,STOP,32788.14504782794,-1890783.0310914125,-10.359281437125757,-9.999999999999998,3,4
proxy,HCA,2025-11-21,491.0,26.706099238260407,2025-11-24,501.2600098,38235.70168111956,38235.70168111956,False,451.13400881999996,38332.05639877573,19204360.25578664,2025-12-18,2025-12-19,467.5100098,EXIT_MA,35751.14653530016,-1364538.1346718594,-7.105355848866135,-6.733032625815505,18,25
proxy,IDXX,2025-11-24,752.1400146,35.34604541114503,2025-11-25,751.75,10905.206814898733,26078.482307402162,True,676.575,16395.978446200246,8214385.201546323,,2025-12-23,676.575,STOP,14756.380601580222,-850951.2813577922,-10.359281437125741,-9.999999999999998,20,28
proxy,CSCO,2025-11-13,77.37999725,12.429867601617428,2025-11-14,76.58000183,247927.7912222745,247927.7912222745,False,68.922001647,37972.62141101928,19024283.32692066,2026-01-05,2026-01-06,75.52999878,EXIT_MA,37451.97153709298,-335749.5299112648,-1.7648471910432302,-1.3711191236726594,34,53
proxy,TJX,2025-11-21,151.4299927,10.895641802820718,2025-11-24,151.5,123976.29551909567,123976.29551909567,False,136.35,37564.817542285986,18819973.588685278,2026-01-23,2026-01-26,152.7299957,EXIT_MA,37869.79816306682,77055.69468506426,0.4094357216919304,0.8118783498349824,41,63
proxy,GM,2025-12-15,81.98000336,44.04204134438498,2025-12-16,82.06999969,24507.486897887644,244472.13137905646,True,73.86299972100001,4022.658884224636,2015352.1009965427,2026-02-09,2026-02-10,81.05000305,EXIT_MA,3972.663775643257,-32992.87695055758,-1.6370775575267171,-1.2428373874165954,37,56
proxy,GOOGL,2025-10-30,281.480011,42.22660741551857,2025-10-31,283.2099915,70518.38819476157,70518.38819476157,False,254.88899235,39943.02424246425,20011455.14547459,2026-02-10,2026-02-11,318.9700012,EXIT_MA,44986.500734210334,2436808.720896367,12.177069099582342,12.626676590963438,69,103
proxy,GOOG,2025-10-30,281.8999939,41.313179040893246,2025-10-31,283.2049866,12568.1114115397,70413.32782648123,True,254.88448793999999,7118.703647784815,3566470.5275401925,2026-02-10,2026-02-11,318.9599915,EXIT_MA,8017.449417991512,434236.7320375717,12.175531206115597,12.625132533595028,69,103
proxy,CHRW,2025-12-18,165.0299988,37.75866276534039,2025-12-19,165.0500031,107871.6350156029,119855.44518102576,True,148.54500279,35608.42738745465,17839822.12111478,2026-02-12,2026-02-13,171.8899994,EXIT_MA,37084.110556218,665149.0464380011,3.728451113034063,4.144196408076284,37,56
proxy,ECHO,2025-12-09,93.54000092,195.71550109523656,2025-12-10,97.56999969,48605.022243384716,219842.24455281423,True,87.81299972100001,9484.784010438982,4751876.789229929,2026-02-20,2026-02-23,109.0,EXIT_MA,10595.894849057868,535474.7404499464,11.26870001477297,11.71466674829913,49,75
proxy,FIX,2026-02-20,1462.22998,133.0791627433627,2026-02-23,1463.0,3606.833857698053,18505.00706295198,True,1316.7,10553.595867624505,5287351.529679877,,2026-03-05,1316.7,STOP,9498.236280862055,-547731.6255297121,-10.359281437125754,-9.999999999999998,9,10
proxy,LUV,2025-12-12,41.16999817,17.949408473267415,2025-12-15,41.61000061,485186.72224757215,485186.72224757215,False,37.449000549000004,40377.23961737075,20228997.048302747,2026-03-05,2026-03-06,43.0,EXIT_MA,41726.058113291205,592305.9502295628,2.9280045313925163,3.3405416237026975,55,81
proxy,LRCX,2026-01-05,194.7599945,94.45400147318507,2026-01-06,197.7899933,94298.15443722304,105510.4464266459,True,178.01099397,37302.46266868142,18688533.79700939,2026-03-05,2026-03-06,205.4499969,EXIT_MA,38747.11107360639,646274.6287202016,3.458134467582582,3.872796329176076,41,59
proxy,TER,2026-02-09,310.0100098,149.01143606844423,2026-02-10,310.0,6381.943287766355,83369.03943567643,True,279.0,3956.80483841514,1982359.2240459851,,2026-03-06,279.0,STOP,3561.124354573626,-205358.17111374578,-10.359281437125748,-9.999999999999998,18,24
proxy,VTRS,2026-02-10,15.94999981,50.88104755315447,2026-02-11,16.0,1589675.346921714,1589675.346921714,False,14.4,50869.61110149485,25485675.161848918,,2026-03-06,14.18999958,STOP,45114.98501031096,-2973297.641703751,-11.666544530688611,-11.312502624999999,17,23
proxy,HAS,2026-02-10,104.0,39.55928848236111,2026-02-11,103.7900009,9262.676648309704,243801.16809002907,True,93.41100081,1922.7464353289463,963295.9640998021,,2026-03-06,93.41100081,STOP,1730.4717917960518,-99790.53999357228,-10.359281437125746,-9.999999999999986,17,23
proxy,HLT,2025-12-17,293.0,7.102896866312077,2025-12-18,292.8599854,55755.746563719185,66540.74194671401,True,263.57398686000005,32657.254249233807,16361284.378866136,2026-03-06,2026-03-09,294.0799866,EXIT_MA,32793.298404663066,2571.5250607337803,0.015717134432645264,0.4165817321658327,53,81
proxy,MU,2026-01-02,315.4200134,155.28938145511611,2026-01-05,325.1300049,22602.455437953788,65798.66670243062,True,292.61700441000005,14697.472894587896,7363433.920188535,2026-03-06,2026-03-09,363.9599915,EXIT_MA,16452.77897815358,846502.7899101013,11.496032952631253,11.942910840216946,43,63
proxy,CAT,2025-10-14,527.4699707,29.414979197054024,2025-10-15,534.2000122,34771.86495781594,34771.86495781594,False,480.78001098,37150.26136936405,18612280.94605139,2026-03-18,2026-03-19,676.4899902,EXIT_MA,47045.63716909725,4863492.0013281405,26.13055334499415,26.636086624933995,106,155
proxy,HII,2025-10-14,291.9400024,12.794802312252948,2025-10-15,293.0,54085.65794129317,62824.94498768123,True,263.7,31694.195553597798,15878791.972352495,2026-03-19,2026-03-20,414.6600037,EXIT_MA,44854.31824410712,6503512.831456957,40.95722673853659,41.522185563139935,107,156
proxy,GILD,2026-01-23,135.9299927,12.076530322458643,2026-01-26,135.8800049,138793.86209858942,158139.1621590492,True,122.29200440999999,37718.621324092506,18897029.283370346,2026-03-19,2026-03-20,140.4299927,EXIT_MA,38981.642082619444,554810.1158567555,2.9359647357111114,3.3485337326478293,38,53
proxy,HWM,2026-02-12,244.7899933,36.56352820536859,2026-02-13,248.8300018,74219.48705446685,104687.54960316273,True,223.94700162,36936.07019471613,18504971.16755278,2026-03-19,2026-03-20,231.3800049,EXIT_MA,34345.81055667605,-1366411.6997714303,-7.384025013599271,-7.012818701028523,24,35
proxy,ADM,2026-03-11,70.83000183,22.146525997896987,2026-03-12,71.5,333548.99655111,362436.3768152374,True,64.35000000000001,47697.50650680873,23896450.759911172,2026-03-20,2026-03-23,66.23999786,EXIT_MA,44188.56963550135,-1846354.5117960013,-7.726480096757535,-7.356646349650342,7,11
proxy,JNJ,2025-11-17,199.5800018,14.805371595840743,2025-11-18,199.0099945,21329.225948006973,97120.11005001677,True,179.10899505,8489.45827720425,4253218.5968793295,2026-03-24,2026-03-25,236.8000031,EXIT_MA,10101.521541217304,787440.6521881046,18.513994384531877,18.98900037404905,86,127
proxy,VRT,2026-03-10,270.0599976,105.34834684033534,2026-03-11,272.1099854,94736.20924412216,94736.20924412216,False,244.89898686000004,51557.33702853886,25830225.85129797,,2026-03-30,244.89898686000004,STOP,46401.60332568497,-2675825.7917811684,-10.359281437125754,-9.999999999999998,14,19
proxy,WDC,2025-10-29,141.3800049,134.99868818620845,2025-10-30,137.7599945,98218.11178392934,142882.60611453064,True,123.98399505,27061.053078308985,13557587.592232801,2026-03-30,2026-03-31,259.0,EXIT_MA,50876.9819040754,11830026.377900824,87.25760610005791,88.00813758743288,103,152
proxy,PSX,2026-03-05,166.4400024,22.101636955659135,2026-03-06,166.6100006,115781.81867134359,154018.70686568553,True,149.94900054000001,38580.8177566033,19328989.69605825,2026-04-09,2026-04-10,160.1900024,EXIT_MA,37094.17962167779,-818994.0648410358,-4.237128156822665,-3.853309031198704,24,35
proxy,DVN,2026-03-18,48.15999985,31.822702706981715,2026-03-19,48.38000107,484268.59443939326,543823.6933358036,True,43.542000963,46857.83023429048,23475772.94737953,2026-04-14,2026-04-15,45.04999924,EXIT_MA,43632.59962290107,-1703105.7355518974,-7.254737636836812,-6.883013138387273,18,27
proxy,VLO,2026-03-05,228.0299988,43.2881178513582,2026-03-06,226.9700012,112418.86626879023,112418.86626879023,False,204.27300108000003,51031.42042385992,25566741.63235382,2026-04-17,2026-04-20,224.5200043,EXIT_MA,50480.56867613982,-376937.86296005175,-1.4743289089410205,-1.0794364396381706,30,45
proxy,ALB,2026-04-16,215.6199951,119.38453698703458,2026-04-17,207.5599976,61040.069964682436,131224.96943346199,True,186.80399784,25338.95355074664,12694815.728924066,,2026-04-24,186.80399784,STOP,22805.058195671972,-1315091.689283751,-10.359281437125752,-10.000000000000009,6,7
proxy,AMD,2026-04-24,347.8099976,91.64516709662318,2026-04-27,346.3200073,32793.3985337529,86893.00907417083,True,311.68800656999997,22714.020039202227,11379724.039640317,,2026-04-28,311.68800656999997,STOP,20442.618035282005,-1178857.6400345974,-10.359281437125762,-10.000000000000009,2,1
proxy,TER,2026-04-08,358.2900085,185.34739779377813,2026-04-09,360.0,77651.46799088514,77651.46799088514,False,324.0,55909.0569534373,28010437.533672087,,2026-04-29,314.5400085,STOP,48848.98680378098,-3634793.118585378,-12.976566732368594,-12.627775416666665,15,20
proxy,ROST,2025-11-21,174.0,14.981500825991322,2025-11-24,173.3699951,107894.9972725845,107894.9972725845,False,156.03299559,37411.51029692498,18743166.658759415,2026-05-11,2026-05-12,214.8000031,EXIT_MA,46351.69149725129,4386327.398368977,23.4022749636016,23.8968732600489,115,169
proxy,MU,2026-05-11,795.3300171,356.283249600354,2026-05-12,774.7000122,29796.472232873097,43094.89962829056,True,697.23001098,46166.6548046475,23129494.057128396,,2026-05-18,697.23001098,STOP,41549.98932418275,-2396049.3843612038,-10.359281437125743,-9.999999999999998,5,6
proxy,LITE,2025-07-15,98.13999939,51.14968589457997,2025-07-16,98.09999847,159080.4048465972,159080.4048465972,False,88.289998623,31211.57494411633,15636999.047002282,2026-05-28,2026-05-29,860.6799927,EXIT_MA,273834.6433641646,121006487.99171588,773.8472556530189,777.3496494632515,219,317
proxy,CASY,2026-04-08,758.3699951,39.306015061486626,2026-04-09,753.5900269,29300.109640773033,36686.24194819719,True,678.23102421,44160.5408247262,22124430.953187827,2026-05-29,2026-06-01,759.1799927,EXIT_MA,44488.11404638254,75137.95595705882,0.33961531537710565,0.7417781022122982,36,53
proxy,DELL,2026-05-28,317.0499878,143.00720169010913,2026-05-29,418.0,102857.65663420504,102857.65663420504,False,376.2,85989.0009461954,43080489.4740439,,2026-06-09,376.2,STOP,77390.10085157587,-4462829.149107538,-10.359281437125741,-9.999999999999998,8,11
proxy,DDOG,2026-05-29,247.3500061,83.95735410899712,2026-06-01,251.7749939,69955.89583317045,130262.26778646922,True,226.59749451,35226.29049333106,17648371.537158858,,2026-06-09,226.59749451,STOP,31703.661443997946,-1828244.4766038824,-10.359281437125754,-10.000000000000009,7,8
proxy,MPWR,2026-04-08,1312.939941,61.13859439296536,2026-04-09,1312.939941,21190.41721383028,21190.41721383028,False,1181.6459469000001,55643.49025298342,27877388.616744693,2026-06-10,2026-06-11,1523.439941,EXIT_MA,64564.65590000598,4340374.677358288,15.569516704126372,16.032721179894406,44,63
proxy,CASY,2026-06-10,915.5999756,50.66022174673909,2026-06-11,919.1900024,34605.74826343784,34605.74826343784,False,827.2710021600001,63618.51565864645,31872876.34498187,,2026-06-23,827.2710021600001,STOP,57256.66409278181,-3301800.962683752,-10.359281437125754,-9.999999999999998,8,12
proxy,ON,2026-04-17,83.01000214,50.85275840950635,2026-04-20,82.66999817,304094.89871111076,344215.0083233326,True,74.402998353,50279.04943990772,25189803.76939377,2026-06-26,2026-06-29,90.19999695,EXIT_MA,54858.717872505506,2184696.448986478,8.672939531354897,9.108502415248076,48,70
proxy,NUE,2026-04-28,225.1100006,44.26769898884403,2026-04-29,226.0,45046.4840213631,125931.46319135201,True,203.4,20361.010777656124,10200866.399605718,2026-06-29,2026-06-30,228.9600067,EXIT_MA,20627.68656668548,92349.1971703358,0.9053073881440628,1.309737477876105,42,62
proxy,GLW,2026-06-29,255.6900024,180.3719890801328,2026-06-30,252.4900055,40685.453017915715,130889.05638508483,True,227.24100495,20545.340512527062,10293215.596776057,,2026-07-01,227.24100495,STOP,18490.806461274355,-1066303.1726001538,-10.359281437125743,-9.999999999999998,2,1
proxy,STX,2026-04-29,643.2999878,244.94128780964678,2026-04-30,655.1799927,37130.24009473583,45601.30260801583,True,589.6619934299999,48653.98086843654,24375644.415086705,2026-07-02,2026-07-06,863.6199951,EXIT_MA,64132.83553735516,7626640.5180535205,31.287954435917186,31.814158662113257,44,67
proxy,FLEX,2026-05-29,150.7799988,160.45461097287313,2026-06-01,149.6300049,213691.29186903138,213691.29186903138,False,134.66700441,63949.25809890099,32038578.307549395,,2026-07-07,132.9400024,STOP,56816.241707856265,-3687273.6953291222,-11.508855542632718,-11.154181616951874,25,36
proxy,INTC,2026-04-08,58.95000076,92.76875349110665,2026-04-09,58.40000153,471954.95789323066,471954.95789323066,False,52.560001377,55124.34052611151,27617294.603581868,2026-07-07,2026-07-08,108.3000031,EXIT_MA,102225.44680579449,23393203.35250958,84.70490570599034,85.44520592926088,61,90
proxy,HST,2026-04-14,20.90999985,18.587863120298177,2026-04-15,20.84000015,1321150.73670087,1321150.73670087,False,18.756000135,55065.56310203749,27587847.11412078,2026-07-08,2026-07-09,22.92000008,EXIT_MA,60561.54998175201,2632366.326773472,9.541760601631365,9.980805734303221,58,85
proxy,MRNA,2026-07-02,79.76000214,119.83568890581972,2026-07-06,78.55000305,395890.9898336559,395890.9898336559,False,70.695002745,62194.47691780238,31159432.935818993,,2026-07-10,70.695002745,STOP,55975.02922602214,-3227893.3520339467,-10.359281437125759,-10.000000000000009,5,4
proxy,MRVL,2026-04-08,114.4499969,48.03247439245189,2026-04-09,118.9599991,243090.83337766098,243090.83337766098,False,107.06399919,57836.1706396496,28975921.49046445,2026-07-13,2026-07-14,231.5700073,EXIT_MA,112585.09211965607,27204039.47724393,93.88498476639089,94.66207889371108,65,96
proxy,AEP,2026-06-23,133.7400055,2.934664181798058,2026-06-24,134.2200012,212442.60939346996,256042.4694572732,True,120.79800108000002,57028.09457544535,28571075.38229812,2026-07-20,2026-07-21,130.5,EXIT_MA,55447.52105169566,-902762.3775019869,-3.1597073803575295,-2.771569934988205,18,27
proxy,CHRW,2026-07-16,205.75,36.850582680815876,2026-07-17,204.8099976,151475.6269499859,151475.6269499859,False,184.32899784,62047.445584170215,31085770.237669278,,2026-07-27,184.32899784,STOP,55842.701025753195,-3220262.425818436,-10.359281437125754,-9.999999999999998,7,10
proxy,GS,2026-05-20,982.1199951,13.76893078256137,2026-05-21,982.210022,21066.839156792747,32020.13933280634,True,883.9890198,41384.12110332773,20733444.672767192,2026-07-28,2026-07-29,1025.0,EXIT_MA,43187.02027142513,816878.4426739477,3.939907022526242,4.356499836243777,46,69
proxy,JBHT,2026-07-16,298.4100037,54.31848747274506,2026-07-17,296.3900146,104440.56787148384,104440.56787148384,False,266.75101314,61910.282872522774,31017051.71913391,2026-07-28,2026-07-29,276.5899963,EXIT_MA,57774.43256228723,-2187609.8705525845,-7.052926533320651,-6.680393172732746,8,12
proxy,HPE,2026-05-29,43.04000092,91.39755958243889,2026-06-01,44.18000031,748614.5920738283,748614.5920738283,False,39.762000279,66147.58581978452,33139940.49571204,2026-07-29,2026-07-30,46.29000092,EXIT_MA,69306.74031164587,1444122.919799246,4.357650913664434,4.775918051594963,41,59
proxy,SW,2026-07-27,50.09000015,9.098921369979115,2026-07-28,51.0,545291.922270182,608982.450871401,True,45.9,55619.776071558575,27865507.811850846,,2026-07-31,45.9,STOP,50057.79846440272,-2886666.378113892,-10.359281437125755,-9.999999999999998,4,3
proxy,MNST,2026-07-16,49.97000122,31.194314912241893,2026-07-17,50.00999832,623696.4075255148,623696.4075255148,False,45.008998488,62382.11258508207,31253438.405126117,2026-08-03,2026-08-04,46.75999832,EXIT_MA,58328.08593616622,-2147723.522979174,-6.871959158986198,-6.498700478260688,12,18
proxy,FRT,2026-06-09,124.4400024,10.04552171017703,2026-06-10,123.4499969,177214.48395692516,262599.80928023474,True,111.10499721000001,43754.25499023502,21920881.750107747,2026-08-04,2026-08-05,123.1500015,EXIT_MA,43647.927930234124,-140565.7129209228,-0.6412411440531213,-0.24300964563248595,38,56
proxy,DVA,2026-06-26,217.0399933,43.63113924522896,2026-06-29,217.5899963,125556.60169100096,150560.8433015416,True,195.83099667,54639.72099477095,27374500.218380243,,2026-08-05,195.83099667,STOP,49175.74889529385,-2835801.519628614,-10.359281437125757,-9.999999999999998,27,37
proxy,NUE,2026-07-28,265.6199951,46.01563616007442,2026-07-29,268.9400024,114756.50892728484,114756.50892728484,False,242.04600216000003,61725.23157263922,30924341.01789225,,2026-08-19,242.04600216000003,STOP,55552.7084153753,-3203539.518619973,-10.359281437125741,-9.999999999999998,16,21
proxy,FITB,2026-07-01,57.49000168,12.711693910945016,2026-07-02,57.72999954,159509.70910590247,569993.4893527617,True,51.956999586,18416.990866618566,9226912.424175901,2026-08-19,2026-08-20,54.93000031,EXIT_MA,17523.736741270463,-482567.79028194025,-5.230002931614912,-4.850163264006158,34,49
proxy,CFG,2026-07-16,74.40000153,20.703553105825627,2026-07-17,73.88999939,81357.20801853576,418899.3226349951,True,66.500999451,12022.968101723422,6023507.018963434,2026-08-19,2026-08-20,70.51000214,EXIT_MA,11472.993822982764,-298483.1012950344,-4.955304282959056,-4.574363618762511,24,34
proxy,USB,2026-06-10,56.81000137,3.30010040485537,2026-06-11,56.88999939,6050.247068161833,557736.6925105468,True,51.200999451,688.397104034152,344886.94912111014,2026-08-20,2026-08-21,62.22999954,EXIT_MA,753.0137445371945,30866.90940294991,8.949862986004357,9.386535783543447,49,71
proxy,MTB,2026-07-15,248.5299988,8.092460067534999,2026-07-16,250.8800049,125584.71833001169,125584.71833001169,False,225.79200441,63013.389499996905,31569708.139498446,2026-08-20,2026-08-21,240.2200012,EXIT_MA,60335.92237587414,-1462082.8739372492,-4.63128410144522,-4.249044759166443,26,36
proxy,WAB,2026-07-22,290.0,17.202451989528218,2026-07-23,293.5,94082.0675677474,106967.90226713078,True,264.15000000000003,55226.17366226773,27668313.004796132,2026-09-01,2026-09-02,280.8200073,EXIT_MA,52840.25380234784,-1301026.357424561,-4.7022250948188855,-4.320270085178879,29,41
proxy,BEN,2026-08-03,35.24000168,23.810454916840914,2026-08-04,35.20000076,825216.4493095658,849871.8310139229,True,31.680000684000003,58095.23928572244,29105714.882146943,2026-09-01,2026-09-02,33.08000183,EXIT_MA,54596.32330661308,-1862149.552147016,-6.397882888934755,-6.022724102918464,21,29
proxy,SWK,2026-08-04,102.4000015,28.38271228876626,2026-08-05,101.8399963,213441.11490783567,297650.3297197663,True,91.65599667,43473.684704963714,21780316.03718682,2026-09-01,2026-09-02,95.01000214,EXIT_MA,40558.081568314905,-1541833.3345976844,-7.079021865271475,-6.706593095192403,20,28
proxy,EXPE,2026-07-29,304.269989,26.98681555689393,2026-07-30,299.5599976,98105.15805002025,98105.15805002025,False,269.60399784,58776.76182002338,29447157.67183171,2026-09-08,2026-09-09,266.3999939,EXIT_MA,52270.42701216787,-3364214.592759941,-11.42458172110122,-11.069570024592611,28,41
proxy,AIZ,2026-08-05,301.5700073,24.416528382416203,2026-08-06,300.9500122,81374.70765063877,100262.61273035331,True,270.85501098000003,48979.43852046234,24538698.698751632,2026-09-09,2026-09-10,283.2000122,EXIT_MA,46090.63639886466,-1539471.135718163,-6.27364618889298,-5.897989460191155,24,35
proxy,INCY,2026-07-02,116.8600006,21.01323236595106,2026-07-06,116.3700027,7228.406277292479,270205.93902289524,True,104.73300243,1682.3393160104454,842851.9973212332,2026-09-11,2026-09-14,122.4800034,EXIT_MA,1770.6704508387284,40712.55764729227,4.830332938248427,5.25049459331155,49,70
proxy,BNY,2026-07-15,162.3500061,29.36582863528465,2026-07-16,162.75,192248.65243695327,192248.65243695327,False,146.475,62576.936368228286,31351045.12048237,2026-09-14,2026-09-15,156.3099976,EXIT_MA,60100.7728020468,-1360759.4922610186,-4.340395948625019,-3.9569907219662026,42,61
proxy,CTVA,2026-09-02,89.97000122,11.385446773158424,2026-09-03,90.23999786,165031.82384426807,335811.70505587786,True,81.215998074,29784.9428610773,14922256.373399725,2026-09-14,2026-09-15,82.18000031,EXIT_MA,27124.63066936363,-1387065.6693872735,-9.295281053204821,-8.931735085482195,7,12
proxy,STT,2026-07-15,186.5899963,35.76555349612921,2026-07-16,187.3000031,167273.54367741177,167273.54367741177,False,168.57000279,62660.67049865442,31392995.919825863,2026-09-15,2026-09-16,185.8000031,EXIT_MA,62158.849867622186,-375729.8358823955,-1.1968588051996272,-0.800854231272563,43,62
proxy,CF,2026-09-01,135.6000061,30.659927407819275,2026-09-02,133.5700073,219158.2990437675,219158.2990437675,False,120.21300656999999,58545.95120626321,29331521.55433787,2026-09-21,2026-09-22,122.0100021,EXIT_MA,53479.009053125,-2645496.0368284956,-9.019293567596225,-8.654641437606625,13,20
proxy,CPAY,2026-07-29,392.8500061,19.931023849256178,2026-07-30,389.5499878,13160.448207828138,75984.35763578552,True,350.59498902,10253.304877603967,5136905.743679588,2026-09-22,2026-09-23,391.019989,EXIT_MA,10291.996626920058,-1199.4268464790657,-0.02334920877134707,0.3773588104319714,38,55
proxy,EXPD,2026-06-09,166.3399963,13.530370283076035,2026-06-10,165.1900024,196452.57679419557,196452.57679419557,False,148.67100216,64904.0032642387,32516905.635383587,2026-09-24,2026-09-25,183.8099976,EXIT_MA,72219.89533810981,3520822.138333205,10.827666623056494,11.271865687677973,74,107
percentile,NWS,2016-10-03,14.93000031,79.87012987012987,2016-10-04,14.88000011,502344.2628448278,502344.2628448278,False,13.392000098999999,14949.765372777812,7489832.451761684,2016-10-11,2016-10-12,13.94999981,EXIT_MA,14015.404742479875,-496145.4852642268,-6.624253459068077,-6.250001969926055,6,8
percentile,GPN,2016-10-05,79.04000092,78.18574514038878,2016-10-06,78.91999817,95131.1102404624,95131.1102404624,False,71.027998353,15015.494092174722,7522762.540179536,2016-10-11,2016-10-12,73.65000153,EXIT_MA,14012.812829521308,-530368.9382484034,-7.050188483494865,-6.677644148759365,4,6
percentile,MRK,2016-10-10,60.97328186,77.5377969762419,2016-10-11,60.62022781,33010.37207305034,122608.15176998636,True,54.55820502900001,4002.1925503223474,2005098.467711496,2016-10-11,2016-10-12,59.54198456,EXIT_MA,3931.006128586838,-43526.409546663985,-2.1707866345507973,-1.7786855789778677,1,1
percentile,IDXX,2016-10-07,115.3199997,98.70410367170626,2016-10-10,115.4700012,64836.67942831129,64836.67942831129,False,103.92300108,14973.38290278224,7501664.834293902,2016-10-13,2016-10-14,111.6100006,EXIT_MA,14472.843659791664,-279715.8480578624,-3.7287169479918623,-3.342860102092038,4,4
percentile,ANET,2016-10-10,5.408124924,93.30453563714903,2016-10-11,5.40625,1382331.4922014985,1382331.4922014985,False,4.8656250000000005,14946.459259428702,7488176.08897378,2016-10-13,2016-10-14,5.125,EXIT_MA,14168.89779506536,-417896.0892361654,-5.580746022406053,-5.202312138728327,3,3
percentile,PH,2016-10-05,127.4100037,85.52915766738661,2016-10-06,126.9199982,59015.484048108294,59015.484048108294,False,114.22799838,14980.490258316066,7505225.61941635,2016-10-18,2016-10-19,123.4499969,EXIT_MA,14570.922645581937,-234335.21927096322,-3.122294134166036,-2.7340067359061693,9,13
percentile,AOS,2016-10-04,50.15999985,92.85714285714286,2016-10-05,50.43999863,149358.78311891554,149358.78311891554,False,45.395998767,15067.313631793135,7548724.12952836,2016-10-21,2016-10-24,48.54999924,EXIT_MA,14502.737613821348,-311858.06023150776,-4.1312684750474835,-3.7470250621218115,13,19
percentile,ULTA,2016-10-13,266.1400146,96.54427645788337,2016-10-14,268.0299988,27513.767382827595,27513.767382827595,False,241.22699892,14749.030077205518,7389264.068679965,2016-10-25,2016-10-26,246.5899963,EXIT_MA,13569.239594261033,-618213.5111437095,-8.366374586125037,-7.999105546390051,8,12
percentile,FANG,2016-10-10,105.2099991,97.62419006479482,2016-10-11,105.5,71056.18724603749,71056.18724603749,False,94.95,14992.85550891391,7511420.609965869,,2016-10-26,94.95,STOP,13493.569958022521,-778129.200912632,-10.35928143712575,-9.999999999999998,12,15
percentile,PTC,2016-10-03,45.11000061,94.15584415584416,2016-10-04,45.34000015,166260.2504673298,166260.2504673298,False,40.806000135000005,15076.479562255543,7553316.260690027,2016-10-26,2016-10-27,46.0,EXIT_MA,15295.943042994342,79359.31776414998,1.050655301925623,1.4556679484263313,17,23
percentile,TRMB,2016-10-17,29.03000069,96.76025917926566,2016-10-18,29.32999992,252109.53716989807,252109.53716989807,False,26.396999928,14788.745410048696,7409161.450434396,2016-10-27,2016-10-28,27.79999924,EXIT_MA,14017.289883439835,-414533.7985979179,-5.5948814365978485,-5.2165042078868185,8,10
percentile,GRMN,2016-10-26,49.75,86.42241379310344,2016-10-27,50.20000076,141002.36372611433,145073.29405615976,True,45.180000684,14156.637532425473,7092475.403745161,2016-10-27,2016-10-28,47.90000153,EXIT_MA,13508.026876428987,-351969.9924070975,-4.9625831937498255,-4.581671703544421,1,1
percentile,PKG,2016-10-19,85.54000092,93.96551724137932,2016-10-20,84.48999786,86434.50734984357,86434.50734984357,False,76.040998074,14605.702682036876,7317457.043700474,2016-11-01,2016-11-02,80.08000183,EXIT_MA,13843.351013501242,-409624.8879633546,-5.5979131208702695,-5.219548043198408,9,13
percentile,AMD,2016-10-25,7.5,100.0,2016-10-26,7.400000095,913180.459433917,972547.0539700099,True,6.6600000855,13515.07097312626,6771050.557536256,2016-11-02,2016-11-03,6.78000021,EXIT_MA,12382.727413459706,-592069.5782198617,-8.744131699930694,-8.378376716764091,6,8
percentile,NEM,2016-11-01,37.95000076,96.76724137931035,2016-11-02,38.56000137,178787.44353379458,187080.4531291181,True,34.704001233,13788.088135203832,6907832.155737121,2016-11-02,2016-11-03,37.38000107,EXIT_MA,13366.14966119161,-238123.4748025071,-3.447152007084304,-3.060166644387241,1,1
percentile,LRCX,2016-10-05,9.616999626,90.28077753779698,2016-10-06,9.885000229,781861.6339131767,781861.6339131767,False,8.896500206099999,15457.404860556131,7744159.835138622,2016-11-03,2016-11-04,9.43500042,EXIT_MA,14753.729688705416,-382048.7204746194,-4.933378553747021,-4.5523500108762605,21,29
percentile,GDDY,2016-10-21,36.40000153,92.24137931034483,2016-10-24,36.49000168,197928.7721107928,201171.75073269583,True,32.841001512,14444.842453686333,7236866.069296853,2016-11-03,2016-11-04,33.11999893,EXIT_MA,13110.801441051344,-694576.150212232,-9.59774774828351,-9.23541407192393,9,11
percentile,GEN,2016-11-03,25.45000076,96.12068965517241,2016-11-04,23.26000023,273895.19939999655,273895.19939999655,False,20.934000207,12741.604802079632,6383544.005841895,2016-11-04,2016-11-07,24.12999916,EXIT_MA,13218.181862899899,212328.7437451547,3.3261890816581237,3.740322104029503,1,3
percentile,DPZ,2016-10-18,159.4499969,95.6896551724138,2016-10-19,159.0599976,45937.53000886838,45937.53000886838,False,143.15399784000002,14613.646825921067,7321437.059786454,2016-12-12,2016-12-13,162.0500031,EXIT_MA,14888.353760686929,107851.46679632366,1.473091497142084,1.8797972746857239,38,55
percentile,COHR,2016-10-05,25.17000008,97.8401727861771,2016-10-06,24.95999908,298735.12185252126,298735.12185252126,False,22.463999172,14912.856733205237,7471341.223335823,2017-01-06,2017-01-09,29.29999924,EXIT_MA,17505.87768648036,1264091.742217876,16.91920773568258,17.38782179474343,64,95
percentile,FLEX,2016-10-05,10.58025646,85.7451403887689,2016-10-06,10.58025646,710678.7126903699,710678.7126903699,False,9.522230814,15038.326081853542,7534201.367008624,2017-01-09,2017-01-10,10.81386566,EXIT_MA,15370.368252910795,135612.391193863,1.7999570835429701,2.2079729435972473,65,96
percentile,LHX,2016-11-04,94.25,85.77586206896551,2016-11-07,96.0,73522.10868872548,73522.10868872548,False,86.4,14116.244868235292,7072238.678985882,2017-01-10,2017-01-11,101.4199982,EXIT_MA,14913.224261741483,369460.227623119,5.2240916121922725,5.645831458333328,44,65
percentile,RF,2016-10-19,10.53999996,85.34482758620689,2016-10-20,10.53999996,65545.67092849438,701480.8222281403,True,9.485999964,1381.7027379290078,692233.0717024329,2017-01-23,2017-01-24,13.96000004,EXIT_MA,1830.035137567217,220954.46194360824,31.91908491170571,32.44781871896707,64,96
percentile,ODFL,2016-10-27,25.55666733,92.02586206896551,2016-10-28,25.24666786,280158.70874400745,280158.70874400745,False,22.722001073999998,14146.147735492867,7087220.0154819265,2017-02-01,2017-02-02,28.71999931,EXIT_MA,16092.31584363677,942845.5904928213,13.303461560854457,13.757583651278726,65,97
percentile,PRU,2016-11-03,86.66999817,85.12931034482759,2016-11-04,86.65000153,80427.2894896989,80427.2894896989,False,77.985001377,13938.049514672326,6982962.806850836,2017-02-02,2017-02-03,106.1699982,EXIT_MA,17077.930360704424,1538924.4431406707,22.038273519527625,22.527404876319345,61,91
percentile,AKAM,2016-10-26,67.69999695,95.6896551724138,2016-10-27,68.08999634,106608.51852954106,106608.51852954106,False,61.280996706,14517.947272978547,7273491.583762252,2017-02-08,2017-02-09,63.83000183,EXIT_MA,13609.64386566839,-482279.294793725,-6.630643470742335,-6.256417592869557,71,105
percentile,TPL,2016-10-07,28.55555534,99.35205183585313,2016-10-10,28.88888931,261839.27306601117,261839.27306601117,False,26.000000379,15128.491553229722,7579374.26816809,2017-02-14,2017-02-15,34.53777695,EXIT_MA,18086.692819808075,1445885.448916139,19.07658070124046,19.553841545734386,88,128
percentile,HAL,2016-10-19,49.06999969,94.18103448275862,2016-10-20,48.88999939,150674.7072536076,150674.7072536076,False,44.000999451,14732.972691434608,7381219.318408739,2017-02-16,2017-02-17,54.02000046,EXIT_MA,16278.895510300496,741949.5412312085,10.051856058263823,10.492945661703757,82,120
percentile,ECHO,2017-02-02,45.38087463,90.96774193548387,2017-02-03,45.45380783,7659.815248947825,179146.37814656747,True,40.908427047,696.3355406779563,348864.10587965604,2017-03-06,2017-03-07,42.00972366,EXIT_MA,643.5734437899044,-27720.95742849371,-7.946061793487094,-7.577108133340749,21,32
percentile,TT,2016-11-04,53.33591843,80.17241379310344,2016-11-07,54.13498688,109242.03295771079,129921.05410178413,True,48.721488192,11827.632041820403,5925643.652952022,2017-03-09,2017-03-10,61.48952866,EXIT_MA,13434.482232859644,778162.9812449403,13.132125838469499,13.585561212571594,84,123
percentile,COHR,2017-01-23,31.39999962,97.20430107526882,2017-01-24,33.34999847,27327.28173459389,253690.59747929266,True,30.014998623000004,1822.7296080759306,913187.5336460412,2017-03-13,2017-03-14,34.45000076,EXIT_MA,1882.8497530509874,26354.49312640156,2.8859891484914613,3.2983578424733873,34,49
percentile,CSX,2016-10-06,10.35333347,82.50539956803455,2016-10-07,10.32333279,729381.0217070666,729381.0217070666,False,9.290999511,15059.286035584524,7544702.303827846,2017-03-21,2017-03-22,15.21333313,EXIT_MA,22192.63292385873,3529421.5251776613,46.780129726085946,47.36842683921652,113,166
percentile,RJF,2016-10-27,41.30666733,89.87068965517241,2016-10-28,41.22000122,160956.9035372355,173335.76833425352,True,37.098001098000005,13269.28752034454,6647913.047692615,2017-03-21,2017-03-22,48.83333206,EXIT_MA,15720.12383556642,1196428.746255029,17.997057688206233,18.469991787156957,98,145
percentile,AXP,2017-01-10,76.65000153,78.70967741935485,2017-01-11,76.66999817,2597.210518485179,102274.54638743779,True,69.002998353,398.2562513987268,199526.38195076215,2017-03-21,2017-03-22,77.43000031,EXIT_MA,402.2040225028853,1173.4252781776304,0.588105325574039,0.9912640643539028,48,70
percentile,BAC,2017-02-15,24.57999992,97.20430107526882,2017-02-16,24.54000092,20494.36267289485,341966.58832194214,True,22.086000828,1005.8633576953067,503937.5422053486,2017-03-21,2017-03-22,22.64999962,EXIT_MA,928.3946135064211,-40668.63006564451,-8.070172721736322,-7.701716500180156,23,34
percentile,AMD,2017-02-01,12.06000042,100.0,2017-02-02,11.97999954,668951.4055618171,675283.1252634419,True,10.781999586,16028.075061825844,8030065.605974748,2017-04-06,2017-04-07,13.32999992,EXIT_MA,17834.24436524582,869222.3322829166,10.824598140719726,11.268784906814776,45,64
percentile,DPZ,2017-01-10,166.3600006,80.21505376344086,2017-01-11,166.9100037,47122.77055063416,47122.77055063416,False,150.21900333000002,15730.523613921197,7880992.33057452,2017-04-07,2017-04-10,175.1699982,EXIT_MA,16508.991265067198,356994.31069401186,4.529814212723478,4.948771383916761,61,89
percentile,FLEX,2017-02-14,12.26073933,82.58064516129032,2017-02-15,12.37377453,687285.3167935745,687285.3167935745,False,11.136397077,17008.627095566626,8521322.17487888,2017-04-07,2017-04-10,12.33609581,EXIT_MA,16956.835033543477,-59861.4931406863,-0.7024906688443235,-0.3045046595010259,37,54
percentile,LITE,2017-02-08,45.84999847,97.63440860215053,2017-02-09,46.15000153,146861.4680459468,180810.5174291787,True,41.535001377,13555.31395003698,6791212.288968527,2017-04-10,2017-04-11,47.04999924,EXIT_MA,13819.663919894161,104800.00705865957,1.5431708301755498,1.9501574868095117,42,61
percentile,NTAP,2017-02-16,40.56000137,95.05376344086022,2017-02-17,40.29999924,201165.139022977,206712.30397670518,True,36.269999315999996,16213.909899480936,8123168.859639948,2017-04-10,2017-04-11,40.40999985,EXIT_MA,16258.16647548746,-10343.788371706381,-0.1273368626263527,0.272954372393186,36,53
percentile,TTWO,2016-11-03,48.29000092,98.27586206896551,2016-11-04,48.29000092,144349.40774671378,144349.40774671378,False,43.461000827999996,13941.266065780526,6984574.298956043,2017-04-12,2017-04-13,57.77999878,EXIT_MA,16681.01720699769,1339253.2873358037,19.174443996335995,19.65209707848563,109,160
percentile,TXN,2017-03-07,79.12000275,80.0,2017-03-08,79.44000244,4034.518307132566,106904.18641812901,True,71.496002196,641.0042883256715,321143.1484511614,2017-04-12,2017-04-13,78.47000122,EXIT_MA,633.1773129656096,-5187.669281322218,-1.6153759799459477,-1.2210488295649635,26,36
percentile,ACGL,2016-12-12,29.30333328,70.96774193548387,2016-12-13,29.39666748,252221.0931702535,267127.762849538,True,26.457000732,14828.919214736085,7429288.5265827775,2017-04-13,2017-04-17,31.01666641,EXIT_MA,15646.115016854565,378122.86682765,5.089624201223125,5.510825099825212,84,125
percentile,INCY,2017-01-09,118.5299988,90.96774193548387,2017-01-10,119.0899963,65914.1650903869,65914.1650903869,False,107.18099667,15699.43535346353,7865417.112085229,2017-04-17,2017-04-18,125.1100006,EXIT_MA,16493.04246801361,364611.0794535624,4.635622933376753,5.05500418761875,67,98
percentile,STX,2017-04-11,49.09000015,97.20430107526882,2017-04-12,49.00999832,170181.96425474793,170181.96425474793,False,44.108998488000005,16681.235564438994,8357299.017783935,,2017-04-26,44.108998488000005,STOP,15013.112007995096,-865756.1257943828,-10.359281437125738,-9.999999999999998,10,14
percentile,CTAS,2017-03-23,31.48749924,79.78494623655914,2017-03-24,31.60250092,268659.9960412132,268659.9960412132,False,28.442250828000002,16980.655544119276,8507308.427603757,2017-05-01,2017-05-02,30.41500092,EXIT_MA,16342.588053521393,-352356.9888965823,-4.141815145120232,-3.757614003417298,26,39
percentile,TSLA,2017-05-01,21.52199936,95.6989247311828,2017-05-02,21.60000038,376790.4605252661,393832.52654080064,True,19.440000342,16277.348181052248,8154951.438707176,,2017-05-04,19.440000342,STOP,14649.613362947022,-844794.3705966119,-10.359281437125752,-9.999999999999998,3,2
percentile,GEN,2017-03-13,30.75,97.63440860215053,2017-03-14,30.70000076,30542.8882792533,280145.8675359064,True,27.630000684000002,1875.333386771343,939542.0267724429,2017-05-17,2017-05-18,29.95999908,EXIT_MA,1830.1298094939434,-26307.251834965078,-2.8000079916953724,-2.4104288654095862,46,65
percentile,MU,2017-03-24,28.43000031,99.78494623655914,2017-03-27,28.10000038,91461.38879673065,298079.5619908621,True,25.290000342000003,5140.130119886918,2575205.1900633457,2017-05-17,2017-05-18,27.14999962,EXIT_MA,4966.353342151819,-96994.87232958805,-3.766491023855157,-3.3807855770569994,37,52
percentile,HPE,2017-04-07,14.18153572,72.25806451612902,2017-04-10,14.22808361,592883.9734060804,592883.9734060804,False,12.805275249000001,16871.205489301457,8452473.950140031,2017-06-01,2017-06-02,13.45228863,EXIT_MA,15951.292668719676,-492778.90844891313,-5.829996180476242,-5.452561295428038,37,53
percentile,HPQ,2017-04-12,18.02000046,91.18279569892474,2017-04-13,17.98999977,461986.5572569415,461986.5572569415,False,16.190999793,16622.27611759094,8327760.334913061,2017-06-06,2017-06-07,18.35000038,EXIT_MA,16954.907002439537,132738.25930426735,1.5939250646753045,2.001115145094867,37,55
percentile,IDXX,2017-02-02,139.0700073,96.98924731182795,2017-02-03,139.5299988,58458.46624247607,58458.46624247607,False,125.57699892,16313.41944932505,8173023.14411185,2017-06-12,2017-06-13,159.3500061,EXIT_MA,18630.71390467041,1123703.0943186851,13.748928328047652,14.204835856416565,89,130
percentile,TER,2017-04-26,33.77000046,98.49462365591398,2017-04-27,35.0,213616.8489304121,249853.83165171221,True,31.5,14953.179425128847,7491542.8919895515,2017-06-12,2017-06-13,33.72000122,EXIT_MA,14406.320813092103,-302788.8062565923,-4.041741609466775,-3.657139371428575,32,47
percentile,SWKS,2017-04-07,101.8199997,95.91397849462365,2017-04-10,101.9000015,82577.1486097722,82577.1486097722,False,91.71000135,16829.22313440302,8431440.790335912,2017-06-14,2017-06-15,100.7399979,EXIT_MA,16637.64355507288,-129256.65635454655,-1.5330316557841461,-1.1383744680317776,46,66
percentile,KLAC,2017-04-19,9.758999825,90.53763440860216,2017-04-20,9.800000191,848670.4232202916,848670.4232202916,False,8.8200001719,16633.94061930982,8333604.250274219,2017-06-14,2017-06-15,9.722999573,EXIT_MA,16503.24432517725,-98485.33201077115,-1.1817855642416721,-0.7857205765232189,39,56
percentile,APO,2017-01-06,21.42000008,87.95698924731182,2017-01-09,21.46999931,367267.7960184096,367267.7960184096,False,19.322999379,15770.47865420095,7901009.8057546755,2017-06-26,2017-06-27,26.18000031,EXIT_MA,19230.142027229962,1694831.065833076,21.45081587670795,21.93759269384905,117,169
percentile,LRCX,2017-04-19,13.61699963,97.41935483870968,2017-04-20,13.69999981,608223.1575774451,608223.1575774451,False,12.329999829,16665.314286497196,8349322.4575350955,2017-06-26,2017-06-27,14.82600021,EXIT_MA,18035.03332394013,650159.1711110286,7.786969235141626,8.218981135883684,47,68
percentile,MAR,2017-03-22,92.13999939,84.08602150537634,2017-03-23,92.13999939,92065.9308789327,92065.9308789327,False,82.925999451,16965.909630049286,8499920.724654691,2017-06-27,2017-06-28,101.0,EXIT_MA,18597.318037544406,780140.9760799669,9.178214731075155,9.615802766069459,67,97
percentile,LITE,2017-06-06,62.84999847,99.56989247311829,2017-06-07,62.95000076,134132.02969871386,141018.71749135738,True,56.655000684,16887.22274294876,8460498.594217328,,2017-06-29,56.655000684,STOP,15198.500468653883,-876446.8603590401,-10.359281437125741,-9.999999999999998,17,22
percentile,ZBRA,2017-06-01,108.1399994,96.55913978494624,2017-06-02,108.3300018,73329.70825112128,82048.35885659383,True,97.49700162,15887.614853674888,7959695.041691118,2017-06-29,2017-06-30,100.6399994,EXIT_MA,14759.80358879004,-594553.0508848876,-7.469545601568282,-7.098682056885197,20,28
percentile,TSLA,2017-06-14,25.37733269,99.56989247311829,2017-06-15,24.83333206,341106.87055363436,341106.87055363436,False,22.349998854,16941.640368811677,8487761.82477465,,2017-07-05,22.349998854,STOP,15247.47633193051,-879271.135141327,-10.35928143712576,-10.000000000000009,14,20
percentile,NRG,2017-06-26,17.63999939,81.93548387096774,2017-06-27,17.64999962,490028.45538975345,490028.45538975345,False,15.884999658,17298.00410283667,8666300.055521172,2017-07-07,2017-07-10,16.20999908,EXIT_MA,15886.721622083449,-738825.9661015309,-8.525275623601745,-8.158643461772497,8,13
percentile,MTD,2017-04-19,492.8699951,86.66666666666667,2017-04-20,494.730011,13619.268321600432,16803.973855233584,True,445.2570099,13475.721533114667,6751336.488090448,2017-07-28,2017-07-31,580.5200195,EXIT_MA,15812.515823262429,1139108.9077175036,16.872346826838278,17.340773066625225,70,102
percentile,BAX,2017-03-09,52.13000107,76.12903225806451,2017-03-10,52.27999878,127972.95215682288,162040.32829038246,True,47.051998902,13380.851565263398,6703806.634196962,2017-08-02,2017-08-03,59.09999847,EXIT_MA,15126.402553339232,844268.2399193142,12.593863247973106,13.045141256983017,101,146
percentile,SW,2017-06-14,30.14999962,72.04301075268818,2017-06-15,30.14999962,266450.2281977918,287110.5355219352,True,27.134999657999998,16066.948557824671,8049541.22747016,2017-08-09,2017-08-10,29.85000038,EXIT_MA,15907.078825910343,-111908.89334089961,-1.3902518190601372,-0.9950223674331071,39,56
percentile,XYZ,2017-05-04,19.89999962,98.9247311827957,2017-05-05,19.75,369395.7436069918,422995.48787787743,True,17.775000000000002,14591.131872476175,7310157.068110564,2017-08-10,2017-08-11,24.40999985,EXIT_MA,18033.900092074615,1688759.0778346686,23.101542991485374,23.59493594936708,68,98
percentile,PKG,2017-06-26,111.0800018,94.6236559139785,2017-06-27,110.9899979,77818.70286355984,77818.70286355984,False,99.89099811000001,17274.195334814463,8654371.862742046,2017-08-10,2017-08-11,107.1500015,EXIT_MA,16676.54825711698,-332774.2824406717,-3.8451581202940788,-3.4597679724796215,32,45
percentile,RJF,2017-06-28,53.80666733,89.24731182795699,2017-06-29,54.60666656,159459.31934875835,159459.31934875835,False,49.145999904,17415.083763124407,8724956.965325328,2017-08-10,2017-08-11,53.14666748,EXIT_MA,16949.462844031183,-267175.0061537679,-3.062192824739116,-2.6736645394675462,30,43
percentile,BAC,2017-06-29,24.31999969,93.76344086021506,2017-06-30,24.62000084,345635.1660433621,345635.1660433621,False,22.158000756,17019.07615664223,8526557.154477756,2017-08-11,2017-08-14,24.22999954,EXIT_MA,16749.47982847698,-168566.72006774507,-1.9769611229219473,-1.5840832115909809,30,45
percentile,C,2017-06-29,66.98000336,90.32258064516128,2017-06-30,67.55999756,121905.27449556957,125497.86069505605,True,60.803997804,16471.84009494362,8252391.887566754,2017-08-18,2017-08-21,66.58000183,EXIT_MA,16232.906798003349,-152171.3953630831,-1.8439671483894031,-1.4505561950763357,35,52
percentile,KEYS,2017-07-07,40.06999969,72.96137339055794,2017-07-10,39.93999863,210534.5966795324,210534.5966795324,False,35.945998767,16817.50300589625,8425569.005954022,2017-08-21,2017-08-22,39.97999954,EXIT_MA,16834.346156803582,-25230.273709034547,-0.2994489000233135,0.10015250719102031,31,43
percentile,ALL,2017-06-12,87.91999817,75.91397849462366,2017-06-13,87.94000244,98034.66993989254,98034.66993989254,False,79.146002196,17242.33822743749,8638411.451946182,2017-08-28,2017-08-29,90.0,EXIT_MA,17646.240589180656,167062.60205496475,1.9339505068067409,2.342503414649655,54,77
percentile,PGR,2017-05-17,41.15999985,79.35483870967742,2017-05-18,41.38999939,81775.20635592495,205940.467359161,True,37.250999451,6769.351482377716,3391445.0926712356,2017-08-31,2017-09-01,46.52000046,EXIT_MA,7608.365274588447,405129.1793483994,11.945621063536185,12.394300907478218,74,106
percentile,STT,2017-06-13,88.58999634,81.0752688172043,2017-06-14,87.94999695,89043.84686390962,98229.64615070971,True,79.154997255,15662.812120194238,7847068.872217313,2017-09-05,2017-09-06,92.22000122,EXIT_MA,16423.247332846477,348131.5468730787,4.436453311957597,4.855036291163861,58,84
percentile,CSGP,2017-07-11,27.54500008,94.20600858369099,2017-07-12,27.71100044,256078.93088273538,307560.1150090879,True,24.939900396,14192.40673273242,7110395.773098942,2017-09-13,2017-09-14,27.46999931,EXIT_MA,14068.976109308556,-89976.69455397222,-1.2654245617998483,-0.8696948005245009,45,64
percentile,CHTR,2017-08-09,400.8999939,96.78111587982833,2017-08-10,398.6900024,19869.544530660718,21521.324970422695,True,358.82100216000003,15843.577513232058,7937632.334129261,2017-09-15,2017-09-18,370.2000122,EXIT_MA,14711.411255318084,-596638.1177255372,-7.516575379287669,-7.145900330707667,26,39
percentile,VRTX,2017-08-31,160.5399933,99.14346895074947,2017-09-01,160.7599945,23569.27350766184,53500.87327224961,True,144.68399505000002,7577.992558921426,3796574.2720196345,2017-09-20,2017-09-21,153.2200012,EXIT_MA,7222.568230254152,-192512.72512281267,-5.070695614770711,-4.690217440882027,13,20
percentile,PODD,2017-08-22,57.47999954,96.78800856531049,2017-08-23,57.02000046,147028.61314334781,147913.70751658548,True,51.318000414,16767.14317813371,8400338.732244989,2017-09-29,2017-10-02,55.08000183,EXIT_MA,16196.67256199592,-318199.1238090247,-3.787932057877695,-3.402312547087616,27,40
percentile,TPL,2017-08-02,40.69666672,97.63948497854076,2017-08-03,41.0,183731.92332691388,211766.79533466505,True,36.9,15066.017712806939,7548074.874116276,2017-10-24,2017-10-25,43.95777893,EXIT_MA,16152.894535976382,512219.49933593813,6.786094572172728,7.2140949512195185,58,83
percentile,LYV,2017-08-10,39.61000061,96.35193133047211,2017-08-11,39.29999924,213893.96519007027,213893.96519007027,False,35.369999316,16812.065338820696,8422844.734749168,2017-11-02,2017-11-03,41.29000092,EXIT_MA,17663.364038960895,391173.92069231905,4.644201965144834,5.063617604283688,59,84
percentile,ON,2017-08-30,17.05999947,92.50535331905782,2017-08-31,17.0,21282.61568455621,498631.20411592635,True,15.3,723.6089332749111,362528.0755707305,2017-11-29,2017-11-30,19.96999931,EXIT_MA,850.0276410711654,61635.71732378099,17.00163972866031,17.47058417647058,63,91
percentile,NVDA,2017-09-15,4.50274992,100.0,2017-09-18,4.628499985,1582875.9980728505,1924218.867589826,True,4.1656499865,14652.683066674099,7340994.216403724,2017-11-29,2017-11-30,4.980000019,EXIT_MA,15765.44500095488,525962.8390727611,7.16473577785251,7.594253756922065,52,73
percentile,AMAT,2017-09-29,52.09000015,97.64453961456103,2017-10-02,52.20999908,154491.62488760313,168264.1453814552,True,46.98899917200001,16132.015186498931,8082139.608435964,2017-11-29,2017-11-30,53.70999908,EXIT_MA,16595.49006116174,199009.93208374362,2.462342173302987,2.873012883416437,42,59
percentile,MU,2017-09-13,34.59000015,98.50107066381156,2017-09-14,34.43000031,203497.13049459292,250237.77214318074,True,30.987000278999997,14012.81253202589,7020419.078544971,2017-12-01,2017-12-04,41.95000076,EXIT_MA,17073.409557811985,1499212.290803209,21.35502559077899,21.841418478918406,56,81
percentile,ISRG,2017-08-15,109.4855576,95.27896995708154,2017-08-16,109.5633316,78334.96882753242,78334.96882753242,False,98.60699844,17165.280331053193,8599805.44585765,2017-12-04,2017-12-05,123.2300034,EXIT_MA,19306.436949911425,1034106.5921481531,12.024767288732805,12.473764352014282,77,111
percentile,A,2017-08-16,62.13999939,85.40772532188842,2017-08-17,62.0,138274.29906817363,138274.29906817363,False,55.800000000000004,17146.01308445353,8590152.55531122,2017-12-04,2017-12-05,66.19999695,EXIT_MA,18307.516353152965,545298.1049121097,6.347944363048086,6.774188629032252,76,110
percentile,V,2017-08-16,103.3199997,82.83261802575107,2017-08-17,103.3300018,82323.33586414484,83162.64890338542,True,92.99700162,17012.94088604818,8523483.38391014,2017-12-04,2017-12-05,108.8899994,EXIT_MA,17928.37598570546,422776.2329568844,4.9601344182234595,5.380816319699311,76,110
percentile,ALGN,2017-07-28,173.0599976,99.35622317596567,2017-07-31,173.3399963,45429.19217657991,49497.81516897131,True,156.00599667,15749.392007600703,7890445.395807952,2017-12-21,2017-12-22,216.3699951,EXIT_MA,19659.02817728711,1919409.6646583155,24.3257454855218,24.8240450666261,102,144
percentile,PYPL,2017-09-20,64.73999786,97.64453961456103,2017-09-21,64.66999817,55618.801810061545,135471.34348295722,True,58.202998353,7193.7356225485455,3604061.5468968214,2017-12-29,2018-01-02,74.23500061,EXIT_MA,8257.723572594776,516542.515827972,14.332233484545423,14.790478909333181,70,103
percentile,TSN,2017-12-04,83.55999756,95.52238805970148,2017-12-05,83.83999634,114031.09420798496,114031.09420798496,False,75.45599670600001,19120.733042087308,9579487.254085742,2018-01-16,2018-01-17,79.20999908,EXIT_MA,18064.805734611764,-565149.1925144717,-5.899576642512158,-5.5224206370713125,28,43
percentile,LHX,2017-08-28,121.3300018,78.58672376873662,2017-08-29,120.7600021,69775.53531235586,69775.53531235586,False,108.68400188999999,16852.187581697435,8442945.978430415,2018-01-23,2018-01-24,142.6199951,EXIT_MA,19902.773008696142,1488537.75290896,17.63054929774271,18.10201442518857,101,148
percentile,NVR,2017-04-17,2146.639893,89.46236559139786,2017-04-18,2141.0,3860.3586800700436,3860.3586800700436,False,1926.9,16530.055868059928,8281557.989898024,2018-01-25,2018-01-26,3374.98999,EXIT_MA,26057.34380609202,4721056.569341894,57.006864832688656,57.636150864082204,196,283
percentile,NWSA,2017-12-04,16.54000092,90.19189765458422,2017-12-05,16.59000015,526359.6553097537,576084.4875323835,True,14.931000135000001,17464.61352108553,8749771.37406385,2018-02-02,2018-02-05,16.39999962,EXIT_MA,17264.596294126583,-134737.82329468615,-1.5399010732334928,-1.1452714182163648,41,62
percentile,CAT,2017-10-24,138.2400055,94.44444444444444,2017-10-25,137.2100067,58626.96282143069,66730.05375991018,True,123.48900603000001,16088.411923058313,8060294.3734522145,2018-02-05,2018-02-06,148.0700073,EXIT_MA,17361.78962589214,603238.649867963,7.484077155479827,7.91487505991062,70,104
percentile,TDY,2017-11-02,178.0899963,94.24307036247335,2017-11-03,178.2100067,49359.88706089768,53281.19797293762,True,160.38900603000002,17592.85160766764,8814018.655441487,2018-02-05,2018-02-06,179.5500031,EXIT_MA,17725.13574959966,30824.083608742803,0.3497165687267183,0.751919841547255,63,95
percentile,TROW,2017-11-29,101.2699966,92.32409381663112,2017-11-30,101.8000031,66019.57008879953,95985.65810634002,True,91.62000279,13441.58487940092,6734234.024579861,2018-02-05,2018-02-06,101.9800034,EXIT_MA,13465.35196424463,-15023.394421790726,-0.22308987728902122,0.17681757811263132,45,68
percentile,BF-B,2017-12-01,48.56000137,75.05330490405117,2017-12-04,48.65599823,174749.80323949983,200805.37699829525,True,43.790398407000005,17005.252234227904,8519631.36934818,2018-02-05,2018-02-06,50.57600021,EXIT_MA,17676.292170676803,300838.4238195438,3.5311201949640263,3.946074584523007,43,64
percentile,SCHW,2017-12-04,51.54999924,91.89765458422174,2017-12-05,50.68000031,184838.76031543763,184838.76031543763,False,45.612000279,18735.25686017279,9386363.686946567,2018-02-05,2018-02-06,50.0,EXIT_MA,18483.87603154376,-162909.54720623046,-1.7355980722629103,-1.3417527739553292,42,63
percentile,ACN,2017-12-21,154.1999969,75.47974413646055,2017-12-22,155.7799988,975.6025738283993,62749.645720963745,True,140.20199892,303.9587355605299,152283.32651582547,2018-02-05,2018-02-06,150.2899933,EXIT_MA,293.24660856826574,-5953.268840260862,-3.9093372705134537,-3.524204353762006,29,46
percentile,ISRG,2018-01-25,149.9366608,96.37526652452026,2018-01-26,145.956665,16954.606255157174,69615.75416956742,True,131.3609985,4949.27557078176,2479587.060961662,,2018-02-06,130.2266693,STOP,4415.8838038041295,-276061.0428634011,-11.133347451665438,-10.77716848353585,8,11
percentile,CBOE,2017-09-05,102.1999969,95.50321199143468,2017-09-06,102.5699997,79739.1318859792,83669.62204335014,True,92.31299973,16357.685467246292,8195200.419090392,2018-02-06,2018-02-07,111.0100021,EXIT_MA,17703.682396229455,638937.0966281053,7.79647920677726,8.22852922363808,106,154
percentile,ODFL,2017-11-29,42.34999847,94.88272921108742,2017-11-30,42.77666855,229526.98043102946,229526.98043102946,False,38.499001695,19636.799130360963,9838036.364310844,2018-02-08,2018-02-09,44.75999832,EXIT_MA,20547.254516975107,415043.6396597326,4.218765049145114,4.636475530304018,48,71
percentile,ANET,2018-02-14,18.88249969,100.0,2018-02-15,19.125,524435.1189134094,524435.1189134094,False,17.212500000000002,20059.643298437913,10049881.292517394,,2018-02-16,16.125,STOP,16913.032584957455,-1610278.0326236244,-16.022856248287745,-15.686274509803921,2,1
percentile,LULU,2018-02-07,80.98999786,94.8936170212766,2018-02-08,81.75,121809.82917105331,121809.82917105331,False,73.575,19915.907069467215,9977869.441803075,2018-03-15,2018-03-16,79.47000122,EXIT_MA,19360.454545663197,-317002.62351714075,-3.1770572401862975,-2.788989333333336,25,36
percentile,TPL,2017-12-21,46.48333359,86.78038379530916,2017-12-22,46.30222321,208160.52611446765,208160.52611446765,False,41.672000889,19276.59028732623,9657571.733950442,2018-03-19,2018-03-20,57.55666733,EXIT_MA,23962.052305616387,2299492.366552135,23.81025406695607,24.306487550190358,58,88
percentile,ABBV,2018-01-16,102.4899979,92.53731343283582,2018-01-17,103.0,87343.15894009332,99614.60084739688,True,92.7,17992.690741659226,9014338.061571272,2018-03-19,2018-03-20,112.9000015,EXIT_MA,19722.08555070255,826982.6282292996,9.174080476910246,9.611651941747578,43,62
percentile,P,2018-01-25,19.54999924,97.01492537313433,2018-01-26,19.67000008,533910.696932519,533910.696932519,False,17.703000072000002,21004.04690275101,10523027.498278257,2018-03-22,2018-03-23,19.65999985,EXIT_MA,20993.368443213436,-47336.64511475153,-0.449838652635818,-0.05084000996100624,39,56
percentile,DECK,2018-02-02,15.60499954,97.23404255319149,2018-02-05,15.58500004,551673.9077928886,657432.2759520124,True,14.026500036000002,17195.675750038252,8615033.550769163,2018-03-22,2018-03-23,15.16499996,EXIT_MA,16732.269579224398,-265631.03073618934,-3.0833429628660403,-2.694899447687149,33,46
percentile,BMY,2018-02-15,68.98000336,71.70212765957447,2018-02-16,68.86000061,57680.57690102928,144711.14356106592,True,61.974000549,7943.769121180056,3979828.329711208,2018-03-22,2018-03-23,64.05000305,EXIT_MA,7388.88225287337,-292776.08552739676,-7.3565003631360595,-6.985183731324973,24,35
percentile,CSCO,2018-02-15,44.08000183,91.70212765957447,2018-02-16,43.88999939,226455.87011473515,226455.87011473515,False,39.500999451,19878.29600239529,9959026.29720004,2018-03-23,2018-03-26,43.25,EXIT_MA,19588.43276492459,-184398.34750267118,-1.8515700430926103,-1.4581895623033914,25,38
percentile,AMZN,2018-01-23,68.1269989,94.45628997867804,2018-01-24,68.74099731,144188.48719665653,153708.21898152796,True,61.866897578999996,19823.320821036672,9931483.731339373,2018-03-28,2018-03-29,70.30000305,EXIT_MA,20272.90217939968,184694.45618106797,1.8596864393811963,2.2679416956512544,45,64
percentile,VRSN,2018-03-15,125.3099976,82.12765957446808,2018-03-16,125.5699997,76782.54100516628,80281.64322545708,True,113.01299973,19283.167301967933,9660866.818285935,2018-03-28,2018-03-29,116.9300003,EXIT_MA,17956.36508553771,-700640.6406026185,-7.252357927928962,-6.8806238915679385,9,13
percentile,NFLX,2018-01-02,20.10700035,90.6183368869936,2018-01-03,20.20499992,203532.75527835588,485830.44722738245,True,18.184499928,8224.75860823312,4120604.062724793,2018-04-02,2018-04-03,28.54500008,EXIT_MA,11619.685031406578,1677618.7679470894,40.712932919785224,41.276912610846495,61,90
percentile,IEX,2018-03-20,150.3699951,87.44680851063829,2018-03-21,150.0599976,66888.21095885966,66888.21095885966,False,135.05399784,20074.48955190955,10057319.265506685,2018-04-02,2018-04-03,140.3699951,EXIT_MA,18778.1956890858,-686999.6166528724,-6.83084228029885,-6.457418802464376,8,13
percentile,NOC,2018-02-14,349.6199951,92.12765957446808,2018-02-15,352.9899902,28324.02639750385,28324.02639750385,False,317.69099118,19996.195600958854,10018093.996080386,2018-04-24,2018-04-25,337.0,EXIT_MA,19090.393791917595,-491987.4939135052,-4.910988997567771,-4.529870716996898,47,69
percentile,EL,2017-08-18,105.9199982,87.15203426124198,2017-08-21,105.3899994,76706.06730669375,79383.05369315045,True,94.85099946,16168.104774857626,8100220.492203671,2018-05-01,2018-05-02,140.0,EXIT_MA,21477.69884587425,2617151.23188758,32.30962952683257,32.83992864317258,175,254
percentile,COP,2018-03-23,57.74000168,80.2127659574468,2018-03-26,58.36999893,168213.9672244939,168213.9672244939,False,52.532999037,19637.29817380953,9838286.385078574,2018-06-15,2018-06-18,65.56999969,EXIT_MA,22059.579557527475,1169443.814127637,11.886661643650632,12.335105177292483,58,84
percentile,CVNA,2018-06-15,8.56400013,99.57627118644068,2018-06-18,8.463999748,1297939.3914134277,1380138.6022033703,True,7.617599773200001,21971.517363685052,11007730.19920621,,2018-06-21,7.617599773200001,STOP,19774.36562731655,-1140321.7511752527,-10.359281437125736,-9.999999999999998,4,3
percentile,TYL,2018-02-15,205.8699951,78.51063829787233,2018-02-16,205.9700012,48487.7612408889,48487.7612408889,False,185.37300108000002,19974.048481942405,10006998.289453145,2018-06-25,2018-06-26,225.5599976,EXIT_MA,21873.798618248547,908027.2210528813,9.073922017253611,9.511092045378877,89,130
percentile,VST,2018-04-11,21.46999931,86.17021276595744,2018-04-12,21.55999947,447113.20968304214,457933.6535376998,True,19.403999523000003,19279.521127592776,9659040.08492398,2018-06-25,2018-06-26,23.36000061,EXIT_MA,20889.129701869846,764635.6363090724,7.916269417936578,8.348799555884213,52,75
percentile,FFIV,2018-05-01,164.6699982,92.35668789808918,2018-05-02,162.5800018,4322.458930133212,60656.651453442,True,146.32200162,1405.4907612829672,704150.8714027666,2018-06-25,2018-06-26,170.6499939,EXIT_MA,1475.2551801204663,32001.463477346115,4.544688471888807,4.963705259351281,38,55
percentile,ADBE,2018-03-20,229.75,97.44680851063829,2018-03-21,228.7599945,43777.93233571924,43777.93233571924,False,205.88399505,20029.27912068101,10034668.839461187,2018-06-27,2018-06-28,236.5899963,EXIT_MA,20714.841698658933,302037.1681696195,3.009936580885089,3.422802058163188,69,99
percentile,PANW,2018-04-05,32.73333359,97.65957446808511,2018-04-06,32.29666519,300988.3076113168,300988.3076113168,False,29.066998671,19441.837194054853,9740360.434221482,2018-06-27,2018-06-28,33.33000183,EXIT_MA,20063.881686987585,271516.52758532204,2.787540865853221,3.199514977540008,58,83
percentile,EXR,2018-06-25,100.0100021,85.16949152542372,2018-06-26,100.0,115226.95365238044,115226.95365238044,False,90.0,23045.39073047609,11545740.75596852,2018-07-16,2018-07-17,96.70999908,EXIT_MA,22287.19716342583,-424429.3714190312,-3.6760687805988046,-3.2900009200000024,14,21
percentile,CPRT,2018-02-16,11.61750031,96.80851063829788,2018-02-20,11.58250046,727196.8409146913,849360.2609596471,True,10.424250414000001,16845.515488809917,8439603.25989377,2018-07-27,2018-07-30,14.21500015,EXIT_MA,20674.20640536373,1876825.7363827303,22.238317117365945,22.728250252104875,111,160
percentile,LULU,2018-03-28,85.95999908,92.97872340425532,2018-03-29,86.79000092,112041.53620640394,112041.53620640394,False,78.111000828,19448.17006086402,9743533.200492874,2018-07-27,2018-07-30,120.0400009,EXIT_MA,26898.932214108223,3679033.9743471295,37.75872569676292,38.310864877912245,84,123
percentile,FTNT,2018-02-13,9.623999596,86.17021276595744,2018-02-14,9.586000443,1011630.5907989496,1011630.5907989496,False,8.6274003987,19394.982583102163,9716886.274134183,2018-07-30,2018-07-31,12.61999989,EXIT_MA,25533.55588920676,3024358.1145799905,31.124765992483265,31.650316156781777,115,167
percentile,RMD,2018-06-22,107.9300003,85.80508474576271,2018-06-25,107.8499985,91309.34778814099,109361.54714673581,True,97.06499865,19695.426043973966,9867408.448030958,2018-07-30,2018-07-31,104.9800034,EXIT_MA,19171.31128250165,-300924.1180626359,-3.049677325586794,-2.6610988779939504,25,36
percentile,ACN,2018-06-28,164.5,73.9406779661017,2018-06-29,164.1900024,71003.34221677318,71003.34221677318,False,147.77100216,23316.07785796002,11681355.00683797,2018-07-30,2018-07-31,160.3000031,EXIT_MA,22763.6719549182,-322282.7013337873,-2.7589496350819847,-2.3692059462446347,21,32
percentile,CMG,2018-07-27,9.446000099,95.12711864406779,2018-07-30,9.402999878,1208489.6962382037,1274176.0691341232,True,8.4626998902,22726.85693258417,11386155.32322467,2018-07-31,2018-08-01,8.699999809,EXIT_MA,21027.720252901676,-893322.9170267321,-7.845694105407078,-7.476338169957808,2,2
percentile,AXON,2018-04-03,42.40000153,99.7872340425532,2018-04-04,41.90999985,228581.60416409586,228581.60416409586,False,37.718999865,19159.70999246003,9599014.706222476,2018-08-06,2018-08-07,67.01000214,EXIT_MA,30634.507568401394,5687604.570409818,59.25196225319749,59.890246671045986,87,125
percentile,KKR,2018-07-02,25.93000031,91.94915254237289,2018-07-03,26.0,296092.3831058652,451549.79400544683,True,23.400000000000002,15396.803921504992,7713798.764674,2018-08-13,2018-08-14,25.25,EXIT_MA,14952.665346846194,-252418.7565977499,-3.272301550744662,-2.8846153846153855,29,42
percentile,PSX,2018-07-30,122.1500015,88.98305084745762,2018-07-31,122.5999985,96362.31254270628,96362.31254270628,False,110.33999865,23628.03874638464,11837647.411938705,2018-08-16,2018-08-17,115.3300018,EXIT_MA,22226.931358004957,-746408.6642942317,-6.305380100622451,-5.929850561947592,13,17
percentile,CSGP,2018-04-24,38.50099945,96.17021276595744,2018-04-25,38.16699982,249091.9475559611,258584.25288873928,True,34.350299838000005,19014.184635063633,9526106.50216688,2018-09-17,2018-09-18,42.13000107,EXIT_MA,20988.48803412205,947149.0268600229,9.942666782536781,10.383318753609071,101,146
percentile,IEX,2018-07-31,153.5800018,79.23728813559322,2018-08-01,153.3899994,76421.98649399931,76421.98649399931,False,138.05099945999999,23444.736924922723,11745813.199386284,2018-09-28,2018-10-01,151.8600006,EXIT_MA,23210.885829663857,-163581.1703840196,-1.3926764167556036,-0.9974566829550335,42,61
percentile,EW,2018-09-28,58.03333282,93.85593220338984,2018-10-01,58.25,198439.7219124372,229464.14748271598,True,52.425000000000004,23118.227602798936,11582232.029002266,,2018-10-03,52.425000000000004,STOP,20806.40484251904,-1199836.0125852637,-10.359281437125741,-9.999999999999998,3,2
percentile,SYY,2018-08-13,72.75,88.5593220338983,2018-08-14,73.18000031,101755.76663656664,164278.52406401295,True,65.862000279,14892.974068016469,7461380.008076251,2018-10-03,2018-10-04,72.19000244,EXIT_MA,14691.498083555634,-130322.46438199002,-1.7466268202521258,-1.3528257253433096,36,51
percentile,NKE,2018-06-29,79.68000031,95.55084745762711,2018-07-02,78.58000183,145833.83171512216,145833.83171512216,False,70.722001647,22919.245526100425,11482542.008576311,2018-10-04,2018-10-05,80.08999634,EXIT_MA,23359.66209662462,173929.37763937376,1.5147288597722168,1.921601520532823,67,95
percentile,AMZN,2018-07-16,91.12449646,98.09322033898306,2018-07-17,90.57800293,122536.5187926541,133862.95831419158,True,81.520202637,22198.226316466043,11121311.38454949,2018-10-04,2018-10-05,95.89949799,EXIT_MA,23502.381275315456,606376.871832924,5.452386421581052,5.875041276978177,57,80
percentile,ILMN,2018-07-31,315.5252991,97.88135593220339,2018-08-01,315.3112793,37197.93264370917,37197.93264370917,False,283.78015137000006,23457.855458406346,11752385.584661579,2018-10-05,2018-10-08,320.0583801,EXIT_MA,23811.020130028937,129313.4602228608,1.1003166913756812,1.5055283815214926,47,68
percentile,KKR,2018-09-17,27.62000084,89.83050847457628,2018-09-18,27.61000061,378571.1914684437,470432.6719323801,True,24.849000549,20904.701654744316,10473255.529026901,2018-10-08,2018-10-09,26.14999962,EXIT_MA,19799.2730260855,-593418.2890102379,-5.6660346667334105,-5.287942621309494,15,21
percentile,TECH,2018-08-06,42.21250153,88.5593220338983,2018-08-07,42.95000076,283717.836937748,283717.836937748,False,38.655000684,24371.362624203666,12210052.674726037,2018-10-09,2018-10-10,47.11249924,EXIT_MA,26733.312754208193,1129870.3896238506,9.253607824007213,9.691498035726687,45,64
percentile,CNC,2018-03-29,53.43500137,82.76595744680851,2018-04-02,53.73500061,182676.58258991025,182676.58258991025,False,48.361500549,19632.252553803086,9835758.529455347,2018-10-10,2018-10-11,70.91000366,EXIT_MA,25907.194280093656,3091931.416311387,31.43561736547229,31.962413427057367,135,192
percentile,TKO,2018-04-10,38.68000031,98.93617021276596,2018-04-11,38.52000046,254478.6760708424,254478.6760708424,False,34.668000414,19605.037438618077,9822123.756747657,2018-10-10,2018-10-11,82.33000183,EXIT_MA,41902.45973321687,11087203.650127558,112.87990178815257,113.7331278474237,128,183
percentile,TPL,2018-05-01,65.64221954,98.30148619957538,2018-05-02,65.67444611,152163.2076985117,152163.2076985117,False,59.107001499000006,19986.46876784129,10013220.852688484,2018-10-10,2018-10-11,88.57333374,EXIT_MA,26955.205156858425,3437426.52058387,34.32887949995573,34.86727180256075,113,162
percentile,AMD,2018-07-27,18.94000053,98.30508474576271,2018-07-30,19.39999962,635473.4391965913,635473.4391965913,False,17.459999658,24656.36895786793,12352840.847891832,2018-10-10,2018-10-11,24.73999977,EXIT_MA,31443.225479129556,3337328.666193817,27.016689580060234,27.525774508236832,52,73
percentile,TMO,2018-07-31,234.5299988,78.38983050847457,2018-08-01,234.1600037,37607.51087069097,50044.29660751779,True,210.74400333,17612.349769257577,8823787.234398045,2018-10-10,2018-10-11,230.9499969,EXIT_MA,17370.90903800559,-155703.62443325482,-1.764589515783773,-1.3708604156466353,50,71
percentile,AAPL,2018-08-17,54.39500046,86.86440677966102,2018-08-20,54.52500153,203009.63293804004,220319.7488830154,True,49.072501377,22138.201093102743,11091238.747644473,2018-10-10,2018-10-11,53.63000107,EXIT_MA,21774.81366337479,-225606.72962045297,-2.0340985777478346,-1.6414496742518492,37,52
percentile,HPQ,2018-10-04,26.42000008,82.62711864406779,2018-10-05,26.27000046,398151.8427187929,482735.50329236704,True,23.643000414,20918.898182745073,10480367.98955528,2018-10-10,2018-10-11,24.06999969,EXIT_MA,19167.02946162855,-916020.2882026341,-8.74034470083053,-8.374574539310832,4,6
percentile,J,2018-08-06,59.81124496,87.71186440677965,2018-08-07,60.94443893,50380.73701740199,200237.25695448188,True,54.849995037,6140.851500810892,3076566.6019062568,2018-10-11,2018-10-12,60.66320801,EXIT_MA,6112.514258767527,-26421.986781260464,-0.8588140677627217,-0.4614546051084578,47,66
percentile,BA,2018-10-03,392.2999878,88.34745762711864,2018-10-04,390.7399902,33192.00496352163,33192.00496352163,False,351.66599118000005,25938.887388329586,12995382.581553122,2018-10-19,2018-10-22,357.8500061,EXIT_MA,23755.518357334888,-1141378.9212430138,-8.782957439538528,-8.417358070558723,12,18
percentile,HSIC,2018-10-05,69.36470795,80.9322033898305,2018-10-08,69.44313812,170758.16847787044,181948.87896985238,True,62.498824308,23715.966157453975,11881699.04488444,2018-10-19,2018-10-22,64.70587921,EXIT_MA,22098.11484729983,-854739.7360818256,-7.193750092919801,-6.821781155416473,10,14
percentile,UNH,2018-10-16,272.5700073,86.22881355932203,2018-10-17,270.1900024,43768.8514776886,43768.8514776886,False,243.17100216000003,23651.812171603855,11849557.897973532,2018-10-22,2018-10-23,259.7200012,EXIT_MA,22735.292316615814,-504647.0319822412,-4.25878362996601,-3.8750512998255937,4,6
percentile,TRGP,2018-10-03,58.38000107,79.87288135593221,2018-10-04,58.33000183,80724.38751054481,223042.5300375397,True,52.497001647000005,9417.307342431417,4718070.97855814,2018-10-23,2018-10-24,54.11000061,EXIT_MA,8735.993314874911,-358810.3144355593,-7.605021545165755,-7.234700990236542,14,20
percentile,LLY,2018-10-04,112.9899979,95.12711864406779,2018-10-05,114.0899963,112876.11534333146,112876.11534333146,False,102.68099667,25756.07116375812,12903791.653042817,2018-10-24,2018-10-25,106.4300003,EXIT_MA,24026.809979707203,-914413.4731689226,-7.086393656652823,-6.713994432831782,14,20
percentile,DG,2018-10-16,110.9499969,85.38135593220339,2018-10-17,110.6900024,107526.60207407539,107526.60207407539,False,99.62100216,23804.2396832865,11925924.081326537,2018-10-26,2018-10-29,108.8000031,EXIT_MA,23397.78927798374,-250427.23161265254,-2.0998559935893635,-1.7074706468702683,8,12
percentile,WDAY,2018-11-07,144.2400055,80.72033898305084,2018-11-08,144.2299957,81541.34986410581,81541.34986410581,False,129.80699613,23521.417080544354,11784229.95735272,2018-11-12,2018-11-13,133.5500031,EXIT_MA,21779.69505425903,-916162.1252774633,-7.7744759614592205,-7.404834582547237,3,5
percentile,V,2018-11-07,144.7799988,78.8135593220339,2018-11-08,144.6000061,26716.31659738706,81237.2209584246,True,130.14000549,7726.359085903401,3870905.902037604,2018-11-12,2018-11-13,140.3500061,EXIT_MA,7499.27039482561,-128769.97501962446,-3.326610831636111,-2.93914233797532,3,5
percentile,PGR,2018-11-07,73.12000275,94.0677966101695,2018-11-08,72.73999786,160852.35654447574,160852.35654447574,False,65.465998074,23400.80014164225,11723800.870962765,,2018-11-14,65.465998074,STOP,21060.72012747802,-1214501.527351234,-10.35928143712576,-10.000000000000009,5,6
percentile,HUM,2018-11-07,353.980011,91.3135593220339,2018-11-08,353.0,33226.52236675603,33226.52236675603,False,317.7,23457.92479092976,11752420.320255809,2018-11-14,2018-11-15,319.7099915,EXIT_MA,21245.70236690026,-1150814.8391725793,-9.792151810543228,-9.430597308781874,5,7
percentile,UNH,2018-11-07,274.6300049,82.83898305084746,2018-11-08,276.0,42826.801671429625,42826.801671429625,False,248.4,23640.394522629154,11843837.655837206,2018-11-14,2018-11-15,264.0,EXIT_MA,22612.55128251484,-560174.5658623017,-4.729671092597433,-4.347826086956519,5,7
percentile,DXCM,2018-11-07,36.16249847,100.0,2018-11-08,35.90000153,325240.93330092425,325240.93330092425,False,32.310001377,23352.30000624362,11699502.303128053,,2018-11-19,32.310001377,STOP,21017.070005619255,-1211984.3703240454,-10.359281437125762,-9.999999999999998,8,11
percentile,CRL,2018-11-07,136.2299957,89.61864406779661,2018-11-08,136.3600006,86335.79332100094,86335.79332100094,False,122.72400054,23545.497658106327,11796294.32671127,2018-11-19,2018-11-20,123.75,EXIT_MA,21368.108846947733,-1133608.01208435,-9.609865443230191,-9.247580334786242,8,12
percentile,CIEN,2018-11-07,34.72999954,98.72881355932203,2018-11-08,34.61000061,338656.05841226125,338656.05841226125,False,31.149000549,23441.772776457117,11744328.161005015,,2018-11-20,31.03000069,STOP,21016.995452410298,-1256847.4302522764,-10.70173970806962,-10.343830849184144,9,12
percentile,IQV,2018-12-03,127.3799973,87.28813559322035,2018-12-04,127.1900024,88981.72420769485,88981.72420769485,False,114.47100216,22635.17143106569,11340220.886963911,2018-12-04,2018-12-06,121.3499985,EXIT_MA,21595.864198262367,-563884.6520309895,-4.972430939852327,-4.591558919571181,1,2
percentile,RVTY,2018-12-03,90.59999847,78.8135593220339,2018-12-04,90.70999908,125104.76799929148,125104.76799929148,False,81.638999172,22696.506780238687,11370949.896899583,2018-12-04,2018-12-06,84.79000092,EXIT_MA,21215.266787512624,-784531.7699307837,-6.899439158945683,-6.526290618500585,1,2
percentile,MOS,2018-11-07,36.59999847,96.82203389830508,2018-11-08,36.5,321353.1487580973,321353.1487580973,False,32.85,23458.779859341103,11752848.709529893,2018-12-07,2018-12-10,33.41999817,EXIT_MA,21479.2432868387,-1034706.3093973827,-8.803876702321393,-8.438361178082188,20,32
percentile,ELV,2018-11-07,289.9400024,89.83050847457628,2018-11-08,289.0100098,40565.374406839845,40565.374406839845,False,260.10900882,23447.598509722902,11747246.853371175,2018-12-10,2018-12-11,279.75,EXIT_MA,22696.326980626895,-421779.69003835507,-3.590455664233484,-3.2040446648917364,21,33
percentile,CDW,2018-12-03,95.97000122,92.16101694915254,2018-12-04,95.55999756,118104.52896986547,118104.52896986547,False,86.00399780400001,22572.13700037059,11308640.637185665,,2018-12-17,86.00399780400001,STOP,20314.92330033353,-1171493.9103192333,-10.359281437125746,-9.999999999999986,9,13
percentile,STE,2018-11-07,119.8899994,88.98305084745762,2018-11-08,119.8300018,98102.63417914444,98102.63417914444,False,107.84700162,23511.27766054324,11779150.107932163,2018-12-17,2018-12-18,111.6500015,EXIT_MA,21906.31850651086,-847897.1731832456,-7.1982882076718395,-6.8263374590051935,26,40
percentile,CME,2018-11-07,188.6900024,90.04237288135593,2018-11-08,188.6199951,62332.52744330902,62332.52744330902,False,169.75799559,23514.322041855132,11780675.34296942,2018-12-18,2018-12-19,182.5500031,EXIT_MA,22757.606156013793,-424629.8711185362,-3.6044611939157694,-3.218106328961523,27,41
percentile,MRK,2018-11-07,71.64122009,92.79661016949152,2018-11-08,71.45992279,164172.5913950169,164172.5913950169,False,64.313930511,23463.52141064425,11755224.22673277,2018-12-19,2018-12-20,70.08587646,EXIT_MA,23012.359917258425,-272056.62802081555,-2.314346564331173,-1.9228208992583484,28,42
percentile,WDAY,2018-12-03,167.8000031,96.82203389830508,2018-12-04,165.2299957,67547.6256253151,67547.6256253151,False,148.70699613,22321.787783232045,11183215.679399254,,2018-12-20,148.70699613,STOP,20089.60900490884,-1158500.7859497424,-10.359281437125743,-9.999999999999998,12,16
percentile,DELL,2018-11-07,27.46378326,88.5593220338983,2018-11-08,27.47500992,428255.8102621745,428255.8102621745,False,24.727508928000002,23532.665270501766,11789865.300521385,,2018-12-24,22.8724556,STOP,19590.524011327223,-2014193.818869101,-17.084112222893904,-16.75178401537044,31,46
percentile,CASY,2019-02-26,136.9499969,89.85200845665962,2019-02-27,137.1999969,77645.38461249476,77645.38461249476,False,123.47999721000001,21305.89305626718,10674252.421189858,2019-03-08,2019-03-11,129.0,EXIT_MA,20032.50923002365,-678030.3154080566,-6.352016878128845,-5.976674260405912,8,12
percentile,CIEN,2019-02-19,41.79000092,99.36575052854123,2019-02-20,41.79000092,252788.95053911224,252788.95053911224,False,37.611000828,21128.10095119067,10585178.576546526,2019-03-18,2019-03-19,39.34000015,EXIT_MA,19889.434704254036,-660350.6591237616,-6.238446090903879,-5.862648279644967,19,27
percentile,INCY,2019-02-14,83.41999817,92.81183932346723,2019-02-15,82.05000305,126366.99442654627,126366.99442654627,False,73.845002745,20736.824556234908,10389149.102673689,2019-04-04,2019-04-05,83.62000275,EXIT_MA,21133.616842914067,156525.70194043033,1.5066267736993766,1.913466961169119,34,49
percentile,LLY,2019-02-15,122.4800034,96.82875264270614,2019-02-19,121.3099976,86240.2795246275,86240.2795246275,False,109.17899784000001,20923.616204311784,10482731.718360204,2019-04-12,2019-04-15,123.7699966,EXIT_MA,21347.918207092393,169879.46697890013,1.6205648636543957,2.027861716815327,39,55
percentile,WEC,2019-02-22,76.63999939,83.72093023255815,2019-02-25,76.66000366,138613.50058084223,138613.50058084223,False,68.99400329400001,21252.222923705554,10647363.684776483,2019-04-16,2019-04-17,76.44000244,EXIT_MA,21191.23264523304,-72938.59480519406,-0.6850390102620529,-0.2869830543913654,37,51
percentile,EXC,2019-02-21,34.58630371,83.72093023255815,2019-02-22,34.6647644,305068.9633615706,305068.9633615706,False,31.198287960000002,21150.287481362157,10596294.02816244,2019-04-17,2019-04-18,34.95006943,EXIT_MA,21324.36290085004,44563.05936172977,0.4205532542159713,0.8230404416076142,39,55
percentile,AWK,2019-03-11,104.0299988,90.9090909090909,2019-03-12,104.1699982,102397.82295003462,102397.82295003462,False,93.75299838,21333.56206477805,10688114.594453802,2019-04-17,2019-04-18,102.7900009,EXIT_MA,21050.9446263842,-183693.22588808648,-1.718668192268515,-1.3247550387305296,27,37
percentile,EW,2019-03-18,63.63000107,94.9260042283298,2019-03-19,64.04000092,154669.2339063671,169726.59378372598,True,57.636000828,19810.03576331889,9924827.917422764,2019-04-17,2019-04-18,59.33666611,EXIT_MA,18355.113379583192,-765626.3410107512,-7.714253056888927,-7.3443703036099155,22,30
percentile,KEYS,2019-02-21,81.75,99.57716701902748,2019-02-22,84.13999939,129066.76231581828,129066.76231581828,False,75.725999451,21719.35460504445,10881396.65712727,2019-04-26,2019-04-29,86.27999878,EXIT_MA,22271.760190294703,232211.67782978527,2.134024566393208,2.543379374274557,45,66
percentile,ZBRA,2019-02-14,196.4700012,96.19450317124736,2019-02-15,198.6499939,53654.67694520933,53654.67694520933,False,178.78499451,21317.002495744608,10679818.25036805,2019-04-30,2019-05-01,212.2599945,EXIT_MA,22777.48286657882,686145.7000547796,6.424694540388209,6.851246422313628,51,75
percentile,PGR,2019-04-16,77.26000214,86.89217758985201,2019-04-17,77.25,136612.53660925772,143304.34041999246,True,69.525,21106.63690613032,10574425.089971289,2019-05-07,2019-05-08,72.54000092,EXIT_MA,19819.747062638176,-684371.3057148401,-6.4719481190886965,-6.097086187702272,14,21
percentile,AZO,2019-02-26,935.0,93.65750528541226,2019-02-27,900.0,11372.764900513865,11372.764900513865,False,810.0,20470.976820924956,10255959.387283403,2019-05-09,2019-05-10,1000.030029,EXIT_MA,22746.212826542123,1094400.813161116,10.670877017298727,11.11444766666667,51,72
percentile,AEP,2019-03-11,82.59999847,86.89217758985201,2019-03-12,82.98999786,14970.272741951401,128964.23239624685,True,74.690998074,2484.765805636326,1244867.6686237995,2019-05-09,2019-05-10,82.98999786,EXIT_MA,2484.765805636326,-4969.5316112726,-0.39920159680638295,0.0,42,59
percentile,FAST,2019-04-12,17.42749977,92.38900634249472,2019-04-15,17.34000015,613111.2108648038,638872.770903093,True,15.606000135000002,21262.696976724757,10652611.185339104,2019-05-10,2019-05-13,16.02750015,EXIT_MA,19653.28004820465,-845624.4412849844,-7.938189299998051,-7.569204086771586,19,28
percentile,ECL,2019-02-19,167.3099976,80.76109936575054,2019-02-20,165.6600037,63140.58111967444,63140.58111967444,False,149.09400333000002,20919.737803810836,10480788.639709229,2019-05-13,2019-05-14,178.8699951,EXIT_MA,22587.910870974643,790578.8849071171,7.5431240156089086,7.974158580801727,58,83
percentile,DHR,2019-02-27,112.0478745,93.44608879492601,2019-02-28,111.7996445,95068.0100762462,95068.0100762462,False,100.61968005,21257.139459693484,10649826.869306436,2019-05-13,2019-05-14,115.1418457,EXIT_MA,21892.61229441037,274586.66560433805,2.5783204644923994,2.9894560174563045,52,75
percentile,LYV,2019-03-01,61.04000092,93.23467230443974,2019-03-04,61.49000168,175812.92400539425,175812.92400539425,False,55.341001512,21621.47398491481,10832358.466442319,2019-05-13,2019-05-14,63.49000168,EXIT_MA,22324.725680936386,307679.6483449377,2.840375429765382,3.2525613032313716,50,71
percentile,TDY,2019-04-04,244.3300018,76.32135306553911,2019-04-05,244.8699951,42980.46213954902,44728.673340663794,True,220.38299559,21049.25110701421,10545674.80461412,2019-05-13,2019-05-14,241.3399963,EXIT_MA,20745.8091474621,-193516.04003053159,-1.8350275692728666,-1.4415807859833651,26,39
percentile,CDNS,2019-02-19,52.63999939,92.81183932346723,2019-02-20,57.0,200684.85178596302,200684.85178596302,False,51.300000000000004,22878.073103599785,11461914.62490349,2019-05-20,2019-05-21,65.40000153,EXIT_MA,26249.579227699607,1636625.409718614,14.278813472948848,14.736844789473679,63,90
percentile,SNPS,2019-05-16,123.1699982,96.19450317124736,2019-05-17,123.5,86884.39836895585,86884.39836895585,False,111.15,21460.446397132095,10751683.644963179,2019-05-20,2019-05-21,116.3899994,EXIT_MA,20224.950148064265,-659433.5210791118,-6.133304725609514,-5.757085506072879,2,4
percentile,UNP,2019-04-18,176.6600037,82.4524312896406,2019-04-22,176.7100067,61915.87714520644,61915.87714520644,False,159.03900603000002,21882.310130331614,10963037.375296138,2019-05-28,2019-05-29,169.4400024,EXIT_MA,20982.052744163768,-492993.0559584182,-4.49686559556312,-4.114087501757768,26,37
percentile,HON,2019-04-18,167.1109009,78.01268498942918,2019-04-22,166.3102417,49800.15129133451,65453.89335257253,True,149.67921753000002,16564.550395916816,8298839.748354326,2019-05-28,2019-05-29,161.8324738,EXIT_MA,16118.563358181857,-255676.6326215798,-3.0808720300001085,-2.6924186112826765,26,37
percentile,GIS,2019-05-23,53.43000031,88.16067653276956,2019-05-24,53.45000076,41574.701991280184,195505.71988398052,True,48.105000684000004,4444.335706061399,2226612.1887367605,2019-05-28,2019-05-29,49.04999924,EXIT_MA,4078.4782021510387,-191451.56586339232,-8.598334583446697,-8.2319952430998,2,5
percentile,NOW,2019-05-16,55.59199905,98.73150105708245,2019-05-17,55.14199829,192501.64364636882,192501.64364636882,False,49.627798461,21229.850609540514,10636155.155379798,,2019-06-03,49.627798461,STOP,19106.865548586466,-1101829.246635152,-10.359281437125741,-9.999999999999998,11,17
percentile,VRSN,2019-04-26,199.8600006,96.19450317124736,2019-04-29,199.5500031,55095.89308309954,55095.89308309954,False,179.59500279,21988.771271059562,11016374.40680084,2019-06-03,2019-06-04,190.6999969,EXIT_MA,21013.573280299628,-530601.339931326,-4.816478819054707,-4.434981740173171,25,36
percentile,MA,2019-04-30,254.2400055,91.5433403805497,2019-05-01,254.8999939,1739.4045798013492,43117.0334107687,True,229.40999451,886.7484335619919,444260.96521455795,2019-06-03,2019-06-04,245.1300049,EXIT_MA,852.7605063395744,-18733.472551110375,-4.2167721267302785,-3.8328714138113673,23,34
percentile,WDAY,2019-05-16,212.0,98.30866807610994,2019-05-17,210.5299988,50479.01505053007,50479.01505053007,False,189.47699892,21254.693956026553,10648601.671969304,2019-06-03,2019-06-04,193.5200043,EXIT_MA,19537.398419276687,-899439.8607502356,-8.446553720925287,-8.07960604044804,11,18
percentile,ARE,2019-05-15,145.5399933,74.20718816067652,2019-05-16,145.6000061,73060.76277522315,73060.76277522315,False,131.04000549,21275.295011486287,10658922.800754631,2019-06-25,2019-06-26,142.4299927,EXIT_MA,20812.087817462932,-273690.97984062694,-2.5677170663179036,-2.177206914279095,28,41
percentile,TMUS,2019-05-20,78.29000092,86.04651162790698,2019-05-21,78.16000366,133665.3309730591,133665.3309730591,False,70.344003294,20894.565516138824,10468177.32358555,2019-06-25,2019-06-26,74.27999878,EXIT_MA,19857.321243214254,-559374.0232216362,-5.343566563028376,-4.964182060275002,25,36
percentile,PGR,2019-06-04,81.81999969,91.9661733615222,2019-06-05,81.87999725,112797.90030325782,127111.27500888561,True,73.691997525,18471.78353327305,9254363.550169798,2019-07-17,2019-07-18,80.05000305,EXIT_MA,18058.94452661877,-242950.2313870322,-2.625250564989686,-2.234971008135933,30,43
percentile,PEP,2019-04-17,127.0100021,75.05285412262155,2019-04-18,128.2299957,85943.71172766773,85943.71172766773,False,115.40699613,22041.123570561744,11042602.908851434,2019-07-19,2019-07-22,130.4900055,EXIT_MA,22429.59083206755,149762.91635027528,1.3562283963885873,1.7624657847508551,64,95
percentile,AWK,2019-05-13,110.6900024,91.5433403805497,2019-05-14,110.8300018,95454.56925459394,95454.56925459394,False,99.74700162,21158.460164609744,10600388.542469481,2019-07-19,2019-07-22,115.75,EXIT_MA,22097.7327824385,426380.1159673296,4.02230648677713,4.439229558868418,47,69
percentile,TT,2019-04-30,95.12024689,91.75475687103594,2019-05-01,95.42280579,115244.38981087173,115244.38981087173,False,85.880525211,21993.886054619732,11018936.913364487,2019-07-25,2019-07-26,95.15128326,EXIT_MA,21931.303158040228,-75216.6375024151,-0.682612470638501,-0.28454678915807996,60,86
percentile,CHTR,2019-06-04,387.6700134,94.5031712473573,2019-06-05,389.0599976,26827.570155887963,26827.570155887963,False,350.15399784,20875.068760927203,10458409.44922453,2019-07-29,2019-07-30,391.6700134,EXIT_MA,21015.10952489216,28130.203696656972,0.26897210166831603,0.6708517493704047,38,55
percentile,VEEV,2019-05-30,154.3000031,100.0,2019-05-31,152.3999939,66403.75503545879,67382.75345891103,True,137.15999451,20239.863724682025,10140171.726065695,2019-07-30,2019-07-31,162.3899994,EXIT_MA,21566.611480731797,621567.4028194714,6.129752233107738,6.5551219815370265,42,61
percentile,IEX,2019-06-27,169.5899963,79.28118393234672,2019-06-28,170.4499969,56630.72172256177,62147.81725451441,True,153.40499721,19305.412684110837,9672011.754739529,2019-08-02,2019-08-05,158.9299927,EXIT_MA,18000.64037992495,-689692.2051569782,-7.130804042075442,-6.75858281579117,25,38
percentile,AMAT,2019-07-22,50.72999954,90.69767441860465,2019-07-23,50.63999939,213002.46559878468,213002.46559878468,False,45.575999451,21572.889455981902,10808017.617446933,,2019-08-05,45.575999451,STOP,19415.600510383716,-1119632.962765459,-10.359281437125732,-9.999999999999998,10,13
percentile,CINF,2019-05-16,97.15000153,91.75475687103594,2019-05-17,97.44999695,15298.708275134972,110154.92560139309,True,87.704997255,2981.7181495016857,1493840.7929003444,2019-08-05,2019-08-06,104.3899994,EXIT_MA,3194.064295324229,99997.29046644596,6.693972406008389,7.1216035579362735,55,81
percentile,ARES,2019-05-28,26.68000031,90.27484143763213,2019-05-29,26.60000038,390504.56167325587,390504.56167325587,False,23.940000342,20774.84297780068,10408196.33187814,2019-08-05,2019-08-06,26.79000092,EXIT_MA,20923.23513298144,32497.999479599297,0.31223468930985365,0.7142877341567822,48,69
percentile,APD,2019-06-04,213.6499939,96.19450317124736,2019-06-05,214.8999939,48678.889673595855,48678.889673595855,False,193.40999451,20922.186187829044,10482015.280102352,2019-08-05,2019-08-06,221.0,EXIT_MA,21516.069235729366,254503.26852660254,2.427999403985962,2.8385324677294044,43,62
percentile,FSLR,2019-06-27,65.47000122,96.82875264270614,2019-06-28,65.84999847,160984.3882976206,160984.3882976206,False,59.264998623000004,21201.643446184407,10622023.366538389,2019-08-05,2019-08-06,62.68000031,EXIT_MA,20181.003016800038,-551702.8611551691,-5.1939526219943115,-4.81396846416663,26,39
percentile,LYV,2019-07-25,72.52999878,90.48625792811839,2019-07-26,73.72000122,148153.50436881665,149080.59844756653,True,66.348001098,21843.75304563288,10943720.275862072,2019-08-28,2019-08-29,69.5,EXIT_MA,20593.337107265514,-667645.0593365803,-6.1007138569611135,-5.724364012700434,24,34
percentile,MSI,2019-05-22,152.6300049,89.64059196617336,2019-05-23,151.3800049,69197.05513296409,69197.05513296409,False,136.24200441,20950.101090187345,10496000.64618386,2019-09-09,2019-09-10,170.6199951,EXIT_MA,23612.80241544153,1286787.7591214627,12.259791157590234,12.709730200306012,75,110
percentile,CTAS,2019-07-17,65.09249878,95.9830866807611,2019-07-18,65.0,138360.40716693943,166099.2435424255,True,58.5,17986.852931702128,9011413.318782765,2019-09-09,2019-09-10,63.38750076,EXIT_MA,17540.64082889657,-258633.54516337812,-2.8700663926301138,-2.480768061538463,37,54
percentile,TSN,2019-08-05,83.83000183,97.47368421052632,2019-08-06,84.52999878,123804.62820235519,123804.62820235519,False,76.076998902,20930.410141806875,10486135.481045244,2019-09-09,2019-09-10,83.02999878,EXIT_MA,20558.996257199808,-227196.34870253876,-2.166635641063567,-1.7745179482421825,24,35
percentile,BALL,2019-05-10,64.30999756,98.30866807610994,2019-05-13,63.25,167496.6110013827,167496.6110013827,False,56.925000000000004,21188.32129167491,10615348.967129132,2019-09-10,2019-09-11,71.44000244,EXIT_MA,23931.916597261024,1326677.4149041194,12.497727762056915,12.948620458498027,84,121
percentile,CMG,2019-07-29,16.18059921,99.78902953586498,2019-07-30,16.06399918,651494.5823129137,666782.8740943843,True,14.457599262,20931.21687209818,10486539.652921187,2019-09-10,2019-09-11,15.85999966,EXIT_MA,20665.407707949307,-174501.20665448345,-1.6640494617866959,-1.2699173955012633,30,43
percentile,SBAC,2019-07-30,248.4299927,97.8902953586498,2019-07-31,248.6600037,43192.54585317069,43540.439713321415,True,223.79400333,21480.517223323688,10761739.128885169,2019-09-10,2019-09-11,239.6699982,EXIT_MA,20703.914773765675,-430485.6567760967,-4.000149526210375,-3.615380586435657,29,42
percentile,TDG,2019-08-06,524.3900146,96.21052631578947,2019-08-07,526.8699951,20094.248263052297,20094.248263052297,False,474.18299559,21174.112967785095,10608230.596860332,2019-09-10,2019-09-11,503.4400024,EXIT_MA,20232.496787554493,-512214.6998706404,-4.828464984747203,-4.447015946609934,24,35
percentile,HSY,2019-05-13,127.0699997,95.13742071881607,2019-05-14,126.8700027,83149.96871666767,83149.96871666767,False,114.18300243,21098.473511177086,10570335.229099719,2019-09-13,2019-09-16,147.5500031,EXIT_MA,24537.556283818434,1673905.35652568,15.835877673183763,16.300149727986103,86,125
percentile,ZTS,2019-07-22,115.9400024,90.9090909090909,2019-07-23,115.6200027,93200.05829019383,93200.05829019383,False,104.05800243,21551.58198230474,10797342.573134674,2019-09-16,2019-09-17,120.0699997,EXIT_MA,22381.06194188711,370807.33586699516,3.4342462819473436,3.8488123993098533,39,56
percentile,NVR,2019-09-09,3766.27002,95.36842105263158,2019-09-10,3753.0,2840.0618275380302,2840.0618275380302,False,3377.7000000000003,21317.504077500456,10680069.542827727,2019-09-23,2019-09-24,3503.77002,EXIT_MA,19901.846972548323,-749047.9035261143,-7.01351148063584,-6.640820143884896,10,14
percentile,FSLR,2019-09-17,65.81999969,88.42105263157895,2019-09-18,65.59999847,157329.07161415135,157329.07161415135,False,59.039998623,20641.5737143497,10341428.430889199,2019-09-26,2019-09-27,62.47000122,EXIT_MA,19656.694591355004,-532737.8298030514,-5.151491724410111,-4.771337382624186,7,9
percentile,BX,2019-09-12,52.24000168,98.94736842105263,2019-09-13,52.40000153,17756.03675175608,199456.6873339349,True,47.160001377,1860.8327059175099,932277.1856646724,2019-09-30,2019-10-01,49.5,EXIT_MA,1757.847638423852,-55111.21409117035,-5.9114622709423585,-5.534353903290812,12,18
percentile,UHS,2019-09-10,155.3699951,90.10526315789474,2019-09-11,154.5899963,67263.24960972833,67263.24960972833,False,139.13099667,20796.45101658776,10419021.959310466,2019-10-01,2019-10-02,146.2400055,EXIT_MA,19673.15598574909,-602117.1224216707,-5.7790176925735075,-5.401378484928521,15,21
percentile,NOC,2019-08-07,361.4200134,93.47368421052632,2019-08-08,364.5499878,29397.831325160434,29397.831325160434,False,328.09498902,21433.95810186739,10738413.009035561,2019-10-02,2019-10-03,362.3399963,EXIT_MA,21304.02018717331,-107706.93563607894,-1.003006082420668,-0.6062245436728508,39,56
percentile,GIS,2019-09-09,55.59000015,82.3157894736842,2019-09-10,55.25,170526.78614019876,192416.61606656594,True,49.725,18843.209868491962,9440448.144114474,2019-10-02,2019-10-03,53.20000076,EXIT_MA,18144.050304517867,-386567.0421600584,-4.094795461601668,-3.7104058642533855,17,23
percentile,OKE,2019-09-16,75.83000183,78.10526315789474,2019-09-17,75.97000122,136094.33181198812,136094.33181198812,False,68.373001098,20678.173107583647,10359764.726899406,2019-10-07,2019-10-08,70.19999695,EXIT_MA,19107.64335622771,-825050.6921417806,-7.963990630014159,-7.59510882893204,15,21
percentile,PODD,2019-08-06,143.1300049,100.0,2019-08-07,141.1000061,73619.94535946543,73619.94535946543,False,126.99000549,20775.54947860448,10408550.288780846,2019-10-14,2019-10-15,154.5200043,EXIT_MA,22751.50854702073,944452.476182498,9.073813835539644,9.510983430070885,48,69
percentile,CSGP,2019-10-11,61.41199875,98.3157894736842,2019-10-14,61.40000153,167885.7484304343,167885.7484304343,False,55.260001377,20616.37042098772,10328801.58091485,2019-10-14,2019-10-15,60.38199997,EXIT_MA,20274.554513379822,-211798.87873831764,-2.0505658578016566,-1.6579829554281056,1,1
percentile,MKC,2019-10-01,83.47499847,72.0,2019-10-02,82.83000183,121095.55363324517,123680.86144849648,True,74.547001647,20060.68985809312,10050405.618904654,2019-10-15,2019-10-16,80.73000336,EXIT_MA,19552.088903385884,-293913.25611509755,-2.924391982371849,-2.535311389114814,10,14
percentile,CCI,2019-10-18,144.0599976,88.8421052631579,2019-10-21,144.0500031,72284.83757810616,72284.83757810616,False,129.64500279,20825.26215441838,10433456.339363609,2019-10-22,2019-10-23,141.0,EXIT_MA,20384.324197025937,-261678.56504766643,-2.50807169298633,-2.117322481334949,2,2
percentile,SRE,2019-09-30,73.80500031,83.36842105263158,2019-10-01,73.71499634,141511.13508735644,141511.13508735644,False,66.343496706,20862.98561006745,10452355.790643793,2019-10-28,2019-10-29,70.59999847,EXIT_MA,19981.371841310658,-481651.2418297753,-4.608063975978652,-4.225731567064739,20,28
percentile,MCK,2019-10-17,150.5099945,78.10526315789474,2019-10-18,149.6399994,68908.43231369996,68908.43231369996,False,134.67599945999999,20622.915540154005,10332080.685617154,2019-10-30,2019-10-31,135.4499969,EXIT_MA,18667.29388654904,-1017101.0362291839,-9.844106595538365,-9.48276032938823,9,13
percentile,EQIX,2019-09-23,581.710022,95.36842105263158,2019-09-24,582.210022,17023.408849564552,17774.7289981426,True,523.9890198,19822.398481639946,9931021.639301611,2019-11-01,2019-11-04,560.6699829,EXIT_MA,19089.028697170135,-405596.3194137141,-4.0841348870752965,-3.699702561973406,29,41
percentile,T,2019-09-11,29.25981903,89.89473684210526,2019-09-12,28.98036385,356517.7543204142,356517.7543204142,False,26.082327465,20664.028478381028,10352678.267668894,2019-11-19,2019-11-20,28.01359558,EXIT_MA,19974.688373243764,-385308.769420255,-3.7218269462073676,-3.3359424850699315,49,69
percentile,KLAC,2019-09-18,15.79800034,99.78947368421053,2019-09-19,15.86100006,170593.6419565114,657707.872118296,True,14.274900054,5411.571530615691,2711197.3368384615,2019-11-21,2019-11-22,16.04700089,EXIT_MA,5475.03264860896,20843.95481740916,0.7688099473318082,1.1726929531327368,46,64
percentile,LEN,2019-10-02,55.97289276,94.3157894736842,2019-10-03,56.11810303,181456.5334227956,181456.5334227956,False,50.506292727,20365.992876174165,10203362.430963255,2019-12-02,2019-12-03,56.49564362,EXIT_MA,20503.007289549758,27638.206522073597,0.2708735155599524,0.6727607841593874,42,61
percentile,COST,2019-08-28,294.4899902,93.89473684210526,2019-08-29,297.480011,34474.80068954547,37148.137616552136,True,267.7320099,20511.128176697584,10276075.216525491,2019-12-03,2019-12-04,296.0400085,EXIT_MA,20411.84057833769,-90566.7679349836,-0.881336171900907,-0.484066978201092,67,97
percentile,BF-B,2019-09-09,63.56000137,85.89473684210527,2019-09-10,63.29999924,168288.85282327197,168288.85282327197,False,56.969999316,21305.368511627174,10673989.624325214,2019-12-05,2019-12-06,63.68000031,EXIT_MA,21433.268399911005,21211.30723037757,0.19871957887272634,0.6003176533371457,62,87
percentile,PHM,2019-10-22,39.43000031,99.1578947368421,2019-10-23,39.5,256999.36264978757,263698.13836978463,True,35.550000000000004,20302.949649333215,10171777.774315942,2019-12-18,2019-12-19,38.79999924,EXIT_MA,19943.150150984486,-220145.84897468425,-2.1642809532327716,-1.7721538227848166,40,57
percentile,AIZ,2019-08-07,117.8899994,84.42105263157896,2019-08-08,118.3600006,78170.34274036184,90126.08911312307,True,106.52400054,18504.483627302867,9270746.297278736,2019-12-23,2019-12-24,128.3099976,EXIT_MA,20060.07297881401,739230.1191494558,7.973792998374292,8.406553691754537,96,138
percentile,NDSN,2019-12-06,167.6600037,91.36842105263158,2019-12-09,167.3699951,61460.278353036425,62402.53691677748,True,150.63299559,20573.212973584687,10307179.699765928,2020-01-07,2020-01-08,163.0,EXIT_MA,20036.050743089872,-309190.3789640814,-2.9997573339203836,-2.6109788062006145,20,30
percentile,GRMN,2019-10-30,96.34999847,96.84210526315789,2019-10-31,95.25,97599.8622114089,107358.98228381552,True,85.72500000000001,18592.773751273395,9314979.64938797,2020-01-10,2020-01-13,96.97000122,EXIT_MA,18928.517515424304,130350.59080875665,1.3993652773822343,1.8057755590551228,49,74
percentile,TGT,2019-11-21,127.6500015,98.94736842105263,2019-11-22,127.9499969,21309.794306255448,81738.29513875756,True,115.15499721,5453.176230850045,2732041.2916558725,2020-01-15,2020-01-16,117.1399994,EXIT_MA,4992.458584497773,-240804.45799148362,-8.814085596983551,-8.448610990157835,36,55
percentile,FERG,2019-10-17,81.61000061,74.52631578947368,2019-10-18,81.61000061,127085.01030531489,127085.01030531489,False,73.449000549,20742.81553707721,10392150.584075682,2020-01-27,2020-01-28,89.59999847,EXIT_MA,22773.6334578323,971892.5113826357,9.35217887308048,9.790464159144928,68,102
percentile,JBL,2019-09-10,31.63999939,83.78947368421052,2019-09-11,31.62999916,330299.9672489427,330299.9672489427,False,28.466999244,20894.775373264172,10468282.462005349,2020-01-30,2020-01-31,39.65999985,EXIT_MA,26199.393303096145,2605214.7962396275,24.88674532517879,25.387293402634413,98,142
percentile,APO,2019-12-06,44.65000153,97.05263157894737,2019-12-09,44.52000046,234320.4750693387,234320.4750693387,False,40.068000414,20863.895315748756,10452811.553190127,2020-01-30,2020-01-31,46.0,EXIT_MA,21557.48370637916,304372.8162930738,2.9118750945068106,3.3243475397753963,36,53
percentile,ZBH,2019-12-04,144.0485382,78.3157894736842,2019-12-05,143.1553345,72166.75988677617,72166.75988677617,False,128.83980105,20662.11330274525,10351718.76467537,2020-01-31,2020-02-03,144.4466095,EXIT_MA,20848.487568490844,51676.53200156242,0.49920726380150066,0.9020096977245373,39,60
percentile,GNRC,2019-07-23,73.0,96.40591966173362,2019-07-24,72.61000061,8436.154655302595,148428.8939382986,True,65.349000549,1225.0983893351515,613774.293056911,2020-02-07,2020-02-10,106.2699966,EXIT_MA,1793.0202530721617,280942.8132260977,45.77298469553984,46.35724515524142,138,201
percentile,CPRT,2019-10-21,20.90500069,97.68421052631578,2019-10-22,21.16250038,412922.4014761768,498251.7967082632,True,19.046250342,17476.940956300212,8755947.419106405,2020-02-21,2020-02-24,23.20000076,EXIT_MA,19159.600056136656,804693.008905787,9.190244874585035,9.627881126587368,84,125
percentile,AAPL,2019-09-11,55.89749908,79.36842105263158,2019-09-12,56.20000076,186620.96058121746,186620.96058121746,False,50.580000684000005,20976.196252992704,10509074.322749345,2020-02-24,2020-02-25,75.23750305,EXIT_MA,28081.790181846554,3503738.9779920857,33.340129400430875,33.874558776785314,113,166
percentile,LRCX,2019-10-28,28.125,99.36842105263159,2019-10-29,28.04700089,354790.2673071923,369283.67847482226,True,25.242300801,19901.605885856323,9970704.548814017,2020-02-24,2020-02-25,30.58200073,EXIT_MA,21700.392427570903,857791.2725438625,8.603115941750515,9.038398971577166,80,119
percentile,MU,2020-01-07,58.27000046,97.05882352941177,2020-01-08,58.09000015,171768.51830827995,190157.118744949,True,52.281000135,19956.066508586522,9997989.320801849,2020-02-24,2020-02-25,54.84000015,EXIT_MA,18839.571139582702,-597043.3221500814,-5.971633925512114,-5.594766726816747,32,48
percentile,TDG,2020-01-15,619.6599731,93.4873949579832,2020-01-16,622.8499756,3991.7546800242376,18260.066481477465,True,560.56497804,4972.528610108565,2491236.8336643907,2020-02-24,2020-02-25,605.1199951,EXIT_MA,4830.981144833338,-80577.24239255534,-3.234427225212197,-2.8465892581789776,26,40
percentile,AMD,2019-11-19,41.29000092,99.57894736842105,2019-11-20,40.95999908,242858.27081494007,255589.85889822757,True,36.86399917200001,19894.949098300673,9967369.498248637,2020-02-25,2020-02-26,47.70000076,EXIT_MA,23168.679404889856,1593801.5247914009,15.990192046873023,16.455082596159087,65,98
percentile,LLY,2020-01-30,142.6699982,86.34453781512606,2020-01-31,142.8500061,5840.234118017398,80853.21620952165,True,128.56500549,1668.554958768427,835946.0343429819,2020-02-25,2020-02-26,136.0299988,EXIT_MA,1588.8940801312515,-43087.88835748739,-5.154386358367337,-4.774243618320728,17,26
percentile,ARES,2019-11-01,31.37000084,96.21052631578947,2019-11-04,31.88999939,298100.1152944237,331652.5044152071,True,28.700999451,19012.8249897962,9525425.319887897,2020-02-26,2020-02-27,36.0,EXIT_MA,21463.20830119851,1184715.6224101596,12.437403922915877,12.888054840442575,78,115
percentile,CRL,2020-01-10,157.8899994,72.89915966386555,2020-01-13,159.0,59286.02066431115,70976.31391823238,True,143.1,18852.954571250946,9445330.240196723,2020-02-27,2020-02-28,153.25,EXIT_MA,18171.16533361137,-377918.7387246508,-4.001117262330678,-3.6163522012578664,32,46
percentile,EVRG,2020-01-27,71.75,77.31092436974791,2020-01-28,71.83000183,157722.12759470614,157722.12759470614,False,64.647001647,22658.361427518474,11351839.075186754,2020-02-27,2020-02-28,65.86000061,EXIT_MA,20775.158839195687,-985034.814428106,-8.67731482012663,-8.31129203383455,22,31
percentile,MSFT,2020-01-30,172.7799988,92.64705882352942,2020-01-31,172.2100067,66763.0992660747,66763.0992660747,False,154.98900603,22994.54754384698,11520268.319467336,2020-02-27,2020-02-28,152.4100037,EXIT_MA,20350.728412331824,-1365254.8417137563,-11.850894474451632,-11.497591446293121,19,28
percentile,FERG,2020-02-07,96.25,85.92436974789915,2020-02-10,96.58000183,9245.508665108066,123298.84053225745,True,86.922001647,1785.8624875908356,894717.1062830087,2020-02-27,2020-02-28,90.65000153,EXIT_MA,1676.210749275349,-58287.94239460968,-6.514678436937425,-6.139987769349997,13,18
percentile,NEM,2020-02-21,49.43999863,94.9579831932773,2020-02-24,51.15000153,186540.704359299,249176.75330681214,True,46.035001377,19083.114626770843,9560640.428012192,,2020-02-28,43.68999863,STOP,16299.926235794017,-1426977.2363509778,-14.925540261612671,-14.584560463062024,5,4
percentile,LDOS,2019-12-18,95.68000031,93.90756302521008,2019-12-19,95.44000244,104062.95195568448,112017.07219289166,True,85.896002196,19863.536777128258,9951631.925341256,2020-02-28,2020-03-02,104.2799988,EXIT_MA,21703.369010126473,878349.2107118536,8.826182653271049,9.262359738053672,48,74
percentile,CHTR,2020-01-31,517.460022,93.0672268907563,2020-02-03,522.8400269,19858.139205913434,21844.99655411492,True,470.55602421000003,20765.26007320745,10403395.296676932,2020-02-28,2020-03-02,494.4700012,EXIT_MA,19638.508233955567,-603779.6879331041,-5.80367919044626,-5.42613882648012,19,28
percentile,NOW,2020-01-30,68.3239975,97.26890756302521,2020-01-31,67.90000153,168832.7473970864,168832.7473970864,False,61.110001376999996,22927.48761315254,11486671.294189423,,2020-03-06,61.110001376999996,STOP,20634.738851837286,-1189936.6071226187,-10.359281437125764,-9.999999999999998,25,35
percentile,TSLA,2019-12-23,27.94799995,99.57983193277312,2019-12-24,27.89066696,358184.2068498541,388746.3350126872,True,25.101600264,19979.992847162066,10009976.416428193,2020-03-09,2020-03-10,43.9620018,EXIT_MA,31492.989492529716,5705025.340344135,56.99339441980252,57.62262646156526,51,77
percentile,TT,2020-03-04,117.8199997,90.54621848739495,2020-03-05,114.1999969,95478.13057204236,95478.13057204236,False,102.77999721,21807.204430690064,10925409.419775723,2020-03-09,2020-03-10,107.25,EXIT_MA,20480.059007703087,-705859.9749318827,-6.460718750312725,-6.085811811436226,3,5
percentile,DGX,2020-03-04,115.4800034,78.78151260504201,2020-03-05,118.3000031,97412.82459431057,97412.82459431057,False,106.47000279,23047.874902973395,11546985.32638967,,2020-03-10,106.47000279,STOP,20743.087412676054,-1196184.7074643187,-10.359281437125745,-9.999999999999998,4,5
percentile,KR,2020-03-04,30.95999908,81.5126050420168,2020-03-05,30.64999962,363347.340104462,363347.340104462,False,27.584999658,22273.191672259545,11158869.027802031,2020-03-25,2020-03-26,28.0,EXIT_MA,20347.45104584987,-1005490.9559229463,-9.0106887482754,-8.646002130031993,15,21
percentile,AKAM,2020-05-29,105.8000031,87.94178794178794,2020-06-01,105.0500031,104148.36451118218,104148.36451118218,False,94.54500279,21881.572029519237,10962667.586789139,2020-06-05,2020-06-08,99.48000336,EXIT_MA,20721.359303021814,-622709.2945812531,-5.680271609545708,-5.302236626016821,5,7
percentile,MPWR,2020-06-05,235.1499939,97.71309771309772,2020-06-08,237.0299988,46321.426621050305,46321.426621050305,False,213.32699892,21959.135392803684,11001526.831794646,,2020-06-11,213.32699892,STOP,19763.221853523315,-1139679.1268865112,-10.359281437125748,-9.999999999999998,4,3
percentile,DVA,2020-06-05,88.27999878,94.5945945945946,2020-06-08,87.90000153,123385.62911089424,123385.62911089424,False,79.110001377,21691.19397525523,10867288.181602871,,2020-06-12,79.110001377,STOP,19522.07457772971,-1125772.9673157465,-10.359281437125748,-9.999999999999998,5,4
percentile,TYL,2020-05-28,370.4500122,95.63409563409564,2020-05-29,372.3500061,29537.172375387054,29537.172375387054,False,335.11500549,21996.33262830424,11020162.646780424,,2020-06-15,335.11500549,STOP,19796.699365473818,-1141609.663408989,-10.359281437125741,-9.999999999999998,12,17
percentile,CRL,2020-06-03,189.7200012,92.72349272349273,2020-06-04,188.2599945,58343.35149418433,58343.35149418433,False,169.43399505000002,21967.43806281342,11005686.469469523,,2020-06-24,169.43399505000002,STOP,19770.694256532082,-1140110.0354600158,-10.359281437125741,-9.999999999999986,15,20
percentile,SMCI,2020-06-15,3.128999949,98.3402489626556,2020-06-16,3.153000116,3425600.1650435454,3425600.1650435454,False,2.8377001044,21601.835435503832,10822519.55318742,,2020-06-26,2.8377001044,STOP,19441.651891953454,-1121135.2591026481,-10.359281437125741,-9.999999999999998,9,10
percentile,AXON,2020-06-01,89.75,88.77338877338877,2020-06-02,91.80000305,122675.35920435075,122675.35920435075,False,82.62000274500001,22523.196698238487,11284121.545817483,2020-07-22,2020-07-23,88.91999817,EXIT_MA,21816.585431909923,-397645.41529443115,-3.523937717968134,-3.137260113631335,36,51
percentile,VRTX,2020-06-19,293.269989,93.3609958506224,2020-06-22,294.0,36670.17924234252,36670.17924234252,False,264.6,21562.065394497404,10802594.762643198,2020-07-24,2020-07-27,280.8399963,EXIT_MA,20596.90600547962,-524738.6659088675,-4.857524302619249,-4.476191734693879,24,35
percentile,LLY,2020-06-16,163.7100067,86.09958506224066,2020-06-17,164.2299957,65265.03022865107,65265.03022865107,False,147.80699613,21436.95126762347,10739912.585079359,2020-07-30,2020-07-31,153.1300049,EXIT_MA,19988.06879742397,-765866.2551647983,-7.1310287592917065,-6.758808433677621,31,44
percentile,REGN,2020-02-24,425.3800049,89.49579831932773,2020-02-25,437.25,27724.070740714094,27724.070740714094,False,393.52500000000003,24244.699862754474,12146594.631239992,2020-08-07,2020-08-10,623.0,EXIT_MA,34544.192142929765,5090957.24808196,41.912629857494856,42.481417953116065,116,167
percentile,MRVL,2020-05-29,32.61999893,96.46569646569647,2020-06-01,32.34999847,337795.75872423255,337795.75872423255,False,29.114998623,21855.384555802826,10949547.662457217,2020-08-10,2020-08-11,35.40999985,EXIT_MA,23922.69553151142,987877.4077669829,9.022084183021773,9.459046444276375,50,71
percentile,TER,2020-06-19,82.75,97.5103734439834,2020-06-22,82.94000244,129960.88293691624,129960.88293691624,False,74.646002196,21557.91189578478,10800513.859788174,2020-08-27,2020-08-28,85.44000244,EXIT_MA,22207.716310469357,281136.5791360345,2.6029926241078707,3.014227063483066,48,67
percentile,CIEN,2020-07-27,58.91999817,90.45643153526972,2020-07-28,58.77000046,174533.6282732865,196312.88878689075,True,52.893000414,20514.682827813034,10277856.09673433,2020-08-27,2020-08-28,56.16999817,EXIT_MA,19607.107161427928,-493909.6231817957,-4.805570524953446,-4.424029725454249,23,31
percentile,FDS,2020-05-29,307.5100098,76.50727650727652,2020-06-01,308.2200012,35832.64588788357,35832.64588788357,False,277.39800108000003,22088.676317125297,11066426.834879775,2020-09-03,2020-09-04,341.019989,EXIT_MA,24439.297013053903,1128782.3746341225,10.200061785764163,10.64174540013596,68,95
percentile,MSFT,2020-08-27,226.5800018,91.70124481327801,2020-08-28,228.1799927,53853.922087470004,53853.922087470004,False,205.36199343,24576.77509757055,12312964.323882846,,2020-09-04,205.36199343,STOP,22119.097587813496,-1275534.6275639106,-10.359281437125741,-9.999999999999998,6,7
percentile,TSCO,2020-06-19,25.5340004,91.90871369294605,2020-06-22,25.34799957,421174.23414115,421174.23414115,False,22.813199613,21351.8486118099,10697276.154516758,2020-09-04,2020-09-08,27.97400093,EXIT_MA,23563.85683511314,1061088.4062046967,9.91923916778262,10.359797240599367,54,78
percentile,TSLA,2020-08-17,122.3759995,100.0,2020-08-18,126.5993347,46358.992159683025,97253.92630306471,True,113.93940123,11738.035129556774,5880755.599907943,,2020-09-08,113.93940123,STOP,10564.231616601097,-609204.0232239962,-10.359281437125743,-9.999999999999998,15,21
percentile,DG,2020-05-29,191.5099945,93.34719334719335,2020-06-01,191.2899933,57536.930732578585,57536.930732578585,False,172.16099397,22012.478188675042,11028251.572526196,2020-09-08,2020-09-09,193.3500061,EXIT_MA,22249.531816238694,74264.80377691239,0.6734050568987959,1.0769056783693332,70,100
percentile,BE,2020-06-30,10.88000011,99.37759336099586,2020-07-01,10.07999992,994489.9103091363,994489.9103091363,False,9.071999928,20048.916432713802,10044507.132789616,2020-09-08,2020-09-09,14.0,EXIT_MA,27845.717488655817,3850505.894049637,38.33444332455019,38.88888999118165,48,70
percentile,PYPL,2020-07-30,192.5099945,97.71784232365145,2020-07-31,193.0500031,51562.48585321544,59392.070449383245,True,173.74500279,19908.276107613896,9974046.32991456,2020-09-08,2020-09-09,191.0,EXIT_MA,19696.869595928296,-145308.40154634044,-1.456865115119083,-1.0619026506506146,27,40
percentile,XYZ,2020-07-01,115.9000015,99.37759336099586,2020-07-02,118.0,80537.68391441408,93532.80271036999,True,106.2,19006.893403801725,9522453.595304664,2020-09-11,2020-09-14,140.0700073,EXIT_MA,22561.827947634145,1735898.5505647752,18.229530164586077,18.70339601694915,50,74
percentile,VEEV,2020-05-29,218.8699951,97.0893970893971,2020-06-01,216.6799927,50344.48547005522,50344.48547005522,False,195.01199343000002,21817.285488273643,10930460.029625095,2020-09-17,2020-09-18,265.4500122,EXIT_MA,26727.88856445776,2406756.364039326,22.018802113691784,22.507855428776736,77,109
percentile,META,2020-08-07,268.4400024,87.96680497925311,2020-08-10,268.0400085,43775.67537483146,43775.67537483146,False,241.23600765,23467.26479912613,11757099.66436219,2020-09-17,2020-09-18,258.3999939,EXIT_MA,22623.26849964966,-468088.68303701095,-3.9813278478523833,-3.5964834704890647,28,39
percentile,TMUS,2020-06-19,106.9000015,88.79668049792531,2020-06-22,106.8600006,53295.3111532269,100601.1497860439,True,96.17400054000001,11390.273963622029,5706527.255774636,2020-09-18,2020-09-21,109.9199982,EXIT_MA,11716.441012062282,139976.80924444273,2.452924571643731,2.8635575358587406,63,91
percentile,AMD,2020-07-22,61.79000092,94.81327800829875,2020-07-23,61.63000107,176289.8985659316,191402.08961641148,True,55.467000963,21729.493274497112,10886476.130523052,2020-09-18,2020-09-21,74.23000336,EXIT_MA,26171.99952576632,2173351.6328343414,19.963775300446287,20.444592035117417,41,60
percentile,NEE,2020-09-15,73.92500305,79.66804979253112,2020-09-16,71.19249725,154282.59143605788,154282.59143605788,False,64.073247525,21967.52593306885,11005730.492467493,2020-09-18,2020-09-21,68.75,EXIT_MA,21213.85632245796,-420016.1875609718,-3.81634084033257,-3.4308351923980296,3,5
percentile,DECK,2020-09-16,36.56499863,94.39834024896265,2020-09-17,35.8983345,308534.82438662584,308534.82438662584,False,32.30850105,22151.772661459705,11098038.103391312,2020-09-21,2020-09-22,34.69333267,EXIT_MA,21408.20260545048,-415345.00327152386,-3.7425083550993015,-3.356706785380259,3,5
percentile,ERIE,2020-09-14,224.2799988,81.32780082987551,2020-09-15,224.8500061,50581.571692540405,50581.571692540405,False,202.36500549000002,22746.533407230592,11396013.237022527,2020-09-22,2020-09-23,210.4199982,EXIT_MA,21286.748448995048,-773925.7609739993,-6.791197455437542,-6.417615080509442,6,8
percentile,ALB,2020-08-11,92.44999695,92.11618257261411,2020-08-12,93.22000122,123515.26869331504,123515.26869331504,False,83.89800109800001,23028.186996558914,11537121.685276015,,2020-09-23,83.89800109800001,STOP,20725.368296903023,-1195162.9051214065,-10.359281437125741,-9.999999999999986,30,42
percentile,ABT,2020-08-27,111.2900009,84.64730290456431,2020-08-28,113.5400009,75176.69013566627,109643.46899844451,True,102.18600081,17071.12293132514,8552632.588593895,,2020-09-24,102.18600081,STOP,15364.010638192623,-885991.280135775,-10.359281437125752,-9.999999999999998,19,27
percentile,REGN,2020-10-05,605.0800171,89.02691511387164,2020-10-06,605.3200073,18526.604459940587,18526.604459940587,False,544.7880065700001,22429.0486938709,11236953.39562932,2020-10-06,2020-10-07,588.4899902,EXIT_MA,21805.442554139423,-356037.56111374684,-3.168452769878264,-2.7803503761703707,1,1
percentile,CHRW,2020-09-15,104.0599976,88.79668049792531,2020-09-16,104.9400024,109603.51052778117,109603.51052778117,False,94.44600216,23003.585315667562,11524796.243149448,2020-10-19,2020-10-20,100.6699982,EXIT_MA,22067.57041509082,-513078.6060191281,-4.4519538150109295,-4.06899571406909,24,34
percentile,BE,2020-10-06,19.53000069,99.79296066252587,2020-10-07,20.12000084,567721.3838945737,567721.3838945737,False,18.108000756,22845.10944168957,11445399.830286475,,2020-10-20,18.108000756,STOP,20560.598497520612,-1185661.1800236907,-10.359281437125766,-9.999999999999998,10,13
percentile,NFLX,2020-10-07,53.4659996,92.13250517598344,2020-10-08,53.34799957,210821.2452312368,210821.2452312368,False,48.013199613,22493.78339988577,11269385.48334277,2020-10-21,2020-10-22,49.46900177,EXIT_MA,20858.233106995314,-861127.1629521083,-7.641296539415894,-7.271121375245226,10,14
percentile,EQIX,2020-10-08,824.4000244,81.57349896480332,2020-10-09,834.2800293,13603.56728919367,13603.56728919367,False,750.8520263700001,22698.369033226038,11371882.885646245,2020-10-22,2020-10-23,778.0,EXIT_MA,21167.150701985352,-809474.6853555534,-7.118211588138005,-6.745939891096475,10,14
percentile,AOS,2020-10-08,56.75,77.63975155279503,2020-10-09,56.93999863,6484.958922059353,197617.2899583842,True,51.245998766999996,738.5071042753317,369992.0592419412,2020-10-28,2020-10-29,53.00999832,EXIT_MA,687.5353231272707,-26911.93300143315,-7.2736515093247425,-6.902002817979335,14,20
percentile,PYPL,2020-10-21,213.0700073,97.9296066252588,2020-10-22,211.8999939,51353.23778195632,51353.23778195632,False,190.70999451,21763.501545483585,10903514.274287276,2020-10-28,2020-10-29,194.0800018,EXIT_MA,19933.27296231582,-956811.0660916809,-8.775253941273208,-8.409623696548874,5,7
percentile,CMG,2020-10-21,27.33320045,94.20289855072464,2020-10-22,25.84420013,400312.9735610624,400312.9735610624,False,23.259780117000002,20691.537206694993,10366460.140554192,2020-10-28,2020-10-29,25.06040001,EXIT_MA,20064.006493265555,-354520.9004146792,-3.4198838910089755,-3.0327892372655207,5,7
percentile,WST,2020-10-06,290.3299866,97.72256728778468,2020-10-07,291.9500122,38189.64464895126,38189.64464895126,False,262.75501098,22298.93444234997,11171766.155617336,2020-10-29,2020-10-30,275.0,EXIT_MA,21004.30455692319,-690618.1817126628,-6.181817378673016,-5.805792598627613,17,23
percentile,XYZ,2020-10-05,180.9199982,99.17184265010351,2020-10-06,180.1300049,61961.52031260514,61961.52031260514,False,162.11700441,22322.257915042028,11183451.215436056,,2020-10-30,162.11700441,STOP,20090.032123537825,-1158525.1857906822,-10.359281437125757,-9.999999999999998,19,24
percentile,DDOG,2020-09-22,93.41000366,98.75776397515527,2020-09-23,91.98000336,118515.34946976458,118515.34946976458,False,82.782003024,21802.08448488104,10922844.3269254,2020-10-30,2020-11-02,91.77999878,EXIT_MA,21754.677259492535,-67260.37443862483,-0.6157771037057113,-0.21744354500314866,28,40
percentile,DG,2020-09-18,208.1000061,78.05383022774328,2020-09-21,206.9199982,53724.38332394235,53724.38332394235,False,186.22799838,22233.29860137252,11138882.599287633,2020-11-17,2020-11-18,208.9299927,EXIT_MA,22449.270031366552,63303.14636427723,0.5683078693039252,0.9713872595616513,42,58
percentile,NEM,2020-11-02,64.73000336,81.15942028985508,2020-11-03,65.09999847,164995.014924306,164995.014924306,False,58.58999862300001,21482.350438259895,10762657.569568207,2020-11-18,2020-11-19,60.95999908,EXIT_MA,20116.19191598056,-724677.8034939095,-6.733260803009858,-6.359446217049969,12,16
percentile,DHR,2020-09-30,190.8953857,91.09730848861284,2020-10-01,192.3847504,57913.46185606537,57913.46185606537,False,173.14627536,22283.333807958115,11163950.237787016,2020-11-23,2020-11-24,197.1187897,EXIT_MA,22831.663016809445,229049.60760089755,2.0516896145382777,2.4607144226125754,38,54
percentile,ROL,2020-10-28,40.9066658,95.8592132505176,2020-10-29,41.14666748,229262.36707242744,262531.20702334394,True,37.032000732,18866.764767213746,9452249.148374088,2020-11-23,2020-11-24,38.12666702,EXIT_MA,17482.019859174907,-728721.2386458088,-7.709500957993246,-7.339599158225674,18,26
percentile,AWK,2020-10-01,148.5700073,70.1863354037267,2020-10-02,147.5200043,74389.70516892166,74389.70516892166,False,132.76800387,21947.93925279011,10995917.565647846,2020-11-30,2020-12-01,154.5800018,EXIT_MA,22998.32151782676,480244.8717477061,4.367483376267122,4.78578992286538,41,60
percentile,GNRC,2020-10-28,217.1100006,98.9648033126294,2020-10-29,218.8999939,49464.67835703438,49464.67835703438,False,197.00999451,21655.635581240575,10849473.426201528,2020-12-03,2020-12-04,208.0,EXIT_MA,20577.306196526304,-581397.6341349017,-5.35876361271897,-4.979440019984393,25,36
percentile,GM,2020-11-18,42.72000122,93.7888198757764,2020-11-19,42.61000061,245504.5246580766,248592.02836058137,True,38.349000549,20921.895890876807,10481869.84132928,2021-01-04,2021-01-05,40.06000137,EXIT_MA,19669.823188287497,-666628.0703738201,-6.359820151032141,-5.984508808952116,30,47
percentile,AMD,2020-11-30,92.66000366,97.10144927536231,2020-12-01,92.25,120022.83879965989,120022.83879965989,False,83.025,22144.21375853725,11094251.093027163,2021-01-15,2021-01-19,89.55999756,EXIT_MA,21498.490300083628,-366504.4332854338,-3.3035527158366293,-2.9159918048780487,32,49
percentile,RVTY,2020-09-29,123.2600021,91.09730848861284,2020-09-30,123.6500015,88895.38371066561,88895.38371066561,False,111.28500135,21983.828658333758,11013898.157825211,2021-01-27,2021-01-28,143.9900055,EXIT_MA,25600.093578846703,1760548.538019294,15.984790423801499,16.449659323295673,82,120
percentile,DECK,2020-10-01,39.26666641,93.16770186335404,2020-10-02,38.29333115,281462.11661036033,281462.11661036033,False,34.463998035,21556.244075080886,10799678.281615524,2021-01-27,2021-01-28,47.40333176,EXIT_MA,26684.484183105436,2515879.3257540893,23.295872896852064,23.790044732109973,80,118
percentile,ALGN,2020-10-23,469.5599976,97.9296066252588,2020-10-26,462.730011,22780.725906261367,23388.57873341133,True,416.4570099,21082.651098384616,10562408.200290693,2021-01-27,2021-01-28,509.3599854,EXIT_MA,23207.180430029384,1017974.8342939708,9.637715329596471,10.077145050356373,64,94
percentile,GRMN,2020-11-02,109.8899994,77.4327122153209,2020-11-03,111.3000031,88026.90327276243,97189.26134086026,True,100.17000279,19594.789214283715,9816989.396356141,2021-01-27,2021-01-28,117.0899963,EXIT_MA,20614.13955701642,469466.24259505235,4.782181416731572,5.202150079724488,58,86
percentile,CVNA,2020-11-23,48.01599884,99.17184265010351,2020-11-24,47.97999954,185043.68317841808,226345.23398819542,True,43.181999586,17756.791667560814,8896152.625447966,2021-01-27,2021-01-28,49.3219986,EXIT_MA,18253.44856532956,212318.20865148306,2.38662956438196,2.7969968171450255,43,65
percentile,FCX,2021-01-04,27.13999939,98.9648033126294,2021-01-05,27.13999939,360930.3865211115,441771.98457790876,True,24.425999451,19591.30094003086,9815241.77095546,2021-01-27,2021-01-28,26.32999992,EXIT_MA,19006.594096452867,-330951.31682547927,-3.371810135179818,-2.9845228010522806,16,23
percentile,TECH,2021-01-15,86.92749786,82.6086956521739,2021-01-19,87.6875,122096.4674755035,151957.919137385,True,78.91875,21412.667983516425,10727746.65974173,,2021-01-28,78.91875,STOP,19271.401185164785,-1111317.4683445022,-10.359281437125745,-9.999999999999998,8,9
percentile,PSKY,2021-01-27,56.0,99.17184265010351,2021-01-28,55.06999969,224710.0012042375,224710.0012042375,False,49.562999721000004,24749.559393314517,12399529.256050574,,2021-01-28,49.562999721000004,STOP,22274.603453983065,-1284502.132513024,-10.359281437125752,-9.999999999999998,1,0
percentile,TER,2020-10-21,92.06999969,85.30020703933747,2020-10-22,92.75,112010.37486151468,118842.56311416597,True,83.47500000000001,20777.924536810973,10409740.192942297,2021-01-28,2021-01-29,119.7200012,EXIT_MA,26819.764425665977,2973322.255465025,28.56288630028354,29.078168409703498,67,99
percentile,WSM,2021-01-27,73.80000305,97.51552795031056,2021-01-28,71.73999786,170511.64698342516,170511.64698342516,False,64.565998074,24465.010379391995,12256970.20007539,,2021-01-29,64.565998074,STOP,22018.5093414528,-1269734.038690444,-10.359281437125745,-9.999999999999998,2,1
percentile,PWR,2020-11-02,66.44999695,97.9296066252588,2020-11-03,66.94999695,160724.27931742105,160724.27931742105,False,60.254997255,21520.980020184576,10782010.990112472,2021-01-29,2021-02-01,71.55999756,EXIT_MA,23002.858071574818,696415.1876033619,6.4590472801595356,6.88573684841669,60,90
percentile,MRNA,2021-01-29,173.1600037,100.0,2021-02-01,173.0299988,68965.16665164655,68965.16665164655,False,155.72699892,23866.085405952403,11956908.788382154,,2021-02-01,155.72699892,STOP,21479.476865357166,-1238649.8325689286,-10.35928143712574,-9.999999999999998,1,0
percentile,TTWO,2020-11-30,180.5099945,85.71428571428571,2020-12-01,181.5,2099.994745321417,61610.53139060439,True,163.35,762.2980925516745,381911.34436838893,2021-02-11,2021-02-12,196.5,EXIT_MA,825.2979349113169,29912.325152358215,7.832269345606294,8.264462809917351,50,73
percentile,AXON,2021-02-11,203.5099945,98.34368530020704,2021-02-12,202.0,2034.6617138038093,62183.59760810128,True,181.8,822.0033323767391,411823.6695207462,,2021-02-16,181.8,STOP,739.8029991390652,-42661.972950352705,-10.359281437125738,-9.999999999999998,2,4
percentile,FSLR,2020-10-07,78.70999908,94.824016563147,2020-10-08,80.5,143206.31107806653,143206.31107806653,False,72.45,23056.21608356871,11551164.257867925,2021-02-17,2021-02-18,92.73000336,EXIT_MA,26559.04341488463,1701798.4061595034,14.732700255736955,15.192550757763978,90,133
percentile,BE,2020-11-23,22.07999992,99.37888198757764,2020-11-24,22.75,492218.86467365175,492218.86467365175,False,20.475,22395.958342651156,11220375.129668228,2021-02-17,2021-02-18,31.05999947,EXIT_MA,30576.63535177525,4037365.910867622,35.982450356693214,36.5274701978022,57,86
percentile,TSLA,2020-11-18,162.2133331,100.0,2020-11-19,164.0,65468.42698990389,65468.42698990389,False,147.6,21473.644052688476,10758295.670396926,2021-02-22,2021-02-23,220.7100067,EXIT_MA,28899.0739191603,3662342.2152640633,34.042029773745206,34.579272378048785,63,96
percentile,CMG,2021-02-02,30.46100044,86.33540372670807,2021-02-03,29.90040016,398028.67765320966,398028.67765320966,False,26.910360144000002,23802.433473973237,11925019.170460591,2021-02-22,2021-02-23,28.21619987,EXIT_MA,22461.71344530953,-716624.1612511352,-6.009417268076864,-5.63270150562426,13,20
percentile,NOW,2021-02-02,116.7020035,79.5031055900621,2021-02-03,116.5999985,58695.92988430055,103891.5473728524,True,104.93999865,13687.8906729311,6857633.227138481,,2021-02-23,104.93999865,STOP,12319.10160563799,-710401.5259251241,-10.359281437125748,-9.999999999999998,14,20
percentile,GNRC,2021-02-16,350.5299988,98.75776397515527,2021-02-17,350.0,1052.6424196475436,35834.852837574595,True,315.0,736.8496937532806,369161.6965703936,,2021-02-23,315.0,STOP,663.1647243779526,-38242.49910579529,-10.359281437125755,-9.999999999999998,5,6
percentile,EQT,2021-02-17,19.17000008,94.824016563147,2021-02-18,19.05999947,646859.3065583749,646859.3065583749,False,17.153999523000003,24658.276080334388,12353796.316247528,,2021-02-23,17.153999523000003,STOP,22192.448472300952,-1279764.5285693537,-10.359281437125741,-9.999999999999986,4,5
percentile,CRWD,2020-12-03,40.29750061,99.17184265010351,2020-12-04,40.09000015,255614.3824510566,279201.1195128881,True,36.081000135000004,20495.161261610032,10268075.792066626,2021-02-24,2021-02-25,54.10749817,EXIT_MA,27661.309461392448,3534917.629168205,34.426290774941215,34.96507350349809,55,83
percentile,NTAP,2021-01-27,68.88999939,91.51138716356108,2021-01-28,68.76999664,182664.54026509894,182664.54026509894,False,61.892996976000006,25123.679640556,12586963.499918556,,2021-02-25,61.892996976000006,STOP,22611.311676500398,-1303918.9733448569,-10.359281437125754,-9.999999999999998,20,28
percentile,PANW,2021-02-02,64.55999756,95.65217391304348,2021-02-03,64.58333588,187799.75500864993,187799.75500864993,False,58.125002292000005,24257.469311810702,12152992.125217162,2021-02-25,2021-02-26,60.47166824,EXIT_MA,22713.128960872713,-819140.7737416774,-6.740239484249975,-6.3664528689563955,16,23
percentile,FCX,2021-02-22,38.08000183,99.79296066252587,2021-02-23,37.09999847,316315.1963337996,316315.1963337996,False,33.389998623000004,23470.586600043436,11758763.88662176,,2021-02-26,33.389998623000004,STOP,21123.52794003909,-1218123.4445422534,-10.359281437125741,-9.999999999999998,4,3
percentile,MOS,2021-02-24,32.11999893,96.68737060041408,2021-02-25,32.11000061,367544.89588848694,367544.89588848694,False,28.899000549,23603.733662363404,11825470.564844064,,2021-02-26,28.899000549,STOP,21243.360296127063,-1225033.7770766597,-10.359281437125741,-9.999999999999998,2,1
percentile,MCHP,2021-02-17,81.52500153,88.19875776397515,2021-02-18,79.98999786,152104.1732689777,152104.1732689777,False,71.990998074,24333.624988565192,12191146.119271161,,2021-03-04,71.990998074,STOP,21900.262489708675,-1262915.1369065326,-10.359281437125741,-9.999999999999998,11,14
percentile,PTC,2021-01-28,138.3300018,96.27329192546584,2021-01-29,137.6699982,88323.15810259903,88323.15810259903,False,123.90299838000001,24318.898034006248,12183767.915037131,2021-03-04,2021-03-05,127.2399979,EXIT_MA,22476.476902992137,-968005.9404440541,-7.9450457953105555,-7.576088063027231,24,35
percentile,TECH,2021-02-02,94.19000244,89.23395445134575,2021-02-03,94.76000214,128722.27849075993,128722.27849075993,False,85.284001926,24395.446770500173,12222118.832020586,2021-03-04,2021-03-05,86.31999969,EXIT_MA,22222.61407883698,-1133034.4066809323,-9.270359929020724,-8.906714077032829,21,30
percentile,NCLH,2021-03-03,33.13000107,90.06211180124224,2021-03-04,34.31999969,253689.352692784,346935.1875308191,True,30.887999721000003,17413.237011545298,8724031.742784193,,2021-03-05,30.27000046,STOP,15358.353645415347,-1060213.2737219343,-12.152790188995544,-11.800697163700946,2,1
percentile,APA,2021-03-05,23.25,94.40993788819875,2021-03-08,23.60000038,494842.780893937,494842.780893937,False,21.240000342000002,23356.57963427434,11701646.396771446,,2021-03-10,21.240000342000002,STOP,21020.921670846907,-1212206.4830188397,-10.35928143712576,-9.999999999999998,3,2
percentile,GE,2021-03-03,66.98677063,92.54658385093167,2021-03-04,69.17979431,171585.56870286146,171585.56870286146,False,62.261814879000006,23740.508698856658,11893994.858127186,,2021-03-11,62.261814879000006,STOP,21366.457828970993,-1232132.4014706593,-10.359281437125738,-9.999999999999998,6,7
percentile,FANG,2021-03-04,81.26000214,97.72256728778468,2021-03-05,84.0,138904.03744846946,138904.03744846946,False,75.60000000000001,23335.87829134287,11691275.023962777,,2021-03-18,75.60000000000001,STOP,21002.290462208584,-1211132.083320694,-10.359281437125741,-9.999999999999986,10,13
percentile,DVN,2021-03-04,23.62000084,97.10144927536231,2021-03-05,24.52000046,477872.22603321756,477872.22603321756,False,22.068000414,23434.854404311438,11740862.05656003,,2021-03-18,22.068000414,STOP,21091.368963880293,-1216268.9435837641,-10.359281437125754,-9.999999999999998,10,13
percentile,HAL,2021-03-05,23.84000015,91.51138716356108,2021-03-08,23.95000076,240150.68781792631,482596.24930346466,True,21.555000684000003,11503.218311507717,5763112.374065367,,2021-03-22,21.555000684000003,STOP,10352.896480356947,-597017.0303672506,-10.359281437125748,-9.999999999999998,11,14
percentile,WBD,2021-01-27,43.86999893,97.9296066252588,2021-01-28,43.58000183,286842.0418135008,286842.0418135008,False,39.222001647,25001.153414306606,12525577.860567609,,2021-03-26,39.222001647,STOP,22501.038072875945,-1297559.862202514,-10.359281437125759,-9.999999999999998,41,57
percentile,PSKY,2021-02-22,66.13999939,99.37888198757764,2021-02-23,66.54000092,182117.9825573007,182117.9825573007,False,59.886000828,24236.261453822666,12142366.988365155,,2021-03-26,59.886000828,STOP,21812.6353084404,-1257861.9694533963,-10.359281437125748,-9.999999999999998,24,31
percentile,ZBRA,2021-02-23,498.019989,96.06625258799171,2021-02-24,493.730011,11442.814183095405,23549.536250060988,True,444.3570099,11299.321544981301,5660960.094035632,2021-05-03,2021-05-04,478.0599976,EXIT_MA,10940.703441815669,-201549.07656961307,-3.5603338165546243,-3.1738020883644524,48,69
percentile,NWSA,2021-01-27,19.57999992,94.40993788819875,2021-01-28,19.71999931,642684.3778780412,642684.3778780412,False,17.747999379,25347.470976605506,12699082.959279358,2021-05-04,2021-05-05,25.77000046,EXIT_MA,33123.95342710387,3829769.800845472,30.15784535880221,30.67952008969923,67,97
percentile,EXPE,2021-02-17,154.0399933,87.78467908902692,2021-02-18,150.8399963,26238.7011069478,80500.47713467924,True,135.75599667,7915.691155777624,3965761.2690445897,2021-05-05,2021-05-06,170.0399933,EXIT_MA,8923.257120852211,486944.03426066367,12.278702655694039,12.728717495997444,54,77
percentile,DRI,2021-03-26,148.9799957,91.75257731958763,2021-03-29,148.0899963,1857.5129127462126,73274.00458147802,True,133.28099667,550.1581607515777,275629.2385365404,2021-05-05,2021-05-06,143.9100037,EXIT_MA,534.6293802922105,-8849.177770727372,-3.21053666792111,-2.822602947151265,27,38
percentile,AMAT,2021-03-26,128.6399994,97.52577319587628,2021-03-29,127.0400009,84859.77097626119,84859.77097626119,False,114.33600081,21561.170762396032,10802146.55196041,2021-05-10,2021-05-11,120.0,EXIT_MA,20366.345034302685,-639340.379843371,-5.918641973315399,-5.541562382026077,30,43
percentile,JBL,2021-03-11,47.70999908,77.01863354037268,2021-03-12,47.33000183,224816.8367347048,247015.3751825649,True,42.597001647,21281.162588136776,10661862.456656525,2021-05-12,2021-05-13,51.13000107,EXIT_MA,22989.770205598943,810032.8759373482,7.597480076584744,8.028732501741388,43,62
percentile,WSM,2021-03-18,80.78500366,97.51552795031056,2021-03-19,81.22499847,149673.2402101714,149673.2402101714,False,73.102498623,24314.417414142234,12181523.124485258,2021-05-13,2021-05-14,84.52999878,EXIT_MA,25303.757624728874,445051.93025445007,3.653499859634804,4.068944748851777,39,56
percentile,DE,2021-02-22,337.5100098,95.65217391304348,2021-02-23,331.519989,5201.656524114501,35688.669685339504,True,298.36799010000004,3448.9062273124355,1727902.0198835302,2021-05-18,2021-05-19,361.8200073,EXIT_MA,3764.1268030544024,150397.2548406166,8.704038371964758,9.13972590050971,60,85
percentile,TPL,2021-03-10,151.0411072,98.9648033126294,2021-03-11,152.2111053,68776.20977328735,76966.07150840599,True,136.98999477,20937.005815873465,10489439.913752604,2021-05-18,2021-05-19,171.2666626,EXIT_MA,23558.143828296856,1266073.8565675262,12.069985308820815,12.519163606651752,48,69
percentile,WDC,2021-05-17,57.76266098,93.4020618556701,2021-05-18,58.36734772,202423.14944671287,202423.14944671287,False,52.530612948,23629.80470066763,11838532.155034482,,2021-05-19,52.530612948,STOP,21266.82423060087,-1226386.863964649,-10.35928143712574,-9.999999999999998,2,1
percentile,URI,2021-02-23,306.3599854,96.48033126293996,2021-02-24,310.0,38282.21811963331,38282.21811963331,False,279.0,23734.975234172653,11891222.5923205,2021-05-19,2021-05-20,321.6300049,EXIT_MA,24625.420002801064,396861.9890772309,3.3374363821389514,3.7516144838709797,60,85
percentile,PWR,2021-02-24,81.12999725,94.20289855072464,2021-02-25,84.0,23494.94886881911,145513.89206000697,True,75.60000000000001,3947.15140996161,1977522.8563907666,2021-05-19,2021-05-20,91.81999969,EXIT_MA,4314.612395703073,175468.7290650669,8.873158077440374,9.309523440476198,59,84
percentile,LH,2021-03-24,215.1374512,82.06185567010309,2021-03-25,213.4879761,24150.23023934051,51506.25279854013,True,192.13917849,10311.567552291648,5166095.343698116,2021-06-07,2021-06-08,227.3453674,EXIT_MA,10980.885933114916,313366.7369262269,6.065833401787458,6.490946962516064,51,75
percentile,MRNA,2021-06-07,219.5700073,100.0,2021-06-08,220.1000061,24845.637796478084,54374.082750449816,True,198.09000549,10937.050061126434,5479462.080624343,,2021-06-14,198.09000549,STOP,9843.345055013791,-567632.8981724614,-10.359281437125741,-9.999999999999998,5,6
percentile,FCX,2021-05-05,41.54000092,99.79381443298969,2021-05-06,42.0,112144.4103239014,277517.83062062145,True,37.800000000000004,9420.130467207717,4719485.3640710665,2021-06-14,2021-06-15,37.88000107,EXIT_MA,8496.060766127808,-479951.0417732904,-10.169563093194565,-9.809521261904763,27,40
percentile,STX,2021-01-27,71.72000122,87.16356107660455,2021-01-28,70.0,58190.48316350041,175456.77430814327,True,63.0,8146.667642890057,4081480.489087919,2021-06-17,2021-06-18,87.27999878,EXIT_MA,10157.730599035853,987227.0798309715,24.18796518739663,24.68571254285714,98,141
percentile,IVZ,2021-03-01,24.73999977,97.9296066252588,2021-03-02,24.57999992,469097.1423874239,469097.1423874239,False,22.121999928,23060.815444710213,11553468.537799817,2021-06-17,2021-06-18,26.62999916,EXIT_MA,24984.113015470997,913603.8569202106,7.907615396459916,8.340110848950744,76,108
percentile,FIX,2021-03-02,66.5,84.67908902691511,2021-03-03,66.98999786,172613.10100080067,172613.10100080067,False,60.290998074,23126.702533303203,11586477.969184903,2021-06-17,2021-06-18,79.73999786,EXIT_MA,27528.33660882362,2150161.998618083,18.55751164708204,19.032692054485167,75,107
percentile,BAC,2021-03-18,38.93999863,77.63975155279503,2021-03-19,38.29000092,229971.3114157253,310512.42125281907,True,34.461000827999996,17611.203451363457,8823212.929133091,2021-06-17,2021-06-18,39.00999832,EXIT_MA,17942.360943951284,130025.18189859949,1.473671585883113,1.8803796884317325,63,91
percentile,IP,2021-05-17,60.70075989,86.3917525773196,2021-05-18,60.58712006,11241.666474112799,192625.26164718744,True,54.528408053999996,1362.2003926830978,682462.3967342321,2021-06-17,2021-06-18,56.16477203,EXIT_MA,1262.7712695116786,-52339.5332479045,-7.6692186263101645,-7.299155374311406,22,31
percentile,NUE,2021-03-26,79.30000305,94.43298969072164,2021-03-29,80.0,137659.02229016845,137659.02229016845,False,72.0,22025.44356642695,11034747.226779902,2021-06-18,2021-06-21,94.48999786,EXIT_MA,26014.80144321542,1946638.6933845915,17.640990349650707,18.112497325,58,84
percentile,COF,2021-05-04,152.0200043,98.35051546391752,2021-05-05,152.8200073,74915.84826684836,74915.84826684836,False,137.53800657,22897.280958050917,11471537.75998351,2021-06-18,2021-06-21,151.5500031,EXIT_MA,22706.99407416,-140747.7169776708,-1.2269298146639507,-0.8310457658249226,32,47
percentile,STLD,2021-05-04,59.40999985,98.14432989690721,2021-05-05,59.54999924,84756.01382767159,191696.81205889513,True,53.594999316,10094.441118046545,5057315.000141319,2021-06-18,2021-06-21,58.93999863,EXIT_MA,9991.038677774448,-71786.69993186928,-1.4194626976936044,-1.024350323736456,32,47
percentile,HWM,2021-05-27,35.47999954,97.52577319587628,2021-05-28,35.45999908,326418.7846509478,326418.7846509478,False,31.913999172000004,23149.619606834654,11597959.42302416,2021-06-18,2021-06-21,33.52000046,EXIT_MA,21883.11562330482,-678284.7269950546,-5.8483109162162625,-5.470949436922556,15,24
percentile,MGM,2021-05-27,43.79000092,97.11340206185567,2021-05-28,43.65000153,101633.99135026585,264474.49385582213,True,39.285001377,8872.64775587822,4445196.525694989,2021-06-18,2021-06-21,41.06999969,EXIT_MA,8348.215986497762,-279436.74843260506,-6.286263089097421,-5.910656929133895,15,24
percentile,LYV,2021-05-14,85.80000305,77.31958762886599,2021-05-17,85.22000122,135582.80844814732,135582.80844814732,False,76.698001098,23108.73420272428,11577475.835564865,2021-07-06,2021-07-07,84.05000305,EXIT_MA,22791.470927188693,-204531.84289770573,-1.7666358868087988,-1.372914988559537,35,51
percentile,SPG,2021-05-10,126.75,96.28865979381443,2021-05-11,121.7699966,83292.4481649967,93565.20207507382,True,109.59299694,20285.04225971465,10162806.17211704,2021-07-07,2021-07-08,123.5,EXIT_MA,20573.23469675419,103237.94156330079,1.015840898811465,1.4207140086263337,40,58
percentile,TRGP,2021-05-03,35.54000092,97.52577319587628,2021-05-04,35.61999893,152962.216540051,320469.01468477765,True,32.057999037,10897.02797897409,5459411.01746602,2021-07-15,2021-07-16,42.54000092,EXIT_MA,13014.025664678018,1034587.7892083116,18.950538545246122,19.427294210758127,51,73
percentile,F,2021-05-21,13.32999992,95.6701030927835,2021-05-24,13.38000011,849744.690695678,849744.690695678,False,12.042000099,22739.168109960174,11392323.223090047,2021-07-15,2021-07-16,14.11999989,EXIT_MA,23996.789878302116,582074.9261827096,5.10936105642575,5.530641060659924,37,53
percentile,DRI,2021-07-06,148.8800049,78.14432989690722,2021-07-07,147.9199982,76732.31235650358,77961.13921103551,True,133.12799838,22700.487011311696,11372943.992667159,2021-07-19,2021-07-20,135.4900055,EXIT_MA,20792.922846420777,-997275.4923031926,-8.76884202495148,-8.403186081163716,9,13
percentile,PYPL,2021-06-18,283.3800049,86.18556701030928,2021-06-21,283.2789917,38915.08920567335,38915.08920567335,False,254.95109253,22047.6544641974,11045874.886562899,2021-07-30,2021-08-02,276.8850098,EXIT_MA,21550.009712161478,-292420.0401943214,-2.64732348679818,-2.2571323985689062,29,42
percentile,CRWD,2021-06-18,61.22750092,97.73195876288659,2021-06-21,59.50999832,180111.19193312406,180111.19193312406,False,53.558998488,21436.833458706824,10739853.562812118,2021-08-11,2021-08-12,60.0,EXIT_MA,21613.34303197489,45204.6101433523,0.4209052747225349,0.8233938730179968,37,52
percentile,WELL,2021-06-23,83.47000122,77.93814432989691,2021-06-24,83.65000153,1395.9384710683191,137177.73485909196,True,75.285001377,233.5405104813015,117003.79575113204,2021-08-11,2021-08-12,84.16999817,EXIT_MA,234.99227711050602,257.35052701046516,0.2199505796870485,0.6216337483430978,34,49
percentile,GNRC,2021-06-17,378.9400024,99.58762886597938,2021-06-18,375.3599854,29600.406154690623,29600.406154690623,False,337.82398686000005,22221.616044117487,11133029.638102861,2021-08-17,2021-08-18,389.1099854,EXIT_MA,23035.627213371477,361748.341369506,3.249325234268847,3.663150185107611,42,61
percentile,TGT,2021-05-19,219.0099945,76.49484536082474,2021-05-20,218.2799988,51443.545898006974,51443.545898006974,False,196.45199892,22458.19427376941,11251555.331158476,2021-08-18,2021-08-19,244.5299988,EXIT_MA,25158.98043341478,1302775.9051154982,11.578629502961014,12.025838438844637,63,91
percentile,NVDA,2021-06-17,18.65724945,96.70103092783505,2021-06-18,18.7840004,601202.1230331699,601202.1230331699,False,16.90560036,22585.961839071824,11315566.881374985,2021-08-18,2021-08-19,19.49399948,EXIT_MA,23439.667747567022,380827.3246609587,3.365516978983941,3.779807628198295,43,62
percentile,CVNA,2021-06-17,58.23199844,94.63917525773195,2021-06-18,58.34199905,123459.28627175614,192622.24000189133,True,52.507799145,14405.723124760949,7217267.285505235,2021-08-31,2021-09-01,65.76799774,EXIT_MA,16239.34012100574,886163.4348766292,12.278379057075401,12.728392600390336,52,75
percentile,NUE,2021-08-11,122.7200012,99.79381443298969,2021-08-12,122.0699997,89133.76119905042,97793.00542599172,True,109.86299973,21761.116405655914,10902319.319233613,,2021-09-13,109.86299973,STOP,19585.00476509032,-1129401.9414535426,-10.359281437125754,-9.999999999999998,22,32
percentile,PFE,2021-08-17,50.41999817,84.5360824742268,2021-08-18,50.22999954,228386.11220203617,238195.11372818568,True,45.206999586,22943.66862170133,11494777.979472367,,2021-09-13,45.206999586,STOP,20649.301759531198,-1190776.4014663007,-10.359281437125762,-9.999999999999998,18,26
percentile,DOV,2021-07-20,162.1399994,80.0,2021-07-21,163.3000031,29822.19730469811,71380.1157510609,True,146.97000279,9739.929824612027,4879704.842130626,2021-09-14,2021-09-15,166.6699982,EXIT_MA,9940.931142188158,80819.79782126471,1.6562435728382368,2.063683426837626,39,56
percentile,KR,2021-08-18,46.25999832,82.4742268041237,2021-08-19,46.09000015,256249.83879149545,256249.83879149545,False,41.481000135,23621.110216675002,11834176.218554176,2021-09-14,2021-09-15,41.74000168,EXIT_MA,21391.7374033135,-1159699.2543007396,-9.79957736713865,-9.438052627127192,18,27
percentile,IRM,2021-08-31,47.75,85.97938144329898,2021-09-01,47.75999832,169331.16608966273,250778.89380201433,True,42.983998488000005,16174.512415931866,8103430.720381864,2021-09-15,2021-09-16,45.02999878,EXIT_MA,15249.964404866982,-493698.4823532412,-6.092462555538159,-5.716079639929106,10,15
percentile,PSA,2021-06-18,298.3599854,84.12371134020619,2021-06-21,299.3900146,36961.25053432735,36961.25053432735,False,269.45101314,22131.658674213046,11087960.995780734,2021-09-17,2021-09-20,310.4200134,EXIT_MA,22947.02377229331,362603.8665936254,3.270248395819627,3.684157207025307,63,91
percentile,WAT,2021-06-17,346.5599976,94.84536082474226,2021-06-18,345.0400085,32366.04933338516,32366.04933338516,False,310.53600765,22335.16387420527,11189917.10097684,2021-09-20,2021-09-21,399.6600037,EXIT_MA,25870.83079267019,1719627.4645655844,15.36765151205157,15.830046908893468,65,95
percentile,CPRT,2021-09-15,37.23500061,77.5257731958763,2021-09-16,37.28250122,199890.29872808425,321094.09421536437,True,33.554251098,14904.820612391932,7467315.126808358,2021-09-20,2021-09-21,35.50249863,EXIT_MA,14193.210113488203,-384903.28017774504,-5.154506990014474,-4.774364733461411,3,5
percentile,EXR,2021-07-07,171.5,92.16494845360825,2021-07-08,170.4499969,60108.848307435845,67745.83589452032,True,153.40499721,20491.10601533002,10266044.11368034,2021-09-23,2021-09-24,176.5500031,EXIT_MA,21224.434710030455,324948.80662485585,3.1652777158032572,3.5787658028405556,55,78
percentile,MTD,2021-06-15,1358.420044,79.38144329896907,2021-06-16,1358.75,6721.6907526251325,8540.757235974943,True,1222.875,18266.194620258797,9151363.504749658,2021-09-27,2021-09-28,1463.339966,EXIT_MA,19672.23743481795,665082.9752245005,7.267583403055896,7.697513597056127,72,104
percentile,BX,2021-09-15,134.6000061,99.79381443298969,2021-09-16,134.5,88825.6928093593,88825.6928093593,False,121.05,23894.111365717654,11970949.794224543,,2021-09-28,120.1399994,STOP,21343.037361642022,-1320774.150765175,-11.033160889225266,-10.676580371747214,9,12
percentile,MSCI,2021-06-22,522.1900024,74.63917525773196,2021-06-23,521.6699829,21794.825188890867,21794.825188890867,False,469.50298461000006,22739.41216719438,11392445.495764384,2021-09-28,2021-09-29,604.710022,EXIT_MA,26359.0984389207,1760744.625257045,15.455370191691284,15.918117166407498,68,98
percentile,MRNA,2021-07-15,259.6749878,100.0,2021-07-16,276.9200134,44221.334084425805,44221.334084425805,False,249.22801206000003,24491.544854450145,12270263.972079523,2021-09-28,2021-09-29,393.2099915,EXIT_MA,34776.54079891146,5083229.886577297,41.42722518557038,41.99406777148451,52,75
percentile,ALGN,2021-07-30,695.7999878,93.6082474226804,2021-08-02,700.0,15331.415520913284,17014.94011338715,True,630.0,21463.9817292786,10753454.846368577,2021-09-28,2021-09-29,679.4000244,EXIT_MA,20832.32815799005,-358123.09553154185,-3.3303073351582393,-2.942853657142852,41,58
percentile,A,2021-08-18,163.0200043,90.51546391752578,2021-08-19,161.7400055,72715.72076626949,72715.72076626949,False,145.56600495,23522.082153345782,11784563.158826238,2021-09-28,2021-09-29,161.3899994,EXIT_MA,23471.1802616776,-72444.20824911445,-0.6147381729195129,-0.21640045016568799,28,41
percentile,INTU,2021-08-19,543.4400024,92.98969072164948,2021-08-20,547.5800171,1151.8400891223937,21773.698741539218,True,492.82201539,1261.4492313962116,631986.064929502,2021-09-28,2021-09-29,548.8800049,EXIT_MA,1264.4439875230319,-1028.5151555091143,-0.1627433281497821,0.23740599718828914,27,40
percentile,TECH,2021-09-17,133.5874939,98.14432989690721,2021-09-20,131.3125,87026.82108319759,88617.2646674238,True,118.18125,22855.418886974767,11450564.862374358,2021-09-28,2021-09-29,123.8274994,EXIT_MA,21552.627270927114,-695803.8541817293,-6.076589780021116,-5.700143246073308,7,9
percentile,KLAC,2021-09-15,36.73400116,90.10309278350516,2021-09-16,36.5,325473.36027732864,325473.36027732864,False,32.85,23759.555300244992,11903537.20542274,2021-09-29,2021-09-30,33.82799911,EXIT_MA,22020.225083580368,-915444.888716137,-7.6905282263418275,-7.320550383561642,10,14
percentile,HCA,2021-07-20,248.8999939,98.35051546391752,2021-07-21,250.9900055,46498.8839240343,46498.8839240343,False,225.89100495,23341.51026367446,11694096.642100904,2021-09-30,2021-10-01,243.8699951,EXIT_MA,22679.36518941943,-377093.4125806093,-3.2246476501913235,-2.836770486464646,51,72
percentile,MOS,2021-10-11,41.91999817,97.94238683127571,2021-10-12,41.56999969,278113.6402754538,278113.6402754538,False,37.412999721000006,23122.36788007077,11584306.307915457,,2021-11-02,37.412999721000006,STOP,20810.1310920637,-1200050.8929756712,-10.359281437125732,-9.999999999999998,16,21
percentile,MGM,2021-10-12,48.68999863,97.7366255144033,2021-10-13,48.52999878,240629.4615403218,240629.4615403218,False,43.676998902,23355.494949967746,11701102.969933841,2021-11-12,2021-11-15,45.47999954,EXIT_MA,21887.655600328566,-779162.825369887,-6.658883588769003,-6.28477089774202,23,33
percentile,CRWD,2021-10-13,67.61000061,86.62551440329219,2021-10-14,67.51499939,173345.14665795842,173345.14665795842,False,60.763499451,23406.794941743046,11726804.265813267,2021-11-15,2021-11-16,63.82749939,EXIT_MA,22128.374485140605,-684745.397728106,-5.839147496682619,-5.46174929025649,23,33
percentile,COP,2021-09-22,62.25999832,83.50515463917526,2021-09-23,62.25,189493.62183291718,189493.62183291718,False,56.025,23591.95591819819,11819569.915017294,2021-11-19,2021-11-22,69.63999939,EXIT_MA,26392.671417706486,1350373.1224182434,11.42489220950869,11.871484963855416,42,60
percentile,TGT,2021-11-15,264.3299866,79.62962962962963,2021-11-16,263.0,48004.419144009866,48004.419144009866,False,236.70000000000002,25250.32446974919,12650412.559344344,2021-11-22,2021-11-23,245.6499939,EXIT_MA,23584.570539798133,-881711.8599850759,-6.969826919469052,-6.596960494296578,5,7
percentile,APTV,2021-10-04,157.6600037,71.81069958847736,2021-10-05,157.0299988,73096.15316849863,73096.15316849863,False,141.32699892,22956.57768866791,11501245.422022622,2021-11-26,2021-11-29,167.2400055,EXIT_MA,24449.202115857108,698906.4337900728,6.076789148867343,6.501946620405885,38,55
percentile,WSM,2021-11-16,110.8150024,97.11934156378601,2021-11-17,110.9950027,83742.47699697567,114832.88082656213,True,99.89550243000001,18589.992920768007,9313586.453304771,,2021-11-30,99.89550243000001,STOP,16730.993628691205,-964820.6325878594,-10.359281437125748,-9.999999999999998,9,13
percentile,OKE,2021-09-15,55.70999908,82.06185567010309,2021-09-16,55.70999908,214610.2852525211,214610.2852525211,False,50.138999172000005,23911.87758795298,11979850.671564443,2021-11-30,2021-12-01,61.5,EXIT_MA,26397.065086060094,1192284.8063795455,9.952417931298351,10.393108985131217,53,76
percentile,TRGP,2021-10-04,52.06999969,99.58847736625515,2021-10-05,52.86000061,221323.98401405214,221323.98401405214,False,47.574000549000004,23398.371859980853,11722584.301850406,2021-11-30,2021-12-01,53.20999908,EXIT_MA,23553.2979715393,30511.385947704315,0.2602786651991754,0.6621234694685008,40,57
percentile,BAC,2021-10-14,45.06999969,91.1522633744856,2021-10-15,45.77000046,37121.036533786966,263376.0343879045,True,41.193000414,3398.0597184542125,1702427.9189455605,2021-11-30,2021-12-01,45.22000122,EXIT_MA,3357.2266346910224,-27171.8282347403,-1.5960633594149363,-1.2016588037412457,32,47
percentile,IT,2021-11-02,339.6900024,98.14814814814815,2021-11-03,336.6900024,30780.623969674896,36414.62390798862,True,303.02100216,20727.05671644668,10384255.414939785,2021-11-30,2021-12-01,316.0899963,EXIT_MA,19458.89463337246,-674266.9928869288,-6.493166490462703,-6.118389602648932,19,28
percentile,NVDA,2021-11-19,32.98500061,100.0,2021-11-22,33.51699829,376906.1777087247,376906.1777087247,False,30.165298461,25265.52742750752,12658029.241181267,,2021-12-03,30.165298461,STOP,22738.97468475677,-1311280.8734876383,-10.359281437125734,-9.999999999999998,9,11
percentile,ALB,2021-11-22,283.7999878,98.14814814814815,2021-11-23,282.0,41649.68183972221,43449.721259363054,True,253.8,23490.420557603327,11768700.699359266,,2021-12-03,253.8,STOP,21141.378501842995,-1219152.8269396126,-10.359281437125748,-9.999999999999998,8,10
percentile,DDOG,2021-10-13,155.8899994,97.53086419753086,2021-10-14,157.5,75180.35484247432,75180.35484247432,False,141.75,23681.811775379414,11864587.699465085,2021-12-03,2021-12-06,160.4299927,EXIT_MA,24122.367557123132,172473.7115393579,1.4536848300858687,1.860312825396826,36,53
percentile,DVN,2021-09-23,32.79999924,99.79381443298969,2021-09-24,32.40000153,326230.02206004655,364363.9842693676,True,29.160001376999997,21139.70642775488,10590992.920305196,2021-12-13,2021-12-14,40.40000153,EXIT_MA,26359.386780715628,2562341.0832719,24.19358697105108,24.691356858710623,56,81
percentile,INTU,2021-11-19,692.3400269,96.50205761316872,2021-11-22,691.960022,738.3259089927744,17956.856484668824,True,622.7640198,1021.7840244596204,511913.7962542698,,2021-12-17,621.4000244,STOP,917.5914757265245,-54035.64986673405,-10.55561507857747,-10.197120549834304,19,25
percentile,ZTS,2021-12-17,234.3099976,90.98360655737704,2021-12-20,233.9900055,1952.9219505558426,52224.284476198096,True,210.59100495,913.9284359032647,457878.1463875356,2022-01-04,2022-01-05,227.0,EXIT_MA,886.6265655523526,-15451.490176911699,-3.3745856400479917,-2.987309430188456,11,16
percentile,KEYS,2021-12-07,202.4299927,92.18106995884774,2021-12-08,202.4400024,60631.030624946245,60631.030624946245,False,182.19600216,24548.291970457183,12298694.277199049,2022-01-05,2022-01-06,192.1999969,EXIT_MA,23306.567796316947,-668716.9468368925,-5.437300348839866,-5.058291532602743,20,29
percentile,IRM,2021-12-13,49.56000137,83.81147540983606,2021-12-14,49.00999832,17148.912066071778,247980.79674791184,True,44.108998488000005,1680.9363030960112,842149.0878511016,2022-01-06,2022-01-07,46.70000076,EXIT_MA,1601.7084130374506,-42896.58974541386,-5.093704946575719,-4.713318994457783,17,24
percentile,P,2021-12-07,33.31999969,97.53086419753086,2021-12-08,33.5,368353.5174367027,368353.5174367027,False,30.150000000000002,24679.68566825908,12364522.5197978,,2022-01-07,30.150000000000002,STOP,22211.717101433173,-1280875.686182646,-10.359281437125746,-9.999999999999998,22,30
percentile,ANET,2021-10-08,23.24500084,76.5432098765432,2021-10-11,23.3125,503803.82382597,503803.82382597,False,20.98125,23489.853285885853,11768416.496228812,2022-01-07,2022-01-10,32.16999817,EXIT_MA,32414.736181040913,4406536.858110603,37.443753452494455,37.99463021983913,63,91
percentile,NVR,2021-12-01,5404.560059,73.4567901234568,2021-12-02,5429.47998,2189.651447540819,2189.651447540819,False,4886.531982,23777.337395201794,11912446.0349961,2022-01-07,2022-01-10,5418.75,EXIT_MA,23730.347562723626,-71002.6011970099,-0.5960371277940748,-0.19762445095156123,26,39
percentile,FAST,2021-12-06,31.0,82.71604938271605,2021-12-07,31.32999992,385988.5065990183,385988.5065990183,False,28.196999928,24186.039761736327,12117205.9206299,2022-01-07,2022-01-10,30.01499939,EXIT_MA,23170.88958023309,-554932.0200935882,-4.579702810437512,-4.197256729517407,23,34
percentile,NUE,2022-01-05,122.7200012,98.77049180327869,2022-01-06,123.5999985,93905.85714899215,101001.12176539167,True,111.23999865,23213.527605513285,11629977.330362156,,2022-01-10,111.23999865,STOP,20892.17484496196,-1204782.0827261377,-10.359281437125734,-9.999999999999998,3,4
percentile,MRVL,2021-10-07,65.15000153,88.06584362139918,2021-10-08,65.44000244,178112.28454646328,178112.28454646328,False,58.896002196000005,23311.33667062906,11678979.67198516,2022-01-13,2022-01-14,77.81999969,EXIT_MA,27721.395856381932,2153996.8603494223,18.44336509563675,18.918088001831677,68,98
percentile,AVGO,2021-12-07,59.04000092,87.65432098765432,2021-12-08,59.09400177,207885.14389476646,207885.14389476646,False,53.184601593,24569.530122548065,12309334.591396581,2022-01-13,2022-01-14,59.57799911,EXIT_MA,24770.761835889236,51275.5647121463,0.41655837958929604,0.8190295554594051,26,37
percentile,PFE,2021-11-26,54.0,92.5925925925926,2021-11-29,55.15000153,220776.0637808652,224518.52811543044,True,49.635001377,24351.600510604185,12200151.855812697,2022-01-18,2022-01-19,53.65000153,EXIT_MA,23689.27231926159,-379204.96850116365,-3.1081987583662203,-2.7198548656141797,35,51
percentile,AZO,2021-09-22,1683.76001,80.0,2021-09-23,1692.390015,4819.264044440033,7006.861136325561,True,1523.1510135,16312.148696917657,8172386.497155746,2022-01-19,2022-01-20,1957.400024,EXIT_MA,18866.455112498516,1241974.6039810125,15.19720836029059,15.658920618247695,82,119
percentile,MAA,2021-12-07,215.0099945,92.5925925925926,2021-12-08,215.5500031,57083.5747209944,57083.5747209944,False,193.99500279,24608.72941613885,12328973.437485565,2022-01-19,2022-01-20,206.2700043,EXIT_MA,23549.258406317775,-577893.4927329961,-4.687279891251471,-4.305264980995949,29,43
percentile,AAPL,2021-12-07,171.1799927,86.62551440329219,2021-12-08,172.1300049,30505.550329998518,71699.61216385392,True,154.91700441,10501.841055559682,5261422.368835401,2022-01-19,2022-01-20,166.9799957,EXIT_MA,10187.633325858571,-177793.33923197445,-3.3791877322962085,-2.991929967696183,29,43
percentile,CIEN,2021-12-13,74.12000275,94.67213114754098,2021-12-14,74.09999847,165811.22734186897,165811.22734186897,False,66.68999862300001,24573.223384682628,12311184.915725995,2022-01-19,2022-01-20,68.36000061,EXIT_MA,22669.711204470022,-998999.0246954523,-8.114564369992983,-7.7462860708747305,25,37
percentile,STT,2022-01-07,101.6600037,73.97540983606558,2022-01-10,102.2099991,16474.599032894588,119395.83000321838,True,91.98899919,3367.7375046500338,1687236.489829667,2022-01-19,2022-01-20,93.84999847,EXIT_MA,3092.2821880620413,-144187.67798670847,-8.54578945250673,-8.179239510432602,7,10
percentile,NTRS,2022-01-13,133.2299957,76.63934426229508,2022-01-14,131.8999939,90909.27637220277,90909.27637220277,False,118.70999451,23981.865997893918,12014914.864944853,2022-01-20,2022-01-21,118.9700012,EXIT_MA,21630.95343818419,-1221069.099290941,-10.162944249014831,-9.802875889291451,4,7
percentile,F,2021-09-28,14.31000042,90.72164948453609,2021-09-29,14.46000004,795167.329427515,795167.329427515,False,13.014000036,22996.239230657124,11521115.854559219,2022-01-21,2022-01-24,19.93000031,EXIT_MA,31695.370243984496,4294873.897189043,37.278280605862015,37.82849415538452,80,117
percentile,DELL,2022-01-10,59.88000107,88.9344262295082,2022-01-11,60.0,173406.44124477744,201167.21059811342,True,54.0,20808.772949373295,10425195.24763602,2022-01-21,2022-01-24,54.77999878,EXIT_MA,18998.4092796661,-944989.0170826372,-9.064473083100477,-8.700002033333332,8,13
percentile,DVN,2022-01-04,47.65999985,99.79508196721312,2022-01-05,48.15000153,9170.167290594454,266413.66278565215,True,43.335001377,883.0871381449579,442426.65621062386,,2022-01-24,43.335001377,STOP,794.778424330462,-45832.22246972332,-10.35928143712575,-9.999999999999998,13,19
percentile,KEY,2022-01-07,26.35000038,87.70491803278688,2022-01-10,26.64999962,460636.8252314899,460636.8252314899,False,23.984999658,24551.942434754423,12300523.159811966,,2022-01-24,23.984999658,STOP,22096.748191278984,-1274245.812363753,-10.359281437125736,-9.999999999999998,10,14
percentile,SCHW,2022-01-14,95.52999878,96.72131147540983,2022-01-18,94.91000366,21250.093152807425,127909.96732057026,True,85.419003294,4033.692837816587,2020880.1117461103,,2022-01-24,85.419003294,STOP,3630.3235540349287,-209348.6582826809,-10.359281437125748,-9.999999999999998,5,6
percentile,OXY,2022-01-18,36.02999878,96.92622950819673,2022-01-19,36.66999817,321716.737706225,334209.3946577298,True,33.002998353,23594.70436589128,11820946.887311531,,2022-01-24,32.59999847,STOP,20975.930313992656,-1353957.660629196,-11.45388498515731,-11.098990736600832,4,5
percentile,BX,2022-01-31,131.9700012,96.10655737704919,2022-02-01,134.6600037,86472.47860732436,86472.47860732436,False,121.19400333,23288.768578420943,11667673.057788892,2022-02-11,2022-02-14,123.4700012,EXIT_MA,21353.514074826624,-1012269.5344504062,-8.675847612773602,-8.309818945890912,9,13
percentile,PSA,2022-02-02,370.3599854,93.0327868852459,2022-02-03,368.230011,31222.336496681673,31222.336496681673,False,331.4070099,22994.00262323759,11519995.314242031,2022-02-11,2022-02-14,357.9299927,EXIT_MA,22350.82134866843,-366935.46125648543,-3.1852049523218775,-2.797169701629776,7,11
percentile,ED,2022-01-31,86.44999695,80.94262295081968,2022-02-01,86.76999664,132004.32051114805,132004.32051114805,False,78.09299697600001,22908.0288944356,11476922.476112235,2022-02-14,2022-02-15,82.62000275,EXIT_MA,21812.39464728587,-592537.5471165869,-5.162860935497988,-4.7827521616923825,10,14
percentile,HLT,2022-02-15,158.0,93.66053169734151,2022-02-16,157.8999939,72632.6981412753,72632.6981412753,False,142.10999451,22937.405186895823,11491639.998634806,2022-02-22,2022-02-23,148.3300018,EXIT_MA,21547.21649206844,-739578.9690926541,-6.435800017930558,-6.0607932043751696,4,7
percentile,WFC,2022-01-07,54.77000046,92.62295081967213,2022-01-10,55.5,221613.66474255006,221613.66474255006,False,49.95,24599.11678642306,12324157.50999795,2022-02-24,2022-02-25,53.16999817,EXIT_MA,23566.39629761676,-564525.7574871872,-4.5806438048947085,-4.198201495495502,32,46
percentile,MAR,2022-02-15,181.1999969,95.50102249488752,2022-02-16,178.3099976,63333.14846939436,63333.14846939436,False,160.47899784,22585.867103156303,11315519.418681307,2022-03-01,2022-03-02,167.5800018,EXIT_MA,21226.738269001547,-723377.0224495344,-6.39278671781764,-6.01760750626582,9,14
percentile,WAB,2022-02-16,95.51000214,75.25562372188139,2022-02-17,95.0,103852.17867426797,121296.56011081122,True,85.5,19731.913948110916,9885688.88800357,2022-03-01,2022-03-02,89.83999634,EXIT_MA,18660.15870399452,-574269.6947103031,-5.809101431536936,-5.431582800000001,8,13
percentile,MPC,2022-02-02,78.5,97.74590163934425,2022-02-03,78.58000183,147305.7845740753,147305.7845740753,False,70.722001647,23150.57764280085,11598439.399043225,2022-03-15,2022-03-16,75.16000366,EXIT_MA,22143.006615453345,-549079.0979320053,-4.73407739645818,-4.352250051353812,28,41
percentile,XOM,2022-01-06,68.31999969,80.73770491803278,2022-01-07,68.51999664,11641.232090670625,180877.65099201573,True,61.667996976000005,1595.3143674764228,799252.4981056878,2022-03-16,2022-03-17,78.18000031,EXIT_MA,1820.2230569148228,109038.80729480868,13.642598246892202,14.098079602591174,47,69
percentile,COP,2022-01-07,80.63999939,96.72131147540983,2022-01-10,80.65000153,150518.11274439236,150518.11274439236,False,72.585001377,24278.572046255915,12163564.595174212,2022-04-22,2022-04-25,93.0,EXIT_MA,27996.36897045698,1806623.5210838206,14.85274737473407,15.313079027538624,72,105
percentile,EOG,2022-01-07,98.16000366,90.1639344262295,2022-01-10,98.36000061,123653.01617075907,123653.01617075907,False,88.52400054900001,24325.021491968404,12186835.767476171,2022-04-22,2022-04-25,112.1500015,EXIT_MA,27735.37189806031,1653114.8096559234,13.564758245677702,14.019927617403871,72,105
percentile,ABBV,2022-02-02,138.6199951,89.13934426229508,2022-02-03,139.5,51327.63831933171,83418.73104758833,True,125.55,14320.411091093549,7174525.956637868,2022-04-22,2022-04-25,154.8399963,EXIT_MA,15895.14265490612,757150.2281602863,10.553313664713574,10.99641311827957,55,81
percentile,HAL,2022-01-13,27.93000031,88.11475409836066,2022-01-14,27.97999954,433649.92358493415,433649.92358493415,False,25.181999586000003,24267.049324854986,12157791.711752348,2022-04-25,2022-04-26,35.56999969,EXIT_MA,30849.855294969264,3236286.0804373156,26.619028826665573,27.126519924167237,69,102
percentile,COR,2022-02-01,137.6600037,80.32786885245902,2022-02-02,134.3300018,83586.00583944452,83586.00583944452,False,120.89700162,22456.216629734783,11250564.531497126,2022-04-29,2022-05-02,152.2700043,EXIT_MA,25455.28293718409,1451621.6541577335,12.902656129777023,13.355171785607789,61,89
percentile,MOS,2022-02-02,44.16999817,96.72131147540983,2022-02-03,43.27999878,261795.43962306017,261795.43962306017,False,38.951998902,22661.012614991214,11353167.320110599,2022-04-29,2022-05-02,62.00999832,EXIT_MA,32467.86954241925,4848299.581556605,42.704378829760564,43.276340267955995,60,88
percentile,EXE,2022-03-25,89.31999969,97.95501022494888,2022-03-28,87.19000244,145533.18887935812,145533.18887935812,False,78.471002196,25378.078186984432,12714417.1716792,2022-04-29,2022-05-02,81.0,EXIT_MA,23576.376598456016,-949805.2490496505,-7.470301125287122,-7.099440608755192,24,35
percentile,PAYX,2022-03-30,136.8899994,82.61758691206545,2022-03-31,137.9100037,92929.77701515146,92929.77701515146,False,124.11900333000001,25631.891783999425,12841577.783783711,2022-04-29,2022-05-02,126.8899994,EXIT_MA,23583.718699389403,-1073302.1527884007,-8.358023997205095,-7.990721488175856,21,32
percentile,CF,2022-02-01,74.45999908,98.5655737704918,2022-02-02,73.94000244,154531.9636757395,154531.9636757395,False,66.546002196,22852.18754248434,11448945.958784655,2022-05-02,2022-05-03,95.84999847,EXIT_MA,29623.776963771455,3333318.7461373005,29.114634291549613,29.632127815764253,62,90
percentile,VRTX,2022-03-31,260.9700012,91.41104294478528,2022-04-01,261.5499878,13057.43375165365,48621.77175982267,True,235.39498902,6830.3432768886405,3422001.981721209,2022-05-06,2022-05-09,251.0,EXIT_MA,6554.831743330133,-151140.94179947302,-4.416740335242345,-4.033641098109042,25,38
percentile,EXC,2022-02-02,42.86000061,92.62295081967213,2022-02-03,42.18999863,269797.10509772936,269797.10509772936,False,37.970998767,22765.478988902334,11405504.97344007,2022-05-12,2022-05-13,46.15999985,EXIT_MA,24907.668661683245,1023421.6887398679,8.973050216742738,9.409815949074375,69,99
percentile,WRB,2022-03-29,44.5,92.63803680981594,2022-03-30,44.57333374,283670.2246666634,283670.2246666634,False,40.116000366,25288.25519233594,12669415.851360304,2022-05-19,2022-05-20,44.3666687,EXIT_MA,25171.005755680846,-109083.97927556373,-0.8610024373290383,-0.4636517456950817,36,51
percentile,EQT,2022-03-24,30.73999977,97.13701431492842,2022-03-25,30.84000015,411805.8671130768,411805.8671130768,False,27.756000135,25400.18600707634,12725493.189545246,2022-06-14,2022-06-15,41.56000137,EXIT_MA,34229.304802787025,4354929.907045478,34.22209137342758,34.76005566750946,56,82
percentile,WRB,2022-11-30,50.85333252,90.4471544715447,2022-12-01,51.1333313,241422.58615398203,241422.58615398203,False,46.01999817,24689.482162228716,12369430.563276585,2022-12-15,2022-12-16,47.5933342,EXIT_MA,22980.21165250952,-902304.9486743361,-7.29463611165073,-6.923071526927882,11,15
percentile,ERIE,2022-11-30,282.3900146,99.39024390243902,2022-12-01,284.7399902,43475.839855446495,43475.839855446495,False,256.26599118,24758.620428753213,12404068.83480536,,2022-12-28,256.26599118,STOP,22282.75838587789,-1284972.4002522938,-10.359281437125764,-9.999999999999998,19,27
percentile,MSI,2022-11-30,272.2000122,80.6910569105691,2022-12-01,273.4100037,45103.3890568165,45103.3890568165,False,246.06900333000002,24663.43553781348,12356381.204444552,2022-12-28,2022-12-29,255.9799957,EXIT_MA,23091.130673638632,-833906.998298876,-6.748796306146028,-6.375043986731788,19,28
percentile,ORLY,2022-11-30,57.63600159,94.91869918699187,2022-12-01,57.93733215,213011.7064480218,213011.7064480218,False,52.14359893500001,24682.659976634674,12366012.648293972,2023-01-04,2023-01-05,54.97999954,EXIT_MA,23422.767045053708,-678051.892812172,-5.483189384459482,-5.10436449221282,23,35
percentile,LLY,2022-11-30,371.0799866,95.9349593495935,2022-12-01,374.7900085,33084.8967739151,33084.8967739151,False,337.31100765,24799.777486234525,12424688.520603497,2023-01-05,2023-01-06,360.0,EXIT_MA,23821.125677218868,-537946.8076712806,-4.329660311236126,-3.9462120559705327,24,36
percentile,CTAS,2022-11-30,115.4449997,80.08130081300813,2022-12-01,115.8125,106346.25218442267,106346.25218442267,False,104.23125,24632.450662216903,12340857.781770667,2023-01-05,2023-01-06,108.7474976,EXIT_MA,23129.777608389,-799098.7551845573,-6.475228621181814,-6.100379838100379,24,36
percentile,GIS,2022-11-30,85.30000305,88.00813008130082,2022-12-01,85.23999786,143928.98725138788,143928.98725138788,False,76.715998074,24537.013130600542,12293043.57843087,2023-01-12,2023-01-13,82.31999969,EXIT_MA,23696.468371832532,-468505.8608864378,-3.8111461811497103,-3.4256197129378996,29,43
percentile,GS,2023-01-13,374.0,79.0650406504065,2023-01-17,364.7999878,31886.16955155638,31886.16955155638,False,328.31998902,23264.148526793,11655338.411923293,2023-01-17,2023-01-18,348.3200073,EXIT_MA,22213.181621934313,-570960.7825780716,-4.89870617565239,-4.517538665334353,1,1
percentile,GL,2022-11-30,119.9599991,92.07317073170732,2022-12-01,120.6100006,102343.64074388192,102343.64074388192,False,108.54900054000001,24687.333143051565,12368353.904668834,2023-01-19,2023-01-20,117.75,EXIT_MA,24101.927395184193,-341492.13447192125,-2.761015225664056,-2.371279815746896,33,50
percentile,MRK,2022-11-30,110.1200027,96.54471544715447,2022-12-01,109.75,111488.76453420933,111488.76453420933,False,98.775,24471.78381525895,12260363.691444734,2023-01-24,2023-01-25,108.7099991,EXIT_MA,24239.886984348017,-164660.08625507355,-1.3430277469662106,-0.9476090205011389,36,55
percentile,PFG,2023-01-30,93.38999939,94.52332657200812,2023-01-31,92.19999695,32804.139951871526,124472.42174967703,True,82.979997255,6049.083207019856,3030590.6867169477,2023-02-21,2023-02-22,87.48999786,EXIT_MA,5740.068268376761,-166296.62079694401,-5.487267598551683,-5.1084590518524875,15,22
percentile,KEYS,2023-01-17,184.9600067,83.130081300813,2023-01-18,186.0200043,63965.72589569461,63965.72589569461,False,167.41800387,23797.809212339467,11922702.415382074,,2023-02-22,160.6499939,STOP,20552.186949904823,-1667161.1273795683,-13.983080926591612,-13.638323735916613,25,35
percentile,BEN,2023-01-27,30.71999931,86.40973630831643,2023-01-30,30.15999985,381973.1254155682,381973.1254155682,False,27.143999864999998,23040.618810475135,11543350.024048042,2023-02-24,2023-02-27,29.78000069,EXIT_MA,22750.319876874157,-190940.40548783727,-1.6541160502805057,-1.2599441707225267,19,28
percentile,FLEX,2023-01-13,18.10851479,98.3739837398374,2023-01-17,18.86209488,658553.5893240467,658553.5893240467,False,16.975885392000002,24843.40057078945,12446543.685965514,2023-02-27,2023-02-28,17.43782997,EXIT_MA,22967.491033531867,-985765.660233112,-7.919995181832228,-7.550937046288475,29,42
percentile,APO,2023-01-26,70.43000031,93.10344827586206,2023-01-27,69.97000122,167300.69221208568,167300.69221208568,False,62.973001098000005,23412.05927637296,11729441.697462851,2023-03-09,2023-03-10,67.0,EXIT_MA,22418.29275641948,-542713.6120095309,-4.626934734045552,-4.244677959432508,29,42
percentile,PCAR,2023-01-24,74.05332947,92.0892494929006,2023-01-25,73.8666687,159523.66383087632,159523.66383087632,False,66.48000183,23566.96325201103,11807048.589257527,2023-03-13,2023-03-14,71.87000275,EXIT_MA,22929.932316430313,-365012.36335880123,-3.0914784554279082,-2.703067547433624,33,48
percentile,LVS,2023-01-26,58.36999893,99.39148073022312,2023-01-27,58.81000137,201867.19239949126,201867.19239949126,False,52.929001233,23743.61972314427,11895553.48129528,2023-03-13,2023-03-14,56.45999908,EXIT_MA,22794.84299431492,-520926.82713213563,-4.379172671126633,-3.9959228621932574,31,46
percentile,STLD,2023-01-26,121.4400024,99.18864097363083,2023-01-27,120.1500015,97027.23626066404,97027.23626066404,False,108.13500135000001,23315.645164519276,11681138.227424158,2023-03-13,2023-03-14,118.7300034,EXIT_MA,23040.088182242493,-184134.2244851552,-1.5763380323062848,-1.1818544172053191,31,46
percentile,URI,2023-01-26,431.480011,98.37728194726166,2023-01-27,432.0,27308.305145010316,27308.305145010316,False,388.8,23594.375645288914,11820782.198289746,2023-03-13,2023-03-14,421.8900146,EXIT_MA,23042.20251265931,-322723.1444727499,-2.7301335821874977,-2.3402743981481566,31,46
percentile,ODFL,2023-01-27,166.8950043,86.20689655172413,2023-01-30,162.0050049,70308.95980632296,70308.95980632296,False,145.80450441,22780.806755874506,11413184.184693128,2023-03-13,2023-03-14,167.0650024,EXIT_MA,23492.333077569696,309490.02101415023,2.71168865765984,3.123358752480132,30,43
percentile,LIN,2023-02-24,347.6600037,78.49898580121703,2023-02-27,346.25,32721.299980717857,33886.22534957122,True,311.625,22659.500236647116,11352409.618560204,2023-03-15,2023-03-16,328.5700073,EXIT_MA,21502.475547059912,-622674.3205773085,-5.484952899860925,-5.106135075812279,13,17
percentile,JBL,2023-01-17,78.33000183,94.91869918699187,2023-01-18,78.75,151041.75684707804,151041.75684707804,False,70.875,23789.07670341479,11918327.42841081,2023-03-16,2023-03-17,78.37999725,EXIT_MA,23677.304972618294,-103352.2470742818,-0.8671707309191017,-0.46984476190475855,41,58
percentile,ULTA,2022-11-30,464.8399963,80.48780487804879,2022-12-01,470.4700012,26411.5462293467,26411.5462293467,False,423.42300108,24851.680372429197,12450691.866587028,2023-03-17,2023-03-20,507.3299866,EXIT_MA,26798.73878923948,921878.7892434727,7.40423744416524,7.834715349753085,73,109
percentile,FICO,2023-01-27,660.25,99.18864097363083,2023-01-30,658.1199951,17772.380385012944,17772.380385012944,False,592.30799559,23392.71778380011,11719751.609683855,2023-03-17,2023-03-20,654.5,EXIT_MA,23264.045923981947,-110992.69361686334,-0.947056706604189,-0.5500509218611338,34,49
percentile,SMCI,2023-03-22,11.25399971,100.0,2023-03-23,11.39999962,1022400.5248442197,1022400.5248442197,False,10.259999658,23310.73118942381,11678676.325901328,,2023-03-28,10.259999658,STOP,20979.658070481426,-1209826.9487310965,-10.359281437125755,-9.999999999999998,4,5
percentile,FIX,2023-02-23,136.0,97.76876267748479,2023-02-24,140.4299927,86940.15456321347,86940.15456321347,False,126.38699343000002,24418.01054129788,12233423.281190237,2023-04-05,2023-04-06,131.6000061,EXIT_MA,22882.64974170767,-814981.0600781087,-6.661921535333453,-6.287821020445028,29,41
percentile,EME,2023-02-23,162.1199951,96.95740365111561,2023-02-24,165.9400024,5331.100243240418,72932.7743521319,True,149.34600216,1769.2855743159112,886412.0727322715,2023-04-05,2023-04-06,154.1399994,EXIT_MA,1643.471576588836,-66319.75601444242,-7.481820030950027,-7.111005682376681,29,41
percentile,WYNN,2023-01-26,102.8499985,99.79716024340772,2023-01-27,102.2200012,114564.78343420112,114564.78343420112,False,91.99800108,23421.62460024356,11734233.924722021,2023-04-12,2023-04-13,107.6200027,EXIT_MA,24658.92460502728,570569.4531865921,4.862434623742245,5.282724942875472,52,76
percentile,RL,2023-04-11,120.4199982,86.00405679513185,2023-04-12,121.9700012,4467.2385248479095,96162.31847293793,True,109.77300108,1089.7381764727716,545958.8264128584,2023-04-20,2023-04-21,115.5100021,EXIT_MA,1032.0214627727657,-30980.116489248292,-5.674441915848958,-5.2963835668143,7,9
percentile,WDAY,2023-03-29,198.25,84.17849898580123,2023-03-30,200.0,58012.02692428338,58012.02692428338,False,180.0,23204.810769713353,11625610.19562639,2023-04-24,2023-04-25,187.1900024,EXIT_MA,21718.542918370942,-788057.2793592904,-6.7786315393213625,-6.404998800000006,17,26
percentile,FSLR,2023-03-01,195.6799927,100.0,2023-03-02,195.7299957,58437.14541751161,61568.09876716279,True,176.15699612999998,22875.804442579643,11460778.0257324,2023-04-26,2023-04-27,200.5899963,EXIT_MA,23443.81356616243,237684.9437826518,2.073898850924325,2.4830126739741276,39,56
percentile,CDNS,2023-03-16,207.8200073,97.3630831643002,2023-03-17,206.7799988,55672.897802460444,55672.897802460444,False,186.10199892,23024.083481570586,11535065.824266864,2023-04-26,2023-04-27,204.8399963,EXIT_MA,22808.07235973255,-153837.71676032245,-1.3336526995510225,-0.9381963977455943,28,41
percentile,REGN,2023-03-23,802.1599731,86.20689655172413,2023-03-24,805.0499878,14376.670660839032,14376.670660839032,False,724.5449890200001,23147.877080226164,11597086.417193308,2023-04-26,2023-04-27,775.3300171,EXIT_MA,22293.32861861879,-472715.43650253303,-4.076156885420003,-3.6916925843595516,23,34
percentile,CTAS,2023-03-29,116.2874985,75.65922920892496,2023-03-30,116.7900009,98900.43629874094,98900.43629874094,False,105.11100081,23101.164088680693,11573683.208429027,2023-04-26,2023-04-27,110.7149963,EXIT_MA,21899.52287776698,-645821.292423306,-5.580084410405836,-5.201647874976601,19,28
percentile,ANET,2023-03-16,40.66999817,98.37728194726166,2023-03-17,40.63124847,284483.4656583287,284483.4656583287,False,36.568123623000005,23117.836757540535,11582036.215527808,,2023-05-02,36.32749939,STOP,20669.145850336045,-1268132.436210122,-10.949132023175352,-10.592214716655013,32,46
percentile,SBUX,2023-04-26,111.4700012,94.11764705882352,2023-04-27,111.3899994,103664.55500761679,103664.55500761679,False,100.25099946,23094.3894401994,11570289.1095399,2023-05-03,2023-05-04,104.2699966,EXIT_MA,21618.20559636943,-782804.5169515535,-6.76564353354073,-6.39195873808398,5,7
percentile,GWW,2023-04-27,696.3599854,96.75456389452333,2023-04-28,698.6900024,14560.978343691433,16769.235624962257,True,628.82100216,20347.219987800232,10193957.213887917,2023-05-04,2023-05-05,669.9799805,EXIT_MA,19511.127973534618,-457904.35509414226,-4.49191953121314,-4.109121613502564,5,7
percentile,LVS,2023-04-20,61.52999878,98.78296146044624,2023-04-21,61.40000153,8370.53412866578,191805.53637357842,True,55.260001377,1027.9016166139922,514978.70992361015,2023-05-16,2023-05-17,59.11999893,EXIT_MA,989.7319374604989,-21102.473130821192,-4.097736998477364,-3.713359190856025,18,26
percentile,SYK,2023-03-31,285.4700012,88.43813387423936,2023-04-03,284.3500061,38181.457659803455,40812.17007900203,True,255.91500548999997,21713.79543694401,10878611.513908949,2023-05-17,2023-05-18,284.0,EXIT_MA,21687.067950768364,-56764.60647553578,-0.5218001065941078,-0.12308988658044084,32,45
percentile,PCG,2023-04-12,16.95999908,94.9290060851927,2023-04-13,16.96999931,679603.4131158923,679603.4131158923,False,15.272999379,23065.738903300673,11555935.190553637,2023-05-18,2023-05-19,16.62000084,EXIT_MA,22590.018593705994,-283515.91229434684,-2.453422484803359,-2.062454238249456,26,36
percentile,TKO,2023-03-28,87.98000336,96.95740365111561,2023-03-29,88.12000275,129923.00988947671,129923.00988947671,False,79.308002475,22897.63197749793,11471713.620726464,2023-05-26,2023-05-30,99.98999786,EXIT_MA,25982.00296162707,1493305.8571254443,13.017286749796655,13.470261846990251,42,62
percentile,VRTX,2023-03-24,314.3900146,80.52738336713996,2023-03-27,314.6799927,36676.629960982216,36676.629960982216,False,283.21199343,23082.80329676497,11564484.45167925,2023-05-30,2023-05-31,327.1300049,EXIT_MA,23996.0522777032,409545.6348946467,3.541408496036999,3.956404121271606,45,65
percentile,AMD,2023-05-26,127.0299988,98.98580121703854,2023-05-30,130.4199982,97077.25528443474,97077.25528443474,False,117.37799838000001,25321.63091891384,12686137.090375835,,2023-06-01,117.2900009,STOP,22772.38271936176,-1322718.1134143174,-10.426484468765354,-10.067472382467813,3,2
percentile,BA,2023-06-02,213.3200073,89.8580121703854,2023-06-05,213.2799988,53173.00058967181,58669.74247893432,True,191.95199892,22681.475003915202,11363418.976961516,2023-06-22,2023-06-23,204.0200043,EXIT_MA,21696.711617897494,-536759.8796306681,-4.723577302913046,-4.34170787326541,13,18
percentile,ISRG,2023-03-24,256.4200134,74.84787018255578,2023-03-27,257.5100098,44968.277148182984,44968.277148182984,False,231.75900882,23159.56297823543,11602941.052095952,2023-07-24,2023-07-25,322.7600098,EXIT_MA,29027.923146073314,2881992.5977946315,24.838466254846907,25.33882082901462,82,120
percentile,HUBB,2023-05-02,279.7799988,96.14604462474645,2023-05-03,279.3900146,36842.10818974498,41566.082179184916,True,251.45101314,20586.634290055255,10313903.779317683,2023-07-26,2023-07-27,311.4100037,EXIT_MA,22946.002095368567,1136151.2662712336,11.015724895063892,11.460677700254518,58,85
percentile,CPRT,2023-05-17,41.0,96.14604462474645,2023-05-18,41.24499893,273806.2107760426,286350.7054335948,True,37.120499037,22586.273740970464,11315723.1442262,2023-07-27,2023-07-28,44.5,EXIT_MA,24368.752759067793,844284.482548628,7.461162417882418,7.891868479677511,48,71
percentile,ORCL,2023-03-31,92.91999817,89.4523326572008,2023-04-03,92.37999725,125383.66843391553,125383.66843391553,False,83.14199752500001,23165.885890240057,11606108.831010269,2023-08-03,2023-08-04,115.3399963,EXIT_MA,28923.50370649649,2826719.518531479,24.355445564828667,24.85386418432698,85,123
percentile,MCO,2023-07-25,361.7000122,80.12170385395537,2023-07-26,360.8999939,398.65148904472557,39575.867424747616,True,324.80999451,287.74663992893477,144161.0666043963,2023-08-03,2023-08-04,338.3500061,EXIT_MA,269.7674675001139,-9547.100321839447,-6.622523366893778,-6.248264943514603,7,9
percentile,SMCI,2023-05-03,13.39500046,100.0,2023-05-04,13.28199959,810567.1600321078,862397.1359261407,True,11.953799631,21531.90537442784,10787484.592588348,2023-08-09,2023-08-10,26.54199982,EXIT_MA,43028.14683134024,10683560.67625043,99.03662512380949,99.83436710827365,67,98
percentile,NVDA,2023-05-18,31.6779995,99.59432048681542,2023-05-19,31.5359993,356732.613175208,377653.6648364329,True,28.38239937,22499.83887876106,11272419.278259292,2023-08-09,2023-08-10,42.15999985,EXIT_MA,30079.693835913753,3737347.9458616693,33.15479892652465,33.68848549536845,56,83
percentile,AVGO,2023-05-26,81.27300262,98.17444219066938,2023-05-30,83.51200104,3332.7633458424125,151732.10321694694,True,75.160800936,556.6514720081309,278882.3874760736,2023-08-09,2023-08-10,85.31199646,EXIT_MA,568.6493895250513,4873.657896927034,1.747567474961166,2.155373356624346,50,72
percentile,PLTR,2023-05-30,14.71000004,99.59432048681542,2023-05-31,14.18999958,842151.5278804579,846109.1615762585,True,12.770999622,23900.259653840112,11974030.086573897,2023-08-09,2023-08-10,15.43999958,EXIT_MA,26005.638473541258,1002783.5117231905,8.374653349565074,8.80902069765952,49,71
percentile,CAH,2023-04-13,80.72000122,89.8580121703854,2023-04-14,80.68000031,9263.428825016923,144536.38097170516,True,72.612000279,1494.7468809480565,748868.1873549763,2023-08-15,2023-08-16,90.55999756,EXIT_MA,1677.7921835815325,88350.1122522084,11.797818861055308,12.245906311400212,85,124
percentile,LRCX,2023-07-27,70.19499969,96.55172413793103,2023-07-28,71.02899933,170856.07665797728,203682.0567779542,True,63.92609939700001,24271.472308931796,12160007.626774829,2023-08-16,2023-08-17,65.01799774,EXIT_MA,22217.44001202727,-1073505.0607732218,-8.828161081161632,-8.46274288910217,14,20
percentile,DHI,2023-04-11,99.76999664,93.91480730223124,2023-04-12,100.5400009,116065.61699307893,116065.61699307893,False,90.48600081,23338.474473886425,11692575.711417098,2023-08-17,2023-08-18,115.6699982,EXIT_MA,26850.61941734266,1705883.3778368887,14.589457617718873,15.048734000956232,89,128
percentile,PHM,2023-04-25,64.94999695,98.58012170385395,2023-04-26,64.70999908,167144.50978043285,180267.15790982806,True,58.23899917200001,21631.842148237723,10837552.916267099,2023-08-17,2023-08-18,78.13999939,EXIT_MA,26121.343784569744,2196997.6322332025,20.272082168434196,20.754134601975018,79,114
percentile,RCL,2023-05-04,71.87999725,95.33468559837728,2023-05-05,73.19000244,132758.8372130496,159549.76908439776,True,65.871002196,19433.23923910933,9736052.858793775,2023-08-17,2023-08-18,98.09999847,EXIT_MA,26047.283454958295,3261541.585230414,33.49962898244263,34.03469763567888,72,105
percentile,MLM,2023-06-22,439.2200012,91.48073022312373,2023-06-23,436.4700012,24755.536393395974,30027.772301730292,True,392.82300108000004,21610.09799866437,10826659.097330848,2023-08-17,2023-08-18,428.4700012,EXIT_MA,21214.009416370034,-240868.39856220037,-2.2247712465758056,-1.8328865621933588,39,56
percentile,TKO,2023-08-10,114.0,91.68356997971603,2023-08-11,113.8799973,120921.12596379903,120921.12596379903,False,102.49199757,27540.994996540787,13798038.493266933,,2023-08-31,102.49199757,STOP,24786.895496886707,-1429377.640320465,-10.359281437125736,-10.000000000000009,15,20
percentile,MCK,2023-08-03,435.1199951,80.12170385395537,2023-08-04,434.269989,366.5372260718098,33024.727976319664,True,390.8429901,318.35223426859073,159494.46936856396,2023-08-31,2023-09-01,413.2900085,EXIT_MA,302.9723465575694,-8311.268436336832,-5.211007296516932,-4.83109149409816,20,28
percentile,HUBB,2023-08-25,323.4599915,90.26369168356997,2023-08-28,323.1499939,41732.67143336959,41732.67143336959,False,290.83499451000006,26971.82503824818,13512884.344162337,2023-09-05,2023-09-06,313.7799988,EXIT_MA,26189.75518456701,-444196.5070634,-3.2872071998107204,-2.8995807757618675,6,9
percentile,GE,2023-07-25,93.50359344,97.3630831643002,2023-07-26,93.48763275,153091.3540723146,153091.3540723146,False,84.138869475,28624.296573425527,14340772.583286189,2023-09-07,2023-09-08,88.98643494,EXIT_MA,27246.107638065052,-744964.8718917277,-5.194733181669484,-4.814752152337509,31,44
percentile,ORCL,2023-09-07,125.0899963,96.34888438133873,2023-09-08,124.8000031,108723.31757701017,109747.60800067167,True,112.32000279,27137.340741306307,13595807.711394459,,2023-09-12,112.0800018,STOP,24371.419259466544,-1434469.5009206533,-10.550822219399619,-10.192308480800028,3,4
percentile,FTV,2023-08-10,59.80406952,80.93306288032454,2023-08-11,59.56292343,139455.49964726614,230502.8482261234,True,53.606631087,16612.75449476501,8322990.00187727,2023-09-12,2023-09-13,57.33986282,EXIT_MA,15992.718438537599,-342623.50104700867,-4.116591525037626,-3.732289286661017,22,33
percentile,P,2023-09-05,40.16999817,93.71196754563894,2023-09-06,39.86000061,327210.2968448817,340409.9362032288,True,35.874000549,26085.205263670534,13068687.837098937,2023-09-13,2023-09-14,37.43999863,EXIT_MA,24501.50613118853,-842436.2776358612,-6.446219300183928,-6.071254247278857,6,8
percentile,ODFL,2023-07-26,210.375,92.0892494929006,2023-07-27,212.2250061,53844.7417403576,67349.61336501758,True,191.00250549,22854.40128860063,11450055.045588916,2023-09-19,2023-09-20,204.7899933,EXIT_MA,22053.728600496124,-445244.47394135036,-3.888579331440672,-3.5033632165366257,38,55
percentile,INTC,2023-09-12,38.86000061,91.07505070993915,2023-09-13,38.79999924,346684.03771512065,346684.03771512065,False,34.919999316,26902.680799733625,13478243.080666546,,2023-09-20,34.919999316,STOP,24212.412719760265,-1396249.1335061733,-10.359281437125736,-9.999999999999986,6,7
percentile,FIX,2023-04-27,148.8500061,97.97160243407707,2023-04-28,148.6100006,78450.95194099477,78450.95194099477,False,133.74900054,23317.19203004361,11681913.207051849,2023-09-21,2023-09-22,170.3399963,EXIT_MA,26726.66972672105,1654694.986581955,14.164588944070305,14.622162446852172,101,147
percentile,EME,2023-04-27,171.4400024,97.16024340770791,2023-04-28,171.2200012,68113.76873247101,68113.76873247101,False,154.09800108000002,23324.879128220422,11685764.44323843,2023-09-21,2023-09-22,208.8999939,EXIT_MA,28457.93174543841,2514743.4977353383,21.5197175157027,22.00677049171751,101,147
percentile,IBKR,2023-08-03,22.76000023,87.0182555780933,2023-08-04,22.77499962,631358.4942892175,631358.4942892175,False,20.497499658,28758.3789350414,14407947.846455742,2023-09-21,2023-09-22,22.29249954,EXIT_MA,28149.11788703495,-361538.0208253022,-2.509295735091366,-2.11855142942039,34,49
percentile,CSCO,2023-08-17,54.72999954,83.97565922920892,2023-08-18,54.63000107,243120.83834579223,243120.83834579223,False,49.167000963,26563.383317939853,13308255.042287866,2023-09-21,2023-09-22,53.40000153,EXIT_MA,25965.306279280376,-351567.20892695896,-2.641722808962037,-2.2515092731262176,24,35
percentile,INTU,2023-08-25,519.0499878,89.24949290060852,2023-08-28,519.0499878,18633.47810767828,26006.839156908693,True,467.1449890200001,19343.413168923955,9691049.997630902,2023-09-21,2023-09-22,504.0,EXIT_MA,18782.545932539706,-318559.57729358785,-3.2871523454265916,-2.899525701520511,18,25
percentile,ADBE,2023-08-31,559.3400269,97.97160243407707,2023-09-01,564.7999878,22122.61794455428,24516.2148124846,True,508.31998902000004,24989.70869037664,12519844.053878697,2023-09-21,2023-09-22,513.0900269,EXIT_MA,22701.789272539558,-1191651.206881458,-9.51809944080158,-9.155446532748678,14,21
percentile,TJX,2023-08-16,89.30999756,84.78701825557809,2023-08-17,89.05999756,133616.90264526062,152765.44866719062,True,80.153997804,23799.842047123337,11923720.86560879,2023-09-25,2023-09-26,88.40000153,EXIT_MA,23623.468796549798,-135609.93613044173,-1.1373122338143387,-0.7410689962745187,27,40
percentile,CPAY,2023-08-10,268.6099854,87.0182555780933,2023-08-11,267.4599915,51319.79118105074,51319.79118105074,False,240.71399235,27451.981826131214,13753442.894891739,2023-09-26,2023-09-27,262.6600037,EXIT_MA,26959.313082996032,-300745.6664767191,-2.186693679358069,-1.7946563794757342,32,47
percentile,KKR,2023-09-15,64.40000153,86.20689655172413,2023-09-18,64.36000061,84168.38130162963,206422.9177688306,True,57.924000549,10834.154143831192,5427911.226059427,2023-10-02,2023-10-03,60.36999893,EXIT_MA,10162.490178238426,-356828.62711845245,-6.573958420788398,-6.199505348326628,11,15
percentile,AJG,2023-09-19,235.7799988,84.58417849898579,2023-09-20,235.7700043,46582.87602993354,55989.0255810091,True,212.19300387,21965.689763767597,11004810.571647566,2023-10-02,2023-10-03,225.0500031,EXIT_MA,20966.95278988692,-542301.1294939946,-4.927855195355761,-4.546804514776015,9,13
percentile,SMCI,2023-10-10,31.03100014,99.79716024340772,2023-10-11,31.11000061,415992.8046754641,415992.8046754641,False,27.999000549,25883.0728144186,12967419.480023718,,2023-10-13,27.999000549,STOP,23294.76553297674,-1343331.479068324,-10.35928143712574,-9.999999999999998,3,2
percentile,VST,2023-08-09,30.30999947,87.2210953346856,2023-08-10,30.44000053,454639.6859747304,454639.6859747304,False,27.396000477,27678.464564059654,13866910.746593885,2023-10-13,2023-10-16,31.97999954,EXIT_MA,29078.753896675247,643387.4478470627,4.639731657644781,5.059129379719507,46,67
percentile,VRT,2023-08-25,37.5,99.79716024340772,2023-08-28,37.43999863,359969.3212562672,359969.3212562672,False,33.695998767,26954.501789353344,13504205.396466026,2023-10-19,2023-10-20,37.18999863,EXIT_MA,26774.517128725212,-143721.34923214465,-1.0642710549245327,-0.6677350671687288,38,53
percentile,APO,2023-09-13,90.59999847,95.94320486815415,2023-09-14,91.0,147636.6164817746,147636.6164817746,False,81.9,26869.86419968298,13461801.964041172,2023-10-19,2023-10-20,83.23000336,EXIT_MA,24575.592171674263,-1198581.4703757148,-8.90357378289575,-8.538457846153847,26,36
percentile,FERG,2023-09-28,168.0,90.26369168356997,2023-09-29,167.8999939,76029.9315446233,76029.9315446233,False,151.10999451,25530.85008511934,12790955.892644787,2023-10-19,2023-10-20,155.3300018,EXIT_MA,23619.458807360425,-1004845.9477719348,-7.85590972407116,-7.486594732985285,15,21
percentile,PLTR,2023-10-09,17.61000061,98.98580121703854,2023-10-10,18.05999947,730569.7938589737,730569.7938589737,False,16.253999523,26388.18017978215,13220478.270070856,,2023-10-20,16.253999523,STOP,23749.362161803936,-1369546.551330693,-10.359281437125745,-9.999999999999998,9,10
percentile,AKAM,2023-09-20,108.4899979,92.0892494929006,2023-09-21,107.6600037,111999.6078058728,120574.46992439067,True,96.89400333,24115.756381557632,12081993.947160374,2023-10-20,2023-10-23,103.8399963,EXIT_MA,23260.077720326564,-475215.1647174191,-3.9332511404635215,-3.548214070886202,22,32
percentile,ARES,2023-10-06,108.4199982,96.34888438133873,2023-10-09,107.2699966,117434.9361826906,117434.9361826906,False,96.54299694,25194.490410076876,12622439.695448514,2023-10-20,2023-10-23,101.25,EXIT_MA,23780.574576994844,-755932.9815280866,-5.988802480083673,-5.6120040932302935,10,14
percentile,SNPS,2023-10-10,490.1099854,94.7261663286004,2023-10-11,490.2799988,26338.318264599304,26338.318264599304,False,441.25199892,25826.30129432353,12938976.948456088,2023-10-25,2023-10-26,458.4200134,EXIT_MA,24148.024423582156,-889112.7610885929,-6.871584705888854,-6.49832452434932,11,15
percentile,CDNS,2023-10-10,249.75,92.2920892494929,2023-10-11,250.3200073,629.7186095413003,51686.37749799126,True,225.28800657,315.2623338746483,157946.42927119878,2023-10-25,2023-10-26,231.1699982,EXIT_MA,291.1440996683378,-12665.523536698223,-8.018872978097617,-7.650211146346497,11,15
percentile,WSM,2023-09-25,78.13999939,91.07505070993915,2023-09-26,77.93000031,164526.57917657535,164526.57917657535,False,70.137000279,25643.112732467514,12847199.478966225,2023-10-26,2023-10-27,72.48500061,EXIT_MA,23851.418383950553,-945341.7053748984,-7.358348462811969,-6.98703923821401,23,31
percentile,NWS,2023-10-16,22.68000031,88.64097363083164,2023-10-17,22.68000031,25343.611781048134,564496.2647211538,True,20.412000279,1149.5862461013826,575942.7092967927,2023-10-26,2023-10-27,21.19000053,EXIT_MA,1074.0622941450483,-39985.62451841356,-6.942639237023193,-6.569663843183616,8,10
percentile,NFLX,2023-10-19,40.17699814,91.07505070993915,2023-10-20,40.56299973,307918.35826479236,307918.35826479236,False,36.506699757,24980.184566313634,12515072.46772313,2023-10-27,2023-10-30,40.23500061,EXIT_MA,24778.19066522824,-150755.3257742375,-1.2045901145442146,-0.8086165278289759,6,10
percentile,TRGP,2023-11-02,90.25,91.88640973630832,2023-11-03,90.11000061,134062.1227358043,134062.1227358043,False,81.099000549,24160.67592300244,12104498.637424223,2023-11-08,2023-11-09,83.97000122,EXIT_MA,22514.393219362555,-869816.4209623095,-7.185893831844011,-6.813893406320326,4,6
percentile,VRTX,2023-10-13,371.0,79.10750507099391,2023-10-16,372.1199951,34276.7084120257,34276.7084120257,False,334.90799559,25510.09713265426,12780558.663459785,2023-11-15,2023-11-16,350.7200012,EXIT_MA,24043.054430795408,-783074.5024928767,-6.127075686696884,-5.750831501072429,23,31
percentile,JBL,2023-09-28,124.9499969,98.37728194726166,2023-09-29,126.9599991,102225.12057938846,102225.12057938846,False,114.26399919,25957.002433513102,13004458.219190063,,2023-11-29,114.26399919,STOP,23361.30219016179,-1347168.4262993298,-10.359281437125748,-9.999999999999998,43,61
percentile,PLTR,2023-11-03,18.88999939,99.18864097363083,2023-11-06,18.98999977,647426.2331519319,647426.2331519319,False,17.090999793,24589.248037294306,12319213.266684446,,2023-12-06,17.090999793,STOP,22130.323233564875,-1276181.9731355738,-10.359281437125743,-9.999999999999998,22,30
percentile,CAH,2023-11-03,100.2099991,90.06085192697769,2023-11-06,99.5,122042.52329256824,122042.52329256824,False,89.55,24286.462135221078,12167517.529745761,2023-12-20,2023-12-21,99.76999664,EXIT_MA,24352.36427767331,-15687.755186779425,-0.1289314369050859,0.27135340703516864,32,45
percentile,CBOE,2023-10-04,159.9600067,89.65517241379311,2023-10-05,160.7899933,78960.07344297164,78960.07344297164,False,144.71099397,25391.979359725832,12721381.659222642,2024-01-04,2024-01-05,174.3600006,EXIT_MA,27534.95690578516,1018561.8367641512,8.006691914833972,8.439584467598849,63,92
percentile,COIN,2023-11-09,92.86000061,97.97160243407707,2023-11-10,94.40000153,118773.91439974264,130604.68924995998,True,84.960001377,22424.51540211959,11234682.216461914,2024-01-12,2024-01-16,129.4400024,EXIT_MA,30748.191529920165,4108665.3569682483,36.57126456988626,37.11864438780164,43,67
percentile,INTC,2023-11-16,43.34999847,97.3630831643002,2023-11-17,42.90999985,279038.3856594985,291816.46768149035,True,38.618999865,23947.074173586643,11997484.160966909,2024-01-26,2024-01-29,43.70999908,EXIT_MA,24393.535160922733,174889.88433353417,1.4577213187955511,1.8643654924179742,47,73
percentile,LULU,2023-10-16,416.6400146,89.04665314401623,2023-10-17,415.0,30728.62665666201,30728.62665666201,False,373.5,25504.76012502947,12777884.822639763,2024-01-31,2024-02-01,454.8999939,EXIT_MA,27956.904157341854,1172610.3518738206,9.176873701320254,9.6144563614458,73,107
percentile,IT,2023-11-03,386.7099915,88.03245436105477,2023-11-06,387.8099976,29904.688986060653,31625.459435045377,True,349.02899784,23194.674727825855,11620532.038640752,2024-02-12,2024-02-13,442.980011,EXIT_MA,26494.358911993455,1600153.0584439822,13.77004988345741,14.226042067359025,67,99
percentile,PHM,2023-11-02,80.16999817,95.94320486815415,2023-11-03,82.68000031,150918.1346274981,150918.1346274981,False,74.412000279,24955.82283557233,12502867.240621736,2024-02-13,2024-02-14,103.4700012,EXIT_MA,31230.99914201798,3081401.331245236,24.64555747047991,25.145138863147153,69,103
percentile,MU,2023-12-21,85.48000336,89.67611336032388,2023-12-22,86.15000153,140772.77318544424,164166.9974623688,True,77.535001377,24255.14925061673,12151829.774558982,2024-02-13,2024-02-14,82.18000031,EXIT_MA,23137.413088038735,-606260.6436276529,-4.989048191712803,-4.608242773643512,35,54
percentile,PANW,2023-11-29,144.4550018,96.14604462474645,2023-11-30,144.3450012,80598.71594217666,90914.88409451739,True,129.91050108000002,23268.0434987839,11657289.792890733,2024-02-21,2024-02-22,137.0650024,EXIT_MA,22094.52638810272,-632121.1252274755,-5.422539341974481,-5.0434713633851995,56,84
percentile,NRG,2023-11-02,45.13000107,93.91480730223124,2023-11-03,45.40000153,268094.5333491067,268094.5333491067,False,40.860001376999996,24342.98444846816,12195835.208682548,2024-02-23,2024-02-26,51.59999847,EXIT_MA,27667.355021258543,1610174.946925465,13.202662379195953,13.65638046488411,76,115
percentile,NOW,2023-11-02,119.8860016,94.32048681541582,2023-11-03,120.1159973,100921.76246960877,100921.76246960877,False,108.10439757,24244.63629662154,12146562.784607392,2024-03-05,2024-03-06,150.102005,EXIT_MA,30297.117789644057,2971698.992424991,24.46534912898031,24.96420824372574,83,124
percentile,CTSH,2024-01-12,77.97000122,77.7327935222672,2024-01-16,77.66000366,18696.856505198946,178644.93657879892,True,69.894003294,2903.99588924849,1454901.9405134935,2024-03-06,2024-03-07,77.05000305,EXIT_MA,2881.1857015019823,-17190.27546400437,-1.1815418610231032,-0.7854758965382236,36,51
percentile,PLTR,2024-03-06,26.15999985,97.97570850202429,2024-03-07,27.01000023,53122.620098819396,586422.5147932944,True,24.309000207,2869.683962174629,1437711.6650494891,,2024-03-14,24.309000207,STOP,2582.7155659571663,-148936.59763686312,-10.359281437125741,-9.999999999999998,6,7
percentile,BNY,2024-01-12,54.84999847,84.81781376518218,2024-01-16,55.0,253946.14970890395,253946.14970890395,False,49.5,27934.076467979434,13994972.310457697,2024-03-14,2024-03-15,53.91999817,EXIT_MA,27385.551855165297,-329581.934730215,-2.3550024067138455,-1.9636396909090914,42,59
percentile,CRWD,2023-10-06,44.17250061,94.9290060851927,2023-10-09,44.125,288240.31679705327,288240.31679705327,False,39.7125,25437.20795733995,12744041.186627315,2024-04-04,2024-04-05,77.43000031,EXIT_MA,44636.89563790066,9529769.736685118,74.77824025462955,75.47875424362604,123,179
percentile,FAST,2023-12-06,31.06500053,79.3103448275862,2023-12-07,31.20499992,353180.2385250266,423953.56132444023,True,28.084499928,22041.97862983807,11043031.293548875,2024-04-11,2024-04-12,34.77000046,EXIT_MA,24560.15411195617,1212485.608317254,10.979644774035592,11.424452969522703,86,127
percentile,SMCI,2024-02-12,77.3010025,100.0,2024-02-13,75.0,175923.9533876877,188297.2678416989,True,67.5,26388.593008153155,13220685.09708473,2024-04-12,2024-04-15,91.19999695,EXIT_MA,32088.528024778123,2791490.3872795533,21.114566807850977,21.599995933333325,42,62
percentile,HWM,2024-02-13,61.97999954,88.66396761133603,2024-02-14,62.56999969,200386.89751135855,232533.65176457827,True,56.312999721000004,25076.41623033153,12563284.531396098,2024-04-12,2024-04-15,65.33999634,EXIT_MA,26186.55829995225,503808.0602800716,4.010161984479753,4.427036381211136,41,61
percentile,ALL,2024-01-04,148.5,87.4493927125506,2024-01-05,149.3399963,91108.9108526147,91108.9108526147,False,134.40599667,27212.40881925302,13633416.818445763,2024-04-17,2024-04-18,165.1000061,EXIT_MA,30084.163475062087,1378580.7556102183,10.111777362700625,10.553107131689421,71,104
percentile,AXON,2024-04-11,324.0899963,92.3076923076923,2024-04-12,322.230011,48381.35368718699,48381.35368718699,False,290.0070099,31179.848261634306,15621103.979078786,2024-04-18,2024-04-19,299.1799927,EXIT_MA,28949.466085897442,-1175320.4022159632,-7.523926630218069,-7.153281045569648,5,7
percentile,DASH,2023-11-02,87.79000092,97.3630831643002,2023-11-03,88.05000305,137818.73163359272,137818.73163359272,False,79.24500274500001,24269.879481369942,12159209.62016634,2024-04-19,2024-04-22,128.4600067,EXIT_MA,35408.39037807365,5509577.17849241,45.31196805222146,45.894380749825544,115,171
percentile,NFLX,2024-01-26,57.04199982,94.73684210526315,2024-01-29,57.13499832,212620.60465080978,250638.12571421755,True,51.421498488000005,24296.1557790428,12172374.045300445,2024-04-19,2024-04-22,55.06600189,EXIT_MA,23416.333235108872,-487623.7609811183,-4.005987321506784,-3.6212417797092167,58,84
percentile,TDG,2024-01-31,1092.680054,91.29554655870446,2024-02-01,1099.459961,12663.171346504409,12899.816005362078,True,989.5139649,27845.29974952811,13950495.174513584,2024-04-19,2024-04-22,1195.939941,EXIT_MA,30288.78478602275,1163608.4337117672,8.340983019997633,8.775215416871385,55,81
percentile,GRMN,2024-02-21,133.5800018,76.92307692307693,2024-02-22,134.7700043,81644.00083036358,104732.25973322534,True,121.29300387,22006.32468595461,11025168.66766326,2024-04-19,2024-04-22,140.6199951,EXIT_MA,22961.557993420247,432648.7710534446,3.9241918567867384,4.340721683868054,41,60
percentile,NVDA,2024-02-23,78.81700134,99.39271255060729,2024-02-26,79.69999695,172878.96833614362,184659.48139403065,True,71.729997255,27556.90649821959,13806010.155608013,2024-04-19,2024-04-22,78.10399628,EXIT_MA,27005.0765996328,-330476.9323912468,-2.3937178711766105,-2.002510327574103,39,56
percentile,HOOD,2024-03-14,18.04999924,97.36842105263158,2024-03-15,17.81999969,837503.7637007426,856613.1815284904,True,16.037999721,29848.63361904213,14954165.443140108,2024-04-19,2024-04-22,16.94000053,EXIT_MA,28374.628401935148,-795225.8705744687,-5.3177549332200345,-4.938266977040562,25,38
percentile,PGR,2024-04-19,214.6900024,95.1417004048583,2024-04-22,215.0599976,68307.10868606974,68307.10868606974,False,193.55399784,29380.253260178193,14719506.883349275,2024-05-16,2024-05-17,209.3099976,EXIT_MA,28594.721510288393,-450740.8497153688,-3.062200746855504,-2.673672493335877,19,25
percentile,SYF,2024-04-24,45.02000046,88.46153846153845,2024-04-25,44.95999908,331442.3155255232,331442.3155255232,False,40.463999172,29803.292402201187,14931449.493502794,2024-05-23,2024-05-24,43.13999939,EXIT_MA,28596.842579182518,-661625.0464907177,-4.431083846070098,-4.0480420979581595,21,29
percentile,WFC,2024-04-19,60.34999847,91.29554655870446,2024-04-22,60.40000153,242996.74729965857,242996.74729965857,False,54.360001376999996,29354.0078173688,14706357.91650177,2024-05-29,2024-05-30,58.81999969,EXIT_MA,28586.137201673853,-441875.452866517,-3.004655913961509,-2.6158970198290943,27,38
percentile,FICO,2024-05-16,1404.430054,92.32323232323232,2024-05-17,1415.949951,10057.054243090608,11068.648672518479,True,1274.3549559,28480.57092541698,14268766.033633906,,2024-05-31,1274.3549559,STOP,25632.513832875284,-1478141.6310291402,-10.359281437125741,-9.999999999999998,10,14
percentile,DELL,2024-05-29,179.2100067,99.39393939393939,2024-05-30,178.8000031,79619.74382510375,88114.42366201093,True,160.92000279,28472.020885499514,14264482.463635257,,2024-05-31,143.8000031,STOP,22898.638817742252,-2838061.6935818736,-19.89600184105525,-19.574943732201756,2,1
percentile,DOV,2024-04-25,179.1100006,78.74493927125506,2024-04-26,179.3800049,83403.67411560894,83403.67411560894,False,161.44200440999998,29921.90294307187,14990873.374479005,2024-06-06,2024-06-07,177.5099945,EXIT_MA,29609.971467083073,-215497.61240455322,-1.4375253997637256,-1.0424854214060697,29,42
percentile,AXP,2024-04-22,233.0,92.3076923076923,2024-04-23,234.7700043,63378.53107983954,63378.53107983954,False,211.29300387,29758.756028283224,14909136.770169895,2024-06-10,2024-06-11,231.6399994,EXIT_MA,29362.00580261382,-257495.87466559932,-1.7271011637695577,-1.3332218097165227,34,49
percentile,NEE,2024-05-31,80.01999664,88.48484848484848,2024-06-03,79.5,113354.21223398342,193431.1802026089,True,71.55,18023.319745203364,9029683.192346886,,2024-06-12,71.55,STOP,16220.987770683027,-935410.294776056,-10.359281437125762,-10.000000000000009,8,9
percentile,GE,2024-02-13,113.144455,91.49797570850203,2024-02-14,114.1260986,127380.8392059786,127380.8392059786,False,102.71348874,29074.95642994452,14566553.171402205,2024-06-13,2024-06-14,154.2200012,EXIT_MA,39289.34635040606,5038830.657450419,34.591784330577994,35.13123035995906,84,121
percentile,WAB,2024-04-24,163.3800049,94.12955465587044,2024-04-25,162.4199982,91330.22860756765,91330.22860756765,False,146.17799838000002,29667.711132093456,14863523.277178822,2024-06-14,2024-06-17,160.0,EXIT_MA,29225.67315442165,-279912.3731224183,-1.8832168383130974,-1.4899631983865014,36,53
percentile,VST,2024-03-05,58.88999939,98.582995951417,2024-03-06,59.27000046,254565.3026610545,254776.5176354694,True,53.343000414,30176.17121164148,15118261.77703238,2024-06-17,2024-06-18,83.91000366,EXIT_MA,42721.150955996185,6199592.550009714,41.00731050594796,41.57247006709404,72,104
percentile,TSCO,2024-04-25,53.05199814,72.67206477732793,2024-04-26,52.93199921,281580.9516065275,281580.9516065275,False,47.638799289000005,29809.285415975522,14934451.993403737,2024-06-25,2024-06-26,52.90999985,EXIT_MA,29796.896214528453,-65800.78235403821,-0.4405972337190622,-0.04156155128908212,41,61
percentile,CMG,2024-04-25,62.23939896,95.54655870445345,2024-04-26,62.40940094,240015.68733800834,240015.68733800834,False,56.168460846,29958.47052593489,15009193.733493378,2024-06-27,2024-06-28,62.02999878,EXIT_MA,29776.34558551504,-150797.28632137552,-1.004699446212542,-0.6079246944939443,43,63
percentile,BBY,2024-06-17,91.26000214,76.96969696969697,2024-06-18,91.25,54453.36057562409,168980.71481429573,True,82.125,9937.738305051396,4978806.89083075,,2024-07-02,81.55000305,STOP,8881.343442049789,-547016.5132479053,-10.986899577393162,-10.630133643835615,10,14
percentile,ACGL,2024-04-05,94.90000153,73.07692307692307,2024-04-08,94.83000183,167407.31178853277,167407.31178853277,False,85.347001647,31750.471366523885,15906986.154628467,2024-07-03,2024-07-05,97.87999725,EXIT_MA,32771.65443498296,446069.4084280301,2.8042358501596922,3.2162768756112348,61,88
percentile,META,2024-07-05,539.9099731,93.93939393939394,2024-07-08,542.3499756,28017.42507425677,28017.42507425677,False,488.11497804,30390.499610795974,15225640.305008784,,2024-07-16,488.11497804,STOP,27351.44964971638,-1577266.929800311,-10.359281437125748,-9.999999999999998,7,8
percentile,CDNS,2024-06-17,322.0799866,81.21212121212122,2024-06-18,320.3900146,47879.9709300887,47879.9709300887,False,288.35101313999996,30680.529170677382,15370945.114509368,,2024-07-17,288.35101313999996,STOP,27612.476253609646,-1592319.4639581554,-10.359281437125743,-10.000000000000009,20,29
percentile,CRWD,2024-06-10,93.64250183,97.57575757575758,2024-06-11,93.21499634,156867.42131022326,163274.1608187995,True,83.89349670600001,29244.7922065954,14651640.895504294,2024-07-17,2024-07-18,87.93499756,EXIT_MA,27588.27262031595,-885092.8579666354,-6.040912852554399,-5.664323324909326,25,37
percentile,BSX,2024-04-24,72.91000366,88.25910931174089,2024-04-25,73.12999725,204656.87077737448,204656.87077737448,False,65.816997525,29933.112794286008,14996489.509937288,2024-07-18,2024-07-19,76.90000153,EXIT_MA,31476.227351810223,710147.9386160113,4.7354278355973785,5.155209109487546,58,85
percentile,GOOG,2024-04-26,173.6900024,85.62753036437248,2024-04-29,170.7700043,64503.157497143875,86225.0504666241,True,153.69300387,22030.408966301675,11037234.892117139,2024-07-18,2024-07-19,180.3699951,EXIT_MA,23268.86840338874,573930.4411738422,5.199947693273673,5.621590770200613,56,81
percentile,AMZN,2024-06-27,197.8500061,89.0909090909091,2024-06-28,197.7299957,74994.88844237878,75736.32687344843,True,177.95699613,29657.477938467073,14858396.447172003,2024-07-18,2024-07-19,181.1399994,EXIT_MA,27169.148094911117,-1300991.5478113554,-8.755935086514487,-8.390227411510532,14,21
percentile,AVGO,2024-06-13,167.8990021,96.56565656565657,2024-06-14,168.6860046,91581.19965460274,91581.19965460274,False,151.81740414,30896.93333241967,15479363.599542255,,2024-07-24,151.81740414,STOP,27807.239999177706,-1603550.8399525788,-10.359281437125736,-9.999999999999986,27,40
percentile,NVDA,2024-05-23,103.7990036,98.7878787878788,2024-05-24,104.4489975,136347.3284028897,150438.83754842676,True,94.00409775,28482.68352697021,14269824.447012074,2024-07-24,2024-07-25,113.0400009,EXIT_MA,30825.40425075049,1112052.2741124202,7.793034022540272,8.225070231047438,41,62
percentile,HOOD,2024-06-06,22.96999931,98.58585858585859,2024-06-07,22.52000046,654790.572508109,660484.0226559709,True,20.268000414,29491.767988172556,14775375.762074452,2024-07-24,2024-07-25,21.15999985,EXIT_MA,27710.736832106002,-947718.0828535575,-6.414172459059671,-6.039078961901589,32,48
percentile,ANET,2024-06-13,82.91750336,95.15151515151516,2024-06-14,82.75,49761.74815698355,185442.05276381184,True,74.47500000000001,8235.569319980777,4126020.2293103696,2024-07-24,2024-07-25,81.75,EXIT_MA,8136.045823666811,-66133.36330063082,-1.6028366228268462,-1.2084592145015116,27,41
percentile,COST,2024-07-05,885.6699829,92.32323232323232,2024-07-08,886.789978,1268.8065450727615,17079.597943064982,True,798.1109802000001,2250.3298563826606,1127415.258047713,2024-07-24,2024-07-25,835.789978,EXIT_MA,2120.9115887852386,-69080.37524387892,-6.12732307379819,-5.751079879705179,13,17
percentile,COHR,2024-06-12,70.43000031,96.36363636363636,2024-06-13,70.09999847,115237.04480107027,219043.5547214606,True,63.08999862300001,16156.233328484695,8094272.897570833,2024-07-25,2024-07-26,69.30999756,EXIT_MA,15974.158587967582,-123167.76217500959,-1.521665549625506,-1.1269628063374282,29,43
percentile,RCL,2024-06-25,160.7299957,91.91919191919192,2024-06-26,160.0,92743.58290325411,93889.96459797992,True,144.0,29677.946529041314,14868651.211049698,2024-07-25,2024-07-26,154.6499939,EXIT_MA,28685.589060504783,-554542.2698578108,-3.7296070906936096,-3.3437538125000055,21,30
percentile,NTAP,2024-05-31,120.4300003,92.92929292929293,2024-06-03,117.9300003,128525.80213672886,128525.80213672886,False,106.13700027,30314.09576908435,15187361.98031126,2024-07-30,2024-07-31,125.0599976,EXIT_MA,32146.873013514774,853927.6534326114,5.6226200082649935,6.045957162606741,40,58
percentile,GLW,2024-06-17,38.75,80.60606060606061,2024-06-18,39.0,397965.94569216407,397965.94569216407,False,35.1,31041.343763988796,15551713.225758387,2024-07-30,2024-07-31,40.70999908,EXIT_MA,32402.386565998662,617077.6706749462,3.9679079836225184,4.384613025641038,29,43
percentile,SYF,2024-07-16,51.70999908,91.51515151515152,2024-07-17,51.61999893,263873.13822794973,297449.2785609793,True,46.457999037,27242.262225965016,13648373.375208473,,2024-08-02,46.457999037,STOP,24518.036003368514,-1413873.409527585,-10.359281437125754,-9.999999999999998,13,16
percentile,C,2024-07-17,67.61000061,89.8989898989899,2024-07-18,67.55000305,188307.53087828626,219532.05253148568,True,60.795002745000005,25440.34857033241,12745614.633736538,,2024-08-02,59.66999817,STOP,22472.62004580912,-1531777.2308777869,-12.018072685355676,-11.665439710146696,12,15
percentile,ZBRA,2024-07-30,348.1199951,89.0909090909091,2024-07-31,357.7799988,10690.818064051115,40996.892678425254,True,322.00199892,7649.921748254452,3832610.7958754804,,2024-08-02,322.00199892,STOP,6884.929573429007,-397030.9387344057,-10.35928143712574,-9.999999999999998,3,2
percentile,GRMN,2024-07-30,179.3399963,96.76767676767678,2024-07-31,175.4499969,79579.7834993522,79579.7834993522,False,157.90499721,27924.54553652803,13990197.313800542,2024-08-05,2024-08-06,161.6399994,EXIT_MA,25726.552314174838,-1152647.7090272978,-8.238966779190998,-7.871187086923226,4,6
percentile,CFG,2024-07-17,40.91999817,91.31313131313131,2024-07-18,40.72000122,362721.47774556704,362721.47774556704,False,36.648001098,29540.038032639386,14799559.054352332,2024-09-10,2024-09-11,39.49000168,EXIT_MA,28647.74353108905,-504335.03233889677,-3.407770667265788,-3.02062746352737,38,55
percentile,UHS,2024-07-25,204.9900055,92.72727272727272,2024-07-26,209.5800018,69136.89560782643,69136.89560782643,False,188.62200162,28979.421411869353,14518690.127346545,2024-10-01,2024-10-02,224.0,EXIT_MA,30973.32923230624,937001.1595742684,6.453758234080556,6.880426603756251,47,68
percentile,TYL,2024-07-25,564.3400269,93.33333333333333,2024-07-26,570.9099731,25113.179883326942,25113.179883326942,False,513.81897579,28674.729703291294,14366039.581348937,2024-10-04,2024-10-07,583.2199707,EXIT_MA,29293.016071475537,251175.43831735477,1.7483972315059568,2.156206438846664,50,73
percentile,AMT,2024-08-02,234.6399994,87.87878787878788,2024-08-05,231.8800049,57614.8654370047,58886.12861928467,True,208.69200440999998,26719.47055969098,13386454.75040518,2024-10-04,2024-10-07,222.2799988,EXIT_MA,25613.264440399133,-605435.7946460117,-4.522749345771975,-4.140074994452448,44,63
percentile,ALL,2024-07-18,176.6900024,86.26262626262627,2024-07-19,177.5399933,82807.24414180599,82807.24414180599,False,159.78599397,29403.1951402554,14731000.765267955,2024-10-07,2024-10-08,182.2400055,EXIT_MA,30181.58525568513,329610.2773189265,2.237528071385793,2.6472977229745176,56,81
percentile,HCA,2024-07-25,352.7900085,79.7979797979798,2024-07-26,356.0,35887.71380559126,40172.26188224451,True,320.40000000000003,25552.052229580975,12801578.16702007,2024-10-07,2024-10-08,382.7000122,EXIT_MA,27468.45702245977,905181.8871873543,7.0708616967189215,7.500003426966284,51,74
percentile,VST,2024-10-04,138.4100037,99.79838709677419,2024-10-07,139.8600006,107992.19268068453,107992.19268068453,False,125.87400054000001,30207.57626623171,15133995.709382085,,2024-10-09,125.87400054000001,STOP,27186.81863960854,-1567773.2082174234,-10.359281437125734,-9.999999999999998,3,2
percentile,LMT,2024-10-01,605.8599854,90.30303030303031,2024-10-02,604.9400024,24591.89304574455,24591.89304574455,False,544.44600216,29753.239676226505,14906373.077789478,2024-10-22,2024-10-23,577.0200195,EXIT_MA,28380.029209594868,-744738.5022016391,-4.9961080291979325,-4.61533090707047,15,21
percentile,HAS,2024-10-01,72.88999939,81.01010101010101,2024-10-02,72.59999847,7551.264148120796,204407.24497656157,True,65.339998623,1096.4435312002713,549318.209131336,2024-10-24,2024-10-25,66.76999664,EXIT_MA,1008.395763595556,-46128.723097153474,-8.397450208340826,-8.030305720197905,17,23
percentile,RTX,2024-07-25,113.4700012,86.26262626262627,2024-07-26,113.9599991,124899.73086297337,124899.73086297337,False,102.56399919,28467.146433469377,14262040.363168158,2024-10-30,2024-10-31,121.3000031,EXIT_MA,30300.675481735674,857996.702217944,6.015946388945356,6.440860001726678,68,97
percentile,MSI,2024-08-02,410.2999878,92.52525252525253,2024-08-05,400.0100098,33675.46086945625,33675.46086945625,False,360.00900881999996,26941.04286482142,13497462.475275531,2024-10-31,2024-11-01,452.019989,EXIT_MA,30443.96290356309,1694075.0136024505,12.551062962431894,13.002169427211175,63,88
percentile,VTR,2024-08-06,57.16999817,90.1010101010101,2024-08-07,57.22999954,223867.30484441156,238145.06486768235,True,51.506999586,25623.851506533425,12837549.604773246,2024-11-06,2024-11-07,63.59999847,EXIT_MA,28475.9204911752,1371934.720323177,10.686889340727966,11.130524167744916,65,92
percentile,CTAS,2024-07-18,189.7424927,87.07070707070706,2024-07-19,189.6875,77110.88833056678,77110.88833056678,False,170.71875,29253.943260408774,14656225.573464796,2024-12-09,2024-12-10,209.1600037,EXIT_MA,32257.02737706327,1440031.087689776,9.825388402161078,10.265570319604622,100,144
percentile,FISV,2024-10-22,199.6699982,90.7258064516129,2024-10-23,199.75,70755.28330366971,75905.91962268268,True,179.775,28266.73567981605,14161634.57558784,2024-12-09,2024-12-10,203.2799988,EXIT_MA,28766.267810127276,192733.06166567095,1.3609520895130902,1.7672084105131436,33,48
percentile,GNRC,2024-10-07,173.8200073,91.53225806451613,2024-10-08,170.4700012,84819.22136398019,84819.22136398019,False,153.42300108,28918.26553540154,14488051.033236172,2024-12-10,2024-12-11,174.1900024,EXIT_MA,29549.32074591568,257060.01897575334,1.774289850208612,2.1822028355801937,45,64
percentile,TPL,2024-11-06,443.206665,98.99193548387096,2024-11-07,418.1966553,33910.175753944044,37046.9024753688,True,376.37698976999997,28362.24416186911,14209484.325096423,2024-12-11,2024-12-12,400.0,EXIT_MA,27128.140603155236,-672542.1641219594,-4.733051170154942,-4.3512197119190965,24,35
percentile,MTB,2024-07-18,167.3800049,82.42424242424242,2024-07-19,168.4100037,68078.20787425227,87413.14217844837,True,151.56900333000002,22930.102479984387,11487981.342472179,2024-12-12,2024-12-13,200.5299988,EXIT_MA,27303.445886659916,2136438.154971119,18.597158989739132,19.07249830432727,103,147
percentile,WMB,2024-10-04,49.63000107,82.05645161290323,2024-10-07,49.61999893,246669.87127132292,301172.66706125136,True,44.657999037,24479.517497092565,12264238.266043374,2024-12-16,2024-12-17,53.63999939,EXIT_MA,26462.74348905028,940670.7349927165,7.670029842759984,8.101573048542576,50,71
percentile,FICO,2024-07-02,1529.380005,95.55555555555556,2024-07-03,1531.0,2888.925204837122,9812.184767658347,True,1377.9,8845.888977211267,4431790.377582844,2024-12-17,2024-12-18,2146.060059,EXIT_MA,12399.61399107868,1755617.003965417,39.61417067119842,40.17374650555192,117,168
percentile,TRGP,2024-10-09,163.3999939,96.7741935483871,2024-10-10,163.2200012,82950.27639504257,91522.36672303364,True,146.89800108000003,27078.28842547836,13566222.50116466,2024-12-17,2024-12-18,180.7400055,EXIT_MA,29984.866823733028,1396226.0438781213,10.29192941335184,10.733981234647839,48,69
percentile,MRVL,2024-12-16,124.7799988,98.18548387096774,2024-12-17,122.3700027,107694.30094358907,143062.8287178167,True,110.13300243,26357.103794483217,13204909.00103609,,2024-12-18,110.13300243,STOP,23721.393415034894,-1367933.6869336795,-10.359281437125754,-9.999999999999998,2,1
percentile,CBRE,2024-07-25,107.4300003,89.6969696969697,2024-07-26,110.0,131921.9265691584,131921.9265691584,False,99.0,29022.823845214843,14540434.746452637,2024-12-18,2024-12-19,129.6600037,EXIT_MA,34209.99497413641,2530352.7456414327,17.402180813463993,17.87273063636363,102,146
percentile,HWM,2024-07-30,93.80999756,99.39393939393939,2024-07-31,94.37999725,152135.5766926706,152135.5766926706,False,84.941997525,28717.110619762836,14387272.42050118,2024-12-18,2024-12-19,109.5699997,EXIT_MA,33338.99018515049,2248883.6818889156,15.631063457757033,16.094514613900344,99,141
percentile,KKR,2024-10-24,143.2799988,97.37903225806451,2024-10-25,144.6000061,3472.925965544447,106543.18921126638,True,130.14000549,1004.3702316051508,503189.48603418056,2024-12-18,2024-12-19,146.9400024,EXIT_MA,1020.6234994242467,6101.640178518544,1.2125929392141699,1.6182546343613158,38,55
percentile,NCLH,2024-10-31,25.34000015,97.37903225806451,2024-11-01,25.25,585697.4161431066,585697.4161431066,False,22.725,29577.719515226887,14818437.47712867,2024-12-18,2024-12-19,25.55999947,EXIT_MA,29940.851292396354,122047.31777711026,0.823617995928941,1.2277206732673296,33,48
percentile,DASH,2024-10-31,156.6999969,95.56451612903226,2024-11-01,155.9100037,2388.2707479341702,94713.29231992432,True,140.31900333000002,744.7106022940366,373100.0117493123,2024-12-18,2024-12-19,167.3000031,EXIT_MA,799.115407066052,25658.57637664763,6.8771309484406435,7.3054962027430115,33,48
percentile,CMI,2024-12-09,383.4200134,89.71774193548387,2024-12-10,379.8900146,45069.79932241341,45069.79932241341,False,341.90101314,34243.1334452214,17155809.856055923,2024-12-18,2024-12-19,355.0100098,EXIT_MA,32000.459798268035,-1187580.4167201743,-6.9223220977875535,-6.549265272528171,7,9
percentile,BLK,2024-12-11,1065.26001,81.25,2024-12-12,1068.189941,6863.903463734667,16116.736978088053,True,961.3709469000001,14663.90527191286,7346616.541228343,2024-12-19,2024-12-20,1007.640015,EXIT_MA,13832.687578312301,-444105.4396505039,-6.045033617288132,-5.668460605734172,6,8
percentile,TSLA,2024-12-17,479.8599854,99.39516129032258,2024-12-18,466.5,36332.09790538225,36332.09790538225,False,419.85,33897.84734572164,16982821.52020654,,2024-12-20,419.85,STOP,30508.06261114948,-1759298.277242951,-10.359281437125738,-9.999999999999998,3,2
percentile,BKNG,2024-10-30,178.5572052,83.26612903225806,2024-10-31,189.3600006,79688.7267790003,85240.42208214349,True,170.42400054,30179.714701369467,15120037.065386102,2025-01-02,2025-01-03,197.5112,EXIT_MA,31478.832105184967,587900.155101195,3.888219007392906,4.304604654717137,43,64
percentile,CEG,2025-01-06,264.2799988,90.7258064516129,2025-01-07,263.5,64424.61361503545,64424.61361503545,False,237.15,33951.77137512368,17009837.458936963,,2025-01-08,237.15,STOP,30556.594237611316,-1762096.9343689159,-10.35928143712573,-9.999999999999998,2,1
percentile,AAPL,2024-12-20,254.4900055,84.2741935483871,2024-12-23,254.7700043,66604.4811684743,66604.4811684743,False,229.29300387,33937.64790738294,17002761.60159885,2025-01-10,2025-01-13,233.5299988,EXIT_MA,31108.288814696854,-1479725.4830651227,-8.70285379362125,-8.336933367944377,12,21
percentile,PLTR,2024-09-10,34.75999832,99.79797979797979,2024-09-11,34.00999832,419485.19098697713,419547.50444424275,True,30.608998488,28533.381281463942,14295224.022013435,2025-01-13,2025-01-14,67.18000031,EXIT_MA,56362.03052109107,13829429.208011007,96.74160535515117,97.53014886358864,85,125
percentile,CF,2025-01-13,95.5,79.23387096774194,2025-01-14,95.19999695,167865.72580019519,167865.72580019519,False,85.679997255,31961.633168376236,16012778.217356496,2025-01-24,2025-01-27,89.73000336,EXIT_MA,30125.1842801607,-980311.261556305,-6.122056074527596,-5.7457917702170676,8,13
percentile,CIEN,2024-12-12,84.51999664,97.17741935483872,2024-12-13,87.16000366,156003.0343778969,203202.03592653997,True,78.444003294,27194.4500946972,13624419.497443298,,2025-01-27,78.444003294,STOP,24475.00508522748,-1411391.9599147867,-10.359281437125762,-9.999999999999998,28,45
percentile,VST,2025-01-10,166.7299957,99.59677419354838,2025-01-13,161.7100067,95801.44315524735,96733.7843800247,True,145.53900603000002,30984.10402900944,15523036.118533729,,2025-01-27,145.53900603000002,STOP,27885.6936261085,-1608074.9991055876,-10.359281437125734,-9.999999999999986,10,14
percentile,AVGO,2024-12-11,183.1999969,84.4758064516129,2024-12-12,180.9299927,93714.60526725286,93714.60526725286,False,162.83699343,33911.565693774886,16989694.412581217,2025-01-27,2025-01-28,208.0099945,EXIT_MA,38987.149052421875,2464892.9645772986,14.5081653896729,14.967115952356957,29,47
percentile,WMB,2025-01-14,58.06000137,92.54032258064517,2025-01-15,58.88999939,205258.952940211,280714.3536971551,True,53.000999451,24175.399226882128,12111875.012667945,2025-01-27,2025-01-28,54.95000076,EXIT_MA,22557.9592401228,-855453.3518466689,-7.062930809242506,-6.69043754595291,8,13
percentile,IP,2025-01-24,60.09000015,91.93548387096774,2025-01-27,59.45999908,252311.84433003052,293703.3536787068,True,53.513999172000005,30004.924063473438,15032466.955800192,2025-01-31,2025-02-03,54.56999969,EXIT_MA,27537.31453374619,-1291347.003460843,-8.590386443274928,-8.224015246654792,5,7
percentile,RMD,2025-01-27,254.6999969,80.84677419354838,2025-01-28,252.4799957,26799.169391092677,64777.351523355705,True,227.23199613,13532.5083452533,6779786.680971904,2025-01-31,2025-02-03,242.0,EXIT_MA,12970.797985288857,-307358.4863127647,-4.533453643540064,-4.1508221952175735,4,6
percentile,CRM,2025-01-27,347.1000061,82.25806451612904,2025-01-28,354.769989,47533.249617505295,47533.249617505295,False,319.2929901,33726.74088787322,16897097.18482448,2025-02-06,2025-02-07,332.0,EXIT_MA,31562.07774602352,-1147620.3895587474,-6.791819784225667,-6.41823990360132,8,10
percentile,APD,2025-01-31,335.2600098,77.41935483870968,2025-02-03,330.8800049,50424.94350356381,50424.94350356381,False,297.79200441,33369.21110708283,16717974.764648499,2025-02-07,2025-02-10,310.7000122,EXIT_MA,31334.061123483174,-1082278.264030395,-6.473740266189177,-6.09888551775708,5,7
percentile,PLTR,2025-02-06,111.2799988,99.79838709677419,2025-02-07,111.6600037,140766.97289092117,155659.84506843894,True,100.49400333000001,31436.081427676116,15749476.795265734,,2025-02-20,100.49400333000001,STOP,28292.47328490851,-1631532.6260963883,-10.359281437125736,-9.999999999999998,9,13
percentile,HOOD,2024-10-08,25.61000061,97.98387096774194,2024-10-09,25.48999977,559074.8746681815,579294.0351319931,True,22.940999793,28501.636853409454,14279320.063558137,2025-02-25,2025-02-26,47.31000137,EXIT_MA,52899.66617296849,12117613.356753139,84.86127702731568,85.60220398934904,94,140
percentile,IBKR,2025-01-07,47.79249954,97.58064516129032,2025-01-08,47.71749878,346864.9570976496,346864.9570976496,False,42.945748902,33103.05633426369,16584631.22346611,2025-02-25,2025-02-26,50.91749954,EXIT_MA,35322.992586923385,1041542.0774086602,6.280164227799953,6.706136829915388,32,49
percentile,KEYS,2025-01-31,178.3500061,72.37903225806451,2025-02-03,173.7799988,20074.785441706703,94788.14956524552,True,156.40199891999998,6977.1923799400965,3495573.3823499884,2025-02-26,2025-02-27,161.8699951,EXIT_MA,6499.010842165231,-252566.9721095385,-7.225337433475475,-6.8534950985394865,17,24
percentile,EBAY,2025-01-08,69.40000153,85.88709677419355,2025-01-10,68.70999908,237060.13179298153,237060.13179298153,False,61.838999172,32576.80287480088,16320978.240275241,,2025-02-27,61.838999172,STOP,29319.122587320795,-1690736.069202166,-10.35928143712575,-9.999999999999998,33,48
percentile,TKO,2025-02-07,166.3699951,96.37096774193549,2025-02-10,168.0,92883.85431885101,104180.4556078998,True,151.20000000000002,31208.975051133937,15635696.500618104,,2025-02-27,151.20000000000002,STOP,28088.077546020548,-1619745.8051538505,-10.359281437125741,-9.999999999999986,13,17
percentile,NRG,2025-02-26,113.3300018,96.9758064516129,2025-02-27,116.1999969,27853.127623907374,147039.1431029681,True,104.57999721,6473.066687106683,3243006.410240448,,2025-02-28,104.4800034,STOP,5820.189737692953,-338731.7311316645,-10.44499110646376,-10.086053195066825,2,1
percentile,META,2025-01-27,659.8800049,90.32258064516128,2025-01-28,666.0,25002.71429604717,25002.71429604717,False,599.4,33303.61544233483,16685111.33660975,2025-03-04,2025-03-05,641.0,EXIT_MA,32053.47972753247,-690424.9525710475,-4.1379703056349815,-3.7537537537537524,25,36
percentile,RL,2025-01-06,242.9600067,92.33870967741935,2025-01-07,243.7599945,70077.94015208195,70077.94015208195,False,219.38399505,34164.39661208566,17116362.702654913,2025-03-05,2025-03-06,244.9900055,EXIT_MA,34336.78988657446,17695.450745739043,0.10338324241630091,0.5045992073157812,39,58
percentile,ECHO,2025-02-28,31.22999954,98.79032258064517,2025-03-03,31.20999908,531325.8646636603,531325.8646636603,False,28.088999172,33165.35949466609,16615845.106827708,,2025-03-06,28.088999172,STOP,29848.823545199477,-1721282.1577731688,-10.359281437125741,-9.999999999999998,4,3
percentile,FFIV,2024-12-11,260.0700073,88.30645161290323,2024-12-12,260.6400146,66014.97640072335,66014.97640072335,False,234.57601314,34412.288825806376,17240556.701728992,2025-03-06,2025-03-07,275.6199951,EXIT_MA,36390.09494418797,918100.6754208058,5.325237991466556,5.7473832339173025,56,85
percentile,BSX,2025-01-08,95.94999695,88.50806451612904,2025-01-10,95.48000336,171464.03368525504,171464.03368525504,False,85.932003024,32742.773024774608,16404129.285412079,2025-03-07,2025-03-10,97.76999664,EXIT_MA,33528.075994576466,326380.6358815767,1.9896248694639442,2.398400921044974,39,59
percentile,FOX,2024-12-17,46.47000122,93.54838709677419,2024-12-18,46.77000046,88918.47191655175,375173.64994009567,True,42.093000414,8317.433944879243,4167034.406384501,2025-03-11,2025-03-12,49.27000046,EXIT_MA,8762.026304462002,205216.71954203816,4.924766621259867,5.34530676803846,55,84
percentile,LH,2025-03-04,256.8099976,81.65322580645162,2025-03-05,255.0299988,62591.698770435294,62939.9446868037,True,229.52699891999998,31925.521724628146,15994686.384038702,2025-03-11,2025-03-12,238.2899933,EXIT_MA,29829.95096128529,-1109540.8543573432,-6.936934102468979,-6.563935842358637,5,7
percentile,FOXA,2024-12-18,49.43000031,94.95967741935483,2024-12-19,49.18999863,335210.9659949526,335210.9659949526,False,44.270998767,32978.05391610539,16522005.0119688,2025-03-12,2025-03-13,52.11000061,EXIT_MA,34935.68728495134,910902.9432219174,5.513271195366694,5.93617007791325,55,84
percentile,MMM,2025-01-08,134.5299988,84.87903225806451,2025-01-10,133.8300018,100536.34971052609,122292.22965796175,True,120.44700162,26909.55972545027,13481689.422450585,2025-03-27,2025-03-28,147.8600006,EXIT_MA,29730.609457040395,1353884.6966125723,10.042396425169056,10.483448114247885,53,77
percentile,VEEV,2025-03-07,246.8000031,84.87903225806451,2025-03-10,244.1000061,13257.585355506406,64537.119379381016,True,219.69000549,6472.35333230077,3242649.0194826853,2025-04-01,2025-04-02,226.1999969,EXIT_MA,5997.7315326340695,-249780.98469828488,-7.70299169591082,-7.333063806916473,17,23
percentile,BMY,2025-03-07,61.09000015,88.30645161290323,2025-03-10,60.95000076,260726.16179059388,260726.16179059388,False,54.855000684000004,31782.519518577163,15923042.278807158,2025-04-03,2025-04-04,56.81999969,EXIT_MA,29628.92086423287,-1138210.7675549574,-7.1481991168852455,-6.7760476103396865,19,25
percentile,LNT,2025-02-21,62.81000137,70.36290322580645,2025-02-24,63.09999847,223292.63045209652,271304.0094472987,True,56.789998623,28179.529279779134,14117944.169169346,2025-04-04,2025-04-07,61.50999832,EXIT_MA,27469.458647953677,-410684.30384046026,-2.9089525990427796,-2.519810124489852,30,42
percentile,AON,2025-02-25,397.5700073,81.25,2025-02-26,397.0,27317.220510743482,41634.06333251623,True,357.3,21689.873085530326,10866626.415850693,2025-04-04,2025-04-07,371.480011,EXIT_MA,20295.60275164083,-739120.6427819207,-6.801748900687304,-6.428208816120906,28,40
percentile,YUM,2025-03-07,162.5299988,86.49193548387096,2025-03-10,161.3099976,97998.9010059373,97998.9010059373,False,145.17899784,31616.40497214077,15839818.891042525,2025-04-04,2025-04-07,144.6399994,EXIT_MA,28349.12196539886,-1693607.0303084943,-10.692085824707473,-10.334138272902694,20,28
percentile,DRI,2025-03-24,208.5599976,92.33870967741935,2025-03-25,207.6799927,74881.34488019955,74881.34488019955,False,186.91199343000002,31102.714316172052,15582459.872402199,2025-04-04,2025-04-07,186.5,EXIT_MA,27930.741640314434,-1645019.7938852962,-10.556868474911075,-10.198378969800503,9,13
percentile,GILD,2025-02-28,114.3099976,97.58064516129032,2025-03-03,114.8899994,129731.15929176357,145160.58837740903,True,103.40099946,29809.625626384044,14934622.438818404,,2025-04-07,103.40099946,STOP,26828.663063745636,-1547119.5700093322,-10.359281437125752,-9.999999999999998,26,35
percentile,VRSN,2025-02-25,238.2400055,91.73387096774194,2025-02-26,238.0599976,69478.06615559006,69478.06615559006,False,214.25399784,33079.896524504824,16573028.158776917,2025-04-07,2025-04-08,239.3600006,EXIT_MA,33260.539913377754,23981.257998581976,0.14470052044098974,0.5460820856531878,29,41
percentile,AZO,2025-03-06,3615.790039,87.29838709677419,2025-03-07,3589.949951,4404.231748527987,4404.231748527987,False,3230.9549559,31621.943099641387,15842593.492920335,2025-04-07,2025-04-08,3535.540039,EXIT_MA,31142.675375911356,-302398.48034056835,-1.9087687913958202,-1.5156175641068192,22,32
percentile,PM,2025-02-25,157.4199982,96.16935483870968,2025-02-26,157.3999939,105148.36140454955,105148.36140454955,False,141.65999451,33100.70288734219,16583452.146558436,2025-04-08,2025-04-09,148.6300049,EXIT_MA,31256.402941570337,-986507.0787148364,-5.948743783842173,-5.571784841092054,30,42
percentile,T,2025-01-27,24.13999939,81.85483870967742,2025-01-28,24.05999947,683462.7857954104,683462.7857954104,False,21.653999523000003,32888.2285280046,16477002.492530303,2025-04-10,2025-04-11,26.57999992,EXIT_MA,36332.881583529976,1653105.4176511522,10.03280431862878,10.473817562390808,52,73
percentile,KR,2025-03-07,66.69999695,91.33064516129032,2025-03-10,67.16000366,238797.0313527324,238797.0313527324,False,60.444003294000005,32075.218999293284,16069684.718645934,2025-05-13,2025-05-14,67.55000305,EXIT_MA,32261.480392416037,28793.997169667855,0.1791820914585691,0.5807018593602109,46,65
percentile,XEL,2025-05-16,72.37999725,79.75951903807615,2025-05-19,71.90000153,210833.23073812362,210833.23073812362,False,64.710001377,30317.81922529186,15189227.431871222,2025-05-22,2025-05-23,69.43000031,EXIT_MA,29276.30255101245,-580352.4589160103,-3.820816177248551,-3.435328466536125,4,4
percentile,CHTR,2025-05-16,427.25,90.98196392785572,2025-05-19,425.9599915,35717.04777304623,35717.04777304623,False,383.36399235,30428.06673162373,15244461.43254349,,2025-06-03,383.36399235,STOP,27385.260058461357,-1579216.6633712724,-10.359281437125754,-9.999999999999998,11,15
percentile,CME,2025-05-30,289.0,93.18637274549098,2025-06-02,288.1000061,51804.54415426153,51804.54415426153,False,259.29000549,29849.77897370093,14954739.265824165,2025-06-09,2025-06-10,268.8900146,EXIT_MA,27859.449267971453,-1052874.0811064113,-7.040404131368096,-6.667820580792416,6,8
percentile,RSG,2025-05-30,257.2900085,88.97795591182364,2025-06-02,256.1300049,16754.96804271029,58189.25246209699,True,230.51700441000003,8582.90009375746,4300032.9469724875,2025-06-20,2025-06-23,249.0399933,EXIT_MA,8345.31425819657,-135721.13213239936,-3.1562812147278123,-2.768130037231742,14,21
percentile,WRB,2025-05-30,74.69000244,92.78557114228457,2025-06-02,74.13999939,200448.69154487582,200448.69154487582,False,66.725999451,29722.531737726782,14890988.400601117,2025-06-25,2025-06-26,72.04000092,EXIT_MA,28880.6478466113,-479545.12514207885,-3.220371356428702,-2.8324770532480614,17,24
percentile,MNST,2025-05-16,31.43000031,90.38076152304609,2025-05-19,31.42499924,485526.8377512148,485526.8377512148,False,28.282499316,30515.361014663056,15288195.86834619,2025-06-27,2025-06-30,30.85499954,EXIT_MA,29961.860710942776,-337227.3735857457,-2.2058022836034312,-1.8138415713132572,28,42
percentile,EQT,2025-06-20,60.43999863,96.39278557114228,2025-06-23,60.79999924,68355.26097302084,248425.66216170808,True,54.719999316,8311.999630419337,4164311.8148400877,,2025-07-03,54.719999316,STOP,7480.799667377403,-431392.78081876365,-10.35928143712575,-9.999999999999998,9,10
percentile,AXON,2025-06-27,818.5999756,99.19839679358718,2025-06-30,818.75,18224.276326443836,18723.573665213935,True,736.875,29842.252484551784,14950968.494760444,,2025-07-10,736.875,STOP,26858.0272360966,-1548812.90394824,-10.359281437125764,-9.999999999999998,8,10
percentile,DRI,2025-05-16,211.6499939,94.78957915831663,2025-05-19,209.4700012,72100.68084501846,72100.68084501846,False,188.52300108000003,30205.85940625367,15133135.562533088,2025-07-11,2025-07-14,209.6600037,EXIT_MA,30233.258025478182,-46739.80781947635,-0.3088573919551456,0.0907063058726898,37,56
percentile,DE,2025-05-15,516.3200073,92.78557114228457,2025-05-16,515.7999878,29367.680791198567,29367.680791198567,False,464.21998902000007,30295.698787629037,15178145.092602147,2025-07-14,2025-07-15,507.6499939,EXIT_MA,29817.005949018203,-299459.12404206395,-1.9729625867657623,-1.5800686492377647,39,60
percentile,NRG,2025-05-13,156.7100067,99.19839679358718,2025-05-14,154.75,96867.1825655773,96867.1825655773,False,139.275,29980.393004046175,15020176.895027135,2025-07-15,2025-07-16,146.9400024,EXIT_MA,28467.328077334332,-814980.1844373029,-5.425902704961656,-5.046848206785137,42,63
percentile,CRWD,2025-06-03,122.1900024,97.79559118236473,2025-06-04,113.6875,119960.14365263727,123087.26619797153,True,102.31875000000001,27275.937663018398,13665244.769172218,2025-07-17,2025-07-18,118.0774994,EXIT_MA,28329.18758033638,471019.8334156368,3.4468452001549417,3.861461814183609,30,44
percentile,LUV,2025-07-10,37.34999847,85.97194388777555,2025-07-11,37.29000092,358686.0941608608,409879.85181303084,True,33.561000828,26750.809562499413,13402155.590812204,,2025-07-24,33.561000828,STOP,24075.72860624947,-1388367.0162937194,-10.359281437125748,-9.999999999999998,10,13
percentile,UBER,2025-05-12,88.09999847,89.77955911823648,2025-05-13,87.41000366,171434.0354871235,171434.0354871235,False,78.669003294,29970.09933875607,15015019.768716792,2025-07-29,2025-07-30,87.23999786,EXIT_MA,29911.809778055638,-89026.68946702778,-0.5929175641347567,-0.19449238403108637,53,78
percentile,FOXA,2025-05-12,52.41999817,90.38076152304609,2025-05-13,52.75999832,288121.68621488346,288121.68621488346,False,47.483998488000005,30402.599361305638,15231702.280014126,2025-08-05,2025-08-06,54.65999985,EXIT_MA,31497.462650574555,485531.5826225765,3.187638345975643,3.6012160547771455,58,85
percentile,VEEV,2025-05-29,279.0400085,95.59118236472945,2025-05-30,276.8699951,53510.7581533551,53510.7581533551,False,249.18299559,29631.04669543342,14845154.394412143,2025-08-07,2025-08-08,282.1700134,EXIT_MA,30198.262690352738,223778.68807387352,1.5074190683938318,1.9142624313933876,48,70
percentile,WBD,2025-07-17,12.84000015,96.79358717434869,2025-07-18,12.97000027,1087744.6578169346,1191243.039398098,True,11.673000243,28216.0970111534,14136264.602587853,,2025-08-08,11.673000243,STOP,25394.48731003806,-1464415.4348788615,-10.35928143712575,-9.999999999999998,16,21
percentile,RCL,2025-06-26,295.8900146,96.9939879759519,2025-06-27,296.1000061,48573.71706626182,51529.610334897014,True,266.49000549,28765.355839239597,14411443.275459038,2025-08-08,2025-08-11,300.0,EXIT_MA,29144.230239757097,131527.61417975277,0.9126609435692575,1.317120506469327,30,45
percentile,AXON,2025-08-05,867.1199951,98.59719438877755,2025-08-06,859.7600098,614.1721592353475,17694.595078887618,True,773.78400882,1056.0813232861392,529096.7429663558,,2025-08-12,773.78400882,STOP,950.4731909575253,-54810.62067855062,-10.359281437125748,-9.999999999999998,5,6
percentile,CASY,2025-06-10,490.2000122,92.98597194388778,2025-06-11,490.9899902,28257.433405444037,30341.328864834348,True,441.89099118,27748.233901632244,13901865.184717754,2025-08-14,2025-08-15,508.5599976,EXIT_MA,28741.200529709557,439993.87960731424,3.164998895910724,3.578485865433434,45,65
percentile,TPR,2025-08-13,113.5299988,98.79759519038076,2025-08-14,95.94999695,4933.188727954462,139084.23181315424,True,86.354997255,946.67888680201,474286.122287807,2025-08-14,2025-08-15,96.13999939,EXIT_MA,948.5535225925937,-957.9145141027402,-0.20196975392871758,0.19802235126595846,1,1
percentile,CSCO,2025-08-08,71.79000092,87.374749498998,2025-08-11,72.30000305,160209.73588898004,217312.31935553593,True,65.070002745,23166.328786825903,11606330.722199777,2025-08-15,2025-08-18,66.08000183,EXIT_MA,21173.319281455235,-1040844.4007536154,-8.96790230837349,-8.603044201393018,5,7
percentile,PLTR,2025-08-05,173.2700043,100.0,2025-08-06,171.1750031,88551.60626380566,88551.60626380566,False,154.05750279,30315.642953433828,15188137.119670346,,2025-08-20,152.3000031,STOP,26972.819816975163,-1728700.0309997406,-11.381909561251456,-11.026726834042044,11,14
percentile,APP,2025-08-07,437.3399963,99.59919839679358,2025-08-08,448.6000061,33523.97496042417,35320.50252562709,True,403.74000549,30077.71074348506,15068933.082486015,,2025-08-20,403.74000549,STOP,27069.939669136555,-1561033.1875868738,-10.359281437125743,-9.999999999999998,9,12
percentile,GILD,2025-08-08,119.4100037,89.77955911823648,2025-08-11,119.2300034,130649.45250027873,130649.45250027873,False,107.30700306,31154.66933163274,15608489.335148003,2025-08-28,2025-08-29,112.7600021,EXIT_MA,29464.065076590556,-905920.8619293161,-5.804026529904573,-5.42648755808054,14,18
percentile,ULTA,2025-07-08,483.2099915,80.96192384769539,2025-07-09,482.2200012,7725.660670554684,31657.7638347688,True,433.99800108,7450.936195651345,3732919.034021324,2025-08-29,2025-09-02,491.2600098,EXIT_MA,7590.616273456337,54798.4864333882,1.4679795070282033,1.8746647956335183,38,55
percentile,CTVA,2025-08-26,73.94000244,74.9498997995992,2025-08-27,73.80000305,82744.46919668648,212375.02983423145,True,66.420002745,12213.084158172187,6118755.163244265,2025-09-03,2025-09-04,72.44000244,EXIT_MA,11988.019101008946,-136733.63184080087,-2.2346642118019058,-1.8428191785826775,5,8
percentile,FAST,2025-07-14,45.06999969,81.3627254509018,2025-07-15,45.15999985,339311.49764456315,339311.49764456315,False,40.643999865,30646.61436546349,15353953.79709721,2025-09-16,2025-09-17,47.43999863,EXIT_MA,32193.873966802646,710789.312337311,4.6293568531624185,5.048712992854454,45,64
percentile,LYV,2025-08-14,161.6000061,88.57715430861724,2025-08-15,162.3999939,91044.43716373031,97058.21946453885,True,146.15999451,29571.232080037473,14815187.272098772,2025-10-01,2025-10-02,159.5299988,EXIT_MA,29048.63790295314,-319916.95852515474,-2.15938518122987,-1.767238428449236,33,48
percentile,STX,2025-10-01,256.8399963,98.79759519038076,2025-10-02,263.2999878,54942.4166676586,72435.62235608965,True,236.96998902,28932.675276594055,14495270.313573621,,2025-10-07,236.96998902,STOP,26039.40774893465,-1501605.8468552306,-10.359281437125743,-9.999999999999998,4,5
percentile,C,2025-07-15,90.72000122,93.3867735470942,2025-07-16,91.48000336,148537.8140600601,167292.25074932395,True,82.332003024,27176.47945860271,13615416.208759956,2025-10-08,2025-10-09,97.01999664,EXIT_MA,28822.27644203995,766899.73581798,5.632583859790993,6.055960949409389,60,85
percentile,BNY,2025-05-16,90.06999969,89.97995991983969,2025-05-19,89.63999939,169424.98849290272,169424.98849290272,False,80.675999451,30374.511730309114,15217630.376884867,2025-10-10,2025-10-13,105.5500031,EXIT_MA,35765.616121286694,2629412.06763719,17.27872213029428,17.74877712881251,101,147
percentile,WYNN,2025-08-25,118.3600006,92.58517034068137,2025-08-26,117.9100037,131680.7141364734,131680.7141364734,False,106.11900333000001,31052.946982100442,15557526.438032322,2025-10-10,2025-10-13,119.1600037,EXIT_MA,31382.148767441628,102165.79692105018,0.6566969198348466,1.0601305748241696,33,48
percentile,APP,2025-09-16,603.7999878,99.39879759519037,2025-09-17,603.5700073,26563.078946959242,28815.672150534432,True,543.2130065700001,32065.35550785333,16064743.109434519,2025-10-21,2025-10-22,568.7299805,EXIT_MA,30214.43874304818,-987738.1766534764,-6.148484105378545,-5.772325725039396,25,35
percentile,GRMN,2025-08-28,241.0500031,75.55110220440882,2025-08-29,241.0700073,60867.0576381584,66847.51892823841,True,216.96300657,29346.444058320732,14702568.473218687,,2025-10-29,216.96300657,STOP,26411.799652488662,-1523080.4466268457,-10.359281437125746,-9.999999999999998,43,61
percentile,APTV,2025-08-26,79.87999725,84.16833667334669,2025-08-27,80.5,196582.50832173316,196582.50832173316,False,72.45,31649.783839799038,15856541.703739319,2025-10-30,2025-10-31,81.09999847,EXIT_MA,31885.682248242643,54413.73813376017,0.3431627094382643,0.7453397142857199,46,65
percentile,VEEV,2025-10-07,306.2200012,84.76953907815631,2025-10-08,308.2600098,42067.50339466507,58504.80423693048,True,277.43400882,25935.458017401976,12993664.466718389,2025-10-30,2025-10-31,286.480011,EXIT_MA,24102.997670492376,-966268.6291426942,-7.436459757889454,-7.065463604614464,17,23
percentile,ECHO,2025-08-29,61.79000092,100.0,2025-09-02,60.93999863,62030.80556325616,257309.25882461786,True,54.845998767,7560.314412085253,3787717.5204547117,2025-11-05,2025-11-06,72.40000153,EXIT_MA,8982.060835373757,694330.8363967934,18.331114520742815,18.80538752483394,47,65
percentile,GLW,2025-07-29,61.97999954,91.18236472945893,2025-07-30,61.79999924,241038.8488848463,249694.53193378236,True,55.619999316,29792.40135578795,14925993.079249764,2025-11-13,2025-11-14,80.65000153,EXIT_MA,38879.567062704584,4474910.885039823,29.980657643884882,30.501622203579814,76,107
percentile,FSLR,2025-11-05,277.3900146,96.39278557114228,2025-11-06,278.3999939,16067.177624124262,74085.05970804713,True,250.55999451000002,8946.204305092822,4482048.356851504,,2025-11-14,244.4100037,STOP,7853.9578851215365,-562923.3721758574,-12.559511351887625,-12.209048471534478,7,8
percentile,GE,2025-05-28,243.6699982,96.19238476953907,2025-05-29,244.5299988,61839.97416725258,61839.97416725258,False,220.07699892,30243.457617820608,15151972.266528124,2025-11-17,2025-11-18,295.8299866,EXIT_MA,36588.23745848535,3105558.225256065,20.496065928766797,20.979016092809964,120,173
percentile,AMD,2025-10-08,235.5599976,97.79559118236473,2025-10-09,236.3000031,60743.15928404526,76551.49445505902,True,212.67000279,28707.217454247377,14382315.944577936,,2025-11-20,212.67000279,STOP,25836.495708822644,-1489904.5858754385,-10.359281437125746,-9.999999999999998,31,42
percentile,BE,2025-07-24,33.06000137,99.39879759519037,2025-07-25,33.54999924,357371.36298681103,469862.63563178736,True,30.194999316,23979.61791321055,12013788.574518485,2025-11-20,2025-11-21,94.01999664,EXIT_MA,67200.1086945044,21519065.66403921,179.11973005486072,180.238446407786,84,119
percentile,TEL,2025-10-21,228.2200012,92.38476953907816,2025-10-22,234.5,64165.9322411937,79585.47700661968,True,211.05,30093.822221119848,15077004.932781043,2025-11-20,2025-11-21,214.1999969,EXIT_MA,27488.684974298605,-1360151.1306060385,-9.021361581229852,-8.656717739872066,22,30
percentile,STX,2025-10-29,265.6199951,98.59719438877755,2025-10-30,258.2099915,50939.86327506351,75902.1133154931,True,232.38899235,26306.36332653062,13179488.026591841,,2025-11-21,232.38899235,STOP,23675.72699387756,-1365300.2566469386,-10.359281437125743,-9.999999999999998,17,22
percentile,WELL,2025-11-17,197.2700043,91.38276553106212,2025-11-18,197.9900055,97727.90577498278,97727.90577498278,False,178.19100495,38698.29720378465,19387846.899096105,2025-12-11,2025-12-12,186.1300049,EXIT_MA,36380.191161528564,-1234131.509493351,-6.36549027809214,-5.990201661972283,17,24
percentile,APH,2025-05-30,44.96500015,95.79158316633266,2025-06-02,44.77500153,332959.26188452553,332959.26188452553,False,40.297501376999996,29816.5029206146,14938067.963227915,2025-12-12,2025-12-15,65.07499695,EXIT_MA,43334.6459032195,6685920.342478616,44.757597561725646,45.337788333516116,136,196
percentile,CIEN,2025-12-11,242.3699951,99.19839679358718,2025-12-12,236.0,76768.98486756468,85266.5279789709,True,212.4,36234.960857490536,18153715.389602758,,2025-12-16,212.4,STOP,32611.464771741477,-1880594.468503762,-10.359281437125766,-9.999999999999998,3,4
percentile,HCA,2025-11-21,491.0,92.78557114228457,2025-11-24,501.2600098,38003.58026522559,38003.58026522559,False,451.13400881999996,38099.35003236413,19087774.366214428,2025-12-18,2025-12-19,467.5100098,EXIT_MA,35534.1083644614,-1356254.2923481911,-7.105355848866153,-6.733032625815505,18,25
percentile,IDXX,2025-11-24,752.1400146,94.18837675350701,2025-11-25,751.75,20621.784012401575,25902.30927486464,True,676.575,31004.852262645767,15533430.983585529,,2025-12-23,676.575,STOP,27904.367036381194,-1609151.8324313145,-10.359281437125743,-9.999999999999998,20,28
percentile,CSCO,2025-11-13,77.37999725,84.96993987975952,2025-11-14,76.58000183,246578.93746572427,246578.93746572427,False,68.922001647,37766.030964729245,18920781.51332935,2026-01-05,2026-01-06,75.52999878,EXIT_MA,37248.2136919197,-333922.88106141984,-1.7648471910432304,-1.3711191236726594,34,53
percentile,TJX,2025-11-21,151.4299927,81.3627254509018,2025-11-24,151.5,123223.65984123675,123223.65984123675,False,136.35,37336.76893189474,18705721.234879263,2026-01-23,2026-01-26,152.7299957,EXIT_MA,37639.8980753807,76587.90473570675,0.40943572169192055,0.8118783498349824,41,63
percentile,GM,2025-12-15,81.98000336,95.79158316633266,2025-12-16,82.06999969,20178.394607267986,241445.52837313496,True,73.86299972100001,3312.0816783263626,1659352.9208415078,2026-02-09,2026-02-10,81.05000305,EXIT_MA,3270.9178889263476,-27164.89426726033,-1.637077557526713,-1.2428373874165954,37,56
percentile,GOOGL,2025-10-30,281.480011,95.39078156312625,2025-10-31,283.2099915,70403.11643001865,70403.11643001865,False,254.88899235,39877.73201143819,19978743.73773053,2026-02-10,2026-02-11,318.9700012,EXIT_MA,44912.964264333576,2432825.4301719256,12.177069099582337,12.626676590963438,69,103
percentile,GOOG,2025-10-30,281.8999939,95.19038076152304,2025-10-31,283.2049866,28049.36522087078,70298.2277970029,True,254.88448793999999,15887.44020303043,7959607.5417182455,2026-02-10,2026-02-11,318.9599915,EXIT_MA,17893.250584858677,969124.5001262343,12.175531206115581,12.625132533595028,69,103
percentile,CHRW,2025-12-18,165.0299988,94.38877755511022,2025-12-19,165.0500031,107216.76756048347,118317.22219077476,True,148.54500279,35392.25563645955,17731520.073866237,2026-02-12,2026-02-13,171.8899994,EXIT_MA,36858.98022328288,661111.0575519204,3.7284511130340423,4.144196408076284,37,56
percentile,LUV,2025-12-12,41.16999817,85.77154308617234,2025-12-15,41.61000061,478846.0831805439,478846.0831805439,False,37.449000549000004,39849.57162647709,19964635.38486502,2026-03-05,2026-03-06,43.0,EXIT_MA,41180.76315352678,584565.4287448414,2.9280045313925154,3.3405416237026975,55,81
percentile,LRCX,2026-01-05,194.7599945,98.19639278557113,2026-01-06,197.7899933,93785.12433591275,103719.60271020031,True,178.01099397,37099.5182280797,18586858.63226793,2026-03-05,2026-03-06,205.4499969,EXIT_MA,38536.30700815878,642758.5648033023,3.458134467582563,3.872796329176076,41,59
percentile,TER,2026-02-09,310.0100098,98.79759519038076,2026-02-10,310.0,5254.613439489561,81529.86648571299,True,279.0,3257.8603324835276,1632188.0265742473,,2026-03-06,279.0,STOP,2932.0742992351747,-169082.95125589496,-10.359281437125741,-9.999999999999998,18,24
percentile,VTRS,2026-02-10,15.94999981,95.39078156312625,2026-02-11,16.0,1556100.7447906665,1556100.7447906665,False,14.4,49795.22383330133,24947407.140483964,,2026-03-06,14.18999958,STOP,44162.13783003449,-2910500.3632967547,-11.666544530688622,-11.312502624999999,17,23
percentile,HAS,2026-02-10,104.0,93.5871743486974,2026-02-11,103.7900009,61471.56514438041,238651.98638223065,True,93.41100081,12760.267603319302,6392894.06926297,,2026-03-06,93.41100081,STOP,11484.240842987374,-662257.8886122713,-10.359281437125741,-9.999999999999986,17,23
percentile,HLT,2025-12-17,293.0,75.1503006012024,2025-12-18,292.8599854,55455.30441665918,65752.17225683336,True,263.57398686000005,32481.27928363073,16273120.921098996,2026-03-06,2026-03-09,294.0799866,EXIT_MA,32616.590359500104,2557.6682915557176,0.01571713443264322,0.4165817321658327,53,81
percentile,MU,2026-01-02,315.4200134,99.19839679358718,2026-01-05,325.1300049,42741.321838538875,64715.28883131755,True,292.61700441000005,27792.972357593248,13924279.151154216,2026-03-06,2026-03-09,363.9599915,EXIT_MA,31112.262266106747,1600739.7196330503,11.49603295263124,11.942910840216946,43,63
percentile,CAT,2025-10-14,527.4699707,92.18436873747495,2025-10-15,534.2000122,34525.52968823756,34525.52968823756,False,480.78001098,36887.076761335935,18480425.4574293,2026-03-18,2026-03-19,676.4899902,EXIT_MA,46712.35048089128,4829037.432535443,26.130553344994155,26.636086624933995,106,155
percentile,HII,2025-10-14,291.9400024,83.56713426853707,2025-10-15,293.0,51181.96788009689,62379.87251950726,True,263.7,29992.633177736778,15026309.222046126,2026-03-19,2026-03-20,414.6600037,EXIT_MA,42446.229981068514,6154359.538507063,40.957226738536576,41.522185563139935,107,156
percentile,GILD,2026-01-23,135.9299927,78.55711422845691,2026-01-26,135.8800049,137951.2718917612,155345.5419726843,True,122.29200440999999,37489.639001227486,18782309.13961497,2026-03-19,2026-03-20,140.4299927,EXIT_MA,38744.99220943148,551441.9728913419,2.9359647357111185,3.3485337326478293,38,53
percentile,HWM,2026-02-12,244.7899933,92.78557114228457,2026-02-13,248.8300018,73768.91516315736,102558.24427090124,True,223.94700162,36711.83858566499,18392631.131418157,2026-03-19,2026-03-20,231.3800049,EXIT_MA,34137.30390383807,-1358116.48340296,-7.384025013599254,-7.012818701028523,24,35
percentile,ADM,2026-03-11,70.83000183,86.0,2026-03-12,71.5,354346.9680323024,354346.9680323024,False,64.35000000000001,50671.61642861924,25386479.830738243,2026-03-20,2026-03-23,66.23999786,EXIT_MA,46943.8848083144,-1961481.3113893569,-7.7264800967575376,-7.356646349650342,7,11
percentile,JNJ,2025-11-17,199.5800018,88.57715430861724,2025-11-18,199.0099945,16393.177760186223,96596.77431900318,True,179.10899505,6524.812431784366,3268931.028323967,2026-03-24,2026-03-25,236.8000031,EXIT_MA,7763.809088861898,605209.7070181197,18.513994384531888,18.98900037404905,86,127
percentile,VRT,2026-03-10,270.0599976,97.6,2026-03-11,272.1099854,92689.66520956156,92689.66520956156,False,244.89898686000004,50443.56689380937,25272227.013798494,,2026-03-30,244.89898686000004,STOP,45399.21020442843,-2618021.1217887066,-10.35928143712575,-9.999999999999998,14,19
percentile,WDC,2025-09-03,86.0,98.39679358717434,2025-09-04,86.38999939,69106.16287557464,184575.4955835357,True,77.750999451,11940.162737332266,5982021.531403465,2026-03-30,2026-03-31,259.0,EXIT_MA,35796.99236954766,11880677.661000816,198.6064008401094,199.8032200819535,143,208
percentile,PSX,2026-03-05,166.4400024,85.39999999999999,2026-03-06,166.6100006,88026.63092525469,151106.78058030063,True,149.94900054000001,29332.234062545325,14695449.265335208,2026-04-09,2026-04-10,160.1900024,EXIT_MA,28201.972438360925,-622665.0185931064,-4.237128156822657,-3.853309031198704,24,35
percentile,DVN,2026-03-18,48.15999985,90.8,2026-03-19,48.38000107,480837.87725168146,529590.5368390013,True,43.542000963,46525.87403186575,23309462.88996474,2026-04-14,2026-04-15,45.04999924,EXIT_MA,43323.49200950292,-1691040.3772227801,-7.254737636836806,-6.883013138387273,18,27
percentile,BG,2026-03-12,125.8300018,94.39999999999999,2026-03-13,126.3300018,81943.59717992875,193842.67540438464,True,113.69700162000001,20703.86955847775,10372638.648797352,2026-04-15,2026-04-16,120.1800003,EXIT_MA,19695.963067333832,-544353.0781977698,-5.2479710961577215,-4.868203445240516,23,34
percentile,VLO,2026-03-05,228.0299988,94.0,2026-03-06,226.9700012,110293.43970001159,110293.43970001159,False,204.27300108000003,50066.60428212752,25083368.745345883,2026-04-17,2026-04-20,224.5200043,EXIT_MA,49526.16711141679,-369811.35674890503,-1.474328908940997,-1.0794364396381706,30,45
percentile,ALB,2026-04-16,215.6199951,97.39999999999999,2026-04-17,207.5599976,89206.54743446343,128205.59643821752,True,186.80399784,37031.42154280304,18552742.19294432,,2026-04-24,186.80399784,STOP,33328.27938852273,-1921930.7780714817,-10.359281437125771,-10.000000000000009,6,7
percentile,AMD,2026-04-24,347.8099976,96.6,2026-04-27,346.3200073,47925.6636424419,84654.80290595154,True,311.68800656999997,33195.23236501565,16630811.414872838,,2026-04-28,311.68800656999997,STOP,29875.709128514078,-1722832.5597443134,-10.359281437125757,-10.000000000000009,2,1
percentile,TER,2026-04-08,358.2900085,98.8,2026-04-09,360.0,75918.20194228788,75918.20194228788,False,324.0,54661.105398447275,27385213.804622084,,2026-04-29,314.5400085,STOP,47758.6237684639,-3553660.5441586003,-12.97656673236859,-12.627775416666665,15,20
percentile,ROST,2025-11-21,174.0,86.37274549098196,2025-11-24,173.3699951,107239.98798980325,107239.98798980325,False,156.03299559,37184.3923846325,18629380.584700882,2026-05-11,2026-05-12,214.8000031,EXIT_MA,46070.2995053074,4359698.868447509,23.40227496360158,23.8968732600489,115,169
percentile,MU,2026-05-11,795.3300171,99.2,2026-05-12,774.7000122,29615.583717186324,41884.18904250587,True,697.23001098,45886.38613402873,22989079.453148395,,2026-05-18,697.23001098,STOP,41297.74752062586,-2381503.4403560907,-10.359281437125746,-9.999999999999998,5,6
percentile,LITE,2025-07-15,98.13999939,97.1943887775551,2025-07-16,98.09999847,154643.90958231094,154643.90958231094,False,88.289998623,30341.13458683904,15200908.42800636,2026-05-28,2026-05-29,860.6799927,EXIT_MA,266197.8379408057,117631812.70445566,773.8472556530188,777.3496494632515,219,317
percentile,CASY,2026-04-08,758.3699951,91.8,2026-04-09,753.5900269,20387.622775585776,35867.36473615403,True,678.23102421,30727.818391761473,15394637.014272498,2026-05-29,2026-06-01,759.1799927,EXIT_MA,30955.750619879127,52282.545047186315,0.3396153153771325,0.7417781022122982,36,53
percentile,DELL,2026-05-28,317.0499878,97.39999999999999,2026-05-29,418.0,100251.56474346736,100251.56474346736,False,376.2,83810.30812553871,41988964.370894894,,2026-06-09,376.2,STOP,75429.27731298484,-4349754.991715461,-10.359281437125754,-9.999999999999998,8,11
percentile,DDOG,2026-05-29,247.3500061,96.0,2026-06-01,251.7749939,42194.8191595,126996.88555867982,True,226.59749451,21247.20067298943,10644847.537167706,,2026-06-09,226.59749451,STOP,19122.480605690485,-1102729.714928152,-10.359281437125754,-10.000000000000009,7,8
percentile,MPWR,2026-04-08,1312.939941,95.19999999999999,2026-04-09,1312.939941,20717.42382860987,20717.42382860987,False,1181.6459469000001,54401.46643841408,27255134.68564545,2026-06-10,2026-06-11,1523.439941,EXIT_MA,63123.501870258835,4243492.747613706,15.56951670412636,16.032721179894406,44,63
percentile,CASY,2026-06-10,915.5999756,93.60000000000001,2026-06-11,919.1900024,33800.229683525526,33800.229683525526,False,827.2710021600001,62137.66640784076,31130970.87032822,,2026-06-23,827.2710021600001,STOP,55923.89976705669,-3224944.8865669332,-10.359281437125741,-9.999999999999998,8,12
percentile,ON,2026-04-17,83.01000214,94.39999999999999,2026-04-20,82.66999817,298345.5845737018,335894.43425005174,True,74.402998353,49328.45786147101,24713557.388596978,2026-06-26,2026-06-29,90.19999695,EXIT_MA,53821.541637187736,2143391.888359703,8.672939531354885,9.108502415248076,48,70
percentile,NUE,2026-04-28,225.1100006,93.4,2026-04-29,226.0,65832.84252348631,122534.56247269185,True,203.4,29756.444820615812,14907978.855128523,2026-06-29,2026-06-30,228.9600067,EXIT_MA,30146.17613051494,134963.0339984335,0.905307388144065,1.309737477876105,42,62
percentile,GLW,2026-06-29,255.6900024,98.2,2026-06-30,252.4900055,59459.44682952186,127653.44564692181,True,227.24100495,30025.832114025867,15042941.889126958,,2026-07-01,227.24100495,STOP,27023.248902623276,-1558340.6867179424,-10.359281437125748,-9.999999999999998,2,1
percentile,STX,2026-04-29,643.2999878,99.0,2026-04-30,655.1799927,36301.452356427726,44364.72326251299,True,589.6619934299999,47567.97057976743,23831553.26046348,2026-07-02,2026-07-06,863.6199951,EXIT_MA,62701.32021236199,7456405.525505155,31.287954435917207,31.814158662113257,44,67
percentile,FLEX,2026-05-29,150.7799988,97.8,2026-06-01,149.6300049,208334.5315534016,208334.5315534016,False,134.66700441,62346.19395434937,31235443.171129033,,2026-07-07,132.9400024,STOP,55391.986249424175,-3594842.0326663703,-11.508855542632698,-11.154181616951874,25,36
percentile,LRCX,2026-06-11,362.519989,97.6,2026-06-12,359.3900146,1020.9596888893147,89999.07968127517,True,323.45101314,733.8454349918845,367656.56293093413,,2026-07-07,322.4100037,STOP,658.3352341447097,-39147.281092724006,-10.64778519949282,-10.289660090071951,16,25
percentile,INTC,2026-04-08,58.95000076,97.2,2026-04-09,58.40000153,461420.40489444503,461420.40489444503,False,52.560001377,53893.90470361762,27000846.256512426,2026-07-07,2026-07-08,108.3000031,EXIT_MA,99943.66256094331,22871041.361398287,84.7049057059904,85.44520592926088,61,90
percentile,HST,2026-04-14,20.90999985,82.0,2026-04-15,20.84000015,1291407.1062788456,1291407.1062788456,False,18.756000135,53825.848577124416,26966750.13713933,2026-07-08,2026-07-09,22.92000008,EXIT_MA,59198.10195844742,2573102.740125932,9.54176060163136,9.980805734303221,58,85
percentile,MRNA,2026-07-02,79.76000214,97.6,2026-07-06,78.55000305,385360.16843101906,385360.16843101906,False,70.695002745,60540.08481121013,30330582.490416273,,2026-07-10,70.695002745,STOP,54486.076330089105,-3142030.401701808,-10.359281437125755,-10.000000000000009,5,4
percentile,MRVL,2026-04-08,114.4499969,94.0,2026-04-09,118.9599991,237664.77899491356,237664.77899491356,False,107.06399919,56545.20379067324,28329147.09912729,2026-07-13,2026-07-14,231.5700073,EXIT_MA,110072.06921361004,26596815.438464124,93.8849847663909,94.66207889371108,65,96
percentile,CHRW,2026-07-16,205.75,92.60000000000001,2026-07-17,204.8099976,147948.82365694238,147948.82365694238,False,184.32899784,60602.796436202385,30362001.014537394,,2026-07-27,184.32899784,STOP,54542.51679258215,-3145285.135038901,-10.359281437125741,-9.999999999999998,7,10
percentile,GS,2026-05-20,982.1199951,81.8,2026-05-21,982.210022,20938.946524554223,31118.64255050712,True,883.9890198,41132.88625307845,20607576.012792304,2026-07-28,2026-07-29,1025.0,EXIT_MA,42924.840375336156,811919.3345004357,3.9399070225262345,4.356499836243777,46,69
percentile,JBHT,2026-07-16,298.4100037,94.39999999999999,2026-07-17,296.3900146,102008.88070099203,102008.88070099203,False,266.75101314,60468.82728059337,30294882.467577275,2026-07-28,2026-07-29,276.5899963,EXIT_MA,56429.27187130905,-2136675.80379406,-7.052926533320639,-6.680393172732746,8,12
percentile,HPE,2026-05-29,43.04000092,96.2,2026-06-01,44.18000031,729848.507113379,729848.507113379,False,39.762000279,64489.414541044236,32309196.68506316,2026-07-29,2026-07-30,46.29000092,EXIT_MA,67569.37613147788,1407922.0045443028,4.357650913664462,4.775918051594963,41,59
percentile,SW,2026-07-27,50.09000015,70.19999999999999,2026-07-28,51.0,532595.9038687036,594913.2265378891,True,45.9,54324.782194607775,27216715.879498493,,2026-07-31,45.9,STOP,48892.30397514699,-2819456.195900142,-10.359281437125745,-9.999999999999998,4,3
percentile,MNST,2026-07-16,49.97000122,90.60000000000001,2026-07-17,50.00999832,609174.8994241048,609174.8994241048,False,45.008998488,60929.671393571305,30525765.36817922,2026-08-03,2026-08-04,46.75999832,EXIT_MA,56970.03454731462,-2097718.129069224,-6.871959158986182,-6.498700478260688,12,18
percentile,FRT,2026-06-09,124.4400024,76.8,2026-06-10,123.4499969,124609.27129729562,256548.1439624857,True,111.10499721000001,30766.028310724807,15413780.183673128,2026-08-04,2026-08-05,123.1500015,EXIT_MA,30691.263894351727,-98839.50039161742,-0.6412411440531118,-0.24300964563248595,38,56
percentile,DVA,2026-06-26,217.0399933,92.80000000000001,2026-06-29,217.5899963,123182.78894962755,146833.13193434576,True,195.83099667,53606.68518354627,26856949.276956685,,2026-08-05,195.83099667,STOP,48246.01666519165,-2782186.96102605,-10.359281437125741,-9.999999999999998,27,37
percentile,SPG,2026-06-24,222.1499939,78.8,2026-06-25,222.1199951,125384.14346964433,149839.62559776613,True,199.90799559,55700.650666190195,27906025.983761285,2026-08-10,2026-08-11,220.2700043,EXIT_MA,55236.73164242075,-342896.8941933289,-1.228755733234331,-0.8328790027062216,32,47
percentile,NUE,2026-07-28,265.6199951,94.8,2026-07-29,268.9400024,112192.56074615629,112192.56074615629,False,242.04600216000003,60346.135112666845,30233413.69144609,,2026-08-19,242.04600216000003,STOP,54311.52160140016,-3131964.41234741,-10.359281437125752,-9.999999999999998,16,21
percentile,FITB,2026-07-01,57.49000168,79.80000000000001,2026-07-02,57.72999954,233114.2549450905,555538.2798022404,True,51.956999586,26915.37166149504,13484601.202409014,2026-08-19,2026-08-20,54.93000031,EXIT_MA,25609.932192798482,-705245.0382025726,-5.230002931614923,-4.850163264006158,34,49
percentile,CFG,2026-07-16,74.40000153,85.39999999999999,2026-07-17,73.88999939,85570.5403719051,409146.10001911776,True,66.500999451,12645.614351764076,6335452.790233802,2026-08-19,2026-08-20,70.51000214,EXIT_MA,12067.15796948797,-313940.96345930547,-4.955304282959069,-4.574363618762511,24,34
percentile,MTB,2026-07-15,248.5299988,76.0,2026-07-16,250.8800049,122473.54049919813,122473.54049919813,False,225.79200441,61452.32488111835,30787614.765440293,2026-08-20,2026-08-21,240.2200012,EXIT_MA,58841.18809137125,-1425861.9078460373,-4.631284101445219,-4.249044759166443,26,36
percentile,BEN,2026-08-03,35.24000168,89.4,2026-08-04,35.20000076,806002.9550365923,830739.4076437555,True,31.680000684000003,56742.6092597006,28428047.23911,2026-09-01,2026-09-02,33.08000183,EXIT_MA,53325.15845519176,-1818793.1699693128,-6.397882888934774,-6.022724102918464,21,29
percentile,SWK,2026-08-04,102.4000015,91.4,2026-08-05,101.8399963,150082.2122418194,290555.245393315,True,91.65599667,30568.743878805402,15314940.683281507,2026-09-01,2026-09-02,95.01000214,EXIT_MA,28518.62261254239,-1084147.9996228553,-7.07902186527148,-6.706593095192403,20,28
percentile,EXPE,2026-07-29,304.269989,89.8,2026-07-30,299.5599976,96176.67076857502,96176.67076857502,False,269.60399784,57621.36652922064,28868304.63113954,2026-09-08,2026-09-09,266.3999939,EXIT_MA,51242.929012141394,-3298083.0540809855,-11.424581721101221,-11.069570024592611,28,41
percentile,AIZ,2026-08-05,301.5700073,90.0,2026-08-06,300.9500122,79836.21174325497,97884.8536733644,True,270.85501098000003,48053.41779626873,24074762.315930635,2026-09-09,2026-09-10,283.2000122,EXIT_MA,45219.232279383185,-1510365.4085184261,-6.273646188892982,-5.897989460191155,24,35
percentile,INCY,2026-07-02,116.8600006,86.0,2026-07-06,116.3700027,8210.581272270747,263018.37840935995,True,104.73300243,1910.9307296454324,957376.2955523616,2026-09-11,2026-09-14,122.4800034,EXIT_MA,2011.2640442873949,46244.462547048344,4.830332938248428,5.25049459331155,49,70
percentile,BNY,2026-07-15,162.3500061,90.60000000000001,2026-07-16,162.75,187485.9730805853,187485.9730805853,False,146.475,61026.68423773052,30574368.80310299,2026-09-14,2026-09-15,156.3099976,EXIT_MA,58611.86400451991,-1327048.6648475528,-4.340395948625016,-3.9569907219662026,42,61
percentile,STT,2026-07-15,186.5899963,92.0,2026-07-16,187.3000031,163129.58613471748,163129.58613471748,False,168.57000279,61108.343977468605,30615280.33271177,2026-09-15,2026-09-16,185.8000031,EXIT_MA,60618.95521906445,-366421.67839860916,-1.1968588051996227,-0.800854231272563,43,62
percentile,ABNB,2026-08-10,184.6999969,92.0,2026-08-11,179.4850006,153261.34647398652,158630.31659203314,True,161.53650054000002,55016.22572768056,27563129.08956796,2026-09-17,2026-09-18,165.4649963,EXIT_MA,50718.776254502394,-2254459.738571264,-8.17925907920421,-7.811240077517656,27,38
percentile,CF,2026-09-01,135.6000061,93.60000000000001,2026-09-02,133.5700073,214827.63360749566,214827.63360749566,False,120.21300656999999,57389.05717838984,28751917.64637331,2026-09-21,2026-09-22,122.0100021,EXIT_MA,52422.24005517715,-2593219.8588399105,-9.01929356759622,-8.654641437606625,13,20
percentile,CPAY,2026-07-29,392.8500061,83.6,2026-07-30,389.5499878,12422.37437670929,74490.70663718374,True,350.59498902,9678.271573788272,4848814.058467925,2026-09-22,2026-09-23,391.019989,EXIT_MA,9714.793384269497,-1132.159717446193,-0.02334920877134894,0.3773588104319714,38,55
percentile,EXPD,2026-06-09,166.3399963,78.8,2026-06-10,165.1900024,191925.2877271302,191925.2877271302,False,148.67100216,63408.27748053066,31767547.01774586,2026-09-24,2026-09-25,183.8099976,EXIT_MA,70555.57335300623,3439684.085404247,10.827666623056494,11.271865687677973,74,107
