date,equity_proxy,exposure_pct_proxy,n_positions_proxy,equity_percentile,exposure_pct_percentile,n_positions_percentile,benchmark_close
2016-09-26,100000000.0,0.0,0,100000000.0,0.0,0,686.760009765625
2016-09-27,99758966.61097656,14.690907737916191,2,99758966.61097656,14.690907737916191,2,687.989990234375
2016-09-28,99832547.35257812,22.254490620432918,3,99832547.35257812,22.254490620432918,3,686.760009765625
2016-09-29,100133195.50960937,45.137921159634345,6,100133195.50960937,45.137921159634345,6,689.8300170898438
2016-09-30,100692650.41097656,45.442738430618505,6,100692650.41097656,45.442738430618505,6,681.2100219726562
2016-10-04,102123632.39554685,53.72645453617846,7,102123632.39554685,53.72645453617846,7,685.8800048828125
2016-10-05,102686712.63699609,68.89669323102098,9,102686712.63699609,68.89669323102098,9,685.4400024414062
2016-10-06,102514276.92258202,76.41474580099312,10,102514276.92258202,76.41474580099312,10,684.3300170898438
2016-10-07,100319459.1958789,84.63062955222459,11,100160119.30291015,76.91566630214768,10,675.9000244140625
2016-10-10,98764171.55134764,84.38860056958669,11,98494490.91561131,84.27436038281911,11,674.739990234375
2016-10-11,97940284.60095702,76.77520122828267,10,97681207.5301621,76.64151174920663,10,670.6400146484375
2016-10-12,96977503.3083242,54.70931490491454,7,96715284.4323535,54.513709736990364,7,669.9500122070312
2016-10-13,95682053.3786367,54.096119297690805,7,95424939.94358397,53.89864009177868,7,663.0900268554688
2016-10-14,96256463.2726992,39.33650361636462,5,95989138.97583006,39.09419741715093,5,664.9199829101562
2016-10-17,96242536.78457421,39.67150841377723,5,95973095.65196288,39.40433359939633,5,659.8300170898438
2016-10-18,96444504.56582421,39.79784439991434,5,96172692.54063475,39.530093897471055,5,660.2899780273438
2016-10-19,95465711.15957421,39.18060212279031,5,95201668.19102538,38.913321603877115,5,661.260009765625
2016-10-20,94718978.44863671,38.70112235433965,5,94462611.81358397,38.435391781923215,5,655.6799926757812
2016-10-21,95227475.58707422,31.979611401941455,4,94953892.66930664,31.68477532405163,4,651.77001953125
2016-10-24,95004812.04019922,31.82019146667911,4,94729287.29723632,31.52279831679026,4,647.8800048828125
2016-10-25,94330200.89957422,31.3325972713564,4,94055468.89977539,31.032223990379137,4,640.1699829101562
2016-10-26,94245314.30269921,23.502481073072957,3,93978536.80583006,23.18544662517309,3,635.510009765625
2016-10-27,95195415.59957421,24.265967334280248,3,94907994.56852537,23.93771078634085,3,648.5700073242188
2016-10-28,94737633.7276992,31.445185096004707,4,94453426.33551756,31.10913448025196,4,640.1699829101562
2016-10-31,93880997.5401992,30.819642794443837,4,93607280.0972363,30.48640784348906,4,624.6799926757812
2016-11-01,94349283.4151992,31.163007184020085,4,94068875.1050488,30.827510329074514,4,626.3800048828125
2016-11-02,93038275.8839492,30.19302128141244,4,92762495.76325193,29.853350343584417,4,606.0599975585938
2016-11-03,92980881.10394922,15.646691034509974,2,92705510.25637694,15.291669569130182,2,609.989990234375
2016-11-04,93804789.35394922,16.38758483801533,2,93505247.74075194,16.016168233335797,2,610.8200073242188
2016-11-07,94661992.21332422,17.144729280893582,2,94329061.655791,16.749633064144174,2,622.1699829101562
2016-11-08,94625720.71019922,24.65044061876915,3,94285535.64973632,24.27586780560931,3,624.1900024414062
2016-11-09,93175415.30144922,9.656853522884218,1,92846730.49965818,9.255367817280478,1,599.739990234375
2016-11-10,93655880.77019922,10.120324282686086,1,93305596.0953613,9.701638903323671,1,623.22998046875
2016-11-11,93175415.30144922,9.656853522884218,1,92846730.49965818,9.255367817280478,1,621.8900146484375
2016-11-14,93362163.31857422,17.336792285858298,2,93029204.10133786,16.933140821652636,2,621.22998046875
2016-11-15,93302782.24044922,17.284182596442104,2,92968219.38747068,16.878651140423777,2,617.4299926757812
2016-11-16,93542275.16232422,17.495956928003757,2,93205064.67360349,17.089872491144725,2,627.8300170898438
2016-11-17,93632087.03732422,17.575094785952206,2,93289129.68141599,17.164584738333325,2,627.760009765625
2016-11-18,93786189.83419922,17.710529527976558,2,93435449.9753613,17.29430533488811,2,620.260009765625
2016-11-21,93448546.75607422,17.413205802012417,2,93097175.26149411,16.9937887497238,2,609.3300170898438
2016-11-22,93443149.70919922,17.408435791573666,2,93088174.9831738,16.98576325127889,2,610.739990234375
2016-11-23,92771780.08419922,16.810738221898394,2,92435449.9597363,16.39956531908883,2,600.2899780273438
2016-11-24,92933736.05307423,10.10496541886777,1,92589595.99368161,9.686555159715754,1,592.6500244140625
2016-11-25,93326843.67807423,10.483617713864263,1,92965031.01711911,10.051281873721688,1,597.8200073242188
2016-11-28,93195807.80307423,10.357755212575752,1,92839886.00930661,9.930034061854393,1,593.0499877929688
2016-11-29,93152128.88119923,10.31572207115648,1,92798170.7231738,9.889545177517537,1,596.0700073242188
2016-11-30,93414201.52182423,10.567330447147013,1,93048461.58938473,10.131933105344961,1,596.1099853515625
2016-12-01,93719952.19369923,10.859094347611295,1,93340466.89114255,10.413075388708183,1,593.8499755859375
2016-12-02,93370522.59994923,10.525493660999755,1,93006746.30325192,10.091625576335291,1,586.72998046875
2016-12-05,93469501.28182423,18.297015737582225,2,93103550.06938474,17.86260982679515,2,575.1199951171875
2016-12-06,93702154.20369923,18.49987594048894,2,93333517.35551755,18.064990635355212,2,581.3499755859375
2016-12-07,93745832.23494923,18.537848454900338,2,93375231.79106443,18.101594267834773,2,578.52001953125
2016-12-08,93623004.48494923,18.430975012422298,2,93263653.77543943,18.003613315721864,2,584.6199951171875
2016-12-09,93535646.64119923,18.354793423952195,2,93180223.2031738,17.930196390653265,2,594.3499755859375
2016-12-12,93334570.48494923,18.178900352079154,2,92976321.77543943,17.750213468009342,2,603.0800170898438
2016-12-13,94292025.67244923,19.009723910552623,2,93901370.95122068,18.56047956390187,2,611.0900268554688
2016-12-14,94579347.59744923,26.817006586841842,3,94192985.64340818,26.37939076682339,3,612.469970703125
2016-12-15,95068395.98807423,27.1934726540122,3,94658708.52524412,26.74160574766109,3,620.6099853515625
2016-12-16,95234277.30448048,42.265925277810965,5,94822481.4488574,41.803055407660416,5,622.0800170898438
2016-12-19,94811950.64823048,42.00875686641972,5,94396805.10120115,41.54062001281563,5,622.77001953125
2016-12-20,94806383.14494923,27.55116333128625,3,94405582.85895506,27.103579651567166,3,617.989990234375
2016-12-21,95407569.13869923,35.6111442406709,4,94990165.44684568,35.155524549833984,4,618.6300048828125
2016-12-22,94908231.54494923,35.27237724674633,4,94507110.85895506,34.824084713393404,4,615.9299926757812
2016-12-23,94353993.50119922,42.44491848083886,5,93958515.18668944,42.00297088031073,5,619.75
2016-12-26,92891025.66669923,49.21535612479823,6,92504894.42525974,48.769330070848994,6,615.1599731445312
2016-12-27,93988798.83857423,49.80851212081402,6,93593212.65182224,49.3650492502976,6,618.3800048828125
2016-12-28,94738198.55732423,50.20553768677458,6,94330726.23190036,49.76093259919377,6,627.27001953125
2016-12-29,95545687.74091798,43.60767204590346,5,95145863.67037693,43.16649137933018,5,631.4400024414062
2017-01-02,95366533.08271486,43.5017339572122,5,94981661.84420505,43.06823908807657,5,632.0399780273438
2017-01-03,95196373.05498047,50.92739935598689,6,94799525.06295505,50.48499283077397,6,636.5700073242188
2017-01-04,94739661.6857422,58.31982995670209,7,94333794.79786716,57.874390363473914,7,639.7899780273438
2017-01-05,94954610.93867189,58.41418157716816,7,94539213.12550388,57.96592245895186,7,642.47998046875
2017-01-06,95073330.35078126,58.46611037672772,7,94664544.6772617,58.02157366588353,7,643.6799926757812
2017-01-09,96181416.15058595,58.944613554827605,7,95746847.46485935,58.496089214367274,7,642.1500244140625
2017-01-10,95659736.9826172,58.72071852315671,7,95229081.31349216,58.27042999495906,7,636.72998046875
2017-01-11,96138235.16718751,58.9261733165871,7,95696714.1460117,58.474346265182355,7,637.9000244140625
2017-01-12,95857092.68281251,58.805706511749044,7,95402132.1616367,58.34612366467542,7,632.8699951171875
2017-01-13,95757304.09589845,58.7627779813886,7,95315366.5937656,58.30820614556572,7,634.6799926757812
2017-01-16,94559734.45332032,58.240521383278946,7,94142253.81349216,57.78868197632225,7,627.8800048828125
2017-01-17,94050280.08320314,51.71690233257205,6,93629276.76730075,51.260352234389394,6,624.0
2017-01-18,94010026.00312501,51.69622803045176,6,93603596.880582,51.2469806474521,6,626.8900146484375
2017-01-19,94190940.38398439,51.789006029730864,6,93799891.39034763,51.349005819246564,6,626.1900024414062
2017-01-20,94070381.34589845,51.72721962071386,6,93679650.19161716,51.2865605192507,6,622.1199951171875
2017-01-23,94258429.29609376,51.82352503836556,6,93872339.26925388,51.38655320927129,6,615.989990234375
2017-01-24,94691355.759375,67.2415037884898,8,94296291.52909765,66.7972673005811,8,612.9299926757812
2017-01-25,95443556.7125,67.49967702639064,8,95041453.25077733,67.05758955593936,8,609.6400146484375
2017-01-26,95609084.80351563,75.0813397722363,9,95206560.87636326,74.64846035850944,9,616.8099975585938
2017-01-31,97225467.30351563,75.49561483238968,9,96802453.65956639,75.06640781363517,9,616.1300048828125
2017-02-01,96774072.36729687,67.31932107080563,8,96360087.77087107,66.88624680194951,8,623.6799926757812
2017-02-02,94561636.37510937,66.55469904136807,8,94184695.66833201,66.12141556603262,8,613.0399780273438
2017-02-03,93701635.93271095,48.02555137460661,6,93329220.73324607,48.02427074163913,6,609.2100219726562
2017-02-06,93911459.59579688,48.141676384742645,6,93538003.14096092,48.140283672564564,6,610.9600219726562
2017-02-07,93417263.02364844,48.12581886145062,6,93045992.3830117,48.11895640903639,6,608.719970703125
2017-02-08,93933556.96095315,55.90021311257052,7,93560192.54463279,55.894443196886925,7,608.7899780273438
2017-02-09,93295602.85939065,55.598659351614934,7,92924587.83760154,55.59276093858856,7,611.0399780273438
2017-02-10,93039935.8086094,55.47664766152028,7,92669795.48408592,55.47066479178599,7,610.5800170898438
2017-02-13,93263848.27442971,55.583541530829216,7,92893216.73652732,55.57776410637665,7,611.9400024414062
2017-02-14,94078791.54591408,49.2109139048165,6,93704918.64570701,49.21283796445058,6,611.5399780273438
2017-02-15,93929375.8086094,49.13012247316251,6,93556150.48408592,49.132078840749074,6,615.9500122070312
2017-02-16,94424716.96095315,49.396979971545576,6,94049657.54463279,49.398998241657246,6,616.5800170898438
2017-02-17,94300408.27442971,49.33027405723447,6,93925691.73652732,49.3322135956467,6,618.7000122070312
2017-02-20,94955614.18364845,57.16519581780909,7,94578229.70301169,57.16657066315869,7,619.969970703125
2017-02-21,95090896.8247129,49.84628558859226,6,94712783.06436424,49.8451512800733,6,622.469970703125
2017-02-22,95914096.8247129,50.27673886991673,6,95532473.06436424,50.27549110723907,6,621.3900146484375
2017-02-23,95423056.8247129,50.020866641990025,6,95043263.06436424,50.019547380023454,6,617.6699829101562
2017-02-24,94963197.22471291,42.70627062401184,5,94585325.26436424,42.69879062858817,5,614.75
2017-02-27,95875197.22471291,43.25126956746573,5,95493625.26436424,43.243818512155975,5,612.1199951171875
2017-02-28,95644117.22471291,43.11416237249272,5,95263515.26436424,43.106723372574734,5,612.2000122070312
2017-03-02,95067997.22471291,42.769429447316085,5,94689895.26436424,42.762070743612476,5,608.9299926757812
2017-03-03,94408277.22471291,42.369505276312005,5,94032845.26436424,42.36212345591553,5,600.72998046875
2017-03-06,95121312.6747129,50.351455055910336,6,94742928.01436424,50.343910621770604,6,604.0499877929688
2017-03-07,95241258.80635354,57.99484084639065,7,94862571.84780174,57.98053233141345,7,606.0499877929688
2017-03-08,94550795.77900979,57.68809557667293,7,94175020.95717674,57.67375753990835,7,605.75
2017-03-09,95343349.00213479,50.77187397614503,6,94964301.92067674,50.764186146777355,6,606.1300048828125
2017-03-10,95377494.93513283,58.29212080191678,7,94998368.47629589,58.285528106311766,7,612.260009765625
2017-03-13,95073051.61237893,58.158563657039885,7,94695152.78928417,58.1519575709569,7,615.5900268554688
2017-03-14,94244702.64997658,57.79080494588092,7,93870330.87082714,57.78424625770402,7,614.1199951171875
2017-03-15,93906184.7251719,57.63864703254205,7,93533167.03391308,57.632068950323735,7,608.6799926757812
2017-03-16,94713717.52722268,65.5993192745936,8,94335419.98381542,65.54449270159257,8,613.8800048828125
2017-03-17,94327895.21032815,65.4586127496507,8,93949689.43938182,65.40302824685878,8,613.260009765625
2017-03-20,95039021.0021172,73.19750135421624,9,94653646.56240916,73.14541184666096,9,609.1099853515625
2017-03-21,95444891.67350392,65.72804815059648,8,95052868.75281933,65.67395555277822,8,609.72998046875
2017-03-22,94767338.78043751,65.48301583856338,8,94378272.85487011,65.42860025990774,8,607.5700073242188
2017-03-23,95595826.74137501,65.78215971126596,8,95195672.25135449,65.72544822174109,8,605.530029296875
2017-03-24,97116908.35426565,56.05949320236545,7,96704940.73768261,56.00068967327121,7,608.1799926757812
2017-03-27,99485258.67116018,57.105542783868444,7,99050671.2274287,57.042686890273686,7,607.0700073242188
2017-03-28,98446528.11207815,56.65295411080821,7,98024992.03065136,56.593205370373944,7,612.280029296875
2017-03-29,99968864.66783985,64.86326394345996,8,99538479.78574902,64.80240774033989,8,613.6300048828125
2017-03-30,101278915.91168752,72.90590428417887,9,100837319.76182324,72.84102619829791,9,614.6799926757812
2017-03-31,102008831.48707815,80.51746801983893,10,101558549.83565137,80.45236645405195,10,619.280029296875
2017-04-03,104154110.94254884,87.17435424406357,11,103695545.45427832,87.1074859991052,11,628.52001953125
2017-04-04,100280341.86438869,99.99467290951984,13,99860157.45248729,99.99896777003165,13,625.489990234375
2017-04-05,100926315.67249416,99.99470700529456,13,100493537.93295604,99.99897427586603,13,630.1699829101562
2017-04-06,104168391.8889756,93.72963365098215,12,103720255.61523046,93.7377331651125,12,630.4600219726562
2017-04-07,105048513.35821389,93.78216827396099,12,104595535.26855077,93.79013726372118,12,633.3200073242188
2017-04-10,102762610.11762795,86.799828862081,11,102315907.32841405,86.80534975356274,11,619.4099731445312
2017-04-11,103062676.76557717,86.83826111738445,11,102618930.04276952,86.84431214316258,11,621.6400146484375
2017-04-12,101823888.80952248,86.6781355928229,11,101392754.7986289,86.68521617223514,11,621.4500122070312
2017-04-13,100678971.07202248,94.11576266797425,12,100258342.50878514,94.11974428169255,12,623.8699951171875
2017-04-14,98300302.68237405,93.97337603276617,12,97894395.55468358,93.97774828165733,12,618.239990234375
2017-04-17,101627270.71450295,94.6921085616151,12,101199280.05009374,94.69793054278932,12,629.469970703125
2017-04-18,102878678.2512217,99.99347619795137,13,102448988.54120702,99.9960915002577,13,634.72998046875
2017-04-19,101994010.75317483,99.99341961231862,13,101567397.22724217,99.99605757500692,13,635.989990234375
2017-04-20,100773440.08911233,99.99812539760707,13,100354093.24999608,99.99654979847759,13,635.7999877929688
2017-04-21,99922338.33032326,99.99810943043275,13,99511323.48681249,99.99652057843088,13,634.9600219726562
2017-04-24,97406925.99643655,92.83141375226766,12,97013524.73319921,92.83173852555291,12,626.6199951171875
2017-04-25,99330554.0371592,84.67964218177376,11,98926217.78525,84.73079365952943,11,632.5700073242188
2017-04-26,99683123.27319436,92.27784418409236,12,99277211.71093358,92.33248820422423,12,635.1099853515625
2017-04-27,98951113.13462013,84.63943252397684,11,98548403.77978124,84.69268365608164,11,631.1099853515625
2017-04-28,99217175.1692881,84.68062361643993,11,98813131.7626914,84.73369313434841,11,628.239990234375
2017-05-02,99426344.7996592,84.71285197907483,11,99021414.23778905,84.76580441254065,11,626.4299926757812
2017-05-04,101164563.12192482,84.97551708595749,11,100752380.0854453,85.02753393452359,11,635.1099853515625
2017-05-08,102481545.74057716,92.64816148422302,12,102063662.47753514,92.69977410413516,12,643.3900146484375
2017-05-10,103288144.72495216,92.7055735473006,12,102866899.31249608,92.75677796429119,12,642.6799926757812
2017-05-11,105294807.25131935,92.84458754614896,12,104864289.04198827,92.89474235078279,12,647.5800170898438
2017-05-12,107759561.8349131,99.99982400511274,13,107318292.55526952,99.99794040847978,13,643.72998046875
2017-05-15,109262129.84907326,99.99982642538671,13,108813352.03036718,99.9979687065862,13,645.3800048828125
2017-05-16,108253836.90717873,99.99982480868597,13,107810617.64120702,99.99794981375538,13,639.1099853515625
2017-05-17,108493234.34475686,94.3438341032222,12,108046415.97839452,94.3474612432546,12,640.010009765625
2017-05-18,108777836.31057717,94.3586326687005,12,108326855.1561289,94.36209467204534,12,638.1199951171875
2017-05-19,108776496.96538186,99.99857340384858,13,108326037.93773046,99.99676700217253,13,642.4500122070312
2017-05-22,109301513.71391702,99.99858025633257,13,108848540.58275,99.99678252144277,13,642.6199951171875
2017-05-23,109799921.73218362,93.15188226128012,12,109346821.97333886,93.1480802114798,12,644.72998046875
2017-05-24,107143153.85030861,99.99416485606636,13,106700032.12255761,99.99999837590568,13,646.0399780273438
2017-05-25,106511354.23702736,99.99413024340271,13,106071882.90478417,99.99999836628791,13,643.02001953125
2017-05-26,106666344.22726174,99.9941387723677,13,106223808.0629873,99.9999983686245,13,646.010009765625
2017-05-29,107205769.21944924,99.9941682641823,13,106756076.20849511,99.99999837675827,13,642.97998046875
2017-05-30,107980036.22726174,99.9942100804365,13,107527266.13037011,99.99999838840023,13,649.0599975585938
2017-05-31,107417569.0752305,99.99969265992048,14,106965650.99072167,99.99999837993865,13,652.0399780273438
2017-06-01,107714794.442418,99.99969350798659,14,107260707.08935449,99.99999838439516,13,653.8300170898438
2017-06-02,107528500.13577737,99.99969297698583,14,107075226.17626855,99.99999838159653,13,658.780029296875
2017-06-05,107723083.72043361,99.99476574653504,13,107270450.03076074,99.9999983845419,13,662.3200073242188
2017-06-07,108353722.65598048,99.99479621086937,13,107897412.15478417,99.99999839392888,13,666.4600219726562
2017-06-08,109653109.66965236,99.99485787565972,13,109191539.22802636,99.99999841296388,13,669.969970703125
2017-06-09,109810395.73410548,99.99486524094144,13,109347632.10400292,99.99999841522936,13,674.1500244140625
2017-06-12,106259481.82590236,99.9946936507262,13,105816889.08447167,99.99999836235105,13,664.8599853515625
2017-06-13,106192745.83073927,99.99795884938575,13,105749401.74677783,99.99778061207454,13,669.22998046875
2017-06-14,106276035.54159378,88.20820596298505,11,105831650.6698247,88.13918484394542,11,671.5900268554688
2017-06-15,105132612.74302346,81.6740625434061,10,104692700.01046923,81.59499455012389,10,669.8200073242188
2017-06-16,105283203.26607034,70.90840104820383,9,104842544.8244536,70.83217631377379,9,670.7000122070312
2017-06-19,105130520.61581643,93.56133848846251,12,104722408.11586963,85.8937487894621,11,675.4400024414062
2017-06-20,104038005.52567971,99.99818223373276,13,103219370.03593798,99.98959346240383,13,669.4099731445312
2017-06-21,103577571.81034768,99.9981741532105,13,102259350.26469775,99.98949576491391,13,665.77001953125
2017-06-22,105251728.98202346,91.9559744006817,12,104037642.22293994,91.88155525549614,12,663.280029296875
2017-06-23,106203229.29159378,92.02804276337648,12,105458645.30838916,91.99094728302744,12,668.9299926757812
2017-06-26,108947041.14462112,99.55202911624627,13,107908062.44730517,99.50309551928444,13,668.3599853515625
2017-06-27,110284943.75419143,99.99456968210237,14,109361045.93275438,99.98939028311679,14,672.6300048828125
2017-06-28,108695703.94462112,99.99449028542826,14,108332465.34730516,99.98928954739765,14,665.8900146484375
2017-06-29,108576927.25321487,99.9944842581287,14,107956465.97191454,99.99974036075425,15,668.0
2017-06-30,107600775.18391798,93.4111180696227,13,106800312.55875048,93.38886192540876,14,669.0399780273438
2017-07-03,104534175.9941719,99.99742444706385,14,103456156.58233446,99.99498992855986,15,660.969970703125
2017-07-04,103234150.24172825,80.00877341282772,11,102610460.73180844,79.97805731732426,12,656.1900024414062
2017-07-05,104426188.86672825,80.23697588302846,11,104213559.29430844,80.28605128423608,12,661.5399780273438
2017-07-06,104132851.94172825,87.68349339232273,12,104118700.73180844,80.26809066022491,12,663.7899780273438
2017-07-07,104896034.38547824,87.33986678527457,12,104624565.81618345,80.01856153851918,12,663.77001953125
2017-07-10,105183328.0897468,99.58865882023878,13,104891447.1389559,87.08226134488413,12,657.8599853515625
2017-07-11,104231656.75808665,93.4899852657767,12,104016643.75112388,80.89321796372168,11,656.010009765625
2017-07-12,103820875.87029368,99.99927392957325,13,103998009.04106528,88.47739191021672,12,651.0999755859375
2017-07-13,105047919.47976634,84.10810961763787,11,104975840.53217855,72.75356076409616,10,652.6900024414062
2017-07-14,104120688.35769603,91.58113978024946,12,104201301.30268636,80.15969729310247,11,654.1099853515625
2017-07-17,105612357.22226633,84.18626565553613,11,105836847.72646567,72.10525501049958,10,659.8900146484375
2017-07-18,106010605.6265632,91.66445700991146,12,105784208.45732504,79.54185440924863,11,664.02001953125
2017-07-19,109254706.972989,99.99716757247622,14,108375761.09646566,94.81060691132987,13,671.530029296875
2017-07-20,110006520.46078196,99.99718693003071,14,109449066.14704184,99.99931122394878,14,676.510009765625
2017-07-21,111026645.99089915,99.99973522536982,15,110808583.8745809,99.99931967458699,14,676.5999755859375
2017-07-24,114126425.7604304,99.9997424168948,15,113599143.95563559,99.99933638676343,14,677.3200073242188
2017-07-25,111623326.92644602,99.9997366407189,15,110848773.76227622,99.99931992124917,14,670.469970703125
2017-07-26,109951876.82341868,99.99973263722292,15,109330187.44342856,99.99931047501744,14,667.219970703125
2017-07-27,109356400.62078196,99.99973118135777,15,108763280.78356527,99.98953455718336,13,666.47998046875
2017-07-28,104486675.10942648,99.28127848398177,14,104473002.90558091,85.9465326851047,11,652.9500122070312
2017-07-31,105648299.66329367,94.49173240465753,13,105447500.51300278,86.07640840721969,11,650.469970703125
2017-08-01,104643357.31591184,99.99542784262569,14,104069150.0413231,85.8919965134763,11,653.1199951171875
2017-08-02,106225618.36864622,99.99549594622114,14,105868842.23175278,86.1318221615331,11,657.52001953125
2017-08-03,102603006.86815794,99.99533692128108,14,102625919.27765122,85.69359532214904,11,643.0900268554688
2017-08-04,103640305.84528685,79.13673478419055,11,103584096.92987777,80.16316484820075,10,641.5800170898438
2017-08-07,104644183.0462634,79.51724457583828,11,104422033.84042466,80.47317850309274,10,648.3900146484375
2017-08-08,105723940.16052121,79.72643466897387,11,105304806.10800278,80.63687223302315,10,651.6699829101562
2017-08-09,104172230.89343137,79.42444747976519,11,104101406.94052231,80.41303691206625,10,642.8699951171875
2017-08-10,103366720.77790403,72.44375785105967,10,103069075.01597153,73.36225644093017,9,640.0399780273438
2017-08-11,102330699.86622435,72.16224092455305,9,101866510.1468309,73.04778984586237,9,628.3400268554688
2017-08-14,102963266.94776732,64.34399395310335,8,102499781.43560043,65.25769938950192,8,629.3699951171875
2017-08-16,102564225.20460325,71.9270723963057,9,101769982.60747543,72.75912063541668,9,634.9099731445312
2017-08-17,103595937.79591185,64.9776106468047,8,102245218.84819809,64.23567321446029,8,642.1099853515625
2017-08-18,104288848.77325559,72.5758882896858,9,103221205.7687059,71.90993907159886,9,643.5800170898438
2017-08-21,103529524.32403684,72.3747495453932,9,102782577.33413559,71.79006370194398,9,640.8499755859375
2017-08-22,103352186.62042356,79.87587967987105,10,102478348.94829574,79.27443268804437,10,644.260009765625
2017-08-23,103974876.09931028,71.22201378687025,9,103184245.51612777,70.61034843083685,9,643.7100219726562
2017-08-24,105865168.08772434,79.16267003133771,10,104580085.97666293,78.4504197978388,10,647.7100219726562
2017-08-25,105866507.35278293,86.77894328781768,11,105024567.15402621,93.90649701641281,12,650.27001953125
2017-08-28,104469414.46701731,99.99319254701349,13,103677498.76994418,99.9930643745119,13,652.9199829101562
2017-08-29,106411112.64865793,99.99331676354272,13,105558959.20744418,99.99318799362545,13,653.9600219726562
2017-08-30,106005880.59250559,99.99329121532186,13,105138114.34074496,99.99316072665447,13,655.0
2017-08-31,107227598.38303293,99.99336765312069,13,106308228.78166293,99.99323600523448,13,657.8300170898438
2017-09-01,107262071.11740793,99.99336978467687,13,106370853.94572543,99.9932399874934,13,661.989990234375
2017-09-04,106566125.25803293,99.99332648507404,13,105725216.28166293,99.99319870577426,13,650.8900146484375
2017-09-05,103706584.65647043,99.993142473741,13,102874192.4515848,99.99301021679126,13,648.75
2017-09-06,103729088.6645759,91.96168932589627,12,102881843.08234653,92.52735171464934,12,652.5900268554688
2017-09-07,104941892.9067634,92.054587376575,12,104012685.00422153,92.60859549706068,12,658.47998046875
2017-09-08,103709900.1286638,86.15815226195366,11,102803887.58673128,85.26501376697175,11,654.2899780273438
2017-09-11,106539549.76274583,99.98136591985437,13,105658402.87589145,92.94805251630127,12,656.530029296875
2017-09-12,108196167.63878919,93.33337766397064,12,107434597.27481723,93.0646409332525,12,660.0499877929688
2017-09-13,108157097.77394544,99.98801883667186,13,107837393.19356723,99.98866137008639,13,659.0900268554688
2017-09-14,109121020.89748059,99.98812467256198,13,108656908.4782352,99.98874688862959,13,665.4099731445312
2017-09-15,109193511.02541028,99.98813255621731,13,108161386.93819614,99.98869533456548,13,671.2999877929688
2017-09-18,111602783.68505871,99.9957868447542,14,110245352.3497977,99.99639821286063,14,675.8699951171875
2017-09-19,109407871.43353528,99.99968164216092,15,108479999.96600863,99.99633959907453,14,674.47998046875
2017-09-20,105517762.62800793,99.99394485271628,15,104760812.42108676,85.00012796792734,12,668.0499877929688
2017-09-21,105547016.32874621,94.92410457321616,13,104903922.9521805,73.97286808416193,10,661.1099853515625
2017-09-25,103875753.8746388,89.01189165163346,12,104151871.59700473,81.6284850975223,11,642.0399780273438
2017-09-26,103875753.8746388,89.01189165163346,12,104151871.59700473,81.6284850975223,11,642.4000244140625
2017-09-27,104145364.1277638,81.67014120762117,11,104368930.28762972,74.4012127574524,10,649.239990234375
2017-09-28,103856516.18440442,81.61916181596851,11,104026231.49075472,74.31688139733521,10,648.0900268554688
2017-09-29,103275061.89284974,81.42169353415166,11,103464829.51137972,66.98665072666424,9,652.8200073242188
2017-10-10,104969233.55691224,81.72154177838642,11,105259638.61489534,67.54956981505393,9,654.5900268554688
2017-10-11,105123813.92716223,89.25998899748079,12,105482965.34788364,75.12112752766402,10,662.3099975585938
2017-10-12,103877438.37735754,96.68682320645749,13,104380117.30003208,82.39773540766784,11,666.5399780273438
2017-10-13,100806465.02350989,83.03298898730739,11,101691483.61430942,68.38764617609063,9,663.0800170898438
2017-10-16,99355686.9824888,49.56803689038136,7,100335024.04909652,42.51504129732688,6,659.4099731445312
2017-10-17,100153389.7824888,42.33315883591283,6,101148095.64909652,35.479211625154115,5,670.510009765625
2017-10-18,99559309.7824888,41.98905523501797,6,100664535.64909652,35.16927454328748,5,668.4199829101562
2017-10-19,100028249.7824888,42.26101493137621,6,100826795.64909652,35.273606268250916,5,667.0999755859375
2017-10-20,101080429.7824888,42.86203933778439,6,101524955.64909652,35.718712387813746,5,672.9500122070312
2017-10-23,102082300.92631692,43.41534193277027,5,102535793.45894027,36.34498621686012,4,675.8599853515625
2017-10-24,102201087.35014504,43.481109228888315,5,102574206.54878402,36.36882442965969,4,687.2100219726562
2017-10-25,103178848.53691848,51.36765551137802,6,103508493.45894027,36.943171253061244,4,689.1400146484375
2017-10-26,101927099.76094192,58.376016035604664,7,102684220.05894028,43.98652487604641,5,680.6099853515625
2017-10-27,102789334.72959426,73.74279313036834,9,103058982.85894027,59.30261322649778,7,689.969970703125
2017-10-30,103684638.8379927,81.46389043231606,10,103681329.76909652,59.54689918392454,7,689.6799926757812
2017-10-31,103433019.76839504,88.94191812331952,11,103586530.52794027,67.00197733085375,8,694.2000122070312
2017-11-01,102965562.67855129,88.89171513662323,11,103403527.55528402,66.94357761874524,8,695.77001953125
2017-11-02,102139020.11605129,88.80182324001484,11,102394642.59434652,66.61787574062093,8,694.9600219726562
2017-11-03,103290792.68558255,99.97887341848691,13,103330514.7298934,81.67465237612547,10,701.1300048828125
2017-11-06,105021753.50382473,99.99967727304019,14,104748171.84274496,89.34695157969507,11,703.7899780273438
2017-11-07,105891781.24503566,99.99967992462848,14,105953039.20995492,96.99192428701662,12,701.1400146484375
2017-11-08,106633677.5253091,99.99968215153028,14,106626572.18065804,97.01092553717059,12,709.1099853515625
2017-11-09,106097285.8534341,99.99968054459688,14,106650480.11376351,97.01159560065487,12,709.9400024414062
2017-11-10,106641137.0565591,99.99968217376373,14,107167526.38915414,97.0260136190239,12,720.7899780273438
2017-11-13,109166277.45206691,99.99968952544674,14,109940051.52820492,99.97557950732681,13,741.3800048828125
2017-11-14,112214668.10734035,99.9996979597071,14,113425610.67097835,99.99121520953742,14,756.4600219726562
2017-11-15,115783170.4315591,99.99970726875851,14,117532331.44304183,99.99787427160781,15,768.030029296875
2017-11-16,116531721.83878566,99.9997091491425,14,118174233.18162484,99.99982384410117,15,780.219970703125
2017-11-17,113883979.66886379,99.99970238701421,14,118012768.43064828,99.99982360308513,15,775.8499755859375
2017-11-20,113740271.70109035,99.9997020109877,14,119844006.82713266,99.99982629846234,15,785.3200073242188
2017-11-21,113927109.1815591,99.9997024996819,14,120392952.71775766,99.99982709047501,15,789.3800048828125
2017-11-22,114181491.07902004,99.99970316247492,14,118264146.9794764,99.99982397802887,15,780.9000244140625
2017-11-23,118587816.31730129,99.99971419196108,14,121436468.1855311,99.9998285763035,15,796.7999877929688
2017-11-24,118966547.22648098,99.99971510183315,14,123262009.0810389,99.99983111513092,15,792.739990234375
2017-11-27,119387626.9706216,99.99971610666798,14,124516884.45799203,99.99983281714478,15,792.7999877929688
2017-11-28,115957491.29484035,99.99970770882636,14,121575925.1933436,99.99982877293976,15,773.1199951171875
2017-11-29,118986677.0519888,94.17593441114053,13,124759753.44939828,94.39399142952027,14,781.719970703125
2017-11-30,114955765.96094583,97.07808208228865,13,121288475.80783579,94.38826151769652,14,771.4199829101562
2017-12-01,118126358.98047708,99.9913405245506,14,125037178.19807015,99.97976044255607,15,787.7000122070312
2017-12-04,117212528.03907083,99.99127301217172,14,125281434.68190219,99.99824080433014,16,782.4500122070312
2017-12-05,117551925.64587551,99.99201433323731,14,129473252.38991,99.99829775993622,16,774.1199951171875
2017-12-06,115235279.55649757,99.99624558467995,15,127324083.91823031,99.99826902695371,16,768.3900146484375
2017-12-07,112473565.94272804,93.79201472589106,14,123642656.75807406,99.99821748769247,16,753.4600219726562
2017-12-08,108530636.72837257,84.71850998856803,13,115791640.27936313,91.75374567409438,15,744.0599975585938
2017-12-11,113294007.2560679,92.80404387801092,14,121402688.10033968,99.54351878508982,16,764.0900268554688
2017-12-12,112557921.15889993,92.75698505529377,14,121345514.76489046,99.99618509906321,17,760.4000244140625
2017-12-13,114957700.21114603,92.908185327285,14,124442510.79711702,99.9962800403577,17,772.219970703125
2017-12-14,117125944.12452492,99.99472640239023,15,128812037.5139139,99.99640622781158,17,770.3499755859375
2017-12-15,117028260.19239601,99.99472200049834,15,127765914.25121859,99.99637680268117,17,771.8200073242188
2017-12-18,116619960.27979836,99.99470352161418,15,126554845.07836702,99.99634213042047,17,770.5
2017-12-19,117324517.5778804,92.62312904524481,14,127603546.31310141,93.20041030346769,16,766.1799926757812
2017-12-21,113795194.71411087,92.39433766798935,14,121379232.83653891,92.85172810475733,16,740.3200073242188
2017-12-22,117193853.5478218,92.7657273368292,14,125177298.1086639,93.64529753314685,16,761.2000122070312
2017-12-26,118076648.55123977,99.99685974308046,15,126120113.47370297,99.99315370830743,17,762.2100219726562
2017-12-27,123803831.52291946,99.99700501181515,15,133126943.00592953,99.99351404707684,17,791.9500122070312
2017-12-28,123504602.29049759,99.99699775550245,15,133742909.48639828,99.99354391878825,17,798.4199829101562
2018-01-02,126580868.7485054,99.98779325005488,15,136813678.33854672,99.99343819202844,17,812.4500122070312
2018-01-03,124589307.13127883,99.59056000721718,15,133764267.29893735,99.9979486219251,17,822.3099975585938
2018-01-04,119420089.13424759,93.87867844252841,14,128213588.06733578,99.99481476889336,17,808.010009765625
2018-01-05,123098211.71679837,99.99587177036442,15,134022948.8847186,99.99503952800119,17,828.030029296875
2018-01-08,123124270.81748587,93.47460657471287,13,134043199.19635141,93.98015206498366,16,839.510009765625
2018-01-09,120322439.9961968,99.99141716802178,14,130964701.81783578,99.99243280157643,17,829.989990234375
2018-01-10,121809162.5352593,99.99152192442504,14,133317788.7416639,99.9925663642152,17,834.9099731445312
2018-01-11,123514440.23555227,99.99565599548788,14,134969788.90006235,99.99153206140087,17,852.510009765625
2018-01-12,123283785.67256398,99.99564786818665,14,135864654.63248423,99.99158783505369,17,873.0499877929688
2018-01-15,127652307.31074758,99.99579680699081,14,140252469.42838266,99.99185101061107,17,891.6099853515625
2018-01-16,131922050.7165093,99.99593284608008,14,147087623.3443983,99.99222969370804,17,901.22998046875
2018-01-17,133679690.85520071,99.99936680519565,15,145830662.40590024,99.99869754111754,18,886.5800170898438
2018-01-18,138606829.9831304,99.9993893137466,15,150639193.24769711,99.99873911670998,18,898.1900024414062
2018-01-19,137135208.38986868,99.99938276036701,15,151142339.91078305,99.99874331413885,18,879.989990234375
2018-01-22,138012645.03830618,99.99938668456305,15,153988208.40004086,99.99876653905153,18,873.0900268554688
2018-01-23,138589727.34055227,99.99938923838498,15,154719466.90785336,99.99877236882092,18,894.4299926757812
2018-01-24,138305945.03879446,99.99938798519707,15,152076260.32289243,99.9987510316128,18,894.77001953125
2018-01-25,140439427.2331304,99.9993972826053,15,155391969.91957211,99.99877768174453,18,898.5999755859375
2018-01-26,142309488.43772024,99.99940520279691,15,157256511.74965024,99.9987921743941,18,913.1199951171875
2018-01-29,139552824.54953665,99.99939345343981,15,154108433.77797055,99.99876750131754,18,927.0499877929688
2018-01-30,138558278.09445852,99.99938909975744,15,152545080.35316586,99.99875487009383,18,920.9600219726562
2018-01-31,137241467.54811087,95.07453866996337,14,153167286.31726742,96.59134742806548,17,913.5700073242188
2018-02-01,136427872.16822806,95.04516540101018,14,151968576.10340023,96.55329622825974,16,908.2000122070312
2018-02-02,133452296.84498587,94.93468784526885,14,148787750.14840043,96.45869647958789,14,899.469970703125
2018-02-05,127490938.4965679,89.5871371297502,13,144184064.09652543,90.16492769654907,13,858.219970703125
2018-02-06,126873615.25542727,74.92558365041877,11,145054871.56484574,85.43041423607959,11,858.1699829101562
2018-02-07,126108020.68560305,74.77335830508082,11,146064991.16836137,85.53117092033034,11,829.9600219726562
2018-02-08,130285281.82013822,72.7956635767801,11,152817424.3893887,85.45420529130547,11,861.9400024414062
2018-02-09,129479980.18359524,66.26460813914709,10,149885471.65329495,78.80414409724644,10,842.5999755859375
2018-02-12,130659988.15966946,60.56531274645043,9,150236953.2040762,73.57964951746771,9,843.239990234375
2018-02-13,127430570.29248196,59.56593651113056,9,146272837.48141995,72.86363601455609,9,829.3900146484375
2018-02-14,129161829.99114993,60.394853987593976,9,147760795.82924807,73.72768311314766,9,848.030029296875
2018-02-19,132186907.3563843,61.30121175891183,9,152224819.9249512,74.49812419950058,9,875.8099975585938
2018-02-20,128683553.16226321,68.82018532725998,10,148071495.71791995,82.364667900336,10,864.4099731445312
2018-02-21,128579780.40396243,68.79502106456073,10,146706206.27260745,82.2005485123974,10,875.5800170898438
2018-02-22,130522624.91323978,69.25951081893957,10,148456226.60268557,82.41037064435089,10,870.219970703125
2018-02-23,130737154.62993899,76.80649309209713,11,148092775.9749512,89.89616831996867,11,874.780029296875
2018-02-26,130265640.9238843,76.72254112808737,11,147346604.26987308,89.84500193340774,11,874.4299926757812
2018-02-27,128152831.11536184,84.06667588628666,12,146432938.92467484,97.43179585307425,12,874.010009765625
2018-02-28,126306292.86829153,83.83373822569347,12,143937194.6600264,97.38726545365056,12,857.0599975585938
2018-03-02,129084022.1351428,77.29993486019929,10,148919818.10916245,90.35818242631643,10,860.22998046875
2018-03-05,126760187.9085803,84.52307547547883,11,147218354.21775618,97.83404589048027,11,845.0
2018-03-06,129611782.11522093,84.85950297920665,10,149781599.2525218,92.07507166942807,10,859.2100219726562
2018-03-07,128641695.25584593,84.74532851053951,10,149984038.69392806,92.08576826140144,10,841.030029296875
2018-03-08,132376601.50584593,92.34235363769743,11,154505224.5579437,95.5528224377548,10,853.9400024414062
2018-03-09,134217700.56639281,92.44739556185601,11,156969099.27474058,95.62262782242826,10,865.7999877929688
2018-03-12,140430829.83934593,93.32921674920938,11,168509876.6935687,96.63089479154988,10,884.27001953125
2018-03-13,139512037.41333032,99.99712138397243,12,167477940.10177183,96.61013562204911,10,886.25
2018-03-14,140805133.23247093,99.99070189021607,12,170447385.9435687,99.9953604260974,11,886.9199829101562
2018-03-15,141748994.06450218,99.99076380333013,12,170966275.86349058,99.99537450740156,11,890.4299926757812
2018-03-16,146424737.3584475,99.99105874041125,12,179859743.61251402,99.99560322266836,11,894.4299926757812
2018-03-19,138121586.51860374,99.99052123842525,12,159863244.3605609,99.99505325162922,11,880.969970703125
2018-03-20,139450772.0566311,92.91755440306255,11,161905991.8415101,93.50062942598466,10,890.4000244140625
2018-03-21,132873959.95604515,92.5669972741933,11,147117539.19990852,92.84730396624163,10,885.5499877929688
2018-03-22,131647424.04861936,91.33346700134197,11,147184867.3337015,79.78838580243483,10,871.6199951171875
2018-03-23,126698206.1929553,98.69896765188099,12,143470308.52803743,79.26509125972059,10,829.6799926757812
2018-03-26,129810200.74636546,89.95276025361107,11,146134894.7361351,80.64540130102134,10,853.6900024414062
2018-03-27,132587152.9953889,90.16319319813009,11,149240970.30937728,81.04821861133618,10,858.8400268554688
2018-03-28,135622634.82284984,97.96331394805519,12,153224313.98201987,89.09384393838687,11,850.969970703125
2018-03-29,136439535.94765452,91.36428425611369,11,154451272.46160972,82.47542491827453,10,865.989990234375
2018-03-30,138062496.4662092,91.46579933848959,11,156318643.57196128,82.68477221352364,10,871.0900268554688
2018-04-02,136901498.623135,98.95917982890751,12,155512939.6263011,90.13472072206989,11,867.7999877929688
2018-04-03,138206836.560635,98.9690101823781,12,157132450.97884017,90.23639883939734,11,872.3200073242188
2018-04-04,138090214.31296313,92.88965244420235,11,158439614.2604222,89.89245332222839,10,862.510009765625
2018-04-05,137840613.95723265,99.99848392095599,12,157908115.4691234,99.99432814043872,12,868.9299926757812
2018-04-06,141883903.4484436,99.99852712491582,12,162150335.17029527,99.99447652911981,12,867.9600219726562
2018-04-09,146520313.44160765,99.99857373178281,12,167670767.7557445,99.99465838520027,12,874.4400024414062
2018-04-10,145339407.1046936,99.99856214312142,12,166528065.89002183,99.99462173147967,12,877.2999877929688
2018-04-11,146170724.5265686,99.99857032065134,12,167197585.68746322,97.96098596009757,11,885.3800048828125
2018-04-12,142496305.73262328,99.99853345484881,12,163104394.52105698,98.12584255898106,11,881.4500122070312
2018-04-13,147162494.25899047,99.99857995566542,12,169121694.2178734,99.99683902837153,12,891.8699951171875
2018-04-16,149426020.75703734,99.99860146669786,12,171723559.11435777,99.9968869217483,12,896.8900146484375
2018-04-17,151072744.29606077,99.99654715171381,12,173763515.0430687,99.99692346879003,12,901.219970703125
2018-04-18,147297018.95875883,93.6949833295943,12,168600151.46734565,93.76449068203725,12,893.3200073242188
2018-04-19,145722169.13326937,88.1666511070209,11,167106383.98201263,87.69116330298677,11,882.72998046875
2018-04-20,146192795.77338657,95.68943724304637,12,167597655.92244232,95.21723864781306,12,889.1699829101562
2018-04-23,143653243.68390217,99.99212247809524,13,164280260.93002826,99.99783853835339,13,879.02001953125
2018-04-24,141411114.24441,99.99605769619458,14,162424814.34750873,99.99781384707305,13,873.6099853515625
2018-04-25,137918120.55541,93.20903337137976,12,158582649.9569814,93.19299730597184,12,869.9299926757812
2018-04-26,140422346.59365413,86.30390231180037,11,161401244.19222552,86.16512856544139,11,879.3900146484375
2018-04-27,144158439.92959163,86.65885828473004,11,165554022.54867083,86.51216425671097,11,886.489990234375
2018-04-30,146131590.59365413,86.83899785980684,11,168221830.9715224,86.7260661123392,11,875.9500122070312
2018-05-02,142470271.07256037,94.36843328427246,12,164824527.22835833,86.45246857172205,11,871.030029296875
2018-05-03,140570764.38209164,74.45776611989218,10,162487305.50804585,74.1398898231519,10,866.0700073242188
2018-05-04,139563531.73104864,89.33274480251295,12,160892294.6782763,88.98609131470934,12,856.3400268554688
2018-05-08,131709404.06725179,70.04283915806798,9,151845695.52203804,66.65325336918414,9,827.219970703125
2018-05-09,133079274.03325179,54.297528588280656,7,153311675.0930693,48.064507077207054,7,850.8499755859375
2018-05-10,132641506.80473617,61.7468027050446,8,153049861.78691694,47.9756641148547,7,854.9299926757812
2018-05-11,133944353.73286116,69.58628582861786,9,153313439.483206,48.06510477087153,7,865.9299926757812
2018-05-14,132340361.55903304,76.84451211103271,10,151172419.86083686,55.09439267811662,8,858.7000122070312
2018-05-15,132185280.15961897,76.8173458073293,10,150671022.44677436,54.94495747138301,8,862.9400024414062
2018-05-16,131809790.03418928,69.12827922534237,9,149840407.77050483,54.69520254798789,8,850.2899780273438
2018-05-17,131423901.27984554,69.03574352935595,8,148867762.59106344,62.013167538469496,8,855.6199951171875
2018-05-18,135395768.02105647,69.94408728514418,8,153561555.63842672,63.17428061366596,8,869.4500122070312
2018-05-21,133771362.70953304,77.17849154134255,9,152327263.68530172,62.87588564478831,8,872.9600219726562
2018-05-23,135771284.47997835,63.00702485625816,7,154589472.55616498,56.045689543310075,7,869.1599731445312
2018-05-24,138098071.2600565,70.96540280818905,8,157276192.78448528,64.13615124954856,8,873.3200073242188
2018-05-25,139351755.07646275,71.2266137602526,8,159032316.5134892,64.53217991331222,8,868.3499755859375
2018-05-28,139636224.2350565,78.81098297945147,9,159529373.02550092,72.1658214041885,9,879.6900024414062
2018-05-29,133978256.80927524,93.58486068955749,11,153437571.40733686,86.70548783221889,11,870.0800170898438
2018-05-30,138209167.18329868,99.9980161807836,12,157071758.51514935,94.92820716085133,12,874.219970703125
2018-05-31,139276640.94077915,90.53944623492252,11,158221182.76392183,85.5919204746161,11,879.6599731445312
2018-06-01,139367051.90054476,83.96689361389227,10,158760691.30064058,79.04537989468012,10,883.219970703125
2018-06-04,136890786.7774979,83.67686516791255,10,156335271.48423433,78.72028530555643,10,877.4400024414062
2018-06-05,135794649.25152132,91.12105420585175,11,154823665.71226168,86.1263647002464,11,877.1599731445312
2018-06-07,137813739.15191194,91.25113840420094,11,156810454.006207,86.30214364548766,11,887.9099731445312
2018-06-08,133813659.49842757,98.64170543408454,12,152683288.73188275,93.56170514031207,12,878.47998046875
2018-06-11,132925875.513076,98.6326336701533,12,151216477.5506568,86.54083203844216,11,876.5499877929688
2018-06-12,134031727.23014632,93.48845926218699,12,152371831.7122974,81.57275420334871,11,875.0399780273438
2018-06-14,132569209.5846385,99.99991663208544,13,151213617.85878178,88.8829840906365,12,864.5599975585938
2018-06-15,130481846.95143539,99.99400459116103,13,149424780.4107349,96.41275212869591,13,866.219970703125
2018-06-18,126848702.72724007,63.97934951341503,8,145071991.97249663,67.34541112553087,9,840.22998046875
2018-06-19,125945132.44058186,71.12763291105546,9,143884453.64721343,72.3552635185261,9,815.3900146484375
2018-06-20,128242520.92495686,71.64486419431762,9,146561148.48315093,72.86014850439479,9,840.1699829101562
2018-06-21,130352097.0605428,79.49000918912347,10,149205046.97818998,80.7218068616773,10,826.219970703125
2018-06-22,130462718.30518714,65.69542383728384,8,149083404.3419234,66.86489050621971,8,830.27001953125
2018-06-25,129717179.04268715,73.0463307767069,9,148209295.9095015,74.24727522553152,9,836.0
2018-06-26,128504150.69269106,64.4417478586968,8,146784878.60138822,65.54447366535443,8,831.4000244140625
2018-06-27,126985058.85284731,64.01637300629346,8,145077370.34552884,65.1389445636326,8,826.6900024414062
2018-06-28,125697008.28487855,71.05735449733544,9,143569364.994357,72.16110128832163,9,810.2000122070312
2018-06-29,127518464.3873395,66.25691456208318,8,145698159.04457182,66.75549343780375,8,818.219970703125
2018-07-02,124903194.3873395,65.55038916466576,8,142746174.04457182,66.06799841132856,8,789.8200073242188
2018-07-03,127198774.3873395,66.17210771519643,8,145361714.04457182,66.67854781230783,8,795.7100219726562
2018-07-04,126574124.3873395,66.0051652771746,8,144542014.04457182,66.48958134094104,8,799.0999755859375
2018-07-05,125631485.50733949,58.76390755220914,7,143460958.56457183,59.21942865156651,7,794.0499877929688
2018-07-06,126301255.50733949,58.9825807358431,7,144304893.56457183,59.45792473185043,7,808.8900146484375
2018-07-09,126312115.50733949,58.986107311036776,7,144356748.56457183,59.47248802268328,7,808.280029296875
2018-07-10,125235464.50733949,66.2027887437117,8,143160084.56457183,66.70121094887298,8,813.1900024414062
2018-07-11,123793084.50733949,65.8089992055816,8,141558469.56457183,66.32446316267433,8,804.780029296875
2018-07-12,125991284.86733949,59.91823170903275,7,144027170.33457184,59.77521449599333,7,819.2899780273438
2018-07-13,128299324.86733949,60.6392824595487,7,146560340.33457184,60.470465473594594,7,827.8900146484375
2018-07-16,127603181.46733949,68.06829892578459,8,145684022.53457183,67.88187426423649,8,825.7100219726562
2018-07-17,125180720.96733949,59.270408755161284,7,142933574.53457183,59.06735018340938,7,819.719970703125
2018-07-18,122970010.96733949,58.53818702115825,7,140453374.53457183,58.34453979589449,7,810.4400024414062
2018-07-19,122520755.9873395,59.19336639376775,7,140096944.37457183,51.451457647268406,6,796.489990234375
2018-07-20,123306794.4273395,45.64917145191777,5,140632955.25457186,36.645478939634685,4,791.6099853515625
2018-07-23,121209255.52733949,37.698086504370565,4,138937233.65457183,28.882509709217562,3,756.9600219726562
2018-07-24,121956406.4273395,19.626906614586918,2,139796434.05457187,19.57507727938004,2,761.5700073242188
2018-07-25,122847476.4273395,20.209890119057196,2,140814594.05457187,20.156589727482487,2,748.8900146484375
2018-07-26,123316486.4273395,20.513356107421295,2,141350974.05457187,20.45956895127927,2,765.1500244140625
2018-07-27,123047596.4273395,20.339657763879117,2,141043654.05457187,20.286258316116378,2,773.97998046875
2018-07-30,122398941.7673395,27.46721459725147,3,140301014.35457185,27.416651388412827,3,769.7999877929688
2018-07-31,122237541.7673395,27.371443761264878,3,140116424.35457185,27.321029762454767,3,775.52001953125
2018-08-01,121632467.64029458,42.06116139142303,5,139424426.56308746,42.005688246052905,5,790.25
2018-08-02,121402456.05826333,41.95138928003331,5,139160185.15683746,41.89556696046326,5,781.3800048828125
2018-08-03,122209661.45377114,42.33480538001666,5,140084928.00839996,42.279131844004354,5,788.8099975585938
2018-08-06,121090541.90396646,41.801863288687215,5,138803671.79746246,41.74632734490229,5,781.4099731445312
2018-08-07,121423001.90396646,41.961211618308866,5,139183911.79746246,41.905472006122956,5,784.7000122070312
2018-08-08,120857172.94791177,41.68948569390018,5,138536304.33652496,41.6339009551363,5,783.8099975585938
2018-08-09,120585481.12225552,34.54262454513055,4,138226255.24527496,34.487427815657,4,789.47998046875
2018-08-10,120021551.12225552,34.235068298813886,4,137580035.24527496,34.179712133497944,4,784.8099975585938
2018-08-13,119006557.92825551,26.713628688568203,3,136417965.51527494,26.656357073385806,3,755.6500244140625
2018-08-14,119056947.92825551,26.744646620025748,3,136476285.51527494,26.6876987913944,3,761.9400024414062
2018-08-16,120283447.92825551,27.491612993770943,3,137878385.51527494,27.433219397401192,3,761.1799926757812
2018-08-17,119480397.42825551,34.57732053896734,4,136960112.01527494,34.52002141669327,4,772.2999877929688
2018-08-20,119181868.72825551,42.00891505918313,5,136619398.31527495,41.960022300574444,5,769.780029296875
2018-08-21,121032288.72825551,42.89552031571196,5,138738708.31527495,42.84661485020847,5,787.1500244140625
2018-08-22,121024258.72825551,42.89173141440669,5,138730018.31527495,42.84303478208057,5,785.9500122070312
2018-08-23,121223104.40825552,34.829086588814235,4,138958585.15527496,34.798713549052266,4,791.280029296875
2018-08-24,121160254.40825552,34.795280189777706,4,138887135.15527496,34.76517097571233,4,798.22998046875
2018-08-27,122687504.40825552,35.60696764572909,4,140636185.15527496,35.57647695346588,4,801.0399780273438
2018-08-28,121290758.00825551,42.44354709737742,5,139035040.75527495,42.41772410726789,5,798.1699829101562
2018-08-29,121766258.00825551,42.668306351729655,5,139580240.75527495,42.64264030347764,5,803.1799926757812
2018-08-30,121390277.1082555,50.056233042298246,6,139149880.25527495,50.029938848877265,6,804.469970703125
2018-08-31,122623047.87723598,58.52286184587064,7,140562584.6255679,58.48531510714847,7,816.969970703125
2018-09-03,122637891.8010641,58.52788218232886,7,140579736.7251773,58.49038030379147,7,816.8400268554688
2018-09-04,123565391.54129848,58.83917791022695,7,141640703.0943179,58.801310068551025,7,827.27001953125
2018-09-05,123740411.06864223,58.8973961395428,7,141841764.94978666,58.859709546613296,7,820.0
2018-09-06,124325104.71317348,59.090699264493615,7,142511431.93416166,59.05302943590441,7,815.1799926757812
2018-09-07,124642220.18973598,59.19478095028862,7,142876308.15291166,59.1575994376202,7,818.8599853515625
2018-09-10,123365917.49472037,74.1041779989554,9,141413601.5301695,74.06852573750272,9,816.1599731445312
2018-09-11,123890106.6841735,74.21374534301745,9,142014467.39345074,74.17824228930813,9,820.22998046875
2018-09-12,124096159.37606803,74.25656155274274,9,142252026.11220074,74.22136423171749,9,826.3300170898438
2018-09-13,124208225.89364615,63.93365650134454,8,142380562.14345074,63.929627112496476,8,830.9500122070312
2018-09-14,125405946.48009145,71.6799092218275,9,143591275.58095074,64.23376038921437,8,834.9099731445312
2018-09-17,124354376.16954458,71.44042776913044,9,142619321.23915386,63.99001254651389,8,828.8800048828125
2018-09-18,125656861.60362661,71.73645956842574,9,143862704.60438824,64.30124136363567,8,831.8499755859375
2018-09-19,126153380.161693,72.73825669172876,9,144381648.08759135,65.34966161065314,8,826.9099731445312
2018-09-20,125697036.3257555,72.63928277094833,9,143907774.05634135,65.2355614819811,8,821.1300048828125
2018-09-21,126933506.90720083,80.28873078195167,10,145074137.881732,72.90403788819188,9,827.8400268554688
2018-09-27,127421152.03610708,80.36416648681814,10,145717794.2743101,73.02372463827739,9,833.010009765625
2018-09-28,126772215.6474352,80.26365229430735,10,144990743.85438824,72.88845315950377,9,822.27001953125
2018-10-01,126304883.21823598,80.19062712630267,10,144254749.0457945,72.75012871708824,9,816.530029296875
2018-10-02,122278988.66550161,79.53842639079069,10,139972472.43251324,71.91645417750334,9,794.989990234375
2018-10-04,122455987.36016959,57.77573024477002,7,140241889.29196635,50.154720741864146,6,789.0
2018-10-05,121441361.16770083,43.503650417868485,5,138995837.29176712,35.76767274726756,4,773.7000122070312
2018-10-08,119910899.04123598,42.78256898148266,5,137240973.9226265,34.94635127898636,4,767.1500244140625
2018-10-10,119743850.64272915,35.562736217068604,4,136883384.28558743,27.615270156000005,3,747.5
2018-10-11,118489610.64272915,34.880652840402,4,135478984.28558743,26.864916769982422,3,707.3800048828125
2018-10-12,119012308.64272915,27.2245703908659,3,136128070.28558743,19.25401301447496,2,731.5
2018-10-15,118501498.64272915,26.910866196198125,3,136174720.28558743,19.2816745384713,2,718.8699951171875
2018-10-16,118906127.12272915,19.68901881403488,2,136759170.28558743,19.626630019098123,2,731.5
2018-10-17,119366127.38249478,19.998512579290384,2,137286903.9164468,19.93558687626667,2,739.1500244140625
2018-10-18,119059727.12272915,19.79262871646182,2,136935170.28558743,19.729932283133998,2,731.3400268554688
2018-10-19,119328577.6422604,19.973338097784225,2,137243787.54730618,19.91043392141922,2,740.47998046875
2018-10-22,120244427.12272915,20.58286636017917,2,138293670.28558743,20.518449116682287,2,744.1500244140625
2018-10-23,119438997.9544186,27.60206198938827,3,137370042.70807767,27.5361127541978,3,719.0
2018-10-24,115802027.7518649,18.343461174545723,2,133195552.94447124,18.28311791321771,2,699.2999877929688
2018-10-25,115505449.01163052,9.200172243558482,1,132855457.57533062,9.161410342482942,1,686.8400268554688
2018-10-26,115558648.49209927,9.241973560260666,1,132916390.31361187,9.203053393399232,1,663.0700073242188
2018-10-29,115106449.01163052,8.885427660731853,1,132398457.57533062,8.847862615162436,1,629.7000122070312
2018-10-30,114833798.7518649,0.0,0,132086173.94447124,0.0,0,644.1400146484375
2018-10-31,114833798.7518649,0.0,0,132086173.94447124,0.0,0,648.6699829101562
2018-11-01,114816743.35186489,7.42722685825202,1,132066553.34447125,7.428300165002143,1,657.4600219726562
2018-11-02,114511033.35186489,7.180085411277183,1,131714863.34447125,7.1811257741376435,1,690.6500244140625
2018-11-05,113953637.57953677,14.284273331019163,2,131073377.07508062,14.296007877912894,2,691.9400024414062
2018-11-06,113175514.04897544,7.622207282137452,1,130177428.92647162,7.633291403996107,1,691.5499877929688
2018-11-07,113113896.51772544,7.571885511737587,1,130106451.77022162,7.582902463101039,1,682.3699951171875
2018-11-08,113021469.60366294,7.496299471096609,1,129999985.32490912,7.507215378704368,1,693.6699829101562
2018-11-09,113113896.51772544,7.571885511737587,1,130106451.77022162,7.582902463101039,1,687.2899780273438
2018-11-12,113144705.28335044,7.597053248127003,1,130141940.34834662,7.608103803862097,1,670.8200073242188
2018-11-13,113113896.51772544,7.571885511737587,1,130106451.77022162,7.582902463101039,1,670.8499755859375
2018-11-14,113329557.87710044,7.747772307630882,1,130354871.81709662,7.759023688047514,1,671.5599975585938
2018-11-15,113083087.75210044,7.546704061769825,1,130070963.19209662,7.55768737046595,1,681.3800048828125
2018-11-16,112943550.10678793,14.926041828250296,2,129910243.99053413,14.954104125665053,2,690.1799926757812
2018-11-19,112604653.06772543,14.670001675909589,2,129519868.92022163,14.697774360521585,2,702.1300048828125
2018-11-20,112669355.84041293,7.691887412825239,1,129594582.24065913,7.709581548282774,1,690.8099975585938
2018-11-21,112559455.84041293,7.601760275148653,1,129467882.24065913,7.619264198408332,1,695.719970703125
2018-11-22,112089885.66754183,14.874134183212814,2,128927192.04169428,14.89615937170892,2,692.3900146484375
2018-11-23,111727752.16168246,14.598223072221,2,128510125.17645991,14.619963297808052,2,683.0599975585938
2018-11-26,112243919.1734012,14.990953300432142,2,129104958.90692866,15.013340331262947,2,695.3599853515625
2018-11-27,112422519.1734012,15.126002895941784,2,129310758.90692866,15.14859786673542,2,700.6699829101562
2018-11-28,112267452.16168246,15.008772506811747,2,129132225.17645991,15.031285264573915,2,700.1199951171875
2018-11-29,111748319.1734012,14.613941065653634,2,128534158.90692866,14.63592793169964,2,695.47998046875
2018-11-30,111872985.66754183,14.70909165587265,2,128677492.04169428,14.731014491530509,2,695.760009765625
2018-12-03,111915185.66754183,14.741252406093036,2,128726092.04169428,14.76320744192606,2,709.4600219726562
2018-12-04,111888685.66754183,14.721059508144876,2,128695592.04169428,14.743006888575492,2,708.6300048828125
2018-12-05,111527585.66754183,14.444946426100719,2,128279292.04169428,14.466325550010339,2,701.1199951171875
2018-12-06,110994962.82250473,7.10068258917603,1,127665941.2200478,7.117168379574962,1,678.3800048828125
2018-12-07,111167662.82250473,7.245002544363587,1,127865041.2200478,7.261797213219973,1,685.3300170898438
2018-12-10,111120562.82250473,7.205687045330893,1,127810741.2200478,7.22239767321846,1,670.3900146484375
2018-12-11,111356062.82250473,7.4019319568958535,1,128082241.2200478,7.4190613073943,1,661.010009765625
2018-12-12,111387462.82250473,7.428035247722997,1,128118441.2200478,7.44522014876606,1,676.47998046875
2018-12-13,111403162.82250473,7.441081375048182,1,128136541.2200478,7.458294026828918,1,681.780029296875
2018-12-14,111073462.82250473,7.166338203320366,1,127756441.2200478,7.182964641441479,1,666.3400268554688
2018-12-17,111042062.82250473,7.14008709715103,1,127720241.2200478,7.156657325953475,1,661.9000244140625
2018-12-18,110837962.82250473,6.969092360863588,1,127484941.2200478,6.98529560807422,1,659.6699829101562
2018-12-19,110900857.02250473,0.0,0,127557449.8200478,0.0,0,672.0800170898438
2018-12-20,110900857.02250473,0.0,0,127557449.8200478,0.0,0,668.1300048828125
2018-12-21,110900857.02250473,0.0,0,127557449.8200478,0.0,0,673.6400146484375
2018-12-24,110900857.02250473,0.0,0,127557449.8200478,0.0,0,669.7899780273438
2018-12-26,110900857.02250473,0.0,0,127557449.8200478,0.0,0,665.739990234375
2018-12-27,110900857.02250473,0.0,0,127557449.8200478,0.0,0,667.8800048828125
2018-12-28,110900857.02250473,0.0,0,127557449.8200478,0.0,0,675.6500244140625
2019-01-02,110900857.02250473,0.0,0,127557449.8200478,0.0,0,669.3699951171875
2019-01-03,110900857.02250473,0.0,0,127557449.8200478,0.0,0,657.02001953125
2019-01-04,110900857.02250473,0.0,0,127557449.8200478,0.0,0,664.489990234375
2019-01-07,110900857.02250473,0.0,0,127557449.8200478,0.0,0,672.8400268554688
2019-01-08,110900857.02250473,0.0,0,127557449.8200478,0.0,0,668.489990234375
2019-01-09,110900857.02250473,0.0,0,127557449.8200478,0.0,0,679.739990234375
2019-01-10,110900857.02250473,0.0,0,127557449.8200478,0.0,0,683.3400268554688
2019-01-11,110900857.02250473,0.0,0,127557449.8200478,0.0,0,686.3300170898438
2019-01-14,110900857.02250473,0.0,0,127557449.8200478,0.0,0,683.0900268554688
2019-01-15,110900857.02250473,0.0,0,127557449.8200478,0.0,0,690.3900146484375
2019-01-16,110896774.62250473,7.532951276929861,1,127552751.8200478,7.53688169233917,1,693.3800048828125
2019-01-17,110395432.79729575,14.635944997730507,2,126976077.37081146,14.63297679857088,2,686.3499755859375
2019-01-18,110333539.04534262,14.588058365145903,2,126904890.28682709,14.58509031100999,2,696.3400268554688
2019-01-21,109849804.88534263,7.391657254867868,1,126348212.08682708,7.3849029624651745,1,695.6199951171875
2019-01-22,110018463.70272544,7.533626275716767,1,126542024.60928802,7.526752799546821,1,694.5499877929688
2019-01-23,109897992.89999107,7.432264112727692,1,126403586.8417099,7.425475690067625,1,695.6300048828125
2019-01-24,109970275.17733482,7.49310788844524,1,126486649.26749115,7.486268387156682,1,704.4099731445312
2019-01-25,109849804.88534263,7.391657254867868,1,126348212.08682708,7.3849029624651745,1,711.3800048828125
2019-01-28,109994369.44003013,7.513371519856646,1,126514336.93838958,7.506515023359898,1,714.260009765625
2019-01-29,109922087.16268638,7.4525544056355875,1,126431274.51260833,7.445748941069434,1,710.989990234375
2019-01-30,109729334.08260825,7.2899834273204664,1,126209774.31924896,7.283314734872945,1,715.2999877929688
2019-01-31,109825710.62264732,7.37134024780979,1,126320524.41592865,7.364603044151355,1,716.8599853515625
2019-02-01,109922087.16268638,7.4525544056355875,1,126431274.51260833,7.445748941069434,1,716.9199829101562
2019-02-07,110163028.25741294,7.654967894156885,1,126708149.46085052,7.647992866030659,1,728.7899780273438
2019-02-08,110672778.99081138,15.471756771514716,2,127294622.37198333,15.488433662942755,2,728.739990234375
2019-02-11,110893257.30135825,15.639816081107053,2,127549247.22549896,15.657142970657487,2,733.469970703125
2019-02-12,110672778.99081138,15.471756771514716,2,127294622.37198333,15.488433662942755,2,730.5800170898438
2019-02-13,110615743.125577,15.428172184429268,2,127230059.16690521,15.4455480616578,2,739.9099731445312
2019-02-14,110355568.6800692,22.787352253963682,3,126931133.03506927,22.790758353722023,3,742.27001953125
2019-02-15,110197612.9427645,22.676676710471586,3,126749820.70596771,22.68031253728551,3,738.6599731445312
2019-02-18,110689208.3802645,23.020086817903945,3,127316070.01846771,23.02419858295222,3,745.3300170898438
2019-02-19,110945032.35096763,23.197591899810877,3,127611320.50870208,23.202295189224838,3,748.0499877929688
2019-02-20,111018750.95741294,23.248590190171413,3,127696195.46085052,23.253339791590637,3,750.6900024414062
2019-02-21,111322969.10292076,23.458332813330067,3,128045821.09268646,23.462894459893636,3,747.3300170898438
2019-02-22,111046123.97870201,30.719067486018282,4,127727606.85128021,30.720398971823148,4,743.3800048828125
2019-02-25,111360863.14432701,23.671187333638105,3,128089083.67315522,23.675470207228617,3,750.4000244140625
2019-02-26,111026077.03495201,23.44102675417586,3,127703647.47003022,23.445106881266994,3,747.0900268554688
2019-02-27,111483168.08573326,23.754925454119117,3,128232771.15362397,23.760993426334185,3,752.1599731445312
2019-02-28,111351764.71463951,23.664950590673545,3,128083646.69659272,23.672230334767693,3,731.25
2019-03-04,111976254.92557701,24.090670232210385,3,128801584.26690522,24.097679864854797,3,748.0700073242188
2019-03-05,112103615.00565514,24.176910255044753,3,128947270.9602646,24.183435522624407,3,747.9500122070312
2019-03-06,112315976.10135826,24.320272535076082,3,129192958.82549897,24.32761683130556,3,746.7000122070312
2019-03-07,111031510.78213951,16.71046841420361,2,127714993.40909272,16.73061604540335,2,736.8300170898438
2019-03-08,111300177.11026451,16.911520139397528,2,128024993.01846772,16.93224446099794,2,735.969970703125
2019-03-11,111278851.9647567,16.89559731226761,2,128001180.88663179,16.916791319608862,2,739.0900268554688
2019-03-12,111325374.80460045,24.47466591452921,3,128055171.74991304,24.491850147027826,3,754.760009765625
2019-03-13,111567282.73545982,32.06411128359671,4,128334601.12686616,32.090959324951164,4,754.8900146484375
2019-03-14,111669659.27549888,32.126393565788554,4,128451076.22354585,32.15253694898201,4,755.4199829101562
2019-03-15,111492494.72081138,32.018540590670696,4,128246851.37198335,32.04449423352933,4,748.3599853515625
2019-03-18,111033244.38598716,24.37414141112453,3,127718124.25204194,24.40718588889049,3,753.1300048828125
2019-03-19,111066810.71411216,24.396996865132866,3,127757023.86141694,24.43020247812842,3,748.9099731445312
2019-03-20,112120178.05786216,25.107285913644716,3,128970249.64266694,25.141089111994763,3,749.760009765625
2019-03-21,111566467.19142272,32.3383897732448,4,128333373.02088764,32.373350012012395,4,743.52001953125
2019-03-22,111749876.48970397,39.90860451554219,5,128545806.82580952,39.945335683742904,5,743.969970703125
2019-03-25,110736704.53364928,39.358805630326636,5,127381531.70764546,39.396432318743436,5,727.2100219726562
2019-03-26,111588003.9574774,39.82143433588915,5,128361459.05139546,39.85908749217745,5,736.8099975585938
2019-03-27,110825767.0199774,39.40753848090548,5,127484759.32483296,39.44550455230241,5,728.4500122070312
2019-03-28,110082406.67036803,38.998371977911034,5,126629429.57678609,39.036483825386966,5,719.719970703125
2019-03-29,111858972.55181335,33.2812818388333,4,128673592.97815327,33.311109299300014,4,729.3099975585938
2019-04-01,110953771.22368835,32.73696620517604,4,127629963.05627827,32.765794389499305,4,736.8099975585938
2019-04-02,110249098.25298522,32.30704484895832,4,126818509.11682515,32.335593298281744,4,739.5700073242188
2019-04-03,110223366.4854071,39.80192154300985,5,126789272.41370015,39.83621892476316,5,749.2999877929688
2019-04-04,110714604.27857116,47.61343653553843,6,127353918.39006734,47.648536986778645,6,751.5800170898438
2019-04-05,110057519.09340456,40.39202347946532,5,126596976.37450895,40.42596489442501,5,751.7100219726562
2019-04-08,111703753.23340456,56.44165672874715,7,128490344.07450895,56.47621208367429,7,751.9199829101562
2019-04-09,111610086.92090456,56.40510134647495,7,128382357.3909152,56.439602773718946,7,756.8099975585938
2019-04-10,112034544.32715456,56.57026627591111,7,128871051.15458708,56.604788781568125,7,760.1500244140625
2019-04-11,112840356.90527956,56.88040554398226,7,129798384.46513395,56.91482210784484,7,766.489990234375
2019-04-12,115939277.13965456,58.03294148395401,7,133365166.99443083,58.06711294390554,7,767.8499755859375
2019-04-15,116326581.46777956,58.172668992463684,7,133811296.5081027,58.20691802013884,7,766.75
2019-04-16,116023061.03027956,58.06324721291287,7,133465357.30107145,58.09859129077722,7,765.02001953125
2019-04-17,118285364.70215456,58.86532167119971,7,136070712.69169647,58.90088047480393,7,766.8900146484375
2019-04-18,116327604.26465456,58.1730367543867,7,133816798.7971652,58.208636471184846,7,753.52001953125
2019-04-19,115968980.15527956,58.04369046349292,7,133403359.51200895,58.079118057808586,7,762.5700073242188
2019-04-22,115866446.46777956,58.00656206901967,7,133285210.8831027,58.04195793560753,7,762.010009765625
2019-04-23,115961271.70215456,58.04090144401588,7,133392818.41239958,58.07580534429428,7,761.4199829101562
2019-04-24,116443098.88965456,58.214523020906604,7,133947327.57255583,58.24936125160547,7,757.8200073242188
2019-04-25,116289517.57715456,58.159337751145465,7,133770116.20146208,58.19405227717428,7,750.4299926757812
2019-04-26,115390594.14857253,65.40596878889914,8,132736899.60850894,65.43109388018046,8,741.0
2019-04-29,114985394.53724441,65.2840621062511,8,132266561.35850894,65.30816727921788,8,750.5999755859375
2019-04-30,116116868.56521316,56.75825073532374,7,133566580.51007146,56.75423119968782,7,754.739990234375
2019-05-02,116767207.21144363,72.60896177810316,9,134314467.47317693,72.60054179873295,9,760.3800048828125
2019-05-03,116166496.63871512,72.7304376165399,9,133622547.43278435,72.71853021525062,9,761.8200073242188
2019-05-07,116057894.808637,72.70491996963483,9,133497151.93083122,72.69290439815865,9,753.4500122070312
2019-05-08,114934373.949262,72.43810169135402,9,132204174.59489372,72.42583676711259,9,745.3699951171875
2019-05-09,112668709.58151197,58.40079364566952,7,129598276.3979406,58.38701691688204,7,724.219970703125
2019-05-10,114492432.72213697,59.063417658945106,7,131695019.44286248,59.04954563837127,7,722.6199951171875
2019-05-13,115166326.40182447,59.30295733143055,7,132470456.03465936,59.28925554587251,7,708.7999877929688
2019-05-14,116382761.28854322,59.72832361368942,7,133869174.68114373,59.714617676593626,7,710.1599731445312
2019-05-15,123436979.56979322,69.15532676814489,8,141984596.92372185,69.14114602372958,8,729.5999755859375
2019-05-16,119978550.92916822,76.03811616915836,9,138007606.18934685,76.03219971216282,9,717.5900268554688
2019-05-17,123054663.69713698,77.27435941444524,9,141549833.47723746,77.27665879687532,9,714.1300048828125
2019-05-20,123128074.9137569,78.46544631767249,9,141634499.18430233,78.46950872105813,9,702.0800170898438
2019-05-21,121551073.80047566,78.1860574643351,9,139820320.50852108,78.19014905419934,9,703.97998046875
2019-05-22,122592255.28485066,78.37132424988023,9,141017775.03195858,78.37534772624353,9,706.9299926757812
2019-05-23,123654243.08172566,78.55707921579769,9,142240908.7292242,78.56129873797416,9,696.8900146484375
2019-05-24,126117880.69498737,72.37807678675816,8,145075472.18298396,72.38819518860541,8,690.030029296875
2019-05-27,123052562.00748737,71.68999686360232,8,141550033.5540777,71.7004968472361,8,689.6699829101562
2019-05-28,128501526.56998737,72.89045111478569,8,147820905.28454646,72.90102091360798,8,702.760009765625
2019-05-29,127933503.75748737,72.77008512971446,8,147167799.7572027,72.78076027876875,8,691.469970703125
2019-05-30,124354066.78873737,71.98629279819222,8,143050248.9505621,71.99728312096923,8,689.3300170898438
2019-05-31,124873385.47623737,72.10279513854736,8,143646512.57946834,72.11351985575448,8,696.469970703125
2019-06-03,124807299.60123737,72.08802347696016,8,143569234.79040584,72.0985096376292,8,697.5
2019-06-04,126795150.25748737,72.52561782292595,8,145856458.2884527,72.53604216197678,8,702.530029296875
2019-06-05,129321987.66373737,73.06244298199444,8,148762807.0521246,73.07259993128605,8,707.75
2019-06-07,130592764.27623737,80.71768133303895,9,150227013.77946833,80.72157152049256,9,716.530029296875
2019-06-10,130732439.93248737,80.73828272711697,9,150388687.2775152,80.74229655656777,9,721.1400146484375
2019-06-11,129613736.02623737,80.57203369352767,9,149100919.35759333,80.5759699315364,9,728.7899780273438
2019-06-12,129150418.63908502,95.71777768997606,11,148568120.80879647,95.7214776116538,11,724.3200073242188
2019-06-13,130316797.79826471,95.7561050195435,11,149911080.26582772,95.75980621347135,11,726.6799926757812
2019-06-14,129425779.62883112,95.72688837083874,11,148886560.39864022,95.73062854449041,11,722.25
2019-06-17,130016149.97265925,89.08966004343677,10,149565032.10559332,89.09935954866829,10,719.1300048828125
2019-06-18,131403453.5225616,96.53572547872905,11,151160158.4954371,96.54086020893699,11,714.8599853515625
2019-06-19,128347185.4265737,89.5571013540133,10,147643130.99366832,89.56516557749796,10,717.7100219726562
2019-06-20,131545967.5828237,89.81103964237079,10,151321323.6479652,89.81880683833535,10,727.3200073242188
2019-06-21,133701198.2390737,89.97528319446529,10,153802191.83351207,89.98303205453398,10,722.6400146484375
2019-06-24,131479974.7703237,89.80592556966407,10,151246287.80812144,89.81375577631876,10,717.6900024414062
2019-06-25,127275818.6765737,89.46919640475221,10,146410370.10304332,89.47730529979255,10,710.02001953125
2019-06-26,127770769.5703237,82.11888261618473,9,146979624.07062146,82.12613236596367,9,709.3699951171875
2019-06-27,126425676.39214557,82.72463416121975,9,145434332.73637146,82.7318957988684,9,698.2100219726562
2019-06-28,125904490.95464557,82.65312226331693,9,144834043.8418402,82.66032525573789,9,690.530029296875
2019-07-01,124449483.98589557,82.45031043007711,9,143159858.97269958,82.45754619950677,9,696.0
2019-07-02,125420185.41529793,90.02202112733322,10,144276778.7321488,90.04867357795209,10,696.25
2019-07-03,123246583.59889168,89.84604746243818,10,141775840.40207067,89.87313130210708,10,693.0399780273438
2019-07-04,125831514.60501666,83.21722184219443,9,144749535.75986755,83.22586454467059,9,691.27001953125
2019-07-05,125498764.60501666,83.17272363976522,9,144366060.75986755,83.18130793933082,9,694.1699829101562
2019-07-08,121041399.16751666,82.55305697553932,9,139238436.2403363,82.56193917790725,9,668.719970703125
2019-07-09,120748917.54682918,56.522080186376144,6,138901465.4828324,56.52182986485729,6,657.7999877929688
2019-07-10,121193367.54682918,56.681525887509075,6,139414015.4828324,56.68167560221439,6,666.9000244140625
2019-07-11,121945933.74682918,49.40578840872303,5,140280422.8828324,49.410672263151994,5,677.0900268554688
2019-07-12,124688137.74682918,42.736222517169715,4,143436028.8828324,42.75038180964253,4,681.1699829101562
2019-07-15,126125537.74682918,43.38883383779728,4,145088178.8828324,43.40229540743869,4,674.7899780273438
2019-07-16,124691126.74682918,50.25554073886297,5,143437599.0828324,50.27095438090773,5,674.4199829101562
2019-07-17,124706117.46682918,45.718992105712346,5,143454929.4628324,45.728627273833936,5,666.280029296875
2019-07-18,123948247.46682918,45.38709594506794,5,142584199.4628324,45.39720406879519,5,665.1500244140625
2019-07-19,124624119.56682917,46.48541566541153,5,143362478.6428324,46.505969087005155,5,674.0599975585938
2019-07-22,124744839.56682917,46.53720362428265,5,143501658.6428324,46.55785210559104,5,674.780029296875
2019-07-23,122506239.56682917,45.560258969138026,5,140925558.6428324,45.5809369277012,5,668.6500244140625
2019-07-24,122018550.41482918,38.51102954447911,4,140364049.4348324,38.52931018858118,4,659.8300170898438
2019-07-25,122954750.41482918,38.97921783282292,4,141442449.4348324,38.9979813135335,4,652.4000244140625
2019-07-26,123540550.41482918,39.26856391452243,4,142117549.4348324,39.28775877577518,4,644.5900268554688
2019-07-29,121726416.41482918,29.125970388528465,3,140029385.3348324,29.14781058447388,3,618.780029296875
2019-07-30,121866816.41482918,29.20762275338207,3,140191085.3348324,29.229533320275003,3,625.6400146484375
2019-07-31,122193105.89482918,30.18288121078089,3,140569158.0148324,30.205665737515318,3,630.1799926757812
2019-08-01,122596905.89482918,30.412839319114166,3,141033708.0148324,30.435560834496155,3,622.260009765625
2019-08-02,122527905.89482918,30.373652212700197,3,140954258.0148324,30.396350279458385,3,615.7000122070312
2019-08-05,121591305.89482918,29.837330665220556,3,139874608.0148324,29.859100656475963,3,569.7899780273438
2019-08-06,119875905.89482918,28.833317038975487,3,137900608.0148324,28.85505769178342,3,551.5
2019-08-07,121681905.89482918,29.889571282220963,3,139978358.0148324,29.9110881094658,3,564.6400146484375
2019-08-08,122386905.89482918,30.29343680921214,3,140790558.0148324,30.31542072267623,3,585.4400024414062
2019-08-09,123290505.89482918,30.80431840582855,3,141831558.0148324,30.826884095447664,3,590.0399780273438
2019-08-12,122252505.89482918,30.216803925294798,3,140636108.0148324,30.238891420057534,3,594.1699829101562
2019-08-13,123507105.89482918,30.92567000357435,3,142080108.0148324,30.947893138854937,3,590.75
2019-08-14,124546905.89482918,31.502348226242795,3,143277758.0148324,31.525095468986937,3,597.1500244140625
2019-08-16,124075305.89482918,31.241994303731524,3,142735058.0148324,31.26474365909648,3,591.5700073242188
2019-08-19,123115905.89482918,30.70618676379147,3,141630908.0148324,30.728885813146213,3,594.6500244140625
2019-08-20,123292305.89482918,30.805328624803412,3,141834058.0148324,30.828103356830876,3,607.010009765625
2019-08-21,123596178.51664169,53.237300504311634,6,142184402.49692613,53.30476738984329,6,615.9600219726562
2019-08-22,123143806.29851669,53.53034146126927,6,141663074.72598863,53.57207596036835,6,612.25
2019-08-23,124411702.29851669,61.85808776681094,7,143123545.12598863,61.897258010215225,7,608.97998046875
2019-08-26,123268246.12481746,84.46843098019431,10,141806216.5510941,84.5245214910504,10,582.9099731445312
2019-08-27,123631580.70294246,84.51407592014692,10,142224101.8167191,84.56999180420252,10,588.3200073242188
2019-08-28,124499534.69512996,84.62203672225542,10,143223624.03742224,84.67767401208536,10,602.9000244140625
2019-08-29,123632860.08184871,84.51423617175477,10,142225914.33429724,84.57018844319913,10,599.5700073242188
2019-08-30,125519434.49395809,84.7469893378929,10,144398897.40656286,84.80238356326832,10,610.5499877929688
2019-09-02,131281410.51153621,78.64307473759494,9,151032602.06281286,78.70098731839329,9,619.8099975585938
2019-09-03,131600207.81622371,78.6948112076435,9,151399142.64875036,78.75255268693913,9,620.02001953125
2019-09-04,135636195.79591122,86.53415084432015,10,156043839.53859413,86.58586911946495,10,629.3099975585938
2019-09-05,134550754.11817685,86.42551976309394,10,154793547.83546913,86.47752108571878,10,632.989990234375
2019-09-06,138249155.84669247,86.78866036141736,10,159050782.14015663,86.83947064889391,10,631.1500244140625
2019-09-09,133682367.97567685,94.18428356401158,11,153794993.15906286,94.23735823600389,11,625.77001953125
2019-09-10,133236757.77059872,87.98214211730587,10,153280976.34046912,88.02305384854718,10,623.25
2019-09-11,131874746.89301121,81.49499664692001,9,151715158.24924412,81.54040234390445,9,630.3699951171875
2019-09-16,130356311.96941747,74.98387335316143,8,149967605.3428691,75.02633116099166,8,638.5900268554688
2019-09-17,130202228.43426122,74.95426884273165,8,149790398.13583785,74.99678644945233,8,644.280029296875
2019-09-18,131679111.4713706,75.23517608067435,8,151490517.69833785,75.27738785691005,8,645.1199951171875
2019-09-19,131585265.26238622,75.21751388395073,8,151382163.2881816,75.25969221828196,8,645.7100219726562
2019-09-20,133784770.94597997,75.62495352510274,8,153915323.8194316,75.66687176121785,8,649.0700073242188
2019-09-23,133794075.34441747,75.62664863113604,8,153926615.28427535,75.66865674597528,8,645.010009765625
2019-09-24,133116261.01629247,68.44617195995569,7,153145839.1397441,68.48771380586936,7,641.8499755859375
2019-09-25,131217044.28777684,67.98946636665694,7,150960158.36240035,68.03146230923724,7,626.760009765625
2019-09-26,131901684.58465184,68.15561815856825,7,151748341.90146285,68.19750745253192,7,628.4199829101562
2019-09-27,131624812.77215184,68.08863373874125,7,151430026.5459941,68.13065663073031,7,626.9299926757812
2019-09-30,130711580.48894872,61.03452968444242,6,150379278.1178691,61.0795930419057,6,621.760009765625
2019-10-01,131589033.36394872,61.29435653383912,6,151389216.09833786,61.33923635214483,6,632.0999755859375
2019-10-02,130735420.36785497,61.04163511991839,6,150406841.69208786,61.08672559993128,6,624.510009765625
2019-10-04,131311748.84051122,61.212623741475724,6,151070256.75458786,61.257610676337414,6,621.8400268554688
2019-10-07,128057348.71160497,60.226896303217146,6,147323097.19990036,60.27219890394845,6,627.2100219726562
2019-10-08,129870690.05222997,53.867354311952596,5,149410637.4303691,53.90722628018108,5,635.4099731445312
2019-10-10,131962698.50535497,54.59869647028608,5,151819272.9147441,54.63849503297749,5,634.72998046875
2019-10-11,132984863.36472997,54.94766563763117,5,152996480.2272441,54.98752198623726,5,632.9500122070312
2019-10-14,132140720.91160497,54.659861940290234,5,152025272.36396286,54.6999614253321,5,641.4600219726562
2019-10-15,131468531.52488622,54.428040992397996,5,151251406.8913066,54.46818747702018,5,646.7999877929688
2019-10-16,131688852.50254247,77.19114651421421,8,151505344.13958788,77.2110566592895,8,651.9600219726562
2019-10-17,132383056.48144872,99.80022611545117,11,152360383.39583787,92.29176681473227,10,649.2899780273438
2019-10-18,132087803.02754247,99.99879468476198,12,152101142.53646287,99.74169415984174,11,646.6900024414062
2019-10-21,132718008.28113623,93.39173371571457,11,152633196.04833788,93.1304321434778,10,649.1799926757812
2019-10-22,133375274.57410498,93.4242989021593,11,153702523.40380663,93.1782245717773,10,655.9099731445312
2019-10-23,132026938.53894873,93.35714401055344,11,152176742.01318163,93.10982687931978,10,658.97998046875
2019-10-24,131638616.51105809,84.58143870642104,11,151891130.848166,84.35986125244416,10,658.75
2019-10-25,130383515.86262059,84.43301621490046,11,151280206.60988474,84.29670071039385,10,652.3699951171875
2019-10-28,129742665.02873778,91.35394297952463,12,150137030.13165817,91.25897386780603,11,652.4199829101562
2019-10-29,129341599.67155029,92.05475300725739,12,149879825.50962692,84.43222617282173,10,658.2999877929688
2019-10-30,126913522.33551122,84.7843207219049,11,147183121.51072222,77.07759565703536,9,655.0399780273438
2019-10-31,128472539.47340184,92.38191650976803,12,148981775.27556598,84.77784615243196,10,658.52001953125
2019-11-01,128815246.04058935,85.07948972666726,11,149176160.72869098,84.79768152866598,10,662.3400268554688
2019-11-04,128845751.26519872,85.08302227246489,11,149048751.13884723,84.78468630967683,10,668.4500122070312
2019-11-05,127339872.00670654,76.08603532670212,10,147292771.38664412,75.82217304258471,9,672.1799926757812
2019-11-06,125966757.20670654,83.51129483104553,11,145690092.1866441,83.25885321330037,10,669.6799926757812
2019-11-07,125235583.58295654,76.59824940465641,10,144543114.10820663,76.26717487146179,9,666.1500244140625
2019-11-08,123937883.58295654,76.3532197908721,10,143222284.10820663,76.0483051082143,9,664.5999755859375
2019-11-11,123261100.72045654,67.73855243521531,9,142071877.00508162,67.42779599864868,8,661.3699951171875
2019-11-12,124114308.63295653,67.9145785725045,9,142922008.20820662,67.60680934513643,8,665.1400146484375
2019-11-13,123219219.32045653,67.6815035865957,9,142029219.00508162,67.40318722375875,8,661.8499755859375
2019-11-14,124129573.99295653,75.69998964274373,10,143394168.04820663,75.47689775303668,9,663.3099975585938
2019-11-15,125589072.19295654,66.18953242088847,9,144467470.64820662,65.85044313070311,8,668.510009765625
2019-11-18,127369432.86517528,67.59604958839394,9,146496855.94782382,74.67020660085706,9,669.3400268554688
2019-11-19,128873032.02517529,75.41520787763727,10,148280146.31782383,82.41469477516327,10,662.530029296875
2019-11-20,127023342.97633544,82.54946246038168,11,145510913.9822066,89.60217522723897,11,649.8699951171875
2019-11-21,126163412.15797606,82.43051945804383,11,144329152.00173786,89.51703820657751,11,635.989990234375
2019-11-22,125177157.30250731,82.2920917619212,11,143356063.10330036,89.44588074366243,11,633.9199829101562
2019-11-25,125190688.91188231,82.29400577405107,11,143510063.07205036,89.45720631903231,11,647.4000244140625
2019-11-26,124788121.48414794,82.23688610219251,11,143411836.1228316,89.44998525215581,11,651.5900268554688
2019-11-27,123360233.4435124,75.11573820296886,10,141353551.35554177,82.35513991947262,10,647.3900146484375
2019-11-28,122128173.60351239,74.65184511477698,10,139902730.47554177,81.94373663067425,10,640.1799926757812
2019-11-29,122881302.60351239,67.84856461768733,9,140528253.47554177,74.99974374786036,9,632.989990234375
2019-12-02,123390014.15351239,60.99760626201171,7,141178590.72554177,60.503954290107686,7,634.5
2019-12-03,122648714.15351239,60.7618722416633,7,140335000.72554177,60.26653334003714,7,629.5800170898438
2019-12-04,122219184.15351239,60.62397283468584,7,139813470.72554177,60.11832019033393,7,625.27001953125
2019-12-05,120781324.15351239,60.15521481421605,7,138181020.72554177,59.647163964511854,7,617.5999755859375
2019-12-06,121243781.91351238,53.00506466042343,6,138710790.0455418,52.45871642437431,6,628.0999755859375
2019-12-09,120719036.91351238,52.80078571672681,6,138079880.0455418,52.2414923710886,6,627.8599853515625
2019-12-10,120822156.91351238,52.841069577743916,6,138181235.0455418,52.27652291296451,6,627.1099853515625
2019-12-11,120297761.91351238,52.635497113839236,6,137569730.0455418,52.06438943820631,6,629.1300048828125
2019-12-12,120471951.91351238,52.70398129315811,6,137775465.0455418,52.135969910358384,6,636.9400024414062
2019-12-13,121302061.31351238,60.561349250391274,7,138748273.4455418,60.00618813658845,7,643.4500122070312
2019-12-16,124548256.11351238,68.92444557534569,8,142495373.0455418,68.37461309628698,8,644.4400024414062
2019-12-17,126472151.37351239,84.22240299006134,10,144647258.46554178,83.67781130731481,10,650.5800170898438
2019-12-18,127180717.88457489,99.96439443291554,13,145352538.96358865,99.98390517483014,13,648.9500122070312
2019-12-19,126128970.38457489,99.9640975299435,13,144159545.83858865,99.98377198201473,13,647.8499755859375
2019-12-20,126678501.64082488,99.99931340692098,14,144848189.84327614,99.9940698692642,14,649.72998046875
2019-12-23,123156741.73457488,99.99929377327409,14,140750251.28858864,99.99389721371898,14,647.6199951171875
2019-12-24,122169653.83457488,92.72261638895736,13,139599217.56358865,92.70786988301765,13,638.9099731445312
2019-12-26,125047647.72082488,85.67291854555911,12,142889209.60827616,85.60663091117348,12,652.0700073242188
2019-12-27,128031996.32707489,93.43735176606938,13,146341133.93796366,93.38323582272434,13,661.239990234375
2019-12-30,129856336.72707488,99.94543204620518,14,148455810.43796366,99.97926539423729,14,669.8300170898438
2020-01-02,131221724.22707488,99.94599983635159,14,150032548.56296366,99.97948330057645,14,674.02001953125
2020-01-03,132458655.86912957,99.97475122980063,15,151455429.81296366,99.97967604920855,14,669.9299926757812
2020-01-06,132652510.82225457,99.97478812770126,15,151678779.61765116,99.9797059766015,14,655.3099975585938
2020-01-07,132602068.62276004,99.96633586340418,15,151633150.21296364,99.99443582949093,15,663.4400024414062
2020-01-08,129850430.93526004,99.96562249259512,15,148518625.44733864,99.99431914549389,15,640.9400024414062
2020-01-09,137383988.24776003,99.96750760981729,15,157167398.18171364,99.99463175752494,15,666.0900268554688
2020-01-10,135461626.6800159,99.99778940053086,16,154979017.64003983,99.99993020892386,16,673.030029296875
2020-01-13,134170772.75032839,99.99776813240405,16,153509468.90566483,99.9999295408127,16,679.219970703125
2020-01-14,134839123.74642214,99.99777919500137,16,154376570.72207108,99.99992993656764,16,678.7100219726562
2020-01-15,133426415.7395862,99.99775568129918,16,152741707.5472664,99.99992918664722,16,679.1599731445312
2020-01-16,137795123.91341433,99.99782683601914,16,157789322.17421952,99.99993145193685,16,686.52001953125
2020-01-17,139264203.25130495,99.99784976043351,16,159507029.51211014,99.99993219012069,16,688.4099731445312
2020-01-20,143402724.42267215,99.99597913217933,16,164250028.98707107,99.99564761019022,16,683.469970703125
2020-01-21,144675440.61642215,99.99996223685234,17,165763199.80738357,99.9956873410187,16,676.52001953125
2020-01-22,149860469.35372683,99.99996354342109,17,171659234.400157,99.99583546929522,16,688.25
2020-01-23,152077916.21700808,99.99996407499417,17,174232311.30250075,99.99589697142238,16,685.5700073242188
2020-01-28,147709664.4348206,94.71282117938435,15,169199890.64375076,94.70998720656988,14,664.7000122070312
2020-01-29,146445183.2539612,99.97695158471566,16,167715688.4675789,99.98564340537001,15,670.1799926757812
2020-01-30,146043110.11286744,99.99936472593637,17,167272577.36992264,99.9856053742324,15,656.3900146484375
2020-01-31,140070599.94099244,99.9993376383048,17,160417415.28398514,99.98499024468038,15,642.47998046875
2020-02-03,145276846.58298466,93.90293148403337,16,166380392.71738356,93.89506131363822,14,646.8499755859375
2020-02-04,148571853.10642216,94.03815144739727,16,170163094.77207106,94.03077325601666,14,661.239990234375
2020-02-05,146601267.76775026,99.97857339538835,17,167870745.6458992,99.98522901567584,15,661.3200073242188
2020-02-06,147447883.53825808,99.97869642259592,17,168854664.24843827,99.98531508641791,15,672.6900024414062
2020-02-07,147746913.718262,99.99050636994207,18,169200206.72531718,99.99561996224602,16,672.6300048828125
2020-02-10,147343515.3554495,94.62079410397527,17,168727621.88187966,94.61240038142765,15,676.0700073242188
2020-02-11,149815702.12693387,94.70955917645063,17,172181521.58617654,99.99992768507722,16,682.3400268554688
2020-02-12,155472845.49509794,94.90206084530669,17,180405932.83324686,99.99993098179621,16,686.5900268554688
2020-02-13,157485294.997637,99.99313430157997,18,183085288.64281717,99.99993199184092,16,687.6099853515625
2020-02-14,158100331.52791044,99.99316101028634,18,183977265.02074686,99.99993232156466,16,688.9099731445312
2020-02-17,159527265.16658232,99.99322218343106,18,184702869.58910623,99.99993258743915,16,692.5900268554688
2020-02-18,154264804.0492776,99.9959993561406,18,179116814.3947703,99.99101563245821,15,682.9199829101562
2020-02-19,156777123.66060573,99.99606346559605,18,181495484.37328592,99.99113338109214,15,684.780029296875
2020-02-20,159355804.1664651,99.99612716622235,18,185241199.7775828,99.99131267074837,15,681.6599731445312
2020-02-21,156856964.00142604,99.99606546929573,18,181643238.01488748,99.99114059344558,15,667.989990234375
2020-02-24,150463968.54599637,95.6109441475574,17,174562371.17250466,95.78784824433393,14,639.2899780273438
2020-02-25,154159714.0725198,74.87021694327912,13,178940917.98355937,76.01146515520901,11,656.9500122070312
2020-02-26,151741070.22193387,74.4696662211325,13,175617699.19937968,75.55752941886473,11,654.6300048828125
2020-02-27,143977591.94405887,73.90034538633388,13,166297020.06191874,74.9931615319955,11,638.1699829101562
2020-02-28,139029498.3317454,64.93204966534579,10,161071959.1332029,65.63489602732305,8,610.72998046875
2020-03-02,144088252.5192454,66.16324053275379,10,166152673.3207029,66.68573239257302,8,627.6599731445312
2020-03-03,142728627.04854226,65.84091332363633,10,164550997.8499998,66.36146425717163,8,626.8200073242188
2020-03-04,146148215.5114329,66.6401705591257,10,168789186.3128904,67.20610636492793,8,641.72998046875
2020-03-05,147506518.75947976,66.94736216709603,10,170333619.5609373,67.50345212552101,8,650.1900024414062
2020-03-06,146446968.70555788,81.69679915808578,12,168983184.9663787,82.24884382676153,10,642.719970703125
2020-03-09,145340979.85790163,81.55751885305853,12,167358899.51130056,82.07656171408509,10,614.5999755859375
2020-03-10,139638118.33054382,63.63762667938726,8,161807012.87815094,69.48047086807901,8,619.969970703125
2020-03-11,132967425.0010126,55.364683248713455,7,153333737.07861972,61.33522567676001,7,595.6099853515625
2020-03-12,132613842.16101259,18.053042793763247,4,153005353.7986197,24.111217522712632,4,563.489990234375
2020-03-13,130921466.1342372,9.028099324736353,2,149709244.0718443,9.026897493059739,1,524.0
2020-03-16,129964692.2142372,8.353037902097814,1,148614644.0718443,8.356848060004154,1,504.510009765625
2020-03-17,129392084.2142372,0.0,0,147959568.0718443,0.0,0,514.72998046875
2020-03-18,129392084.2142372,0.0,0,147959568.0718443,0.0,0,485.1400146484375
2020-03-19,129392084.2142372,0.0,0,147959568.0718443,0.0,0,428.3500061035156
2020-03-20,129392084.2142372,0.0,0,147959568.0718443,0.0,0,467.75
2020-03-23,129392084.2142372,0.0,0,147959568.0718443,0.0,0,443.760009765625
2020-03-24,129392084.2142372,0.0,0,147959568.0718443,0.0,0,480.3999938964844
2020-03-25,129392084.2142372,0.0,0,147959568.0718443,0.0,0,505.67999267578125
2020-03-26,129392084.2142372,0.0,0,147959568.0718443,0.0,0,516.6099853515625
2020-03-27,129392084.2142372,0.0,0,147959568.0718443,0.0,0,522.8300170898438
2020-03-30,128294804.03423719,0.0,0,146704594.93184432,0.0,0,542.1099853515625
2020-03-31,128847895.7342372,8.111890334288724,1,147337485.93184432,8.117418268920702,1,569.0700073242188
2020-04-01,128305195.7342372,7.723225815831699,1,146716485.93184432,7.7285111676321225,1,551.8400268554688
2020-04-02,129129295.7342372,8.312133926673432,1,147659485.93184432,8.317785967146765,1,567.7000122070312
2020-04-03,130720590.9342372,16.82703531463221,2,149480399.93184432,16.836990007703594,2,573.010009765625
2020-04-06,130514790.9342372,16.695885457901614,2,149244899.93184432,16.705763487654135,2,597.2100219726562
2020-04-07,130160769.3342372,23.983340110597194,3,148840055.93184432,24.000259726022637,3,606.9000244140625
2020-04-08,129375044.8342372,24.05378876573317,3,147940694.03184432,24.0644403035833,3,607.3699951171875
2020-04-09,128826144.8342372,23.730198586114522,3,147312694.03184432,23.74072392732152,3,615.9500122070312
2020-04-10,129082697.23423721,31.391039130884064,4,147605482.6318443,31.36306265497258,4,611.260009765625
2020-04-13,126989138.45896378,31.270194296863707,4,145213759.12505135,31.233805932833352,4,596.7100219726562
2020-04-14,129105258.12693253,25.234758423215332,3,147631293.41216072,25.200280469083435,3,610.2899780273438
2020-04-16,130485858.12693253,26.025808840498854,3,149210793.41216072,25.992087511304106,3,623.4299926757812
2020-04-17,130075658.81896378,41.19495593453733,5,148739128.12505135,41.13341558749271,5,634.7899780273438
2020-04-20,128870948.48693253,40.64523510922348,5,147365244.41216072,40.58460340399274,5,637.8200073242188
2020-04-21,128077395.81093252,26.25521840687648,3,146459910.31216073,26.219666472656233,3,628.77001953125
2020-04-22,129425695.47890127,27.02345893414215,3,148000576.5992701,26.98770991633174,3,635.1599731445312
2020-04-23,130630726.23890127,35.04083685813378,4,149378366.1592701,35.002971067015224,4,643.7899780273438
2020-04-24,128839421.43890128,41.72224546464648,5,147331049.1592701,41.68867773466526,5,632.9600219726562
2020-04-27,128887942.10296378,41.744184486280226,5,147386836.58505136,41.71074916681251,5,646.8599853515625
2020-04-28,128328682.10296378,41.49030400648178,5,146747376.58505136,41.4567504568854,5,644.9299926757812
2020-04-29,127882961.43890128,41.28637550608663,5,146236139.1592701,41.252084904544105,5,645.1799926757812
2020-05-04,128102208.35296378,63.35998916458445,8,146436550.48505136,55.91947737204437,7,641.9099731445312
2020-05-06,131234543.35296378,64.23452101731071,8,149049160.48505136,56.69214334244125,7,658.4000244140625
2020-05-07,134787272.955913,79.7438679395711,10,152977764.26749277,79.77093567422388,10,668.1699829101562
2020-05-08,136677560.4043505,87.64075919951611,11,155079705.04405528,87.66519246836899,11,682.2999877929688
2020-05-11,138654835.4043505,87.8170070583269,11,157311355.04405528,87.84017648792852,11,685.0399780273438
2020-05-12,138339484.64063174,95.35431191338242,12,157505890.3116334,87.85519506606514,11,684.2100219726562
2020-05-13,140033999.96094424,95.41052818684716,12,159253334.5928834,87.98845676499883,11,691.530029296875
2020-05-14,138741935.790863,93.22971350563958,12,159003533.40149277,99.99911911651407,13,690.5700073242188
2020-05-15,145489914.72133175,99.99994656614987,13,167308631.8487584,99.99916284303309,13,691.9299926757812
2020-05-18,147869273.16664425,99.99994742595176,13,169727635.5987584,99.99917477441853,13,690.8499755859375
2020-05-19,149527585.36976925,99.999948009016,13,171465951.46008652,99.99918314052682,13,696.3599853515625
2020-05-20,154081319.39320675,99.9999495455625,13,176520467.21789902,99.99920653061378,13,708.760009765625
2020-05-21,156016666.428363,99.99995017143696,13,178844269.18664902,99.99921684050926,13,716.02001953125
2020-05-22,157667632.568988,99.9999506932008,13,180739553.36633652,99.99922505293297,13,708.5800170898438
2020-05-25,159789760.818988,99.99995134803218,13,183007991.83118027,99.99923465863225,13,719.8900146484375
2020-05-26,158768878.147113,99.99995103520041,13,181865676.03821152,99.99922985144954,13,729.1099853515625
2020-05-27,155872600.381488,99.99995012538265,13,178466122.46008652,99.99921518109518,13,724.5900268554688
2020-05-28,152485018.7486755,99.9999490173765,13,174833187.51868027,99.99919887300138,13,708.75
2020-05-29,157722708.63539425,99.99995071041852,13,181099060.72961777,99.99922659131299,13,713.6799926757812
2020-06-01,167652441.85414425,99.99995362974607,13,193415673.56555527,99.99927584158928,13,735.719970703125
2020-06-02,167832562.272113,99.99995367951134,13,193690340.67493027,99.99927686849902,13,743.5800170898438
2020-06-03,162594523.3736755,99.99995218728074,13,188343935.42883652,99.99925634140298,13,737.6599731445312
2020-06-04,165006324.728363,99.99868684375186,13,191421506.67321151,99.99865720633359,13,742.3699951171875
2020-06-05,167734171.697113,99.99870819950335,13,194497366.05602401,99.99867844181138,13,749.3099975585938
2020-06-08,168593424.93539426,99.99871478329369,13,195269256.75524276,99.9986836658722,13,753.0399780273438
2020-06-09,164862126.0799255,99.99868569518388,13,191502373.77086776,99.99865777336481,13,753.8200073242188
2020-06-10,162427196.35726926,99.99866599257292,13,188606591.43493026,99.99863716540965,13,758.6199951171875
2020-06-11,163399872.510863,94.28756866977209,12,189649343.31821153,94.41306691049833,12,757.0599975585938
2020-06-12,164528570.5530505,93.7088353250322,12,191083525.5650865,93.80436744567221,12,746.0599975585938
2020-06-15,152934942.04133174,99.99338064229936,13,177776982.41274276,99.99594035416182,13,693.1500244140625
2020-06-16,162344358.61789426,87.74965845430313,11,189209947.68618026,88.34440980214988,11,735.3800048828125
2020-06-17,162092408.2374255,95.12895014842529,12,188701246.90961778,95.72726177070278,12,735.4000244140625
2020-06-18,166437317.99695283,99.98865292783788,13,193602712.06449276,99.99982047943618,13,737.3300170898438
2020-06-19,167925340.0184372,99.98875347664875,13,195194456.0293365,99.99982194336492,13,742.030029296875
2020-06-22,177278571.85906222,99.99649677763493,14,205985100.37699276,99.99983127096104,13,751.6400146484375
2020-06-23,181522389.5992966,99.99657867958241,14,210705160.53324276,99.99983505070337,13,753.22998046875
2020-06-24,180536965.88249972,99.996560005012,14,209345610.48636776,99.99983397947564,13,759.5
2020-06-25,180523713.0211716,99.99655975247023,14,209183591.3262115,99.99983385088761,13,750.3599853515625
2020-06-26,174632125.0992966,99.99644368836815,14,202463028.91605526,99.99982833573017,13,750.5800170898438
2020-06-29,171087948.49306223,99.9996916240208,15,198297044.58793026,99.99982472926867,13,734.6900024414062
2020-06-30,170654109.1344294,93.70049459186005,14,197850667.223399,93.66096434614552,12,737.969970703125
2020-07-01,168461113.19222277,89.42716835906543,13,195054246.8252865,89.86487883810655,11,727.5800170898438
2020-07-02,171595949.0474962,99.99727961045477,15,198292269.967474,99.99773861726317,13,742.5499877929688
2020-07-03,176139649.3263048,99.99734978565259,15,203501116.9284115,99.99779649997544,13,752.1799926757812
2020-07-06,181740422.47327745,99.99743145845356,15,209717555.81513026,99.99786181602963,13,759.9000244140625
2020-07-07,183231078.73841417,99.99745235454047,15,211413433.94013026,99.99787896772786,13,759.1599731445312
2020-07-08,184629117.96009386,99.99747164569192,15,213059902.0690365,99.99789535847995,13,765.9600219726562
2020-07-09,189022275.61526963,99.99995559874748,16,218413092.6784115,99.99794694214228,13,772.9000244140625
2020-07-10,187598456.36722276,99.99995526175452,16,217060340.13544276,99.99793414717828,13,772.8099975585938
2020-07-13,188480122.81595322,99.9999554710297,16,218144119.592474,99.9979444107089,13,781.1900024414062
2020-07-14,187903352.99173447,99.99995533434792,16,217460262.451849,99.99793794640411,13,778.3900146484375
2020-07-15,187395488.4390001,99.99995521329856,16,216817631.326849,99.99793183463261,13,781.2899780273438
2020-07-16,181694498.2463009,99.99788902544753,17,210254160.72617325,99.99354954909772,14,775.0700073242188
2020-07-17,185410858.16475794,99.997931337647,17,214619282.751017,99.99915249860855,15,783.219970703125
2020-07-20,182823621.47432825,99.99790206287881,17,211469866.2744545,99.99913987678734,15,781.9600219726562
2020-07-21,186409043.47690636,99.9988193251893,17,215374801.3588295,93.40797047201754,14,790.5800170898438
2020-07-22,190915593.10825402,99.99884719493815,17,220401065.663517,93.55830224383631,14,794.989990234375
2020-07-23,196350984.74106652,99.99887910690944,17,226197590.39043105,99.99963109038944,15,801.6900024414062
2020-07-24,192914673.69907433,99.99885914089425,17,221970133.27812636,99.99962406444621,15,794.7999877929688
2020-07-27,199055305.96909386,99.98446367230925,17,224407219.698142,99.99800025412526,15,801.22998046875
2020-07-28,199897854.3254415,99.99264950358233,18,224951708.7847498,94.24672890542504,15,807.8499755859375
2020-07-29,200472089.62182823,99.99267055845583,18,225038729.4171717,99.98955911352402,16,808.5900268554688
2020-07-30,205489032.46023098,93.4766331779409,17,228972737.67926738,88.17384212920433,14,814.1900024414062
2020-07-31,208383935.09694973,99.976896795591,18,232970013.50214726,96.09741367433162,15,815.2999877929688
2020-08-03,210858243.7746841,99.9907111213058,19,240370256.72578007,99.99553609918767,16,827.5700073242188
2020-08-04,210779764.1838638,99.99070766277929,19,242006580.34003788,99.99556628178148,16,835.3499755859375
2020-08-05,213358717.54421535,99.99081998302839,19,245359725.76624882,99.9944188273769,15,847.280029296875
2020-08-06,215470552.85890284,99.99887124878612,20,250084989.45374882,99.99452428157625,15,854.1199951171875
2020-08-07,213045389.20069972,99.9988583998508,20,248672108.19788945,99.9944931701662,15,857.6300048828125
2020-08-10,213093352.63429347,99.99885865680422,20,252708912.1549207,99.9945811369588,15,862.760009765625
2020-08-11,209917431.14210597,99.99884138898436,20,250478132.86390507,99.99453287610939,15,860.22998046875
2020-08-12,212305640.82941067,99.98679694690567,19,254344301.37113163,96.79407774977258,14,845.5999755859375
2020-08-13,208947017.7606841,99.99610808610001,20,247765965.63187382,96.70895858151972,14,854.77001953125
2020-08-14,201964479.58587942,90.0842080849607,18,239320122.6750379,84.69669978417464,12,835.030029296875
2020-08-18,195071384.7969513,97.48830337976915,15,239394739.97874883,84.70146969265335,12,800.219970703125
2020-08-19,205412062.20726377,91.81265353248189,14,261014132.7670301,92.90070562333044,13,818.739990234375
2020-08-20,194705547.46507627,98.31216148601418,14,249803132.04078007,99.20072125856427,13,791.1400146484375
2020-08-21,195790835.02367002,91.99809111744763,13,249477003.55093634,93.52147304168552,12,796.010009765625
2020-08-24,198681785.62171692,82.6935852668197,11,246513504.06226444,84.75501890949133,10,815.739990234375
2020-08-25,202043152.5998419,90.29048103509058,12,247801979.4220301,92.23204482678507,11,836.3099975585938
2020-08-26,203317995.70433408,90.35136159442067,12,245021206.73355353,92.14388544711767,11,841.3499755859375
2020-08-27,204957969.2386622,97.88645331587892,13,244743795.0184129,99.66163951618941,12,836.4000244140625
2020-08-28,206252392.76600596,97.89971776589269,13,248589580.25669414,99.66687409501814,12,841.2999877929688
2020-08-31,211859053.3245997,97.95529985869966,13,254109539.6981004,99.67411050765566,12,848.239990234375
2020-09-01,211916511.99692002,99.99899003248238,14,253120106.97739726,99.67283662336843,12,853.3699951171875
2020-09-02,218948476.67758408,99.99902246959279,14,261173017.48032695,99.68292425576348,12,866.739990234375
2020-09-03,223219092.9480919,99.99904117165454,14,273460348.9197801,99.69717134780531,12,874.1300048828125
2020-09-04,219156157.36020127,99.99902339593766,14,272439651.5682176,99.69603679781784,12,866.0399780273438
2020-09-07,218107767.18539658,99.99901870164311,14,279805142.5799363,99.70403821699449,12,878.8800048828125
2020-09-08,218107351.90785754,99.97988834968103,15,270632775.89868635,99.45097803324569,12,878.2899780273438
2020-09-09,215155904.81719348,99.99670039330559,16,264851987.70181134,99.99425874913092,13,869.469970703125
2020-09-10,219751107.9158263,99.9967693911962,16,270830621.47915506,99.99438548825734,13,884.2999877929688
2020-09-11,221540379.97149035,99.99679548322536,16,275027537.5619676,99.99971747663793,14,888.4400024414062
2020-09-14,221427912.41703722,99.9996763919097,17,271786761.974077,99.99971410783951,14,894.1699829101562
2020-09-15,223482345.07035753,99.99967936678016,17,272888303.18110824,99.9997152618721,14,899.4600219726562
2020-09-16,222857996.1152794,93.23137005555952,16,272076900.3760301,92.8830426654068,13,896.280029296875
2020-09-17,218606808.30961534,99.98678812482461,17,269810932.3232176,92.8184781727696,12,885.1799926757812
2020-09-18,220164685.48442003,99.9868816115649,17,269874371.5654051,92.82016632974364,12,888.8800048828125
2020-09-21,212220958.79516223,98.90014993246182,16,260985651.19040507,92.57563359952331,12,866.989990234375
2020-09-22,204282126.63930285,93.51823080341319,16,251979809.33688945,80.16529473985565,11,842.719970703125
2020-09-23,201271892.74720126,58.137166969746445,11,245673482.8642801,53.10190857900091,8,843.4500122070312
2020-09-24,195935379.08276224,47.80808807329572,9,240315107.29083478,44.97378345876536,7,806.9500122070312
2020-09-25,195309407.40295756,47.637648660142936,8,244545125.60894418,39.31695730492882,5,808.280029296875
2020-09-28,200701978.2974888,49.04454905145844,8,248475737.55816293,40.276896070283584,5,835.9099731445312
2020-09-29,202641194.56116068,49.532177637620975,8,253951400.55230355,41.56463691113714,5,848.1500244140625
2020-10-05,202234560.82678568,56.927076288044596,9,255815825.82574105,49.42162840616108,6,858.3900146484375
2020-10-06,202485892.19787943,56.980539652114246,9,257974610.21636605,49.844878581860286,6,862.5800170898438
2020-10-07,200242923.29152006,63.97486186408686,10,256445306.42698324,57.00286231335736,7,869.6599731445312
2020-10-08,198668512.2094888,63.689369331414746,10,258787692.907452,57.39204586719839,7,871.6199951171875
2020-10-12,196497540.5079263,72.40436802262502,11,265808180.7332332,73.26753311379234,9,873.5
2020-10-13,195203743.05698878,65.49221786003608,10,258410010.71182698,65.69275293509939,8,871.9199829101562
2020-10-14,193767823.13989818,58.31083395805019,9,254151310.46524966,58.37296382304379,7,861.47998046875
2020-10-15,191398487.93482006,57.79476086970282,9,252917543.72501528,58.169901386277836,7,844.4400024414062
2020-10-16,190145205.3891169,33.69868013938393,6,250200276.1144684,44.98837279915437,5,833.8400268554688
2020-10-19,188746124.62427315,25.899649434880484,5,248556427.5207184,44.62454883002176,5,822.25
2020-10-20,188681235.06372628,25.8741655059518,5,247670766.33907777,44.42652833595206,5,824.6500244140625
2020-10-21,188683105.29810128,25.87490024414432,5,245517771.57345277,43.93919337509156,5,830.6699829101562
2020-10-22,187137438.93708563,9.729742661778802,3,239549093.0982184,27.822828066108972,3,812.7000122070312
2020-10-23,186000868.45066375,16.63158639553229,4,242101842.0409528,35.97264463693886,4,807.97998046875
2020-10-26,184154443.329095,9.04737982528639,3,232710234.0857028,26.498008768993575,3,778.02001953125
2020-10-27,184099773.1872864,0.0,0,231417019.89418328,0.0,0,783.72998046875
2020-10-28,184099773.1872864,0.0,0,231417019.89418328,0.0,0,806.2000122070312
2020-10-29,184099773.1872864,0.0,0,231417019.89418328,0.0,0,813.9299926757812
2020-10-30,184099773.1872864,0.0,0,231417019.89418328,0.0,0,792.6500244140625
2020-11-02,184099773.1872864,0.0,0,231417019.89418328,0.0,0,802.9500122070312
2020-11-03,184099773.1872864,0.0,0,231417019.89418328,0.0,0,818.4600219726562
2020-11-04,184320138.1872864,7.576654475925987,1,231694032.39418328,7.576910729462847,1,826.969970703125
2020-11-05,185398493.64728642,23.134767255228873,3,231848467.65418327,15.321477152475396,2,844.7999877929688
2020-11-06,184165186.35598174,52.45955660525725,7,230245236.86060512,37.04084964656155,5,836.780029296875
2020-11-09,186103210.4770755,52.954628806270435,7,232443541.15748012,37.63627755159331,5,851.2100219726562
2020-11-10,185483799.44785672,59.913987467519966,8,232004678.3212301,44.627978148428866,6,840.7899780273438
2020-11-11,184988754.964263,67.24547267530208,9,231880480.45716763,52.02249483985833,7,839.9000244140625
2020-11-12,183185459.32093486,75.03744875686198,10,230534808.19551134,59.128922229225786,8,840.0800170898438
2020-11-13,182100478.83765364,69.13443699229629,9,229420328.07957384,53.165751650819374,7,839.1400146484375
2020-11-16,184516785.03296614,69.53863139175972,9,232055572.84363633,61.022198817332566,8,847.3300170898438
2020-11-17,184263048.99829718,93.71053258583115,13,231588009.92680722,93.73682554011438,13,839.469970703125
2020-11-18,187091618.71816045,99.99935070148508,14,235324553.52799863,99.99968087907449,14,851.739990234375
2020-11-19,193212415.64442998,99.99937127068267,14,243355374.19840878,99.99969141018742,14,859.9400024414062
2020-11-20,192132187.84901983,99.99936773576805,14,241900833.18620175,99.99968955464796,14,870.1799926757812
2020-11-23,193824847.92958623,99.9993732572914,14,244358625.80387753,99.99969267714995,14,873.2899780273438
2020-11-24,193235788.094137,99.99937134672938,14,243640722.29069394,99.99969177160284,14,872.0999755859375
2020-11-25,192136639.4456995,93.57794818900793,13,242316573.9664752,99.99969008727679,14,865.1199951171875
2020-11-26,198117734.27036357,94.49986140917946,13,248912793.020233,93.4002940172087,13,874.530029296875
2020-11-27,198371986.13130108,99.99472160456332,14,248930759.185858,99.99389252138265,14,885.5599975585938
2020-11-30,197225898.42426983,99.99469093159304,14,247233614.96163926,99.99960563902712,15,886.1099853515625
2020-12-01,196503047.47411358,99.99593857806983,14,246915360.522733,99.99952881307716,15,891.2899780273438
2020-12-02,200831060.03270733,99.99602610379974,14,252491951.83132675,99.99953921981243,15,899.3400268554688
2020-12-03,202550109.50583234,99.99988874957208,15,253726141.0149205,99.99954146116573,15,907.6099853515625
2020-12-04,201096297.3678636,90.11338441925942,13,251120353.4380455,83.15283993365085,12,913.760009765625
2020-12-07,201008983.03770733,99.99951447549815,15,250387891.26226425,83.10355676961395,12,926.8800048828125
2020-12-08,197350142.42442608,99.99950547395021,15,245333181.72398302,99.99201387975667,15,906.8400268554688
2020-12-09,199249549.02208233,99.99951018816937,15,246915920.86460802,99.99206507104901,15,913.8099975585938
2020-12-10,200660763.18223858,99.99951363293546,15,249822728.79038927,99.99215739777397,15,921.7000122070312
2020-12-11,198839624.47520733,99.99950917838125,15,247293300.53257677,99.9920771800744,15,928.4400024414062
2020-12-14,197175466.6096136,99.9959792077585,14,244655698.88413927,99.99199176517097,15,929.5399780273438
2020-12-15,200907413.47476983,99.36226514805813,14,248968376.2255455,99.99808690446496,16,931.27001953125
2020-12-16,204989561.09195733,99.98206123489035,15,253570543.52632675,99.99812162610728,16,939.6500244140625
2020-12-17,209413487.81070733,99.99416293764486,16,257118793.41695175,99.998147547744,16,944.0399780273438
2020-12-18,207875622.18011847,99.99706605450017,17,256611046.33101425,99.99814388236308,16,947.239990234375
2020-12-21,208405009.37103644,99.99707350726327,17,257616641.72163925,99.9981511276378,16,953.5800170898438
2020-12-22,201421368.31879035,99.99697204049743,17,247890854.27632675,99.99807858869858,16,928.72998046875
2020-12-23,202290496.79437628,99.99698504993617,17,247271149.1180455,91.67392793040295,14,923.1699829101562
2020-12-24,204256331.20599738,99.99701406687068,17,250294863.9305455,91.77451196577401,14,928.6799926757812
2020-12-28,210333118.15961066,99.99710033421479,17,258096030.99982676,99.3531203579537,15,927.0
2020-12-29,214921101.55218878,99.99716223422541,17,264039824.6785377,99.9991506275729,16,957.4099731445312
2020-12-30,218635758.6713294,99.99721044832772,17,267459352.909983,99.99916148699121,16,968.4199829101562
2021-01-04,221574548.26654425,99.99724744673523,17,271900885.32697517,99.99917518419822,16,977.6199951171875
2021-01-05,220085242.3485755,99.99722882034382,17,268872109.74689704,99.99916589285908,16,985.760009765625
2021-01-06,215586280.1647669,99.99909517550898,18,263461755.50763926,99.99914876393993,16,981.3900146484375
2021-01-07,211361576.65437627,94.35023361913551,17,258877082.0889283,94.2298435135056,15,988.8599853515625
2021-01-08,211298403.69909114,99.99579756267799,18,259569537.01431894,99.9948862858275,16,987.7899780273438
2021-01-11,209634861.8023716,94.8933549559236,17,259353151.82486582,99.99488201932061,16,976.6300048828125
2021-01-12,210338010.5063755,99.98392687997485,18,259433736.26920176,99.99488360905076,16,973.719970703125
2021-01-13,210678811.51516455,99.98395288038505,18,257632621.53849864,93.87414643380345,15,979.1300048828125
2021-01-14,208361929.7456333,93.11432568396633,17,256593988.4660377,86.84125043768483,14,980.2899780273438
2021-01-15,206830105.14804348,99.89742723249336,18,254509353.52463144,86.7334697658041,14,964.4400024414062
2021-01-18,203879246.89904347,99.99751327383643,19,251080813.58112362,83.97794818406979,14,944.6699829101562
2021-01-19,206773232.88261378,99.99581231081588,17,254400595.2784908,75.23288859107492,11,957.75
2021-01-20,216771926.57120752,99.99915330350285,18,261467044.2628658,75.90224839416182,11,977.6599731445312
2021-01-21,220498978.5878091,99.99916761505162,18,269847382.04868615,91.33408262105233,13,981.4000244140625
2021-01-22,217334588.0487466,99.99915549553084,18,264106644.9262252,98.79456664996759,14,979.97998046875
2021-01-25,221797234.54679346,99.99917248728875,18,269744492.46919394,99.9980405243703,15,999.2999877929688
2021-01-26,220672383.51017237,99.99916826914185,18,266880442.96040487,99.99801949609581,15,994.0
2021-01-27,218223017.7457302,94.19285533441072,17,264539471.85493612,99.99800197015767,15,985.9199829101562
2021-01-28,208837798.47047627,90.22352402503637,16,253478669.28661582,84.64473730782382,12,961.22998046875
2021-01-29,204372691.1233083,90.00992887949472,16,250552981.45263144,86.81541740350923,12,928.72998046875
2021-02-01,211312956.12481222,88.09715309682532,13,256919316.89794394,87.14212493383103,12,956.9199829101562
2021-02-02,211776384.48272237,88.12319998967537,13,257980564.74657676,87.1950180355473,12,963.8099975585938
2021-02-03,215982097.30382,96.12277958525456,14,260719653.50600645,95.26612686090789,13,970.6900024414062
2021-02-04,217207677.32784346,99.99972912151802,15,264512336.66420957,95.3340030180434,13,964.5800170898438
2021-02-05,219198399.26778486,99.99973158158953,15,267331160.11362362,99.9972253718378,14,967.4199829101562
2021-02-08,215087313.8029411,99.99972645115666,15,264663105.59995174,99.99719740096073,14,960.780029296875
2021-02-09,213196136.49278486,90.33870298603833,14,262658747.78256893,90.13966575859324,13,957.8499755859375
2021-02-10,215578885.24034345,90.44548729997585,14,270434659.14194393,90.42318372658691,13,964.3099975585938
2021-02-15,224951471.100695,98.23681261142603,15,277502479.4661627,90.66709944520952,13,981.969970703125
2021-02-16,225154887.61221847,99.99566135607239,16,273676415.94233453,98.38463981982783,14,977.739990234375
2021-02-17,220532554.63028488,99.99557041867335,16,268799025.9761705,99.99579107281697,15,979.77001953125
2021-02-18,217947700.73428878,99.99551788395739,16,265194123.48171738,95.82636099550105,14,967.4199829101562
2021-02-19,216732331.23694503,91.48038061812186,14,266855337.45827988,95.85234251610107,14,965.1099853515625
2021-02-22,214308777.28303877,99.98606053413313,16,265613410.68484238,99.99560399633364,15,954.2899780273438
2021-02-23,210180487.37764034,92.05239692278865,15,260608062.91645175,91.9854572738462,14,936.5999755859375
2021-02-24,201020198.4350552,85.30671467624073,14,248814379.28271425,81.54204331619825,12,906.3099975585938
2021-02-25,207956042.75479737,70.67671332117824,11,256949091.91259706,82.12640098891819,12,936.2100219726562
2021-02-26,205219679.63354737,69.32773364848747,10,251700418.95808846,80.18326725970178,11,913.9400024414062
2021-03-02,206718699.80028564,76.8226406227797,11,252586561.8085377,87.56051362534855,12,923.1699829101562
2021-03-03,207972327.02880126,68.62890131358961,10,255792850.48334238,87.71643895402002,12,930.7999877929688
2021-03-04,204618938.99403566,76.56546857863087,11,250980086.87474862,95.95141699610434,13,926.2000122070312
2021-03-05,201017477.53785008,76.97793707806517,11,247267678.79181308,93.29649858584904,13,923.47998046875
2021-03-08,202219457.49097508,77.10799285231191,10,244371652.82892245,93.20582516329307,12,904.77001953125
2021-03-09,199193803.9566001,84.27269159954606,11,239564936.84517246,85.35795819435072,11,896.3599853515625
2021-03-10,195575335.5384751,69.11255892440174,9,234682296.90583652,73.06300137759762,9,890.0700073242188
2021-03-11,199453434.9009751,61.6534047855216,8,238711145.85198689,55.276853726676,7,908.010009765625
2021-03-12,199809787.7916001,61.72179442849824,8,239607415.46136189,55.44414402845248,7,925.489990234375
2021-03-15,200168675.5103501,61.79042443686681,8,240777514.74261189,55.66067078803598,7,926.9000244140625
2021-03-16,201312898.70738134,69.47913973295287,9,243072635.99261189,56.079328101186675,7,940.6500244140625
2021-03-17,201769420.8242251,68.49907419027389,9,243531164.45258063,47.528828706659375,6,943.780029296875
2021-03-18,201337414.07617822,68.43148311396068,9,244232764.45258063,47.67956103719628,6,949.8300170898438
2021-03-19,202246722.8683657,75.92026378976217,10,244620024.45258063,47.76238996029069,6,952.1099853515625
2021-03-22,206170238.27227196,76.56078701488678,10,248202984.45258063,48.51647141374571,6,955.3800048828125
2021-03-23,206401995.37227196,84.0833184285356,11,249413470.45258063,39.56434663329909,5,946.3099975585938
2021-03-24,211799654.78789696,91.80682717451491,12,251770170.45258063,40.130055843541406,5,953.8200073242188
2021-03-25,212279393.92184228,99.98260126846986,14,250190105.95258063,54.94764849975955,7,954.989990234375
2021-03-26,209001263.92184228,99.99910817676061,15,248427386.95258063,62.1479990164974,8,956.7000122070312
2021-03-29,208448383.92184228,99.99910581132498,15,247282046.95258063,61.9726793305731,8,954.0999755859375
2021-03-30,208972523.92184228,99.99910805410812,15,247790016.95258063,62.05063540934501,8,958.0599975585938
2021-03-31,209648833.92184228,99.99911093145265,15,248144396.95258063,62.1048316595477,8,956.1699829101562
2021-04-01,214829303.92184228,99.99913237076682,15,252722116.95258063,62.79125147949565,8,965.780029296875
2021-04-02,217012673.92184228,99.99914110000647,15,256261556.95258063,63.305172234639514,8,970.0900268554688
2021-04-05,223978913.92184228,99.99916781369744,15,259491049.75258064,71.27561053699142,9,969.77001953125
2021-04-06,221503833.92184228,99.99915851486213,15,256527265.55258062,93.98811447221405,12,968.6300048828125
2021-04-07,220554593.92184228,99.99915489321299,15,253539205.55258062,93.91726201911511,12,973.219970703125
2021-04-08,219276723.92184228,99.99914996821873,15,254706705.55258062,93.94514348606462,12,982.02001953125
2021-04-09,219483163.92184228,99.99915076773591,15,254146758.95258063,99.97908729869322,13,989.3900146484375
2021-04-12,220498273.92184228,99.99915467735455,15,259856448.95258063,99.97954680255393,13,1000.6500244140625
2021-04-13,217947903.92184228,99.9991447856076,15,256728347.87258062,99.99902314154187,14,1010.3699951171875
2021-04-14,219363465.98184228,99.99982176528779,16,257926387.87258062,99.9990276789431,14,1014.4199829101562
2021-04-15,220796875.98184228,99.99982292238487,16,260292669.73258063,99.99964089170025,15,1013.9000244140625
2021-04-16,223093485.98184228,99.99982474528983,16,267858879.73258063,99.9996510354327,15,1021.6199951171875
2021-04-19,230363660.98184228,99.99983027625076,16,277621886.82658064,93.68520363182614,13,1029.4599609375
2021-04-20,230527445.98184228,99.999830396836,16,277759840.4265806,99.98626855973059,14,1031.8800048828125
2021-04-21,228535110.98184228,99.99982891826092,16,273447272.4265806,99.99667854555652,15,1022.219970703125
2021-04-22,231077790.98184228,99.99983080077033,16,275661682.4265806,99.99670522703748,15,1025.7099609375
2021-04-23,234596965.98184228,99.99983333891781,16,279221903.27658063,99.99928613172632,16,1026.8199462890625
2021-04-26,236337865.98184228,99.99983456656823,16,281872558.27658063,99.9992928447548,16,1030.06005859375
2021-04-27,233706275.98184228,99.99983270374719,16,274715213.27658063,99.99927442075128,16,1021.010009765625
2021-04-28,225294922.98184228,99.98587274785378,15,265292792.79658064,93.41116371375244,15,998.27001953125
2021-04-29,219957414.70282274,99.99259029613566,15,256433207.6353267,93.06570035435459,15,990.6900024414062
2021-04-30,216714939.89662352,94.106770711434,14,254231264.9901353,99.99727255210257,15,983.4500122070312
2021-05-03,214442455.36686456,87.03052583056908,13,250980352.5334865,93.6294188986765,13,961.8099975585938
2021-05-04,215541499.58686453,70.37814843105514,10,252351456.1614865,80.84506177622342,10,967.2000122070312
2021-05-06,215333247.98686454,77.67874588506142,11,251107387.2614865,88.10909867679828,11,969.989990234375
2021-05-07,217899656.18686455,83.25406275730572,12,251731178.2614865,85.34731061552552,11,978.2999877929688
2021-05-10,224094756.18686455,83.71700422714409,12,257101140.7614865,93.07624809372298,12,992.7999877929688
2021-05-11,224810546.18686455,91.18989744340732,13,254460525.3264865,99.99438628073449,12,978.6099853515625
2021-05-12,217308503.88686454,98.67279589822198,13,247753827.3264865,92.20411369303254,11,967.0999755859375
2021-05-13,211298726.08686453,98.24118221348334,13,240138722.4264865,83.72921226334307,10,951.77001953125
2021-05-14,213159630.28686452,88.50738587596035,12,242551065.2264865,73.45082177256032,9,966.719970703125
2021-05-17,212480780.28686452,88.47066838514743,12,242380775.2264865,73.43216905740118,9,962.5
2021-05-18,214536430.38686454,81.20791708690267,11,245852715.2264865,73.80736082568355,9,969.0999755859375
2021-05-20,213681080.54686454,96.2296362333623,13,244834507.4564865,88.79747707360737,11,971.1300048828125
2021-05-21,211809366.54686454,81.73019887270337,11,242417152.0564865,81.70964758335178,10,965.6300048828125
2021-05-24,210990657.74686453,89.16960519431412,12,240032154.9764865,82.43842398795998,10,948.3699951171875
2021-05-25,216798969.24686453,93.60345079809485,12,246236035.7764865,83.31584976180145,10,962.0700073242188
2021-05-26,219433159.24686453,93.68023830824144,12,248268370.7764865,83.4524268955229,10,966.0599975585938
2021-05-27,222652591.24686453,99.94555880242844,13,251174100.7764865,83.64385897171319,10,974.0800170898438
2021-05-28,221411236.9355159,99.99344922153105,13,241619008.20712906,86.66783360872242,10,977.4600219726562
2021-05-31,223086315.78561357,99.99349840908623,13,243401033.20712906,86.76544311144461,10,981.780029296875
2021-06-01,221269998.3027034,99.99344504011015,13,241216063.20712906,86.64556258035431,10,984.5900268554688
2021-06-02,222369200.9453792,98.88335230370012,13,242230509.80712909,78.17333173710182,9,981.0999755859375
2021-06-03,223406156.3955745,85.96135170773732,12,243196875.80712909,65.44963189668329,8,990.1900024414062
2021-06-04,223684808.5613948,93.42218550545932,13,243452620.00712907,72.927440663732,9,987.5800170898438
2021-06-07,228778087.87780106,93.5686271809842,13,247282025.00712907,73.34668583160101,9,985.8599853515625
2021-06-08,223865377.07780105,99.99829765563271,14,242509585.04712906,80.31103593787856,10,986.1199951171875
2021-06-09,224015358.43916824,99.99942596809167,15,242176626.04712906,95.44243751873019,12,978.7899780273438
2021-06-10,223190179.08578545,99.99840970438235,14,239604759.68712908,88.53524457402308,11,987.77001953125
2021-06-11,224372101.90316826,99.99841808156768,14,239786639.68712908,88.5439406786918,11,991.1300048828125
2021-06-14,226781178.54379326,99.99843488614893,14,243227549.68712908,88.70600813005571,11,997.4099731445312
2021-06-15,228307044.6521917,99.99844534642266,14,245694081.4397033,96.22202766201133,12,997.3699951171875
2021-06-16,228878879.6863714,99.9984492305966,14,245222378.01242596,99.99798003628743,13,998.489990234375
2021-06-17,232958300.0769964,99.99847638670275,14,247650387.80344158,99.99799984038188,13,1003.719970703125
2021-06-18,235304173.368012,99.9984915764195,14,248176049.3413947,93.43820224301768,12,1015.8800048828125
2021-06-21,234194273.06039482,99.9984844276546,14,246309421.87205875,93.05306526279008,12,1010.989990234375
2021-06-22,238094889.83914483,99.98910293300702,14,256050717.28416812,99.9902945833097,13,1011.5599975585938
2021-06-23,239090683.21209404,99.99970933219006,15,253698595.0586529,93.57303529319697,13,1016.4600219726562
2021-06-24,236747959.68084404,99.99970645590629,15,251067989.73248103,99.99857362697706,14,1012.6199951171875
2021-06-25,237336468.90447685,99.99970718379024,15,251332829.45123103,99.99857513000487,14,1012.1300048828125
2021-06-28,237994970.43523857,99.9997079939751,15,255874512.54693416,99.99860042094888,14,1017.9099731445312
2021-06-29,237428403.09930107,99.99970729717104,15,253867016.9180279,99.99858935354492,14,1022.52001953125
2021-06-30,238271893.5505706,99.98996929125946,16,257058664.3477154,99.99860686817,14,1029.9599609375
2021-07-01,236878308.8729339,99.99929034884593,17,255093601.9180279,99.9985961364582,14,1035.6400146484375
2021-07-02,235546032.57328543,99.95119455387147,16,253449219.73248103,99.99858702817134,14,1038.1800537109375
2021-07-05,236668425.82641044,99.99806856701755,16,253446558.54693416,99.99984132115382,14,1047.3299560546875
2021-07-06,236926878.72484794,99.99807067393111,16,254478955.73248103,99.99984196489898,14,1044.9599609375
2021-07-07,236262029.96703544,93.84056037524698,15,253424788.54693416,93.3248431366682,13,1047.3599853515625
2021-07-08,232624190.64359796,95.67097589284505,14,248778232.6586529,99.99329452344102,13,1034.47998046875
2021-07-09,233846294.29359794,89.26088960789534,13,249650794.87310603,87.58569698052521,11,1028.9300537109375
2021-07-12,237203683.81703544,89.41289136495615,13,253813817.09737167,99.99318508226295,13,1034.6400146484375
2021-07-13,238947669.12172294,89.49016251786807,13,255058493.88252792,99.99321833883,13,1043.31005859375
2021-07-14,240465101.45766044,96.9388162159857,14,257310587.26924667,99.99327769485743,13,1044.97998046875
2021-07-15,245346520.00453544,99.99616677178251,15,261075880.6450279,99.99822967068846,14,1054.31005859375
2021-07-16,244226296.62953544,99.99614918943405,15,259480690.74854353,99.99821878736832,14,1051.97998046875
2021-07-19,245394801.06703544,99.99616752596448,15,259989749.35479355,99.99039746647614,14,1049.8299560546875
2021-07-20,245453171.67641044,99.9961684373556,15,261923397.5071373,99.9904683571311,14,1043.6400146484375
2021-07-21,241881346.00453544,93.0347416324864,14,263230919.58135605,93.03187572644883,13,1042.030029296875
2021-07-22,240734577.40453544,85.97063144972246,13,264019378.01104355,93.05268509417017,13,1050.25
2021-07-23,241266604.38891044,99.99031979908924,15,258193816.98018417,99.99072781714123,14,1055.5
2021-07-26,243219859.05391043,93.39858361299494,14,260433608.84354353,94.16633218335213,13,1047.6300048828125
2021-07-27,242094133.82078543,86.63910197180569,13,256869188.7269029,86.87075969290503,12,1046.550048828125
2021-07-28,238311950.00828543,86.42705481159847,13,251219294.08185604,79.86129728779683,11,1035.6800537109375
2021-07-29,240880463.83641046,80.65538831589049,12,253008955.38068417,80.003748596678,11,1044.1300048828125
2021-07-30,240870583.41453546,80.65459480710358,12,251890029.20099667,79.91492281321302,11,1031.1400146484375
2021-08-02,239155706.11766046,80.51587766460803,12,250885759.43927792,79.83452432536917,11,1037.800048828125
2021-08-03,238432052.78016046,95.4469838155339,14,251219397.63068417,87.31639571173442,12,1036.1099853515625
2021-08-04,237787463.48141044,99.99529963780604,15,250573431.6289654,91.0249925921353,13,1047.9300537109375
2021-08-05,247859167.96578544,99.99549063602238,15,261167955.05162165,99.95733846795318,15,1059.5400390625
2021-08-06,250525703.85641044,99.99553863261798,15,262983233.75005916,99.99862993134998,16,1059.800048828125
2021-08-09,260243065.07516044,99.99570521810746,15,272272718.1836529,99.99867667577405,16,1060.0
2021-08-10,256278598.48453546,99.99647505796861,15,268426543.56060603,99.99865771440014,16,1052.0699462890625
2021-08-11,255770846.15578544,99.70316776777092,14,269475144.2578716,99.9986629375966,16,1051.9200439453125
2021-08-12,259057380.11203545,99.96360531709435,15,271739269.9116334,93.78779135708913,15,1054.0899658203125
2021-08-13,253073115.53703547,87.14964157965792,13,266821239.0191334,93.2659964035528,14,1040.780029296875
2021-08-17,243449864.54953545,74.8045856482476,11,256441938.9878834,87.06231663487735,13,1011.0499877929688
2021-08-18,248435977.64328545,72.58423246176064,10,262216748.10350838,80.69416406550422,11,1021.0800170898438
2021-08-19,246795113.42453545,72.40195352050105,10,258629517.94038337,86.78142638400855,11,991.1500244140625
2021-08-20,239316079.98703545,71.5394677550605,10,250622521.53413337,86.35911369322918,11,967.9000244140625
2021-08-23,242356637.98703545,71.89652791120211,10,255026589.53413337,86.59467889835162,11,993.1799926757812
2021-08-24,243569717.23703545,72.03649497784158,10,257193249.40913337,79.02742457449668,10,1013.1799926757812
2021-08-25,240240853.86203545,71.64902262995213,10,253333003.84663337,78.70784800929908,10,1017.780029296875
2021-08-26,240305261.83078545,71.65662141847041,10,252695327.67475837,78.65411730482842,10,1020.4400024414062
2021-08-27,238687884.26828545,86.86736961612911,12,251007117.33100837,93.88632327050847,12,1023.510009765625
2021-08-30,239812921.33078545,79.03363449599875,11,252632121.17475837,86.59211047109802,11,1031.8399658203125
2021-08-31,241918978.65497294,77.1171876306856,11,254583466.5117584,83.77111585977879,11,1038.3299560546875
2021-09-01,237842352.95966044,76.72497547954875,11,250981145.8555084,83.53818344421056,11,1045.97998046875
2021-09-02,236952532.0651292,76.6375714625563,11,249574698.67191464,83.44541492378387,11,1047.18994140625
2021-09-03,238310776.3097952,84.67214963127891,12,250691856.18753964,83.51918708143272,11,1053.8499755859375
2021-09-06,240787893.87256867,99.96863632797793,15,252569745.88285214,91.27862454651672,12,1052.9599609375
2021-09-07,242795721.21686554,92.78124537061011,14,252732973.04691464,91.28425723213283,12,1054.4300537109375
2021-09-08,243745206.60124052,93.02059371648113,14,253320283.2060396,91.76353668401013,12,1037.219970703125
2021-09-09,244711132.86881864,86.25781023075471,13,254076530.64432088,84.92537295707787,11,1034.6199951171875
2021-09-10,247202228.92819366,79.9397206366988,12,255791436.4169771,78.46958669935681,10,1037.9100341796875
2021-09-13,246685839.52389678,87.423111202823,13,254613061.07010213,85.91659025757743,11,1026.3399658203125
2021-09-14,249439636.3502249,78.74119312744291,11,256931190.0526021,76.33379181960034,10,1037.739990234375
2021-09-15,245876919.76917022,78.43315647313065,11,253768557.27175212,69.33182674500009,9,1042.7900390625
2021-09-16,246302999.96936554,78.47046501183563,11,253618106.31472087,69.31363381672828,9,1039.4300537109375
2021-09-17,246612192.01702178,78.23769120401043,10,254164065.90378338,65.85087380382411,8,1046.1199951171875
2021-09-23,244008823.73333037,71.4606620818726,9,251748731.47409588,65.52323934162682,8,1036.260009765625
2021-09-24,247062105.58049834,71.81336142518495,9,255409416.27487713,66.01738147453257,8,1037.030029296875
2021-09-27,247423164.23850614,65.10958898250641,8,255785421.20378336,59.19599916225763,7,1034.8199462890625
2021-09-28,243570648.2214163,64.55773321388541,8,251273782.32878336,58.46336038582447,7,1012.510009765625
2021-09-29,240987945.6351704,40.632197426168474,4,250074613.1464396,36.46113968483136,4,1001.4600219726562
2021-09-30,241462632.32682666,33.715361583540684,3,250000597.53090835,29.284736477734246,3,1003.27001953125
2021-10-01,237464654.47057667,40.310070201936334,4,246240146.72153336,35.90438429615388,4,983.2000122070312
2021-10-05,238938191.80307668,26.002222275783954,2,248130598.31028336,21.512668087920485,2,955.3699951171875
2021-10-06,232760223.5312017,47.288186698164644,5,242886369.91497087,35.227620995654775,4,922.3599853515625
2021-10-07,231808650.2812017,47.071804990941146,5,241777671.03997087,34.93059992077926,4,953.4299926757812
2021-10-08,231374439.4687017,46.97247684297538,5,241387847.57122087,34.82551766621017,4,953.1099853515625
2021-10-12,229575972.8280767,46.55706650948941,5,240178388.54778337,34.497320503122005,4,940.1500244140625
2021-10-13,233834594.8937017,40.35608147198999,4,244150350.00872087,35.56295124475496,4,953.469970703125
2021-10-14,234329974.2687017,40.48217019442153,4,244765746.57122087,35.72496058984151,4,983.4299926757812
2021-10-15,234444982.7062017,40.51136703425286,4,244915422.97747087,35.764241321097764,4,990.5399780273438
2021-10-18,234191994.8024517,33.58219744449039,3,244226188.98684588,28.737954273775784,3,993.8599853515625
2021-10-19,236421998.9337017,41.6392457423584,4,246530153.85872087,36.84095830303525,4,1005.3499755859375
2021-10-20,235774690.7305767,41.47901906639723,4,245899871.24153337,36.679071084880846,4,1001.6199951171875
2021-10-21,232946822.97745168,56.009317191408606,6,244013041.1993459,51.361293114550534,6,993.7000122070312
2021-10-22,231514090.2337017,63.211241474449466,7,242462807.3087209,58.53939621212777,7,995.0700073242188
2021-10-25,232876815.4337017,70.87553147685037,8,243908620.50872087,66.20783353236426,8,994.3099975585938
2021-10-26,238200429.88557673,78.888883570505,9,249443139.8140334,74.32119220477465,9,1011.760009765625
2021-10-27,238631240.71370173,78.92699634033526,9,249912067.8687209,74.36937520565492,9,1008.9500122070312
2021-10-28,231674472.26057673,78.29421187495294,9,242898916.8765334,73.62934950270699,9,1000.1300048828125
2021-10-29,231667587.0064185,99.99558837623813,12,242618360.3075158,96.36518356891392,12,992.3300170898438
2021-11-01,232796079.39313725,99.9956097618381,12,243576530.46610954,99.99591519541305,13,998.5700073242188
2021-11-02,231474905.25368413,99.99000751191944,12,242394406.95290643,99.99058924437408,13,1009.4400024414062
2021-11-03,232894000.34645757,99.99006839923634,12,243357543.71755487,99.99062648934536,13,1005.0
2021-11-04,238897105.53269196,93.6837956578174,11,248729853.06685174,93.6508391011594,12,1001.4299926757812
2021-11-05,249890887.87644196,93.96167284000155,11,258775407.82466424,93.89731091241698,12,1001.3499755859375
2021-11-08,253673919.3598404,94.0517222302226,11,262584644.37993768,90.8005675534811,11,1002.5
2021-11-09,263907258.7631607,94.28237426142718,11,271988843.04107046,91.11864416768867,11,1008.6799926757812
2021-11-10,256314398.69870758,94.11299972626917,11,264507422.14849237,90.867440777861,11,987.75
2021-11-11,272132889.9408951,94.45519820985928,11,280405248.60161734,91.3852193940264,11,992.6500244140625
2021-11-12,274964008.97019196,94.5122892957819,11,283603882.9981017,91.48238144016318,11,1009.0700073242188
2021-11-15,273353892.7944107,99.98786285694881,12,281652785.323883,98.9801221488504,12,1029.030029296875
2021-11-16,273983246.54812163,95.06191319233523,11,282284972.8657189,92.2236561826809,11,1035.4599609375
2021-11-17,277665570.27370757,95.12740072898927,11,286186877.90380484,92.32967975490382,11,1031.260009765625
2021-11-18,279091953.26823884,99.99880607342295,12,287671274.3811486,99.93025538086977,12,1032.77001953125
2021-11-19,277006941.67741853,99.99879708682235,12,286500201.50126576,99.99816920384812,13,1041.9200439453125
2021-11-22,265541383.05144194,99.99874514737922,12,273968240.4377892,99.99808545886347,13,1032.31005859375
2021-11-23,263349676.77995756,99.99873470397034,12,271536908.6816174,99.99990045380366,14,1013.719970703125
2021-11-24,266063700.8147232,93.44548298035272,11,274147937.92888296,93.38640434736095,13,1020.1300048828125
2021-11-25,265160100.725856,93.42314680630082,11,273407649.80095327,93.30443565935646,12,1015.6599731445312
2021-11-26,264696944.03933257,93.41163887769967,11,272396084.82380486,93.27789495707758,11,1005.8900146484375
2021-11-29,261925952.95144194,88.84585883002565,10,269620418.89997673,86.18509640084702,10,992.3400268554688
2021-11-30,261417536.15359038,82.2778547167605,9,268482831.65681267,79.4876712917495,9,965.6300048828125
2021-12-01,260793421.82155913,82.23544319890719,9,268589463.7857189,79.49581484752476,9,977.1500244140625
2021-12-02,253847586.27175444,81.74936534420794,9,261994419.45466423,78.97967404447179,9,977.4299926757812
2021-12-03,258393848.49831694,82.07047272129383,9,266063733.77497673,79.30116962079417,9,998.469970703125
2021-12-06,254346687.28269196,89.33124070027901,10,262533191.17810172,86.54894168002261,10,991.8699951171875
2021-12-07,251818225.38523102,89.22411759057852,10,259972080.72595328,86.41642881187325,10,996.6400146484375
2021-12-08,255531921.73073882,78.17800309435992,9,262794391.4495861,75.08487631965886,9,1006.0399780273438
2021-12-09,258307870.33425444,78.41251682310441,9,265456330.60778922,75.33471983706272,9,1022.8699951171875
2021-12-10,251237767.35476226,77.80502165732709,9,258775265.87048453,74.69791116457229,9,1011.5700073242188
2021-12-13,250512845.1450904,70.97978403186066,8,258165745.59134394,67.78382421795799,8,1005.9600219726562
2021-12-14,247879294.41266853,78.16950753500687,9,255504435.28860956,74.94489740015068,9,1002.8099975585938
2021-12-15,247802210.91755134,78.16271675354815,9,255329707.54349238,74.927751641347,9,1003.52001953125
2021-12-16,250412614.22712165,78.39035750812636,9,258124931.3765002,75.19925794562172,9,1007.8599853515625
2021-12-17,247934037.53766853,78.17432764518493,9,255554910.50735956,74.94984608918983,9,1001.260009765625
2021-12-20,245569810.79919195,69.95121808788781,8,253239469.472008,66.61119106550927,8,990.510009765625
2021-12-21,249686325.78369,63.28219367002329,7,257512805.38302165,59.88118810077895,7,996.5999755859375
2021-12-22,249153048.31494,63.203604309186126,7,256930268.30489665,59.7902268620903,7,1000.1300048828125
2021-12-23,252503337.486815,63.691829800674526,7,260494340.25020915,60.340375184816054,7,1003.3099975585938
2021-12-24,250357763.4546275,62.89688263218684,7,258438905.31591228,59.44870597463131,7,1007.4199829101562
2021-12-27,249815848.1533775,78.1715876125991,9,258006066.82403728,74.72767720029249,9,1011.3599853515625
2021-12-28,252734082.66909626,63.531774332442936,8,261064653.2874904,65.08286400553736,8,1027.43994140625
2021-12-29,254075615.06909627,71.15892763393758,9,262359382.7874904,72.69304826810968,9,1028.050048828125
2021-12-30,258575974.2054244,86.59891874524263,11,267120959.7653029,88.12225819722332,11,1033.97998046875
2022-01-04,255360682.83145565,79.67680901024444,10,263710287.89615446,81.22011924738351,10,1031.6600341796875
2022-01-05,248453180.22520566,72.30342744165867,9,256386685.97740448,73.86835430089998,9,1009.6199951171875
2022-01-06,244024463.89708066,71.8007718424481,9,251694611.07115448,73.38120982640388,9,980.2999877929688
2022-01-07,249365660.68145564,72.09516440859517,9,257319964.24302948,73.52140686024319,9,995.1599731445312
2022-01-10,244037244.61895564,71.48587800881292,9,251718898.57115448,72.93222448293069,9,980.3800048828125
2022-01-11,243289521.97833064,71.39824310198675,9,250910383.13365448,72.845003244451,9,969.9199829101562
2022-01-12,247481189.71270564,64.78726818157581,8,255301278.35240448,64.96394535251373,8,991.3300170898438
2022-01-13,250413762.19708064,65.19964123777036,8,258328170.97740448,65.37447113845617,8,983.25
2022-01-14,251389561.47051814,65.33472307886554,8,259337312.49302948,65.50920708654924,8,971.3900146484375
2022-01-17,248408935.90801814,64.91877906242108,8,256260519.27427948,65.09509320725972,8,957.9000244140625
2022-01-18,245787962.49051815,57.60555272978414,7,253557545.82615447,57.76631062965847,7,943.9400024414062
2022-01-19,242598842.06083065,57.04824999599428,7,250256342.59177947,57.209193912835076,7,933.9000244140625
2022-01-20,244978422.13895565,57.46545869436758,7,252719982.99802947,57.62634002705103,7,958.7000122070312
2022-01-21,238131828.66239315,56.2425364387938,7,245632743.91990447,56.40373324405067,7,942.8499755859375
2022-01-24,236021741.88977596,30.899505026981235,4,243470790.01329508,30.89356221988382,4,915.4000244140625
2022-01-25,235506363.88977596,23.583857388242414,3,242939116.01329508,23.57710480714246,3,889.4400024414062
2022-01-26,235340652.62977597,15.98564658490291,2,242768056.3532951,15.97362131678724,2,882.0900268554688
2022-01-27,234212548.92977598,8.139273530435693,1,241604553.1532951,8.122694603171782,1,849.22998046875
2022-01-28,234579148.92977598,8.282833358653091,1,241981953.1532951,8.265988326546255,1,872.8699951171875
2022-02-03,234579148.92977598,8.282833358653091,1,241981953.1532951,8.265988326546255,1,891.5999755859375
2022-02-04,235067948.92977598,8.473549920644635,1,242485153.1532951,8.456352784220494,1,902.8699951171875
2022-02-07,234792998.92977598,8.366369563632176,1,242202103.1532951,8.349370107327609,1,899.4000244140625
2022-02-08,234792998.92977598,8.366369563632176,1,242202103.1532951,8.349370107327609,1,895.27001953125
2022-02-09,234792998.92977598,8.366369563632176,1,242202103.1532951,8.349370107327609,1,910.530029296875
2022-02-10,233907048.92977598,8.019296590600598,1,241290053.1532951,8.002940754350899,1,895.6799926757812
2022-02-11,233534155.62977597,0.0,0,240906174.4532951,0.0,0,877.4199829101562
2022-02-14,233534155.62977597,0.0,0,240906174.4532951,0.0,0,852.7899780273438
2022-02-15,233534155.62977597,0.0,0,240906174.4532951,0.0,0,839.9199829101562
2022-02-16,233534155.62977597,0.0,0,240906174.4532951,0.0,0,878.1500244140625
2022-02-17,233534155.62977597,0.0,0,240906174.4532951,0.0,0,874.219970703125
2022-02-18,233534155.62977597,0.0,0,240906174.4532951,0.0,0,881.7100219726562
2022-02-21,233534155.62977597,0.0,0,240906174.4532951,0.0,0,884.25
2022-02-22,233534155.62977597,0.0,0,240906174.4532951,0.0,0,868.1099853515625
2022-02-23,233534155.62977597,0.0,0,240906174.4532951,0.0,0,877.3300170898438
2022-02-24,233534155.62977597,0.0,0,240906174.4532951,0.0,0,848.2100219726562
2022-02-25,235236506.22977597,15.951414430270225,2,242662773.6532951,15.96075055803026,2,872.97998046875
2022-02-28,235201235.82977596,23.451726265554353,3,242626447.2532951,23.44921612795339,3,881.0700073242188
2022-03-02,238134335.82977596,24.394571155637728,3,245653447.2532951,24.392493030319663,3,895.4500122070312
2022-03-03,238215985.02977595,32.10760604097985,4,245736988.8532951,32.09586003639289,4,912.3200073242188
2022-03-04,236585081.98097908,46.65424103423037,6,244055871.38990444,46.63773546896968,6,900.9600219726562
2022-03-07,235150165.34347907,39.61027108991589,5,242576049.71740445,39.59903069355676,5,881.5399780273438
2022-03-08,232128393.93527594,38.82413737712024,5,239459545.61779508,38.81292768823175,5,870.1400146484375
2022-03-10,232128393.93527594,38.82413737712024,5,239459545.61779508,38.81292768823175,5,889.0800170898438
2022-03-11,233575425.18429938,39.20313009363322,5,240952534.4273654,39.192054699570065,5,891.7100219726562
2022-03-14,230467089.1660025,38.83433436152527,5,238235620.18347478,31.426870567188743,4,872.4400024414062
2022-03-15,230908497.0460025,31.648683757809405,4,238725220.18347478,31.56750675193915,4,871.219970703125
2022-03-16,232399297.0460025,32.08714524865327,4,240261620.18347478,32.005111736647194,4,891.7999877929688
2022-03-17,232478497.0460025,32.11028157379582,4,240343220.18347478,32.02819698481045,4,914.1300048828125
2022-03-18,235355647.0460025,32.94021238625589,4,243308220.18347478,32.85651423520199,4,922.9600219726562
2022-03-21,235285165.11878377,47.928059362537475,6,243235319.06831855,47.85207922268606,6,918.4000244140625
2022-03-22,243412848.67737752,49.66676895852976,6,251636988.9315998,49.59319691880755,6,924.6699829101562
2022-03-23,250963914.75745565,51.18120801238856,6,259448535.32808417,51.11085852545052,6,930.5700073242188
2022-03-24,246826221.35237753,57.82490703822215,7,255162238.1565998,57.751995017368806,7,931.75
2022-03-25,244423487.59847128,57.41031709668647,7,252679827.08238104,57.33693649590504,7,934.6900024414062
2022-03-28,243994754.39847127,64.86772622602503,8,252235731.88238102,64.78870807582143,8,927.1099853515625
2022-03-29,243980734.86883062,80.06578222041406,10,252222983.99597478,79.98067615858638,10,937.8300170898438
2022-03-30,240540042.565315,87.55520140857273,11,248664944.79011542,87.46378473453802,11,939.0700073242188
2022-03-31,241206586.14344,87.58959101921646,11,249354859.16511542,87.4984699022893,11,944.530029296875
2022-04-01,239231621.6200025,87.48713751707312,11,247316148.50105292,87.39541556118876,11,940.5700073242188
2022-04-04,239256301.134065,95.04487974912568,12,247340780.09480292,94.93818174106498,12,947.3200073242188
2022-04-05,237970829.58914313,95.01811316561138,12,246017812.8584748,94.91096168071647,12,952.469970703125
2022-04-06,235190985.61820564,88.06848842644814,11,243144749.41003728,87.97389948185986,11,943.1300048828125
2022-04-07,233709855.78383064,73.90155333226352,9,241613220.29753727,73.81164487162131,9,927.9500122070312
2022-04-08,236114775.44203377,74.16737603362688,9,244096605.13152164,74.07807940035131,9,934.72998046875
2022-04-11,234346889.76625252,73.97249772342806,9,242272865.7760529,73.88294889485503,9,921.8300170898438
2022-04-12,233739636.03187752,81.39299037709829,10,241646806.43855292,81.30206314970673,10,913.8200073242188
2022-04-13,235644096.86000252,81.54337106317341,10,243613309.87605292,81.4529972555196,10,927.3099975585938
2022-04-14,233629468.1068775,73.41664419636686,9,241533123.2635529,73.34159489240238,9,928.010009765625
2022-04-15,232751664.55051345,66.13229290549845,8,240624412.96688104,66.06350270381161,8,924.4400024414062
2022-04-18,230178164.55051345,65.75363603168984,8,237968412.96688104,65.68473253135505,8,918.22998046875
2022-04-19,233053080.63059157,66.17609525080982,8,240935459.3633654,66.10731454131022,8,931.5599975585938
2022-04-20,233671398.47043532,66.26559667826947,8,241572716.57039666,66.19672181536345,8,928.9299926757812
2022-04-21,236233780.63059157,66.63150723104638,8,244220459.3633654,66.56320374904502,8,929.6799926757812
2022-04-22,235422739.34543532,73.99571206343126,9,243487072.19539666,66.46249155481092,8,922.780029296875
2022-04-25,233926115.9453572,74.33138901790224,9,242670134.0389123,66.84757440008072,8,899.8400268554688
2022-04-26,240891348.64652908,75.07358191777475,9,249741037.48617792,67.78621709500689,8,911.1599731445312
2022-04-27,240521420.20121658,75.03524441302922,9,249424157.52524042,67.74529121850053,8,896.1799926757812
2022-04-28,237746499.24106032,67.5092940867144,8,246622403.93227166,60.19585679351602,7,892.219970703125
2022-04-29,239281144.0359822,67.71767528998073,8,248041213.16078728,60.42353865732753,7,904.75
2022-05-02,240456398.1609822,67.87545830415796,8,249458627.53578728,60.648410596104995,7,901.8200073242188
2022-05-03,249176686.5156697,61.33112449848497,7,258113073.9748498,54.34044489665864,6,907.5700073242188
2022-05-04,249126336.31059158,61.32330924362081,7,258062023.20336542,54.33141235678809,6,900.0599975585938
2022-05-06,244461730.02543533,60.58531424222537,7,253767656.03539667,53.55858856022373,6,884.219970703125
2022-05-10,237350542.28012282,52.86197692546229,6,247538006.07445917,52.389823643879296,6,856.1400146484375
2022-05-11,239793361.0051228,44.704039164490474,5,250063856.44945917,44.3172559131442,5,866.3400268554688
2022-05-12,233633943.63871658,50.81092909801811,6,243693027.5377404,50.421871293890916,6,833.6599731445312
2022-05-13,237542800.4427986,44.26626477585917,5,247736058.454049,43.939970095306435,5,853.0800170898438
2022-05-16,236972990.4427986,44.13225102345335,5,247143778.454049,43.80562224839867,5,856.25
2022-05-17,241576115.4427986,45.196786031545074,5,251907078.454049,44.86819929540701,5,865.97998046875
2022-05-18,243016580.4427986,45.521628523630305,5,253392098.454049,45.19130260913241,5,871.5700073242188
2022-05-19,247232015.4427986,46.45051321299054,5,257750928.454049,46.118173351678834,5,863.7999877929688
2022-05-20,247219670.4427986,46.4478392007924,5,257741918.454049,46.11628978046537,5,879.8800048828125
2022-05-23,248372904.0427986,54.26302056555098,6,259228828.454049,46.42536122147886,5,883.5900268554688
2022-05-24,246924058.32107985,69.1536531391993,8,257725861.04908806,61.26796978465791,7,865.0700073242188
2022-05-25,248378960.9109236,69.33433845075068,8,258893326.88795525,61.44262983746781,7,872.6900024414062
2022-05-26,246251157.92576736,76.50492091089897,9,256740489.20807242,68.55191410465508,8,871.4299926757812
2022-05-27,247157784.5234236,76.5911057893453,9,257684980.72858024,68.66718062263519,8,873.969970703125
2022-05-30,251688540.30857986,77.01249955935565,9,263129079.60846305,69.31545168081585,8,886.4400024414062
2022-05-31,253719474.99607986,77.19650637248874,9,265110517.34283805,69.54478819492805,8,893.3599853515625
2022-06-02,263885078.0312361,78.07496174314275,9,276125726.03522086,70.75970763985075,8,891.1400146484375
2022-06-03,257438891.19842362,70.63092069713316,8,269400145.82233024,70.02972313625565,8,891.510009765625
2022-06-07,252765083.31561112,70.08786533301354,8,264547165.0469396,69.47993392408596,8,873.780029296875
2022-06-08,251218150.05407986,56.43262637252974,6,262934090.37133807,55.86806936770374,6,874.9500122070312
2022-06-09,250471985.05407986,56.30283760858584,6,262161020.37133807,55.73793151744063,6,877.1799926757812
2022-06-10,246652330.05407986,55.62614388030207,6,258205830.37133807,55.05992633688462,6,869.8599853515625
2022-06-13,242133195.05407986,46.94818278617704,5,253527941.17133808,46.48001693839419,5,828.77001953125
2022-06-14,244198304.05407986,40.84234752830737,4,255662892.17133808,40.40230833764309,4,823.5800170898438
2022-06-15,241085902.05407986,47.62461389146043,5,252432626.17133808,47.19060757191684,5,799.4099731445312
2022-06-16,241109462.05407986,47.62973174990615,5,252448856.17133808,47.1940027009426,5,802.1500244140625
2022-06-17,238510446.55407986,39.41423378228628,4,249764486.27133808,39.0804839619832,4,798.6900024414062
2022-06-20,234183795.75407985,31.331243378192504,3,245273284.87133807,30.99869194473565,3,769.9199829101562
2022-06-21,232133080.75407985,30.7246083877024,3,243153514.87133807,30.397150556967915,3,778.2999877929688
2022-06-22,228421690.75407985,29.599023532660024,3,239308494.87133807,29.278826912379646,3,746.9600219726562
2022-06-23,227926909.47407985,7.590152492269624,1,238788894.23133808,7.558978007793447,1,714.3800048828125
2022-06-24,228168555.87407985,0.0,0,239041016.6313381,0.0,0,750.2999877929688
2022-06-27,228168555.87407985,0.0,0,239041016.6313381,0.0,0,770.5999755859375
2022-06-28,228168555.87407985,0.0,0,239041016.6313381,0.0,0,769.510009765625
2022-06-29,229415447.67407987,7.9811757166467086,1,240347481.23133808,7.982130664200425,1,762.3499755859375
2022-06-30,229038697.67407987,7.829812246626959,1,239952731.23133808,7.830750624748877,1,745.4400024414062
2022-07-01,228435897.67407987,7.586592202214308,1,239321131.23133808,7.587503830761695,1,729.47998046875
2022-07-04,227607047.67407987,7.250061089333845,1,238452681.23133808,7.250935452147768,1,722.72998046875
2022-07-05,228511247.67407987,7.617064882874189,1,239400081.23133808,7.6179798712669236,1,750.9500122070312
2022-07-06,226400935.29407987,0.0,0,237188944.37133807,0.0,0,744.6300048828125
2022-07-07,226400935.29407987,0.0,0,237188944.37133807,0.0,0,757.969970703125
2022-07-08,226400935.29407987,0.0,0,237188944.37133807,0.0,0,766.47998046875
2022-07-11,226400935.29407987,0.0,0,237188944.37133807,0.0,0,767.0399780273438
2022-07-12,226400935.29407987,0.0,0,237188944.37133807,0.0,0,750.780029296875
2022-07-13,226400935.29407987,0.0,0,237188944.37133807,0.0,0,763.1799926757812
2022-07-14,226400935.29407987,0.0,0,237188944.37133807,0.0,0,766.0800170898438
2022-07-15,226400935.29407987,0.0,0,237188944.37133807,0.0,0,762.3900146484375
2022-07-18,226400935.29407987,0.0,0,237188944.37133807,0.0,0,776.719970703125
2022-07-19,226400935.29407987,0.0,0,237188944.37133807,0.0,0,782.3300170898438
2022-07-20,226400935.29407987,0.0,0,237188944.37133807,0.0,0,790.719970703125
2022-07-21,226873439.61407986,7.799379261891288,1,237683597.33133808,7.793621523733825,1,795.1500244140625
2022-07-22,226673759.61407986,7.718158480181353,1,237474557.33133808,7.712455686124597,1,789.75
2022-07-25,226919519.61407986,7.818102219752461,1,237731837.33133808,7.812331830891783,1,789.6900024414062
2022-07-26,228609119.61407986,8.499398463543752,1,239500637.33133808,8.49317155338459,1,789.9299926757812
2022-07-27,230283359.61407986,9.164639614155442,1,241253357.33133808,9.15797410837941,1,795.7000122070312
2022-07-28,230913119.61407986,9.412371214041123,1,241912637.33133808,9.4055441877705,1,798.3200073242188
2022-07-29,230913119.61407986,9.412371214041123,1,241912637.33133808,9.4055441877705,1,803.6199951171875
2022-08-01,230913119.61407986,9.412371214041123,1,241912637.33133808,9.4055441877705,1,807.6099853515625
2022-08-02,232538354.01407987,32.5028833718431,4,243615531.03133807,32.49934832349229,4,804.3400268554688
2022-08-03,231274034.01407987,39.70714239126788,5,242290780.43133807,39.70255485113704,5,815.3599853515625
2022-08-04,231243524.01407987,39.69918742217854,5,242259600.43133807,39.69479427390338,5,825.1599731445312
2022-08-05,230544074.01407987,39.516240176460215,5,241526100.43133807,39.51165105119952,5,831.6400146484375
2022-08-08,232405954.01407987,40.00079533004045,5,243476540.43133807,39.99621065236146,5,830.8599853515625
2022-08-09,233022614.01407987,40.15957438119958,5,244122820.43133807,40.155062040818606,5,833.6500244140625
2022-08-10,233159154.01407987,47.674405266236086,6,244265258.43133807,47.66849397567117,6,820.27001953125
2022-08-11,236582977.21407986,63.41124021964154,8,247849673.07133806,63.42508668742677,8,832.1500244140625
2022-08-12,237176327.21407986,63.50277524284847,8,248472483.07133806,63.51676372738964,8,831.6300048828125
2022-08-16,237853017.21407986,63.60660956586944,8,249184393.07133806,63.620994896985394,8,834.739990234375
2022-08-17,237726857.21407986,63.58729584511035,8,249054383.07133806,63.60200452871675,8,827.4199829101562
2022-08-18,240195763.9340799,71.41481481208668,9,251639956.55133808,71.42937570938959,9,826.0599975585938
2022-08-19,235945221.76004863,86.2498826253336,11,247183619.73020136,86.26786474799438,11,814.1699829101562
2022-08-22,231679288.11942363,93.56902895685543,12,242714178.70246696,93.58582532533514,12,795.8699951171875
2022-08-23,232050078.11942363,86.56040619134221,11,243102368.302467,86.57803245192682,11,783.4199829101562
2022-08-24,236551714.76004863,86.81616492885776,11,247819281.73020136,86.8335019154492,11,793.1400146484375
2022-08-25,237524607.4486736,80.11389030918389,10,248839666.28993574,80.13103664246711,10,807.3699951171875
2022-08-26,234558447.11492363,80.66283998814988,10,245734844.01227948,80.68039653677191,10,802.4500122070312
2022-08-29,228631636.2536736,87.73952694419681,11,239524080.09431073,87.76041497681099,11,779.8900146484375
2022-08-30,237234259.1286736,88.1841179841063,11,248540080.67243573,88.20441622339675,11,797.02001953125
2022-08-31,241731635.24117362,95.78204939963648,12,253249655.01462322,95.81195597935087,12,807.0399780273438
2022-09-01,237237693.91304862,95.70214969141428,12,248538922.32907635,95.7325770407456,12,788.3200073242188
2022-09-02,237263110.53929862,88.96426771932305,11,248564189.9089201,88.9853501084824,11,785.8800048828125
2022-09-05,234086644.74242362,96.63942353969844,12,245233804.04759198,96.66107561885497,12,771.4299926757812
2022-09-06,238615068.72679862,96.70320037963297,12,249978802.1042326,96.72445375158638,12,779.4600219726562
2022-09-07,235016831.87367362,89.66618450844493,11,246211464.33431074,89.68752420087199,11,768.1900024414062
2022-09-08,237364471.97054863,82.56203793419458,10,248671037.93313885,82.57852509313824,10,777.8099975585938
2022-09-13,235663849.0698611,90.4584910273742,11,246886385.22507638,90.48520575039575,11,796.7899780273438
2022-09-14,234250437.47129864,90.48763615344205,11,245404223.5616076,90.51226204214684,11,782.9299926757812
2022-09-15,241502755.54942364,90.77329205882975,11,253001972.27840447,90.79718254393352,11,781.3800048828125
2022-09-16,233489202.89317364,90.45662341199629,11,244600926.90731072,90.48110325524135,11,770.0399780273438
2022-09-19,227280318.37567362,83.20468260638036,10,238093472.13824823,83.20844757733825,10,751.9099731445312
2022-09-20,233475401.68504864,76.17602148107338,9,244585725.99926385,76.18184615188672,9,760.3499755859375
2022-09-21,229698923.09129864,75.78433159553167,9,240628928.4016076,75.79019077382041,9,754.8900146484375
2022-09-22,231381781.06004864,75.96045406445022,9,242393624.51488885,75.96644522906948,9,751.4099731445312
2022-09-23,226225697.470608,68.22871217804679,8,236991926.26356113,68.23498274796042,8,729.3599853515625
2022-09-26,217852639.320608,59.56491525862586,7,228220417.56356114,59.56723830905199,7,692.3699951171875
2022-09-27,219687811.580608,36.00348122680366,4,230143740.24356112,36.014210037728326,4,698.1099853515625
2022-09-28,213911791.580608,34.27545506408946,4,224090340.24356112,34.28574829084254,4,673.8699951171875
2022-09-29,214381134.080608,24.76724466810387,3,224581506.24356112,24.77882125327293,3,675.0700073242188
2022-09-30,214164277.44060802,17.534128683255247,2,224354165.6035611,17.538430763763557,2,672.6500244140625
2022-10-04,214624717.44060802,17.711044866264736,2,224836565.6035611,17.71535688293272,2,696.7899780273438
2022-10-05,214771477.44060802,17.767275457027264,2,224990665.6035611,17.771715058816703,2,685.3400268554688
2022-10-06,215396508.24060804,9.126331787162172,1,225645511.2035611,9.130471902635772,1,706.010009765625
2022-10-07,214790148.24060804,8.869792286124113,1,225010011.2035611,8.87382738803401,1,698.489990234375
2022-10-11,214496748.24060804,8.745139566851844,1,224702511.2035611,8.74912340529661,1,669.5
2022-10-12,214751028.24060804,8.853191603207836,1,224969011.2035611,8.857219887040419,1,671.6699829101562
2022-10-13,214516308.24060804,8.75346035646785,1,224723011.2035611,8.757447621673796,1,651.5900268554688
2022-10-14,214672788.24060804,8.8199720864381,1,224887011.2035611,8.82398671839602,1,678.239990234375
2022-10-17,214653228.24060804,8.811663423388364,1,224866511.2035611,8.815674639099424,1,682.0
2022-10-18,213773028.24060804,8.43619990249744,1,223944011.2035611,8.44005602043956,1,697.0900268554688
2022-10-19,213538308.24060804,8.335553534471195,1,223698011.2035611,8.339367837751714,1,690.5599975585938
2022-10-20,213949068.24060804,8.511539755583582,1,224128511.2035611,8.51542710809599,1,680.4400024414062
2022-10-21,213225348.24060804,8.201013690111413,1,223370011.2035611,8.204771939281624,1,674.47998046875
2022-10-24,213244908.24060804,8.209433999824954,1,223390511.2035611,8.21319576250091,1,688.5
2022-10-25,212931948.24060804,8.074523406216173,1,223062511.2035611,8.078228790115192,1,688.8499755859375
2022-10-26,213538308.24060804,8.335553534471195,1,223698011.2035611,8.339367837751714,1,683.1699829101562
2022-10-27,213714348.24060804,8.411059036505268,1,223882511.2035611,8.414904718873073,1,695.0900268554688
2022-10-28,213323148.24060804,8.24309979719896,1,223472511.2035611,8.246875600378683,1,687.6300048828125
2022-10-31,214242468.24060804,8.636831040995611,1,224436011.2035611,8.640770211519555,1,695.3300170898438
2022-11-01,215494308.24060804,9.16757391937335,1,225748011.2035611,9.171730855839046,1,700.0499877929688
2022-11-02,214751028.24060804,8.853191603207836,1,224969011.2035611,8.857219887040419,1,697.3699951171875
2022-11-03,215044428.24060804,8.977549503584113,1,225276511.2035611,8.981628795607945,1,694.1300048828125
2022-11-04,215983308.24060804,9.373224331505872,1,226260511.2035611,9.37746489086252,1,693.8900146484375
2022-11-07,214848828.24060804,8.894681975457964,1,225071511.2035611,8.898727294671094,1,700.47998046875
2022-11-08,215396508.24060804,9.126331787162172,1,225645511.2035611,9.130471902635772,1,713.3300170898438
2022-11-09,215396508.24060804,9.126331787162172,1,225645511.2035611,9.130471902635772,1,714.5999755859375
2022-11-10,215689908.24060804,9.24994598159126,1,225953011.2035611,9.254136463426981,1,707.780029296875
2022-11-11,215240028.24060804,9.060266419497154,1,225481511.2035611,9.064379554183692,1,731.219970703125
2022-11-14,215024868.24060804,8.969269535102896,1,225256011.2035611,8.973345435711263,1,729.5399780273438
2022-11-15,216276708.24060804,9.496168203721437,1,226568011.2035611,9.500458553551393,1,744.9600219726562
2022-11-16,217939308.24060804,10.186597442756966,1,228310511.2035611,10.191164601814917,1,743.0999755859375
2022-11-17,217753642.44060802,17.579637048064946,2,228114407.8035611,17.560048216899464,2,737.5399780273438
2022-11-18,217016042.44060802,17.299504487219888,2,227343407.8035611,17.28046587299578,2,731.9199829101562
2022-11-21,216891142.44060802,17.251880173136268,2,227212607.8035611,17.23284653017671,2,718.5700073242188
2022-11-22,218374642.44060802,17.81401886465829,2,228767707.8035611,17.79547489060704,2,712.260009765625
2022-11-23,219139342.44060802,18.10081182056592,2,229567007.8035611,18.081692311605803,2,725.5900268554688
2022-11-24,219470442.44060802,18.22436750717528,2,229913507.8035611,18.205150449777836,2,738.219970703125
2022-11-25,219638942.44060802,18.287103167445395,2,230090207.8035611,18.267965595426553,2,733.5599975585938
2022-11-28,219188842.44060802,18.119307332334404,2,229619807.8035611,18.100529043015523,2,717.9000244140625
2022-11-29,219334942.44060802,18.173848433107647,2,229772007.8035611,18.154778903992106,2,727.5399780273438
2022-11-30,218585542.44060802,17.89331515858474,2,228987207.8035611,17.874273586108806,2,729.5399780273438
2022-12-01,219108739.88060802,25.635526921749797,3,229531534.84356108,25.61529510098571,3,740.5999755859375
2022-12-02,219005492.68060803,33.229020473075906,4,229423393.84356108,33.21042319335317,4,732.9500122070312
2022-12-05,219469272.68060803,33.370120156447356,4,229909573.84356108,33.3516602715183,4,733.3200073242188
2022-12-06,218647032.68060803,33.11955305873334,4,229048533.84356108,33.101115614118285,4,719.4400024414062
2022-12-07,218592892.68060803,33.102988442413945,4,228992293.84356108,33.084685396337974,4,718.1400146484375
2022-12-08,218037940.20060804,26.064087721482483,3,228410816.94356108,26.04425692094044,3,712.52001953125
2022-12-09,218166660.20060804,26.107710475847153,3,228544136.94356108,26.087398608139946,3,719.489990234375
2022-12-12,217998160.20060804,26.050595999406788,3,228367436.94356108,26.030208507656532,3,715.219970703125
2022-12-13,217743660.20060804,25.964163525088995,3,228102036.94356108,25.94414359159914,3,715.1599731445312
2022-12-14,218314080.20060804,26.157607401009468,3,228698256.94356108,26.137208389284556,3,729.0
2022-12-15,220300980.20060804,26.823593769846017,3,230781056.94356108,26.80382039117179,3,722.6799926757812
2022-12-16,219540940.20060804,26.570260629611003,3,229983816.94356108,26.550085484921134,3,717.4099731445312
2022-12-19,221090360.20060804,27.084862472369032,3,231605136.94356108,27.06426153892898,3,717.219970703125
2022-12-20,219401920.20060804,26.52373322293226,3,229837196.94356108,26.503229594710966,3,703.1300048828125
2022-12-21,218983620.20060804,26.383379700761555,3,229398896.94356108,26.362803311508028,3,705.7000122070312
2022-12-22,219938840.20060804,26.703105257093934,3,230397816.94356108,26.682067050600168,3,715.02001953125
2022-12-23,218304600.20060804,26.154400753594825,3,228686476.94356108,26.133403600751354,3,691.25
2022-12-26,219311800.20060804,26.493540223030326,3,229741476.94356108,26.472607736800114,3,694.6799926757812
2022-12-27,221719940.20060804,27.291907054119825,3,232263816.94356108,27.271100954735246,3,704.1900024414062
2022-12-28,221172040.20060804,27.111790416913262,3,231690916.94356108,27.091264874785754,3,692.3699951171875
2022-12-29,218731006.60060805,33.901302404463884,4,229132608.94356108,33.879272076512294,4,679.2899780273438
2023-01-02,217446886.60060805,33.510960372516195,4,227787188.94356108,33.488731457545086,4,671.510009765625
2023-01-03,217609139.40060806,24.051682821853827,3,227956348.94356108,24.024625878509415,3,674.9500122070312
2023-01-04,217428519.40060806,23.988591811132085,3,227769528.94356108,23.962309731748213,3,683.6699829101562
2023-01-05,218176520.70060807,31.587885707725434,4,228553864.54356107,31.571944821019173,4,679.9199829101562
2023-01-06,218630890.70060807,31.730063294210904,4,229031684.54356107,31.71470364231842,4,688.9400024414062
2023-01-09,221406810.2206081,25.418910982875293,3,231939590.86356106,25.40364056891885,3,701.2100219726562
2023-01-10,220691758.42060807,32.77127361600943,4,231191838.86356106,32.758249760146164,4,696.0499877929688
2023-01-11,220844658.42060807,32.81781887699797,4,231351438.86356106,32.80463712385134,4,709.77001953125
2023-01-12,218402908.42060807,32.06672040517189,4,228790938.86356106,32.052624270986655,4,710.8200073242188
2023-01-13,222166258.42060807,33.217465390394544,4,232737438.86356106,33.204799527464196,4,711.8200073242188
2023-01-16,221569658.42060807,33.0376462742209,4,232113638.86356106,33.02528898142834,4,716.8900146484375
2023-01-17,224658858.42060807,33.958420574348395,4,235352938.86356106,33.94710105843083,4,709.7100219726562
2023-01-18,224573458.42060807,33.933306516246354,4,235262138.86356106,33.921607779942136,4,711.75
2023-01-19,225612858.42060807,34.237676230312005,4,236348938.86356106,34.22545512112362,4,712.8900146484375
2023-01-20,228317058.42060807,35.01656886833111,4,239184538.86356106,35.0052308555616,4,717.969970703125
2023-01-25,228479658.42060807,35.06281502422547,4,239354338.86356106,35.051338696568884,4,732.3499755859375
2023-01-26,232969758.42060807,36.314369973831035,4,244062638.86356106,36.30428664238658,4,738.9400024414062
2023-01-27,233849298.42060807,36.5539005578932,4,244981238.86356106,36.54312485939344,4,741.25
2023-01-30,235195138.42060807,36.91695354889705,4,246392238.86356106,36.906519628791905,4,738.6199951171875
2023-01-31,238476398.42060807,37.7849299120467,4,249828338.86356106,37.774297515358676,4,740.489990234375
2023-02-01,237324898.42060807,37.483062498711455,4,248621138.86356106,37.47215559620077,4,750.9600219726562
2023-02-02,237710638.42060807,37.5845105602369,4,249025238.86356106,37.573621222893415,4,764.6199951171875
2023-02-03,237324238.42060807,37.48288863876767,4,248620138.86356106,37.471904096685535,4,766.7899780273438
2023-02-06,234916738.42060807,36.84219378401157,4,246097138.86356106,36.83086297490506,4,761.3300170898438
2023-02-07,237369038.42060807,37.494687846480765,4,248666038.86356106,37.48344584004172,4,772.7899780273438
2023-02-08,238095078.42060807,37.68528967301568,4,249426038.86356106,37.673933494731045,4,779.97998046875
2023-02-09,234793698.42060807,36.80909691416759,4,245966238.86356106,36.7972451903067,4,784.5800170898438
2023-02-10,234291238.42060807,36.673577970401084,4,245438538.86356106,36.661357428476364,4,772.4400024414062
2023-02-13,235846958.42060807,37.091298775195995,4,247071338.86356106,37.079938296927054,4,772.5499877929688
2023-02-14,235809778.42060807,37.0813799943583,4,247031238.86356106,37.06972463129553,4,779.5800170898438
2023-02-15,232661318.42060807,36.22994169044205,4,243732338.86356106,36.217967796803286,4,765.4600219726562
2023-02-16,233171223.62060806,29.492361421018074,3,244266166.86356106,29.478662937475242,3,784.7100219726562
2023-02-17,232969923.62060806,29.431438588467973,3,244055366.86356106,29.417750948348235,3,775.6199951171875
2023-02-20,234654823.62060806,29.938144426804076,3,245819766.86356106,29.92436325953742,3,788.8900146484375
2023-02-21,232926523.62060806,29.41828991171938,3,244009966.86356106,29.404618558109696,3,793.4199829101562
2023-02-22,233515423.62060806,29.59628915659376,3,244623966.86356106,29.58181118874632,3,778.510009765625
2023-02-23,236035823.62060806,30.348062807253406,3,247267066.86356106,30.334528957464485,3,783.280029296875
2023-02-24,236300423.62060806,30.426056330493083,3,247544666.86356106,30.412652776516776,3,778.8800048828125
2023-02-27,242664123.62060806,32.250585225509525,3,254217666.86356106,32.23926212964062,3,780.2999877929688
2023-02-28,244448487.34902993,47.74683229281933,5,256084776.30423295,47.73987244038067,5,791.5999755859375
2023-03-02,241422488.22559243,54.65176038205159,6,252913000.45579544,54.66450306994073,6,787.1900024414062
2023-03-03,244315750.79324868,70.11616568514236,8,255944617.65095168,70.13145893866243,8,802.4199829101562
2023-03-06,244338593.07996744,77.72762546997875,9,255970108.50017044,77.73674357866672,9,816.510009765625
2023-03-07,240736770.84793618,84.9131156639562,10,252192792.7306392,84.94234065684924,10,815.760009765625
2023-03-08,243057628.82059243,92.68046254771673,11,254626236.19079545,92.72702660401364,11,813.9500122070312
2023-03-09,238209171.80496743,99.99866076854607,12,249552122.42517045,99.99922324148595,12,809.219970703125
2023-03-10,229637444.38059244,85.79802182517618,10,240569274.75079545,85.84838524677582,10,788.5999755859375
2023-03-13,229609361.45934242,71.62955696660929,8,240544174.28954545,71.64540837507106,8,788.8900146484375
2023-03-14,226384979.88934243,56.74782782849961,6,237161925.20954543,56.74449645459827,6,758.0499877929688
2023-03-15,236550710.81902993,58.60658336932049,6,247819284.76423293,58.6046803964613,6,781.1699829101562
2023-03-16,250634486.83934242,75.66523296881704,8,262589630.63954544,75.66613560035412,8,781.97998046875
2023-03-17,250971044.86746743,68.05735469823249,7,262943972.81767046,68.08340029700877,7,797.3900146484375
2023-03-20,249870684.87527993,83.07206217757499,9,261790761.50048295,83.10695274581859,9,802.2000122070312
2023-03-21,257714316.48465493,83.58727029638128,9,270012346.3598579,83.62132782312925,9,802.530029296875
2023-03-22,262601803.01590493,83.89274038244395,9,275135652.3911079,83.92631537824387,9,813.4299926757812
2023-03-23,265550476.73465493,84.07159546754639,9,278229880.6098579,84.10507277276565,9,812.1900024414062
2023-03-24,269102853.5940299,84.28186338151366,9,281949249.7192329,84.31475271120709,9,824.1099853515625
2023-03-27,276288150.8318424,99.99509073319773,11,289471178.5629829,99.99765177787374,11,827.6900024414062
2023-03-28,275562328.3396549,99.99507780234362,11,288708042.6411079,99.99764557086738,11,833.510009765625
2023-03-29,278594728.4035563,99.99790156189789,12,291887325.4907173,99.99767121568135,11,843.9400024414062
2023-03-30,281596472.94359535,99.99792393069765,12,295032997.85399854,99.99769604542081,11,850.47998046875
2023-03-31,275308567.67797035,99.99787651434876,12,288436482.82470167,99.99764335419792,11,847.52001953125
2023-04-03,278754149.45970863,99.99790276200638,12,292044784.11181104,99.99767247126675,11,854.9600219726562
2023-04-04,272500076.7111735,99.99785462888605,12,285487187.6157173,99.99761900829213,11,857.1799926757812
2023-04-05,278946718.32152504,99.99790420981954,12,292241478.52001417,99.99767403782016,11,872.3599853515625
2023-04-06,272737088.5417399,99.9978564932395,12,285733896.10399854,99.99762106408905,11,865.5800170898438
2023-04-07,280649808.99779457,99.99791692787814,12,294027593.6567329,99.9976881672296,11,880.0700073242188
2023-04-10,287629075.68998206,93.919960353111,11,301341169.6297798,93.91180267574991,10,887.780029296875
2023-04-11,301483920.1356852,99.98008900842729,12,315862156.37392044,99.96994827511028,11,898.9400024414062
2023-04-12,293657193.6331149,94.10868942041492,12,307655290.7643189,94.14701939309484,11,890.6199951171875
2023-04-13,287991007.985548,93.37388561263278,11,301701683.5229126,93.32669693139971,11,894.25
2023-04-14,288613600.9121105,99.9964849839293,12,302367710.1658814,99.97677618932434,12,903.8400268554688
2023-04-17,295288032.341798,99.9965644342665,12,309364624.7361939,99.97730144336536,12,909.5
2023-04-18,298765740.998048,99.99660442511905,12,313010230.81822515,99.97756581170854,12,909.02001953125
2023-04-19,294098152.49882925,99.99958278743209,13,308116846.0678345,99.99746956239079,13,909.2000122070312
2023-04-20,283685943.1121105,99.99956747435535,13,297219409.84517825,99.99737678486163,13,885.7100219726562
2023-04-21,279442311.02070427,81.87336666039049,11,292777825.246772,81.89516431858335,11,868.8200073242188
2023-04-24,283009320.54414177,82.10183218804849,11,296515998.7702095,82.12341175774736,11,855.22998046875
2023-04-25,284603891.9577355,82.19930277623273,10,298186572.325522,82.20479828493889,10,838.7100219726562
2023-04-26,273186446.36325896,74.28377872109274,9,286228825.18386185,74.3026722765905,9,830.4400024414062
2023-04-27,286189463.7187277,69.46554393887683,8,299855010.6643306,69.48452218836091,8,850.2100219726562
2023-04-28,285005653.2734152,69.33871484755204,8,298618207.4690181,69.35813458197947,8,842.8300170898438
2023-05-02,293649919.2156027,77.5891549956666,9,307683234.7612056,77.60831327068179,9,855.6099853515625
2023-05-03,289534876.06325895,77.27063863754341,9,303372937.35886186,77.29017405238591,9,843.1799926757812
2023-05-04,289093073.3507589,69.76256440959469,8,302911197.1463618,69.79794853798107,8,845.0599975585938
2023-05-08,286228927.60466516,69.45999393482192,8,299906790.0252681,69.4953903382268,8,842.280029296875
2023-05-09,284454823.1874777,77.00618877970274,9,298046868.7330806,77.04574245749542,9,835.8499755859375
2023-05-10,281209558.97185266,69.6887567896329,8,294646350.9224556,69.73039895212067,8,829.739990234375
2023-05-11,274486808.51356286,68.92677668971714,7,287599750.33916575,68.97004936998458,7,824.5399780273438
2023-05-12,269875650.65137535,61.085994756024995,6,282769638.15197825,61.126298268553434,6,822.4299926757812
2023-05-15,265964385.29981285,60.51372640426915,6,278671635.92541575,60.55464153814679,6,814.530029296875
2023-05-16,270534797.90754724,55.46727118308863,6,283480280.1444001,55.504305244742845,6,816.75
2023-05-17,274501735.90754724,63.55953248279732,7,287638394.1444001,63.573748749340965,7,834.1900024414062
2023-05-18,275451555.90754724,63.68518755395185,7,288633534.1444001,63.69933782816035,7,835.8900146484375
2023-05-19,274581475.90754724,63.57011499886188,7,287719854.1444001,63.58406184516711,7,841.719970703125
2023-05-22,272893199.9553753,99.99811620360963,12,286002709.7281501,85.82219167899056,10,852.0399780273438
2023-05-23,275744984.2034222,99.99813568603426,12,289664258.6344001,86.00140860687651,10,859.1599731445312
2023-05-24,276122440.6409222,99.99813823453162,12,290023063.6344001,86.01872710741873,10,855.4600219726562
2023-05-25,274286601.8225628,99.99812577347338,12,287892135.3531501,85.91524011991166,10,847.719970703125
2023-05-26,276574137.0784222,99.99814127513706,12,288987811.43440014,93.5944257696307,11,843.22998046875
2023-05-30,282433527.0784222,99.99817983640133,12,295364231.43440014,93.73271140914655,11,851.5
2023-05-31,285660350.21709406,99.9982003969937,12,298879169.09065014,93.80641721051639,11,856.9400024414062
2023-06-01,290964788.77178156,99.99823320468705,12,304199449.71565014,93.91473955805851,11,863.780029296875
2023-06-02,293875126.56670344,99.99825070181666,12,307666974.87190014,93.98332278404028,11,868.0599975585938
2023-06-05,293665441.91045344,99.9982494527729,12,307560663.5719001,99.99593414255096,12,870.280029296875
2023-06-07,295070246.90264094,99.99825778698317,12,308934149.1969001,99.99595221888463,12,880.719970703125
2023-06-08,299442520.4690472,99.99828322569478,12,313422936.3844001,99.99601019048114,12,876.1300048828125
2023-06-09,305336606.74834406,99.99831636556617,12,320345422.7906501,99.99609640804566,12,883.7100219726562
2023-06-12,312767090.4866253,99.99835636407836,12,326865316.2281501,99.9961742719312,12,885.760009765625
2023-06-13,323456503.85771906,99.99841068205801,12,336298428.6906501,99.99931322065372,13,896.8099975585938
2023-06-14,330313032.2678753,99.99844367259293,12,342381868.3781501,99.99932542334645,13,871.8300170898438
2023-06-15,343350039.20146906,99.99850276637152,12,352032206.1906501,99.99934391566751,13,878.0399780273438
2023-06-16,354451076.3664691,99.99995745752787,13,361326686.1906501,99.99936079225854,13,887.9500122070312
2023-06-19,353312895.2727191,99.99995732047928,13,356294688.6906501,99.99935176464219,13,888.6099853515625
2023-06-20,356833082.3977191,99.9999577415162,13,359856708.6906501,99.99935818116091,13,886.4099731445312
2023-06-21,351582954.5852191,99.99995711047752,13,354570937.2706501,95.32257541020893,12,875.7000122070312
2023-06-22,350049521.0227191,99.99995692259486,13,354118507.2706501,95.31659942430672,12,876.3800048828125
2023-06-23,352843326.3664691,99.99995726368077,13,355698284.7706501,95.33740000493852,12,874.8400268554688
2023-06-26,349720752.89381284,99.99995688209835,13,352783141.8831501,99.99713563179459,13,879.5
2023-06-27,347622421.80006284,99.99995662182849,13,349812066.84315014,99.99890727950451,14,874.1400146484375
2023-06-28,350980288.23756284,99.99995703683216,13,354122696.84315014,99.99892058086527,14,866.969970703125
2023-06-29,360472348.7336566,99.99995816815051,13,358289839.65565014,99.99893313520869,14,861.7899780273438
2023-06-30,358248908.23756284,99.9999579085248,13,355777431.84315014,99.99892560128664,14,868.239990234375
2023-07-03,370428125.36256284,99.9999592924403,13,364637306.84315014,99.99895170678414,14,889.2899780273438
2023-07-04,374555448.92506284,99.99995974100744,13,371986591.84315014,99.99897241776075,14,890.0
2023-07-05,367462453.98756284,99.99995896390266,13,367327636.84315014,99.99895938454753,14,891.1799926757812
2023-07-06,353310997.4602191,99.99995732025003,13,356884826.53065014,99.99892893508886,14,870.530029296875
2023-07-07,354992377.5164691,86.84510734597846,11,360524961.6306501,91.61238935263248,13,867.27001953125
2023-07-10,343664172.0125629,86.41148248920658,11,346608949.4431501,91.27563494343359,13,860.3499755859375
2023-07-11,359415281.4039691,99.98403813215,13,357551091.4306501,99.05237742259632,14,878.72998046875
2023-07-12,366791931.13321906,99.9857540240624,13,363574864.96065015,99.16423790778853,14,879.8800048828125
2023-07-13,376036889.8043128,99.9960566660739,14,373912622.0731501,99.99806901459756,15,893.0700073242188
2023-07-14,368518147.37821907,99.99973930449364,15,368917774.2606501,99.99804287061946,15,896.280029296875
2023-07-17,364589191.5157191,94.16480825396792,14,360983987.3806501,94.05860119342796,15,898.2899780273438
2023-07-18,370517436.56025034,99.99514184530221,15,369704725.6781501,99.99705422262858,16,914.1400146484375
2023-07-19,374937662.2481253,99.94918165484621,15,373501127.0380564,99.97443194865603,16,923.719970703125
2023-07-20,383397500.1645316,99.99164816794604,16,372361862.8349314,99.97435372161792,16,931.5999755859375
2023-07-21,372952916.1857816,99.96056822485346,16,365361584.0693064,99.99607650049802,17,934.5800170898438
2023-07-24,375370448.19255894,99.99850361073098,17,368720288.34993136,99.99867484917816,18,929.9000244140625
2023-07-25,396763791.3245902,99.97491761968158,16,385889333.73318136,99.9629723629443,15,939.9600219726562
2023-07-26,380364844.88460386,99.94296227173652,15,366728183.7239314,99.96249859431722,14,900.6300048828125
2023-07-27,392422997.8135663,89.15833474322041,13,377259179.2369095,88.19948945259381,12,883.7899780273438
2023-07-28,397529623.8135663,78.42289513151017,12,381293707.1369095,91.03683158226421,13,913.739990234375
2023-07-31,397820190.83356637,99.99680487972726,15,384304167.1369095,91.10704487241894,13,935.969970703125
2023-08-01,407317096.3135663,99.99989533619626,16,386232451.2969095,99.99873876550426,15,939.6699829101562
2023-08-02,392212436.3135663,99.99989130544398,16,367762458.0969095,93.09321070226908,14,909.760009765625
2023-08-03,394807404.11356634,99.97990814945722,15,369189653.4969095,92.324431839164,14,920.3200073242188
2023-08-04,382409054.11356634,99.97925673759211,15,375739263.4969095,92.45822668805476,14,918.4299926757812
2023-08-07,387564999.9535664,99.99816806121109,16,375573714.0769095,99.99969804145846,16,898.219970703125
2023-08-08,390712988.05356634,93.06811166209474,15,382194184.0769095,99.99970327206516,16,892.3400268554688
2023-08-09,391258188.05356634,86.32977412699061,14,378063354.0769095,99.99970002992957,16,908.97998046875
2023-08-10,397262632.35356635,99.9933740675758,16,368565223.28690946,92.71628694441098,14,911.2899780273438
2023-08-11,414479286.6895664,99.94716583033247,14,376563389.0289095,93.26815092293442,14,912.2000122070312
2023-08-14,406833881.6895664,99.99974149410517,15,368239649.0289095,99.9812027224412,15,901.6799926757812
2023-08-16,427881900.25175387,95.17556123607457,14,369969353.0486595,99.99594183821287,15,878.2899780273438
2023-08-17,446981228.56956637,90.79264722116599,12,373196711.1789095,91.53873808824336,12,886.0399780273438
2023-08-18,447098110.6695664,98.1679388764807,12,370617087.1789095,85.36528966007265,11,877.3200073242188
2023-08-21,414167190.6695664,98.0222695437743,12,360852807.1789095,84.96929049743595,11,888.7100219726562
2023-08-22,433673484.6695664,99.99959308797315,13,368371329.2889095,92.54659711386607,11,893.3300170898438
2023-08-23,417829774.6695664,99.99957765825383,13,359395239.2889095,92.36044435556975,11,882.8699951171875
2023-08-24,436970334.6695664,95.36212116438259,12,370352819.2889095,92.58647488045956,11,901.739990234375
2023-08-25,426548604.6695664,95.2488053066623,12,364614749.2889095,92.46980563938897,11,899.3800048828125
2023-08-28,425377483.46956635,89.06285939488498,11,367186269.3489095,85.65288962402593,10,909.3800048828125
2023-08-29,432940754.46956635,96.6344460947276,12,376840132.3489095,93.33747119968015,11,916.239990234375
2023-08-30,437748754.46956635,96.67141155267882,12,383689232.3489095,93.4564016312873,11,923.8099975585938
2023-08-31,429195489.26956636,89.22054391850597,11,395244382.3489095,93.64770671762622,11,928.4000244140625
2023-09-01,426100547.9926621,99.99906935169092,13,397424282.3489095,93.68254949080658,11,919.739990234375
2023-09-04,422928442.499498,99.99906237151575,13,389917106.3489095,99.99512554114708,12,919.1599731445312
2023-09-05,436116133.80096775,97.14381495304816,12,399217215.7889095,99.99781928519984,13,921.47998046875
2023-09-06,431140540.72096777,99.99772447263916,13,395557286.7889095,91.5546299095896,12,917.9500122070312
2023-09-07,424522419.62096775,93.2505426576645,12,390438432.1719251,92.58785784979557,12,906.3599853515625
2023-09-08,430638193.6453115,99.99495039310091,13,392858108.7578626,92.63351043125607,12,914.1799926757812
2023-09-11,437783228.3601552,99.99503280744264,13,388599637.1719251,92.5527847086463,12,912.5499877929688
2023-09-12,427788577.040499,98.76768233663007,12,377138971.8347376,75.8235052086934,10,898.0399780273438
2023-09-13,418989408.743624,98.7418025165465,12,370638602.75448763,83.23930621980782,11,882.719970703125
2023-09-14,434154993.00928336,92.87421756423647,11,377375552.15292513,83.53851994797775,11,899.469970703125
2023-09-15,427733179.06397086,99.99017524524568,12,373611716.68417513,98.41186746188735,13,899.030029296875
2023-09-18,426581936.50928336,99.99014873058391,12,370987470.15292513,98.40063352101438,13,891.2899780273438
2023-09-19,426356906.6717834,95.94018437018757,12,370400157.6626126,82.45638535120372,11,883.8900146484375
2023-09-20,421055841.5624084,95.88907156076581,12,361886642.81248295,74.81478944334525,10,882.719970703125
2023-09-21,408280092.5624084,88.65346212569385,11,355132774.4124829,68.00322224364692,9,860.6799926757812
2023-09-22,399644424.84928334,67.65472904455116,8,353352390.7249829,60.65340316971485,8,857.3499755859375
2023-09-25,390118709.2517834,67.23698097920393,8,351961878.4749829,60.49795472988556,8,839.1699829101562
2023-09-26,375901018.3799083,57.24888923992465,7,343735592.06248295,43.80739602501735,6,827.8200073242188
2023-09-27,381520131.19397086,50.619568808529735,6,346465573.4762329,36.98540461085389,5,841.02001953125
2023-10-04,389864680.42053336,58.93940233488904,7,344674831.3199829,44.1120790424349,6,807.4000244140625
2023-10-05,397540275.52990836,59.73218873170438,7,343834689.3824829,43.97551985383044,6,801.02001953125
2023-10-06,408390871.95647085,49.40682535924343,4,348961942.8262329,27.746977550991893,3,816.3900146484375
2023-10-10,415173451.71928334,57.565184330483774,5,349206406.844983,35.24559336360821,4,795.0
2023-10-11,423007149.16459584,58.3510374957532,5,352893352.813733,35.922132030611266,4,817.1199951171875
2023-10-12,410722742.11772084,64.8122339900958,6,349169424.7012329,42.80573132667313,5,835.489990234375
2023-10-13,413831139.78178334,65.07653882159407,6,351035536.7949829,43.109777228803026,5,822.780029296875
2023-10-16,398922149.00440836,72.32432893150141,7,342777955.3524829,42.558404811575144,5,810.5399780273438
2023-10-17,405087544.55128336,72.74555012543249,7,344402795.6649829,42.82940557188038,5,820.3800048828125
2023-10-18,396702139.44190836,72.16945138406216,7,341219837.6024829,42.29610831181635,5,808.8900146484375
2023-10-19,385846011.77784586,71.38641364487859,7,336562375.5087329,41.49758266618131,5,784.0399780273438
2023-10-20,383613800.5325334,50.21170309495994,6,334438679.90525794,24.841669038861028,3,769.25
2023-10-23,384022133.147424,41.243219160807485,5,336279379.90525794,25.253064884301047,3,763.6900024414062
2023-10-24,388530683.94742405,35.21839217684965,4,338428479.90525794,25.72772540430846,3,784.8599853515625
2023-10-25,394922363.94742405,36.26685978691945,4,343248029.90525794,26.770583366600242,3,770.8400268554688
2023-10-26,388110155.84742403,42.36392104736294,5,337605105.105258,32.754999355096466,4,743.8499755859375
2023-10-27,387326041.747424,34.74482360980961,4,338060728.40525794,25.557301614882345,3,748.489990234375
2023-10-30,385866050.247424,27.440760837110435,3,336135206.40525794,18.090964243324432,2,757.1199951171875
2023-10-31,386687120.247424,27.59482910414078,3,336579806.40525794,18.19916074413759,2,736.0999755859375
2023-11-01,388378450.247424,27.910142782366943,3,337539506.40525794,18.43173875039798,2,739.22998046875
2023-11-02,388504950.247424,27.933615757247242,3,336711206.40525794,18.231083145512265,2,772.8400268554688
2023-11-03,387906716.1301193,42.930238567069104,5,336542033.5015861,33.28701341415337,4,782.0499877929688
2023-11-06,390938088.98922086,50.59337979284004,6,338508671.02850014,40.90009122577422,5,839.4500122070312
2023-11-07,397368528.52906466,66.04885807856179,8,343738350.73475015,49.05822664349413,6,824.3699951171875
2023-11-08,396824748.41500217,73.56600255124921,9,343804040.7917814,56.618777712093426,7,811.02001953125
2023-11-09,394823105.42704904,73.4130274498792,9,342936430.16339076,56.49615187104517,7,802.8699951171875
2023-11-10,397178366.1497053,73.57068772928635,9,343484922.07745326,56.56562073967852,7,789.3099975585938
2023-11-13,392735612.06767404,73.27171067864965,9,339753955.31964076,56.088651383975154,7,774.4199829101562
2023-11-14,393761371.44267404,73.34133861916763,9,340921959.06964076,56.23909232357035,7,794.1900024414062
2023-11-15,402319568.48368967,73.90842532043538,9,348179977.448547,57.1513144292774,7,809.3599853515625
2023-11-16,401847160.92157245,88.84856075170141,11,345888637.9977658,71.91785578602196,9,811.1099853515625
2023-11-17,403055370.9020412,88.88198861588353,11,346617945.9358908,79.47343398213535,10,799.0599975585938
2023-11-20,404969697.0348537,88.93454439942327,11,348693479.0608908,79.5956145512338,10,813.0800170898438
2023-11-21,402130823.29657245,88.85642695732055,11,346091027.83042204,79.44218261065163,10,817.010009765625
2023-11-22,400374800.8551662,88.80755184255658,11,344693191.65854704,79.35881438216018,10,814.6099853515625
2023-11-23,398486605.1832912,88.7545173568457,11,343465877.6937033,79.2850567922365,10,815.97998046875
2023-11-24,397428001.7735256,96.17996201741384,12,342370045.2171408,86.67756112443523,11,815.0
2023-11-27,393998300.18538105,82.24900315387885,10,339169209.49800014,72.60773241040127,9,810.25
2023-11-28,394681464.47514665,83.04957259428365,10,340155578.8844064,65.86261890866135,8,816.4400024414062
2023-11-29,390133487.449756,97.93924147034076,12,337327473.0117501,80.62990562735966,10,822.4400024414062
2023-11-30,397565971.83452165,97.97776729165739,12,343828887.32815635,80.99617214394887,10,831.6799926757812
2023-12-01,397461489.91577166,91.36403531145827,11,344559359.0806564,74.44144557785636,9,827.239990234375
2023-12-04,388243649.8493654,99.28561306263373,12,336529971.2290939,89.15208616519715,11,828.52001953125
2023-12-05,375231319.59725606,99.81069821196736,12,326690004.3667501,89.3669062712573,11,813.3800048828125
2023-12-06,377638532.49725604,92.0057515588732,11,328753017.5667501,88.50406975836303,11,819.5399780273438
2023-12-07,374842152.49725604,91.94611323829781,11,326436147.5667501,88.42247776526584,11,813.2000122070312
2023-12-08,381280272.49725604,92.0821073958204,11,331661737.5667501,88.60489068048018,11,830.3699951171875
2023-12-11,383026272.49725604,92.11820058701787,11,333314687.5667501,88.66140047933484,11,835.25
2023-12-12,385332720.49725604,99.8626743930354,12,334948307.5667501,96.41683886867875,12,839.530029296875
2023-12-13,388163524.197256,99.9974304135669,13,335604882.16675013,99.99997551681918,13,829.3099975585938
2023-12-14,394301624.197256,99.99747041436203,13,341458612.16675013,99.99997593654189,13,840.5900268554688
2023-12-15,389047914.48325604,99.99762381883775,13,336801882.16675013,99.99997560383285,13,838.3099975585938
2023-12-18,394191234.48325604,99.99765482272376,13,341205762.16675013,99.9999759187097,13,850.9600219726562
2023-12-19,388318194.48325604,99.99761935356433,13,335671632.16675013,99.99997552168779,13,858.2999877929688
2023-12-20,388516294.48325604,99.99762056742863,13,336001032.16675013,99.9999755456852,13,862.97998046875
2023-12-21,393241256.98325604,89.92384286246364,12,339794007.16675013,90.26871679036906,12,859.4400024414062
2023-12-22,389923966.4443498,97.31900426223113,13,336881077.57450014,97.66893596590818,13,854.6199951171875
2023-12-26,392469586.7465412,99.88121952640704,13,338538173.17239076,96.81942398601339,13,848.3400268554688
2023-12-27,401296957.5932209,99.88383235281877,13,345884084.7153595,96.88697329252068,13,859.7899780273438
2023-12-28,404034326.02388495,99.99324284297461,14,348224146.31301576,96.90789279028607,13,866.5700073242188
2024-01-02,405749019.8168537,99.99327139869415,14,348424060.88364077,97.229629796625,13,878.9299926757812
2024-01-03,395455508.9300568,93.27653662335288,14,339617582.51645327,93.1908565531971,13,871.5700073242188
2024-01-04,388020119.73525214,93.89018852681622,14,332785122.3332345,93.74172567148157,13,866.25
2024-01-05,385975354.198924,93.86639671774363,14,331065932.187922,86.0847594992167,12,878.3300170898438
2024-01-08,386870246.2471662,99.98970647284659,15,333141101.3496408,99.9828958120512,14,879.3400268554688
2024-01-09,389967392.3379865,99.98978822470075,15,336102319.15042204,99.98304650790463,14,884.6400146484375
2024-01-10,384052287.67732245,94.48225754831321,15,330116977.1252658,92.73192671002646,14,875.4600219726562
2024-01-11,375581143.2400178,92.06797353912744,14,323224303.874797,90.53751745971527,13,882.530029296875
2024-01-12,371923314.70388496,91.98996285361545,14,320066902.82401574,90.44417181212697,13,868.0800170898438
2024-01-15,375805701.56911933,99.51760959020137,15,322288049.94120324,97.97556306499735,14,859.7100219726562
2024-01-16,375287325.29650176,77.6471601532472,11,321466156.31932044,67.41311551852324,9,854.8300170898438
2024-01-17,369667441.3965018,69.97301399621188,10,317112700.81932044,59.613150411218875,8,833.0499877929688
2024-01-18,372318726.85822046,63.1705899550667,9,318999322.78807044,59.852005832656296,8,840.3300170898438
2024-01-19,388248034.9044548,57.946786531801855,8,331051245.60504544,54.48641030494613,7,842.6699829101562
2024-01-22,402465238.9044548,67.0579851155967,9,341996561.60504544,63.48365579497597,8,839.6900024414062
2024-01-23,393488843.80445486,89.7364170699272,12,335185216.14504546,78.22633498445714,10,840.1099853515625
2024-01-24,401709977.4744549,86.8721215723828,12,341120231.51104546,80.05405565959745,10,836.2100219726562
2024-01-25,397878657.4744549,86.74570840034548,12,337638291.51104546,79.84836044319943,10,823.739990234375
2024-01-26,381282964.67445487,86.71917988318992,12,323783375.01104546,79.5021903120315,10,837.239990234375
2024-01-29,375200665.54245484,65.21852503812032,8,318729663.1110455,57.68982347147842,6,819.1400146484375
2024-01-30,373703695.7424548,54.64933377077082,6,316683437.4310454,50.39734988816751,5,818.8599853515625
2024-01-31,363386635.7424548,53.36176428277639,6,308346407.4310454,49.056199895510865,5,799.239990234375
2024-02-01,360275852.6224548,30.443267069285678,2,306291436.3610455,26.1494513041457,2,798.72998046875
2024-02-02,360609112.6224548,30.507548519767937,2,306522356.3610455,26.205086948172784,2,814.77001953125
2024-02-05,355736152.6224548,29.555624084006393,2,302256986.3610455,25.163712811305395,2,807.989990234375
2024-02-06,361666324.6224548,37.83477495253211,3,307206022.5610454,33.49827882347288,3,807.030029296875
2024-02-07,360980648.75045484,46.00213905504838,4,306827051.3670454,41.69671136556801,4,811.9199829101562
2024-02-08,371105310.8504548,40.985077699761405,3,313666567.54704547,36.44487867928556,3,826.5800170898438
2024-02-13,379242631.45045483,57.20824137577052,5,319443218.74704546,52.59999904178717,5,845.1500244140625
2024-02-14,387031467.05045485,72.34407892821255,7,325883376.74704546,67.82064252745099,7,853.2999877929688
2024-02-15,382450347.05045485,79.79405231386548,8,322392640.74704546,75.22608439138901,8,859.2100219726562
2024-02-16,372106964.05045485,86.90046982193928,9,313831426.74704546,82.18966553910565,9,857.5999755859375
2024-02-19,383905314.05045485,80.62857914994085,8,320931556.74704546,75.83253964390353,8,858.469970703125
2024-02-20,400326475.05045485,88.6678678833976,9,335810283.74704546,84.12016060019941,9,866.1699829101562
2024-02-21,391307798.2704548,96.01651223426903,10,328012005.76704544,91.3547963890124,10,864.0700073242188
2024-02-22,411887187.8441423,99.99312074975174,11,345350708.22142047,98.81557835656793,11,870.1099853515625
2024-02-23,402301365.7816423,99.99295683465124,11,341280145.8964205,99.99922370698901,12,868.5700073242188
2024-02-26,400152300.2660173,99.99291900849414,11,342496869.33517045,98.92934902995218,11,867.4000244140625
2024-02-27,404028372.6878923,99.99298694044583,11,345359652.92892045,98.938223957888,11,853.75
2024-02-28,401391324.7347673,99.99849517166413,12,344416624.77267045,99.99690837980673,12,863.3900146484375
2024-02-29,398702808.2347673,93.79369464189429,11,341869507.71267045,93.89553893427069,12,862.9600219726562
2024-03-04,414710317.2035173,94.03325340028881,11,355360641.15017045,94.1272925087105,12,872.969970703125
2024-03-05,409313147.6213923,99.99914874249397,12,353549673.8628267,99.99510455008695,13,866.3699951171875
2024-03-06,424801076.3401423,99.99917977870435,12,365547127.43704545,99.99526522138936,13,870.6699829101562
2024-03-07,412790420.0588923,99.99915591333448,12,353581084.78079545,99.99510498498175,13,863.3699951171875
2024-03-08,421612790.23276734,99.99814115245104,12,361905003.05630326,94.36045282700111,12,873.1799926757812
2024-03-11,419735400.95151734,99.99813283821199,12,358431776.99380326,99.97887565398406,13,875.9299926757812
2024-03-12,434324399.20151734,93.85611833273121,11,369683967.49380326,93.93100151978342,13,889.7100219726562
2024-03-13,434605542.29526734,93.86009276409821,11,368646518.88130325,88.96945068348899,12,889.9299926757812
2024-03-14,439735507.0015173,84.15767118419734,10,373261168.19380325,79.2222412408742,11,887.52001953125
2024-03-15,445691940.69401735,79.31211529752146,8,377180010.3388033,78.58500069602083,10,880.4600219726562
2024-03-18,447603206.66276735,86.77582266214336,9,378275023.7763033,78.64699186786139,10,894.47998046875
2024-03-19,441523041.7527673,94.20456324149318,10,374885790.19630325,86.02951302011775,11,891.9099731445312
2024-03-20,441186201.47751737,93.16909746631023,10,373811633.5618033,86.74054898598855,11,891.4500122070312
2024-03-21,448220255.25876737,99.99388684141425,11,378896925.40430325,99.99991337570161,13,904.2899780273438
2024-03-22,447869416.0242673,94.03871886809732,11,380224951.5973033,94.11333608150244,12,903.97998046875
2024-03-25,447133822.79926735,87.99258451152326,10,380416541.8473033,87.4326281126878,11,913.6900024414062
2024-03-26,458033117.95551735,88.27831137349517,10,390055464.6598033,87.74318888814939,11,916.0900268554688
2024-03-27,463154649.70551735,88.40792898718517,10,387999162.1598033,87.67823072898476,11,911.25
2024-03-28,467545808.24926734,95.95689176130114,11,391869135.74730325,95.23286698780747,12,910.0499877929688
2024-03-29,463030505.15551734,95.9174648575976,11,388564096.05980325,95.19231881580534,12,905.5
2024-04-01,461307948.56801736,99.99772978266473,12,385431256.68480325,95.15324130806545,12,912.4500122070312
2024-04-02,447249715.78676736,99.99765842377363,12,372486375.4623033,95.50391185341537,12,891.5900268554688
2024-04-03,449356549.59926736,99.99766940238732,12,374905296.0873033,95.53292099375855,12,879.9600219726562
2024-04-04,467152591.66176736,99.9977581858253,12,386587669.2123033,95.66791258269386,12,882.9000244140625
2024-04-05,457793700.5741111,99.9976850252695,12,377862085.4998033,89.28142993726625,11,872.2899780273438
2024-04-08,443858714.5487205,99.99761234642044,12,374103562.4998033,97.8280641540783,12,860.5700073242188
2024-04-09,447064881.7850486,99.99762946969939,12,372710087.0673033,97.8182541774527,11,859.3300170898438
2024-04-11,472383139.5018455,99.99775652270374,12,391452587.3798033,97.92271477646061,11,858.0999755859375
2024-04-12,477885460.3026267,99.99778235385538,12,397583655.0198033,99.9976874313903,12,860.469970703125
2024-04-15,478049565.171783,91.21654214601273,11,399224898.24230325,99.99968475042293,13,852.4199829101562
2024-04-16,454160375.153658,93.52343329642503,11,380407692.0360533,93.37797860501311,12,832.8099975585938
2024-04-17,462901272.059908,93.64572935668531,11,386611012.3485533,93.48423144964832,12,833.030029296875
2024-04-18,484546895.825533,93.92958661144249,11,407951178.1298033,93.82507513024315,12,855.6500244140625
2024-04-19,465142285.96240795,99.99866245701139,12,391392539.0535533,99.99943986290373,13,841.9099731445312
2024-04-22,453251377.50928295,93.68091573479083,11,383710198.8973033,93.7182038934403,12,845.8200073242188
2024-04-23,443547329.57178295,93.54266510731011,11,379329702.0223033,93.64566175379906,12,845.4400024414062
2024-04-24,474159184.41553295,93.95955252594392,11,400414279.2098033,93.98026154752247,12,862.22998046875
2024-04-25,462551045.93428296,99.98996634459247,12,392215636.24730325,99.99455059084137,13,853.260009765625
2024-04-26,478707215.93428296,99.99030497630115,12,406697576.24730325,99.99474463678872,13,856.8200073242188
2024-04-29,487026873.87178296,99.99047059196877,12,415575763.12230325,99.9948569101714,13,869.719970703125
2024-04-30,489813439.74678296,99.990524805106,12,416523446.87230325,99.99486861184796,13,868.9299926757812
2024-05-02,491435319.74678296,99.99055607601487,12,417407366.87230325,99.99487947829877,13,867.47998046875
2024-05-03,494268596.65303296,99.99061021105787,12,415775377.18480325,99.99485937937258,13,865.5900268554688
2024-05-07,507054964.501283,94.05642649985202,11,426444097.9573033,88.98989617110277,12,871.260009765625
2024-05-08,494669059.90128297,99.98790102188828,12,414669598.35730326,96.36131068757491,13,872.4199829101562
2024-05-09,499238242.10128295,99.99983332581265,13,428166509.35730326,99.98621112207215,14,870.1500244140625
2024-05-10,489802382.10128295,99.99983011489667,13,435214711.8973033,93.33139916829106,14,864.1599731445312
2024-05-13,480971541.521283,88.02056118766573,13,429448277.7173033,73.85181090626625,12,854.4299926757812
2024-05-14,487448312.201283,81.89401624908311,12,436639727.03730327,75.17333391241286,12,862.1500244140625
2024-05-16,492384663.201283,89.44872737028264,13,448143727.03730327,75.81064276990764,12,870.3699951171875
2024-05-17,473727989.645283,74.64061818782609,11,432864553.7253033,58.19077765370646,9,855.0599975585938
2024-05-20,477538924.645283,74.84299531508994,11,437920713.7253033,58.673500007394985,9,847.0800170898438
2024-05-21,478174161.7052829,76.70171234096355,11,440510802.4853033,59.86620044551538,9,846.510009765625
2024-05-22,479655371.7052829,76.77365911504168,11,436023442.4853033,59.45316117005284,9,845.719970703125
2024-05-23,488109895.72528297,91.87628010156135,13,442413871.9253033,67.45174799816952,10,846.5800170898438
2024-05-24,477472519.24528295,99.99993837440458,15,440963062.4333033,90.44258101784256,13,839.4099731445312
2024-05-27,487738542.44528294,99.99720701890512,15,454565022.03330326,90.71699757175516,12,847.989990234375
2024-05-28,493950187.44528294,99.99724214189423,15,465510732.03330326,90.93527192187604,12,851.010009765625
2024-05-29,484564687.44528294,99.99718872513085,15,456440362.03330326,90.75513790118666,12,838.4500122070312
2024-05-30,492923377.44528294,99.99723639699266,15,454800372.03330326,90.72180133788164,12,831.989990234375
2024-05-31,515222632.44528294,99.99735600798081,15,473242606.53330326,98.23092502286899,13,839.97998046875
2024-06-03,517700382.44528294,99.99736866231032,15,484228986.53330326,98.27106250015302,13,844.719970703125
2024-06-04,504532980.645283,93.02394154684048,14,469863082.73330325,96.4198117810308,12,845.8400268554688
2024-06-05,505886251.645283,99.98925219946062,15,472870962.73330325,96.44258496312223,12,850.75
2024-06-07,526513400.325283,94.12680279244964,14,489251152.73330325,96.56168766505225,12,866.1799926757812
2024-06-10,552609218.1767205,99.98537136376187,15,510314934.1824283,99.98566235352381,13,864.7100219726562
2024-06-11,559181769.3954705,99.98554330688697,15,506600589.7449283,99.98555723134568,13,868.3599853515625
2024-06-12,570780841.2048454,99.97719958643484,14,516931997.5261783,99.98584588465631,13,870.6699829101562
2024-06-13,572099243.9735955,99.99609767141267,15,526178503.9886783,99.99633973052258,14,871.3300170898438
2024-06-14,575577567.4860954,99.9998031729502,16,523412719.3636783,99.99632038915645,14,862.1900024414062
2024-06-17,576309377.2829704,99.99980342288534,16,519153116.7699283,99.99629019829484,14,858.9600219726562
2024-06-18,582226508.9079704,99.99980542068626,16,527815547.5199283,99.99635108301209,14,858.9500122070312
2024-06-19,591358263.2985954,99.99980842538005,16,527790664.7386783,99.99635091098328,14,861.1699829101562
2024-06-20,574861457.6967205,99.9964019657139,15,520395731.5824283,99.99629905665834,14,857.510009765625
2024-06-21,589776149.1185955,99.99649295544143,15,534655079.7386783,99.99639776148996,14,852.6699829101562
2024-06-24,593664506.7323455,99.99837084207734,16,531296919.00117826,94.54740033959918,14,841.52001953125
2024-06-25,583917022.1378455,99.99665312885143,15,515033124.84417826,94.37330070217408,13,841.989990234375
2024-06-26,600110342.9503455,99.99674344050639,15,526097907.21917826,88.45467423730439,12,842.1199951171875
2024-06-27,609287252.7240955,99.99883336959478,16,532373155.53167826,99.99572185055884,14,838.6500244140625
2024-06-28,600000677.5209705,99.99881531294685,16,536321627.93792826,99.995753346874,14,840.4400024414062
2024-07-01,572436129.3490955,99.99875826664652,16,511962871.28167826,99.99555129474112,14,847.1500244140625
2024-07-02,560919379.1472205,94.57754706271923,15,505761485.5254283,94.53023630487826,13,829.9099731445312
2024-07-03,563497669.4920955,82.95878845694277,12,515537928.7196783,84.02552764416326,11,836.0999755859375
2024-07-04,566517040.7858455,99.97581509672587,15,515172116.43217826,90.90881565339065,12,840.8099975585938
2024-07-05,570769065.1427205,99.97824669101252,15,508989464.8784283,93.24868288671044,13,847.489990234375
2024-07-08,576871154.3427205,99.99504735882,16,520225857.6784283,99.99108163377628,14,859.27001953125
2024-07-09,588978426.1552205,99.99846660625509,17,530201180.0534283,99.9986198357428,15,860.4199829101562
2024-07-10,582559507.9958454,99.99995900704698,18,530706955.5721783,99.99972565892288,16,858.5499877929688
2024-07-11,580196454.6208454,99.99995884008881,18,530529250.6421783,96.49556735190876,15,852.4199829101562
2024-07-12,576917532.0727204,97.30257580621006,16,504258273.2984283,90.23810736010552,14,850.3699951171875
2024-07-15,586608053.6977204,97.34713613455357,16,515260396.7884283,97.95067812838057,15,852.8800048828125
2024-07-16,577748999.4183455,81.20683124892354,14,501860086.31717825,90.938566832263,13,839.6099853515625
2024-07-17,556832390.5139705,80.49947740591769,13,487471998.0059283,90.67003418181466,12,829.4099731445312
2024-07-18,543623683.3358455,65.02844737066117,11,476238816.62817824,74.51810267957946,10,822.47998046875
2024-07-19,546571238.4370954,65.19936003452244,10,485002144.22567827,74.9685623334713,9,828.719970703125
2024-07-22,534130424.44647044,79.88970028160034,12,475845353.6069282,89.9264192347721,11,809.9600219726562
2024-07-23,552831024.8527205,80.56997085647247,12,493648948.7944282,90.28972590132268,11,812.1199951171875
2024-07-24,553214907.8527205,72.78773581361557,11,491352539.7944282,82.19102173567914,10,814.25
2024-07-25,528513231.4402205,72.10859295960336,11,462573327.01942825,81.68003435061463,10,797.2899780273438
2024-07-26,529864360.0464704,72.16353543189625,10,462282952.50692827,63.28162568126837,9,797.5599975585938
2024-07-29,538608718.8277204,72.6154628234818,10,468729686.94442827,63.78663659652036,9,807.989990234375
2024-07-30,543198365.6245954,59.55164986722542,9,469209923.35067827,50.935692649211006,8,803.780029296875
2024-07-31,532036781.2558454,66.40650106530924,10,462081722.74817824,58.64020735627944,9,803.1500244140625
2024-08-01,543384236.4589704,67.10803176623972,10,468337290.34192824,59.19264890616625,9,813.530029296875
2024-08-02,525925445.2402204,66.01613934809538,10,452416814.77942824,57.75664472896411,9,779.3300170898438
2024-08-05,490491387.6895954,15.170641579815133,2,428476770.1006783,3.849593802628855,1,691.280029296875
2024-08-06,493971085.20150167,9.232572789436897,1,429513943.8488658,0.0,0,732.8699951171875
2024-08-07,496009045.20150167,9.605510314967086,1,429513943.8488658,0.0,0,748.5399780273438
2024-08-08,496195509.60150164,17.25608119040924,2,429795762.44886583,7.710197004081105,1,745.280029296875
2024-08-09,496317189.60150164,17.27636716931889,2,429853662.44886583,7.722628163939141,1,764.4299926757812
2024-08-12,495847869.60150164,17.198069252275708,2,430355462.44886583,7.830224765417941,1,772.719970703125
2024-08-13,493271769.60150164,16.765638152536237,2,429911562.44886583,7.735055975368249,1,764.8599853515625
2024-08-14,496315989.60150164,17.276167158919307,2,432246862.44886583,8.233535762034629,1,776.8300170898438
2024-08-16,498679629.60150164,17.668261298422745,2,432960962.44886583,8.384889897385966,1,786.3300170898438
2024-08-19,490945546.0615016,24.77955467280279,3,427798070.8388658,15.662062212813701,2,777.469970703125
2024-08-20,490176170.2615016,39.552787704177625,5,427178780.2388658,30.374753148423032,4,787.4400024414062
2024-08-21,490423110.2615016,39.58322435019207,5,429044730.2388658,30.677558940468003,4,779.8699951171875
2024-08-22,488097476.9015016,30.612307391655015,4,427217780.2388658,30.381109121308086,4,773.469970703125
2024-08-23,489359076.9015016,30.791193443077553,4,428315480.2388658,30.55953054206767,4,773.260009765625
2024-08-26,489897876.9015016,30.867310745746263,4,428784080.2388658,30.63541909644184,4,766.7899780273438
2024-08-27,488491508.1015016,46.06968519772887,6,427561699.6388658,45.83763002287982,6,764.9500122070312
2024-08-28,489248408.1015016,46.153119000676206,6,428210149.6388658,45.91964953792701,6,762.5
2024-08-29,483522422.9815016,38.575687731266996,5,423236338.1188658,38.39614781714705,5,756.0399780273438
2024-08-30,489541922.9815016,39.330972683063884,5,428486088.1188658,39.150909364754675,5,767.6599731445312
2024-09-02,483365337.38150156,31.681791836706214,4,423102195.9188658,31.56659343493724,4,769.2100219726562
2024-09-03,478051037.38150156,30.922325952831443,4,418460345.9188658,30.807483016561722,4,760.3699951171875
2024-09-04,472925550.18150157,16.15228865741835,2,413983040.5188658,16.04012568166398,2,731.75
2024-09-05,472533050.18150157,16.082642255564927,2,413642240.5188658,15.970951109135322,2,725.280029296875
2024-09-06,474625750.18150157,16.4526471583428,2,415461540.5188658,16.33891308332005,2,706.5900268554688
2024-09-09,473928950.18150157,16.329810611983323,2,414855740.5188658,16.21674558868508,2,714.4600219726562
2024-09-10,474856350.18150157,16.4932194694384,2,415662040.5188658,16.379268098432462,2,706.2000122070312
2024-09-11,473168009.18150157,23.68545586880759,3,414195128.5188658,23.571836865665354,3,709.4199829101562
2024-09-12,473110409.18150157,23.67616476538511,3,414141528.5188658,23.561945199986106,3,731.030029296875
2024-09-13,475974709.18150157,24.135463037006396,3,416636028.5188658,24.01959819839933,3,733.2000122070312
2024-09-19,481792596.18150157,32.810321547666284,4,421704037.9188658,32.691866238787185,4,739.510009765625
2024-09-20,484570295.11325157,40.591556410103394,5,424105301.0159908,40.45142585939559,5,748.3300170898438
2024-09-23,478453586.9132516,55.15233491923717,7,418767499.0159908,55.02289025477868,7,755.1199951171875
2024-09-24,475701715.3382516,47.84884045470606,6,416364108.9134908,47.71871460347969,6,767.3499755859375
2024-09-25,467265683.1195016,46.907301458663945,6,409002807.6478658,46.77774724295914,6,759.2999877929688
2024-09-26,471127090.6507516,47.342454838866985,6,412377607.5072408,47.2133054494433,6,779.1799926757812
2024-09-27,466601498.1820016,46.83172653916673,6,408430507.3666158,46.70317125102847,6,774.489990234375
2024-09-30,467285515.3382516,46.90955478340211,6,409030208.9134908,46.78131264486144,6,763.8800048828125
2024-10-02,465128705.7132516,46.663373496734145,6,407138807.2259908,46.53408021876118,6,762.1300048828125
2024-10-04,475724594.4632516,40.650365187801604,5,416386273.5509908,40.51490430810062,5,768.97998046875
2024-10-07,482402464.3382516,41.471938806726435,5,422211074.1134908,41.335557389202435,5,781.010009765625
2024-10-08,482740023.1632516,48.987420472805354,6,422513126.1509908,48.85341720898059,6,778.239990234375
2024-10-10,489961215.56325155,64.454241459594,8,428832466.8509908,64.32280006846985,8,775.47998046875
2024-10-11,498350721.00075155,65.0526379743135,8,436166514.8822408,64.92270466680654,8,770.97998046875
2024-10-14,499116202.80075157,80.19478993648036,10,436837177.78224075,80.06458380858051,10,770.260009765625
2024-10-15,507635132.4007516,87.91581426099484,11,444275205.0072408,87.7873365521588,11,773.8099975585938
2024-10-16,501822587.58075154,93.55340751764271,12,439201800.1222408,93.54427695837101,12,765.7899780273438
2024-10-17,505398116.95575154,93.59901508921058,12,442295812.9347408,93.58943698299846,12,765.0599975585938
2024-10-18,499497342.19575155,93.2500117172719,12,437115827.5372408,93.26144325047775,12,753.219970703125
2024-10-21,506868530.9032516,99.99990617078738,13,443558025.3334908,99.99981361181771,13,759.9500122070312
2024-10-22,488214848.0307516,86.31128727438005,11,427222815.4197408,86.3094213818436,11,738.3400268554688
2024-10-23,480431671.30575156,67.95194600466627,8,420412744.7022408,67.84203242090243,8,745.1900024414062
2024-10-24,483423348.36825156,75.67610587538721,9,423028820.8209908,75.56647550889232,9,734.5900268554688
2024-10-25,477834874.6737516,62.14010019208646,7,418134281.2782408,62.038319309648784,7,727.4099731445312
2024-10-28,478146482.6312516,55.22819144445178,6,418406559.9294908,55.124762117166135,6,740.47998046875
2024-10-29,487979718.1937516,56.13038414564732,6,427005237.3982408,56.02842245454052,6,744.1799926757812
2024-10-30,492802482.6312516,56.55970995200181,6,431227239.9294908,56.4589335505704,6,738.1900024414062
2024-10-31,493703538.0687516,56.63899257109634,6,432026387.9607408,56.539474365903075,6,743.0599975585938
2024-11-01,464992052.5062516,53.96161575990087,6,406921390.4919908,53.858179129210356,6,729.0499877929688
2024-11-04,491422309.0687516,49.50959811146086,5,430032879.9607408,49.43283613439208,5,754.0800170898438
2024-11-05,488413908.4437516,49.19860091426398,5,427403482.7732408,49.121745645411146,5,751.8099975585938
2024-11-06,486464595.20125157,42.38819578991007,4,425681508.9944908,42.3072287410729,4,743.3099975585938
2024-11-07,483485937.70125157,56.903860817664444,6,423071921.4944908,56.829309037915166,6,733.52001953125
2024-11-08,484193299.30125153,64.635930632279,7,423703387.89449084,64.56213887694213,7,743.3800048828125
2024-11-11,491656779.9137516,58.71125990078638,6,430229972.1382408,58.630510865814045,6,728.8400268554688
2024-11-12,486989814.8637516,66.12237048840348,7,426153900.86324084,66.03424282107132,7,710.52001953125
2024-11-13,483141869.63825154,66.6830065729399,7,422782346.58199084,66.59395873135139,7,689.6500244140625
2024-11-14,483605305.20075154,66.71493401340351,7,423193744.05074084,66.626433598979,7,681.5599975585938
2024-11-15,489474762.2132516,60.43736217877079,6,428315993.8694908,60.35027282275913,6,685.4199829101562
2024-11-18,484311712.5882516,60.015601033917854,6,423818232.1819908,59.92949096328254,6,689.5499877929688
2024-11-19,479405168.0882516,49.970594944316524,5,419531603.4319908,49.9474794489991,5,686.1199951171875
2024-11-20,475977811.81075156,41.991856613994635,4,416541606.9407408,41.9693029368542,4,682.9099731445312
2024-11-21,471068284.8902516,33.875099453400345,3,412247126.94299084,33.86974483858777,3,680.6699829101562
2024-11-22,468445684.8902516,33.504898233136906,3,409951176.94299084,33.499379370997076,3,677.010009765625
2024-11-25,479018574.8902516,34.972577010898135,3,419203026.94299084,34.96705428606898,3,696.8300170898438
2024-11-26,474936934.8902516,34.413726958878975,3,415631426.94299084,34.40821379939006,3,693.1500244140625
2024-11-27,467527354.8902516,33.37428673807285,3,409148226.94299084,33.36887245487766,3,692.0
2024-11-28,465562698.4902516,40.63955093772653,4,407429288.1429908,40.63404002068135,4,694.3900146484375
2024-11-29,467389184.6822516,34.02502779522252,3,409027674.30299085,34.02154884437424,3,678.1900024414062
2024-12-02,466902544.6822516,33.95626385114168,3,408601844.30299085,33.952788499193886,3,675.8400268554688
2024-12-03,468105247.6822516,41.92363169857298,4,409654119.30299085,41.919571147528856,4,690.7999877929688
2024-12-04,471444377.6822516,42.33497299961836,4,412576169.30299085,42.330922868145876,4,677.1500244140625
2024-12-05,470357547.9822516,49.658792763502895,5,411625402.00299084,49.64985372756831,5,670.9400024414062
2024-12-06,466779597.9822516,49.27291830966982,5,408494702.00299084,49.263970625138384,5,661.3300170898438
2024-12-09,451901917.9822516,47.602862798305,5,395477072.00299084,47.59392979388109,5,627.010009765625
2024-12-10,463387307.9822516,48.90156378833735,5,405525722.00299084,48.892516366332416,5,661.5900268554688
2024-12-11,469756889.9822516,56.92006135558808,6,411099860.00299084,56.91000965028251,6,675.9199829101562
2024-12-12,471669119.9822516,57.094715043065236,6,412772870.00299084,57.08465771946026,6,683.3499755859375
2024-12-13,482115329.9822516,58.02436317681464,6,421914040.00299084,58.01445953262538,6,693.72998046875
2024-12-16,485773319.9822516,58.340449823459736,6,425116020.00299084,58.330695229564725,6,698.530029296875
2024-12-17,480607541.9822516,51.19189328266632,5,420595648.00299084,51.18650205302864,5,694.469970703125
2024-12-18,478019491.9822516,50.92764083541573,5,418331198.00299084,50.92227187857908,5,697.5700073242188
2024-12-19,477998101.9822516,50.9254448899545,5,418312418.00299084,50.92006854993175,5,684.3599853515625
2024-12-20,475605476.7822516,58.22457551866735,6,416219087.20299083,58.21807011023083,6,668.3099975585938
2024-12-23,480889966.7822516,58.68364480304965,6,420843197.20299083,58.677158533440846,6,679.239990234375
2024-12-24,485501846.7822516,59.07611719727141,6,424878887.20299083,59.06966139272861,6,680.1099853515625
2024-12-26,484306316.7822516,58.97509491465447,6,423832957.20299083,58.968653983248174,6,675.6400146484375
2024-12-27,480386516.3822516,45.45964396432596,5,420403183.12299085,45.454653454442315,5,665.969970703125
2024-12-30,482668006.3822516,45.71744699922048,5,422399513.12299085,45.71244378867877,5,678.1900024414062
2025-01-02,488522396.3822516,46.367962180951416,5,427522163.12299085,46.36292737482661,5,686.6300048828125
2025-01-03,488933483.1322516,53.88842329064456,6,427882334.62299085,53.88398663458438,6,705.760009765625
2025-01-06,495891863.1322516,54.535463294721566,6,433971774.62299085,54.53108101456302,6,717.9600219726562
2025-01-07,505169512.1722516,62.77739102589883,7,442090164.3429909,62.77302966294772,7,718.2899780273438
2025-01-08,501583487.1722516,62.51127140721109,7,438952134.3429909,62.50689734330055,7,719.6300048828125
2025-01-09,503547322.1722516,62.65747748174332,7,440670684.3429909,62.65311485642315,7,723.52001953125
2025-01-10,507974122.1722516,62.982903269137594,7,444544014.3429909,62.97851977914372,7,717.8900146484375
2025-01-13,511667907.1722516,63.250133624474245,7,447776109.3429909,63.24574471280532,7,708.2100219726562
2025-01-14,513220217.1722516,63.36128899825846,7,449134564.3429909,63.35691184584306,7,718.0399780273438
2025-01-15,518551172.1722516,63.73795253715295,7,453798959.3429909,63.73354963588618,7,711.6099853515625
2025-01-16,525957782.1722516,64.2485996888113,7,460280054.3429909,64.24420897883361,7,724.239990234375
2025-01-17,522383242.1722516,71.5652378980273,8,457151854.3429909,71.55971520013932,8,724.6900024414062
2025-01-20,515659217.1722516,71.19445804017626,8,451268289.3429909,71.18891523880787,8,727.6599731445312
2025-01-21,530936797.1722516,72.02333065567099,8,464637269.3429909,72.01789483507514,8,726.0700073242188
2025-01-22,529738322.1722516,71.96003650195571,8,463588864.3429909,71.95461337768508,8,732.3099975585938
2025-01-23,526448719.07225156,86.73711958207483,10,460710307.79299086,86.7320066950929,10,724.010009765625
2025-01-24,532439069.07225156,86.88633721152105,10,465952627.79299086,86.88128166965767,10,728.739990234375
2025-01-31,520029174.07225156,86.57339481062448,10,455092337.79299086,86.5682175425252,10,728.2899780273438
2025-02-03,519145844.07225156,86.55054935534953,10,454318722.79299086,86.54534587146142,10,703.7999877929688
2025-02-04,537529784.0722516,87.01053111079953,10,470405772.79299086,87.00547137632796,10,719.9199829101562
2025-02-05,532962414.07225156,86.89921423562413,10,466409117.79299086,86.89412139234352,10,730.97998046875
2025-02-06,533866664.07225156,86.92140401881282,10,467200337.79299086,86.9163166529911,10,740.3200073242188
2025-02-07,536681894.07225156,86.99000938107824,10,469664032.79299086,86.98494912853307,10,742.9000244140625
2025-02-10,531110386.07225156,96.28074942794203,11,464789615.3929908,96.27177763463169,11,749.6699829101562
2025-02-11,542328821.8722516,88.08186486399264,10,474607310.23299086,88.07650261324247,10,749.5900268554688
2025-02-12,555141386.8722516,88.35693331451697,10,485818985.23299086,88.3516717227814,10,745.1799926757812
2025-02-13,563978796.8722516,88.53937732575922,10,493552605.23299086,88.53419278249447,10,749.280029296875
2025-02-14,564025912.8722516,95.90389690526784,11,493594252.43299085,95.90183387807235,11,756.3200073242188
2025-02-17,576140007.8722516,99.95791771636429,12,504190312.43299085,99.99891956809631,12,768.47998046875
2025-02-18,587690792.8722516,99.99881181186836,13,514285777.43299085,99.9989407770485,12,773.6500244140625
2025-02-19,576445827.8722516,99.99878863339553,13,504464057.43299085,99.99892015438749,12,778.27001953125
2025-02-20,556664204.2522516,93.27382127928514,12,487166707.41299087,93.3082173069445,11,768.27001953125
2025-02-21,549883020.0522516,99.99355043691871,13,481256962.01299083,99.99378148985821,12,774.6500244140625
2025-02-24,546218900.0522516,99.99350717226221,13,478050667.01299083,99.99373978219133,12,773.3300170898438
2025-02-25,569834825.0522516,99.9937762574886,13,498718722.0929909,99.99901405486239,13,769.4299926757812
2025-02-26,565832665.0522516,99.99373223667666,13,495220177.0929909,99.9990070895294,13,771.4099731445312
2025-02-27,572012160.0522516,99.9937999478458,13,500623782.0929909,99.99901780675094,13,770.8499755859375
2025-02-28,560360915.0522516,99.99367103391779,13,490415012.0929909,99.99899736083326,13,743.9600219726562
2025-03-04,578283728.5622516,94.03202496323803,12,506086999.57299083,94.03858633032529,12,737.9000244140625
2025-03-05,589487044.5622516,99.99559030813462,13,515896027.57299083,99.99442182698591,13,746.9500122070312
2025-03-06,581354704.5622516,99.995528622707,13,508783747.57299083,99.99434384979313,13,734.9199829101562
2025-03-07,569549871.1222516,93.55469942431571,12,498442977.57299083,93.55203523390307,12,727.7000122070312
2025-03-10,564840451.1222516,93.50096101486429,12,494341747.57299083,93.498540689557,12,725.8200073242188
2025-03-11,564360019.1222515,87.23255250534622,11,493927650.93299085,87.22975909248133,11,721.5
2025-03-12,572735459.1222515,87.41925823264395,11,501259830.93299085,87.41655583780003,11,729.489990234375
2025-03-13,570892579.1222515,87.37864674418518,11,499645380.93299085,87.37589631766252,11,722.7999877929688
2025-03-14,583726565.9222516,76.24701118353431,10,510878630.63299084,76.24697660917303,10,734.260009765625
2025-03-17,581501565.9222516,76.15612509962014,10,508929490.63299084,76.15600532756305,10,743.510009765625
2025-03-18,603225149.301439,91.72842950671553,12,527948658.09399086,91.67098790387259,12,745.5399780273438
2025-03-19,589728410.3451891,92.54850404240024,12,516152091.79399085,92.4882953279853,12,738.3499755859375
2025-03-20,556197175.3208328,84.83206512651397,11,486823735.95889086,84.8271190365442,11,725.1500244140625
2025-03-21,565087916.3208328,77.95960721798198,10,494608793.95889086,77.9551626880388,10,719.4099731445312
2025-03-24,565126995.7208328,64.67123545103848,8,494636018.15889084,64.67665884719999,8,720.219970703125
2025-03-25,566423797.3208328,57.158334718874336,7,495769294.5588908,57.165894118586756,7,711.260009765625
2025-03-26,578197677.3208328,58.030722564424686,7,506073304.5588908,58.038026774799164,7,716.47998046875
2025-03-27,569868667.3208328,57.41731363092936,7,498780494.5588908,57.424488953463324,7,707.489990234375
2025-03-28,562297477.3208328,56.843948780091345,7,492163014.5588908,56.85203107973879,7,693.760009765625
2025-03-31,552730507.3208328,56.0969796118061,7,483791934.5588908,56.10543926233211,7,672.8499755859375
2025-04-01,559174587.3208328,56.60292995725845,7,489444474.5588908,56.61237268021513,7,691.4500122070312
2025-04-02,555106538.3208328,63.83988217324522,8,485891432.5588908,63.85014001299522,8,684.8499755859375
2025-04-03,557969308.3208328,71.97630299928188,9,488403276.5588908,71.99784212700709,9,683.489990234375
2025-04-04,555940188.3208328,71.87401961475118,9,486616126.5588908,71.89500119405938,9,687.3900146484375
2025-04-07,543590989.3208328,76.83308005561774,10,475790245.3588909,76.83813478021916,10,651.2999877929688
2025-04-08,541169209.3208328,76.72940604309711,10,473677635.3588909,76.73483248256078,10,658.4500122070312
2025-04-09,539540951.7608328,70.00417276341,9,472246593.7988908,70.02739550533032,9,643.3900146484375
2025-04-10,560236817.3608328,64.5599144490082,8,490377030.9988909,64.61764315399118,8,681.7899780273438
2025-04-11,590761431.8608328,73.46182851392282,9,517101189.4988909,73.51519542401195,9,695.5900268554688
2025-04-14,595060301.8608328,73.65354714966375,9,520871229.4988909,73.70689111958669,9,708.97998046875
2025-04-15,597341838.9108329,67.4857499911663,8,522854279.14889085,67.53966527248018,8,711.9199829101562
2025-04-16,591450818.9108329,67.16189872414165,8,517697049.14889085,67.21629968184753,8,699.1099853515625
2025-04-17,597305828.9108329,67.48378979241025,8,522831349.14889085,67.53824164806188,8,711.75
2025-04-18,599564041.1508329,82.8517249044014,10,524806067.3088908,82.90518290519563,10,717.77001953125
2025-04-21,594247351.1508329,82.69830047172793,10,520168117.3088908,82.75276120861986,10,715.4500122070312
2025-04-22,591430247.9108329,83.23387106744957,10,517698032.21289086,83.28982981775823,10,716.1199951171875
2025-04-23,591742951.1148329,84.80454884246124,10,517972361.90889084,84.8599254176645,10,726.0800170898438
2025-04-24,591734691.1148329,84.80433672978906,10,517970961.90889084,84.85988449625003,10,726.0800170898438
2025-04-25,587620644.1048329,99.78045289630725,12,514369921.08889085,99.8374455708606,12,729.6900024414062
2025-04-28,581643816.6348329,85.9758748736008,10,509133622.3788909,86.0238925006731,10,719.4099731445312
2025-04-29,595551361.6348329,81.03553380773145,10,521313446.8788909,81.08366521729099,10,726.4600219726562
2025-04-30,580652646.2108328,89.19902085694433,11,508803620.3268908,81.41620528050841,10,717.239990234375
2025-05-02,592849596.2108328,89.42123405132095,11,518572420.3268908,81.76628439528534,10,721.8599853515625
2025-05-07,586472256.2108328,89.30619981650304,11,513891280.3268908,81.60018977812904,10,722.8099975585938
2025-05-08,588744401.2108328,89.34747046734569,11,515488580.3268908,81.65720368297394,10,729.5900268554688
2025-05-09,586118754.8108329,96.73086133935145,12,513409751.5268909,89.0088722781232,11,722.52001953125
2025-05-12,575356284.8108329,99.99777271732817,13,504494342.5268909,96.36189725439537,12,725.4000244140625
2025-05-13,592074993.7708329,99.99919287744235,14,519591243.2068908,99.99850975031006,13,731.8800048828125
2025-05-14,594209668.7708329,99.99919577699859,14,521909133.2068908,99.99851636877032,13,739.0499877929688
2025-05-15,597159303.7708329,99.99919974941315,14,522508753.2068908,99.99851807135416,13,733.22998046875
2025-05-16,614364798.7708329,99.99922216070281,14,538129853.2068908,99.99856108951312,13,725.0700073242188
2025-05-19,610294658.7708329,99.99921697318432,14,534258463.2068908,99.99855066275519,13,713.75
2025-05-20,622968852.7708329,99.99981415269355,14,544732359.9268909,99.99938686827944,13,715.5499877929688
2025-05-21,627249767.7708329,99.99981542108226,14,551585829.9268909,99.99939448645893,13,723.6199951171875
2025-05-22,622534442.7708329,99.99981402300767,14,547299079.9268909,99.99938974374098,13,717.6699829101562
2025-05-23,630377807.7708329,99.99981633699369,14,554474549.9268909,99.99939764108356,13,715.97998046875
2025-05-26,635889987.7708329,99.99981792906712,14,563433379.9268909,99.99940721884613,13,725.27001953125
2025-05-27,646031442.7708329,99.99982078723167,14,572492389.9268909,99.99941659890165,13,727.1099853515625
2025-05-28,633517942.7708329,99.99981724734933,14,561007399.9268909,99.999404655466,13,728.7899780273438
2025-05-29,630631509.7818328,93.70822910584354,13,560458687.4088908,93.80248746442398,12,736.2899780273438
2025-05-30,639135455.7818328,99.99895080428223,14,566598381.0088909,99.9996521329822,13,734.3499755859375
2025-06-02,649459255.7818328,99.99896748229037,14,574991761.0088909,99.99965721093335,13,740.2899780273438
2025-06-04,625211055.7818328,99.99892743709971,14,556198731.0088909,99.99964562866094,13,750.2100219726562
2025-06-05,621703972.5418328,99.99985321923727,15,559123153.0888908,99.99960776281958,14,756.22998046875
2025-06-09,622450597.5018328,93.23896584391841,14,560958264.1288909,93.32630312755512,13,764.2100219726562
2025-06-10,634267897.5018328,93.36493338736078,14,575001484.1288909,93.48929434754308,13,771.2000122070312
2025-06-11,638301255.7018329,99.99698642268662,15,588832274.1288909,93.64222109185947,13,786.2899780273438
2025-06-12,638004235.7018329,99.99698501972925,15,595062637.6288909,99.9985383675027,14,789.4500122070312
2025-06-13,616479405.7018329,99.99687974948473,15,575949657.6288909,99.99848986299833,14,768.8599853515625
2025-06-16,628331465.7018329,99.99693860599335,15,608175697.6288909,99.99856988220266,14,777.260009765625
2025-06-17,624381824.4518329,99.99942672068714,16,610892857.6288909,99.99857624315258,14,775.6500244140625
2025-06-18,618713769.4518329,99.99942146885851,16,606367527.6288909,99.99856561763377,14,779.72998046875
2025-06-19,624211194.4518329,99.99942656397951,16,618288688.4788909,99.9993346993132,15,782.510009765625
2025-06-20,630029824.4518329,99.99943185993838,16,621789128.4788909,99.99933844470698,15,791.530029296875
2025-06-23,631649054.8418329,99.99979896402549,17,625698203.4788909,99.9993425778006,15,784.7899780273438
2025-06-24,635799604.2168329,99.9975929181567,16,630105663.4788909,99.99934717633417,15,800.9299926757812
2025-06-25,632626152.2168329,99.96764562828842,17,618827563.8788909,99.99687410839142,15,798.2100219726562
2025-06-26,624997008.1768328,99.99963868997719,18,603039173.8788909,99.99679226827564,15,787.9500122070312
2025-06-27,627964068.1768328,99.99964039712664,18,605391850.2188909,99.99959031181375,16,781.5599975585938
2025-06-30,632568513.1768328,99.9996430146639,18,609838140.0988909,99.9996597295652,16,781.5
2025-07-01,635204157.6768328,99.99980436575898,18,613726410.0988909,99.99966188535204,16,783.6699829101562
2025-07-02,632466167.0568329,94.03786494504386,17,612353295.0988909,99.99966112717813,16,782.1699829101562
2025-07-03,631306417.0568329,94.02691212412653,17,608825665.0988909,99.99965916369663,16,793.3300170898438
2025-07-04,610112080.1568328,93.06065450368568,17,589206854.8888909,92.9402849705924,14,775.7999877929688
2025-07-07,614839533.9568329,78.7094271387527,15,595654651.6888908,86.87321563473166,13,778.4600219726562
2025-07-08,631104816.7168329,86.5934573028626,16,605345372.0488908,94.49224135702188,14,784.239990234375
2025-07-09,650558830.7168329,86.39303602730384,16,624548332.5488908,94.74573930652164,14,790.3599853515625
2025-07-10,649078664.7168329,99.99936452743603,18,623925635.5488908,99.99857105584658,15,797.7000122070312
2025-07-11,644896534.7168329,99.99936040642012,18,620139965.5488908,99.99856233279806,15,800.469970703125
2025-07-14,648881958.965823,97.7702170994424,18,618858338.3385178,99.99595410823986,16,799.3699951171875
2025-07-15,653112619.7658231,99.99775463444139,18,630733549.7385178,99.9970590214322,16,812.8800048828125
2025-07-16,640406752.7717215,97.97482363049878,18,618620563.791838,99.99160622172023,16,812.22998046875
2025-07-17,638192677.8799247,99.99881001050525,19,617315382.0851974,99.99608462072723,17,818.27001953125
2025-07-18,635599067.8799247,99.99880515466323,19,612496787.0851974,99.99605381790934,17,820.6699829101562
2025-07-21,639618922.521823,93.3481021239844,16,617340905.1345178,93.39297869373647,15,821.6900024414062
2025-07-22,638117600.3677216,94.40721446936156,16,614288818.587838,99.99851854140229,16,812.969970703125
2025-07-23,641994107.4318231,92.25417151712658,15,617674250.3445178,94.07643424926488,14,813.5599975585938
2025-07-24,639882116.8859246,82.42308693057694,13,619200804.8911974,88.58596557268098,13,809.8900146484375
2025-07-25,632363679.3417215,82.18541300267393,12,611713746.1978381,88.44626371667965,13,806.9500122070312
2025-07-28,627045983.7798231,75.4163446115061,11,602970428.3685178,81.61119382445872,12,804.4000244140625
2025-07-29,617332753.4057214,78.38623560410194,11,591246881.5218381,82.93520582995394,12,804.4500122070312
2025-07-30,620113985.1198231,92.9525698228885,13,594704996.3885177,86.76116614680626,12,803.6699829101562
2025-07-31,616391874.1457214,98.16559106729076,13,594236997.181838,84.89095437438007,11,805.239990234375
2025-08-01,599018034.0497215,86.6038185926866,11,579901927.181838,84.51746151890876,11,772.7899780273438
2025-08-04,613716706.6779246,88.81135099034236,10,595324594.7351974,87.22098858987056,11,784.0599975585938
2025-08-05,615442503.7997215,82.79895333841404,9,598730719.671838,81.27954390248237,10,798.5999755859375
2025-08-06,603607667.7197216,93.66349895482392,11,589082408.1318381,89.91036921862793,11,803.489990234375
2025-08-07,607123123.1738231,99.99591299147141,12,590548969.9785178,97.66740767001612,12,805.8099975585938
2025-08-08,616568876.5197215,99.99867330737334,13,599260754.1318381,99.99989887899156,13,809.27001953125
2025-08-11,631821303.4279246,99.99870533428064,13,611777387.8251975,99.99990094787256,13,811.8499755859375
2025-08-12,623144931.5197215,99.99868730797455,13,602794874.1318381,99.9998994718529,13,807.1900024414062
2025-08-13,631954016.6738231,94.57497922803483,12,612169765.4085177,93.31290800008723,11,814.0999755859375
2025-08-14,641792507.8197215,99.99804745713445,13,623024201.561838,99.99941360086679,12,815.260009765625
2025-08-18,631071179.7279246,99.99801428519864,13,609084035.2551974,99.99940017989206,12,798.0499877929688
2025-08-19,632119325.1479247,92.83772621834837,11,609130611.9551975,90.85439657519375,10,787.9600219726562
2025-08-20,623824745.9197215,93.60664439256541,11,599982227.701838,91.5188921939526,10,777.6099853515625
2025-08-21,630460825.0197215,94.15678627253791,11,605939543.4018381,92.05500354404305,10,777.239990234375
2025-08-22,643471794.0738231,99.99751751763321,12,618721471.7485178,91.0360906674562,10,782.510009765625
2025-08-25,652897672.5279247,99.99755335721122,12,626435490.3951974,98.85404664030307,11,798.02001953125
2025-08-26,658064559.3397214,99.99957332547649,13,633724477.1018381,99.98742530052141,12,801.6599731445312
2025-08-27,672585997.793823,99.99958253757406,13,646121057.9485178,99.99937504768369,13,801.719970703125
2025-08-28,660963987.793823,99.99957519715524,13,637486387.9485178,99.99936658278605,13,798.4299926757812
2025-08-29,663161256.2479246,99.99957660466492,13,639896399.3951974,99.02691005068898,12,796.9099731445312
2025-09-01,652947828.6770262,93.97256870452202,12,630128505.5168772,93.10167030328807,11,785.0
2025-09-02,669118761.2350731,98.24083398781165,12,644490301.8235178,93.25539240846159,11,794.0
2025-09-03,672816063.07687,99.99792769085218,13,646965245.9301584,99.99915148092539,12,796.8099975585938
2025-09-04,673879586.92562,99.99987286915353,14,646122865.9301584,99.99915037467218,12,805.4199829101562
2025-09-05,688347701.20687,99.99987554126764,14,658027097.5301584,99.99980529319802,13,811.4000244140625
2025-09-08,681469011.8381199,99.98774158364184,14,649780551.0301584,99.99635034882466,13,818.5999755859375
2025-09-09,692848108.4732761,99.99972224665126,15,665523457.6768771,99.99950355115517,14,824.8200073242188
2025-09-10,695784307.0357761,99.99972341876591,15,669242192.6768771,99.9995063097405,14,833.0
2025-09-11,690887307.8397762,99.99995321772171,16,664623974.2848772,99.99998471443678,15,834.760009765625
2025-09-12,693242740.525323,99.99995337667397,16,662924544.1515177,93.47058748489715,13,847.0800170898438
2025-09-15,728008312.4335262,99.99995560314113,16,699470988.2448771,99.99514653901474,14,852.6900024414062
2025-09-16,716950139.806573,99.99995491836809,16,684582270.0326076,99.99771998998374,15,851.8400268554688
2025-09-17,708692015.0233699,99.99995439304857,16,680721862.8744044,99.99976781349146,16,845.530029296875
2025-09-18,722133961.7757761,99.99841479480554,17,696987078.5122951,99.99801895193762,17,857.1099853515625
2025-09-22,785044099.1376512,99.9999496531375,18,751653877.9556545,99.99816303096162,17,874.3599853515625
2025-09-23,800347774.7606981,99.99995061583408,18,765525114.7329983,99.9981963166527,17,872.2100219726562
2025-09-24,787303315.2763231,99.99994979761098,18,753652751.1060451,99.998167903057,17,860.9400024414062
2025-09-25,760962137.6175011,90.3241532753259,15,730439058.663792,89.16588133430594,15,852.47998046875
2025-09-26,757259071.2576886,93.76703298020578,16,721307222.1889092,88.3357328675674,14,835.1900024414062
2025-09-29,763578085.3118918,93.81731662812082,15,728472296.3236748,88.45045972698725,14,846.7100219726562
2025-09-30,747006337.2200949,99.99357698730236,16,714505541.7943779,95.92930781633969,15,841.989990234375
2025-10-01,763688127.2200949,99.9937172897965,16,730171048.1908623,96.01664276970335,15,845.3400268554688
2025-10-02,784444139.7676145,99.99752165296448,17,746571488.7611748,99.99808521462998,16,854.25
2025-10-10,813510676.2347238,99.99975459104084,18,776544671.8334404,99.99815912179145,16,859.489990234375
2025-10-13,814269484.5062082,99.9997548197346,18,782962486.5346123,99.99817421116728,16,860.489990234375
2025-10-14,794367854.686677,98.9056732876594,17,764106353.515081,99.99812915550594,16,847.9600219726562
2025-10-15,810661236.70738,99.99993469182203,18,788955030.5097841,99.99723811690137,16,864.719970703125
2025-10-16,810306756.0137082,99.03832663491313,17,783985509.4361123,99.99949304475712,17,865.4099731445312
2025-10-17,788591493.4746457,99.99670269736633,18,758408239.2193623,99.99995474631923,18,859.5399780273438
2025-10-20,800813492.3652707,99.99675302073065,18,771833584.1099873,99.99995553346595,18,875.77001953125
2025-10-21,799164083.0758176,99.99985576828243,19,768645464.4205341,99.9999553490316,18,872.5
2025-10-22,803230546.6305051,99.99985649847505,19,773832771.9752216,99.99995564834472,18,879.1500244140625
2025-10-23,791576756.1708957,99.99827498875166,19,769032812.590456,99.99995537152148,18,872.030029296875
2025-10-24,800740821.4162081,99.99786352991809,19,776092524.6357685,98.59145186164834,17,883.0800170898438
2025-10-27,804651761.4162081,99.99787391404537,19,783303863.6357685,99.99113296756623,18,902.7000122070312
2025-10-28,795420315.2197238,94.32638720377453,20,778550827.8541279,89.02241431773845,18,903.2999877929688
2025-10-29,804843437.9301145,99.99715878306195,20,790403296.7896748,89.18702837465695,18,901.5900268554688
2025-10-30,806595692.9592551,96.43765609475741,20,784489875.0588154,99.99735693113414,20,890.8599853515625
2025-10-31,818358411.4670676,99.99922130597133,21,801508886.9477842,99.99845526308626,20,900.4199829101562
2025-11-03,824172087.1330832,99.99977389332734,22,801842101.6137998,99.99845590501938,20,914.5499877929688
2025-11-04,855021982.7776145,99.99978205144187,22,832684917.2583311,99.99851309860586,20,926.5700073242188
2025-11-05,829790171.8991613,99.99766682653774,21,809398625.8735654,99.99847032064946,20,901.8900146484375
2025-11-06,829206722.0788488,99.9976651848607,21,810319436.0532529,99.99847205890755,20,898.1699829101562
2025-11-07,822745513.4588488,86.9160050023819,18,802970311.8532529,93.85088635597437,18,876.8099975585938
2025-11-10,838242621.7775989,85.96334404058722,17,811802583.3571591,85.05577131795492,16,888.3499755859375
2025-11-11,829904938.6877551,85.8223240471217,17,803258210.1621591,78.48312672101392,15,884.27001953125
2025-11-12,875168050.8084582,93.68164756780118,18,836156960.1680185,79.32971207356648,15,906.510009765625
2025-11-13,879356540.7537707,99.99842409495568,19,837671031.6836435,86.98047908324571,16,918.3699951171875
2025-11-14,915263891.2241613,99.99997370768305,20,875642888.0140342,97.13484752665045,17,897.9000244140625
2025-11-17,935925397.0131457,99.99760598182775,18,898505081.0823935,99.98093846465095,18,902.6699829101562
2025-11-18,923624784.53963,94.09466830935361,17,891903619.4288778,99.99898603801505,18,878.7000122070312
2025-11-19,888726255.2743489,87.74954235840886,13,863077469.9562216,93.82190980302751,17,871.3200073242188
2025-11-20,942672576.5770832,95.49435291665026,14,920275971.038331,99.9992667978024,18,891.9400024414062
2025-11-21,926632736.5300988,99.99772071358473,14,901144188.9699717,99.99925123152032,18,863.9500122070312
2025-11-24,904236239.35588,93.41520087090326,13,884816774.9454404,99.99743951467862,17,856.4400024414062
2025-11-25,900718315.7031457,99.99171301251657,14,876924324.9830185,99.99699083228829,16,856.030029296875
2025-11-26,922217719.684005,99.99708886377803,15,912337515.6838778,99.99499204594156,15,877.3200073242188
2025-11-27,931606834.3988488,99.99711820339957,15,912789946.8284091,99.99499452817133,15,880.0599975585938
2025-11-28,979438772.6936145,94.55464285660182,14,957769875.1631747,99.99825306223579,16,912.6699829101562
2025-12-01,991756394.7764406,99.99940576748769,15,963484981.2196728,99.99931950392448,17,922.3800048828125
2025-12-02,982860441.1680422,99.99940038903858,15,945470404.1459619,99.99656102852688,16,928.4199829101562
2025-12-03,973193233.1485109,99.99939443280739,15,933788537.0170556,99.99651800635836,16,932.010009765625
2025-12-04,956926065.4083669,94.99936487353592,13,921987999.7694663,99.99216069460435,15,929.8300170898438
2025-12-05,945429123.019695,99.9829507091355,14,909984602.6370444,99.99956690970355,16,924.739990234375
2025-12-08,939246903.3685232,99.99730446158401,15,888558814.787435,99.99955646661228,16,927.7899780273438
2025-12-09,940387276.3842263,99.99949630527547,16,887668544.9683726,94.19042399013952,15,931.3499755859375
2025-12-10,959782773.0053201,99.99950648404675,16,918177242.5894663,99.99701584462247,16,935.0
2025-12-11,985938441.8308201,99.99910562221335,16,937211827.0555913,99.99939398237319,16,934.6400146484375
2025-12-12,967776518.0144138,99.99908883773789,16,931931429.6688726,99.99939054862925,16,937.3400268554688
2025-12-15,987811104.1980076,99.99910731774766,16,945302121.4821539,99.99982239869831,16,938.8300170898438
2025-12-16,969035001.8080076,99.99718011997885,15,920928640.7221539,99.99476744377992,15,916.1099853515625
2025-12-17,937447214.5920076,95.09861379998755,14,900399625.0681539,93.9038610271836,14,911.0700073242188
2025-12-18,941181061.4084139,94.26568025841374,13,908842262.4548726,93.96049075594148,14,901.3300170898438
2025-12-19,975941550.2248201,88.42250784564041,12,921719404.8415914,87.82143927259897,13,915.27001953125
2025-12-22,967291866.4084139,88.3189799963947,12,927037404.0548726,90.16859798145988,13,929.1400146484375
2025-12-23,967532375.7448201,99.98597959801506,13,927976305.6815914,99.99206463630355,14,919.5599975585938
2025-12-24,962929908.9920076,99.99991455157783,14,928482536.3481538,99.99932968746002,15,915.2000122070312
2025-12-26,972894165.6168201,95.59331186108692,12,937019582.0175914,99.99288652743743,14,919.6699829101562
2025-12-29,1023927436.7840075,99.99792166909009,13,975900188.1441538,99.99774407965691,15,932.5900268554688
2025-12-30,1030319181.1840076,99.99966563755419,14,978396582.5441538,99.99957277744555,16,925.469970703125
2026-01-02,1021465611.1840076,99.99966273946218,14,971138592.5441538,99.9995695845161,16,945.5700073242188
2026-01-05,1028586576.8545022,99.99994090563754,15,978387698.8952734,93.90731134759295,16,957.5
2026-01-06,1002258752.9602151,99.99993935331788,15,957886941.0009863,99.99799847911919,17,955.969970703125
2026-01-07,1019614748.864512,99.99994038565247,15,971118059.7646582,99.99802574908932,17,947.3900146484375
2026-01-08,1009755736.6530862,99.99993980359231,15,967499374.6938574,99.99801836490646,17,944.0599975585938
2026-01-09,1006231037.8366799,99.99993959273198,15,959039372.3071387,99.99800088425019,17,947.9199829101562
2026-01-12,994801708.768805,89.48884767025905,15,950648392.3071387,82.01867812638018,16,949.8099975585938
2026-01-13,999794780.539305,99.99868467613945,17,944156566.7071388,97.10352735219375,18,948.97998046875
2026-01-14,971476941.419305,99.99963237220022,18,923090808.2271388,99.9990869557942,19,942.1799926757812
2026-01-15,999333614.619305,97.35557833413097,18,942148437.8271387,89.56357683361364,17,951.1599731445312
2026-01-16,1011507819.699305,84.06152413658738,16,959149994.2871387,83.7920517944976,16,954.5900268554688
2026-01-19,1081798526.59618,99.7836646587934,18,1023992065.1871388,80.01234900685151,15,968.3599853515625
2026-01-20,1079219731.69368,99.80485376315582,18,1016039475.9871387,92.89187057255116,17,976.3699951171875
2026-01-21,1105910659.08618,99.99236338980133,17,1048413833.9871387,99.99414649204834,18,951.2899780273438
2026-01-22,1096977202.80618,91.23930082044194,16,1038270591.0071387,88.74608873455655,16,970.3499755859375
2026-01-23,1063109552.40618,99.9945003404355,18,993911004.0071387,96.32867944312682,17,993.9299926757812
2026-01-26,1117941199.76618,99.99516747694858,18,1038062031.4065197,95.92590711395252,17,1064.4100341796875
2026-01-27,1144398651.46618,99.99914483766933,19,1048108021.5813243,99.98946507687953,18,1082.5899658203125
2026-01-28,1231423693.40618,99.99994003638359,20,1093933070.6207774,99.9984431429353,19,1133.52001953125
2026-01-29,1285120358.40618,99.99994254186582,20,1131419035.9303477,99.99849472443435,19,1164.4100341796875
2026-01-30,1287687098.40618,99.99994265639683,20,1134876883.5188243,96.66672597497968,18,1149.43994140625
2026-02-02,1238364903.40618,99.99994037248811,20,1105978748.0031993,99.99224927473084,19,1098.3599853515625
2026-02-03,1316777833.40618,99.99994392325256,20,1199981891.3039806,99.99285644434185,19,1144.3299560546875
2026-02-04,1318438773.40618,99.9999439938968,20,1210337299.4735117,99.99933768261984,20,1149.4300537109375
2026-02-05,1256498798.40618,99.99994123303733,20,1157719266.1706212,99.99329097419705,19,1108.4100341796875
2026-02-06,1211970609.00618,96.84593555964813,19,1104480484.1881993,99.99296758200757,19,1080.77001953125
2026-02-09,1265764311.70618,93.32843161043535,19,1140979295.1152306,94.41895776050328,18,1127.550048828125
2026-02-10,1225566300.50618,99.99818691929022,20,1115733599.6703086,99.99984584095223,18,1115.199951171875
2026-02-11,1217363620.50618,99.99817470262741,20,1114326415.6976523,99.99984564627844,18,1114.8699951171875
2026-02-12,1225352235.50618,99.99818660255099,20,1124019433.379293,99.99984697735272,18,1125.989990234375
2026-02-13,1211413264.10618,99.99925755260848,21,1116437626.2171836,99.99984593816505,18,1106.0799560546875
2026-02-19,1277015049.10618,99.99929569301581,21,1145549155.1898398,99.99984985329654,18,1160.7099609375
2026-02-20,1264343344.10618,99.9992886341972,21,1167395588.4867148,99.99985266311523,18,1154.0
2026-02-23,1230059824.10618,99.99926880741864,21,1162632054.6976523,99.99985205944684,18,1151.989990234375
2026-02-24,1274408168.50618,99.82995804956899,21,1178557007.949215,99.90635010467473,18,1165.0
2026-02-25,1270831428.70618,99.99839918137681,22,1199477325.4527304,99.99918849618193,19,1165.25
2026-02-26,1363048135.04618,93.80960085878984,20,1257983222.3826525,99.92127171915558,18,1188.1500244140625
2026-02-27,1385058969.04618,99.94127874232387,21,1285098426.2264025,99.98928591293217,19,1192.780029296875
2026-03-03,1323582809.84618,99.99813764231475,22,1224920657.2322617,93.45567281513377,18,1137.699951171875
2026-03-04,1156873924.24618,87.30646346429958,19,1043288051.4620274,87.13759818333573,16,978.4400024414062
2026-03-05,1323522087.86618,66.82444804724895,15,1192690801.0181212,66.24847558976211,12,1116.4100341796875
2026-03-06,1356172292.06618,89.99834476344243,18,1233020586.1665587,81.89312771018614,14,1154.6700439453125
2026-03-09,1282102326.4661798,85.93280054617097,18,1184300041.1814024,88.62863877721801,15,1102.280029296875
2026-03-10,1332794031.86618,93.70430990385731,19,1238955581.7439024,89.13027733772863,15,1137.6800537109375
2026-03-11,1306426203.6032894,99.99883758968284,20,1230784381.4435117,93.51570133261755,16,1136.8299560546875
2026-03-12,1319694661.5648518,93.44763225074792,19,1252784326.5646055,99.99388631844533,17,1148.4000244140625
2026-03-13,1308017991.2476642,92.99786151216364,19,1266406792.3825743,93.65594529912926,16,1152.9599609375
2026-03-16,1303742550.7445393,99.99999858921711,20,1239808182.3903868,93.51984115079865,16,1138.2900390625
2026-03-17,1267447751.2446566,94.06660659811766,19,1203571375.3845274,99.98824667591917,17,1136.93994140625
2026-03-18,1317732766.2446566,99.99505315141838,20,1237616736.358746,99.99835021265525,18,1164.3800048828125
2026-03-19,1317316813.2459612,99.9996027344441,21,1229035660.8310118,94.1830826620642,17,1143.47998046875
2026-03-20,1371427009.91393,99.99961840871418,21,1271413723.0822773,99.99807258443239,18,1161.52001953125
2026-03-23,1304430169.91393,99.99959880980356,21,1189075339.7561054,97.15262332048937,17,1096.8900146484375
2026-03-24,1324951820.3447917,83.60835035584353,17,1214847644.1127462,79.61048779026656,14,1121.43994140625
2026-03-25,1409650030.3447917,84.59323550742091,17,1266811612.6791525,80.44685521928798,14,1159.550048828125
2026-03-26,1393236550.3447917,84.411731066699,17,1250490220.2580585,88.31014672822786,15,1136.6400146484375
2026-03-27,1363375198.0647917,92.73131136568598,16,1238686304.3791196,80.06844030085955,13,1141.510009765625
2026-03-30,1358264073.2647917,97.81695151565633,16,1244280050.3922446,80.14932388214875,12,1107.050048828125
2026-03-31,1218286308.6047916,84.83694946745747,15,1114204085.7008383,77.83188861248537,12,1052.3900146484375
2026-04-01,1290345492.6047916,71.67153799507648,13,1148615073.449276,65.26285379450742,9,1116.1800537109375
2026-04-02,1205095616.1047916,86.67136914629484,15,1085086696.0620885,70.8482583437461,10,1056.3399658203125
2026-04-03,1204206209.9047916,65.04426181807578,13,1117614103.3277135,57.63772227169416,9,1063.75
2026-04-06,1193401552.2047915,80.10233087378766,15,1105756560.4553695,50.0360398101658,8,1047.3699951171875
2026-04-07,1162919429.2347918,72.53087606894763,14,1088789594.124432,41.24067588496025,7,1036.72998046875
2026-04-08,1202692353.1347916,81.00269262216014,15,1093430426.186932,41.49006729459465,7,1089.8499755859375
2026-04-09,1197832330.7347915,95.76416586587982,17,1115836249.1205258,42.66493788433133,7,1076.0
2026-04-10,1265229350.7347915,99.99311660492694,18,1146671489.789276,51.44216022631522,8,1093.6300048828125
2026-04-13,1265462161.3347917,99.99942856175295,19,1131128113.598651,58.131585251143406,9,1099.8399658203125
2026-04-14,1285742091.3347917,99.99943757501288,19,1170262808.6494322,59.53170463573454,9,1121.8800048828125
2026-04-15,1342061281.3347917,99.99946117700493,19,1190338159.4658384,60.21421255999041,9,1152.4300537109375
2026-04-16,1381898201.3347917,99.99947671002215,19,1178114887.659901,68.34393019485695,10,1162.969970703125
2026-04-17,1407781021.3347917,99.9994863309931,19,1202332720.9641976,97.96594597108815,14,1170.0400390625
2026-04-20,1407073901.3347917,99.99948607285056,19,1193840877.600604,99.99939632057898,15,1174.8499755859375
2026-04-21,1426596461.3347917,99.99949310579497,19,1186111040.6956038,93.32489177022876,14,1179.030029296875
2026-04-22,1456639711.3347917,99.99950356050742,19,1226422276.2112288,99.99541139354778,15,1181.1199951171875
2026-04-23,1420903991.3347917,99.99949107505955,19,1198856253.6096663,99.99530588496093,15,1174.31005859375
2026-04-24,1505503891.3347917,99.99951967345729,19,1245474290.9924788,99.99548158544061,15,1203.8399658203125
2026-04-27,1494256841.3347917,99.99951605811052,19,1225802428.7315414,99.99989672954891,16,1226.1800537109375
2026-04-28,1516678781.3347917,99.99952321250348,19,1216310385.0752914,99.99989592362992,16,1215.5799560546875
2026-04-29,1531843531.3347917,99.99952793254377,19,1217318637.6026351,99.99989600983189,16,1220.260009765625
2026-04-30,1515329721.3347917,99.99952278803154,19,1205635860.8877914,99.99989500215291,16,1192.3499755859375
2026-05-04,1556831547.0947917,99.99906238444237,19,1258088816.9602914,99.99931390760483,16,1213.739990234375
2026-05-06,1569913168.0587916,99.99467753628088,18,1260440008.9760103,99.99399057827755,15,1210.1700439453125
2026-05-07,1578422048.0587916,97.12197076094698,18,1282162714.6216352,94.19828757400349,15,1199.1800537109375
2026-05-08,1595290666.0587916,99.99367036610067,19,1313292905.602104,99.99443676765586,16,1207.719970703125
2026-05-11,1645427469.6987915,94.98645420609803,19,1349810366.464604,99.99741553802191,17,1207.3399658203125
2026-05-12,1581580796.1927917,95.32199895377505,18,1323836624.2247603,93.11169038784534,17,1179.2900390625
2026-05-13,1683251961.8927917,99.9983506989197,18,1363703288.2825727,97.20815106461717,17,1176.9300537109375
2026-05-14,1689554411.8927917,99.99835685121495,18,1364861935.9169476,99.99825695661433,18,1191.0899658203125
2026-05-15,1636959137.0927916,97.51620329600892,17,1248115508.2900727,88.11563344334118,16,1129.8199462890625
2026-05-18,1701117684.7927916,94.57632440027041,16,1265459716.2588227,88.9621681938132,16,1111.0899658203125
2026-05-19,1621354758.1127915,94.8953535493289,15,1201727142.4406977,83.37632917985324,13,1084.3599853515625
2026-05-20,1634841788.1127915,94.93746558752134,15,1207742560.4710102,80.635083921818,12,1056.0699462890625
2026-05-21,1746730558.1127915,95.2617518638815,15,1246276505.1585102,81.23383275640333,12,1105.969970703125
2026-05-22,1840949708.1127915,99.97827055725485,16,1302237744.5022602,89.2084211297829,13,1161.1300048828125
2026-05-26,1953441610.1127915,99.99126822568391,17,1332960151.9128852,93.40385849723106,14,1172.52001953125
2026-05-27,1835871559.1127915,99.99783159597446,18,1235691043.3972602,99.99574765909502,15,1133.1300048828125
2026-05-28,1761016172.9727917,95.78907030435676,16,1202564723.3666353,74.48481705860333,11,1104.3599853515625
2026-05-29,1775383913.9727917,87.48423018683513,15,1190831549.9936976,72.39300974218918,10,1074.800048828125
2026-06-01,1719471094.3727915,87.0752294062927,14,1130991710.3936977,60.27768760238641,8,1050.030029296875
2026-06-02,1727672192.1727917,87.9643196715876,13,1100623476.6936977,51.63813166218413,7,1026.030029296875
2026-06-04,1828786622.1727917,88.62977781816119,13,1159085976.6936977,54.07742933686104,7,1049.72998046875
2026-06-05,1694015920.1727917,99.99697994734392,15,1140628618.6936977,67.65274142286113,9,1002.4400024414062
2026-06-08,1542167462.9727917,86.18128717603794,13,1068068473.8936977,50.395577919995006,7,911.3900146484375
2026-06-09,1646668400.8527915,74.04733092397538,10,1144465117.7736976,53.70525413615413,6,967.8099975585938
2026-06-10,1642122633.2527916,81.34279882337948,11,1162796541.7736976,61.663848682097886,7,951.6300048828125
2026-06-11,1765357653.2527916,82.6452094459003,11,1220015841.7736976,63.461831681986936,7,996.9299926757812
2026-06-12,1807272188.4527917,90.74882469165163,12,1250185826.5736976,79.7486564643298,9,1029.050048828125
2026-06-15,1787288156.1527917,93.29800089927124,13,1207458328.6736977,88.190463779373,10,1034.030029296875
2026-06-16,1757966989.0827916,91.47454019253298,12,1170671428.3236976,80.61250810155241,9,1018.6799926757812
2026-06-17,1772638619.0827916,91.54510301934296,12,1161668215.1236978,73.02609204209554,8,1031.9599609375
2026-06-18,1818004769.0827916,91.75608493269215,12,1177283915.1236978,73.3838786805497,8,1000.9299926757812
2026-06-19,1770502464.7627916,84.48819415794561,11,1134492163.6436977,65.56587377483312,7,966.5900268554688
2026-06-22,1872463004.7627916,85.33285282196626,11,1204250262.8436975,59.57980846155104,6,968.4000244140625
2026-06-23,1715064554.7627916,83.98678906866125,11,1131312162.8436975,56.973832790751274,6,891.52001953125
2026-06-24,1720700998.0627916,76.71775697731232,9,1142933062.8436975,57.41130616760671,6,909.3099975585938
2026-06-25,1736230368.0627916,76.92600040685943,9,1169448362.8436975,58.37693409052594,6,887.8099975585938
2026-06-26,1763982338.0627916,77.28901364722559,9,1210514062.8436975,59.78896257510489,6,851.3699951171875
2026-06-29,1754776193.9027915,66.70732450481633,8,1204861662.8436975,59.60031945120963,6,920.5700073242188
2026-06-30,1893548533.1027915,76.12457113195896,9,1301244191.0436976,69.56041043103521,7,916.1799926757812
2026-07-01,1965247354.7027917,84.30391197501743,10,1345975262.2436976,77.89839303972018,8,929.3499755859375
2026-07-02,1763507482.3427916,82.87654657741373,10,1191591419.5236976,75.38461466591113,8,866.719970703125
2026-07-03,1774675344.7227917,76.15314564541397,9,1181373098.4036975,68.14815752007988,7,868.4099731445312
2026-07-06,1704531194.7227917,75.17180993618497,9,1127671636.4036975,74.39561951522444,8,847.0700073242188
2026-07-07,1621867994.7227917,73.90636931613382,9,1065036450.6036975,65.52052745278851,7,831.22998046875
2026-07-08,1575042093.1227915,60.46896804590665,7,1043533786.0036976,53.11061389995437,5,785.0
2026-07-09,1583533811.5227914,60.672079939745075,6,1058159458.8036976,39.9214595196816,4,794.0
2026-07-10,1710378311.5227914,63.58870389508603,6,1107891658.8036976,42.618327906705616,4,837.4299926757812
2026-07-13,1661982781.8027916,55.402460246983374,5,1085838794.1836977,33.96798880051817,3,799.3599853515625
2026-07-14,1696399181.8027916,56.30725127943634,5,1114491194.1836977,35.66560257043028,3,783.97998046875
2026-07-15,1730430781.8027916,57.166536818618454,5,1125415194.1836977,36.290073397865996,3,829.4299926757812
2026-07-16,1681491971.8027916,63.31292018353201,6,1104665254.1836977,42.411982111830795,4,791.8400268554688
2026-07-20,1586856695.8027916,50.376647249522456,5,1059270124.1836976,39.94404168871129,4,749.6400146484375
2026-07-21,1570684695.8027916,49.86571793135619,5,1050484024.1836976,39.44174213615137,4,753.3400268554688
2026-07-22,1542901071.8027916,32.164213187054585,4,1032584214.1836976,26.295163752299665,3,751.0900268554688
2026-07-23,1546442319.4027915,23.726610129351435,3,1035044640.1836976,17.55027299767096,2,790.280029296875
2026-07-24,1512261010.4027915,22.189020128914418,3,1021835831.1836976,16.87979563216082,2,748.219970703125
2026-07-27,1518096186.6027915,7.367069424650535,1,1022474379.9836975,7.324740987758942,1,764.8599853515625
2026-07-28,1508675139.8027916,0.0,0,1016165535.5836976,0.0,0,705.8499755859375
2026-07-29,1508675139.8027916,0.0,0,1016165535.5836976,0.0,0,662.6799926757812
2026-07-30,1508675139.8027916,0.0,0,1016165535.5836976,0.0,0,644.780029296875
2026-07-31,1508675139.8027916,0.0,0,1016165535.5836976,0.0,0,719.760009765625
2026-08-03,1508675139.8027916,0.0,0,1016165535.5836976,0.0,0,737.3499755859375
2026-08-04,1508675139.8027916,0.0,0,1016165535.5836976,0.0,0,780.719970703125
2026-08-05,1508675139.8027916,0.0,0,1016165535.5836976,0.0,0,799.5900268554688
2026-08-06,1508675139.8027916,0.0,0,1016165535.5836976,0.0,0,801.6699829101562
2026-08-07,1508675139.8027916,0.0,0,1016165535.5836976,0.0,0,798.8099975585938
2026-08-10,1508675139.8027916,0.0,0,1016165535.5836976,0.0,0,854.469970703125
2026-08-11,1517098578.2027917,7.893452127670028,1,1016165535.5836976,0.0,0,857.8400268554688
2026-08-12,1507965343.0027916,14.81206786591159,2,1011531774.7836976,6.999009004451592,1,858.9099731445312
2026-08-13,1503027901.3227916,7.808244936551956,1,1008351430.0636976,0.0,0,861.3699951171875
2026-08-14,1503947651.3227916,7.864625467247308,1,1008351430.0636976,0.0,0,864.6500244140625
2026-08-18,1497141501.3227916,7.445769147505963,1,1008351430.0636976,0.0,0,834.2000122070312
2026-08-19,1496037801.3227916,7.377487380493408,1,1008351430.0636976,0.0,0,824.4600219726562
2026-08-20,1500636551.3227916,7.66133211260625,1,1008351430.0636976,0.0,0,840.8900146484375
2026-08-21,1497877301.3227916,7.491234422265867,1,1008351430.0636976,0.0,0,801.9400024414062
2026-08-24,1503947651.3227916,7.864625467247308,1,1008351430.0636976,0.0,0,813.3300170898438
2026-08-25,1501372351.3227916,7.706585904426569,1,1008351430.0636976,0.0,0,827.1500244140625
2026-08-26,1504131601.3227916,7.875893299217858,1,1008351430.0636976,0.0,0,826.8699951171875
2026-08-27,1503027901.3227916,7.808244936551956,1,1008351430.0636976,0.0,0,837.6500244140625
2026-08-28,1512957976.9227915,15.87636627479561,2,1005760919.0636976,7.264748372607281,1,838.4099731445312
2026-08-31,1511188026.9227915,15.77783808183797,2,1006201484.5636976,14.708535245719071,2,834.2899780273438
2026-09-01,1505695026.9227915,15.470583075250113,2,1002730984.5636976,14.413337398054548,2,821.25
2026-09-02,1500430326.9227915,15.173986816631146,2,999518484.5636976,14.138257789368003,2,803.97998046875
2026-09-03,1493167676.9227915,14.76139976819208,2,994890693.5136976,7.027153882914218,1,790.2100219726562
2026-09-04,1491330969.9627914,7.869487214023868,1,992797233.6136976,0.0,0,813.5
2026-09-07,1489962970.4627914,15.342099403248799,2,993111115.8136977,7.579453980668231,1,822.1900024414062
2026-09-08,1485290494.4627914,22.586813909513257,3,989874868.8136977,14.785505179599195,2,811.8800048828125
2026-09-09,1495772494.4627914,23.129306179965063,3,999548968.8136977,15.610250709896162,2,830.3699951171875
2026-09-10,1512865694.4627914,23.99783413219099,3,1008112468.8136977,16.327106854822343,2,836.9199829101562
2026-09-11,1500895710.4627914,31.431144529991318,4,1000029450.0136977,23.69279224694379,3,820.6400146484375
2026-09-14,1488614310.4627914,30.865436182536587,4,990871950.0136977,22.98757170357393,3,806.7899780273438
2026-09-15,1494685679.1827915,38.43596001495793,5,994176438.7336978,30.53857224646267,4,812.4099731445312
2026-09-16,1510047554.9827914,32.56276587962182,4,1003912225.9336978,24.694668875999234,3,815.97998046875
2026-09-17,1508971294.9827914,32.514666888053384,4,1000134265.9336978,24.41020654082704,3,822.1799926757812
2026-09-18,1503917934.9827914,32.28790738542235,4,996522505.9336978,24.136241637075766,3,827.1199951171875
2026-09-21,1528713814.9827914,33.386203813808365,4,1012297735.9336978,25.318471127825052,3,836.27001953125
2026-09-22,1529156034.9827914,33.40546800416928,4,1012343455.9336978,25.32184393522557,3,834.3800048828125
2026-09-23,1534317261.3827915,41.12051567688087,5,1016267339.1336979,33.0914964055297,4,844.47998046875
