date,equity_proxy,exposure_pct_proxy,n_positions_proxy,equity_percentile,exposure_pct_percentile,n_positions_percentile,benchmark_close
2016-10-07,100000000.0,0.0,0,100000000.0,0.0,0,617.1209717
2016-10-08,100000000.0,0.0,0,100000000.0,0.0,0,619.1079712
2016-10-09,100000000.0,0.0,0,100000000.0,0.0,0,616.7520142
2016-10-10,100000000.0,0.0,0,100000000.0,0.0,0,618.9940186
2016-10-11,100000000.0,0.0,0,100000000.0,0.0,0,641.0720215
2016-10-12,100000000.0,0.0,0,100000000.0,0.0,0,636.1920166
2016-10-13,100000000.0,0.0,0,100000000.0,0.0,0,636.7860107
2016-10-14,100000000.0,0.0,0,100000000.0,0.0,0,640.3779907
2016-10-15,100000000.0,0.0,0,100000000.0,0.0,0,638.6459961
2016-10-16,100000000.0,0.0,0,100000000.0,0.0,0,641.6309814
2016-10-17,100000000.0,0.0,0,100000000.0,0.0,0,639.1929932
2016-10-18,100000000.0,0.0,0,100000000.0,0.0,0,637.960022
2016-10-19,100000000.0,0.0,0,100000000.0,0.0,0,630.5200195
2016-10-20,100000000.0,0.0,0,100000000.0,0.0,0,630.8569946
2016-10-21,100000000.0,0.0,0,100000000.0,0.0,0,632.8280029
2016-10-22,100000000.0,0.0,0,100000000.0,0.0,0,657.2940063
2016-10-23,100000000.0,0.0,0,100000000.0,0.0,0,657.0709839
2016-10-24,100000000.0,0.0,0,100000000.0,0.0,0,653.7609863
2016-10-25,100000000.0,0.0,0,100000000.0,0.0,0,657.5880127
2016-10-26,100000000.0,0.0,0,100000000.0,0.0,0,678.3040161
2016-10-27,100000000.0,0.0,0,100000000.0,0.0,0,688.3129883
2016-10-28,100000000.0,0.0,0,100000000.0,0.0,0,689.651001
2016-10-29,100000000.0,0.0,0,100000000.0,0.0,0,714.4790039
2016-10-30,100000000.0,0.0,0,100000000.0,0.0,0,701.8640137
2016-10-31,100000000.0,0.0,0,100000000.0,0.0,0,700.9719849
2016-11-01,100000000.0,0.0,0,100000000.0,0.0,0,729.7930298
2016-11-02,100095604.52240017,7.6061433833791074,1,100095604.52240017,7.6061433833791074,1,740.8289795
2016-11-03,99559881.05179214,7.108979696494357,1,99559881.05179214,7.108979696494357,1,688.7000122
2016-11-04,99709255.3189455,7.248139577275525,1,99709255.3189455,7.248139577275525,1,703.2349854
2016-11-05,99711136.4454347,7.249889411725165,1,99711136.4454347,7.249889411725165,1,703.4180298
2016-11-06,99794419.74531311,7.327293892793264,1,99794419.74531311,7.327293892793264,1,711.5219727
2016-11-07,99708186.48166129,7.247145309401472,1,99708186.48166129,7.247145309401472,1,703.1309814
2016-11-08,99777216.74941242,7.311315814478333,1,99777216.74941242,7.311315814478333,1,709.8480225
2016-11-09,99915183.82279979,7.439304234295298,1,99915183.82279979,7.439304234295298,1,723.2730103
2016-11-10,99835650.85882244,7.365566782606205,1,99835650.85882244,7.365566782606205,1,715.5339966
2016-11-11,99844663.8330239,7.373928889550172,1,99844663.8330239,7.373928889550172,1,716.4110107
2016-11-12,99727949.29065105,7.2655258833884435,1,99727949.29065105,7.2655258833884435,1,705.0540161
2016-11-13,99696882.15849961,7.236628348179716,1,99696882.15849961,7.236628348179716,1,702.0310059
2016-11-14,99727609.94786498,7.265210336120946,1,99727609.94786498,7.265210336120946,1,705.0209961
2016-11-15,99795417.07499465,7.328220039936874,1,99795417.07499465,7.328220039936874,1,711.6190186
2016-11-16,100130227.54251441,7.638091321924553,1,100130227.54251441,7.638091321924553,1,744.197998
2016-11-17,100097125.60639888,7.607547407880584,1,100097125.60639888,7.607547407880584,1,740.9769897
2016-11-18,100206143.14836116,7.708064180216054,1,100206143.14836116,7.708064180216054,1,751.585022
2016-11-19,100206461.79144283,7.708357656168778,1,100206461.79144283,7.708357656168778,1,751.6160278
2016-11-20,99994860.42681713,7.513057243926151,1,99994860.42681713,7.513057243926151,1,731.026001
2016-11-21,100079356.82988213,7.591143417148164,1,100079356.82988213,7.591143417148164,1,739.2479858
2016-11-22,100203696.86814594,7.705811050404719,1,100203696.86814594,7.705811050404719,1,751.3469849
2016-11-23,100134297.1494149,7.641845047387243,1,100134297.1494149,7.641845047387243,1,744.5939941
2016-11-24,100090055.2298821,7.601020791168928,1,100090055.2298821,7.601020791168928,1,740.2890015
2016-11-25,100104031.64419891,7.613921434576201,1,100104031.64419891,7.613921434576201,1,741.6489868
2016-11-26,100039626.72858484,7.554443827666859,1,100039626.72858484,7.554443827666859,1,735.382019
2016-11-27,100005229.51838283,7.522646798219333,1,100005229.51838283,7.522646798219333,1,732.0349731
2016-11-28,100044055.75108577,7.558536459111311,1,100044055.75108577,7.558536459111311,1,735.8129883
2016-11-29,100041908.04216558,7.5565519172355256,1,100041908.04216558,7.5565519172355256,1,735.6040039
2016-11-30,100145570.73852035,7.652241991373848,1,100145570.73852035,7.652241991373848,1,745.690979
2016-12-01,100259469.54969807,7.757152778348394,1,100259469.54969807,7.757152778348394,1,756.7739868
2016-12-02,100477031.05723058,7.956884922993493,1,100477031.05723058,7.956884922993493,1,777.9439697
2016-12-03,100407261.88854729,7.892927680248735,1,100407261.88854729,7.892927680248735,1,771.1550293
2016-12-04,100435183.98312469,7.918534467457798,1,100435183.98312469,7.918534467457798,1,773.8720093
2016-12-05,100279263.09377174,7.775360060747895,1,100279263.09377174,7.775360060747895,1,758.7000122
2016-12-06,100336032.47811535,7.827540079245276,1,100336032.47811535,7.827540079245276,1,764.223999
2016-12-07,100376194.75536816,7.864419898204678,1,100376194.75536816,7.864419898204678,1,768.132019
2016-12-08,100403716.03699167,7.889674832460224,1,100403716.03699167,7.889674832460224,1,770.8099976
2016-12-09,100424105.46884754,7.908376290536031,1,100424105.46884754,7.908376290536031,1,772.7940063
2016-12-10,100443179.55585796,7.9258644231432624,1,100443179.55585796,7.9258644231432624,1,774.6500244
2016-12-11,100392627.48733504,7.8795010782705805,1,100392627.48733504,7.8795010782705805,1,769.7310181
2016-12-12,100499054.48009665,7.977055306244743,1,100499054.48009665,7.977055306244743,1,780.0869751
2016-12-13,100503874.90706204,7.9814689657623115,1,100503874.90706204,7.9814689657623115,1,780.5560303
2016-12-14,100513380.90152447,7.990171564745721,1,100513380.90152447,7.990171564745721,1,781.4810181
2016-12-15,100478511.3707659,7.958240960888793,1,100478511.3707659,7.958240960888793,1,778.0880127
2016-12-16,100548589.14715137,8.022389865043268,1,100548589.14715137,8.022389865043268,1,784.9069824
2016-12-17,100609448.83809988,8.078028067932175,1,100609448.83809988,8.078028067932175,1,790.8289795
2016-12-18,100606376.56088093,8.075220991582333,1,100606376.56088093,8.075220991582333,1,790.5300293
2016-12-19,100628820.86951524,8.095723945839156,1,100628820.86951524,8.095723945839156,1,792.7139893
2016-12-20,100712700.68509361,8.172267556266108,1,100712700.68509361,8.172267556266108,1,800.8759766
2016-12-21,101056000.37352535,8.484217681155341,1,101056000.37352535,8.484217681155341,1,834.2810059
2016-12-22,101366968.38977538,8.76496477002784,1,101366968.38977538,8.76496477002784,1,864.539978
2016-12-23,101957314.16372456,9.293227189707014,1,101957314.16372456,9.293227189707014,1,921.9840088
2016-12-24,101719281.05343628,9.080964430546304,1,101719281.05343628,9.080964430546304,1,898.8220215
2016-12-25,101692159.95890428,9.05671650662145,1,101692159.95890428,9.05671650662145,1,896.1829834
2016-12-26,101809593.95936806,9.161616577239569,1,101809593.95936806,9.161616577239569,1,907.6099854
2016-12-27,102072559.05585931,9.395639555431025,1,102072559.05585931,9.395639555431025,1,933.197998
2016-12-28,102511618.70108204,9.78370013682153,1,102511618.70108204,9.78370013682153,1,975.9210205
2016-12-29,102486707.41355579,9.761771398527918,1,102486707.41355579,9.761771398527918,1,973.4970093
2016-12-30,102360722.72303991,9.650706968728821,1,102360722.72303991,9.650706968728821,1,961.2379761
2016-12-31,102386466.37361321,9.673424039760985,1,102386466.37361321,9.673424039760985,1,963.742981
2017-01-01,102741861.97676261,9.985873778613001,1,102741861.97676261,9.985873778613001,1,998.3250122
2017-01-02,102982597.9132899,10.196294135213812,1,102982597.9132899,10.196294135213812,1,1021.75
2017-01-03,103209613.9825519,10.393823062257672,1,103209613.9825519,10.393823062257672,1,1043.839966
2017-01-04,104349218.04978713,11.372417493496526,1,104349218.04978713,11.372417493496526,1,1154.72998
2017-01-05,102896580.4262262,10.121221775418194,1,102896580.4262262,10.121221775418194,1,1013.380005
2017-01-06,101754006.31623708,9.111992077693019,1,101754006.31623708,9.111992077693019,1,902.2009888
2017-01-07,101819614.29965825,9.170556225258931,1,101819614.29965825,9.170556225258931,1,908.585022
2017-01-08,101846477.59335862,9.194513637261966,1,101846477.59335862,9.194513637261966,1,911.1989746
2017-01-09,101760450.06886005,9.117747357264303,1,101760450.06886005,9.117747357264303,1,902.8280029
2017-01-10,101810303.38002414,9.162249544860972,1,101810303.38002414,9.162249544860972,1,907.6790161
2017-01-11,100475109.78614035,7.955124887334633,1,100475109.78614035,7.955124887334633,1,777.757019
2017-01-12,100432672.44820635,0.0,0,100432672.44820635,0.0,0,804.8339844
2017-01-13,100432672.44820635,0.0,0,100432672.44820635,0.0,0,823.9840088
2017-01-14,100432672.44820635,0.0,0,100432672.44820635,0.0,0,818.4119873
2017-01-15,100432672.44820635,0.0,0,100432672.44820635,0.0,0,821.7979736
2017-01-16,100432672.44820635,0.0,0,100432672.44820635,0.0,0,831.5339966
2017-01-17,100432672.44820635,0.0,0,100432672.44820635,0.0,0,907.9379883
2017-01-18,100432672.44820635,0.0,0,100432672.44820635,0.0,0,886.617981
2017-01-19,100432672.44820635,0.0,0,100432672.44820635,0.0,0,899.072998
2017-01-20,100432672.44820635,0.0,0,100432672.44820635,0.0,0,895.026001
2017-01-21,100432672.44820635,0.0,0,100432672.44820635,0.0,0,921.7890015
2017-01-22,100432672.44820635,0.0,0,100432672.44820635,0.0,0,924.6729736
2017-01-23,100432672.44820635,0.0,0,100432672.44820635,0.0,0,921.0120239
2017-01-24,100432672.44820635,0.0,0,100432672.44820635,0.0,0,892.6870117
2017-01-25,100432672.44820635,0.0,0,100432672.44820635,0.0,0,901.5419922
2017-01-26,100432672.44820635,0.0,0,100432672.44820635,0.0,0,917.5859985
2017-01-27,100432672.44820635,0.0,0,100432672.44820635,0.0,0,919.75
2017-01-28,100432672.44820635,0.0,0,100432672.44820635,0.0,0,921.5900269
2017-01-29,100432672.44820635,0.0,0,100432672.44820635,0.0,0,919.4959717
2017-01-30,100432672.44820635,0.0,0,100432672.44820635,0.0,0,920.382019
2017-01-31,100432672.44820635,0.0,0,100432672.44820635,0.0,0,970.4030151
2017-02-01,100432672.44820635,0.0,0,100432672.44820635,0.0,0,989.0230103
2017-02-02,100432672.44820635,0.0,0,100432672.44820635,0.0,0,1011.799988
2017-02-03,100432672.44820635,0.0,0,100432672.44820635,0.0,0,1029.910034
2017-02-04,100432672.44820635,0.0,0,100432672.44820635,0.0,0,1042.900024
2017-02-05,100432672.44820635,0.0,0,100432672.44820635,0.0,0,1027.339966
2017-02-06,100432672.44820635,0.0,0,100432672.44820635,0.0,0,1038.150024
2017-02-07,100432672.44820635,0.0,0,100432672.44820635,0.0,0,1061.349976
2017-02-08,100432672.44820635,0.0,0,100432672.44820635,0.0,0,1063.069946
2017-02-09,100432672.44820635,0.0,0,100432672.44820635,0.0,0,994.3829956
2017-02-10,100432672.44820635,0.0,0,100432672.44820635,0.0,0,988.6740112
2017-02-11,100432672.44820635,0.0,0,100432672.44820635,0.0,0,1004.450012
2017-02-12,100432672.44820635,0.0,0,100432672.44820635,0.0,0,999.1810303
2017-02-13,100432672.44820635,0.0,0,100432672.44820635,0.0,0,990.6420288
2017-02-14,100432672.44820635,0.0,0,100432672.44820635,0.0,0,1004.549988
2017-02-15,100432672.44820635,0.0,0,100432672.44820635,0.0,0,1007.47998
2017-02-16,100432672.44820635,0.0,0,100432672.44820635,0.0,0,1027.439941
2017-02-17,100432672.44820635,0.0,0,100432672.44820635,0.0,0,1046.209961
2017-02-18,100432672.44820635,0.0,0,100432672.44820635,0.0,0,1054.420044
2017-02-19,100432672.44820635,0.0,0,100432672.44820635,0.0,0,1047.869995
2017-02-20,100432672.44820635,0.0,0,100432672.44820635,0.0,0,1079.97998
2017-02-21,100432672.44820635,0.0,0,100432672.44820635,0.0,0,1115.300049
2017-02-22,100432672.44820635,0.0,0,100432672.44820635,0.0,0,1117.439941
2017-02-23,100432672.44820635,0.0,0,100432672.44820635,0.0,0,1166.719971
2017-02-24,100432672.44820635,0.0,0,100432672.44820635,0.0,0,1173.680054
2017-02-25,100432672.44820635,0.0,0,100432672.44820635,0.0,0,1143.839966
2017-02-26,100432672.44820635,0.0,0,100432672.44820635,0.0,0,1165.199951
2017-02-27,100432672.44820635,0.0,0,100432672.44820635,0.0,0,1179.969971
2017-02-28,100432672.44820635,0.0,0,100432672.44820635,0.0,0,1179.969971
2017-03-01,100432672.44820635,0.0,0,100432672.44820635,0.0,0,1222.5
2017-03-02,100579813.0656965,7.663680230023393,1,100579813.0656965,7.663680230023393,1,1251.01001
2017-03-03,100727566.03972438,7.799124442498689,1,100727566.03972438,7.799124442498689,1,1274.98999
2017-03-04,100605321.8184568,7.687092354841791,1,100605321.8184568,7.687092354841791,1,1255.150024
2017-03-05,100679074.95812903,7.754716801867508,1,100679074.95812903,7.754716801867508,1,1267.119995
2017-03-06,100714256.96075511,7.786940380670105,1,100714256.96075511,7.786940380670105,1,1272.829956
2017-03-07,100410556.46449375,7.508033929453767,1,100410556.46449375,7.508033929453767,1,1223.540039
2017-03-08,99957438.51058483,7.08875777508872,1,99957438.51058483,7.08875777508872,1,1150.0
2017-03-09,100194595.1092477,7.308674968821338,1,100194595.1092477,7.308674968821338,1,1188.48999
2017-03-10,99649409.80670643,0.0,0,99649409.80670643,0.0,0,1116.719971
2017-03-11,99649409.80670643,0.0,0,99649409.80670643,0.0,0,1175.829956
2017-03-12,99649409.80670643,0.0,0,99649409.80670643,0.0,0,1221.380005
2017-03-13,99649409.80670643,0.0,0,99649409.80670643,0.0,0,1231.920044
2017-03-14,99649409.80670643,0.0,0,99649409.80670643,0.0,0,1240.0
2017-03-15,99649409.80670643,0.0,0,99649409.80670643,0.0,0,1249.609985
2017-03-16,99649409.80670643,0.0,0,99649409.80670643,0.0,0,1187.810059
2017-03-17,99649409.80670643,0.0,0,99649409.80670643,0.0,0,1100.22998
2017-03-18,99649409.80670643,0.0,0,99649409.80670643,0.0,0,973.8179932
2017-03-19,99649409.80670643,0.0,0,99649409.80670643,0.0,0,1036.73999
2017-03-20,99649409.80670643,0.0,0,99649409.80670643,0.0,0,1054.22998
2017-03-21,99649409.80670643,0.0,0,99649409.80670643,0.0,0,1120.540039
2017-03-22,99649409.80670643,0.0,0,99649409.80670643,0.0,0,1049.140015
2017-03-23,99649409.80670643,0.0,0,99649409.80670643,0.0,0,1038.589966
2017-03-24,99649409.80670643,0.0,0,99649409.80670643,0.0,0,937.5200195
2017-03-25,99649409.80670643,0.0,0,99649409.80670643,0.0,0,972.7789917
2017-03-26,99649409.80670643,0.0,0,99649409.80670643,0.0,0,966.7249756
2017-03-27,99649409.80670643,0.0,0,99649409.80670643,0.0,0,1045.77002
2017-03-28,99649409.80670643,0.0,0,99649409.80670643,0.0,0,1047.150024
2017-03-29,99649409.80670643,0.0,0,99649409.80670643,0.0,0,1039.969971
2017-03-30,99649409.80670643,0.0,0,99649409.80670643,0.0,0,1026.430054
2017-03-31,98869404.99902606,0.0,0,98869404.99902606,0.0,0,1071.790039
2017-04-01,98869404.99902606,0.0,0,98869404.99902606,0.0,0,1080.5
2017-04-02,98869404.99902606,0.0,0,98869404.99902606,0.0,0,1102.170044
2017-04-03,99166674.29367521,7.792355608909513,1,99166674.29367521,7.792355608909513,1,1143.810059
2017-04-04,99376152.30156097,7.986722901378938,1,99376152.30156097,7.986722901378938,1,1133.25
2017-04-05,102061539.32381482,10.407725581063483,1,102061539.32381482,10.407725581063483,1,1124.780029
2017-04-06,101255054.28875092,9.694133266252598,1,101255054.28875092,9.694133266252598,1,1182.680054
2017-04-07,100384098.62065382,16.466848882710725,2,100412337.39667773,8.936235568391057,1,1176.900024
2017-04-08,100899489.74154863,16.893533343618213,2,100933829.04912803,9.406731867195592,1,1175.949951
2017-04-09,99820964.10489537,15.99560117411535,2,99778763.39442876,8.35799996265681,1,1187.869995
2017-04-10,100014592.43756986,16.15823375887673,2,99977143.2907681,8.539840830172537,1,1187.130005
2017-04-11,100068880.19817954,16.203718246419484,2,99916621.415997,8.484441235776982,1,1205.01001
2017-04-12,101888716.98882546,17.700405622227954,2,101766252.29396623,10.147762813306972,1,1200.369995
2017-04-13,101080031.65766196,17.04197216467408,2,101157199.326466,9.606775399069882,1,1169.280029
2017-04-14,101299133.38839935,17.221403585943886,2,101387473.73961966,9.812079328443863,1,1167.540039
2017-04-15,101718506.14136276,17.56268944612319,2,101774869.44320229,10.155370488377125,1,1172.52002
2017-04-16,101709102.99063553,17.555067999921313,2,101698558.74235378,10.087954521717492,1,1182.939941
2017-04-17,101498714.63132468,17.384174663587004,2,101417730.11317594,9.838985466207529,1,1193.910034
2017-04-18,101515569.03839906,17.397891187704392,2,101320545.3870141,9.752504748259657,1,1211.670044
2017-04-19,100872837.09588942,16.8715749326966,2,100686674.620487,9.184353608021956,1,1210.290039
2017-04-20,101641530.92442855,17.500257979323724,2,101334716.16064003,9.765125071027343,1,1229.079956
2017-04-21,102451325.55578619,18.15235152534968,2,102189650.65965602,10.520044058353205,1,1222.050049
2017-04-22,104272052.22099191,19.581518717209924,2,103948349.88278158,12.03395292922361,1,1231.709961
2017-04-23,104952051.49344184,20.102561498038686,2,104785666.56464103,12.736868137613842,1,1207.209961
2017-04-24,106210532.0162144,21.049260175329806,2,105768423.84369761,13.547681752060505,1,1250.150024
2017-04-25,106545816.75064822,21.297707074914978,2,106005208.83480287,13.740791238211022,1,1265.48999
2017-04-26,106296728.44714509,21.113281637623526,2,105656015.50828332,13.455704393836204,1,1281.079956
2017-04-27,106315576.36445987,21.12726689167353,2,105439529.26925214,13.278013453870624,1,1317.72998
2017-04-28,106038977.29373907,20.921530046225264,2,105170956.59697059,13.056553495476278,1,1316.47998
2017-04-29,107414120.04953551,21.933912636579787,2,106512002.83335105,14.151220562203608,1,1321.790039
2017-04-30,107546763.08757216,22.030195618031186,2,106477054.82608278,14.123043188471177,1,1347.890015
2017-05-01,108223145.07433322,22.517497767299012,2,106680136.40010114,14.286522802855833,1,1421.599976
2017-05-02,108401878.03148936,22.645250874564233,2,106658402.22247186,14.26905665016831,1,1452.819946
2017-05-03,113569918.37166063,26.165306798843535,2,111587127.33835576,18.055732262091645,1,1490.089966
2017-05-04,116126471.43330908,27.79079587665208,2,113838163.06896493,19.676098136099,1,1537.670044
2017-05-05,118991764.82416463,29.52957633460484,2,116589289.56558448,21.571479912186923,1,1555.449951
2017-05-06,120954113.25112754,30.672882017315136,2,118401704.24043237,22.772011624510146,1,1578.800049
2017-05-07,123109792.39293292,31.886814875878983,2,120442381.71045847,24.080499664145254,1,1596.709961
2017-05-08,122646738.50329392,31.629652918762773,2,119166157.2458243,23.267430535201633,1,1723.349976
2017-05-09,127280432.63098429,34.118702250461546,2,123594311.30449201,26.016615633781488,1,1755.359985
2017-05-10,125932451.0319048,33.413508502843975,2,122042330.6342579,25.075788120424896,1,1787.130005
2017-05-11,125135475.82961571,32.98942586617488,2,120850842.27472828,24.33709797461271,1,1848.569946
2017-05-12,121213073.71821949,30.820992961986583,2,117726777.57516547,22.329264190722103,1,1724.23999
2017-05-13,123126209.93803109,31.895897030597443,2,119121921.8627717,23.23893624506757,1,1804.910034
2017-05-14,123133701.32264096,31.900040445628196,2,119103728.77237593,23.22721099526923,1,1808.910034
2017-05-15,119303437.7734654,29.713676015151957,2,115726025.54437727,20.986438480842043,1,1738.430054
2017-05-16,117326919.87447575,28.529615464011055,2,113775064.35939346,19.631551164546895,1,1734.449951
2017-05-17,119987225.11916086,30.11422614762283,2,115763463.6416144,21.011991598433312,1,1839.089966
2017-05-18,123133086.00810942,31.89970013989828,2,118591093.51281825,22.895344263522194,1,1888.650024
2017-05-19,123137129.89178261,31.901936587109496,2,117959061.7775074,22.482212888693258,1,1987.709961
2017-05-20,123576749.77904296,32.14419302299854,2,117775704.60150483,22.361530591925955,1,2084.72998
2017-05-21,122140793.82338515,31.346441943244752,2,116619260.13130829,21.591635649011746,1,2041.199951
2017-05-22,122111464.50424032,31.32995240130984,2,115741059.22786206,20.996701605119714,1,2173.399902
2017-05-23,129500390.57084815,35.248071122500654,2,122185952.28721541,25.163856666401358,1,2320.419922
2017-05-24,132533349.90161526,36.729886582684586,2,124427701.55164641,26.512140586934212,1,2443.639893
2017-05-25,127283399.61780491,34.12023794908946,2,120068103.03526905,23.843841890028504,1,2304.97998
2017-05-26,120734527.64447224,30.546793502646658,2,114177781.37350571,19.915019115618477,1,2202.419922
2017-05-27,119671906.42996994,29.930086935157608,2,114165333.66205461,19.906287264174267,1,2038.869995
2017-05-28,120887393.38866737,30.634619170818873,2,114629998.85840945,20.230955859880613,1,2155.800049
2017-05-29,122478009.72176313,31.53546421189155,2,115579722.95650221,20.88642190153403,1,2255.610107
2017-05-30,120938438.41886355,30.663896528830808,2,114554740.98361267,20.1785507941015,1,2175.469971
2017-05-31,122757260.65292329,31.691208851911927,2,115661204.68223715,20.942156327699124,1,2286.409912
2017-06-01,126893968.00124595,33.91805605945263,2,119017938.92203864,23.171872059489097,1,2407.879883
2017-06-02,127547252.85716887,34.2565214694027,2,119153231.06237973,23.25910630210924,1,2488.550049
2017-06-03,126490220.95259467,33.70712758107536,2,117924112.86063296,22.459239108078567,1,2515.350098
2017-06-04,126733957.8620005,33.83462316403993,2,118190580.7808424,22.634059513814965,1,2511.810059
2017-06-05,130638175.4326011,35.8120239196226,2,120971102.56994651,24.41231629321388,1,2686.810059
2017-06-06,131490925.1192461,36.228298095496555,2,120691231.81351137,24.237036101783854,1,2863.199951
2017-06-07,128584885.5282713,34.787047129203295,2,118626615.8741448,22.91843300647289,1,2732.159912
2017-06-08,130796516.74514392,35.88972941694741,2,120366550.3912096,24.03267013136831,1,2805.620117
2017-06-09,130405564.65151629,35.69752868859308,2,119858798.51991871,23.710853507356692,1,2823.810059
2017-06-10,131928920.7522827,36.44001609323513,2,120586578.63665524,24.171283884997973,1,2947.709961
2017-06-11,134652326.75897443,37.72554636310383,2,123243204.07084899,25.805844568421666,1,2958.110107
2017-06-12,129180816.46056417,35.087884489321134,2,119688270.73568976,23.60215932176821,1,2659.629883
2017-06-13,130640278.72690892,35.81305733907053,2,120779224.1171979,24.29223233090563,1,2717.02002
2017-06-14,128887252.9156812,34.94003565009082,2,120378806.34810588,24.04040448551786,1,2506.370117
2017-06-15,128614509.19636288,34.80206757194484,2,120374401.43183257,24.037624860826757,1,2464.580078
2017-06-16,134208495.506365,37.51960300118067,2,125621775.8736349,27.210665705631097,1,2518.560059
2017-06-17,146527726.32536912,42.7726049523766,2,137059259.7958125,33.2848765392379,1,2655.879883
2017-06-18,144300792.31659144,41.88943840686168,2,135523172.95180434,32.528694247956224,1,2548.290039
2017-06-19,148663394.68815687,43.594722174604286,2,139620518.52890307,34.50872740581179,1,2589.600098
2017-06-20,146539704.97311068,42.7772829118864,2,136648021.5049542,33.08409929384317,1,2721.790039
2017-06-21,146876614.29982406,42.90854184087771,2,137194836.82480508,33.35080495489129,1,2689.100098
2017-06-22,146909913.32056874,42.92148235392149,2,137123408.5930424,33.31608707412004,1,2705.409912
2017-06-23,146802195.02907932,42.87960014364278,2,136762056.11087233,33.13989494786945,1,2744.909912
2017-06-24,143204916.47659093,41.44474724635122,2,134039269.34229231,31.781742144776143,1,2608.719971
2017-06-25,142537651.89082497,41.17063127801035,2,133495996.93846202,31.50412260726143,1,2589.409912
2017-06-26,139151306.89113876,39.73897718106208,2,130822139.02500848,30.104143634508922,1,2478.449951
2017-06-27,139061267.67557955,39.699959449424036,2,130256937.02184504,29.80085630921297,1,2552.449951
2017-06-28,141414578.99634105,40.703425775719296,2,132466799.98464164,30.97194587792219,1,2574.790039
2017-06-29,139478487.1579972,39.88033387289892,2,130758465.04219778,30.07010723345971,1,2539.320068
2017-06-30,138422213.2547418,39.42157199567319,2,130077698.03510237,29.70412625036809,1,2480.840088
2017-07-01,136816965.45229262,38.71081665836323,2,128769684.07007955,28.99007631530761,1,2434.550049
2017-07-02,139748495.3254301,39.99649112267723,2,131239407.58346298,30.326373708269532,1,2506.469971
2017-07-03,144769344.941755,42.0775159048648,2,135890464.4058358,32.71105902317005,1,2564.060059
2017-07-04,153541030.71377337,45.38658467466093,2,144420845.60108194,36.685556709897874,1,2601.639893
2017-07-05,151494366.69885135,44.6487664025099,2,142371933.57174844,35.77438186501688,1,2601.98999
2017-07-06,149560122.01098004,43.932914956860444,2,140395501.69062316,34.87023922698082,1,2608.560059
2017-07-07,144621733.58650756,42.01839604670416,2,136034372.78580678,32.782242815087,1,2518.659912
2017-07-08,150286461.20250708,44.20388894144736,2,141360834.73586518,35.31500110476952,1,2571.340088
2017-07-09,147497550.07947335,43.14888569109251,2,138911601.73868543,34.17450145078983,1,2518.439941
2017-07-10,144632481.4545617,30.834000731234184,1,136035234.77648467,32.7826687420917,1,2372.560059
2017-07-11,143439842.55812842,30.25891601580598,1,134842595.88005137,32.18815331282828,1,2337.790039
2017-07-12,146714810.17396867,31.815676313358793,1,138117563.49589163,33.79607048317004,1,2398.840088
2017-07-13,144394451.8732751,30.719982819661908,1,135797205.19519806,32.664848105124065,1,2357.899902
2017-07-14,141019237.82563916,29.06180560346777,1,132421991.14756212,30.94858822558464,1,2233.340088
2017-07-15,137305364.2558113,27.143049648895218,1,128708117.57773426,28.95610928972096,1,1998.859985
2017-07-16,139209790.81272227,28.13975189443517,1,130612544.13464522,29.991981250345663,1,1929.819946
2017-07-17,140891893.517592,28.997688534316367,1,132294646.83951499,30.882120651407142,1,2228.409912
2017-07-18,142455169.5431612,29.776854440546753,1,133857922.86508419,31.6893222081857,1,2318.879883
2017-07-19,139163352.96674562,28.115772627895304,1,130566106.28866857,29.967081820591364,1,2273.429932
2017-07-20,143138142.65160537,30.1119190090748,1,134540895.97352833,32.03608930538552,1,2817.600098
2017-07-21,143853666.8210204,30.459540395502575,1,135256420.14294338,32.39562729033712,1,2667.76001
2017-07-22,144615150.35484383,30.825711676958246,1,136017903.6767668,32.774104058772,1,2810.120117
2017-07-23,142219152.48945618,29.660316972654936,1,133621905.81137916,31.56866470961824,1,2730.399902
2017-07-24,142553885.57694304,29.825482721573664,1,133956638.89886603,31.73966207362266,1,2754.860107
2017-07-25,140481707.1527541,28.790372004460064,1,131884460.47467706,30.667150581595553,1,2576.47998
2017-07-26,140470599.90397435,28.78474133829789,1,131873353.22589733,30.661310908998622,1,2529.449951
2017-07-27,140507744.80352786,0.0,0,131910498.12545083,0.0,0,2671.780029
2017-07-28,140507744.80352786,0.0,0,131910498.12545083,0.0,0,2809.01001
2017-07-29,140507744.80352786,0.0,0,131910498.12545083,0.0,0,2726.449951
2017-07-30,140507744.80352786,0.0,0,131910498.12545083,0.0,0,2757.179932
2017-07-31,140507744.80352786,0.0,0,131910498.12545083,0.0,0,2875.340088
2017-08-01,140507744.80352786,0.0,0,131910498.12545083,0.0,0,2718.26001
2017-08-02,140507744.80352786,0.0,0,131910498.12545083,0.0,0,2710.669922
2017-08-03,140507744.80352786,0.0,0,131910498.12545083,0.0,0,2804.72998
2017-08-04,140507744.80352786,0.0,0,131910498.12545083,0.0,0,2895.889893
2017-08-05,140507744.80352786,0.0,0,131910498.12545083,0.0,0,3252.909912
2017-08-06,140345164.93742836,7.418733875885622,1,131910498.12545083,0.0,0,3213.939941
2017-08-07,140879696.59953472,7.770009604437971,1,131910498.12545083,0.0,0,3378.939941
2017-08-08,141012519.6186036,7.856883208329052,1,131910498.12545083,0.0,0,3419.939941
2017-08-09,140761549.00146765,7.692596760431311,1,131910498.12545083,0.0,0,3342.469971
2017-08-10,140887277.5154627,7.7749723506529325,1,131910498.12545083,0.0,0,3381.280029
2017-08-11,141759827.84825373,8.342629491526706,1,131910498.12545083,0.0,0,3650.620117
2017-08-12,142518181.99004486,8.830347939658772,1,131910498.12545083,0.0,0,3884.709961
2017-08-13,143129006.05720976,9.21942782784892,1,131910498.12545083,0.0,0,4073.26001
2017-08-14,143944960.12902316,9.734018803726247,1,131910498.12545083,0.0,0,4325.129883
2017-08-15,143481052.3872301,9.442167811551439,1,131910498.12545083,0.0,0,4181.930176
2017-08-16,144111798.79931697,9.838520006271944,1,131910498.12545083,0.0,0,4376.629883
2017-08-17,143966211.99997017,9.747343603737567,1,131910498.12545083,0.0,0,4331.689941
2017-08-18,143412016.62203705,9.39857502632598,1,131910498.12545083,0.0,0,4160.620117
2017-08-19,143519182.3740125,9.46622709677917,1,131910498.12545083,0.0,0,4193.700195
2017-08-20,143175655.775696,9.249006097373206,1,131910498.12545083,0.0,0,4087.659912
2017-08-21,142897310.81378868,9.072235227459524,1,131910498.12545083,0.0,0,4001.73999
2017-08-22,143217317.19935727,9.275405248527495,1,131910498.12545083,0.0,0,4100.52002
2017-08-23,143382536.0767356,9.379946680877532,1,131910498.12545083,0.0,0,4151.52002
2017-08-24,143421645.186027,16.85782727260486,2,131400590.05085273,7.096076901075402,1,4334.680176
2017-08-25,143741427.57889533,17.042794149523093,2,131584751.01309371,7.226101662623632,1,4371.600098
2017-08-26,143794906.33588386,17.073646760127833,2,131691174.9400085,7.30107527099758,1,4352.399902
2017-08-27,145793878.30498135,18.21064549802559,2,133439367.01944382,8.515525920780702,1,4382.879883
2017-08-28,146034845.56939188,18.34560340437595,2,133661709.36233869,8.667707666789482,1,4382.660156
2017-08-29,146834856.34068155,18.79048684981681,2,133812482.96912,8.770616594455525,1,4579.02002
2017-08-30,146992826.74155632,18.877761172187224,2,133998705.70097503,8.897401289235656,1,4565.299805
2017-08-31,148830800.75104904,19.879573739243042,2,135278060.8271958,9.758979108728012,1,4703.390137
2017-09-01,152468057.49484855,21.79091546892222,2,138062141.22390872,11.578726760151836,1,4892.009766
2017-09-02,150036498.52518624,20.523423872744413,2,136758706.83139402,10.735991908082426,1,4578.77002
2017-09-03,149609549.52674657,20.29661719707241,2,136353430.38224888,10.470676982491343,1,4582.959961
2017-09-04,146136363.3426531,18.402326948946012,2,134191284.55699804,9.028143269226096,1,4236.310059
2017-09-05,147820317.12758192,19.33187921243572,2,135322596.20093682,9.788677900393205,1,4376.529785
2017-09-06,150316076.3794043,20.67124499174549,2,136961225.27696112,10.86798260929956,1,4597.120117
2017-09-07,149995830.15755883,20.50187538961447,2,136658376.78865296,10.670457237193204,1,4599.879883
2017-09-08,146634731.29442275,18.679653233303398,2,134672309.98272714,9.353078485076335,1,4228.75
2017-09-09,146265387.37646955,18.47430611719577,2,134340534.3387944,9.12921127400593,1,4226.060059
2017-09-10,145043609.3301922,17.787572634393463,2,133523848.57631652,8.5734088449347,1,4122.939941
2017-09-11,146061714.65257806,18.360624306875017,2,134346256.8315032,9.133081924652933,1,4161.27002
2017-09-12,145598267.26694232,18.10076163172008,2,134010672.33299115,8.90553639710061,1,4130.810059
2017-09-13,144288523.24555817,17.357341189151573,2,133545512.40275991,8.588240116816902,1,3882.590088
2017-09-14,139046710.6935107,7.35057385221972,1,130891746.18904263,0.0,0,3154.949951
2017-09-15,139062965.30862084,0.0,0,130891746.18904263,0.0,0,3637.52002
2017-09-16,139062965.30862084,0.0,0,130891746.18904263,0.0,0,3625.040039
2017-09-17,139062965.30862084,0.0,0,130891746.18904263,0.0,0,3582.879883
2017-09-18,139062965.30862084,0.0,0,130891746.18904263,0.0,0,4065.199951
2017-09-19,139062965.30862084,0.0,0,130891746.18904263,0.0,0,3924.969971
2017-09-20,139062965.30862084,0.0,0,130891746.18904263,0.0,0,3905.949951
2017-09-21,139062965.30862084,0.0,0,130891746.18904263,0.0,0,3631.040039
2017-09-22,139062965.30862084,0.0,0,130891746.18904263,0.0,0,3630.699951
2017-09-23,139062965.30862084,0.0,0,130891746.18904263,0.0,0,3792.399902
2017-09-24,139062965.30862084,0.0,0,130891746.18904263,0.0,0,3682.840088
2017-09-25,139062965.30862084,0.0,0,130891746.18904263,0.0,0,3926.070068
2017-09-26,139062965.30862084,0.0,0,130891746.18904263,0.0,0,3892.350098
2017-09-27,139062965.30862084,0.0,0,130891746.18904263,0.0,0,4200.669922
2017-09-28,139062965.30862084,0.0,0,130891746.18904263,0.0,0,4174.72998
2017-09-29,139062965.30862084,0.0,0,130891746.18904263,0.0,0,4163.069824
2017-09-30,139062965.30862084,0.0,0,130891746.18904263,0.0,0,4338.709961
2017-10-01,139062965.30862084,0.0,0,130891746.18904263,0.0,0,4403.740234
2017-10-02,139062965.30862084,0.0,0,130891746.18904263,0.0,0,4409.319824
2017-10-03,139062965.30862084,0.0,0,130891746.18904263,0.0,0,4317.47998
2017-10-04,139062965.30862084,0.0,0,130891746.18904263,0.0,0,4229.359863
2017-10-05,139062965.30862084,0.0,0,130891746.18904263,0.0,0,4328.410156
2017-10-06,139062965.30862084,0.0,0,130891746.18904263,0.0,0,4370.810059
2017-10-07,139062965.30862084,0.0,0,130891746.18904263,0.0,0,4426.890137
2017-10-08,139062965.30862084,0.0,0,130891746.18904263,0.0,0,4610.47998
2017-10-09,139062965.30862084,0.0,0,130891746.18904263,0.0,0,4772.02002
2017-10-10,139062965.30862084,0.0,0,130891746.18904263,0.0,0,4781.990234
2017-10-11,139062965.30862084,0.0,0,130891746.18904263,0.0,0,4826.47998
2017-10-12,139062965.30862084,0.0,0,130891746.18904263,0.0,0,5446.910156
2017-10-13,139392542.85857826,7.757413319661905,1,130891746.18904263,0.0,0,5647.209961
2017-10-14,139745976.07459113,7.990705146586327,1,130891746.18904263,0.0,0,5831.790039
2017-10-15,139451863.2038834,7.796651677386243,1,130891746.18904263,0.0,0,5678.189941
2017-10-16,139542624.35393554,7.856622471049904,1,130891746.18904263,0.0,0,5725.589844
2017-10-17,139312695.48725352,7.704544282530308,1,130891746.18904263,0.0,0,5605.509766
2017-10-18,139284318.54393846,7.685740565482237,1,130891746.18904263,0.0,0,5590.689941
2017-10-19,139509939.12127954,7.83503456303981,1,130891746.18904263,0.0,0,5708.52002
2017-10-20,140089988.6430789,8.216648157602737,1,130891746.18904263,0.0,0,6011.450195
2017-10-21,140128571.59903386,8.241919756257628,1,130891746.18904263,0.0,0,6031.600098
2017-10-22,140084186.28811517,8.212846446636917,1,130891746.18904263,0.0,0,6008.419922
2017-10-23,139934640.52398857,8.114755080812513,1,130891746.18904263,0.0,0,5930.319824
2017-10-24,139161676.22815877,7.604384585420791,1,130891746.18904263,0.0,0,5526.640137
2017-10-25,139590896.28928378,7.88848657738552,1,130891746.18904263,0.0,0,5750.799805
2017-10-26,139885832.85740966,8.082695333903708,1,130891746.18904263,0.0,0,5904.830078
2017-10-27,139648531.83804005,7.92650271370296,1,130891746.18904263,0.0,0,5780.899902
2017-10-28,139595281.2470611,7.891379978176401,1,130891746.18904263,0.0,0,5753.089844
2017-10-29,140362655.4239284,8.394945376381182,1,130891746.18904263,0.0,0,6153.850098
2017-10-30,140318001.77922675,8.365793738600058,1,130891746.18904263,0.0,0,6130.529785
2017-10-31,140964954.16617912,8.786344852300358,1,130891746.18904263,0.0,0,6468.399902
2017-11-01,141537306.17313525,9.15519685321191,1,130891746.18904263,0.0,0,6767.310059
2017-11-02,142133171.46277115,9.536045773853596,1,130891746.18904263,0.0,0,7078.5
2017-11-03,142380677.56036013,9.693302928873736,1,130891746.18904263,0.0,0,7207.759766
2017-11-04,142710387.12461823,9.90194213405583,1,130891746.18904263,0.0,0,7379.950195
2017-11-05,142762967.35122222,9.93512564366665,1,130891746.18904263,0.0,0,7407.410156
2017-11-06,142026440.27933362,9.468063186428294,1,130891746.18904263,0.0,0,7022.759766
2017-11-07,142259318.00670773,9.616263473026915,1,130891746.18904263,0.0,0,7144.379883
2017-11-08,142863072.480363,9.998234715324976,1,130891746.18904263,0.0,0,7459.689941
2017-11-09,142257786.54320204,9.615290454977346,1,130891746.18904263,0.0,0,7143.580078
2017-11-10,141251676.18621516,8.971496378745558,1,130891746.18904263,0.0,0,6618.140137
2017-11-11,140752795.13208598,8.648856989596956,1,130891746.18904263,0.0,0,6357.600098
2017-11-12,139972457.7472333,8.139580284827149,1,130891746.18904263,0.0,0,5950.069824
2017-11-13,141139373.5798844,8.899066283955115,1,130891746.18904263,0.0,0,6559.490234
2017-11-14,141285395.4834496,8.993221321793685,1,130891746.18904263,0.0,0,6635.75
2017-11-15,142587054.80822942,9.824010780514046,1,130891746.18904263,0.0,0,7315.540039
2017-11-16,143651968.4791896,10.492498965735837,1,130891746.18904263,0.0,0,7871.689941
2017-11-17,142882504.6274551,17.50089578780587,2,130474495.54898769,7.154329603269119,1,7708.990234
2017-11-18,143352467.45733416,17.771358606937966,2,130761112.75703001,7.35783939503249,1,7790.149902
2017-11-19,144119144.34850797,18.208793893094178,2,131029895.37104475,7.547876958787414,1,8036.490234
2017-11-20,144534054.2263793,18.443589627002062,2,131121556.80562262,7.612506257235189,1,8200.639648
2017-11-21,143949046.89094186,18.112145276722366,2,130814244.47265369,7.395467078102233,1,8071.259766
2017-11-22,144580784.36558127,18.46994957812742,2,131071823.15783037,7.577450919150215,1,8253.549805
2017-11-23,144371265.28376794,18.351628932595847,2,131255643.50905904,7.706886461724191,1,8038.77002
2017-11-24,145502199.60714665,18.98625126502382,2,131911146.18434225,8.165516263560734,1,8253.69043
2017-11-25,148175711.39775512,20.44796999342558,2,133409867.43742317,9.197181275941276,1,8790.919922
2017-11-26,148770806.04047355,20.76618421928256,2,133010603.82404964,8.924614574746329,1,9330.549805
2017-11-27,150565402.5112656,21.71057598389677,2,133794721.93193848,9.458371496272914,1,9818.349609
2017-11-28,151697643.20797738,22.294912497758276,2,134406872.87805656,9.870739869740797,1,10058.7998
2017-11-29,149785432.39176723,21.302903419013518,2,132961449.87205528,8.890945303484857,1,9888.610352
2017-11-30,150864433.16658145,21.86575462525344,2,133342699.71518673,9.151441850240651,1,10233.59961
2017-12-01,153903414.00211227,23.40859547665431,2,134817161.24405366,10.145029778578358,1,10975.59961
2017-12-02,154287092.83648786,23.59906183563774,2,134994032.63114178,10.262759228614499,1,11074.59961
2017-12-03,154911545.401241,23.90703605190878,2,135129280.832943,10.352575442939932,1,11323.2002
2017-12-04,156001843.02527893,24.43885013942033,2,135539997.1230985,10.624227047024215,1,11657.2002
2017-12-05,156219910.38768274,24.54432594342895,2,135285941.93103743,10.45638714556019,1,11916.7002
2017-12-06,160457111.24293238,26.536888592533863,2,135003426.85921487,10.269003604228278,1,14291.5
2017-12-07,167053807.6641386,29.437833209651608,2,134718895.49893042,10.079488374240594,1,17899.69922
2017-12-08,168532520.51697987,30.056949227362306,2,138387243.71759322,12.463087756541658,1,16569.40039
2017-12-09,170477190.76098266,30.85480475868101,2,142586414.77540848,15.04105052362737,1,15178.2002
2017-12-10,170010032.85727662,30.66480582792734,2,141677119.35898635,14.49577699115839,1,15455.40039
2017-12-11,182784011.12262705,35.51034049990537,2,150731805.23149294,19.632144056681007,1,16936.80078
2017-12-12,199158640.25315544,40.81261739698504,2,164816902.14559266,26.500305179744092,1,17415.40039
2017-12-13,195174589.75782046,39.60444003501533,2,162944018.07941914,25.655497196487044,1,16408.19922
2017-12-14,191944196.6281085,38.587991476510574,2,159728745.02131858,24.158973343813496,1,16564.0
2017-12-15,197233324.70282635,40.234853024354,2,162554024.32843566,25.47713254736116,1,17706.90039
2017-12-16,200539411.61732015,41.22013950128868,2,162442537.31746322,25.425986265860068,1,19497.40039
2017-12-17,202850568.01358235,41.88984159723696,2,165170562.69637352,26.657681543473878,1,19140.80078
2017-12-18,208806222.0410204,43.54728262338842,2,170643603.82098094,29.00998491786656,1,19114.19922
2017-12-19,205019665.08204296,42.50464395870202,2,169526946.0935753,28.542380500180954,1,17776.69922
2017-12-20,197411232.70211872,40.2887136764573,2,164604430.08395904,26.405431477499654,1,16624.59961
2017-12-21,196268589.15247393,39.94108435658897,2,164996911.259122,26.580492225721557,1,15802.90039
2017-12-22,184529920.10828158,36.12050212538566,2,157739955.6143894,23.202767734163253,1,13831.7998
2017-12-23,189728631.50561848,37.87084982473689,2,160963517.2681864,24.740759803741515,1,14699.2002
2017-12-24,186384970.40502375,36.75628129379468,2,159266223.9995739,23.938725332287333,1,13925.7998
2017-12-25,186185295.36281854,36.68845535632056,2,158908419.1371299,23.767462575615443,1,14026.59961
2017-12-26,192143346.94669628,38.65164302238463,2,160720100.0162882,24.62677656563587,1,16099.7998
2017-12-27,189470349.03778553,37.78615651882847,2,158740429.7417514,23.68678837124972,1,15838.5
2017-12-28,183738760.5318902,35.845443796199845,2,155667445.5555208,22.180312231047512,1,14606.5
2017-12-29,183162569.4666251,35.6436270047652,2,155055723.58072892,21.873299939076706,1,14656.2002
2017-12-30,175876007.0087576,32.97733534072802,2,151389392.7004588,19.98123651311583,1,12952.2002
2017-12-31,180172983.3629532,34.57577035501601,2,153203700.1196257,20.928854854927792,1,14156.40039
2018-01-01,178752717.30272853,34.05594713619609,2,152780552.01348603,20.70985574229545,1,13657.2002
2018-01-02,185330360.37850517,36.39639714029889,2,156462355.47507358,22.57567660835228,1,14982.09961
2018-01-03,184185432.98925674,36.00102653043531,2,155037211.2701942,21.863971173932313,1,15201.0
2018-01-04,184341742.3474193,36.055293341298125,2,154484892.26556686,21.58461690806299,1,15599.2002
2018-01-05,189044315.21864954,37.64595023274811,2,155576405.97422484,22.13477401626035,1,17429.5
2018-01-06,196384730.12756568,39.976602907452104,2,162094682.13792247,25.265950436217654,1,17527.0
2018-01-07,193161952.46857005,38.97515277353736,2,160989074.46232787,24.752707291600913,1,16477.59961
2018-01-08,185702318.9610597,36.52379407372122,2,156473268.5109171,22.58107647265098,1,15170.09961
2018-01-09,183278882.07814762,35.68446890496843,2,155267782.48078358,21.98000244886408,1,14595.40039
2018-01-10,184530259.77675352,36.1206197096315,2,155748678.7970955,22.220900347393837,1,14973.2998
2018-01-11,178321823.94317365,33.89660121962332,2,152826554.52362752,20.73372296665776,1,13405.7998
2018-01-12,179498012.05166993,20.00650147579249,1,153861289.702268,21.266797955727306,1,13980.59961
2018-01-13,182884667.81737182,21.487819982307226,1,156947117.84376073,22.814817020211883,1,14360.2002
2018-01-14,179773802.46673894,20.129219245890802,1,154112582.38828373,21.395178633759663,1,13772.0
2018-01-15,178879113.4910897,19.729734333300616,1,153297366.25474516,20.97716806960429,1,13819.7998
2018-01-16,172140821.1809942,16.587629455675213,1,147157618.52877945,17.680157303225723,1,11490.5
2018-01-17,172358196.84442604,0.0,0,147355685.29018074,0.0,0,11188.59961
2018-01-18,172358196.84442604,0.0,0,147355685.29018074,0.0,0,11474.90039
2018-01-19,172358196.84442604,0.0,0,147355685.29018074,0.0,0,11607.40039
2018-01-20,172358196.84442604,0.0,0,147355685.29018074,0.0,0,12899.2002
2018-01-21,172358196.84442604,0.0,0,147355685.29018074,0.0,0,11600.09961
2018-01-22,172358196.84442604,0.0,0,147355685.29018074,0.0,0,10931.40039
2018-01-23,172358196.84442604,0.0,0,147355685.29018074,0.0,0,10868.40039
2018-01-24,172358196.84442604,0.0,0,147355685.29018074,0.0,0,11359.40039
2018-01-25,172358196.84442604,0.0,0,147355685.29018074,0.0,0,11259.40039
2018-01-26,172358196.84442604,0.0,0,147355685.29018074,0.0,0,11171.40039
2018-01-27,172358196.84442604,0.0,0,147355685.29018074,0.0,0,11440.7002
2018-01-28,172358196.84442604,0.0,0,147355685.29018074,0.0,0,11786.2998
2018-01-29,172358196.84442604,0.0,0,147355685.29018074,0.0,0,11296.40039
2018-01-30,172358196.84442604,0.0,0,147355685.29018074,0.0,0,10106.2998
2018-01-31,172358196.84442604,0.0,0,147355685.29018074,0.0,0,10221.09961
2018-02-01,172358196.84442604,0.0,0,147355685.29018074,0.0,0,9170.540039
2018-02-02,172358196.84442604,0.0,0,147355685.29018074,0.0,0,8830.75
2018-02-03,172358196.84442604,0.0,0,147355685.29018074,0.0,0,9174.910156
2018-02-04,172358196.84442604,0.0,0,147355685.29018074,0.0,0,8277.009766
2018-02-05,172358196.84442604,0.0,0,147355685.29018074,0.0,0,6955.27002
2018-02-06,172358196.84442604,0.0,0,147355685.29018074,0.0,0,7754.0
2018-02-07,172358196.84442604,0.0,0,147355685.29018074,0.0,0,7621.299805
2018-02-08,172358196.84442604,0.0,0,147355685.29018074,0.0,0,8265.589844
2018-02-09,172358196.84442604,0.0,0,147355685.29018074,0.0,0,8736.980469
2018-02-10,172358196.84442604,0.0,0,147355685.29018074,0.0,0,8621.900391
2018-02-11,172358196.84442604,0.0,0,147355685.29018074,0.0,0,8129.970215
2018-02-12,172358196.84442604,0.0,0,147355685.29018074,0.0,0,8926.570312
2018-02-13,172358196.84442604,0.0,0,147355685.29018074,0.0,0,8598.30957
2018-02-14,172358196.84442604,0.0,0,147355685.29018074,0.0,0,9494.629883
2018-02-15,172358196.84442604,0.0,0,147355685.29018074,0.0,0,10166.40039
2018-02-16,172358196.84442604,0.0,0,147355685.29018074,0.0,0,10233.90039
2018-02-17,172358196.84442604,0.0,0,147355685.29018074,0.0,0,11112.7002
2018-02-18,172358196.84442604,0.0,0,147355685.29018074,0.0,0,10551.7998
2018-02-19,172358196.84442604,0.0,0,147355685.29018074,0.0,0,11225.2998
2018-02-20,172358196.84442604,0.0,0,147355685.29018074,0.0,0,11403.7002
2018-02-21,172358196.84442604,0.0,0,147355685.29018074,0.0,0,10690.40039
2018-02-22,172358196.84442604,0.0,0,147355685.29018074,0.0,0,10005.0
2018-02-23,172358196.84442604,0.0,0,147355685.29018074,0.0,0,10301.09961
2018-02-24,172358196.84442604,0.0,0,147355685.29018074,0.0,0,9813.070312
2018-02-25,172358196.84442604,0.0,0,147355685.29018074,0.0,0,9664.730469
2018-02-26,172358196.84442604,0.0,0,147355685.29018074,0.0,0,10366.7002
2018-02-27,172358196.84442604,0.0,0,147355685.29018074,0.0,0,10725.59961
2018-02-28,172358196.84442604,0.0,0,147355685.29018074,0.0,0,10397.90039
2018-03-01,172358196.84442604,0.0,0,147355685.29018074,0.0,0,10951.0
2018-03-02,172358196.84442604,0.0,0,147355685.29018074,0.0,0,11086.40039
2018-03-03,172358196.84442604,0.0,0,147355685.29018074,0.0,0,11489.7002
2018-03-04,172358196.84442604,0.0,0,147355685.29018074,0.0,0,11512.59961
2018-03-05,172358196.84442604,0.0,0,147355685.29018074,0.0,0,11573.2998
2018-03-06,172358196.84442604,0.0,0,147355685.29018074,0.0,0,10779.90039
2018-03-07,172358196.84442604,0.0,0,147355685.29018074,0.0,0,9965.570312
2018-03-08,172358196.84442604,0.0,0,147355685.29018074,0.0,0,9395.009766
2018-03-09,172358196.84442604,0.0,0,147355685.29018074,0.0,0,9337.549805
2018-03-10,172358196.84442604,0.0,0,147355685.29018074,0.0,0,8866.0
2018-03-11,172358196.84442604,0.0,0,147355685.29018074,0.0,0,9578.629883
2018-03-12,172358196.84442604,0.0,0,147355685.29018074,0.0,0,9205.120117
2018-03-13,172358196.84442604,0.0,0,147355685.29018074,0.0,0,9194.849609
2018-03-14,172358196.84442604,0.0,0,147355685.29018074,0.0,0,8269.80957
2018-03-15,172358196.84442604,0.0,0,147355685.29018074,0.0,0,8300.860352
2018-03-16,172358196.84442604,0.0,0,147355685.29018074,0.0,0,8338.349609
2018-03-17,172358196.84442604,0.0,0,147355685.29018074,0.0,0,7916.879883
2018-03-18,172358196.84442604,0.0,0,147355685.29018074,0.0,0,8223.679688
2018-03-19,172358196.84442604,0.0,0,147355685.29018074,0.0,0,8630.650391
2018-03-20,172358196.84442604,0.0,0,147355685.29018074,0.0,0,8913.469727
2018-03-21,172358196.84442604,0.0,0,147355685.29018074,0.0,0,8929.280273
2018-03-22,172358196.84442604,0.0,0,147355685.29018074,0.0,0,8728.469727
2018-03-23,172358196.84442604,0.0,0,147355685.29018074,0.0,0,8879.620117
2018-03-24,172358196.84442604,0.0,0,147355685.29018074,0.0,0,8668.120117
2018-03-25,172358196.84442604,0.0,0,147355685.29018074,0.0,0,8495.780273
2018-03-26,172358196.84442604,0.0,0,147355685.29018074,0.0,0,8209.400391
2018-03-27,172358196.84442604,0.0,0,147355685.29018074,0.0,0,7833.040039
2018-03-28,172358196.84442604,0.0,0,147355685.29018074,0.0,0,7954.47998
2018-03-29,172358196.84442604,0.0,0,147355685.29018074,0.0,0,7165.700195
2018-03-30,172358196.84442604,0.0,0,147355685.29018074,0.0,0,6890.52002
2018-03-31,172358196.84442604,0.0,0,147355685.29018074,0.0,0,6973.529785
2018-04-01,172358196.84442604,0.0,0,147355685.29018074,0.0,0,6844.22998
2018-04-02,172358196.84442604,0.0,0,147355685.29018074,0.0,0,7083.799805
2018-04-03,172358196.84442604,0.0,0,147355685.29018074,0.0,0,7456.109863
2018-04-04,172358196.84442604,0.0,0,147355685.29018074,0.0,0,6853.839844
2018-04-05,172358196.84442604,0.0,0,147355685.29018074,0.0,0,6811.470215
2018-04-06,172358196.84442604,0.0,0,147355685.29018074,0.0,0,6636.319824
2018-04-07,172358196.84442604,0.0,0,147355685.29018074,0.0,0,6911.089844
2018-04-08,172358196.84442604,0.0,0,147355685.29018074,0.0,0,7023.52002
2018-04-09,172358196.84442604,0.0,0,147355685.29018074,0.0,0,6770.72998
2018-04-10,172358196.84442604,0.0,0,147355685.29018074,0.0,0,6834.759766
2018-04-11,172358196.84442604,0.0,0,147355685.29018074,0.0,0,6968.319824
2018-04-12,172358196.84442604,0.0,0,147355685.29018074,0.0,0,7889.25
2018-04-13,172358196.84442604,0.0,0,147355685.29018074,0.0,0,7895.959961
2018-04-14,172358196.84442604,0.0,0,147355685.29018074,0.0,0,7986.240234
2018-04-15,172358196.84442604,0.0,0,147355685.29018074,0.0,0,8329.110352
2018-04-16,172358196.84442604,0.0,0,147355685.29018074,0.0,0,8058.669922
2018-04-17,172358196.84442604,0.0,0,147355685.29018074,0.0,0,7902.089844
2018-04-18,172358196.84442604,0.0,0,147355685.29018074,0.0,0,8163.419922
2018-04-19,172358196.84442604,0.0,0,147355685.29018074,0.0,0,8294.30957
2018-04-20,172358196.84442604,0.0,0,147355685.29018074,0.0,0,8845.830078
2018-04-21,172358196.84442604,0.0,0,147355685.29018074,0.0,0,8895.580078
2018-04-22,172358196.84442604,0.0,0,147355685.29018074,0.0,0,8802.459961
2018-04-23,172358196.84442604,0.0,0,147355685.29018074,0.0,0,8930.879883
2018-04-24,172358196.84442604,0.0,0,147355685.29018074,0.0,0,9697.5
2018-04-25,172358196.84442604,0.0,0,147355685.29018074,0.0,0,8845.740234
2018-04-26,172358196.84442604,0.0,0,147355685.29018074,0.0,0,9281.509766
2018-04-27,172358196.84442604,0.0,0,147355685.29018074,0.0,0,8987.049805
2018-04-28,172358196.84442604,0.0,0,147355685.29018074,0.0,0,9348.480469
2018-04-29,172358196.84442604,0.0,0,147355685.29018074,0.0,0,9419.080078
2018-04-30,172358196.84442604,0.0,0,147355685.29018074,0.0,0,9240.549805
2018-05-01,172358196.84442604,0.0,0,147355685.29018074,0.0,0,9119.009766
2018-05-02,172358196.84442604,0.0,0,147355685.29018074,0.0,0,9235.919922
2018-05-03,172358196.84442604,0.0,0,147355685.29018074,0.0,0,9743.860352
2018-05-04,172358196.84442604,0.0,0,147355685.29018074,0.0,0,9700.759766
2018-05-05,172358196.84442604,0.0,0,147355685.29018074,0.0,0,9858.150391
2018-05-06,172358196.84442604,0.0,0,147355685.29018074,0.0,0,9654.799805
2018-05-07,172358196.84442604,0.0,0,147355685.29018074,0.0,0,9373.009766
2018-05-08,172358196.84442604,0.0,0,147355685.29018074,0.0,0,9234.820312
2018-05-09,172358196.84442604,0.0,0,147355685.29018074,0.0,0,9325.179688
2018-05-10,172358196.84442604,0.0,0,147355685.29018074,0.0,0,9043.94043
2018-05-11,172358196.84442604,0.0,0,147355685.29018074,0.0,0,8441.490234
2018-05-12,172358196.84442604,0.0,0,147355685.29018074,0.0,0,8504.889648
2018-05-13,172358196.84442604,0.0,0,147355685.29018074,0.0,0,8723.94043
2018-05-14,172358196.84442604,0.0,0,147355685.29018074,0.0,0,8716.790039
2018-05-15,172358196.84442604,0.0,0,147355685.29018074,0.0,0,8510.379883
2018-05-16,172358196.84442604,0.0,0,147355685.29018074,0.0,0,8368.830078
2018-05-17,172358196.84442604,0.0,0,147355685.29018074,0.0,0,8094.319824
2018-05-18,172358196.84442604,0.0,0,147355685.29018074,0.0,0,8250.969727
2018-05-19,172358196.84442604,0.0,0,147355685.29018074,0.0,0,8247.179688
2018-05-20,172358196.84442604,0.0,0,147355685.29018074,0.0,0,8513.25
2018-05-21,172358196.84442604,0.0,0,147355685.29018074,0.0,0,8418.990234
2018-05-22,172358196.84442604,0.0,0,147355685.29018074,0.0,0,8041.779785
2018-05-23,172358196.84442604,0.0,0,147355685.29018074,0.0,0,7557.819824
2018-05-24,172358196.84442604,0.0,0,147355685.29018074,0.0,0,7587.339844
2018-05-25,172358196.84442604,0.0,0,147355685.29018074,0.0,0,7480.140137
2018-05-26,172358196.84442604,0.0,0,147355685.29018074,0.0,0,7355.879883
2018-05-27,172358196.84442604,0.0,0,147355685.29018074,0.0,0,7368.220215
2018-05-28,172358196.84442604,0.0,0,147355685.29018074,0.0,0,7135.990234
2018-05-29,172358196.84442604,0.0,0,147355685.29018074,0.0,0,7472.589844
2018-05-30,172358196.84442604,0.0,0,147355685.29018074,0.0,0,7406.52002
2018-05-31,172358196.84442604,0.0,0,147355685.29018074,0.0,0,7494.169922
2018-06-01,172358196.84442604,0.0,0,147355685.29018074,0.0,0,7541.450195
2018-06-02,172358196.84442604,0.0,0,147355685.29018074,0.0,0,7643.450195
2018-06-03,172358196.84442604,0.0,0,147355685.29018074,0.0,0,7720.25
2018-06-04,172358196.84442604,0.0,0,147355685.29018074,0.0,0,7514.470215
2018-06-05,172358196.84442604,0.0,0,147355685.29018074,0.0,0,7633.759766
2018-06-06,172358196.84442604,0.0,0,147355685.29018074,0.0,0,7653.97998
2018-06-07,172358196.84442604,0.0,0,147355685.29018074,0.0,0,7678.240234
2018-06-08,172358196.84442604,0.0,0,147355685.29018074,0.0,0,7624.919922
2018-06-09,172358196.84442604,0.0,0,147355685.29018074,0.0,0,7531.97998
2018-06-10,172358196.84442604,0.0,0,147355685.29018074,0.0,0,6786.02002
2018-06-11,172358196.84442604,0.0,0,147355685.29018074,0.0,0,6906.919922
2018-06-12,172358196.84442604,0.0,0,147355685.29018074,0.0,0,6582.359863
2018-06-13,172358196.84442604,0.0,0,147355685.29018074,0.0,0,6349.899902
2018-06-14,172358196.84442604,0.0,0,147355685.29018074,0.0,0,6675.350098
2018-06-15,172358196.84442604,0.0,0,147355685.29018074,0.0,0,6456.580078
2018-06-16,172358196.84442604,0.0,0,147355685.29018074,0.0,0,6550.160156
2018-06-17,172358196.84442604,0.0,0,147355685.29018074,0.0,0,6499.27002
2018-06-18,172358196.84442604,0.0,0,147355685.29018074,0.0,0,6734.819824
2018-06-19,172358196.84442604,0.0,0,147355685.29018074,0.0,0,6769.939941
2018-06-20,172358196.84442604,0.0,0,147355685.29018074,0.0,0,6776.549805
2018-06-21,172358196.84442604,0.0,0,147355685.29018074,0.0,0,6729.740234
2018-06-22,172358196.84442604,0.0,0,147355685.29018074,0.0,0,6083.689941
2018-06-23,172358196.84442604,0.0,0,147355685.29018074,0.0,0,6162.47998
2018-06-24,172358196.84442604,0.0,0,147355685.29018074,0.0,0,6173.22998
2018-06-25,172358196.84442604,0.0,0,147355685.29018074,0.0,0,6249.180176
2018-06-26,172358196.84442604,0.0,0,147355685.29018074,0.0,0,6093.669922
2018-06-27,172358196.84442604,0.0,0,147355685.29018074,0.0,0,6157.129883
2018-06-28,172358196.84442604,0.0,0,147355685.29018074,0.0,0,5903.439941
2018-06-29,172358196.84442604,0.0,0,147355685.29018074,0.0,0,6218.299805
2018-06-30,172358196.84442604,0.0,0,147355685.29018074,0.0,0,6404.0
2018-07-01,172358196.84442604,0.0,0,147355685.29018074,0.0,0,6385.819824
2018-07-02,172358196.84442604,0.0,0,147355685.29018074,0.0,0,6614.180176
2018-07-03,172358196.84442604,0.0,0,147355685.29018074,0.0,0,6529.589844
2018-07-04,172358196.84442604,0.0,0,147355685.29018074,0.0,0,6597.549805
2018-07-05,172358196.84442604,0.0,0,147355685.29018074,0.0,0,6639.140137
2018-07-06,172358196.84442604,0.0,0,147355685.29018074,0.0,0,6673.5
2018-07-07,172358196.84442604,0.0,0,147355685.29018074,0.0,0,6856.930176
2018-07-08,172358196.84442604,0.0,0,147355685.29018074,0.0,0,6773.879883
2018-07-09,172358196.84442604,0.0,0,147355685.29018074,0.0,0,6741.75
2018-07-10,172358196.84442604,0.0,0,147355685.29018074,0.0,0,6329.950195
2018-07-11,172358196.84442604,0.0,0,147355685.29018074,0.0,0,6394.709961
2018-07-12,172358196.84442604,0.0,0,147355685.29018074,0.0,0,6228.810059
2018-07-13,172358196.84442604,0.0,0,147355685.29018074,0.0,0,6238.049805
2018-07-14,172358196.84442604,0.0,0,147355685.29018074,0.0,0,6276.120117
2018-07-15,172358196.84442604,0.0,0,147355685.29018074,0.0,0,6359.640137
2018-07-16,172358196.84442604,0.0,0,147355685.29018074,0.0,0,6741.75
2018-07-17,172358196.84442604,0.0,0,147355685.29018074,0.0,0,7321.040039
2018-07-18,172358196.84442604,0.0,0,147355685.29018074,0.0,0,7370.779785
2018-07-19,172358196.84442604,0.0,0,147355685.29018074,0.0,0,7466.859863
2018-07-20,172358196.84442604,0.0,0,147355685.29018074,0.0,0,7354.129883
2018-07-21,172358196.84442604,0.0,0,147355685.29018074,0.0,0,7419.290039
2018-07-22,172358196.84442604,0.0,0,147355685.29018074,0.0,0,7418.490234
2018-07-23,172358196.84442604,0.0,0,147355685.29018074,0.0,0,7711.109863
2018-07-24,172358196.84442604,0.0,0,147355685.29018074,0.0,0,8424.269531
2018-07-25,172358196.84442604,0.0,0,147355685.29018074,0.0,0,8181.390137
2018-07-26,172358196.84442604,0.0,0,147355685.29018074,0.0,0,7951.580078
2018-07-27,172358196.84442604,0.0,0,147355685.29018074,0.0,0,8165.009766
2018-07-28,172358196.84442604,0.0,0,147355685.29018074,0.0,0,8192.150391
2018-07-29,172358196.84442604,0.0,0,147355685.29018074,0.0,0,8218.459961
2018-07-30,172358196.84442604,0.0,0,147355685.29018074,0.0,0,8180.47998
2018-07-31,172358196.84442604,0.0,0,147355685.29018074,0.0,0,7780.439941
2018-08-01,172358196.84442604,0.0,0,147355685.29018074,0.0,0,7624.910156
2018-08-02,172358196.84442604,0.0,0,147355685.29018074,0.0,0,7567.149902
2018-08-03,172358196.84442604,0.0,0,147355685.29018074,0.0,0,7434.390137
2018-08-04,172358196.84442604,0.0,0,147355685.29018074,0.0,0,7032.850098
2018-08-05,172358196.84442604,0.0,0,147355685.29018074,0.0,0,7068.47998
2018-08-06,172358196.84442604,0.0,0,147355685.29018074,0.0,0,6951.799805
2018-08-07,172358196.84442604,0.0,0,147355685.29018074,0.0,0,6753.120117
2018-08-08,172358196.84442604,0.0,0,147355685.29018074,0.0,0,6305.799805
2018-08-09,172358196.84442604,0.0,0,147355685.29018074,0.0,0,6568.22998
2018-08-10,172358196.84442604,0.0,0,147355685.29018074,0.0,0,6184.709961
2018-08-11,172358196.84442604,0.0,0,147355685.29018074,0.0,0,6295.72998
2018-08-12,172358196.84442604,0.0,0,147355685.29018074,0.0,0,6322.689941
2018-08-13,172358196.84442604,0.0,0,147355685.29018074,0.0,0,6297.569824
2018-08-14,172358196.84442604,0.0,0,147355685.29018074,0.0,0,6199.709961
2018-08-15,172358196.84442604,0.0,0,147355685.29018074,0.0,0,6308.52002
2018-08-16,172358196.84442604,0.0,0,147355685.29018074,0.0,0,6334.72998
2018-08-17,172358196.84442604,0.0,0,147355685.29018074,0.0,0,6580.629883
2018-08-18,172358196.84442604,0.0,0,147355685.29018074,0.0,0,6423.759766
2018-08-19,172358196.84442604,0.0,0,147355685.29018074,0.0,0,6506.069824
2018-08-20,172358196.84442604,0.0,0,147355685.29018074,0.0,0,6308.529785
2018-08-21,172358196.84442604,0.0,0,147355685.29018074,0.0,0,6488.759766
2018-08-22,172358196.84442604,0.0,0,147355685.29018074,0.0,0,6376.709961
2018-08-23,172358196.84442604,0.0,0,147355685.29018074,0.0,0,6534.879883
2018-08-24,172358196.84442604,0.0,0,147355685.29018074,0.0,0,6719.959961
2018-08-25,172358196.84442604,0.0,0,147355685.29018074,0.0,0,6763.189941
2018-08-26,172358196.84442604,0.0,0,147355685.29018074,0.0,0,6707.259766
2018-08-27,172358196.84442604,0.0,0,147355685.29018074,0.0,0,6884.640137
2018-08-28,172358196.84442604,0.0,0,147355685.29018074,0.0,0,7096.279785
2018-08-29,172358196.84442604,0.0,0,147355685.29018074,0.0,0,7047.160156
2018-08-30,172358196.84442604,0.0,0,147355685.29018074,0.0,0,6978.22998
2018-08-31,172358196.84442604,0.0,0,147355685.29018074,0.0,0,7037.580078
2018-09-01,172358196.84442604,0.0,0,147355685.29018074,0.0,0,7193.25
2018-09-02,172358196.84442604,0.0,0,147355685.29018074,0.0,0,7272.720215
2018-09-03,172358196.84442604,0.0,0,147355685.29018074,0.0,0,7260.060059
2018-09-04,172358196.84442604,0.0,0,147355685.29018074,0.0,0,7361.660156
2018-09-05,172358196.84442604,0.0,0,147355685.29018074,0.0,0,6792.830078
2018-09-06,172358196.84442604,0.0,0,147355685.29018074,0.0,0,6529.169922
2018-09-07,172358196.84442604,0.0,0,147355685.29018074,0.0,0,6467.069824
2018-09-08,172358196.84442604,0.0,0,147355685.29018074,0.0,0,6225.97998
2018-09-09,172358196.84442604,0.0,0,147355685.29018074,0.0,0,6300.859863
2018-09-10,172358196.84442604,0.0,0,147355685.29018074,0.0,0,6329.700195
2018-09-11,172358196.84442604,0.0,0,147355685.29018074,0.0,0,6321.200195
2018-09-12,172358196.84442604,0.0,0,147355685.29018074,0.0,0,6351.799805
2018-09-13,172358196.84442604,0.0,0,147355685.29018074,0.0,0,6517.310059
2018-09-14,172358196.84442604,0.0,0,147355685.29018074,0.0,0,6512.709961
2018-09-15,172358196.84442604,0.0,0,147355685.29018074,0.0,0,6543.200195
2018-09-16,172358196.84442604,0.0,0,147355685.29018074,0.0,0,6517.180176
2018-09-17,172358196.84442604,0.0,0,147355685.29018074,0.0,0,6281.200195
2018-09-18,172358196.84442604,0.0,0,147355685.29018074,0.0,0,6371.299805
2018-09-19,172358196.84442604,0.0,0,147355685.29018074,0.0,0,6398.540039
2018-09-20,172358196.84442604,0.0,0,147355685.29018074,0.0,0,6519.669922
2018-09-21,172358196.84442604,0.0,0,147355685.29018074,0.0,0,6734.950195
2018-09-22,172358196.84442604,0.0,0,147355685.29018074,0.0,0,6721.97998
2018-09-23,172358196.84442604,0.0,0,147355685.29018074,0.0,0,6710.629883
2018-09-24,172358196.84442604,0.0,0,147355685.29018074,0.0,0,6595.410156
2018-09-25,172358196.84442604,0.0,0,147355685.29018074,0.0,0,6446.470215
2018-09-26,172358196.84442604,0.0,0,147355685.29018074,0.0,0,6495.0
2018-09-27,172358196.84442604,0.0,0,147355685.29018074,0.0,0,6676.75
2018-09-28,172358196.84442604,0.0,0,147355685.29018074,0.0,0,6644.129883
2018-09-29,172358196.84442604,0.0,0,147355685.29018074,0.0,0,6601.959961
2018-09-30,172358196.84442604,0.0,0,147355685.29018074,0.0,0,6625.560059
2018-10-01,172358196.84442604,0.0,0,147355685.29018074,0.0,0,6589.620117
2018-10-02,172358196.84442604,0.0,0,147355685.29018074,0.0,0,6556.100098
2018-10-03,172358196.84442604,0.0,0,147355685.29018074,0.0,0,6502.589844
2018-10-04,172358196.84442604,0.0,0,147355685.29018074,0.0,0,6576.689941
2018-10-05,172358196.84442604,0.0,0,147355685.29018074,0.0,0,6622.47998
2018-10-06,172358196.84442604,0.0,0,147355685.29018074,0.0,0,6588.310059
2018-10-07,172358196.84442604,0.0,0,147355685.29018074,0.0,0,6602.950195
2018-10-08,172358196.84442604,0.0,0,147355685.29018074,0.0,0,6652.22998
2018-10-09,172358196.84442604,0.0,0,147355685.29018074,0.0,0,6642.640137
2018-10-10,172358196.84442604,0.0,0,147355685.29018074,0.0,0,6585.529785
2018-10-11,172358196.84442604,0.0,0,147355685.29018074,0.0,0,6256.240234
2018-10-12,172358196.84442604,0.0,0,147355685.29018074,0.0,0,6274.580078
2018-10-13,172358196.84442604,0.0,0,147355685.29018074,0.0,0,6285.990234
2018-10-14,172358196.84442604,0.0,0,147355685.29018074,0.0,0,6290.930176
2018-10-15,172358196.84442604,0.0,0,147355685.29018074,0.0,0,6596.540039
2018-10-16,172358196.84442604,0.0,0,147355685.29018074,0.0,0,6596.109863
2018-10-17,172358196.84442604,0.0,0,147355685.29018074,0.0,0,6544.430176
2018-10-18,172358196.84442604,0.0,0,147355685.29018074,0.0,0,6476.709961
2018-10-19,172358196.84442604,0.0,0,147355685.29018074,0.0,0,6465.410156
2018-10-20,172358196.84442604,0.0,0,147355685.29018074,0.0,0,6489.189941
2018-10-21,172358196.84442604,0.0,0,147355685.29018074,0.0,0,6482.350098
2018-10-22,172358196.84442604,0.0,0,147355685.29018074,0.0,0,6487.160156
2018-10-23,172358196.84442604,0.0,0,147355685.29018074,0.0,0,6475.740234
2018-10-24,172358196.84442604,0.0,0,147355685.29018074,0.0,0,6495.839844
2018-10-25,172358196.84442604,0.0,0,147355685.29018074,0.0,0,6476.290039
2018-10-26,172358196.84442604,0.0,0,147355685.29018074,0.0,0,6474.75
2018-10-27,172358196.84442604,0.0,0,147355685.29018074,0.0,0,6480.379883
2018-10-28,172358196.84442604,0.0,0,147355685.29018074,0.0,0,6486.390137
2018-10-29,172358196.84442604,0.0,0,147355685.29018074,0.0,0,6332.629883
2018-10-30,172358196.84442604,0.0,0,147355685.29018074,0.0,0,6334.27002
2018-10-31,172358196.84442604,0.0,0,147355685.29018074,0.0,0,6317.609863
2018-11-01,172358196.84442604,0.0,0,147355685.29018074,0.0,0,6377.779785
2018-11-02,172358196.84442604,0.0,0,147355685.29018074,0.0,0,6388.439941
2018-11-03,172358196.84442604,0.0,0,147355685.29018074,0.0,0,6361.259766
2018-11-04,172358196.84442604,0.0,0,147355685.29018074,0.0,0,6376.129883
2018-11-05,172358196.84442604,0.0,0,147355685.29018074,0.0,0,6419.660156
2018-11-06,172358196.84442604,0.0,0,147355685.29018074,0.0,0,6461.009766
2018-11-07,172358196.84442604,0.0,0,147355685.29018074,0.0,0,6530.140137
2018-11-08,172358196.84442604,0.0,0,147355685.29018074,0.0,0,6453.720215
2018-11-09,172358196.84442604,0.0,0,147355685.29018074,0.0,0,6385.620117
2018-11-10,172358196.84442604,0.0,0,147355685.29018074,0.0,0,6409.220215
2018-11-11,172358196.84442604,0.0,0,147355685.29018074,0.0,0,6411.27002
2018-11-12,172358196.84442604,0.0,0,147355685.29018074,0.0,0,6371.27002
2018-11-13,172358196.84442604,0.0,0,147355685.29018074,0.0,0,6359.490234
2018-11-14,172358196.84442604,0.0,0,147355685.29018074,0.0,0,5738.350098
2018-11-15,172358196.84442604,0.0,0,147355685.29018074,0.0,0,5648.029785
2018-11-16,172358196.84442604,0.0,0,147355685.29018074,0.0,0,5575.549805
2018-11-17,172358196.84442604,0.0,0,147355685.29018074,0.0,0,5554.330078
2018-11-18,172358196.84442604,0.0,0,147355685.29018074,0.0,0,5623.540039
2018-11-19,172358196.84442604,0.0,0,147355685.29018074,0.0,0,4871.490234
2018-11-20,172358196.84442604,0.0,0,147355685.29018074,0.0,0,4451.870117
2018-11-21,172358196.84442604,0.0,0,147355685.29018074,0.0,0,4602.169922
2018-11-22,172358196.84442604,0.0,0,147355685.29018074,0.0,0,4365.939941
2018-11-23,172358196.84442604,0.0,0,147355685.29018074,0.0,0,4347.109863
2018-11-24,172358196.84442604,0.0,0,147355685.29018074,0.0,0,3880.76001
2018-11-25,172358196.84442604,0.0,0,147355685.29018074,0.0,0,4009.969971
2018-11-26,172358196.84442604,0.0,0,147355685.29018074,0.0,0,3779.129883
2018-11-27,172358196.84442604,0.0,0,147355685.29018074,0.0,0,3820.719971
2018-11-28,172358196.84442604,0.0,0,147355685.29018074,0.0,0,4257.419922
2018-11-29,172358196.84442604,0.0,0,147355685.29018074,0.0,0,4278.84668
2018-11-30,172358196.84442604,0.0,0,147355685.29018074,0.0,0,4017.268555
2018-12-01,172358196.84442604,0.0,0,147355685.29018074,0.0,0,4214.671875
2018-12-02,172358196.84442604,0.0,0,147355685.29018074,0.0,0,4139.87793
2018-12-03,172358196.84442604,0.0,0,147355685.29018074,0.0,0,3894.130859
2018-12-04,172358196.84442604,0.0,0,147355685.29018074,0.0,0,3956.893799
2018-12-05,172358196.84442604,0.0,0,147355685.29018074,0.0,0,3753.994873
2018-12-06,172358196.84442604,0.0,0,147355685.29018074,0.0,0,3521.101807
2018-12-07,172358196.84442604,0.0,0,147355685.29018074,0.0,0,3419.937256
2018-12-08,172358196.84442604,0.0,0,147355685.29018074,0.0,0,3476.114746
2018-12-09,172358196.84442604,0.0,0,147355685.29018074,0.0,0,3614.234375
2018-12-10,172358196.84442604,0.0,0,147355685.29018074,0.0,0,3502.656006
2018-12-11,172358196.84442604,0.0,0,147355685.29018074,0.0,0,3424.588135
2018-12-12,172358196.84442604,0.0,0,147355685.29018074,0.0,0,3486.950195
2018-12-13,172358196.84442604,0.0,0,147355685.29018074,0.0,0,3313.677246
2018-12-14,172358196.84442604,0.0,0,147355685.29018074,0.0,0,3242.484863
2018-12-15,172358196.84442604,0.0,0,147355685.29018074,0.0,0,3236.761719
2018-12-16,172358196.84442604,0.0,0,147355685.29018074,0.0,0,3252.839111
2018-12-17,172358196.84442604,0.0,0,147355685.29018074,0.0,0,3545.864746
2018-12-18,172358196.84442604,0.0,0,147355685.29018074,0.0,0,3696.059082
2018-12-19,172358196.84442604,0.0,0,147355685.29018074,0.0,0,3745.950684
2018-12-20,172358196.84442604,0.0,0,147355685.29018074,0.0,0,4134.441406
2018-12-21,172358196.84442604,0.0,0,147355685.29018074,0.0,0,3896.543701
2018-12-22,172358196.84442604,0.0,0,147355685.29018074,0.0,0,4014.182617
2018-12-23,172358196.84442604,0.0,0,147355685.29018074,0.0,0,3998.980225
2018-12-24,172358196.84442604,0.0,0,147355685.29018074,0.0,0,4078.599121
2018-12-25,172358196.84442604,0.0,0,147355685.29018074,0.0,0,3815.490723
2018-12-26,172358196.84442604,0.0,0,147355685.29018074,0.0,0,3857.297607
2018-12-27,172358196.84442604,0.0,0,147355685.29018074,0.0,0,3654.833496
2018-12-28,172358196.84442604,0.0,0,147355685.29018074,0.0,0,3923.918701
2018-12-29,172358196.84442604,0.0,0,147355685.29018074,0.0,0,3820.408691
2018-12-30,172358196.84442604,0.0,0,147355685.29018074,0.0,0,3865.952637
2018-12-31,172358196.84442604,0.0,0,147355685.29018074,0.0,0,3742.700439
2019-01-01,172358196.84442604,0.0,0,147355685.29018074,0.0,0,3843.52002
2019-01-02,172358196.84442604,0.0,0,147355685.29018074,0.0,0,3943.409424
2019-01-03,172358196.84442604,0.0,0,147355685.29018074,0.0,0,3836.741211
2019-01-04,172358196.84442604,0.0,0,147355685.29018074,0.0,0,3857.717529
2019-01-05,172358196.84442604,0.0,0,147355685.29018074,0.0,0,3845.19458
2019-01-06,172358196.84442604,0.0,0,147355685.29018074,0.0,0,4076.632568
2019-01-07,172358196.84442604,0.0,0,147355685.29018074,0.0,0,4025.248291
2019-01-08,172358196.84442604,0.0,0,147355685.29018074,0.0,0,4030.8479
2019-01-09,172358196.84442604,0.0,0,147355685.29018074,0.0,0,4035.296387
2019-01-10,172358196.84442604,0.0,0,147355685.29018074,0.0,0,3678.924561
2019-01-11,172358196.84442604,0.0,0,147355685.29018074,0.0,0,3687.365479
2019-01-12,172358196.84442604,0.0,0,147355685.29018074,0.0,0,3661.301025
2019-01-13,172358196.84442604,0.0,0,147355685.29018074,0.0,0,3552.953125
2019-01-14,172358196.84442604,0.0,0,147355685.29018074,0.0,0,3706.052246
2019-01-15,172358196.84442604,0.0,0,147355685.29018074,0.0,0,3630.675293
2019-01-16,172358196.84442604,0.0,0,147355685.29018074,0.0,0,3655.006836
2019-01-17,172358196.84442604,0.0,0,147355685.29018074,0.0,0,3678.563965
2019-01-18,172358196.84442604,0.0,0,147355685.29018074,0.0,0,3657.839355
2019-01-19,172358196.84442604,0.0,0,147355685.29018074,0.0,0,3728.568359
2019-01-20,172358196.84442604,0.0,0,147355685.29018074,0.0,0,3601.013672
2019-01-21,172358196.84442604,0.0,0,147355685.29018074,0.0,0,3576.032471
2019-01-22,172358196.84442604,0.0,0,147355685.29018074,0.0,0,3604.577148
2019-01-23,172358196.84442604,0.0,0,147355685.29018074,0.0,0,3585.123047
2019-01-24,172358196.84442604,0.0,0,147355685.29018074,0.0,0,3600.865479
2019-01-25,172358196.84442604,0.0,0,147355685.29018074,0.0,0,3599.765869
2019-01-26,172358196.84442604,0.0,0,147355685.29018074,0.0,0,3602.460449
2019-01-27,172358196.84442604,0.0,0,147355685.29018074,0.0,0,3583.96582
2019-01-28,172358196.84442604,0.0,0,147355685.29018074,0.0,0,3470.450439
2019-01-29,172358196.84442604,0.0,0,147355685.29018074,0.0,0,3448.116943
2019-01-30,172358196.84442604,0.0,0,147355685.29018074,0.0,0,3486.181641
2019-01-31,172358196.84442604,0.0,0,147355685.29018074,0.0,0,3457.792725
2019-02-01,172358196.84442604,0.0,0,147355685.29018074,0.0,0,3487.945312
2019-02-02,172358196.84442604,0.0,0,147355685.29018074,0.0,0,3521.060791
2019-02-03,172358196.84442604,0.0,0,147355685.29018074,0.0,0,3464.013428
2019-02-04,172358196.84442604,0.0,0,147355685.29018074,0.0,0,3459.154053
2019-02-05,172358196.84442604,0.0,0,147355685.29018074,0.0,0,3466.357422
2019-02-06,172358196.84442604,0.0,0,147355685.29018074,0.0,0,3413.767822
2019-02-07,172358196.84442604,0.0,0,147355685.29018074,0.0,0,3399.47168
2019-02-08,172358196.84442604,0.0,0,147355685.29018074,0.0,0,3666.780273
2019-02-09,172358196.84442604,0.0,0,147355685.29018074,0.0,0,3671.203613
2019-02-10,172358196.84442604,0.0,0,147355685.29018074,0.0,0,3690.188232
2019-02-11,172358196.84442604,0.0,0,147355685.29018074,0.0,0,3648.430664
2019-02-12,172358196.84442604,0.0,0,147355685.29018074,0.0,0,3653.528564
2019-02-13,172358196.84442604,0.0,0,147355685.29018074,0.0,0,3632.070557
2019-02-14,172358196.84442604,0.0,0,147355685.29018074,0.0,0,3616.880859
2019-02-15,172358196.84442604,0.0,0,147355685.29018074,0.0,0,3620.810791
2019-02-16,172358196.84442604,0.0,0,147355685.29018074,0.0,0,3629.787598
2019-02-17,172358196.84442604,0.0,0,147355685.29018074,0.0,0,3673.836182
2019-02-18,172358196.84442604,0.0,0,147355685.29018074,0.0,0,3915.714355
2019-02-19,172358196.84442604,0.0,0,147355685.29018074,0.0,0,3947.094482
2019-02-20,172358196.84442604,0.0,0,147355685.29018074,0.0,0,3999.820557
2019-02-21,172358196.84442604,0.0,0,147355685.29018074,0.0,0,3954.118164
2019-02-22,172358196.84442604,0.0,0,147355685.29018074,0.0,0,4005.526611
2019-02-23,172358196.84442604,0.0,0,147355685.29018074,0.0,0,4142.526855
2019-02-24,172358196.84442604,0.0,0,147355685.29018074,0.0,0,3810.42749
2019-02-25,172358196.84442604,0.0,0,147355685.29018074,0.0,0,3882.696289
2019-02-26,172358196.84442604,0.0,0,147355685.29018074,0.0,0,3854.35791
2019-02-27,172358196.84442604,0.0,0,147355685.29018074,0.0,0,3851.047363
2019-02-28,172358196.84442604,0.0,0,147355685.29018074,0.0,0,3854.7854
2019-03-01,172358196.84442604,0.0,0,147355685.29018074,0.0,0,3859.58374
2019-03-02,172358196.84442604,0.0,0,147355685.29018074,0.0,0,3864.415039
2019-03-03,172358196.84442604,0.0,0,147355685.29018074,0.0,0,3847.175781
2019-03-04,172358196.84442604,0.0,0,147355685.29018074,0.0,0,3761.557129
2019-03-05,172358196.84442604,0.0,0,147355685.29018074,0.0,0,3896.375
2019-03-06,172358196.84442604,0.0,0,147355685.29018074,0.0,0,3903.942627
2019-03-07,172358196.84442604,0.0,0,147355685.29018074,0.0,0,3911.484375
2019-03-08,172358196.84442604,0.0,0,147355685.29018074,0.0,0,3901.131592
2019-03-09,172358196.84442604,0.0,0,147355685.29018074,0.0,0,3963.313721
2019-03-10,172358196.84442604,0.0,0,147355685.29018074,0.0,0,3951.599854
2019-03-11,172358196.84442604,0.0,0,147355685.29018074,0.0,0,3905.227295
2019-03-12,172358196.84442604,0.0,0,147355685.29018074,0.0,0,3909.15625
2019-03-13,172358196.84442604,0.0,0,147355685.29018074,0.0,0,3906.717285
2019-03-14,172358196.84442604,0.0,0,147355685.29018074,0.0,0,3924.369141
2019-03-15,172358196.84442604,0.0,0,147355685.29018074,0.0,0,3960.911133
2019-03-16,172358196.84442604,0.0,0,147355685.29018074,0.0,0,4048.72583
2019-03-17,172358196.84442604,0.0,0,147355685.29018074,0.0,0,4025.229004
2019-03-18,172358196.84442604,0.0,0,147355685.29018074,0.0,0,4032.507324
2019-03-19,172358196.84442604,0.0,0,147355685.29018074,0.0,0,4071.190186
2019-03-20,172358196.84442604,0.0,0,147355685.29018074,0.0,0,4087.476318
2019-03-21,172358196.84442604,0.0,0,147355685.29018074,0.0,0,4029.326904
2019-03-22,172358196.84442604,0.0,0,147355685.29018074,0.0,0,4023.968262
2019-03-23,172358196.84442604,0.0,0,147355685.29018074,0.0,0,4035.826416
2019-03-24,172358196.84442604,0.0,0,147355685.29018074,0.0,0,4022.168213
2019-03-25,172358196.84442604,0.0,0,147355685.29018074,0.0,0,3963.070557
2019-03-26,172358196.84442604,0.0,0,147355685.29018074,0.0,0,3985.080811
2019-03-27,172358196.84442604,0.0,0,147355685.29018074,0.0,0,4087.066162
2019-03-28,172358196.84442604,0.0,0,147355685.29018074,0.0,0,4069.107178
2019-03-29,172358196.84442604,0.0,0,147355685.29018074,0.0,0,4098.374512
2019-03-30,172358196.84442604,0.0,0,147355685.29018074,0.0,0,4106.660156
2019-03-31,172358196.84442604,0.0,0,147355685.29018074,0.0,0,4105.404297
2019-04-01,172358196.84442604,0.0,0,147355685.29018074,0.0,0,4158.183105
2019-04-02,172358196.84442604,0.0,0,147355685.29018074,0.0,0,4879.87793
2019-04-03,171930835.61227798,7.276384845222775,1,146990317.65242067,7.276384845222775,1,4973.021973
2019-04-04,171017943.00232393,0.0,0,146209850.47070873,0.0,0,4922.798828
2019-04-05,171017943.00232393,0.0,0,146209850.47070873,0.0,0,5036.681152
2019-04-06,171017943.00232393,0.0,0,146209850.47070873,0.0,0,5059.817383
2019-04-07,171017943.00232393,0.0,0,146209850.47070873,0.0,0,5198.896973
2019-04-08,171017943.00232393,0.0,0,146209850.47070873,0.0,0,5289.770996
2019-04-09,171017943.00232393,0.0,0,146209850.47070873,0.0,0,5204.958496
2019-04-10,171017943.00232393,0.0,0,146209850.47070873,0.0,0,5324.551758
2019-04-11,171017943.00232393,0.0,0,146209850.47070873,0.0,0,5064.487793
2019-04-12,171017943.00232393,0.0,0,146209850.47070873,0.0,0,5089.539062
2019-04-13,171017943.00232393,0.0,0,146209850.47070873,0.0,0,5096.586426
2019-04-14,171017943.00232393,0.0,0,146209850.47070873,0.0,0,5167.722168
2019-04-15,171017943.00232393,0.0,0,146209850.47070873,0.0,0,5067.108398
2019-04-16,171017943.00232393,0.0,0,146209850.47070873,0.0,0,5235.55957
2019-04-17,171017943.00232393,0.0,0,146209850.47070873,0.0,0,5251.937988
2019-04-18,171017943.00232393,0.0,0,146209850.47070873,0.0,0,5298.385742
2019-04-19,172417518.84039062,8.261665704542636,1,147406401.95772648,8.261665704542635,1,5303.8125
2019-04-20,172727285.73193255,8.42618805276063,1,147671233.64788723,8.42618805276063,1,5337.88623
2019-04-21,172253714.2969666,8.174427202748475,1,147266359.12140185,8.174427202748475,1,5314.53125
2019-04-22,172087426.52034253,8.085696313766979,1,147124193.27302077,8.085696313766979,1,5399.365234
2019-04-23,171486892.75312468,7.763819567575306,1,146610773.740742,7.763819567575303,1,5572.362305
2019-04-24,171634026.22045177,7.842889139844138,1,146736563.82966173,7.842889139844135,1,5464.866699
2019-04-25,171118398.57843852,7.565193964092515,1,146295733.8260153,7.565193964092512,1,5210.515625
2019-04-26,171482916.46864447,7.761680828041813,1,146607374.2614296,7.761680828041811,1,5279.348145
2019-04-27,171175713.8534932,7.596144186021246,1,146344734.87028185,7.596144186021244,1,5268.291016
2019-04-28,171500324.6332875,7.771043491640126,1,146622257.17432603,7.771043491640123,1,5285.13916
2019-04-29,170805260.40074673,7.39573275048898,1,146028019.89300203,7.39573275048898,1,5247.352539
2019-04-30,171051311.33952904,7.528940538921313,1,146238378.3520969,7.528940538921311,1,5350.726562
2019-05-01,170949918.41036406,7.4740945836325805,1,146151693.61743253,7.474094583632579,1,5402.697266
2019-05-02,171903410.88769585,7.987305777740031,1,146966871.19522464,7.987305777740031,1,5505.283691
2019-05-03,171995190.58708003,8.036405391435178,1,147045337.20813316,8.036405391435176,1,5768.289551
2019-05-04,171491881.4169201,7.766502699220651,1,146615038.74226624,7.766502699220649,1,5831.16748
2019-05-05,171570521.18368697,7.808778147623934,1,146682270.9188331,7.808778147623931,1,5795.708496
2019-05-06,171097171.76923344,7.5537262351327445,1,146277586.20626637,7.553726235132744,1,5746.807129
2019-05-07,169534067.50552085,14.294423083399026,2,144941227.94668633,14.29442308339903,2,5829.501465
2019-05-08,169944585.39831293,7.726106433931225,1,145292195.56252217,7.726106433931227,1,5982.45752
2019-05-09,171016946.85834184,8.304709718838575,1,146208998.82871073,8.304709718838579,1,6174.528809
2019-05-10,171718602.2554338,8.67938371727927,1,146808871.15140256,8.679383717279272,1,6378.849121
2019-05-11,171882036.16209567,8.76621585757215,1,146948597.1160316,8.766215857572151,1,7204.771484
2019-05-12,171419614.42574015,8.520103503284364,1,146553254.89789942,8.520103503284366,1,6972.371582
2019-05-13,171168948.55746013,8.38613710412863,1,146338950.9571788,8.386137104128633,1,7814.915039
2019-05-14,175084092.36404058,10.434760957219174,1,149686158.74416327,10.43476095721918,1,7994.416016
2019-05-15,175583339.0224892,10.6894271832643,1,150112984.0117247,10.689427183264302,1,8205.167969
2019-05-16,177118451.85900038,18.88391109837074,2,151425411.31813267,18.883911098370742,2,7884.90918
2019-05-17,175157567.62123653,11.249639181973896,1,149748975.58185482,11.249639181973897,1,7343.895508
2019-05-18,176187998.6278822,11.7686933987769,1,150629930.88255093,11.768693398776904,1,7271.208008
2019-05-19,177982348.0070476,20.090800364126196,2,152163989.5305164,20.0908003641262,2,8197.689453
2019-05-20,180919736.92496896,21.388195559586425,2,154675276.86635908,21.388195559586425,2,7978.309082
2019-05-21,183441947.59833127,22.469058114785785,2,156831612.27148622,22.469058114785792,2,7963.327637
2019-05-22,183926939.63273978,22.673497384582824,2,157246250.70991832,22.673497384582827,2,7680.066406
2019-05-23,186743933.696101,23.83995186852124,2,159654607.8305236,23.839951868521243,2,7881.84668
2019-05-24,187647888.64267367,24.206837170229914,2,160427433.8583098,24.206837170229914,2,7987.371582
2019-05-25,183602668.04747465,22.53692645207531,2,156969018.39638928,22.536926452075313,2,8052.543945
2019-05-26,182223671.34257933,21.950716535511685,2,155790060.80584216,21.950716535511685,2,8673.21582
2019-05-27,185739564.24941602,38.17545092716947,4,158641874.5684431,30.734776475149765,3,8805.77832
2019-05-28,186504097.84074235,38.42888742042627,4,159411112.7661575,31.06901575611321,3,8719.961914
2019-05-29,184550202.73967093,37.77701333169148,4,157822121.6019923,30.375001990559035,3,8659.487305
2019-05-30,179059265.7787072,35.86891605544766,4,153585763.2363025,28.454534646690576,3,8319.472656
2019-05-31,180306363.412498,36.31248178172609,4,154308388.61722583,28.78958168864058,3,8574.501953
2019-06-01,178926533.15609917,35.82134185383257,4,153142843.8912961,28.2476110331069,3,8564.016602
2019-06-02,180588655.64685667,36.41203671641565,4,154322793.02516207,28.796228431448682,3,8742.958008
2019-06-03,175778449.85806638,34.67194178822018,4,150929698.37643933,27.19547563808166,3,8208.995117
2019-06-04,172663739.46768674,19.272746536590475,2,148829850.875232,19.11567597021505,2,7707.770996
2019-06-05,177723418.5245739,21.57100299069057,2,153155566.09171778,21.400167224168413,2,7824.231445
2019-06-06,178887600.40997887,22.081410740581923,2,154150870.18903965,21.907661833278713,2,7822.023438
2019-06-07,180224526.62990308,22.659419777134087,2,155293860.09567672,22.482435068068927,2,8043.951172
2019-06-08,179892588.3494699,22.516710733685287,2,155010073.22807896,22.340518697876202,2,7954.12793
2019-06-09,177429168.03166506,21.44093547538657,2,152903999.97056204,21.27085043024076,2,7688.077148
2019-06-10,180759643.87387335,22.888377288052837,2,155751352.5134409,22.71012938742863,2,8000.32959
2019-06-11,180349675.10094157,30.256415539074805,3,155405440.62061992,30.081063731847436,3,7927.714355
2019-06-12,181536899.43516982,30.712528213059763,3,156420179.59522855,30.534646318685464,3,8145.857422
2019-06-13,196949751.35017923,36.134812500785166,3,169594190.42286605,35.93068800656109,3,8230.923828
2019-06-14,192363077.67960423,34.612021445960806,3,165674065.03629595,34.414700960607135,3,8693.833008
2019-06-15,193772614.29238772,35.087665283168626,3,166882708.4576249,34.88970068318165,3,8838.375
2019-06-16,192407597.2309031,34.62715101208741,3,165714994.38492537,34.43089963701122,3,8994.488281
2019-06-17,199449812.19025385,36.93534899945333,3,171733764.35994256,36.72890628715659,3,9320.352539
2019-06-18,196323453.29873317,35.93107401812344,3,169061427.20480406,35.72878640546263,3,9081.762695
2019-06-19,197357968.07068604,36.26691173979915,3,169946891.94345272,36.06365509707163,3,9273.521484
2019-06-20,196291625.86408144,35.92068565058143,3,169034443.01937637,35.71852632879236,3,9527.160156
2019-06-21,196230361.53160328,35.90067969233605,3,168984464.88848412,35.69951471191261,3,10144.55664
2019-06-22,199086308.71558014,36.820201855907,3,171428252.56294462,36.6161473617797,3,10701.69141
2019-06-23,197424257.74722108,36.28831157107397,3,170003762.17595452,36.08504329903495,3,10855.37109
2019-06-24,198730306.36044276,36.70702255603913,3,171119402.54398832,36.50174710209083,3,11011.10254
2019-06-25,205478582.89173323,38.78567478475159,3,176889439.26304793,38.57302536688438,3,11790.91699
2019-06-26,206380383.39540982,39.053157131683605,3,177656741.23000377,38.83832933527765,3,13016.23145
2019-06-27,202443094.45376542,32.63756476330629,2,174270462.75983965,32.413944472378816,2,11182.80664
2019-06-28,218190312.38036036,37.4992423335238,2,187733368.10156637,37.260736905659954,2,12407.33203
2019-06-29,235022307.1961649,41.975466065545575,2,202123691.13982844,41.727498115188254,2,11959.37109
2019-06-30,227976462.8554278,40.18215885775173,2,196099926.44348273,39.937493162164294,2,10817.15527
2019-07-01,231420111.62420237,41.07227870755442,2,199044034.89618075,40.825892225033655,2,10583.13477
2019-07-02,232181924.41063786,41.26562662501201,2,199695338.09651154,41.01888764564749,2,10801.67773
2019-07-03,229671638.49109825,34.146212299203114,1,197549197.62439966,33.93982426616482,1,11961.26953
2019-07-04,228600140.97531578,33.8375415799935,1,196633132.9775447,33.63206640949829,1,11215.4375
2019-07-05,231646890.577984,34.70774727712047,1,199237916.9903062,34.499743280387115,1,10978.45996
2019-07-06,228422327.17498672,33.78603786616539,1,196481113.0859396,33.58071671022175,1,11208.55078
2019-07-07,224814850.20153272,32.72353979940139,1,193396941.567995,32.52150419060388,1,11450.84668
2019-07-08,225289898.8320692,32.865399645099394,1,193803079.00607723,32.66291341668129,1,12285.95801
2019-07-09,220344298.88787282,31.35857202376031,1,189574894.43295866,31.161060381014575,1,12573.8125
2019-07-10,220463497.64117822,31.395684619393656,1,189676802.05499595,31.198045465980872,1,12156.5127
2019-07-11,214000320.3543322,29.323716445638624,1,184151181.9470369,29.133581586789465,1,11358.66211
2019-07-12,221696117.74906787,31.77712142345106,1,190730616.63431928,31.578186337191394,1,11815.98633
2019-07-13,221621404.2091537,31.754121962817837,1,190666741.14086396,31.55526426339567,1,11392.37891
2019-07-14,213117781.74251172,29.031040026680504,1,183396665.57171628,28.842028449842278,1,10256.05859
2019-07-15,211810670.34908432,28.593081277917115,1,182279165.51279566,28.405779813437416,1,10895.08984
2019-07-16,200027790.85818475,24.3867701723004,1,172205526.34818828,24.21767763271742,1,9477.641602
2019-07-17,204068768.36711496,25.884066223804105,1,175660314.23163366,25.70812156274822,1,9693.802734
2019-07-18,210714135.99877244,28.221487132808853,1,181341695.90825883,28.03566413237874,1,10666.48242
2019-07-19,209155047.60715798,27.68643408264876,1,180008770.97297603,27.50278422208026,1,10530.73242
2019-07-20,209949462.54740927,27.960056965272813,1,180687947.01489732,27.77528923902144,1,10767.13965
2019-07-21,207856636.38604367,27.234715306388495,1,178898709.02768624,27.052940839688528,1,10599.10547
2019-07-22,205090366.87874308,26.253253371820932,1,176533718.29090372,26.075682099206006,1,10343.10645
2019-07-23,203875369.39205265,25.813758831249295,1,175494969.9716769,25.638126760828882,1,9900.767578
2019-07-24,204639042.64323062,26.09060750711406,1,176147863.75523555,25.91374977286323,1,9811.925781
2019-07-25,204169741.19612014,25.920720506970152,1,175746639.80643168,25.74461323687629,1,9911.841797
2019-07-26,204040040.1482923,0.0,0,175635753.36682257,0.0,0,9870.303711
2019-07-27,204040040.1482923,0.0,0,175635753.36682257,0.0,0,9477.677734
2019-07-28,204040040.1482923,0.0,0,175635753.36682257,0.0,0,9552.860352
2019-07-29,204040040.1482923,0.0,0,175635753.36682257,0.0,0,9519.145508
2019-07-30,204040040.1482923,0.0,0,175635753.36682257,0.0,0,9607.423828
2019-07-31,204040040.1482923,0.0,0,175635753.36682257,0.0,0,10085.62793
2019-08-01,204040040.1482923,0.0,0,175635753.36682257,0.0,0,10399.66895
2019-08-02,204040040.1482923,0.0,0,175635753.36682257,0.0,0,10518.1748
2019-08-03,204040040.1482923,0.0,0,175635753.36682257,0.0,0,10821.72656
2019-08-04,204040040.1482923,0.0,0,175635753.36682257,0.0,0,10970.18457
2019-08-05,204040040.1482923,0.0,0,175635753.36682257,0.0,0,11805.65332
2019-08-06,204040040.1482923,0.0,0,175635753.36682257,0.0,0,11478.16895
2019-08-07,204040040.1482923,0.0,0,175635753.36682257,0.0,0,11941.96875
2019-08-08,204040040.1482923,0.0,0,175635753.36682257,0.0,0,11966.40723
2019-08-09,204040040.1482923,0.0,0,175635753.36682257,0.0,0,11862.93652
2019-08-10,204040040.1482923,0.0,0,175635753.36682257,0.0,0,11354.02441
2019-08-11,204040040.1482923,0.0,0,175635753.36682257,0.0,0,11523.5791
2019-08-12,204040040.1482923,0.0,0,175635753.36682257,0.0,0,11382.61621
2019-08-13,204040040.1482923,0.0,0,175635753.36682257,0.0,0,10895.83008
2019-08-14,204040040.1482923,0.0,0,175635753.36682257,0.0,0,10051.7041
2019-08-15,204040040.1482923,0.0,0,175635753.36682257,0.0,0,10311.5459
2019-08-16,204040040.1482923,0.0,0,175635753.36682257,0.0,0,10374.33887
2019-08-17,204040040.1482923,0.0,0,175635753.36682257,0.0,0,10231.74414
2019-08-18,204040040.1482923,0.0,0,175635753.36682257,0.0,0,10345.81055
2019-08-19,204040040.1482923,0.0,0,175635753.36682257,0.0,0,10916.05371
2019-08-20,204040040.1482923,0.0,0,175635753.36682257,0.0,0,10763.23242
2019-08-21,204040040.1482923,0.0,0,175635753.36682257,0.0,0,10138.0498
2019-08-22,204040040.1482923,0.0,0,175635753.36682257,0.0,0,10131.05566
2019-08-23,204040040.1482923,0.0,0,175635753.36682257,0.0,0,10407.96484
2019-08-24,204040040.1482923,0.0,0,175635753.36682257,0.0,0,10159.96094
2019-08-25,204040040.1482923,0.0,0,175635753.36682257,0.0,0,10138.51758
2019-08-26,204040040.1482923,0.0,0,175635753.36682257,0.0,0,10370.82031
2019-08-27,204040040.1482923,0.0,0,175635753.36682257,0.0,0,10185.5
2019-08-28,204040040.1482923,0.0,0,175635753.36682257,0.0,0,9754.422852
2019-08-29,204040040.1482923,0.0,0,175635753.36682257,0.0,0,9510.200195
2019-08-30,204040040.1482923,0.0,0,175635753.36682257,0.0,0,9598.173828
2019-08-31,204040040.1482923,0.0,0,175635753.36682257,0.0,0,9630.664062
2019-09-01,204040040.1482923,0.0,0,175635753.36682257,0.0,0,9757.970703
2019-09-02,204040040.1482923,0.0,0,175635753.36682257,0.0,0,10346.76074
2019-09-03,204040040.1482923,0.0,0,175635753.36682257,0.0,0,10623.54004
2019-09-04,204040040.1482923,0.0,0,175635753.36682257,0.0,0,10594.49316
2019-09-05,204040040.1482923,0.0,0,175635753.36682257,0.0,0,10575.5332
2019-09-06,204040040.1482923,0.0,0,175635753.36682257,0.0,0,10353.30273
2019-09-07,204040040.1482923,0.0,0,175635753.36682257,0.0,0,10517.25488
2019-09-08,204040040.1482923,0.0,0,175635753.36682257,0.0,0,10441.27637
2019-09-09,204040040.1482923,0.0,0,175635753.36682257,0.0,0,10334.97461
2019-09-10,204040040.1482923,0.0,0,175635753.36682257,0.0,0,10115.97559
2019-09-11,204040040.1482923,0.0,0,175635753.36682257,0.0,0,10178.37207
2019-09-12,204040040.1482923,0.0,0,175635753.36682257,0.0,0,10410.12695
2019-09-13,204040040.1482923,0.0,0,175635753.36682257,0.0,0,10360.54688
2019-09-14,204040040.1482923,0.0,0,175635753.36682257,0.0,0,10358.04883
2019-09-15,204040040.1482923,0.0,0,175635753.36682257,0.0,0,10347.71289
2019-09-16,204040040.1482923,0.0,0,175635753.36682257,0.0,0,10276.79395
2019-09-17,204040040.1482923,0.0,0,175635753.36682257,0.0,0,10241.27246
2019-09-18,204040040.1482923,0.0,0,175635753.36682257,0.0,0,10198.24805
2019-09-19,204040040.1482923,0.0,0,175635753.36682257,0.0,0,10266.41504
2019-09-20,204040040.1482923,0.0,0,175635753.36682257,0.0,0,10181.6416
2019-09-21,204040040.1482923,0.0,0,175635753.36682257,0.0,0,10019.7168
2019-09-22,204040040.1482923,0.0,0,175635753.36682257,0.0,0,10070.39258
2019-09-23,204040040.1482923,0.0,0,175635753.36682257,0.0,0,9729.324219
2019-09-24,204040040.1482923,0.0,0,175635753.36682257,0.0,0,8620.566406
2019-09-25,204040040.1482923,0.0,0,175635753.36682257,0.0,0,8486.993164
2019-09-26,204040040.1482923,0.0,0,175635753.36682257,0.0,0,8118.967773
2019-09-27,204040040.1482923,0.0,0,175635753.36682257,0.0,0,8251.845703
2019-09-28,204040040.1482923,0.0,0,175635753.36682257,0.0,0,8245.915039
2019-09-29,204040040.1482923,0.0,0,175635753.36682257,0.0,0,8104.185547
2019-09-30,204040040.1482923,0.0,0,175635753.36682257,0.0,0,8293.868164
2019-10-01,204040040.1482923,0.0,0,175635753.36682257,0.0,0,8343.276367
2019-10-02,204040040.1482923,0.0,0,175635753.36682257,0.0,0,8393.041992
2019-10-03,204040040.1482923,0.0,0,175635753.36682257,0.0,0,8259.992188
2019-10-04,204040040.1482923,0.0,0,175635753.36682257,0.0,0,8205.939453
2019-10-05,204040040.1482923,0.0,0,175635753.36682257,0.0,0,8151.500488
2019-10-06,204040040.1482923,0.0,0,175635753.36682257,0.0,0,7988.155762
2019-10-07,204040040.1482923,0.0,0,175635753.36682257,0.0,0,8245.623047
2019-10-08,204040040.1482923,0.0,0,175635753.36682257,0.0,0,8228.783203
2019-10-09,204040040.1482923,0.0,0,175635753.36682257,0.0,0,8595.740234
2019-10-10,204040040.1482923,0.0,0,175635753.36682257,0.0,0,8586.473633
2019-10-11,204040040.1482923,0.0,0,175635753.36682257,0.0,0,8321.756836
2019-10-12,204040040.1482923,0.0,0,175635753.36682257,0.0,0,8336.555664
2019-10-13,204040040.1482923,0.0,0,175635753.36682257,0.0,0,8321.005859
2019-10-14,204040040.1482923,0.0,0,175635753.36682257,0.0,0,8374.686523
2019-10-15,204040040.1482923,0.0,0,175635753.36682257,0.0,0,8205.369141
2019-10-16,204040040.1482923,0.0,0,175635753.36682257,0.0,0,8047.526855
2019-10-17,204040040.1482923,0.0,0,175635753.36682257,0.0,0,8103.911133
2019-10-18,204040040.1482923,0.0,0,175635753.36682257,0.0,0,7973.20752
2019-10-19,204040040.1482923,0.0,0,175635753.36682257,0.0,0,7988.560547
2019-10-20,204040040.1482923,0.0,0,175635753.36682257,0.0,0,8222.078125
2019-10-21,204040040.1482923,0.0,0,175635753.36682257,0.0,0,8243.720703
2019-10-22,204040040.1482923,0.0,0,175635753.36682257,0.0,0,8078.203125
2019-10-23,204040040.1482923,0.0,0,175635753.36682257,0.0,0,7514.671875
2019-10-24,204040040.1482923,0.0,0,175635753.36682257,0.0,0,7493.48877
2019-10-25,204040040.1482923,0.0,0,175635753.36682257,0.0,0,8660.700195
2019-10-26,204040040.1482923,0.0,0,175635753.36682257,0.0,0,9244.972656
2019-10-27,204040040.1482923,0.0,0,175635753.36682257,0.0,0,9551.714844
2019-10-28,204040040.1482923,0.0,0,175635753.36682257,0.0,0,9256.148438
2019-10-29,204040040.1482923,0.0,0,175635753.36682257,0.0,0,9427.6875
2019-10-30,204040040.1482923,0.0,0,175635753.36682257,0.0,0,9205.726562
2019-10-31,204040040.1482923,0.0,0,175635753.36682257,0.0,0,9199.584961
2019-11-01,204040040.1482923,0.0,0,175635753.36682257,0.0,0,9261.104492
2019-11-02,204040040.1482923,0.0,0,175635753.36682257,0.0,0,9324.717773
2019-11-03,204040040.1482923,0.0,0,175635753.36682257,0.0,0,9235.354492
2019-11-04,204040040.1482923,0.0,0,175635753.36682257,0.0,0,9412.612305
2019-11-05,204040040.1482923,0.0,0,175635753.36682257,0.0,0,9342.527344
2019-11-06,204040040.1482923,0.0,0,175635753.36682257,0.0,0,9360.879883
2019-11-07,204040040.1482923,0.0,0,175635753.36682257,0.0,0,9267.561523
2019-11-08,204040040.1482923,0.0,0,175635753.36682257,0.0,0,8804.880859
2019-11-09,204040040.1482923,0.0,0,175635753.36682257,0.0,0,8813.582031
2019-11-10,204040040.1482923,0.0,0,175635753.36682257,0.0,0,9055.526367
2019-11-11,204040040.1482923,0.0,0,175635753.36682257,0.0,0,8757.788086
2019-11-12,204040040.1482923,0.0,0,175635753.36682257,0.0,0,8815.662109
2019-11-13,204040040.1482923,0.0,0,175635753.36682257,0.0,0,8808.262695
2019-11-14,204040040.1482923,0.0,0,175635753.36682257,0.0,0,8708.094727
2019-11-15,204040040.1482923,0.0,0,175635753.36682257,0.0,0,8491.992188
2019-11-16,204040040.1482923,0.0,0,175635753.36682257,0.0,0,8550.760742
2019-11-17,204040040.1482923,0.0,0,175635753.36682257,0.0,0,8577.975586
2019-11-18,204040040.1482923,0.0,0,175635753.36682257,0.0,0,8309.286133
2019-11-19,204040040.1482923,0.0,0,175635753.36682257,0.0,0,8206.145508
2019-11-20,204040040.1482923,0.0,0,175635753.36682257,0.0,0,8027.268066
2019-11-21,204040040.1482923,0.0,0,175635753.36682257,0.0,0,7642.75
2019-11-22,204040040.1482923,0.0,0,175635753.36682257,0.0,0,7296.577637
2019-11-23,204040040.1482923,0.0,0,175635753.36682257,0.0,0,7397.796875
2019-11-24,204040040.1482923,0.0,0,175635753.36682257,0.0,0,7047.916992
2019-11-25,204040040.1482923,0.0,0,175635753.36682257,0.0,0,7146.133789
2019-11-26,204040040.1482923,0.0,0,175635753.36682257,0.0,0,7218.371094
2019-11-27,204040040.1482923,0.0,0,175635753.36682257,0.0,0,7531.663574
2019-11-28,204040040.1482923,0.0,0,175635753.36682257,0.0,0,7463.105957
2019-11-29,204040040.1482923,0.0,0,175635753.36682257,0.0,0,7761.243652
2019-11-30,204040040.1482923,0.0,0,175635753.36682257,0.0,0,7569.629883
2019-12-01,204040040.1482923,0.0,0,175635753.36682257,0.0,0,7424.29248
2019-12-02,204040040.1482923,0.0,0,175635753.36682257,0.0,0,7321.988281
2019-12-03,204040040.1482923,0.0,0,175635753.36682257,0.0,0,7320.145508
2019-12-04,204040040.1482923,0.0,0,175635753.36682257,0.0,0,7252.034668
2019-12-05,204040040.1482923,0.0,0,175635753.36682257,0.0,0,7448.307617
2019-12-06,204040040.1482923,0.0,0,175635753.36682257,0.0,0,7546.996582
2019-12-07,204040040.1482923,0.0,0,175635753.36682257,0.0,0,7556.237793
2019-12-08,204040040.1482923,0.0,0,175635753.36682257,0.0,0,7564.345215
2019-12-09,204040040.1482923,0.0,0,175635753.36682257,0.0,0,7400.899414
2019-12-10,204040040.1482923,0.0,0,175635753.36682257,0.0,0,7278.119629
2019-12-11,204040040.1482923,0.0,0,175635753.36682257,0.0,0,7217.427246
2019-12-12,204040040.1482923,0.0,0,175635753.36682257,0.0,0,7243.134277
2019-12-13,204040040.1482923,0.0,0,175635753.36682257,0.0,0,7269.68457
2019-12-14,204040040.1482923,0.0,0,175635753.36682257,0.0,0,7124.673828
2019-12-15,204040040.1482923,0.0,0,175635753.36682257,0.0,0,7152.301758
2019-12-16,204040040.1482923,0.0,0,175635753.36682257,0.0,0,6932.480469
2019-12-17,204040040.1482923,0.0,0,175635753.36682257,0.0,0,6640.515137
2019-12-18,204040040.1482923,0.0,0,175635753.36682257,0.0,0,7276.802734
2019-12-19,204040040.1482923,0.0,0,175635753.36682257,0.0,0,7202.844238
2019-12-20,204040040.1482923,0.0,0,175635753.36682257,0.0,0,7218.816406
2019-12-21,204040040.1482923,0.0,0,175635753.36682257,0.0,0,7191.158691
2019-12-22,204040040.1482923,0.0,0,175635753.36682257,0.0,0,7511.588867
2019-12-23,204040040.1482923,0.0,0,175635753.36682257,0.0,0,7355.628418
2019-12-24,204040040.1482923,0.0,0,175635753.36682257,0.0,0,7322.532227
2019-12-25,204040040.1482923,0.0,0,175635753.36682257,0.0,0,7275.155762
2019-12-26,204040040.1482923,0.0,0,175635753.36682257,0.0,0,7238.966797
2019-12-27,204040040.1482923,0.0,0,175635753.36682257,0.0,0,7290.088379
2019-12-28,204040040.1482923,0.0,0,175635753.36682257,0.0,0,7317.990234
2019-12-29,204040040.1482923,0.0,0,175635753.36682257,0.0,0,7422.652832
2019-12-30,204040040.1482923,0.0,0,175635753.36682257,0.0,0,7292.995117
2019-12-31,204040040.1482923,0.0,0,175635753.36682257,0.0,0,7193.599121
2020-01-01,204040040.1482923,0.0,0,175635753.36682257,0.0,0,7200.174316
2020-01-02,204040040.1482923,0.0,0,175635753.36682257,0.0,0,6985.470215
2020-01-03,204040040.1482923,0.0,0,175635753.36682257,0.0,0,7344.884277
2020-01-04,204040040.1482923,0.0,0,175635753.36682257,0.0,0,7410.656738
2020-01-05,204040040.1482923,0.0,0,175635753.36682257,0.0,0,7411.317383
2020-01-06,204040040.1482923,0.0,0,175635753.36682257,0.0,0,7769.219238
2020-01-07,204040040.1482923,0.0,0,175635753.36682257,0.0,0,8163.692383
2020-01-08,204040040.1482923,0.0,0,175635753.36682257,0.0,0,8079.862793
2020-01-09,204040040.1482923,0.0,0,175635753.36682257,0.0,0,7879.071289
2020-01-10,204040040.1482923,0.0,0,175635753.36682257,0.0,0,8166.554199
2020-01-11,204040040.1482923,0.0,0,175635753.36682257,0.0,0,8037.537598
2020-01-12,204040040.1482923,0.0,0,175635753.36682257,0.0,0,8192.494141
2020-01-13,204040040.1482923,0.0,0,175635753.36682257,0.0,0,8144.194336
2020-01-14,204040040.1482923,0.0,0,175635753.36682257,0.0,0,8827.764648
2020-01-15,204040040.1482923,0.0,0,175635753.36682257,0.0,0,8807.010742
2020-01-16,204040040.1482923,0.0,0,175635753.36682257,0.0,0,8723.786133
2020-01-17,204040040.1482923,0.0,0,175635753.36682257,0.0,0,8929.038086
2020-01-18,204040040.1482923,0.0,0,175635753.36682257,0.0,0,8942.808594
2020-01-19,204040040.1482923,0.0,0,175635753.36682257,0.0,0,8706.245117
2020-01-20,204040040.1482923,0.0,0,175635753.36682257,0.0,0,8657.642578
2020-01-21,204040040.1482923,0.0,0,175635753.36682257,0.0,0,8745.894531
2020-01-22,204040040.1482923,0.0,0,175635753.36682257,0.0,0,8680.875977
2020-01-23,204040040.1482923,0.0,0,175635753.36682257,0.0,0,8406.515625
2020-01-24,204040040.1482923,0.0,0,175635753.36682257,0.0,0,8445.43457
2020-01-25,204040040.1482923,0.0,0,175635753.36682257,0.0,0,8367.847656
2020-01-26,204040040.1482923,0.0,0,175635753.36682257,0.0,0,8596.830078
2020-01-27,204040040.1482923,0.0,0,175635753.36682257,0.0,0,8909.819336
2020-01-28,204040040.1482923,0.0,0,175635753.36682257,0.0,0,9358.589844
2020-01-29,204040040.1482923,0.0,0,175635753.36682257,0.0,0,9316.629883
2020-01-30,204040040.1482923,0.0,0,175635753.36682257,0.0,0,9508.993164
2020-01-31,204040040.1482923,0.0,0,175635753.36682257,0.0,0,9350.529297
2020-02-01,204040040.1482923,0.0,0,175635753.36682257,0.0,0,9392.875
2020-02-02,204040040.1482923,0.0,0,175635753.36682257,0.0,0,9344.365234
2020-02-03,204040040.1482923,0.0,0,175635753.36682257,0.0,0,9293.521484
2020-02-04,204040040.1482923,0.0,0,175635753.36682257,0.0,0,9180.962891
2020-02-05,204040040.1482923,0.0,0,175635753.36682257,0.0,0,9613.423828
2020-02-06,204040040.1482923,0.0,0,175635753.36682257,0.0,0,9729.801758
2020-02-07,204040040.1482923,0.0,0,175635753.36682257,0.0,0,9795.943359
2020-02-08,204040040.1482923,0.0,0,175635753.36682257,0.0,0,9865.119141
2020-02-09,204040040.1482923,0.0,0,175635753.36682257,0.0,0,10116.67383
2020-02-10,204040040.1482923,0.0,0,175635753.36682257,0.0,0,9856.611328
2020-02-11,204040040.1482923,0.0,0,175635753.36682257,0.0,0,10208.23633
2020-02-12,204201584.5546152,7.587488734363967,1,175774809.27705517,7.587488734363967,1,10326.05469
2020-02-13,203621561.5008289,7.324248502841938,1,175275530.87097445,7.324248502841939,1,10214.37988
2020-02-14,205699928.95429933,8.260633199797288,1,177064570.08699337,8.260633199797288,1,10312.11621
2020-02-15,205277617.28300536,8.071900468827245,1,176701048.16017246,8.071900468827245,1,9889.424805
2020-02-16,206045585.67022213,8.414532775688938,1,177362108.1469902,8.414532775688938,1,9934.433594
2020-02-17,205248163.40988302,8.058708445400653,1,176675694.54236466,8.05870844540065,1,9690.142578
2020-02-18,206198117.33925086,8.482281620124395,1,177493405.97746843,8.482281620124395,1,10141.99609
2020-02-19,205649708.51561153,8.238230098529108,1,177021340.80426565,8.23823009852911,1,9633.386719
2020-02-20,205149468.06516975,8.014476415218235,1,176590738.51505786,8.014476415218237,1,9608.475586
2020-02-21,205229105.67033386,8.050170703239095,1,176659289.81885672,8.050170703239095,1,9686.441406
2020-02-22,204501128.62348723,7.722850430534149,1,176032654.00284854,7.722850430534149,1,9663.181641
2020-02-23,205042120.291142,7.96631830416484,1,176498334.55772716,7.966318304164842,1,9924.515625
2020-02-24,203772599.09465718,7.392940380820384,1,175405542.61552945,7.392940380820384,1,9650.174805
2020-02-25,202451731.51813233,0.0,0,174268552.1908454,0.0,0,9341.705078
2020-02-26,202451731.51813233,0.0,0,174268552.1908454,0.0,0,8820.522461
2020-02-27,202451731.51813233,0.0,0,174268552.1908454,0.0,0,8784.494141
2020-02-28,202451731.51813233,0.0,0,174268552.1908454,0.0,0,8672.455078
2020-02-29,202451731.51813233,0.0,0,174268552.1908454,0.0,0,8599.508789
2020-03-01,202451731.51813233,0.0,0,174268552.1908454,0.0,0,8562.454102
2020-03-02,202451731.51813233,0.0,0,174268552.1908454,0.0,0,8869.669922
2020-03-03,202451731.51813233,0.0,0,174268552.1908454,0.0,0,8787.786133
2020-03-04,202451731.51813233,0.0,0,174268552.1908454,0.0,0,8755.246094
2020-03-05,202451731.51813233,0.0,0,174268552.1908454,0.0,0,9078.762695
2020-03-06,202451731.51813233,0.0,0,174268552.1908454,0.0,0,9122.545898
2020-03-07,202451731.51813233,0.0,0,174268552.1908454,0.0,0,8909.954102
2020-03-08,202451731.51813233,0.0,0,174268552.1908454,0.0,0,8108.116211
2020-03-09,202451731.51813233,0.0,0,174268552.1908454,0.0,0,7923.644531
2020-03-10,202451731.51813233,0.0,0,174268552.1908454,0.0,0,7909.729492
2020-03-11,202451731.51813233,0.0,0,174268552.1908454,0.0,0,7911.430176
2020-03-12,202451731.51813233,0.0,0,174268552.1908454,0.0,0,4970.788086
2020-03-13,202451731.51813233,0.0,0,174268552.1908454,0.0,0,5563.707031
2020-03-14,202451731.51813233,0.0,0,174268552.1908454,0.0,0,5200.366211
2020-03-15,202451731.51813233,0.0,0,174268552.1908454,0.0,0,5392.314941
2020-03-16,202451731.51813233,0.0,0,174268552.1908454,0.0,0,5014.47998
2020-03-17,202451731.51813233,0.0,0,174268552.1908454,0.0,0,5225.629395
2020-03-18,202451731.51813233,0.0,0,174268552.1908454,0.0,0,5238.438477
2020-03-19,202451731.51813233,0.0,0,174268552.1908454,0.0,0,6191.192871
2020-03-20,202451731.51813233,0.0,0,174268552.1908454,0.0,0,6198.77832
2020-03-21,202451731.51813233,0.0,0,174268552.1908454,0.0,0,6185.066406
2020-03-22,202451731.51813233,0.0,0,174268552.1908454,0.0,0,5830.254883
2020-03-23,202451731.51813233,0.0,0,174268552.1908454,0.0,0,6416.314941
2020-03-24,202451731.51813233,0.0,0,174268552.1908454,0.0,0,6734.803711
2020-03-25,202451731.51813233,0.0,0,174268552.1908454,0.0,0,6681.062988
2020-03-26,202451731.51813233,0.0,0,174268552.1908454,0.0,0,6716.44043
2020-03-27,202451731.51813233,0.0,0,174268552.1908454,0.0,0,6469.79834
2020-03-28,202451731.51813233,0.0,0,174268552.1908454,0.0,0,6242.193848
2020-03-29,202451731.51813233,0.0,0,174268552.1908454,0.0,0,5922.042969
2020-03-30,202451731.51813233,0.0,0,174268552.1908454,0.0,0,6429.841797
2020-03-31,202451731.51813233,0.0,0,174268552.1908454,0.0,0,6438.644531
2020-04-01,202451731.51813233,0.0,0,174268552.1908454,0.0,0,6606.776367
2020-04-02,202451731.51813233,0.0,0,174268552.1908454,0.0,0,6793.624512
2020-04-03,202451731.51813233,0.0,0,174268552.1908454,0.0,0,6733.387207
2020-04-04,202451731.51813233,0.0,0,174268552.1908454,0.0,0,6867.527344
2020-04-05,202451731.51813233,0.0,0,174268552.1908454,0.0,0,6791.129395
2020-04-06,202451731.51813233,0.0,0,174268552.1908454,0.0,0,7271.78125
2020-04-07,202451731.51813233,0.0,0,174268552.1908454,0.0,0,7176.414551
2020-04-08,202451731.51813233,0.0,0,174268552.1908454,0.0,0,7334.098633
2020-04-09,202451731.51813233,0.0,0,174268552.1908454,0.0,0,7302.089355
2020-04-10,202451731.51813233,0.0,0,174268552.1908454,0.0,0,6865.493164
2020-04-11,202451731.51813233,0.0,0,174268552.1908454,0.0,0,6859.083008
2020-04-12,202451731.51813233,0.0,0,174268552.1908454,0.0,0,6971.091797
2020-04-13,202451731.51813233,0.0,0,174268552.1908454,0.0,0,6845.037598
2020-04-14,202451731.51813233,0.0,0,174268552.1908454,0.0,0,6842.427734
2020-04-15,202451731.51813233,0.0,0,174268552.1908454,0.0,0,6642.109863
2020-04-16,202451731.51813233,0.0,0,174268552.1908454,0.0,0,7116.804199
2020-04-17,202451731.51813233,0.0,0,174268552.1908454,0.0,0,7096.18457
2020-04-18,202451731.51813233,0.0,0,174268552.1908454,0.0,0,7257.665039
2020-04-19,202451731.51813233,0.0,0,174268552.1908454,0.0,0,7189.424805
2020-04-20,202451731.51813233,0.0,0,174268552.1908454,0.0,0,6881.958496
2020-04-21,202451731.51813233,0.0,0,174268552.1908454,0.0,0,6880.323242
2020-04-22,202451731.51813233,0.0,0,174268552.1908454,0.0,0,7117.20752
2020-04-23,202451731.51813233,0.0,0,174268552.1908454,0.0,0,7429.724609
2020-04-24,202451731.51813233,0.0,0,174268552.1908454,0.0,0,7550.900879
2020-04-25,202451731.51813233,0.0,0,174268552.1908454,0.0,0,7569.936035
2020-04-26,202451731.51813233,0.0,0,174268552.1908454,0.0,0,7679.867188
2020-04-27,202451731.51813233,0.0,0,174268552.1908454,0.0,0,7795.601074
2020-04-28,202451731.51813233,0.0,0,174268552.1908454,0.0,0,7807.058594
2020-04-29,202451731.51813233,0.0,0,174268552.1908454,0.0,0,8801.038086
2020-04-30,202451731.51813233,0.0,0,174268552.1908454,0.0,0,8658.553711
2020-05-01,202451731.51813233,0.0,0,174268552.1908454,0.0,0,8864.766602
2020-05-02,202451731.51813233,0.0,0,174268552.1908454,0.0,0,8988.59668
2020-05-03,202451731.51813233,0.0,0,174268552.1908454,0.0,0,8897.46875
2020-05-04,202451731.51813233,0.0,0,174268552.1908454,0.0,0,8912.654297
2020-05-05,202451731.51813233,0.0,0,174268552.1908454,0.0,0,9003.070312
2020-05-06,202451731.51813233,0.0,0,174268552.1908454,0.0,0,9268.761719
2020-05-07,202451731.51813233,0.0,0,174268552.1908454,0.0,0,9951.518555
2020-05-08,202451731.51813233,0.0,0,174268552.1908454,0.0,0,9842.666016
2020-05-09,202451731.51813233,0.0,0,174268552.1908454,0.0,0,9593.896484
2020-05-10,200876801.3930846,0.0,0,172912867.10662454,0.0,0,8756.430664
2020-05-11,200876801.3930846,0.0,0,172912867.10662454,0.0,0,8601.795898
2020-05-12,200876801.3930846,0.0,0,172912867.10662454,0.0,0,8804.477539
2020-05-13,200876801.3930846,0.0,0,172912867.10662454,0.0,0,9269.987305
2020-05-14,200876801.3930846,0.0,0,172912867.10662454,0.0,0,9733.72168
2020-05-15,200876801.3930846,0.0,0,172912867.10662454,0.0,0,9328.197266
2020-05-16,200876801.3930846,0.0,0,172912867.10662454,0.0,0,9377.013672
2020-05-17,200876801.3930846,0.0,0,172912867.10662454,0.0,0,9670.739258
2020-05-18,200876801.3930846,0.0,0,172912867.10662454,0.0,0,9726.575195
2020-05-19,200876801.3930846,0.0,0,172912867.10662454,0.0,0,9729.038086
2020-05-20,200876801.3930846,0.0,0,172912867.10662454,0.0,0,9522.981445
2020-05-21,200876801.3930846,0.0,0,172912867.10662454,0.0,0,9081.761719
2020-05-22,200876801.3930846,0.0,0,172912867.10662454,0.0,0,9182.577148
2020-05-23,200876801.3930846,0.0,0,172912867.10662454,0.0,0,9209.287109
2020-05-24,200876801.3930846,0.0,0,172912867.10662454,0.0,0,8790.368164
2020-05-25,200876801.3930846,0.0,0,172912867.10662454,0.0,0,8906.93457
2020-05-26,200876801.3930846,0.0,0,172912867.10662454,0.0,0,8835.052734
2020-05-27,200876801.3930846,0.0,0,172912867.10662454,0.0,0,9181.017578
2020-05-28,200876801.3930846,0.0,0,172912867.10662454,0.0,0,9525.750977
2020-05-29,200876801.3930846,0.0,0,172912867.10662454,0.0,0,9439.124023
2020-05-30,200876801.3930846,0.0,0,172912867.10662454,0.0,0,9700.414062
2020-05-31,200346901.27543148,7.265195714162101,1,172456734.0539868,7.265195714162101,1,9461.058594
2020-06-01,201681242.2955339,7.878737419584751,1,173605322.29256788,7.87873741958475,1,10167.26855
2020-06-02,201150324.13681412,7.635591646302942,1,173148312.91972566,7.63559164630294,1,9529.803711
2020-06-03,202517357.55262557,8.259070217113079,1,174325042.46599102,8.259070217113077,1,9656.717773
2020-06-04,203214481.2642703,8.573785866716893,1,174925120.0203554,8.573785866716891,1,9800.636719
2020-06-05,202517945.35766524,8.259336493668359,1,174325548.4430576,8.259336493668355,1,9665.533203
2020-06-06,202632272.4796096,8.311097478705928,1,174423960.15763265,8.311097478705925,1,9653.679688
2020-06-07,202755213.91642812,8.366693412337135,1,174529786.99367878,8.366693412337131,1,9758.852539
2020-06-08,202711361.99919724,8.346870664680347,1,174492039.6745064,8.346870664680345,1,9771.489258
2020-06-09,202119561.65535745,8.078512901530626,1,173982623.48757806,8.078512901530624,1,9795.700195
2020-06-10,202143836.64155242,8.089551540488944,1,174003519.16807893,8.08955154048894,1,9870.094727
2020-06-11,200544232.7201795,7.356444874808283,1,172626595.1113366,7.3564448748082825,1,9321.78125
2020-06-12,201365275.1129477,7.734187691348401,1,173333340.70448163,7.7341876913484,1,9480.84375
2020-06-13,201262302.96138617,7.686981587327926,1,173244703.24194157,7.686981587327925,1,9475.277344
2020-06-14,200815955.63131377,7.48180033482293,1,172860491.6454159,7.481800334822928,1,9386.788086
2020-06-15,201136816.31791997,7.6293886958777115,1,173136685.51587838,7.629388695877711,1,9450.702148
2020-06-16,201271111.26666456,7.6910215175605,1,173252285.34853366,7.691021517560498,1,9538.024414
2020-06-17,202127000.36406755,8.081895810125177,1,173989026.65828624,8.081895810125175,1,9480.254883
2020-06-18,201878182.8425599,7.968605535048547,1,173774846.86882386,7.968605535048543,1,9411.84082
2020-06-19,201374868.13058352,7.738583014224959,1,173341598.28411305,7.738583014224957,1,9288.018555
2020-06-20,201323185.1465062,7.714897985888279,1,173297110.05602768,7.714897985888277,1,9332.34082
2020-06-21,201154043.49116918,7.637299471601894,1,173151514.50507975,7.637299471601892,1,9303.629883
2020-06-22,202159301.86401227,8.096582706102911,1,174016831.48656183,8.096582706102911,1,9648.717773
2020-06-23,202030097.32464775,8.03780760845792,1,173905613.43057042,8.037807608457918,1,9629.658203
2020-06-24,201645226.69108996,15.395446688128441,2,173574320.39796486,15.395446688128441,2,9313.610352
2020-06-25,201770696.7395394,15.448057585422356,2,173682323.83919322,15.448057585422353,2,9264.813477
2020-06-26,201128919.60728025,15.178262952031377,2,173129888.10140365,15.178262952031377,2,9162.917969
2020-06-27,199763159.92166,14.59834566913583,2,171954254.97014368,14.59834566913583,2,9045.390625
2020-06-28,200725965.43631464,15.007984669111021,2,172783028.92935875,15.007984669111018,2,9143.582031
2020-06-29,201578488.63371724,15.367436042889496,2,173516872.90395153,15.367436042889498,2,9190.854492
2020-06-30,201277220.18449408,15.240759406190287,2,173257543.84772068,15.240759406190286,2,9137.993164
2020-07-01,204197362.0902897,16.452866202417933,2,175771174.61935598,16.452866202417933,2,9228.325195
2020-07-02,204346382.87520775,16.51379343431208,2,175899450.3137117,16.51379343431208,2,9123.410156
2020-07-03,204456428.35290205,16.55872858042815,2,175994176.42906338,16.55872858042815,2,9087.303711
2020-07-04,205315162.36226618,16.90772305666728,2,176733366.61235666,16.90772305666728,2,9132.488281
2020-07-05,204777648.74505496,16.68961707383253,2,176270679.93068767,16.689617073832526,2,9073.942383
2020-07-06,208113680.14767268,18.025070146444538,2,179142304.48157632,18.025070146444538,2,9375.474609
2020-07-07,211624427.59545785,19.384994797089703,2,182164322.96591035,19.384994797089703,2,9252.277344
2020-07-08,224906916.92834985,31.233133286999525,3,186316472.54873687,21.181537827579202,2,9428.333008
2020-07-09,220823577.92701533,29.96153705853168,3,184362347.96343076,20.346111850374268,2,9277.967773
2020-07-10,214903151.55412695,35.748605259716015,4,183174320.1146054,27.387891298359392,3,9278.807617
2020-07-11,218705267.34980184,36.8655936422841,4,185112732.2217754,28.148250615328347,3,9240.34668
2020-07-12,221955414.38839456,37.79008608786046,4,188707535.24937445,29.516997686742187,3,9276.5
2020-07-13,217858100.84027785,36.62008817584221,4,187201419.76696563,28.949931789684346,3,9243.614258
2020-07-14,223218580.5467484,38.142124246043544,4,191294175.2369268,30.470054161150838,3,9243.213867
2020-07-15,223887913.91739488,38.32705401627984,4,192785257.20177782,31.007827898428197,3,9192.836914
2020-07-16,222803775.7320068,38.026960377710836,4,192218586.46517757,30.804435262453673,3,9132.227539
2020-07-17,222883632.2713611,38.049164576498654,4,191980116.913076,30.718483469134117,3,9151.392578
2020-07-18,223395609.84501994,38.191143366629156,4,190614468.04338622,30.222119128525748,3,9159.040039
2020-07-19,223355033.07950354,38.17991459131181,4,190985748.37511718,30.35776880384371,3,9185.817383
2020-07-20,218039567.73954546,36.67283711583427,4,187067133.23154655,28.89892834863924,3,9164.231445
2020-07-21,219674994.41369462,37.14429237479703,4,188175759.00112343,29.31781588599075,3,9374.887695
2020-07-22,220526924.88370138,37.387113937597064,4,188992785.55694774,29.62337898605632,3,9525.363281
2020-07-23,221932542.475257,37.78367486158681,4,190155956.51414767,30.053867954847547,3,9581.072266
2020-07-24,219381410.96346763,37.06017679075541,4,188301999.94678462,29.36520245525964,3,9536.892578
2020-07-25,225254859.31736013,38.7013125342547,4,193274047.1871946,31.182309073144516,3,9677.113281
2020-07-26,225381574.73259538,38.73577625936095,4,193385554.34307605,31.221989725691955,3,9905.166992
2020-07-27,221094457.65235296,37.54783648558665,4,190077653.13256782,30.02505331737016,3,10990.87305
2020-07-28,224097337.28784055,38.384688597616396,4,192456304.24070367,30.889904095447108,3,10912.82324
2020-07-29,221712891.98240948,37.72203727994859,4,190434020.30082527,30.156000369576823,3,11100.46777
2020-07-30,223248390.9075619,38.150384129072876,4,191576909.53511125,30.572668304406704,3,11111.21387
2020-07-31,224041883.15732783,38.36943777276198,4,192285104.1541002,30.828372265115878,3,11323.4668
2020-08-01,230875721.9657904,40.19368037544789,4,196068385.36553872,32.16308881865976,3,11759.59277
2020-08-02,226175867.42249686,38.950926202740085,4,193604623.22714186,31.299813910403607,3,11053.61426
2020-08-03,230471823.40390983,40.088870658880545,4,197056321.5275681,32.503187208586546,3,11246.34863
2020-08-04,235303844.1344968,41.319160032324426,4,200546882.1214645,33.67798340811366,3,11205.89258
2020-08-05,233926038.79560578,40.973534658533886,4,199467794.9639752,33.31919247458966,3,11747.02246
2020-08-06,235990728.24629632,41.48995884692353,4,201044369.34865478,33.84209820646819,3,11779.77344
2020-08-07,234046418.48907062,41.003894395931226,4,199505787.59062374,33.33189074793568,3,11601.47266
2020-08-08,243474255.2756706,43.28834806044873,4,207723637.03742635,35.969378193034395,3,11754.0459
2020-08-09,247186036.36460721,44.139938386049025,4,211116442.6629434,36.99840014476776,3,11675.73926
2020-08-10,245965627.23600018,43.862777183143194,4,209902452.5993545,36.63402462048344,3,11878.11133
2020-08-11,242187942.07609326,42.98714005713386,4,207138885.2257772,35.78862013757884,3,11410.52539
2020-08-12,253953955.0195056,45.62861909209195,4,216863121.16151434,38.667886119720535,3,11584.93457
2020-08-13,257089776.04431418,46.29180734493599,4,219416697.00942516,39.38167047086893,3,11784.1377
2020-08-14,256358940.6507826,53.67398444060759,5,218577037.74204227,46.69153995411651,4,11768.87109
2020-08-15,264121577.73062578,62.32432414360893,6,225341791.23324826,55.575930330416355,5,11865.69824
2020-08-16,264087769.70275718,62.319500973263885,6,225345999.39504462,55.57675991546923,5,11892.80371
2020-08-17,256768396.83032963,61.245390507176936,6,218764754.2533713,54.24034613171548,5,12254.40234
2020-08-18,253924693.99761733,68.40898357041037,7,217057537.53535324,53.880433976709426,5,11991.2334
2020-08-19,249048450.39305857,67.79044733144491,7,213612680.40038288,53.13667983355986,5,11758.2832
2020-08-20,250465044.2047931,57.88591210780722,6,214487496.30885446,43.188888512058114,4,11878.37207
2020-08-21,237626420.2400706,63.53559328114824,7,205597109.17894304,40.73227432898238,4,11592.48926
2020-08-22,245198017.05126217,50.71475018449226,5,212008580.44966787,35.55378182667261,3,11681.8252
2020-08-23,241889632.67946842,50.040663625083404,5,209311018.1370976,34.723210694396236,3,11664.84766
2020-08-24,242552344.8292197,50.177164714085364,5,209710250.89521885,34.84748040712858,3,11774.5957
2020-08-25,235698827.42300382,41.40681379267501,4,204901554.00457075,26.137606410756597,2,11366.13477
2020-08-26,239057332.41123658,27.66562495582866,2,207675144.3540997,19.929831106423137,1,11488.36328
2020-08-27,236420882.4876781,26.858987422167502,2,205628865.70623487,19.133027231757378,1,11323.39746
2020-08-28,238840722.593858,27.60002334652874,2,207415456.7774817,19.829581932892783,1,11542.5
2020-08-29,243233113.2903316,28.907448061756664,2,211244589.4044667,21.28279389162375,1,11506.86523
2020-08-30,243257997.21950907,28.914720431206785,2,210989187.584042,21.187506934178057,1,11711.50586
2020-08-31,240799681.1177268,28.18901312730788,2,208914601.12139988,20.404874555570785,1,11680.82031
2020-09-01,242556917.09695756,28.70925741201868,2,210035386.6381246,20.82960805037803,1,11970.47852
2020-09-02,235684134.42474872,42.91168611975438,4,204971292.58977953,27.38618806999011,2,11414.03418
2020-09-03,227747602.2780034,26.156620061300114,2,200226977.96385732,25.665626867464763,2,10245.29688
2020-09-04,224721847.14381745,8.345220257742907,1,197607382.7419582,8.217860031701566,1,10511.81348
2020-09-05,222338426.09086022,0.0,0,195543525.8609804,0.0,0,10169.56738
2020-09-06,222338426.09086022,0.0,0,195543525.8609804,0.0,0,10280.35156
2020-09-07,222338426.09086022,0.0,0,195543525.8609804,0.0,0,10369.56348
2020-09-08,222338426.09086022,0.0,0,195543525.8609804,0.0,0,10131.5166
2020-09-09,222338426.09086022,0.0,0,195543525.8609804,0.0,0,10242.34766
2020-09-10,222338426.09086022,0.0,0,195543525.8609804,0.0,0,10363.13867
2020-09-11,222338426.09086022,0.0,0,195543525.8609804,0.0,0,10400.91504
2020-09-12,222338426.09086022,0.0,0,195543525.8609804,0.0,0,10442.1709
2020-09-13,223783120.48699865,8.112062731702434,1,196814114.31021705,8.112062731702435,1,10323.75586
2020-09-14,223853266.34271768,8.14085640576959,1,196875806.60602483,8.14085640576959,1,10680.83789
2020-09-15,221529191.0811184,7.177156939630737,1,194831815.0252187,7.1771569396307395,1,10796.95117
2020-09-16,221974690.46750364,7.363450789343216,1,195223625.48423073,7.3634507893432195,1,10974.90527
2020-09-17,221406880.36670762,7.1258792727870075,1,194724244.4681766,7.125879272787008,1,10948.99023
2020-09-18,221644388.102836,7.225400502932483,1,194933129.18935758,7.225400502932485,1,10944.58594
2020-09-19,221557668.15014586,7.1890875693905825,1,194856860.2078339,7.189087569390586,1,11094.34668
2020-09-20,220607521.44374287,0.0,0,194021219.51215264,0.0,0,10938.27148
2020-09-21,220607521.44374287,0.0,0,194021219.51215264,0.0,0,10462.25977
2020-09-22,220607521.44374287,0.0,0,194021219.51215264,0.0,0,10538.45996
2020-09-23,220607521.44374287,0.0,0,194021219.51215264,0.0,0,10246.18652
2020-09-24,220607521.44374287,0.0,0,194021219.51215264,0.0,0,10760.06641
2020-09-25,220607521.44374287,0.0,0,194021219.51215264,0.0,0,10692.7168
2020-09-26,220607521.44374287,0.0,0,194021219.51215264,0.0,0,10750.72363
2020-09-27,220607521.44374287,0.0,0,194021219.51215264,0.0,0,10775.26953
2020-09-28,220607521.44374287,0.0,0,194021219.51215264,0.0,0,10709.65234
2020-09-29,220607521.44374287,0.0,0,194021219.51215264,0.0,0,10844.64062
2020-09-30,220607521.44374287,0.0,0,194021219.51215264,0.0,0,10784.49121
2020-10-01,220607521.44374287,0.0,0,194021219.51215264,0.0,0,10619.45215
2020-10-02,220607521.44374287,0.0,0,194021219.51215264,0.0,0,10575.97461
2020-10-03,220607521.44374287,0.0,0,194021219.51215264,0.0,0,10549.3291
2020-10-04,220607521.44374287,0.0,0,194021219.51215264,0.0,0,10669.58301
2020-10-05,220607521.44374287,0.0,0,194021219.51215264,0.0,0,10793.33984
2020-10-06,220607521.44374287,0.0,0,194021219.51215264,0.0,0,10604.40625
2020-10-07,220607521.44374287,0.0,0,194021219.51215264,0.0,0,10668.96875
2020-10-08,220607521.44374287,0.0,0,194021219.51215264,0.0,0,10915.68555
2020-10-09,220607521.44374287,0.0,0,194021219.51215264,0.0,0,11064.45801
2020-10-10,220607521.44374287,0.0,0,194021219.51215264,0.0,0,11296.36133
2020-10-11,220607521.44374287,0.0,0,194021219.51215264,0.0,0,11384.18164
2020-10-12,220607521.44374287,0.0,0,194021219.51215264,0.0,0,11555.36328
2020-10-13,220594269.415657,7.498512487515425,1,194021219.51215264,0.0,0,11425.89941
2020-10-14,220704901.35230452,7.544880368987829,1,194021219.51215264,0.0,0,11429.50684
2020-10-15,220911619.45813844,7.631395271425504,1,194021219.51215264,0.0,0,11495.34961
2020-10-16,220210808.37761778,7.337436304729309,1,194021219.51215264,0.0,0,11322.12305
2020-10-17,220347276.8669269,7.394825351069293,1,194021219.51215264,0.0,0,11358.10156
2020-10-18,220568831.51745212,7.487844418926779,1,194021219.51215264,0.0,0,11483.35938
2020-10-19,220173190.94876426,7.321604552542903,1,194021219.51215264,0.0,0,11742.03711
2020-10-20,218450989.20521536,14.164140850749757,2,193036015.60978466,7.041923196941924,1,11916.33496
2020-10-21,220410874.5323563,14.927390128926616,2,194303164.66974095,7.648149759625814,1,12823.68945
2020-10-22,222098757.8447488,15.573916205598493,2,195370054.56530574,8.152470936570735,1,12965.8916
2020-10-23,221599800.50087973,15.383821203580858,2,194941865.38751876,7.950728135591283,1,12931.53906
2020-10-24,223009597.72358966,15.918738333073074,2,196205635.86374947,8.543622175707222,1,13108.0625
2020-10-25,224811364.96978357,16.592613798890792,2,198021855.64862588,9.382443134704552,1,13031.17383
2020-10-26,225354504.6228343,16.79363866359877,2,198003460.00814322,9.374024251532294,1,13075.24805
2020-10-27,225031615.13401982,16.67424895268183,2,197489091.03823635,9.137984936411243,1,13654.21875
2020-10-28,222230816.58157983,15.624085674230159,2,195626314.987323,8.272786480829497,1,13271.28516
2020-10-29,222026324.7154045,15.546373320963749,2,195693445.35666615,8.304252438777851,1,13437.88281
2020-10-30,220401331.94188043,8.190712365739515,1,195350754.48904204,8.143396672587501,1,13546.52246
2020-10-31,221397986.35092825,8.60400488397945,1,196229027.1935541,8.554524162671234,1,13780.99512
2020-11-01,221255839.52303421,8.545287108141459,1,196103764.4366356,8.496112676058452,1,13737.10938
2020-11-02,220280348.67224783,8.140288495123801,1,195244141.50217685,8.093238410379584,1,13550.48926
2020-11-03,220314850.53780362,8.154673959420009,1,195274545.2675115,8.107548066603377,1,13950.30078
2020-11-04,220678561.89245513,8.30604882640373,1,195595055.3181485,8.25812679352685,1,14133.70703
2020-11-05,220560234.23325416,8.256856229909728,1,195490782.5107224,8.20919260565923,1,15579.84863
2020-11-06,221858053.07648587,8.793532627593125,1,196634447.61174858,8.743066218787273,1,15565.88086
2020-11-07,220846473.04138923,8.375764391609884,1,195743022.13347918,8.327476661853577,1,14833.75391
2020-11-08,220699156.5729598,8.314605305087003,1,195613203.7812278,8.266638355970123,1,15479.56738
2020-11-09,220595290.54502177,8.271435762603275,1,195521674.8656519,8.22369552050608,1,15332.31543
2020-11-10,221453397.4771795,8.626873600747524,1,196277856.63660973,8.577273706260158,1,15290.90234
2020-11-11,222206826.99871036,8.936689513397985,1,196941794.48460093,8.885481561844106,1,15701.33984
2020-11-12,223042467.49273062,9.277863060380124,1,197678178.3605165,9.224898197489663,1,16276.34375
2020-11-13,223618460.57836786,9.511543783591895,1,198185755.51114202,9.457383965207063,1,16317.80859
2020-11-14,224041338.38091445,9.682340654371014,1,198558404.27278802,9.62731176990074,1,16068.13867
2020-11-15,223595861.7411139,9.502398113902512,1,198165840.94322994,9.448284934479158,1,15955.58789
2020-11-16,225603009.55864695,10.30753836656584,1,199934581.5679209,10.249359445030587,1,16716.11133
2020-11-17,223721473.30341518,9.553209263094317,1,198276532.4783687,9.49883710131788,1,17645.40625
2020-11-18,223136877.6975454,9.316247999786302,1,197761374.60704234,9.26308638142081,1,17804.00586
2020-11-19,222160725.4838193,16.46575147115276,2,196901062.47912443,16.4144068500258,2,17817.08984
2020-11-20,223391414.75282484,16.92595135561406,2,197989394.72969797,16.873870332060427,2,18621.31445
2020-11-21,221924536.1041245,16.376847816380483,2,196696850.0333181,16.32762753246968,2,18642.23242
2020-11-22,220157558.41292447,30.85632131821585,4,195134405.9372028,30.808007033254608,4,18370.00195
2020-11-23,222469627.72949743,31.57491369213537,4,197184177.22721073,31.52727245645457,4,18364.12109
2020-11-24,225322224.5812232,39.863614512878335,5,199713381.05118114,39.816825753231946,5,19107.46484
2020-11-25,222545665.11937636,39.113331419132294,5,197244302.4167981,39.06346057177264,5,18732.12109
2020-11-26,213396100.07167006,15.465933768673857,2,189147820.55449796,15.419200107171957,2,17150.62305
2020-11-27,213336678.38841173,7.538046510598416,1,189095256.2153598,7.5372657519613195,1,17108.40234
2020-11-28,213909132.312899,7.785488999698602,1,189602609.71144682,7.784684769821366,1,17717.41406
2020-11-29,214341585.50152415,7.971539967019211,1,189985883.59211677,7.97071817955276,1,18177.48438
2020-11-30,215702995.3189891,8.552377747179849,1,191192471.5827865,8.551501645111069,1,19625.83594
2020-12-01,214929550.79587337,8.22329474150895,1,190506984.47885296,8.222449319455675,1,18802.99805
2020-12-02,215303747.74811155,8.382802245458064,1,190838627.1208581,8.381941922413779,1,19201.0918
2020-12-03,215533389.13308573,8.48041635649871,1,191042153.29917413,8.479546942579494,1,19445.39844
2020-12-04,214832515.2089591,8.18184102370859,1,190420983.9429847,8.180999483540702,1,18699.76562
2020-12-05,215259699.4131055,8.364054727785161,1,190799588.0370014,8.363196153154654,1,19154.23047
2020-12-06,215439131.2384352,8.440375147531991,1,190958614.57170787,8.439509460098273,1,19345.12109
2020-12-07,215294854.73003903,8.379017884719827,1,190830745.43184024,8.378157914545692,1,19191.63086
2020-12-08,214476622.01060796,8.029481955580549,1,190105563.5210201,8.028654715976517,1,18321.14453
2020-12-09,214695420.67832366,8.123210209092722,1,190299480.034221,8.122374165912309,1,18553.91602
2020-12-10,214423840.38696015,8.006842899861025,1,190058784.31287536,8.006017789617403,1,18264.99219
2020-12-11,214230123.55435175,7.923658412453656,1,189887097.2860761,7.922841136148794,1,18058.9043
2020-12-12,214930169.48540056,8.223558926320786,1,190507532.8099608,8.222713479540575,1,18803.65625
2020-12-13,215248562.94521782,8.35931369375494,1,190789718.0270754,8.358455561403124,1,19142.38281
2020-12-14,215346566.03584436,8.401018888550826,1,190876576.04049763,8.400156867356936,1,19246.64453
2020-12-15,215506766.99416876,8.469110692628565,1,191018558.67491695,8.468242330521294,1,19417.07617
2020-12-16,217286624.0518481,9.218866458959205,1,192596007.3779853,9.217928964169488,1,21310.59766
2020-12-17,218691472.68891805,9.802033923875445,1,193841094.2522328,9.801043527671874,1,22805.16211
2020-12-18,219274970.5318186,17.537616012408915,2,194358259.97501373,17.536616364975615,2,23137.96094
2020-12-19,220077361.56753236,17.838269733554725,2,195069411.99539542,17.837247823694216,2,23869.83203
2020-12-20,219172422.80128932,17.499033009018802,2,194267336.39583212,17.498020756827444,2,23477.29492
2020-12-21,217812235.67407006,16.983833516497203,2,193061766.9896038,16.982839197683152,2,22803.08203
2020-12-22,219372123.55830845,17.574136013428244,2,194444318.99246213,17.573113794203028,2,23783.0293
2020-12-23,217398832.69631755,10.048909832431905,1,192695302.97974467,10.047896406593718,1,23241.3457
2020-12-24,217863746.12374583,10.240862235595683,1,193107345.6659658,10.23983165518846,1,23735.94922
2020-12-25,218736831.34719244,10.599134669043435,1,193881142.1612808,10.598072291228885,1,24664.79102
2020-12-26,220677335.25372523,18.839797496933024,2,195600993.0818652,18.838683051065626,2,26437.03711
2020-12-27,220271561.65275937,18.690288103266024,2,195241342.4485411,18.68917722060969,2,26272.29492
2020-12-28,222471589.10007453,26.941187764045498,3,197191305.98189068,26.940062973643723,3,27084.80859
2020-12-29,224055026.4678472,34.91829988558591,4,198594788.3506234,34.91717548794435,4,27362.4375
2020-12-30,225219156.61904454,35.25469919784568,4,199626512.0090597,35.25354107952418,4,28840.95312
2020-12-31,224169417.36068165,34.951510275615576,4,198696044.6181839,34.95034194530916,4,29001.7207
2021-01-01,223967607.12695402,34.89289710792002,4,198517136.18448043,34.89171762370553,4,29374.15234
2021-01-02,229204279.78797776,36.380411154642,4,203158520.07340497,36.379189243146804,4,32127.26758
2021-01-03,238507428.27141726,39.60915544224458,4,211404470.13702193,39.607972676620825,4,32782.02344
2021-01-04,240483048.97985655,40.10527940447209,4,213155660.43357053,40.10412620133831,4,31971.91406
2021-01-05,247485741.55654454,41.80002073647436,4,219362444.6052007,41.798859144839966,4,33992.42969
2021-01-06,261033159.960474,44.82055448897688,4,231370186.86252052,44.819405170875676,4,36824.36328
2021-01-07,256861524.4808965,45.51233175187414,4,227672392.12451655,45.511113372980795,4,39371.04297
2021-01-08,259170261.03992432,45.99771796553871,4,229718660.778563,45.99648491537474,4,40797.60938
2021-01-09,263164001.7071088,46.817249164649404,4,233258623.4745717,46.81604916558457,4,40254.54688
2021-01-10,257450474.37944412,45.63697905254113,4,228194501.7353921,45.635784086681284,4,38356.44141
2021-01-11,243768439.19515812,42.58573596388297,4,216067433.22522444,42.584521057166114,4,35566.65625
2021-01-12,241327403.60811377,42.004988565863854,4,213903916.42561856,42.00379605069605,4,33922.96094
2021-01-13,251051936.89724913,44.25143376865815,4,222523136.3393268,44.25022329517391,4,37316.35938
2021-01-14,255232434.27656013,45.16454943787572,4,226228434.6325844,45.163324925432605,4,39187.32812
2021-01-15,250127669.02492648,44.0454325337826,4,221703937.00783646,44.04422704439143,4,36825.36719
2021-01-16,255241190.7037484,52.532717391810756,5,226236445.47037834,52.53155105885394,5,36178.14062
2021-01-17,259817389.96187723,53.36876513861037,5,230292657.35890195,53.367626725064966,5,35791.27734
2021-01-18,260697371.36977154,53.52616841233565,5,231072578.39572567,53.52502129419402,5,36630.07422
2021-01-19,261871026.56252977,53.73445511929293,5,232112917.72250485,53.73332399674623,5,36069.80469
2021-01-20,262621884.337053,53.86673215383606,5,232778492.3674851,53.865612534841354,5,35547.75
2021-01-21,240226844.187698,42.55008235502306,4,212928680.0937251,42.548953702350765,4,30825.69922
2021-01-22,249696551.1724249,44.72886249371607,4,221322130.16143727,44.72773486664467,4,33005.76172
2021-01-23,248371667.16701043,44.43403077285841,4,220147875.26133293,44.43291608587895,4,32067.64258
2021-01-24,253636965.25978208,52.94937050244697,5,224814841.15957916,52.94827719686626,5,32289.37891
2021-01-25,249744576.40375367,52.21606390351078,5,221364753.10906237,52.2149509363873,5,32366.39258
2021-01-26,249440271.085725,45.44753989221877,4,221095011.76131964,45.44642102900074,4,32569.84961
2021-01-27,240451095.9480538,43.40811638214416,4,213127484.89721984,43.40699797573363,4,30432.54688
2021-01-28,248309073.2132556,38.81533992974667,3,220092280.47896594,38.81417560589889,3,33466.09766
2021-01-29,245956823.23711,40.080627433491735,3,219842825.63887995,39.74479379876254,3,34316.38672
2021-01-30,245225310.98788792,40.676765323152054,3,219180264.96243864,40.33755760363353,3,34269.52344
2021-01-31,240987099.02450967,39.63345452381278,3,215423751.9902912,39.297176787956104,3,33114.35938
2021-02-01,248086740.58611494,41.36099882618354,3,221716600.03604057,41.02006827357011,3,33537.17578
2021-02-02,255764428.34557074,43.12125901737255,3,228521681.25327313,42.77641464466281,3,35510.28906
2021-02-03,262565457.33227828,44.59454484133659,3,234549722.66198212,44.24708848798207,3,37472.08984
2021-02-04,260418468.5519494,44.13776122204833,3,232646748.9360374,43.79104804796947,3,36926.06641
2021-02-05,273702710.29644406,46.849051451915805,3,244421352.55910054,46.49882346273373,3,38144.30859
2021-02-06,281214521.69792396,55.57910574290182,4,251072471.5337522,55.22806005037844,4,39266.01172
2021-02-07,281969158.8256192,56.652364633460884,4,251736637.4952133,56.29910923231679,4,38903.44141
2021-02-08,292344724.55765456,58.93758151103333,4,260922968.2564684,58.584680888220284,4,46196.46484
2021-02-09,295203519.1986304,66.77968256447002,5,263457455.44955933,66.42802838778337,5,46481.10547
2021-02-10,320903857.23341805,76.34113372890242,6,282281869.6207988,68.66682855947849,5,44918.18359
2021-02-11,326763510.36572635,76.76539392153268,6,287624550.1774312,76.59970172359168,6,47909.33203
2021-02-12,333933647.1797868,77.26428136761778,6,293770292.3706163,77.0892413543349,6,47504.85156
2021-02-13,332006167.9395074,77.13228795933648,6,292138532.187656,76.96127171116783,6,47105.51562
2021-02-14,324113034.2176496,84.27807790808907,7,285645818.0227109,76.43760264946523,6,48717.28906
2021-02-15,318564245.20200264,76.97921914633945,6,282552205.1361815,76.17962223113507,6,47945.05859
2021-02-16,321392053.8468542,77.18177039902298,6,285052881.30922705,76.38859065427802,6,49199.87109
2021-02-17,336517632.76804864,78.20738956147977,6,297823291.4524697,77.40102786136927,6,52149.00781
2021-02-18,347324133.05130833,78.88543588324818,6,306820504.4710156,78.06372074977969,6,51679.79688
2021-02-19,381812972.7176625,80.7926964230468,6,334839338.5323522,79.89931441368154,6,55888.13281
2021-02-20,380412721.6727332,80.72199677140098,6,335010282.8834621,79.90957110975916,6,56099.51953
2021-02-21,389576409.2639939,81.17545749122215,6,342433747.6994433,80.34510234173217,6,57539.94531
2021-02-22,371947710.0065125,74.9868976541431,5,327269564.3265552,74.0619545249101,5,54207.32031
2021-02-23,333392071.5605819,66.41585093478184,4,293731445.98943096,65.34609755809463,4,48824.42578
2021-02-24,349531416.1511694,67.96657321466638,4,307600007.40627664,66.908515512507,4,49705.33203
2021-02-25,341816912.7365924,67.24360729019648,4,301145031.3240084,66.19920697783057,4,47093.85156
2021-02-26,353896617.35502946,58.2703986965611,3,312080281.5910715,57.24048916700997,3,46339.76172
2021-02-27,362393953.15422654,59.24886545064357,3,319545333.9344906,58.23941467975962,3,46188.45312
2021-02-28,356603755.0812478,58.587186661855654,3,314706182.3849172,57.597273493869714,3,45137.76953
2021-03-01,368593124.17859876,59.934237032307315,3,324490605.1531116,58.87585042667286,3,49631.24219
2021-03-02,358009015.7337737,58.749740660601226,3,315391699.5864446,57.689437613755324,3,48378.98828
2021-03-03,359511928.4504,58.922184283244114,3,316694327.5985826,57.86346953971865,3,50538.24219
2021-03-04,345762631.37022316,57.288719471109204,3,304715924.8977813,56.20707980414068,3,48561.16797
2021-03-05,350439237.3944297,57.858700827386855,3,308927857.68223107,56.804153948517325,3,48927.30469
2021-03-06,346944225.00544196,57.43418197945386,3,305824496.93886334,56.36582315992938,3,48912.38281
2021-03-07,352095794.4203728,58.05696921437992,3,310137911.5140857,56.97268961311771,3,51206.69141
2021-03-08,351656044.2825215,58.004518946938866,3,309745439.291456,56.91817057264388,3,52246.52344
2021-03-09,372263534.59444535,60.329273827613264,3,327017631.8804531,59.193637038096234,3,54824.11719
2021-03-10,361906048.00265926,59.99442893862537,3,320668523.51385105,58.385687390737615,3,56008.55078
2021-03-11,370668054.9504046,68.27182494595351,4,328237875.2765107,66.68140382910805,4,57805.12109
2021-03-12,357001669.1744048,67.05723824315236,4,316612376.9190026,65.4579984498601,4,57332.08984
2021-03-13,370013513.0301759,68.21569883192285,4,327912951.8002832,66.64838898772581,4,61243.08594
2021-03-14,372860918.86975694,68.45842420262494,4,330647827.3195091,66.92424897211963,4,59302.31641
2021-03-15,369591595.6416611,68.1794145941243,4,327935392.92194444,66.65067128959524,4,55907.19922
2021-03-16,383465608.40993637,69.3307022155768,4,340170798.018941,67.85019384961811,4,56804.90234
2021-03-17,403141251.7733466,70.82754274667631,4,357389962.4115503,69.39918194530631,4,58870.89453
2021-03-18,385558802.1660112,69.49720543704369,4,341958449.65379995,68.01826296322918,4,57858.92188
2021-03-19,392422708.89480895,70.03073301356305,4,347998381.80692875,68.57334463009875,4,58346.65234
2021-03-20,380017702.2371845,69.05243922803082,4,336991302.0851152,67.54686205055994,4,58313.64453
2021-03-21,380697757.11567974,69.10772203253158,4,337590497.9798803,67.60446375187534,4,57523.42188
2021-03-22,365339906.3433901,67.80909851289194,4,324147033.0913558,66.26091218534336,4,54529.14453
2021-03-23,367599589.9566853,68.00698026949614,4,326153545.5490499,66.46847669272096,4,54738.94531
2021-03-24,357605443.5045947,67.11285818483843,4,317405159.285729,65.54427395275995,4,52774.26562
2021-03-25,356264267.64928734,66.98905278374222,4,316496147.3748657,65.44531329989208,4,51704.16016
2021-03-26,379275123.77481127,68.99184734986194,4,336512408.09982824,67.50067768352447,4,55137.3125
2021-03-27,378683241.8846299,68.94338160865233,4,335726293.177578,67.42457937738887,4,55973.51172
2021-03-28,380100902.5897352,69.05921334498048,4,336981184.04707456,67.54588762795164,4,55950.74609
2021-03-29,388452399.2010005,69.72442194050153,4,344269577.1917491,68.23296062481185,4,57750.19922
2021-03-30,400013315.25782543,70.59942635452238,4,353839186.3394593,69.09210275020897,4,58917.69141
2021-03-31,393005376.9239942,70.0751653159091,4,347803595.689381,68.55574424797824,4,58918.83203
2021-04-01,397753301.0313157,70.43237377561469,4,351392925.0241059,68.87693395198718,4,59095.80859
2021-04-02,400861018.3446633,70.66159991566582,4,354076116.3816528,69.11278477043203,4,59384.3125
2021-04-03,386366720.02772737,77.34839407562333,5,343250605.0684574,68.13865714191962,4,57603.89062
2021-04-04,404194737.71185607,78.58420735511072,5,351758902.9708651,68.90931509632469,4,58758.55469
2021-04-05,410207461.95298,78.89811499337198,5,354937079.53981537,69.18770721698333,4,59057.87891
2021-04-06,418415998.83627284,86.71684776629854,6,364647825.6639008,77.36004289236004,5,58192.35938
2021-04-07,388745051.98016566,79.39761565198111,5,345398053.0588948,69.1407868562548,4,56048.9375
2021-04-08,411098520.70691544,80.51786963253058,5,361181398.83824277,70.48931043220026,4,58323.95312
2021-04-09,416047813.51524913,80.74962849434034,5,366706689.2024716,70.93395770347128,4,58245.00391
2021-04-10,424745218.3667946,81.1438136841611,5,371525020.83070904,71.31091705493544,4,59793.23438
2021-04-11,441510372.2531502,89.07711379051663,6,386603745.04353833,72.42987871837948,4,60204.96484
2021-04-12,464526927.66428226,96.75092220282407,7,401765333.8194161,80.69153566734958,5,59893.45312
2021-04-13,495789163.41789657,96.95579444201728,7,419239898.9112438,81.49634221768119,5,63503.45703
2021-04-14,505871662.5417352,97.32554077119312,7,426646745.05517447,82.58266702724399,5,63109.69531
2021-04-15,539772175.725961,97.49351078599595,7,452011170.20896065,83.56003366701488,5,63314.01172
2021-04-16,597609564.4718301,97.73609189526216,7,504426139.5314351,85.96454965073538,5,61572.78906
2021-04-17,557538250.9946917,100.0,8,470435232.4481439,84.9504298404242,5,60683.82031
2021-04-18,533768268.6856768,92.37649112851916,6,461358632.5972572,84.65435013883216,5,56216.18359
2021-04-19,562600872.5933934,90.53563381964496,6,489253306.79402626,83.0749495787177,5,55724.26562
2021-04-20,537247291.1854959,55.830576906974684,3,465035309.870402,47.28564783875713,2,56473.03125
2021-04-21,520428952.7323329,54.403184555032425,3,453459422.4920567,45.93995873500568,2,53906.08984
2021-04-22,488156273.5344288,51.38871669487967,3,429079221.53912055,42.86827732186968,2,51762.27344
2021-04-23,477814958.831424,45.68361292650253,2,424252038.1119485,43.005977833684824,2,51093.65234
2021-04-24,481255479.4516299,46.07192362159195,2,427761894.71372706,43.47362314626282,2,50050.86719
2021-04-25,474559925.25535953,45.31105373166615,2,421756162.0789191,42.66869760700202,2,49004.25391
2021-04-26,486540711.6786058,54.014646323683934,3,431724507.58594006,51.36093962718443,3,54021.75391
2021-04-27,493209306.50983316,48.13078724719705,2,436992331.4222734,45.4217305890291,2,55033.11719
2021-04-28,514853432.26953304,50.31133746501237,2,456041047.04305243,47.70145067086134,2,54824.70312
2021-04-29,514248657.4950737,50.25290182451082,2,454900101.03375936,47.57027940707552,2,53555.10938
2021-04-30,533618716.88001627,52.05869351697962,2,471459333.89664114,49.411787019319334,2,57750.17578
2021-05-01,557233683.8679733,54.0903947632099,2,492215579.1234512,51.54504203754327,2,57828.05078
2021-05-02,547997274.203581,60.95714558281761,3,484064842.07529044,58.36957651919666,3,56631.07812
2021-05-03,587310395.5152028,63.57057875848655,3,517599110.68440455,61.06673301444351,3,57200.29297
2021-05-04,614662374.3729982,66.26613227386562,3,542590012.244887,63.918719493708444,3,53333.53906
2021-05-05,681872481.5043223,76.33925828249352,4,597411171.6928687,67.22970148642494,3,57424.00781
2021-05-06,635518124.1285033,83.51128580173095,5,564208453.3788482,65.30122454834193,3,56396.51562
2021-05-07,676324006.3792074,93.65588259216155,7,603139489.0657895,74.56472529792313,4,57356.40234
2021-05-08,664836330.9963865,100.0,8,591737675.6587428,74.0746293178299,4,58803.77734
2021-05-09,653146972.1136125,100.0,8,572759164.2154183,73.21558598006335,4,58232.31641
2021-05-10,575738148.7805233,98.56665351546235,7,518106406.46929437,70.3902163792915,4,55859.79688
2021-05-11,616474603.3666449,98.66136861589742,7,547886588.4030498,71.99964570628782,4,56704.57422
2021-05-12,519145979.1892606,82.15402012592,5,481734466.03774995,68.15461697345839,4,49150.53516
2021-05-13,572220494.6089783,76.60109240467527,4,528752166.0843273,70.98637211897112,4,49716.19141
2021-05-14,614248375.873578,85.22986647767492,5,566755866.0129142,72.93187506645219,4,49880.53516
2021-05-15,579786582.9602544,77.67774386713249,4,539510281.8484313,71.56491895669097,4,46760.1875
2021-05-16,586066224.7698252,77.91692464051853,4,545056217.6979288,71.85424532380866,4,46456.05859
2021-05-17,551735912.7947315,76.54286352018948,4,515714674.576279,70.25289497402197,4,43537.51172
2021-05-18,546613317.4737616,57.16422498403249,3,511252511.40331614,53.70297178355929,3,42909.40234
2021-05-19,459984896.65065384,32.124711230076095,1,434937319.7249047,29.749609996927656,1,37002.44141
2021-05-20,489736673.60593146,36.248173002683224,1,460989138.9243307,33.719661142426816,1,40782.73828
2021-05-21,471633033.2072935,33.801058255722026,1,445136883.5371754,31.359279656245846,1,37304.69141
2021-05-22,464087178.2015892,32.724692349925775,1,438529437.85051304,30.32505072560027,1,37536.63281
2021-05-23,448872166.17413974,30.44432236447841,1,425206578.4108218,28.14194819901242,1,34770.58203
2021-05-24,447998564.560945,0.0,0,424441618.68040013,0.0,0,38705.98047
2021-05-25,447998564.560945,0.0,0,424441618.68040013,0.0,0,38402.22266
2021-05-26,447998564.560945,0.0,0,424441618.68040013,0.0,0,39294.19922
2021-05-27,447998564.560945,0.0,0,424441618.68040013,0.0,0,38436.96875
2021-05-28,447998564.560945,0.0,0,424441618.68040013,0.0,0,35697.60547
2021-05-29,447998564.560945,0.0,0,424441618.68040013,0.0,0,34616.06641
2021-05-30,447998564.560945,0.0,0,424441618.68040013,0.0,0,35678.12891
2021-05-31,447998564.560945,0.0,0,424441618.68040013,0.0,0,37332.85547
2021-06-01,447998564.560945,0.0,0,424441618.68040013,0.0,0,36684.92578
2021-06-02,447998564.560945,0.0,0,424441618.68040013,0.0,0,37575.17969
2021-06-03,447998564.560945,0.0,0,424441618.68040013,0.0,0,39208.76562
2021-06-04,447998564.560945,0.0,0,424441618.68040013,0.0,0,36894.40625
2021-06-05,447998564.560945,0.0,0,424441618.68040013,0.0,0,35551.95703
2021-06-06,447998564.560945,0.0,0,424441618.68040013,0.0,0,35862.37891
2021-06-07,447998564.560945,0.0,0,424441618.68040013,0.0,0,33560.70703
2021-06-08,447998564.560945,0.0,0,424441618.68040013,0.0,0,33472.63281
2021-06-09,447998564.560945,0.0,0,424441618.68040013,0.0,0,37345.12109
2021-06-10,447998564.560945,0.0,0,424441618.68040013,0.0,0,36702.59766
2021-06-11,447998564.560945,0.0,0,424441618.68040013,0.0,0,37334.39844
2021-06-12,447998564.560945,0.0,0,424441618.68040013,0.0,0,35552.51562
2021-06-13,447998564.560945,0.0,0,424441618.68040013,0.0,0,39097.85938
2021-06-14,447998564.560945,0.0,0,424441618.68040013,0.0,0,40218.47656
2021-06-15,447998564.560945,0.0,0,424441618.68040013,0.0,0,40406.26953
2021-06-16,447998564.560945,0.0,0,424441618.68040013,0.0,0,38347.0625
2021-06-17,447998564.560945,0.0,0,424441618.68040013,0.0,0,38053.50391
2021-06-18,447998564.560945,0.0,0,424441618.68040013,0.0,0,35787.24609
2021-06-19,447998564.560945,0.0,0,424441618.68040013,0.0,0,35615.87109
2021-06-20,447998564.560945,0.0,0,424441618.68040013,0.0,0,35698.29688
2021-06-21,447998564.560945,0.0,0,424441618.68040013,0.0,0,31676.69336
2021-06-22,447998564.560945,0.0,0,424441618.68040013,0.0,0,32505.66016
2021-06-23,447998564.560945,0.0,0,424441618.68040013,0.0,0,33723.02734
2021-06-24,447998564.560945,0.0,0,424441618.68040013,0.0,0,34662.4375
2021-06-25,447998564.560945,0.0,0,424441618.68040013,0.0,0,31637.7793
2021-06-26,447998564.560945,0.0,0,424441618.68040013,0.0,0,32186.27734
2021-06-27,447998564.560945,0.0,0,424441618.68040013,0.0,0,34649.64453
2021-06-28,447998564.560945,0.0,0,424441618.68040013,0.0,0,34434.33594
2021-06-29,447998564.560945,0.0,0,424441618.68040013,0.0,0,35867.77734
2021-06-30,447998564.560945,0.0,0,424441618.68040013,0.0,0,35040.83594
2021-07-01,447998564.560945,0.0,0,424441618.68040013,0.0,0,33572.11719
2021-07-02,447998564.560945,0.0,0,424441618.68040013,0.0,0,33897.04688
2021-07-03,447998564.560945,0.0,0,424441618.68040013,0.0,0,34668.54688
2021-07-04,447998564.560945,0.0,0,424441618.68040013,0.0,0,35287.78125
2021-07-05,447998564.560945,0.0,0,424441618.68040013,0.0,0,33746.00391
2021-07-06,447998564.560945,0.0,0,424441618.68040013,0.0,0,34235.19531
2021-07-07,447998564.560945,0.0,0,424441618.68040013,0.0,0,33855.32812
2021-07-08,447998564.560945,0.0,0,424441618.68040013,0.0,0,32877.37109
2021-07-09,447998564.560945,0.0,0,424441618.68040013,0.0,0,33798.01172
2021-07-10,447998564.560945,0.0,0,424441618.68040013,0.0,0,33520.51953
2021-07-11,447998564.560945,0.0,0,424441618.68040013,0.0,0,34240.1875
2021-07-12,447998564.560945,0.0,0,424441618.68040013,0.0,0,33155.84766
2021-07-13,447998564.560945,0.0,0,424441618.68040013,0.0,0,32702.02539
2021-07-14,447998564.560945,0.0,0,424441618.68040013,0.0,0,32822.34766
2021-07-15,447998564.560945,0.0,0,424441618.68040013,0.0,0,31780.73047
2021-07-16,447998564.560945,0.0,0,424441618.68040013,0.0,0,31421.53906
2021-07-17,447998564.560945,0.0,0,424441618.68040013,0.0,0,31533.06836
2021-07-18,447998564.560945,0.0,0,424441618.68040013,0.0,0,31796.81055
2021-07-19,447998564.560945,0.0,0,424441618.68040013,0.0,0,30817.83203
2021-07-20,447998564.560945,0.0,0,424441618.68040013,0.0,0,29807.34766
2021-07-21,447998564.560945,0.0,0,424441618.68040013,0.0,0,32110.69336
2021-07-22,447998564.560945,0.0,0,424441618.68040013,0.0,0,32313.10547
2021-07-23,447998564.560945,0.0,0,424441618.68040013,0.0,0,33581.55078
2021-07-24,447998564.560945,0.0,0,424441618.68040013,0.0,0,34292.44531
2021-07-25,447998564.560945,0.0,0,424441618.68040013,0.0,0,35350.1875
2021-07-26,447998564.560945,0.0,0,424441618.68040013,0.0,0,37337.53516
2021-07-27,447998564.560945,0.0,0,424441618.68040013,0.0,0,39406.94141
2021-07-28,447998564.560945,0.0,0,424441618.68040013,0.0,0,39995.90625
2021-07-29,447998564.560945,0.0,0,424441618.68040013,0.0,0,40008.42188
2021-07-30,447998564.560945,0.0,0,424441618.68040013,0.0,0,42235.54688
2021-07-31,447998564.560945,0.0,0,424441618.68040013,0.0,0,41626.19531
2021-08-01,447998564.560945,0.0,0,424441618.68040013,0.0,0,39974.89453
2021-08-02,447998564.560945,0.0,0,424441618.68040013,0.0,0,39201.94531
2021-08-03,447998564.560945,0.0,0,424441618.68040013,0.0,0,38152.98047
2021-08-04,447998564.560945,0.0,0,424441618.68040013,0.0,0,39747.50391
2021-08-05,447998564.560945,0.0,0,424441618.68040013,0.0,0,40869.55469
2021-08-06,447998564.560945,0.0,0,424441618.68040013,0.0,0,42816.5
2021-08-07,447998564.560945,0.0,0,424441618.68040013,0.0,0,44555.80078
2021-08-08,447998564.560945,0.0,0,424441618.68040013,0.0,0,43798.11719
2021-08-09,447998564.560945,0.0,0,424441618.68040013,0.0,0,46365.40234
2021-08-10,447998564.560945,0.0,0,424441618.68040013,0.0,0,45585.03125
2021-08-11,447998564.560945,0.0,0,424441618.68040013,0.0,0,45593.63672
2021-08-12,447998564.560945,0.0,0,424441618.68040013,0.0,0,44428.28906
2021-08-13,447998564.560945,0.0,0,424441618.68040013,0.0,0,47793.32031
2021-08-14,447998564.560945,0.0,0,424441618.68040013,0.0,0,47096.94531
2021-08-15,447998564.560945,0.0,0,424441618.68040013,0.0,0,47047.00391
2021-08-16,453490208.70544726,8.60678783874851,1,429644497.6945185,8.606787838748511,1,46004.48438
2021-08-17,454601914.5516087,8.830285287850433,1,430697747.11576086,8.830285287850435,1,44695.35938
2021-08-18,459811213.08708745,9.863166278597536,1,435633126.9975133,9.863166278597538,1,44801.1875
2021-08-19,459945183.666529,9.889420893868035,1,435760053.0506123,9.889420893868037,1,46717.57812
2021-08-20,463889129.9762466,18.13626934926237,2,439496616.2633218,18.13626934926237,2,49339.17578
2021-08-21,460466689.33227754,17.52781326430147,2,436254136.57326424,17.527813264301475,2,48905.49219
2021-08-22,463824930.34327507,18.124938303607784,2,439435792.41634405,18.124938303607788,2,49321.65234
2021-08-23,468533854.62932634,18.947810466707075,2,443897109.0461725,18.947810466707075,2,49546.14844
2021-08-24,462596080.53506416,17.907443694171196,2,438271558.77148116,17.9074436941712,2,47706.11719
2021-08-25,461626065.5468785,25.27086716387828,3,437352549.7292686,25.270867163878275,3,48960.78906
2021-08-26,459260179.6222028,18.0958421223602,2,435111068.32526755,18.0958421223602,2,46942.21875
2021-08-27,473049935.7437433,20.483409009346595,2,448175722.70685184,20.483409009346598,2,49058.66797
2021-08-28,477062636.2544446,21.152244170663305,2,451977424.843355,21.15224417066331,2,48902.40234
2021-08-29,475787020.1441536,20.94084818183259,2,450768883.9918964,20.940848181832592,2,48829.83203
2021-08-30,484091765.9225012,22.297132678947513,2,458636944.33790576,22.297132678947513,2,47054.98438
2021-08-31,483361804.1493242,22.17978761294578,2,457945365.87964505,22.179787612945784,2,47166.6875
2021-09-01,486351917.2209017,22.658229716394466,2,460778250.92109954,22.658229716394466,2,48847.02734
2021-09-02,497943211.7323636,31.779923177272202,3,471760044.60132647,31.779923177272202,3,49327.72266
2021-09-03,510988199.54867005,33.5215095226438,3,484119092.5590929,33.5215095226438,3,50025.375
2021-09-04,503892043.08737457,32.585313414351084,3,477396070.71683896,32.585313414351084,3,49944.625
2021-09-05,523403344.69046754,42.34672249912459,4,495881416.6310482,42.34672249912459,4,51753.41016
2021-09-06,537299121.3177048,43.83776730860711,4,509046516.6805674,43.83776730860712,4,52633.53516
2021-09-07,533877906.6188258,31.53004547735857,2,505805198.4721743,31.53004547735857,2,46811.12891
2021-09-08,538064535.0852494,32.06280361696314,2,509771682.9738462,32.062803616963144,2,46091.39062
2021-09-09,536448089.2638866,31.85809266839931,2,508240234.1362796,31.85809266839931,2,46391.42188
2021-09-10,544718093.699305,32.89263490664794,2,516075379.9307826,32.89263490664795,2,44883.91016
2021-09-11,542633119.5669608,32.63478643543579,2,514100039.236318,32.6347864354358,2,45201.45703
2021-09-12,535263183.02485657,31.707247675324435,2,507117633.39185244,31.70724767532444,2,46063.26953
2021-09-13,536172412.33166444,31.82305701282119,2,507979053.02410376,31.82305701282119,2,44963.07422
2021-09-14,528138568.88809574,30.785975234125807,2,500367650.25375104,30.785975234125807,2,47092.49219
2021-09-15,527315825.2036531,30.677984161168748,2,499588168.6017816,30.677984161168748,2,48176.34766
2021-09-16,523173453.65472007,30.12910779116283,2,495663613.8721746,30.12910779116283,2,47783.35938
2021-09-17,516458886.7380209,29.22070483148311,2,489302116.5900244,29.22070483148312,2,47267.51953
2021-09-18,532746425.30108905,31.384624559095492,2,504733213.42579925,31.3846245590955,2,48278.36328
2021-09-19,519853133.5553738,29.682839965145114,2,492517884.9592154,29.68283996514512,2,47260.21875
2021-09-20,497217808.58188784,26.481724194289875,2,471072785.06136453,26.481724194289875,2,42843.80078
2021-09-21,488208160.4633982,25.124979574005764,2,462536887.9990597,25.124979574005764,2,40693.67578
2021-09-22,511013634.0093829,28.466495697915523,2,484143189.6087917,28.466495697915523,2,43574.50781
2021-09-23,516374745.77118516,29.209171660319722,2,489222399.97710156,29.209171660319722,2,44895.09766
2021-09-24,506471504.71039635,27.82497011804017,2,479839897.44577575,27.82497011804018,2,42839.75
2021-09-25,501776979.86571,27.149715005624465,2,475392223.0967144,27.14971500562447,2,42716.59375
2021-09-26,500333191.642687,26.93949432613401,2,474024353.065675,26.939494326134017,2,43208.53906
2021-09-27,500930628.533479,27.02663022652259,2,474590375.1493297,27.026630226522595,2,42235.73047
2021-09-28,494719502.2159916,26.11046093170895,2,468705846.23213017,26.110460931708957,2,41034.54297
2021-09-29,496244481.2688444,26.337526427764402,2,470150637.8650696,26.337526427764406,2,41564.36328
2021-09-30,502899008.8792861,27.31225287499337,2,476455252.8660069,27.312252874993376,2,43790.89453
2021-10-01,519241923.8639557,29.600068278747994,2,491938814.28510976,29.600068278747994,2,48116.94141
2021-10-02,525144817.1549431,30.391399109917067,2,497531317.881142,30.39139910991707,2,47711.48828
2021-10-03,527137284.6189654,30.654504901399555,2,499419016.15184176,30.654504901399555,2,48199.95312
2021-10-04,521541094.2765056,29.91042050570639,2,494117088.254539,29.91042050570639,2,49112.90234
2021-10-05,519576973.548985,29.645465738893645,2,492256246.17418635,29.64546573889365,2,51514.8125
2021-10-06,511371358.42213297,28.516536202525277,2,484482103.92861307,28.516536202525277,2,55361.44922
2021-10-07,510854795.75048053,28.444254040655885,2,483992703.4843931,28.444254040655885,2,53805.98438
2021-10-08,517688105.8907294,29.388765994655202,2,490466700.1582773,29.388765994655202,2,53967.84766
2021-10-09,514377184.6689712,28.934258601771333,2,487329875.90513796,28.93425860177134,2,54968.22266
2021-10-10,508059727.8526424,28.05059330064378,2,481344607.62711585,28.05059330064378,2,54771.57812
2021-10-11,505068583.76723325,27.624490689603793,2,478510745.7852557,27.624490689603796,2,57484.78906
2021-10-12,508513889.53561026,28.114852437527837,2,481774888.2911853,28.114852437527837,2,56041.05859
2021-10-13,505708404.80591637,18.317927966003918,1,479116923.3465399,18.317927966003925,1,57401.09766
2021-10-14,506696652.453484,18.477238502486014,1,480053206.3268253,18.477238502486017,1,57321.52344
2021-10-15,514723468.41680866,19.74853900365661,1,487657951.14037645,19.748539003656614,1,61593.94922
2021-10-16,511561738.03774714,19.252541231873522,1,484662472.88201416,19.252541231873526,1,60892.17969
2021-10-17,512940230.72783196,19.469544646670688,1,485968480.79141915,19.46954464667069,1,61553.61719
2021-10-18,511369472.5147827,19.22218167147239,1,484480317.1872443,19.222181671472395,1,62026.07812
2021-10-19,510610359.95019555,19.102091164810712,1,483761120.76305544,19.102091164810712,1,64261.99219
2021-10-20,523069909.65374666,21.029083135563937,1,495565514.48781407,21.02908313556394,1,65992.83594
2021-10-21,532054590.4120486,22.362646439035984,1,504077757.03956795,22.36264643903599,1,62210.17188
2021-10-22,535876319.4995606,22.916335642280647,1,507698529.5338979,22.91633564228065,1,60692.26562
2021-10-23,536671738.7830902,23.030583940904084,1,508452123.57400775,23.030583940904087,1,61393.61719
2021-10-24,539583862.6809632,23.445986423100916,1,511211120.3181658,23.445986423100916,1,60930.83594
2021-10-25,544424126.8050855,24.126598518028338,1,515796870.5910412,24.126598518028338,1,63039.82422
2021-10-26,537986718.5809126,23.218717260319252,1,509697958.26650673,23.218717260319256,1,60363.79297
2021-10-27,527963575.09864616,21.761060236331385,1,500201858.09920293,21.76106023633139,1,58482.38672
2021-10-28,534896332.98107713,22.77511023614472,1,506770073.29074514,22.77511023614472,1,60622.13672
2021-10-29,538221472.3219678,23.252206621656686,1,509920368.0368202,23.252206621656693,1,62227.96484
2021-10-30,535241476.0298238,22.82490763617045,1,507097067.80785894,22.824907636170455,1,61888.83203
2021-10-31,539620770.3763846,23.451222382077095,1,511246087.30963767,23.4512223820771,1,61318.95703
2021-11-01,540323505.3706123,23.55078033997227,1,511911870.6447822,23.550780339972274,1,61004.40625
2021-11-02,550760418.0015482,24.999493428669016,1,521799982.8878242,24.999493428669023,1,63226.40234
2021-11-03,564926299.1598833,26.880178156012036,1,535220984.65994036,26.88017815601204,1,62970.04688
2021-11-04,567732660.2624284,27.24161697785672,1,537879779.8954415,27.24161697785672,1,61452.23047
2021-11-05,560909900.5809737,26.356603249881612,1,531415778.909407,26.356603249881616,1,61125.67578
2021-11-06,574951226.5038838,28.155105258697855,1,544718774.8888245,28.155105258697848,1,61527.48047
2021-11-07,569255397.4352329,27.436242966402702,1,539322447.5322974,27.436242966402702,1,63326.98828
2021-11-08,568407473.5756068,27.327995725130773,1,538519109.7451547,27.327995725130783,1,67566.82812
2021-11-09,561312596.201833,34.01015560453785,2,531797299.7326278,34.01015560453785,2,66971.82812
2021-11-10,554805522.7730883,26.342939253868717,1,525632385.38368255,26.342939253868725,1,64995.23047
2021-11-11,555093868.5744648,26.381200718118762,1,525905569.2024653,26.381200718118762,1,64949.96094
2021-11-12,551506225.483311,25.90229773494533,1,522506573.8455288,25.902297734945336,1,64155.94141
2021-11-13,559835333.7408719,27.00470722324645,1,530397715.62735146,27.00470722324645,1,64469.52734
2021-11-14,557710062.8516841,26.726543386659117,1,528384197.08577913,26.726543386659124,1,65466.83984
2021-11-15,557164965.4945552,26.654856956209965,1,527867762.38509,26.654856956209976,1,63557.87109
2021-11-16,545715231.8861142,25.115991444939716,1,517020085.9623122,25.115991444939723,1,60161.24609
2021-11-17,545387774.7880543,25.071030224197173,1,516709847.42196083,25.071030224197173,1,60368.01172
2021-11-18,526629125.4019686,23.206650111581133,1,498937577.286472,23.206650111581133,1,56942.13672
2021-11-19,539002878.1954684,24.969575628575186,1,510660685.52895325,24.969575628575186,1,58119.57812
2021-11-20,545570880.6861198,33.301404793794845,2,516883325.1290623,33.301404793794845,2,59697.19531
2021-11-21,554886189.7253987,34.421126348117625,2,525708810.65492463,34.42112634811763,2,58730.47656
2021-11-22,547308053.341388,33.51310819378987,2,518529152.6652554,33.51310819378986,2,56289.28906
2021-11-23,547260123.4070895,33.50728516335208,2,518483743.01329184,33.50728516335208,2,57569.07422
2021-11-24,541636703.5388782,32.81693967668055,2,513156017.3905049,32.81693967668055,2,56280.42578
2021-11-25,537090794.928475,32.24830574126245,2,508849144.6422325,32.24830574126245,2,57274.67969
2021-11-26,521083933.0943739,30.16708246771841,2,493683965.8128812,30.16708246771841,2,53569.76562
2021-11-27,524735134.1352681,7.790103546668485,1,497143177.0749607,7.790103546668487,1,54815.07812
2021-11-28,523765266.62548065,7.619356480473861,1,496224307.75634336,7.619356480473861,1,57248.45703
2021-11-29,527254557.38785934,8.230717580228488,1,499530122.40930325,8.230717580228486,1,57806.56641
2021-11-30,527285373.6167067,8.236080868022368,1,499559318.2395766,8.236080868022368,1,57005.42578
2021-12-01,527071435.7880627,8.198833974576873,1,499356629.82610893,8.198833974576873,1,57229.82812
2021-12-02,522782825.3676888,7.445749867534508,1,495293525.850548,7.445749867534507,1,56477.81641
2021-12-03,520187344.39002055,0.0,0,492834522.1068746,0.0,0,53598.24609
2021-12-04,520187344.39002055,0.0,0,492834522.1068746,0.0,0,49200.70312
2021-12-05,520187344.39002055,0.0,0,492834522.1068746,0.0,0,49368.84766
2021-12-06,520187344.39002055,0.0,0,492834522.1068746,0.0,0,50582.625
2021-12-07,520187344.39002055,0.0,0,492834522.1068746,0.0,0,50700.08594
2021-12-08,520187344.39002055,0.0,0,492834522.1068746,0.0,0,50504.79688
2021-12-09,520187344.39002055,0.0,0,492834522.1068746,0.0,0,47672.12109
2021-12-10,520187344.39002055,0.0,0,492834522.1068746,0.0,0,47243.30469
2021-12-11,520187344.39002055,0.0,0,492834522.1068746,0.0,0,49362.50781
2021-12-12,516610319.83640075,6.873743757956505,1,489445586.9367678,6.873743757956506,1,50098.33594
2021-12-13,516138160.86261,0.0,0,488998255.326885,0.0,0,46737.48047
2021-12-14,516138160.86261,0.0,0,488998255.326885,0.0,0,46612.63281
2021-12-15,516138160.86261,0.0,0,488998255.326885,0.0,0,48896.72266
2021-12-16,516138160.86261,0.0,0,488998255.326885,0.0,0,47665.42578
2021-12-17,516138160.86261,0.0,0,488998255.326885,0.0,0,46202.14453
2021-12-18,516138160.86261,0.0,0,488998255.326885,0.0,0,46848.77734
2021-12-19,516138160.86261,0.0,0,488998255.326885,0.0,0,46707.01562
2021-12-20,516138160.86261,0.0,0,488998255.326885,0.0,0,46880.27734
2021-12-21,516138160.86261,0.0,0,488998255.326885,0.0,0,48936.61328
2021-12-22,516138160.86261,0.0,0,488998255.326885,0.0,0,48628.51172
2021-12-23,516138160.86261,0.0,0,488998255.326885,0.0,0,50784.53906
2021-12-24,519194305.2928805,8.063377661238318,1,491893699.6240701,8.063377661238318,1,50822.19531
2021-12-25,520070826.4608848,8.218326547995016,1,492724130.99770635,8.218326547995016,1,50429.85938
2021-12-26,523213696.0716897,8.769645893201151,1,495701740.2367422,8.769645893201151,1,50809.51562
2021-12-27,518792391.75124633,7.992153460425885,1,491512919.7562865,7.992153460425885,1,50640.41797
2021-12-28,515111367.99957734,7.3346586166072525,1,488025453.9402061,7.3346586166072525,1,47588.85547
2021-12-29,519344554.9919438,8.089975513678517,1,492036048.7977537,8.089975513678517,1,46444.71094
2021-12-30,520743992.37659615,8.336972744896611,1,493361900.07445556,8.336972744896611,1,47178.125
2021-12-31,518511023.78665453,7.94222576492917,1,491246346.86123,7.9422257649291685,1,46306.44531
2022-01-01,520100358.50858307,8.223538043649388,1,492752110.1724616,8.223538043649388,1,47686.8125
2022-01-02,517960226.48281413,7.844331812355746,1,490724511.93205804,7.844331812355744,1,47345.21875
2022-01-03,523653571.3291826,8.846280480838987,1,496118485.693261,8.846280480838985,1,46458.11719
2022-01-04,522481409.585919,8.641781524864225,1,495007959.30540615,8.641781524864225,1,45897.57422
2022-01-05,520693226.16574824,8.328035842446656,1,493313803.2848426,8.328035842446658,1,43569.00391
2022-01-06,522384249.2843281,8.624789450405606,1,494915907.9486811,8.624789450405604,1,43160.92969
2022-01-07,519663946.56050473,8.146464494839236,1,492338645.91541576,8.146464494839236,1,41557.90234
2022-01-08,516361792.54513514,7.559057514940069,1,489210127.8658344,7.55905751494007,1,41733.94141
2022-01-09,515441437.1139742,7.393997980816995,1,488338167.15018773,7.393997980816995,1,41911.60156
2022-01-10,520972445.72476196,8.377168201779767,1,493578340.7431516,8.377168201779767,1,41821.26172
2022-01-11,528313221.4245731,9.650243775013896,1,500533119.099308,9.650243775013898,1,42735.85547
2022-01-12,526746508.3154661,9.381514613552552,1,499048787.8968434,9.381514613552552,1,43949.10156
2022-01-13,532399159.51587176,10.343639893134956,1,504404207.79129595,10.343639893134956,1,42591.57031
2022-01-14,534283365.8215671,10.659822446936316,1,506189337.5608543,10.659822446936314,1,43099.69922
2022-01-15,531792255.8890011,10.241320294610679,1,503829216.7575089,10.241320294610679,1,43177.39844
2022-01-16,533934192.14350754,10.601397197432313,1,505858524.35554534,10.601397197432313,1,43113.87891
2022-01-17,527387227.4085475,9.491606384372473,1,499655816.2904576,9.49160638437247,1,42250.55078
2022-01-18,527271524.5268103,9.471745493966647,1,499546197.37134635,9.471745493966647,1,42375.63281
2022-01-19,523072653.1242555,8.745046254963821,1,495568113.6994091,8.745046254963821,1,41744.32812
2022-01-20,520269817.656854,8.253430919512317,1,492912658.7118589,8.253430919512315,1,40680.41797
2022-01-21,512117883.97410893,0.0,0,485189375.1985054,0.0,0,36457.31641
2022-01-22,512117883.97410893,0.0,0,485189375.1985054,0.0,0,35030.25
2022-01-23,512117883.97410893,0.0,0,485189375.1985054,0.0,0,36276.80469
2022-01-24,512117883.97410893,0.0,0,485189375.1985054,0.0,0,36654.32812
2022-01-25,512117883.97410893,0.0,0,485189375.1985054,0.0,0,36954.00391
2022-01-26,512117883.97410893,0.0,0,485189375.1985054,0.0,0,36852.12109
2022-01-27,512117883.97410893,0.0,0,485189375.1985054,0.0,0,37138.23438
2022-01-28,512117883.97410893,0.0,0,485189375.1985054,0.0,0,37784.33203
2022-01-29,512117883.97410893,0.0,0,485189375.1985054,0.0,0,38138.17969
2022-01-30,512117883.97410893,0.0,0,485189375.1985054,0.0,0,37917.60156
2022-01-31,512117883.97410893,0.0,0,485189375.1985054,0.0,0,38483.125
2022-02-01,512117883.97410893,0.0,0,485189375.1985054,0.0,0,38743.27344
2022-02-02,512117883.97410893,0.0,0,485189375.1985054,0.0,0,36952.98438
2022-02-03,512117883.97410893,0.0,0,485189375.1985054,0.0,0,37154.60156
2022-02-04,512117883.97410893,0.0,0,485189375.1985054,0.0,0,41500.875
2022-02-05,512117883.97410893,0.0,0,485189375.1985054,0.0,0,41441.16406
2022-02-06,512117883.97410893,0.0,0,485189375.1985054,0.0,0,42412.43359
2022-02-07,512117883.97410893,0.0,0,485189375.1985054,0.0,0,43840.28516
2022-02-08,512117883.97410893,0.0,0,485189375.1985054,0.0,0,44118.44531
2022-02-09,512117883.97410893,0.0,0,485189375.1985054,0.0,0,44338.79688
2022-02-10,512117883.97410893,0.0,0,485189375.1985054,0.0,0,43565.11328
2022-02-11,512117883.97410893,0.0,0,485189375.1985054,0.0,0,42407.9375
2022-02-12,512117883.97410893,0.0,0,485189375.1985054,0.0,0,42244.46875
2022-02-13,512117883.97410893,0.0,0,485189375.1985054,0.0,0,42197.51562
2022-02-14,512117883.97410893,0.0,0,485189375.1985054,0.0,0,42586.91797
2022-02-15,512117883.97410893,0.0,0,485189375.1985054,0.0,0,44575.20312
2022-02-16,512117883.97410893,0.0,0,485189375.1985054,0.0,0,43961.85938
2022-02-17,512117883.97410893,0.0,0,485189375.1985054,0.0,0,40538.01172
2022-02-18,512117883.97410893,0.0,0,485189375.1985054,0.0,0,40030.97656
2022-02-19,512117883.97410893,0.0,0,485189375.1985054,0.0,0,40122.15625
2022-02-20,512117883.97410893,0.0,0,485189375.1985054,0.0,0,38431.37891
2022-02-21,512117883.97410893,0.0,0,485189375.1985054,0.0,0,37075.28125
2022-02-22,512117883.97410893,0.0,0,485189375.1985054,0.0,0,38286.02734
2022-02-23,512117883.97410893,0.0,0,485189375.1985054,0.0,0,37296.57031
2022-02-24,512117883.97410893,0.0,0,485189375.1985054,0.0,0,38332.60938
2022-02-25,512117883.97410893,0.0,0,485189375.1985054,0.0,0,39214.21875
2022-02-26,512117883.97410893,0.0,0,485189375.1985054,0.0,0,39105.14844
2022-02-27,512117883.97410893,0.0,0,485189375.1985054,0.0,0,37709.78516
2022-02-28,512117883.97410893,0.0,0,485189375.1985054,0.0,0,43193.23438
2022-03-01,512117883.97410893,0.0,0,485189375.1985054,0.0,0,44354.63672
2022-03-02,512117883.97410893,0.0,0,485189375.1985054,0.0,0,43924.11719
2022-03-03,512117883.97410893,0.0,0,485189375.1985054,0.0,0,42451.78906
2022-03-04,512117883.97410893,0.0,0,485189375.1985054,0.0,0,39137.60547
2022-03-05,512117883.97410893,0.0,0,485189375.1985054,0.0,0,39400.58594
2022-03-06,512117883.97410893,0.0,0,485189375.1985054,0.0,0,38419.98438
2022-03-07,512117883.97410893,0.0,0,485189375.1985054,0.0,0,38062.03906
2022-03-08,512117883.97410893,0.0,0,485189375.1985054,0.0,0,38737.26953
2022-03-09,512117883.97410893,0.0,0,485189375.1985054,0.0,0,41982.92578
2022-03-10,512117883.97410893,0.0,0,485189375.1985054,0.0,0,39437.46094
2022-03-11,512117883.97410893,0.0,0,485189375.1985054,0.0,0,38794.97266
2022-03-12,512117883.97410893,0.0,0,485189375.1985054,0.0,0,38904.01172
2022-03-13,512117883.97410893,0.0,0,485189375.1985054,0.0,0,37849.66406
2022-03-14,512117883.97410893,0.0,0,485189375.1985054,0.0,0,39666.75391
2022-03-15,512117883.97410893,0.0,0,485189375.1985054,0.0,0,39338.78516
2022-03-16,512117883.97410893,0.0,0,485189375.1985054,0.0,0,41143.92969
2022-03-17,512117883.97410893,0.0,0,485189375.1985054,0.0,0,40951.37891
2022-03-18,512117883.97410893,0.0,0,485189375.1985054,0.0,0,41801.15625
2022-03-19,512117883.97410893,0.0,0,485189375.1985054,0.0,0,42190.65234
2022-03-20,512117883.97410893,0.0,0,485189375.1985054,0.0,0,41247.82422
2022-03-21,512117883.97410893,0.0,0,485189375.1985054,0.0,0,41077.99609
2022-03-22,512117883.97410893,0.0,0,485189375.1985054,0.0,0,42358.80859
2022-03-23,512117883.97410893,0.0,0,485189375.1985054,0.0,0,42892.95703
2022-03-24,512117883.97410893,0.0,0,485189375.1985054,0.0,0,43960.93359
2022-03-25,512117883.97410893,0.0,0,485189375.1985054,0.0,0,44348.73047
2022-03-26,512117883.97410893,0.0,0,485189375.1985054,0.0,0,44500.82812
2022-03-27,512117883.97410893,0.0,0,485189375.1985054,0.0,0,46820.49219
2022-03-28,512117883.97410893,0.0,0,485189375.1985054,0.0,0,47128.00391
2022-03-29,512117883.97410893,0.0,0,485189375.1985054,0.0,0,47465.73047
2022-03-30,512117883.97410893,0.0,0,485189375.1985054,0.0,0,47062.66406
2022-03-31,512117883.97410893,0.0,0,485189375.1985054,0.0,0,45538.67578
2022-04-01,512117883.97410893,0.0,0,485189375.1985054,0.0,0,46281.64453
2022-04-02,512117883.97410893,0.0,0,485189375.1985054,0.0,0,45868.94922
2022-04-03,512117883.97410893,0.0,0,485189375.1985054,0.0,0,46453.56641
2022-04-04,512117883.97410893,0.0,0,485189375.1985054,0.0,0,46622.67578
2022-04-05,512117883.97410893,0.0,0,485189375.1985054,0.0,0,45555.99219
2022-04-06,512117883.97410893,0.0,0,485189375.1985054,0.0,0,43206.73828
2022-04-07,512117883.97410893,0.0,0,485189375.1985054,0.0,0,43503.84766
2022-04-08,512117883.97410893,0.0,0,485189375.1985054,0.0,0,42287.66406
2022-04-09,512117883.97410893,0.0,0,485189375.1985054,0.0,0,42782.13672
2022-04-10,512117883.97410893,0.0,0,485189375.1985054,0.0,0,42207.67188
2022-04-11,512117883.97410893,0.0,0,485189375.1985054,0.0,0,39521.90234
2022-04-12,512117883.97410893,0.0,0,485189375.1985054,0.0,0,40127.18359
2022-04-13,512117883.97410893,0.0,0,485189375.1985054,0.0,0,41166.73047
2022-04-14,512117883.97410893,0.0,0,485189375.1985054,0.0,0,39935.51562
2022-04-15,512117883.97410893,0.0,0,485189375.1985054,0.0,0,40553.46484
2022-04-16,512117883.97410893,0.0,0,485189375.1985054,0.0,0,40424.48438
2022-04-17,512117883.97410893,0.0,0,485189375.1985054,0.0,0,39716.95312
2022-04-18,512117883.97410893,0.0,0,485189375.1985054,0.0,0,40826.21484
2022-04-19,512117883.97410893,0.0,0,485189375.1985054,0.0,0,41502.75
2022-04-20,512117883.97410893,0.0,0,485189375.1985054,0.0,0,41374.37891
2022-04-21,512117883.97410893,0.0,0,485189375.1985054,0.0,0,40527.36328
2022-04-22,512117883.97410893,0.0,0,485189375.1985054,0.0,0,39740.32031
2022-04-23,512117883.97410893,0.0,0,485189375.1985054,0.0,0,39486.73047
2022-04-24,512117883.97410893,0.0,0,485189375.1985054,0.0,0,39469.29297
2022-04-25,512117883.97410893,0.0,0,485189375.1985054,0.0,0,40458.30859
2022-04-26,512117883.97410893,0.0,0,485189375.1985054,0.0,0,38117.46094
2022-04-27,512117883.97410893,0.0,0,485189375.1985054,0.0,0,39241.12109
2022-04-28,512117883.97410893,0.0,0,485189375.1985054,0.0,0,39773.82812
2022-04-29,512117883.97410893,0.0,0,485189375.1985054,0.0,0,38609.82422
2022-04-30,512117883.97410893,0.0,0,485189375.1985054,0.0,0,37714.875
2022-05-01,512117883.97410893,0.0,0,485189375.1985054,0.0,0,38469.09375
2022-05-02,512117883.97410893,0.0,0,485189375.1985054,0.0,0,38529.32812
2022-05-03,512117883.97410893,0.0,0,485189375.1985054,0.0,0,37750.45312
2022-05-04,512117883.97410893,0.0,0,485189375.1985054,0.0,0,39698.37109
2022-05-05,512117883.97410893,0.0,0,485189375.1985054,0.0,0,36575.14062
2022-05-06,512117883.97410893,0.0,0,485189375.1985054,0.0,0,36040.92188
2022-05-07,512117883.97410893,0.0,0,485189375.1985054,0.0,0,35501.95312
2022-05-08,512117883.97410893,0.0,0,485189375.1985054,0.0,0,34059.26562
2022-05-09,512117883.97410893,0.0,0,485189375.1985054,0.0,0,30296.95312
2022-05-10,512117883.97410893,0.0,0,485189375.1985054,0.0,0,31022.90625
2022-05-11,512117883.97410893,0.0,0,485189375.1985054,0.0,0,28936.35547
2022-05-12,512117883.97410893,0.0,0,485189375.1985054,0.0,0,29047.75195
2022-05-13,512117883.97410893,0.0,0,485189375.1985054,0.0,0,29283.10352
2022-05-14,512117883.97410893,0.0,0,485189375.1985054,0.0,0,30101.26562
2022-05-15,512117883.97410893,0.0,0,485189375.1985054,0.0,0,31305.11328
2022-05-16,512117883.97410893,0.0,0,485189375.1985054,0.0,0,29862.91797
2022-05-17,512117883.97410893,0.0,0,485189375.1985054,0.0,0,30425.85742
2022-05-18,512117883.97410893,0.0,0,485189375.1985054,0.0,0,28720.27148
2022-05-19,512117883.97410893,0.0,0,485189375.1985054,0.0,0,30314.33398
2022-05-20,512117883.97410893,0.0,0,485189375.1985054,0.0,0,29200.74023
2022-05-21,512117883.97410893,0.0,0,485189375.1985054,0.0,0,29432.22656
2022-05-22,512117883.97410893,0.0,0,485189375.1985054,0.0,0,30323.72266
2022-05-23,512117883.97410893,0.0,0,485189375.1985054,0.0,0,29098.91016
2022-05-24,512117883.97410893,0.0,0,485189375.1985054,0.0,0,29655.58594
2022-05-25,512117883.97410893,0.0,0,485189375.1985054,0.0,0,29562.36133
2022-05-26,512117883.97410893,0.0,0,485189375.1985054,0.0,0,29267.22461
2022-05-27,512117883.97410893,0.0,0,485189375.1985054,0.0,0,28627.57422
2022-05-28,512117883.97410893,0.0,0,485189375.1985054,0.0,0,28814.90039
2022-05-29,512117883.97410893,0.0,0,485189375.1985054,0.0,0,29445.95703
2022-05-30,512117883.97410893,0.0,0,485189375.1985054,0.0,0,31726.39062
2022-05-31,512117883.97410893,0.0,0,485189375.1985054,0.0,0,31792.31055
2022-06-01,512117883.97410893,0.0,0,485189375.1985054,0.0,0,29799.08008
2022-06-02,512117883.97410893,0.0,0,485189375.1985054,0.0,0,30467.48828
2022-06-03,512117883.97410893,0.0,0,485189375.1985054,0.0,0,29704.39062
2022-06-04,512117883.97410893,0.0,0,485189375.1985054,0.0,0,29832.91406
2022-06-05,512117883.97410893,0.0,0,485189375.1985054,0.0,0,29906.66211
2022-06-06,512117883.97410893,0.0,0,485189375.1985054,0.0,0,31370.67188
2022-06-07,512117883.97410893,0.0,0,485189375.1985054,0.0,0,31155.47852
2022-06-08,512117883.97410893,0.0,0,485189375.1985054,0.0,0,30214.35547
2022-06-09,512117883.97410893,0.0,0,485189375.1985054,0.0,0,30111.99805
2022-06-10,512117883.97410893,0.0,0,485189375.1985054,0.0,0,29083.80469
2022-06-11,512117883.97410893,0.0,0,485189375.1985054,0.0,0,28360.81055
2022-06-12,512117883.97410893,0.0,0,485189375.1985054,0.0,0,26762.64844
2022-06-13,512117883.97410893,0.0,0,485189375.1985054,0.0,0,22487.38867
2022-06-14,512117883.97410893,0.0,0,485189375.1985054,0.0,0,22206.79297
2022-06-15,512117883.97410893,0.0,0,485189375.1985054,0.0,0,22572.83984
2022-06-16,512117883.97410893,0.0,0,485189375.1985054,0.0,0,20381.65039
2022-06-17,512117883.97410893,0.0,0,485189375.1985054,0.0,0,20471.48242
2022-06-18,512117883.97410893,0.0,0,485189375.1985054,0.0,0,19017.64258
2022-06-19,512117883.97410893,0.0,0,485189375.1985054,0.0,0,20553.27148
2022-06-20,512117883.97410893,0.0,0,485189375.1985054,0.0,0,20599.53711
2022-06-21,512117883.97410893,0.0,0,485189375.1985054,0.0,0,20710.59766
2022-06-22,512117883.97410893,0.0,0,485189375.1985054,0.0,0,19987.0293
2022-06-23,512117883.97410893,0.0,0,485189375.1985054,0.0,0,21085.87695
2022-06-24,512117883.97410893,0.0,0,485189375.1985054,0.0,0,21231.65625
2022-06-25,512117883.97410893,0.0,0,485189375.1985054,0.0,0,21502.33789
2022-06-26,512117883.97410893,0.0,0,485189375.1985054,0.0,0,21027.29492
2022-06-27,512117883.97410893,0.0,0,485189375.1985054,0.0,0,20735.47852
2022-06-28,512117883.97410893,0.0,0,485189375.1985054,0.0,0,20280.63477
2022-06-29,512117883.97410893,0.0,0,485189375.1985054,0.0,0,20104.02344
2022-06-30,512117883.97410893,0.0,0,485189375.1985054,0.0,0,19784.72656
2022-07-01,512117883.97410893,0.0,0,485189375.1985054,0.0,0,19269.36719
2022-07-02,512117883.97410893,0.0,0,485189375.1985054,0.0,0,19242.25586
2022-07-03,512117883.97410893,0.0,0,485189375.1985054,0.0,0,19297.07617
2022-07-04,512117883.97410893,0.0,0,485189375.1985054,0.0,0,20231.26172
2022-07-05,512117883.97410893,0.0,0,485189375.1985054,0.0,0,20190.11523
2022-07-06,512117883.97410893,0.0,0,485189375.1985054,0.0,0,20548.24609
2022-07-07,512117883.97410893,0.0,0,485189375.1985054,0.0,0,21637.58789
2022-07-08,512117883.97410893,0.0,0,485189375.1985054,0.0,0,21731.11719
2022-07-09,512117883.97410893,0.0,0,485189375.1985054,0.0,0,21592.20703
2022-07-10,512117883.97410893,0.0,0,485189375.1985054,0.0,0,20860.44922
2022-07-11,512117883.97410893,0.0,0,485189375.1985054,0.0,0,19970.55664
2022-07-12,512117883.97410893,0.0,0,485189375.1985054,0.0,0,19323.91406
2022-07-13,512117883.97410893,0.0,0,485189375.1985054,0.0,0,20212.07422
2022-07-14,512117883.97410893,0.0,0,485189375.1985054,0.0,0,20569.91992
2022-07-15,512117883.97410893,0.0,0,485189375.1985054,0.0,0,20836.32812
2022-07-16,512117883.97410893,0.0,0,485189375.1985054,0.0,0,21190.31641
2022-07-17,512117883.97410893,0.0,0,485189375.1985054,0.0,0,20779.34375
2022-07-18,512117883.97410893,0.0,0,485189375.1985054,0.0,0,22485.68945
2022-07-19,512117883.97410893,0.0,0,485189375.1985054,0.0,0,23389.43359
2022-07-20,512117883.97410893,0.0,0,485189375.1985054,0.0,0,23231.73242
2022-07-21,512117883.97410893,0.0,0,485189375.1985054,0.0,0,23164.62891
2022-07-22,512117883.97410893,0.0,0,485189375.1985054,0.0,0,22714.97852
2022-07-23,512117883.97410893,0.0,0,485189375.1985054,0.0,0,22465.47852
2022-07-24,512117883.97410893,0.0,0,485189375.1985054,0.0,0,22609.16406
2022-07-25,512117883.97410893,0.0,0,485189375.1985054,0.0,0,21361.70117
2022-07-26,512117883.97410893,0.0,0,485189375.1985054,0.0,0,21239.75391
2022-07-27,512117883.97410893,0.0,0,485189375.1985054,0.0,0,22930.54883
2022-07-28,512117883.97410893,0.0,0,485189375.1985054,0.0,0,23843.88672
2022-07-29,512117883.97410893,0.0,0,485189375.1985054,0.0,0,23804.63281
2022-07-30,512117883.97410893,0.0,0,485189375.1985054,0.0,0,23656.20703
2022-07-31,512117883.97410893,0.0,0,485189375.1985054,0.0,0,23336.89648
2022-08-01,512117883.97410893,0.0,0,485189375.1985054,0.0,0,23314.19922
2022-08-02,512117883.97410893,0.0,0,485189375.1985054,0.0,0,22978.11719
2022-08-03,512117883.97410893,0.0,0,485189375.1985054,0.0,0,22846.50781
2022-08-04,512117883.97410893,0.0,0,485189375.1985054,0.0,0,22630.95703
2022-08-05,512117883.97410893,0.0,0,485189375.1985054,0.0,0,23289.31445
2022-08-06,512117883.97410893,0.0,0,485189375.1985054,0.0,0,22961.2793
2022-08-07,512117883.97410893,0.0,0,485189375.1985054,0.0,0,23175.89062
2022-08-08,512117883.97410893,0.0,0,485189375.1985054,0.0,0,23809.48633
2022-08-09,512117883.97410893,0.0,0,485189375.1985054,0.0,0,23164.31836
2022-08-10,512117883.97410893,0.0,0,485189375.1985054,0.0,0,23947.64258
2022-08-11,512117883.97410893,0.0,0,485189375.1985054,0.0,0,23957.5293
2022-08-12,512117883.97410893,0.0,0,485189375.1985054,0.0,0,24402.81836
2022-08-13,512117883.97410893,0.0,0,485189375.1985054,0.0,0,24424.06836
2022-08-14,512117883.97410893,0.0,0,485189375.1985054,0.0,0,24319.33398
2022-08-15,512117883.97410893,0.0,0,485189375.1985054,0.0,0,24136.97266
2022-08-16,512117883.97410893,0.0,0,485189375.1985054,0.0,0,23883.29102
2022-08-17,512117883.97410893,0.0,0,485189375.1985054,0.0,0,23335.99805
2022-08-18,512117883.97410893,0.0,0,485189375.1985054,0.0,0,23212.73828
2022-08-19,512117883.97410893,0.0,0,485189375.1985054,0.0,0,20877.55273
2022-08-20,512117883.97410893,0.0,0,485189375.1985054,0.0,0,21166.06055
2022-08-21,512117883.97410893,0.0,0,485189375.1985054,0.0,0,21534.12109
2022-08-22,512117883.97410893,0.0,0,485189375.1985054,0.0,0,21398.9082
2022-08-23,512117883.97410893,0.0,0,485189375.1985054,0.0,0,21528.08789
2022-08-24,512117883.97410893,0.0,0,485189375.1985054,0.0,0,21395.01953
2022-08-25,512117883.97410893,0.0,0,485189375.1985054,0.0,0,21600.9043
2022-08-26,512117883.97410893,0.0,0,485189375.1985054,0.0,0,20260.01953
2022-08-27,512117883.97410893,0.0,0,485189375.1985054,0.0,0,20041.73828
2022-08-28,512117883.97410893,0.0,0,485189375.1985054,0.0,0,19616.81445
2022-08-29,512117883.97410893,0.0,0,485189375.1985054,0.0,0,20297.99414
2022-08-30,512117883.97410893,0.0,0,485189375.1985054,0.0,0,19796.80859
2022-08-31,512117883.97410893,0.0,0,485189375.1985054,0.0,0,20049.76367
2022-09-01,512117883.97410893,0.0,0,485189375.1985054,0.0,0,20127.14062
2022-09-02,512117883.97410893,0.0,0,485189375.1985054,0.0,0,19969.77148
2022-09-03,512117883.97410893,0.0,0,485189375.1985054,0.0,0,19832.08789
2022-09-04,512117883.97410893,0.0,0,485189375.1985054,0.0,0,19986.71289
2022-09-05,512117883.97410893,0.0,0,485189375.1985054,0.0,0,19812.37109
2022-09-06,512117883.97410893,0.0,0,485189375.1985054,0.0,0,18837.66797
2022-09-07,512117883.97410893,0.0,0,485189375.1985054,0.0,0,19290.32422
2022-09-08,512117883.97410893,0.0,0,485189375.1985054,0.0,0,19329.83398
2022-09-09,512117883.97410893,0.0,0,485189375.1985054,0.0,0,21381.15234
2022-09-10,512117883.97410893,0.0,0,485189375.1985054,0.0,0,21680.53906
2022-09-11,512117883.97410893,0.0,0,485189375.1985054,0.0,0,21769.25586
2022-09-12,512117883.97410893,0.0,0,485189375.1985054,0.0,0,22370.44922
2022-09-13,512117883.97410893,0.0,0,485189375.1985054,0.0,0,20296.70703
2022-09-14,512117883.97410893,0.0,0,485189375.1985054,0.0,0,20241.08984
2022-09-15,512117883.97410893,0.0,0,485189375.1985054,0.0,0,19701.21094
2022-09-16,512117883.97410893,0.0,0,485189375.1985054,0.0,0,19772.58398
2022-09-17,512117883.97410893,0.0,0,485189375.1985054,0.0,0,20127.57617
2022-09-18,512117883.97410893,0.0,0,485189375.1985054,0.0,0,19419.50586
2022-09-19,512117883.97410893,0.0,0,485189375.1985054,0.0,0,19544.12891
2022-09-20,512117883.97410893,0.0,0,485189375.1985054,0.0,0,18890.78906
2022-09-21,512117883.97410893,0.0,0,485189375.1985054,0.0,0,18547.40039
2022-09-22,512117883.97410893,0.0,0,485189375.1985054,0.0,0,19413.55078
2022-09-23,512117883.97410893,0.0,0,485189375.1985054,0.0,0,19297.63867
2022-09-24,512117883.97410893,0.0,0,485189375.1985054,0.0,0,18937.01172
2022-09-25,512117883.97410893,0.0,0,485189375.1985054,0.0,0,18802.09766
2022-09-26,512117883.97410893,0.0,0,485189375.1985054,0.0,0,19222.67188
2022-09-27,512117883.97410893,0.0,0,485189375.1985054,0.0,0,19110.54688
2022-09-28,512117883.97410893,0.0,0,485189375.1985054,0.0,0,19426.7207
2022-09-29,512117883.97410893,0.0,0,485189375.1985054,0.0,0,19573.05078
2022-09-30,512117883.97410893,0.0,0,485189375.1985054,0.0,0,19431.78906
2022-10-01,512117883.97410893,0.0,0,485189375.1985054,0.0,0,19312.0957
2022-10-02,512117883.97410893,0.0,0,485189375.1985054,0.0,0,19044.10742
2022-10-03,512117883.97410893,0.0,0,485189375.1985054,0.0,0,19623.58008
2022-10-04,512117883.97410893,0.0,0,485189375.1985054,0.0,0,20336.84375
2022-10-05,512117883.97410893,0.0,0,485189375.1985054,0.0,0,20160.7168
2022-10-06,512117883.97410893,0.0,0,485189375.1985054,0.0,0,19955.44336
2022-10-07,512117883.97410893,0.0,0,485189375.1985054,0.0,0,19546.84961
2022-10-08,512117883.97410893,0.0,0,485189375.1985054,0.0,0,19416.56836
2022-10-09,512117883.97410893,0.0,0,485189375.1985054,0.0,0,19446.42578
2022-10-10,512117883.97410893,0.0,0,485189375.1985054,0.0,0,19141.48438
2022-10-11,512117883.97410893,0.0,0,485189375.1985054,0.0,0,19051.41797
2022-10-12,512117883.97410893,0.0,0,485189375.1985054,0.0,0,19157.44531
2022-10-13,512117883.97410893,0.0,0,485189375.1985054,0.0,0,19382.9043
2022-10-14,512117883.97410893,0.0,0,485189375.1985054,0.0,0,19185.65625
2022-10-15,512117883.97410893,0.0,0,485189375.1985054,0.0,0,19067.63477
2022-10-16,512117883.97410893,0.0,0,485189375.1985054,0.0,0,19268.09375
2022-10-17,512117883.97410893,0.0,0,485189375.1985054,0.0,0,19550.75781
2022-10-18,512117883.97410893,0.0,0,485189375.1985054,0.0,0,19334.41602
2022-10-19,512117883.97410893,0.0,0,485189375.1985054,0.0,0,19139.53516
2022-10-20,512117883.97410893,0.0,0,485189375.1985054,0.0,0,19053.74023
2022-10-21,512117883.97410893,0.0,0,485189375.1985054,0.0,0,19172.46875
2022-10-22,512117883.97410893,0.0,0,485189375.1985054,0.0,0,19208.18945
2022-10-23,512117883.97410893,0.0,0,485189375.1985054,0.0,0,19567.00781
2022-10-24,512117883.97410893,0.0,0,485189375.1985054,0.0,0,19345.57227
2022-10-25,512117883.97410893,0.0,0,485189375.1985054,0.0,0,20095.85742
2022-10-26,512117883.97410893,0.0,0,485189375.1985054,0.0,0,20770.44141
2022-10-27,512117883.97410893,0.0,0,485189375.1985054,0.0,0,20285.83594
2022-10-28,512117883.97410893,0.0,0,485189375.1985054,0.0,0,20595.35156
2022-10-29,512117883.97410893,0.0,0,485189375.1985054,0.0,0,20818.47656
2022-10-30,512117883.97410893,0.0,0,485189375.1985054,0.0,0,20635.60352
2022-10-31,512117883.97410893,0.0,0,485189375.1985054,0.0,0,20495.77344
2022-11-01,512117883.97410893,0.0,0,485189375.1985054,0.0,0,20485.27344
2022-11-02,512117883.97410893,0.0,0,485189375.1985054,0.0,0,20159.50391
2022-11-03,512117883.97410893,0.0,0,485189375.1985054,0.0,0,20209.98828
2022-11-04,512117883.97410893,0.0,0,485189375.1985054,0.0,0,21147.23047
2022-11-05,512117883.97410893,0.0,0,485189375.1985054,0.0,0,21282.69141
2022-11-06,512117883.97410893,0.0,0,485189375.1985054,0.0,0,20926.48633
2022-11-07,512117883.97410893,0.0,0,485189375.1985054,0.0,0,20602.81641
2022-11-08,512117883.97410893,0.0,0,485189375.1985054,0.0,0,18541.27148
2022-11-09,512117883.97410893,0.0,0,485189375.1985054,0.0,0,15880.78027
2022-11-10,512117883.97410893,0.0,0,485189375.1985054,0.0,0,17586.77148
2022-11-11,512117883.97410893,0.0,0,485189375.1985054,0.0,0,17034.29297
2022-11-12,512117883.97410893,0.0,0,485189375.1985054,0.0,0,16799.18555
2022-11-13,512117883.97410893,0.0,0,485189375.1985054,0.0,0,16353.36523
2022-11-14,512117883.97410893,0.0,0,485189375.1985054,0.0,0,16618.19922
2022-11-15,512117883.97410893,0.0,0,485189375.1985054,0.0,0,16884.61328
2022-11-16,512117883.97410893,0.0,0,485189375.1985054,0.0,0,16669.43945
2022-11-17,512117883.97410893,0.0,0,485189375.1985054,0.0,0,16687.51758
2022-11-18,512117883.97410893,0.0,0,485189375.1985054,0.0,0,16697.77734
2022-11-19,512117883.97410893,0.0,0,485189375.1985054,0.0,0,16711.54688
2022-11-20,512117883.97410893,0.0,0,485189375.1985054,0.0,0,16291.83203
2022-11-21,512117883.97410893,0.0,0,485189375.1985054,0.0,0,15787.28418
2022-11-22,512117883.97410893,0.0,0,485189375.1985054,0.0,0,16189.76953
2022-11-23,512117883.97410893,0.0,0,485189375.1985054,0.0,0,16610.70703
2022-11-24,512117883.97410893,0.0,0,485189375.1985054,0.0,0,16604.46484
2022-11-25,512117883.97410893,0.0,0,485189375.1985054,0.0,0,16521.8418
2022-11-26,512117883.97410893,0.0,0,485189375.1985054,0.0,0,16464.28125
2022-11-27,512117883.97410893,0.0,0,485189375.1985054,0.0,0,16444.62695
2022-11-28,512117883.97410893,0.0,0,485189375.1985054,0.0,0,16217.32227
2022-11-29,512117883.97410893,0.0,0,485189375.1985054,0.0,0,16444.98242
2022-11-30,512117883.97410893,0.0,0,485189375.1985054,0.0,0,17168.56641
2022-12-01,512117883.97410893,0.0,0,485189375.1985054,0.0,0,16967.13281
2022-12-02,512117883.97410893,0.0,0,485189375.1985054,0.0,0,17088.66016
2022-12-03,512117883.97410893,0.0,0,485189375.1985054,0.0,0,16908.23633
2022-12-04,512117883.97410893,0.0,0,485189375.1985054,0.0,0,17130.48633
2022-12-05,512117883.97410893,0.0,0,485189375.1985054,0.0,0,16974.82617
2022-12-06,512117883.97410893,0.0,0,485189375.1985054,0.0,0,17089.50391
2022-12-07,512117883.97410893,0.0,0,485189375.1985054,0.0,0,16848.12695
2022-12-08,512117883.97410893,0.0,0,485189375.1985054,0.0,0,17233.47461
2022-12-09,512117883.97410893,0.0,0,485189375.1985054,0.0,0,17133.15234
2022-12-10,512117883.97410893,0.0,0,485189375.1985054,0.0,0,17128.72461
2022-12-11,512117883.97410893,0.0,0,485189375.1985054,0.0,0,17104.19336
2022-12-12,512117883.97410893,0.0,0,485189375.1985054,0.0,0,17206.4375
2022-12-13,512117883.97410893,0.0,0,485189375.1985054,0.0,0,17781.31836
2022-12-14,512117883.97410893,0.0,0,485189375.1985054,0.0,0,17815.65039
2022-12-15,512117883.97410893,0.0,0,485189375.1985054,0.0,0,17364.86523
2022-12-16,512117883.97410893,0.0,0,485189375.1985054,0.0,0,16647.48438
2022-12-17,512117883.97410893,0.0,0,485189375.1985054,0.0,0,16795.0918
2022-12-18,512117883.97410893,0.0,0,485189375.1985054,0.0,0,16757.97656
2022-12-19,512117883.97410893,0.0,0,485189375.1985054,0.0,0,16439.67969
2022-12-20,512117883.97410893,0.0,0,485189375.1985054,0.0,0,16906.30469
2022-12-21,512117883.97410893,0.0,0,485189375.1985054,0.0,0,16817.53516
2022-12-22,512117883.97410893,0.0,0,485189375.1985054,0.0,0,16830.3418
2022-12-23,512117883.97410893,0.0,0,485189375.1985054,0.0,0,16796.95312
2022-12-24,512117883.97410893,0.0,0,485189375.1985054,0.0,0,16847.75586
2022-12-25,512117883.97410893,0.0,0,485189375.1985054,0.0,0,16841.98633
2022-12-26,512117883.97410893,0.0,0,485189375.1985054,0.0,0,16919.80469
2022-12-27,512117883.97410893,0.0,0,485189375.1985054,0.0,0,16717.17383
2022-12-28,512117883.97410893,0.0,0,485189375.1985054,0.0,0,16552.57227
2022-12-29,512117883.97410893,0.0,0,485189375.1985054,0.0,0,16642.3418
2022-12-30,512117883.97410893,0.0,0,485189375.1985054,0.0,0,16602.58594
2022-12-31,512117883.97410893,0.0,0,485189375.1985054,0.0,0,16547.49609
2023-01-01,512117883.97410893,0.0,0,485189375.1985054,0.0,0,16625.08008
2023-01-02,512117883.97410893,0.0,0,485189375.1985054,0.0,0,16688.4707
2023-01-03,512117883.97410893,0.0,0,485189375.1985054,0.0,0,16679.85742
2023-01-04,512117883.97410893,0.0,0,485189375.1985054,0.0,0,16863.23828
2023-01-05,512117883.97410893,0.0,0,485189375.1985054,0.0,0,16836.73633
2023-01-06,512117883.97410893,0.0,0,485189375.1985054,0.0,0,16951.96875
2023-01-07,512117883.97410893,0.0,0,485189375.1985054,0.0,0,16955.07812
2023-01-08,512117883.97410893,0.0,0,485189375.1985054,0.0,0,17091.14453
2023-01-09,512117883.97410893,0.0,0,485189375.1985054,0.0,0,17196.55469
2023-01-10,512117883.97410893,0.0,0,485189375.1985054,0.0,0,17446.29297
2023-01-11,512117883.97410893,0.0,0,485189375.1985054,0.0,0,17934.89648
2023-01-12,512117883.97410893,0.0,0,485189375.1985054,0.0,0,18869.58789
2023-01-13,512117883.97410893,0.0,0,485189375.1985054,0.0,0,19909.57422
2023-01-14,512117883.97410893,0.0,0,485189375.1985054,0.0,0,20976.29883
2023-01-15,512117883.97410893,0.0,0,485189375.1985054,0.0,0,20880.79883
2023-01-16,512117883.97410893,0.0,0,485189375.1985054,0.0,0,21169.63281
2023-01-17,512117883.97410893,0.0,0,485189375.1985054,0.0,0,21161.51953
2023-01-18,512117883.97410893,0.0,0,485189375.1985054,0.0,0,20688.78125
2023-01-19,512117883.97410893,0.0,0,485189375.1985054,0.0,0,21086.79297
2023-01-20,512117883.97410893,0.0,0,485189375.1985054,0.0,0,22676.55273
2023-01-21,512117883.97410893,0.0,0,485189375.1985054,0.0,0,22777.625
2023-01-22,512117883.97410893,0.0,0,485189375.1985054,0.0,0,22720.41602
2023-01-23,512117883.97410893,0.0,0,485189375.1985054,0.0,0,22934.43164
2023-01-24,512117883.97410893,0.0,0,485189375.1985054,0.0,0,22636.46875
2023-01-25,512117883.97410893,0.0,0,485189375.1985054,0.0,0,23117.85938
2023-01-26,512117883.97410893,0.0,0,485189375.1985054,0.0,0,23032.77734
2023-01-27,512117883.97410893,0.0,0,485189375.1985054,0.0,0,23078.72852
2023-01-28,512117883.97410893,0.0,0,485189375.1985054,0.0,0,23031.08984
2023-01-29,512117883.97410893,0.0,0,485189375.1985054,0.0,0,23774.56641
2023-01-30,512117883.97410893,0.0,0,485189375.1985054,0.0,0,22840.13867
2023-01-31,512117883.97410893,0.0,0,485189375.1985054,0.0,0,23139.2832
2023-02-01,512117883.97410893,0.0,0,485189375.1985054,0.0,0,23723.76953
2023-02-02,512117883.97410893,0.0,0,485189375.1985054,0.0,0,23471.87109
2023-02-03,512117883.97410893,0.0,0,485189375.1985054,0.0,0,23449.32227
2023-02-04,512117883.97410893,0.0,0,485189375.1985054,0.0,0,23331.84766
2023-02-05,512117883.97410893,0.0,0,485189375.1985054,0.0,0,22955.66602
2023-02-06,512117883.97410893,0.0,0,485189375.1985054,0.0,0,22760.10938
2023-02-07,512117883.97410893,0.0,0,485189375.1985054,0.0,0,23264.29102
2023-02-08,512117883.97410893,0.0,0,485189375.1985054,0.0,0,22939.39844
2023-02-09,512117883.97410893,0.0,0,485189375.1985054,0.0,0,21819.03906
2023-02-10,512117883.97410893,0.0,0,485189375.1985054,0.0,0,21651.18359
2023-02-11,512117883.97410893,0.0,0,485189375.1985054,0.0,0,21870.875
2023-02-12,512117883.97410893,0.0,0,485189375.1985054,0.0,0,21788.20312
2023-02-13,512117883.97410893,0.0,0,485189375.1985054,0.0,0,21808.10156
2023-02-14,512117883.97410893,0.0,0,485189375.1985054,0.0,0,22220.80469
2023-02-15,512117883.97410893,0.0,0,485189375.1985054,0.0,0,24307.8418
2023-02-16,512117883.97410893,0.0,0,485189375.1985054,0.0,0,23623.47461
2023-02-17,512117883.97410893,0.0,0,485189375.1985054,0.0,0,24565.60156
2023-02-18,512117883.97410893,0.0,0,485189375.1985054,0.0,0,24641.27734
2023-02-19,512117883.97410893,0.0,0,485189375.1985054,0.0,0,24327.64258
2023-02-20,512117883.97410893,0.0,0,485189375.1985054,0.0,0,24829.14844
2023-02-21,512117883.97410893,0.0,0,485189375.1985054,0.0,0,24436.35352
2023-02-22,512117883.97410893,0.0,0,485189375.1985054,0.0,0,24188.84375
2023-02-23,512117883.97410893,0.0,0,485189375.1985054,0.0,0,23947.49219
2023-02-24,512117883.97410893,0.0,0,485189375.1985054,0.0,0,23198.12695
2023-02-25,512117883.97410893,0.0,0,485189375.1985054,0.0,0,23175.375
2023-02-26,512117883.97410893,0.0,0,485189375.1985054,0.0,0,23561.21289
2023-02-27,512117883.97410893,0.0,0,485189375.1985054,0.0,0,23522.87109
2023-02-28,512117883.97410893,0.0,0,485189375.1985054,0.0,0,23147.35352
2023-03-01,512117883.97410893,0.0,0,485189375.1985054,0.0,0,23646.55078
2023-03-02,512117883.97410893,0.0,0,485189375.1985054,0.0,0,23475.4668
2023-03-03,512117883.97410893,0.0,0,485189375.1985054,0.0,0,22362.67969
2023-03-04,512117883.97410893,0.0,0,485189375.1985054,0.0,0,22353.34961
2023-03-05,512117883.97410893,0.0,0,485189375.1985054,0.0,0,22435.51367
2023-03-06,512117883.97410893,0.0,0,485189375.1985054,0.0,0,22429.75781
2023-03-07,512117883.97410893,0.0,0,485189375.1985054,0.0,0,22219.76953
2023-03-08,512117883.97410893,0.0,0,485189375.1985054,0.0,0,21718.08008
2023-03-09,512117883.97410893,0.0,0,485189375.1985054,0.0,0,20363.02148
2023-03-10,512117883.97410893,0.0,0,485189375.1985054,0.0,0,20187.24414
2023-03-11,512117883.97410893,0.0,0,485189375.1985054,0.0,0,20632.41016
2023-03-12,512117883.97410893,0.0,0,485189375.1985054,0.0,0,22163.94922
2023-03-13,512117883.97410893,0.0,0,485189375.1985054,0.0,0,24197.5332
2023-03-14,512117883.97410893,0.0,0,485189375.1985054,0.0,0,24746.07422
2023-03-15,512117883.97410893,0.0,0,485189375.1985054,0.0,0,24375.96094
2023-03-16,512117883.97410893,0.0,0,485189375.1985054,0.0,0,25052.78906
2023-03-17,512117883.97410893,0.0,0,485189375.1985054,0.0,0,27423.92969
2023-03-18,512117883.97410893,0.0,0,485189375.1985054,0.0,0,26965.87891
2023-03-19,512117883.97410893,0.0,0,485189375.1985054,0.0,0,28038.67578
2023-03-20,512117883.97410893,0.0,0,485189375.1985054,0.0,0,27767.23633
2023-03-21,512117883.97410893,0.0,0,485189375.1985054,0.0,0,28175.81641
2023-03-22,512117883.97410893,0.0,0,485189375.1985054,0.0,0,27307.4375
2023-03-23,512117883.97410893,0.0,0,485189375.1985054,0.0,0,28333.97266
2023-03-24,512117883.97410893,0.0,0,485189375.1985054,0.0,0,27493.28516
2023-03-25,512117883.97410893,0.0,0,485189375.1985054,0.0,0,27494.70703
2023-03-26,512117883.97410893,0.0,0,485189375.1985054,0.0,0,27994.33008
2023-03-27,512117883.97410893,0.0,0,485189375.1985054,0.0,0,27139.88867
2023-03-28,512117883.97410893,0.0,0,485189375.1985054,0.0,0,27268.13086
2023-03-29,512117883.97410893,0.0,0,485189375.1985054,0.0,0,28348.44141
2023-03-30,512117883.97410893,0.0,0,485189375.1985054,0.0,0,28033.5625
2023-03-31,512117883.97410893,0.0,0,485189375.1985054,0.0,0,28478.48438
2023-04-01,512117883.97410893,0.0,0,485189375.1985054,0.0,0,28411.03516
2023-04-02,512117883.97410893,0.0,0,485189375.1985054,0.0,0,28199.30859
2023-04-03,512117883.97410893,0.0,0,485189375.1985054,0.0,0,27790.2207
2023-04-04,512117883.97410893,0.0,0,485189375.1985054,0.0,0,28168.08984
2023-04-05,512117883.97410893,0.0,0,485189375.1985054,0.0,0,28177.98438
2023-04-06,512117883.97410893,0.0,0,485189375.1985054,0.0,0,28044.14062
2023-04-07,512117883.97410893,0.0,0,485189375.1985054,0.0,0,27925.85938
2023-04-08,512117883.97410893,0.0,0,485189375.1985054,0.0,0,27947.79492
2023-04-09,512117883.97410893,0.0,0,485189375.1985054,0.0,0,28333.05078
2023-04-10,512117883.97410893,0.0,0,485189375.1985054,0.0,0,29652.98047
2023-04-11,512117883.97410893,0.0,0,485189375.1985054,0.0,0,30235.05859
2023-04-12,512117883.97410893,0.0,0,485189375.1985054,0.0,0,30139.05273
2023-04-13,512117883.97410893,0.0,0,485189375.1985054,0.0,0,30399.06641
2023-04-14,512117883.97410893,0.0,0,485189375.1985054,0.0,0,30485.69922
2023-04-15,512117883.97410893,0.0,0,485189375.1985054,0.0,0,30318.49609
2023-04-16,512117883.97410893,0.0,0,485189375.1985054,0.0,0,30315.35547
2023-04-17,512117883.97410893,0.0,0,484261622.03217137,7.336839729068731,1,29445.04492
2023-04-18,512117883.97410893,0.0,0,484595954.22389674,7.400769848987286,1,30397.55273
2023-04-19,512117883.97410893,0.0,0,482455167.4891738,6.989881507621787,1,28822.67969
2023-04-20,512117883.97410893,0.0,0,481951727.04192287,6.892724358834153,1,28245.98828
2023-04-21,512117883.97410893,0.0,0,482347267.5785776,6.969075370333493,1,27276.91016
2023-04-22,512117883.97410893,0.0,0,483425721.3913317,7.176614090205792,1,27817.5
2023-04-23,512117883.97410893,0.0,0,483281902.6667075,7.148990997134905,1,27591.38477
2023-04-24,512117883.97410893,0.0,0,483347429.0491613,7.161578610850176,1,27525.33984
2023-04-25,512117883.97410893,0.0,0,484087258.1411978,7.303463289381427,1,28307.59766
2023-04-26,512117883.97410893,0.0,0,483303110.1636456,7.153065329469451,1,28422.70117
2023-04-27,512117883.97410893,0.0,0,483342122.3966489,7.160559330263433,1,29473.78711
2023-04-28,512117883.97410893,0.0,0,482642507.8139926,7.0259838929850575,1,29340.26172
2023-04-29,512117883.97410893,0.0,0,482395311.32635486,6.978340705575055,1,29248.48828
2023-04-30,512117883.97410893,0.0,0,484016195.48764116,7.289853699587573,1,29268.80664
2023-05-01,512117883.97410893,0.0,0,483083913.9456507,7.110936630200674,1,28091.56836
2023-05-02,512117883.97410893,0.0,0,482376288.3671613,6.974672309612089,1,28680.53711
2023-05-03,512117883.97410893,0.0,0,482311399.8008423,0.0,0,29006.30859
2023-05-04,512117883.97410893,0.0,0,482311399.8008423,0.0,0,28847.71094
2023-05-05,512117883.97410893,0.0,0,482311399.8008423,0.0,0,29534.38477
2023-05-06,512117883.97410893,0.0,0,482311399.8008423,0.0,0,28904.62305
2023-05-07,512117883.97410893,0.0,0,482311399.8008423,0.0,0,28454.97852
2023-05-08,512117883.97410893,0.0,0,482311399.8008423,0.0,0,27694.27344
2023-05-09,512117883.97410893,0.0,0,482311399.8008423,0.0,0,27658.77539
2023-05-10,512117883.97410893,0.0,0,482311399.8008423,0.0,0,27621.75586
2023-05-11,512117883.97410893,0.0,0,482311399.8008423,0.0,0,27000.78906
2023-05-12,512117883.97410893,0.0,0,482311399.8008423,0.0,0,26804.99023
2023-05-13,512117883.97410893,0.0,0,482311399.8008423,0.0,0,26784.07812
2023-05-14,512117883.97410893,0.0,0,482311399.8008423,0.0,0,26930.63867
2023-05-15,512117883.97410893,0.0,0,482311399.8008423,0.0,0,27192.69336
2023-05-16,512117883.97410893,0.0,0,482311399.8008423,0.0,0,27036.65039
2023-05-17,512117883.97410893,0.0,0,482311399.8008423,0.0,0,27398.80273
2023-05-18,510672060.1681669,7.253129717912583,1,480949726.39413005,7.253129717912583,1,26832.20898
2023-05-19,511146384.42259246,7.339195258895619,1,481396443.84390193,7.339195258895619,1,26890.12891
2023-05-20,511420033.3880772,7.388775900448517,1,481654165.7859141,7.388775900448518,1,27129.58594
2023-05-21,511382215.4131419,7.381927072221489,1,481618548.90745807,7.38192707222149,1,26753.82617
2023-05-22,510836989.8678139,7.283074130244155,1,482497884.81302446,15.051724699703758,2,26851.27734
2023-05-23,511117726.7799226,7.333999899602375,1,482912782.9914744,15.12470865441754,2,27225.72656
2023-05-24,508813776.507347,6.914400694456398,1,479981783.21316457,14.6064192759071,2,26334.81836
2023-05-25,508737012.69673043,0.0,0,479868615.4717846,7.69658575802562,1,26476.20703
2023-05-26,508737012.69673043,0.0,0,479232006.04368407,7.573970358780032,1,26719.29102
2023-05-27,508737012.69673043,0.0,0,480049405.614216,7.731347903780937,1,26868.35352
2023-05-28,508737012.69673043,0.0,0,480173941.0964863,7.755278234237825,1,28085.64648
2023-05-29,508737012.69673043,0.0,0,479554638.3116903,7.636152260869303,1,27745.88477
2023-05-30,508737012.69673043,0.0,0,479670998.72587436,7.658558234144966,1,27702.34961
2023-05-31,508331088.6926764,7.440526674013916,1,478749743.7402467,15.009706453971738,2,27219.6582
2023-06-01,507595012.8844736,7.306303942493978,1,477810982.81549484,14.84272501270375,2,26819.97266
2023-06-02,508915984.21515787,7.546904982400311,1,482893936.21990633,15.739092575724817,2,27249.58984
2023-06-03,508474735.24571455,7.4666751694507205,1,482035540.8527048,15.589043115800663,2,27075.12891
2023-06-04,509685323.5245695,7.686457363037746,1,483005788.8366247,15.75860539151356,2,27119.06641
2023-06-05,507819948.90463626,7.347362099288157,1,479741530.27493525,15.18540987633308,2,25760.09766
2023-06-06,509287128.8611561,7.61428047507864,1,481070553.9477376,15.419721864768832,2,27238.7832
2023-06-07,508494983.5334921,7.470359849636085,1,479605797.44998837,15.16140657200397,2,26345.99805
2023-06-08,508854507.3122279,7.535735326110957,1,480307320.6889548,15.285319413402254,2,26508.2168
2023-06-09,509831967.8812985,7.713009758591961,1,478579116.29654235,14.979404930078127,2,26480.375
2023-06-10,507659487.59840465,7.318076399588774,1,476464412.66057277,7.351722466074351,1,25851.24023
2023-06-11,508611436.28267205,7.491545631565982,1,477361973.0202915,7.525924488880086,1,25940.16797
2023-06-12,508940402.4267498,7.551340745852599,1,477672144.1203661,7.585971502470305,1,25902.5
2023-06-13,508528464.8964925,7.476451973644917,1,477283742.09413296,7.510767189490106,1,25918.72852
2023-06-14,504776821.60371065,0.0,0,473746443.9613064,0.0,0,25124.67578
2023-06-15,504776821.60371065,0.0,0,473746443.9613064,0.0,0,25576.39453
2023-06-16,504776821.60371065,0.0,0,473746443.9613064,0.0,0,26327.46289
2023-06-17,504776821.60371065,0.0,0,473746443.9613064,0.0,0,26510.67578
2023-06-18,504776821.60371065,0.0,0,473746443.9613064,0.0,0,26336.21289
2023-06-19,504776821.60371065,0.0,0,473746443.9613064,0.0,0,26851.0293
2023-06-20,504776821.60371065,0.0,0,473746443.9613064,0.0,0,28327.48828
2023-06-21,506994477.6413299,7.915267717489731,1,475827773.0096839,7.915267717489733,1,30027.29688
2023-06-22,506840765.0435902,7.8873406358744695,1,475683509.6571395,7.8873406358744695,1,29912.28125
2023-06-23,507887455.6989585,8.07717296726149,1,476665856.61659944,8.077172967261491,1,30695.46875
2023-06-24,507691300.38735783,8.041656993743596,1,476481759.6506577,8.041656993743596,1,30548.69531
2023-06-25,507599842.34038144,8.025088173675098,1,476395923.84625405,8.025088173675098,1,30480.26172
2023-06-26,507320349.47703624,7.9744173667800915,1,476133612.3762034,7.9744173667800915,1,30271.13086
2023-06-27,507877693.3486102,8.07540604019569,1,476656694.3917028,8.07540604019569,1,30688.16406
2023-06-28,507073260.29203403,7.929574682314536,1,475901712.6182783,7.929574682314536,1,30086.24609
2023-06-29,507553186.669486,8.016633589348748,1,476352136.26086706,8.016633589348746,1,30445.35156
2023-06-30,515262876.433387,16.795662380787583,2,483587884.721125,16.795662380787586,2,30477.25195
2023-07-01,513276886.94268835,16.473725149059575,2,481487127.5974522,23.980951921547433,3,30590.07812
2023-07-02,514524547.15342534,16.67626633054285,2,482899593.1404697,24.203305155116155,3,30620.76953
2023-07-03,513724632.9107802,16.546523980181096,2,482485632.41612434,24.138273467967565,3,31156.43945
2023-07-04,510770995.1330091,16.063937181386336,2,479361685.70560634,23.64389104625791,3,30777.58203
2023-07-05,510346426.81456614,15.994108940851664,2,478474569.6612922,23.502322959614954,3,30514.16602
2023-07-06,510342253.3456717,15.993421958790153,2,477308362.85905504,23.315416300813784,3,29909.33789
2023-07-07,511089519.99460834,16.11624841405018,2,478421803.8267385,23.493885919876856,3,30342.26562
2023-07-08,510046298.86209524,15.94467712233769,2,477347724.9922984,23.321739717985896,3,30292.54102
2023-07-09,508927510.9790246,15.759896235640852,2,476250250.8770534,23.145041846002496,3,30171.23438
2023-07-10,510609825.0587031,16.0374434070453,2,478158344.45467687,23.45173199114555,3,30414.4707
2023-07-11,510802423.29707146,16.069101519362633,2,478297446.6769104,23.473994360016935,3,30620.95117
2023-07-12,511768212.0943887,16.227492602641597,2,479087126.99661267,23.60013233616786,3,30391.64648
2023-07-13,511986443.0302788,16.263200096345884,2,481813414.9328041,24.03243254011212,3,31476.04883
2023-07-14,504982003.2011329,15.891818077115454,2,473969336.76511776,23.56737910714863,3,30334.06836
2023-07-15,503269323.1148571,15.605588812473172,2,472214092.9466009,23.283275164976807,3,30295.80664
2023-07-16,502694528.50112116,15.509089944413775,2,471528582.64304364,23.17174405686286,3,30249.13281
2023-07-17,501422346.5058803,15.294724120307118,2,470108799.73232174,22.939713844046707,3,30145.88867
2023-07-18,501337054.27839166,15.280313253210492,2,469765213.41708666,22.88335194449547,3,29856.5625
2023-07-19,501412672.0490521,15.293089782803701,2,469674998.8028563,22.868539470608642,3,29913.92383
2023-07-20,501203857.0040397,15.257798599340749,2,469515814.5987587,22.842388892132913,3,29792.01562
2023-07-21,501683794.5452582,15.338867520083035,2,469987091.78332865,22.919758297307602,3,29908.74414
2023-07-22,500453186.98947835,15.130686950912528,2,468322432.76870054,22.64577543801657,3,29771.80273
2023-07-23,502148528.53479135,22.908546395673504,3,470369848.35070235,30.466466133070412,4,30084.53906
2023-07-24,498434727.53536326,22.334143566924382,3,466151400.58031666,29.837220826625284,4,29176.91602
2023-07-25,498520023.5568893,22.34743207741366,3,466162023.36586475,22.408041283094416,3,29227.39062
2023-07-26,499547359.9840286,22.507127269657957,3,467125647.2050277,22.568104130412536,3,29354.97266
2023-07-27,499867253.7906712,22.55671941608763,3,467425622.9823115,22.617796941435255,3,29210.68945
2023-07-28,500770207.5784259,22.696359719127106,3,468269818.5329627,22.757301365885002,3,29319.24609
2023-07-29,499998504.460335,22.577048441768564,3,467547914.037307,22.638036901802515,3,29356.91797
2023-07-30,500049905.76136166,22.585006928298725,3,467600135.8799988,22.646676728776992,3,29275.30859
2023-07-31,498359736.8006191,14.486604081075882,2,466016372.28929055,14.519227315044937,2,29230.11133
2023-08-01,498122498.9220644,14.44587711796999,2,465792963.984065,14.478228167287167,2,29675.73242
2023-08-02,494594020.375668,6.922370018304528,1,462484008.0839241,6.927690114680296,1,29151.95898
2023-08-03,494525545.1193104,0.0,0,462419929.1661041,0.0,0,29178.67969
2023-08-04,494525545.1193104,0.0,0,462419929.1661041,0.0,0,29074.0918
2023-08-05,494525545.1193104,0.0,0,462419929.1661041,0.0,0,29042.12695
2023-08-06,494525545.1193104,0.0,0,462419929.1661041,0.0,0,29041.85547
2023-08-07,494525545.1193104,0.0,0,462419929.1661041,0.0,0,29180.57812
2023-08-08,494525545.1193104,0.0,0,462419929.1661041,0.0,0,29765.49219
2023-08-09,494525545.1193104,0.0,0,462419929.1661041,0.0,0,29561.49414
2023-08-10,494525545.1193104,0.0,0,462419929.1661041,0.0,0,29429.5918
2023-08-11,494525545.1193104,0.0,0,462419929.1661041,0.0,0,29397.71484
2023-08-12,494525545.1193104,0.0,0,462419929.1661041,0.0,0,29415.96484
2023-08-13,494525545.1193104,0.0,0,462419929.1661041,0.0,0,29282.91406
2023-08-14,494525545.1193104,0.0,0,462419929.1661041,0.0,0,29408.44336
2023-08-15,494525545.1193104,0.0,0,462419929.1661041,0.0,0,29170.34766
2023-08-16,494525545.1193104,0.0,0,462419929.1661041,0.0,0,28701.7793
2023-08-17,494525545.1193104,0.0,0,462419929.1661041,0.0,0,26664.55078
2023-08-18,494525545.1193104,0.0,0,462419929.1661041,0.0,0,26049.55664
2023-08-19,494525545.1193104,0.0,0,462419929.1661041,0.0,0,26096.20508
2023-08-20,494525545.1193104,0.0,0,462419929.1661041,0.0,0,26189.58398
2023-08-21,494525545.1193104,0.0,0,462419929.1661041,0.0,0,26124.14062
2023-08-22,494525545.1193104,0.0,0,462419929.1661041,0.0,0,26031.65625
2023-08-23,494525545.1193104,0.0,0,462419929.1661041,0.0,0,26431.64062
2023-08-24,494525545.1193104,0.0,0,462419929.1661041,0.0,0,26162.37305
2023-08-25,494525545.1193104,0.0,0,462419929.1661041,0.0,0,26047.66797
2023-08-26,494525545.1193104,0.0,0,462419929.1661041,0.0,0,26008.46289
2023-08-27,494525545.1193104,0.0,0,462419929.1661041,0.0,0,26089.69336
2023-08-28,494525545.1193104,0.0,0,462419929.1661041,0.0,0,26106.15039
2023-08-29,494525545.1193104,0.0,0,462419929.1661041,0.0,0,27727.39258
2023-08-30,494525545.1193104,0.0,0,462419929.1661041,0.0,0,27297.26562
2023-08-31,494525545.1193104,0.0,0,462419929.1661041,0.0,0,25931.47266
2023-09-01,494525545.1193104,0.0,0,462419929.1661041,0.0,0,25800.72461
2023-09-02,494525545.1193104,0.0,0,462419929.1661041,0.0,0,25868.79883
2023-09-03,494525545.1193104,0.0,0,462419929.1661041,0.0,0,25969.56641
2023-09-04,494525545.1193104,0.0,0,462419929.1661041,0.0,0,25812.41602
2023-09-05,494525545.1193104,0.0,0,462419929.1661041,0.0,0,25779.98242
2023-09-06,494525545.1193104,0.0,0,462419929.1661041,0.0,0,25753.23633
2023-09-07,494525545.1193104,0.0,0,462419929.1661041,0.0,0,26240.19531
2023-09-08,494525545.1193104,0.0,0,462419929.1661041,0.0,0,25905.6543
2023-09-09,494525545.1193104,0.0,0,462419929.1661041,0.0,0,25895.67773
2023-09-10,494525545.1193104,0.0,0,462419929.1661041,0.0,0,25832.22656
2023-09-11,494525545.1193104,0.0,0,462419929.1661041,0.0,0,25162.6543
2023-09-12,494525545.1193104,0.0,0,462419929.1661041,0.0,0,25833.34375
2023-09-13,494525545.1193104,0.0,0,462419929.1661041,0.0,0,26228.32422
2023-09-14,494525545.1193104,0.0,0,462419929.1661041,0.0,0,26539.67383
2023-09-15,494525545.1193104,0.0,0,462419929.1661041,0.0,0,26608.69336
2023-09-16,494525545.1193104,0.0,0,462419929.1661041,0.0,0,26568.28125
2023-09-17,494525545.1193104,0.0,0,462419929.1661041,0.0,0,26534.1875
2023-09-18,494525545.1193104,0.0,0,462419929.1661041,0.0,0,26754.28125
2023-09-19,494525545.1193104,0.0,0,462419929.1661041,0.0,0,27211.11719
2023-09-20,494525545.1193104,0.0,0,462419929.1661041,0.0,0,27132.00781
2023-09-21,494525545.1193104,0.0,0,462419929.1661041,0.0,0,26567.63281
2023-09-22,494525545.1193104,0.0,0,462419929.1661041,0.0,0,26579.56836
2023-09-23,494525545.1193104,0.0,0,462419929.1661041,0.0,0,26579.39062
2023-09-24,494525545.1193104,0.0,0,462419929.1661041,0.0,0,26256.82617
2023-09-25,494525545.1193104,0.0,0,462419929.1661041,0.0,0,26298.48047
2023-09-26,494525545.1193104,0.0,0,462419929.1661041,0.0,0,26217.25
2023-09-27,494525545.1193104,0.0,0,462419929.1661041,0.0,0,26352.7168
2023-09-28,494525545.1193104,0.0,0,462419929.1661041,0.0,0,27021.54688
2023-09-29,494525545.1193104,0.0,0,462419929.1661041,0.0,0,26911.7207
2023-09-30,494525545.1193104,0.0,0,462419929.1661041,0.0,0,26967.91602
2023-10-01,494525545.1193104,0.0,0,462419929.1661041,0.0,0,27983.75
2023-10-02,494525545.1193104,0.0,0,462419929.1661041,0.0,0,27530.78516
2023-10-03,494525545.1193104,0.0,0,462419929.1661041,0.0,0,27429.97852
2023-10-04,494525545.1193104,0.0,0,462419929.1661041,0.0,0,27799.39453
2023-10-05,494525545.1193104,0.0,0,462419929.1661041,0.0,0,27415.91211
2023-10-06,494525545.1193104,0.0,0,462419929.1661041,0.0,0,27946.59766
2023-10-07,494525545.1193104,0.0,0,462419929.1661041,0.0,0,27968.83984
2023-10-08,494525545.1193104,0.0,0,462419929.1661041,0.0,0,27935.08984
2023-10-09,494525545.1193104,0.0,0,462419929.1661041,0.0,0,27583.67773
2023-10-10,494525545.1193104,0.0,0,462419929.1661041,0.0,0,27391.01953
2023-10-11,494525545.1193104,0.0,0,462419929.1661041,0.0,0,26873.32031
2023-10-12,494525545.1193104,0.0,0,462419929.1661041,0.0,0,26756.79883
2023-10-13,494525545.1193104,0.0,0,462419929.1661041,0.0,0,26862.375
2023-10-14,494525545.1193104,0.0,0,462419929.1661041,0.0,0,26861.70703
2023-10-15,494525545.1193104,0.0,0,462419929.1661041,0.0,0,27159.65234
2023-10-16,494525545.1193104,0.0,0,462419929.1661041,0.0,0,28519.4668
2023-10-17,494525545.1193104,0.0,0,462419929.1661041,0.0,0,28415.74805
2023-10-18,494525545.1193104,0.0,0,462419929.1661041,0.0,0,28328.3418
2023-10-19,494525545.1193104,0.0,0,462419929.1661041,0.0,0,28719.80664
2023-10-20,494525545.1193104,0.0,0,462419929.1661041,0.0,0,29682.94922
2023-10-21,494525545.1193104,0.0,0,462419929.1661041,0.0,0,29918.41211
2023-10-22,494525545.1193104,0.0,0,462419929.1661041,0.0,0,29993.89648
2023-10-23,494525545.1193104,0.0,0,462419929.1661041,0.0,0,33086.23438
2023-10-24,493154511.39460236,14.792642562893981,2,461137905.77192163,14.79264256289398,2,33901.52734
2023-10-25,493957932.05862147,14.931231999865124,2,461889166.7132683,14.931231999865124,2,34502.82031
2023-10-26,492754137.7220154,14.723409693970266,2,460763525.18199074,14.723409693970266,2,34156.64844
2023-10-27,491928300.2760873,14.580249397040285,2,459991302.8023427,14.580249397040287,2,33909.80078
2023-10-28,492995953.85141,14.765238140704314,2,460989642.11069036,14.765238140704314,2,34089.57422
2023-10-29,493412132.82071084,14.837131215437635,2,461378801.8849505,14.837131215437635,2,34538.48047
2023-10-30,493672986.98856026,14.882130820143535,2,461622720.8634747,14.882130820143535,2,34502.36328
2023-10-31,497821937.545128,23.043354896942486,3,465502313.012792,23.043354896942486,3,34667.78125
2023-11-01,502206603.0762054,23.715247992540707,3,469602317.03545314,23.715247992540707,3,35437.25391
2023-11-02,498317092.2911526,24.009292452190557,3,465965321.293846,24.009292452190554,3,34938.24219
2023-11-03,496572858.06491613,23.742371715730396,3,464334326.342613,23.742371715730393,3,34732.32422
2023-11-04,500125354.82270443,24.284045867268915,3,467656187.701065,24.284045867268915,3,35082.19531
2023-11-05,499094802.92942154,24.127704387804066,3,466692541.3572166,24.127704387804066,3,35049.35547
2023-11-06,502144447.55598044,32.05738348259353,4,469544196.779496,32.05738348259353,4,35037.37109
2023-11-07,503355044.70644283,32.220789290910986,4,470676199.4719564,32.220789290910986,4,35443.5625
2023-11-08,510106433.9572707,33.11786449747322,4,476989274.64057565,33.11786449747322,4,35655.27734
2023-11-09,512870543.8647189,33.47832499883239,4,479573932.8452416,33.47832499883239,4,36693.125
2023-11-10,531014413.63440114,35.75125879703489,4,496539865.2556113,35.75125879703489,4,37313.96875
2023-11-11,533753071.142757,36.080915537222246,4,499100723.4833063,36.080915537222246,4,37138.05078
2023-11-12,532598348.6937668,35.942333053951145,4,498020967.99172753,35.942333053951145,4,37054.51953
2023-11-13,522130124.3516643,34.65803629123212,4,488232362.3139318,34.65803629123212,4,36502.35547
2023-11-14,523019948.4887724,34.769203860733256,4,489064417.2371057,34.769203860733256,4,35537.64062
2023-11-15,538667721.835139,36.664095037269526,4,503696304.9400724,36.66409503726952,4,37880.58203
2023-11-16,524573394.33149326,34.96237513128359,4,490517010.17925817,34.96237513128359,4,36154.76953
2023-11-17,525510123.1624162,35.07830556844179,4,491392924.64701074,35.07830556844179,4,36596.68359
2023-11-18,525528126.54902136,35.08052963658366,4,491409759.2167127,35.08052963658365,4,36585.70312
2023-11-19,533274299.2890542,36.02352920040454,4,498653034.48349434,36.023529200404546,4,37386.54688
2023-11-20,525817711.9061378,35.116282954859784,4,491680544.09657776,35.11628295485978,4,37476.95703
2023-11-21,514430543.79121614,33.680050594959546,4,481032654.3665655,33.680050594959546,4,35813.8125
2023-11-22,526232213.5427089,35.16739044354992,4,492068135.43400025,35.167390443549905,4,37432.33984
2023-11-23,525880560.8307736,35.12403732371535,4,491739312.7397046,35.12403732371535,4,37289.62109
2023-11-24,527859948.2955916,35.36731144918002,4,493590194.29740566,35.36731144918002,4,37720.28125
2023-11-25,532588742.9739521,35.94117771597455,4,498011985.8950085,35.94117771597455,4,37796.79297
2023-11-26,530691673.38713086,35.71218591222722,4,496238077.9692826,35.71218591222721,4,37479.12109
2023-11-27,523609190.3991771,34.84261112637926,4,489615404.35022914,34.84261112637926,4,37254.16797
2023-11-28,528890968.3800083,35.49330641598737,4,494554278.4364561,35.49330641598737,4,37831.08594
2023-11-29,530215255.7453781,35.6544209791189,4,495792590.3411367,35.6544209791189,4,37858.49219
2023-11-30,529711221.9515908,35.59319451276644,4,495321279.4583708,35.59319451276644,4,37712.74609
2023-12-01,532980091.62125266,35.98821386956194,4,498377927.38286495,35.98821386956194,4,38688.75
2023-12-02,541222594.5543776,36.963075858406135,4,506085310.0653256,36.96307585840614,4,39476.33203
2023-12-03,540096379.4414514,36.83163054726731,4,505032211.1548953,36.8316305472673,4,39978.39062
2023-12-04,540963685.2487532,36.9329059103981,4,505843209.684569,36.9329059103981,4,41980.09766
2023-12-05,542418146.2866817,37.1020164605459,4,507152795.9860975,44.592909094716816,5,44080.64844
2023-12-06,542170483.7268122,37.073284768058826,4,505869706.622561,44.452374391661124,5,43746.44531
2023-12-07,549034329.2856622,37.85997374512104,4,512656004.58713675,45.187687613841106,5,43292.66406
2023-12-08,562317110.558243,39.327815220185855,4,526076903.4050552,46.586020241161144,5,44166.60156
2023-12-09,556710346.9937015,38.71677108055097,4,520706486.6243292,46.0351238329334,5,43725.98438
2023-12-10,560174251.3281513,39.0957232401332,4,523671819.0377216,46.340704142328256,5,43779.69922
2023-12-11,547577566.6853673,45.3835957733154,5,508088629.40375066,45.73339615931405,5,41243.83203
2023-12-12,544247379.2089504,45.049404241466426,5,504974837.83894646,45.398775737407824,5,41450.22266
2023-12-13,551035250.218458,45.72630749902871,5,511321583.8658167,46.07650989549061,5,42890.74219
2023-12-14,557708223.1520594,53.803687989259565,6,517571638.8017266,54.15483916048064,6,43023.97266
2023-12-15,546021449.3255242,52.81492490906102,6,506662140.4960117,53.16769671479814,6,41929.75781
2023-12-16,549759510.3843795,38.9667917733061,4,510158521.8141391,39.263155042226984,4,42240.11719
2023-12-17,543691456.419831,38.28560983311553,4,504484805.41121465,38.58007473970349,4,41364.66406
2023-12-18,548932104.8196332,31.07273416802952,3,509385111.38916874,31.30899911540576,3,42623.53906
2023-12-19,545714398.0612231,30.666316947054188,3,506376642.79231226,30.90089435388203,3,42270.52734
2023-12-20,561012599.3396864,32.5569708111021,3,520680670.5547626,32.79917017132205,3,43652.25
2023-12-21,586456790.5570264,42.67315814134155,4,544402666.8063118,42.91607339500546,4,43869.15234
2023-12-22,587829960.8449025,50.3050934442105,5,545704695.3515763,50.549917631523655,5,43997.90234
2023-12-23,608723843.4100816,52.01082512024856,5,565185391.8712833,52.25435313419175,5,43739.54297
2023-12-24,611048548.2281718,52.19339762841116,5,567370915.9710703,52.43827031948942,5,43016.11719
2023-12-25,629204644.757348,53.5728872660397,5,584295120.014585,53.81590362533552,5,43613.14062
2023-12-26,614099826.0584269,52.43093429552361,5,570175480.4032081,52.67221572748658,5,42520.40234
2023-12-27,604744161.8992746,51.69501945560515,5,561442362.240081,51.936041971730496,5,43442.85547
2023-12-28,589849268.2537498,50.47522045528092,5,547556614.9245259,50.71716531500709,5,42627.85547
2023-12-29,591566088.724878,50.61894937580398,5,549179421.380189,50.862794410283776,5,42099.40234
2023-12-30,585852849.251483,50.13738516044798,5,543837982.869209,50.38018125981177,5,42156.90234
2023-12-31,583763973.5360309,49.95896235608001,5,541890990.2356281,50.201899237583014,5,42265.1875
2024-01-01,602938716.9289131,51.550374599140305,5,559786204.0812442,51.7938421181897,5,44167.33203
2024-01-02,603756185.8810724,51.61597403387097,5,560520552.3884667,51.8569978941686,5,44957.96875
2024-01-03,582290366.2721584,49.83232306950572,5,540493022.6795925,50.07309807587157,5,42848.17578
2024-01-04,594817841.903043,50.88890595241678,5,552192390.9638355,51.130905503971235,5,44179.92188
2024-01-05,578280028.2413305,42.6521365935003,4,536787641.32935244,42.89586879012641,4,44162.69141
2024-01-06,568597041.6025045,41.67552476737239,4,527740509.38255227,41.916924402537965,4,43989.19531
2024-01-07,558165815.0936406,33.82386165626967,3,518014987.3829647,34.01543521959224,3,43943.09766
2024-01-08,573472453.6348103,35.5901788058689,3,532306475.4457845,35.78700416227666,3,46970.50391
2024-01-09,571491899.6502317,35.366961069816824,3,530474099.2991437,35.56519811739559,3,46139.73047
2024-01-10,580207159.9323999,36.337810442254224,3,538585788.535454,36.535656491903005,3,46627.77734
2024-01-11,578104259.7392614,36.10623416779987,3,536616475.5317689,36.30275056627524,3,46368.58594
2024-01-12,563162542.9201182,34.41101745359309,3,522662462.42701244,34.60216497379211,3,42853.16797
2024-01-13,566684812.384233,34.81869040574717,3,525961020.9288267,35.0123067450302,3,42842.38281
2024-01-14,562488892.6043181,34.33246650016746,3,522047216.26345485,34.52509193163927,3,41796.26953
2024-01-15,562640008.4626713,26.485506394240275,2,522188884.1670785,26.61916839252881,2,42511.96875
2024-01-16,564955178.1070156,26.786766619141094,2,524360763.58735675,26.923108597590733,2,43154.94531
2024-01-17,570604202.523524,27.511583122684037,2,529636417.2281435,27.65101996403748,2,42742.65234
2024-01-18,558982678.9547234,26.004513446070643,2,518792718.8996892,26.138796516597324,2,41262.05859
2024-01-19,557009600.8910657,25.742401498456697,2,516955105.4506776,25.876243077333083,2,41618.40625
2024-01-20,556054404.0752205,17.630003254275543,1,516062554.05379426,17.762952004536476,1,41665.58594
2024-01-21,554231418.4913325,17.359070731140907,1,514357920.4450919,17.490410199848732,1,41545.78516
2024-01-22,546579408.4639988,16.20211309673132,1,507202694.6539463,16.326428322036183,1,39507.36719
2024-01-23,546401269.5815581,0.0,0,507036120.91430247,0.0,0,39845.55078
2024-01-24,546401269.5815581,0.0,0,507036120.91430247,0.0,0,40077.07422
2024-01-25,546401269.5815581,0.0,0,507036120.91430247,0.0,0,39933.80859
2024-01-26,546401269.5815581,0.0,0,507036120.91430247,0.0,0,41816.87109
2024-01-27,546401269.5815581,0.0,0,507036120.91430247,0.0,0,42120.05469
2024-01-28,546401269.5815581,0.0,0,507036120.91430247,0.0,0,42035.59375
2024-01-29,546401269.5815581,0.0,0,507036120.91430247,0.0,0,43288.24609
2024-01-30,546401269.5815581,0.0,0,507036120.91430247,0.0,0,42952.60938
2024-01-31,546401269.5815581,0.0,0,507036120.91430247,0.0,0,42582.60547
2024-02-01,546401269.5815581,0.0,0,507036120.91430247,0.0,0,43075.77344
2024-02-02,547768994.711499,7.745497421986047,1,508305309.1152987,7.745497421986047,1,43185.85938
2024-02-03,547460798.9033849,7.693562286116679,1,508019317.0875937,7.693562286116679,1,42992.25
2024-02-04,548686882.1388375,7.899828153753555,1,509157067.8986377,7.899828153753555,1,42583.58203
2024-02-05,550965512.5060714,8.280727218455016,1,511271535.72058225,8.28072721845502,1,42658.66797
2024-02-06,548977711.616339,7.948619651639663,1,509426944.7425053,7.948619651639664,1,43084.67188
2024-02-07,550305805.0915636,8.170774018348066,1,510659356.5273556,8.170774018348066,1,44318.22266
2024-02-08,548818626.2266139,7.921936829633158,1,509279320.56337017,7.92193682963316,1,45301.56641
2024-02-09,549382805.0985281,8.016494754135723,1,509802853.51002,8.016494754135723,1,47147.19922
2024-02-10,551326480.6719642,15.83028960696149,2,511606498.153499,15.830289606961486,2,47771.27734
2024-02-11,554258268.002817,16.27551109452007,2,514327066.64104974,16.275511094520073,2,48293.91797
2024-02-12,556578436.5623746,16.624527359007974,2,516480080.06139976,16.624527359007978,2,49958.22266
2024-02-13,554945466.5213336,16.37918856953409,2,514964756.3583404,16.37918856953409,2,49742.44141
2024-02-14,557700981.8721958,16.79234622397229,2,517521752.27398115,16.79234622397229,2,51826.69531
2024-02-15,557015202.9423326,16.689903677590205,2,516885379.8719389,16.689903677590205,2,51938.55469
2024-02-16,556309794.2664719,16.584265298869745,2,515978556.1528897,31.60198966618169,4,52160.20312
2024-02-17,556977624.5894912,16.684282884120872,2,518079157.0439205,31.879315861413605,4,51662.99609
2024-02-18,557526861.8264964,16.76635981601597,2,519042414.46917546,32.00573665667182,4,52122.54688
2024-02-19,556568793.3526789,16.623082780771195,2,519288339.062421,32.03793738273845,4,51779.14453
2024-02-20,555757796.0031024,16.501413846269607,2,517172950.5667302,39.30569123284076,5,52284.875
2024-02-21,553668103.3973994,16.186267683791712,2,511470510.46662855,31.78953638600795,4,51839.17969
2024-02-22,552082074.6719747,15.94548647908123,2,508961615.085467,31.453297046859944,4,51304.97266
2024-02-23,551166687.9930997,15.80588736387252,2,507723680.3335868,31.286166087640666,4,50731.94922
2024-02-24,552844765.6417764,23.565655438075687,3,509922272.981538,39.077037095139325,5,51571.10156
2024-02-25,547837098.7833877,23.663348161782196,3,505022536.244257,39.2914628044362,5,51733.23828
2024-02-26,555433259.8302495,24.707335879259798,3,514535389.96901304,40.41385680384621,5,54522.40234
2024-02-27,555935224.9848627,24.775319147971793,3,516171619.93888247,40.6027409453223,5,57085.37109
2024-02-28,560890745.9045188,25.43993606732481,3,521017822.02261865,41.15521939890291,5,62504.78906
2024-02-29,559241377.703933,25.220036390035013,3,520565524.6156814,41.10409165336634,5,61198.38281
2024-03-01,564523563.7476277,33.35999689189721,4,529809589.77682066,49.511186329469304,6,62440.63281
2024-03-02,573000387.6343606,34.345852368349675,4,538941764.6662582,50.36670116730162,6,62029.84766
2024-03-03,563429319.3082926,49.31347590885652,6,529759334.6825591,57.94802573510158,7,63167.37109
2024-03-04,568450458.8108948,42.96688519833945,5,534752787.78079903,51.54754538527674,6,68330.41406
2024-03-05,538338663.6381352,27.254836316785635,3,510291587.81698036,43.17272023896484,5,63801.19922
2024-03-06,560215152.5976503,30.0955462882935,3,533561890.46839297,45.651135625294074,5,66106.80469
2024-03-07,556204264.168651,37.16071421118256,4,530390939.12289655,52.88620790950029,6,66925.48438
2024-03-08,557260361.1539361,52.28117839240234,6,530980292.3224788,60.445129734759405,7,68300.09375
2024-03-09,561691124.6342092,52.657596681436736,6,535963973.7804713,60.81293220499582,7,68498.88281
2024-03-10,560906504.4859147,45.863113525261454,5,534279032.91459477,53.96182948057393,6,69019.78906
2024-03-11,573653199.1607552,47.06604652301959,5,547738753.1148763,55.09313686059851,6,72123.90625
2024-03-12,592484503.7693291,56.024613562284344,6,562814861.0841589,63.60973983197318,7,71481.28906
2024-03-13,594231274.5794922,56.15388128123669,6,565906656.5961015,63.80855573518712,7,73083.5
2024-03-14,602262089.3954359,57.93210032379158,6,577062590.9033005,64.50821878918774,7,71396.59375
2024-03-15,585452139.5363895,49.886697553264256,5,562493251.2485154,56.81869232435002,6,69403.77344
2024-03-16,561660757.1123413,55.597276483620526,6,535941082.6220453,62.56667380982558,7,65315.11719
2024-03-17,589819052.5111493,43.71632573803483,4,563594208.392954,50.577011408892666,5,68390.625
2024-03-18,576476365.4677985,42.41362627572834,4,550036895.2738402,49.35883325144662,5,67548.59375
2024-03-19,550597677.1626055,39.70700422109758,4,520963243.51864576,46.532676771423326,5,61912.77344
2024-03-20,570993403.2398983,41.86065331635554,4,540024733.5634735,41.50824875898174,4,67913.67188
2024-03-21,557600865.5181034,40.464254132402075,4,527458373.4609704,40.11472000656532,4,65491.39062
2024-03-22,554516226.7475082,40.133071272313984,4,524543844.0571178,39.78197868975023,4,63778.76172
2024-03-23,556066112.7063068,40.29993436666774,4,525965701.1627151,39.94476767255978,4,64062.20312
2024-03-24,567713789.6267537,41.52478937165837,4,536885306.2676034,41.16621928213523,4,67234.17188
2024-03-25,578953242.1037146,50.029100466094825,5,547381613.9226882,49.66528176651129,5,69958.8125
2024-03-26,579109895.0820173,50.04261791814828,5,547467446.8719401,49.673173335846485,5,69987.83594
2024-03-27,576874432.2676564,49.84902662045842,5,545437476.7796614,49.485870560887356,5,69455.34375
2024-03-28,581223677.0488007,50.22430186792904,5,549559499.748421,49.86475656302222,5,70744.95312
2024-03-29,581077327.3295813,57.72865811878456,6,549485012.0610224,57.37397900166877,6,69892.82812
2024-03-30,575446014.4613929,50.51085428045563,5,544174481.2198501,50.1548342148771,5,69645.30469
2024-03-31,591595743.5654793,51.861838133291336,5,559357766.7633069,51.507838374371886,5,71333.64844
2024-04-01,576071204.5198073,50.56456313043898,5,544797212.7369444,50.21180982889183,5,69702.14844
2024-04-02,558465843.6331248,49.00613531143852,5,528282504.40248233,48.65537471638212,5,65446.97266
2024-04-03,560346996.940893,41.85647290514974,4,529963211.4005847,41.42730974060848,4,65980.8125
2024-04-04,569936419.0113406,42.83476241846812,4,538960212.9084808,42.40507872979127,4,68508.84375
2024-04-05,571043235.9229572,42.945562175354404,4,539870346.7623546,42.50217442688519,4,67837.64062
2024-04-06,574332761.766057,43.27234493994994,4,543026142.8551513,42.83632300458329,4,68896.10938
2024-04-07,572902556.3415339,43.130728884847194,4,541694889.0393069,42.695839192260806,4,69362.55469
2024-04-08,579654077.4099106,43.793113739953924,4,547934884.211033,43.348430763018314,4,71631.35938
2024-04-09,572724586.9751916,43.113057235375756,4,541438919.7927561,42.66874822718613,4,69139.01562
2024-04-10,568070425.8933567,42.646986510670594,4,537074091.8016665,42.202814278179716,4,70587.88281
2024-04-11,564041955.4974847,42.237362874159324,4,533316935.40655774,41.7956397604823,4,70060.60938
2024-04-12,538230569.2862552,39.4672977375557,4,509161076.4377209,39.03428116026507,4,67195.86719
2024-04-13,530387743.28341234,18.489738938377993,2,501798657.09945536,18.284708578760988,2,63821.47266
2024-04-14,530204480.2755442,0.0,0,501627096.53819734,0.0,0,65738.72656
2024-04-15,530204480.2755442,0.0,0,501627096.53819734,0.0,0,63426.21094
2024-04-16,530204480.2755442,0.0,0,501627096.53819734,0.0,0,63811.86328
2024-04-17,530204480.2755442,0.0,0,501627096.53819734,0.0,0,61276.69141
2024-04-18,530204480.2755442,0.0,0,501627096.53819734,0.0,0,63512.75391
2024-04-19,530204480.2755442,0.0,0,501627096.53819734,0.0,0,63843.57031
2024-04-20,530204480.2755442,0.0,0,501627096.53819734,0.0,0,64994.44141
2024-04-21,530204480.2755442,0.0,0,501627096.53819734,0.0,0,64926.64453
2024-04-22,530204480.2755442,0.0,0,501627096.53819734,0.0,0,66837.67969
2024-04-23,530204480.2755442,0.0,0,501627096.53819734,0.0,0,66407.27344
2024-04-24,526076838.39659905,0.0,0,497721929.5916475,0.0,0,64276.89844
2024-04-25,526076838.39659905,0.0,0,497721929.5916475,0.0,0,64481.70703
2024-04-26,526076838.39659905,0.0,0,497721929.5916475,0.0,0,63755.32031
2024-04-27,526076838.39659905,0.0,0,497721929.5916475,0.0,0,63419.14062
2024-04-28,526076838.39659905,0.0,0,497721929.5916475,0.0,0,63113.23047
2024-04-29,526076838.39659905,0.0,0,497721929.5916475,0.0,0,63841.12109
2024-04-30,526076838.39659905,0.0,0,497721929.5916475,0.0,0,60636.85547
2024-05-01,526076838.39659905,0.0,0,497721929.5916475,0.0,0,58254.01172
2024-05-02,526076838.39659905,0.0,0,497721929.5916475,0.0,0,59123.43359
2024-05-03,526076838.39659905,0.0,0,497721929.5916475,0.0,0,62889.83594
2024-05-04,526076838.39659905,0.0,0,497721929.5916475,0.0,0,63891.47266
2024-05-05,526076838.39659905,0.0,0,497721929.5916475,0.0,0,64031.13281
2024-05-06,526076838.39659905,0.0,0,497721929.5916475,0.0,0,63161.94922
2024-05-07,526076838.39659905,0.0,0,497721929.5916475,0.0,0,62334.81641
2024-05-08,526076838.39659905,0.0,0,497721929.5916475,0.0,0,61187.94141
2024-05-09,526076838.39659905,0.0,0,497721929.5916475,0.0,0,63049.96094
2024-05-10,526076838.39659905,0.0,0,497721929.5916475,0.0,0,60792.77734
2024-05-11,526076838.39659905,0.0,0,497721929.5916475,0.0,0,60793.71094
2024-05-12,526076838.39659905,0.0,0,497721929.5916475,0.0,0,61448.39453
2024-05-13,526076838.39659905,0.0,0,497721929.5916475,0.0,0,62901.44922
2024-05-14,526076838.39659905,0.0,0,497721929.5916475,0.0,0,61552.78906
2024-05-15,526076838.39659905,0.0,0,497721929.5916475,0.0,0,66267.49219
2024-05-16,525822586.23772806,7.470374956145341,1,497481381.3183158,7.4703749561453385,1,65231.58203
2024-05-17,525937373.97718096,7.490569882417438,1,497589982.1366831,7.490569882417436,1,67051.875
2024-05-18,525395441.00612044,7.395148593228609,1,497077258.7009058,7.395148593228608,1,66940.80469
2024-05-19,524689332.53167754,7.270524236874075,1,496409208.623902,7.270524236874073,1,66278.36719
2024-05-20,527140684.06559306,7.701742220084864,1,498728435.2587155,7.7017422200848635,1,71448.19531
2024-05-21,524075974.36102057,14.720400705677585,2,496587710.19477034,7.303856429253583,1,70136.53125
2024-05-22,522923479.6415804,29.595574434948674,4,496026274.36416626,22.245948675009416,3,69122.33594
2024-05-23,516803046.01608926,21.930481426244903,3,490854339.9494942,14.611500614428847,2,67929.5625
2024-05-24,518301202.9702792,22.156142473318027,3,491959590.4076116,14.803336854445359,2,68526.10156
2024-05-25,520449193.27840513,22.47741850501129,3,493604664.0184112,15.087278219844832,2,69265.94531
2024-05-26,517767185.7536464,22.07585550019157,3,491458511.52697957,14.716472454701995,2,68518.09375
2024-05-27,518546894.5446961,22.193025501864945,3,491737689.75781375,14.764891164179236,2,69394.55469
2024-05-28,517241627.9805963,21.996678501213275,3,491077564.58250105,14.650314882913209,2,68296.21875
2024-05-29,515786940.3003144,21.776683650744037,3,490076662.010196,14.476001911084033,2,67578.09375
2024-05-30,511713060.0652367,21.803075982907078,3,485798896.1497906,14.402161860813539,2,68364.99219
2024-05-31,509959160.79121244,14.720649527435869,2,484591967.25279504,7.376226294229762,1,67491.41406
2024-06-01,510573020.868835,14.823180578942669,2,485060626.0821107,7.465718095908999,1,67706.9375
2024-06-02,510707208.9638468,14.845560750862447,2,485164357.53028196,7.485502556408649,1,67751.60156
2024-06-03,512777648.5210796,15.189388372842236,2,486573995.1392883,7.753523281473237,1,68804.78125
2024-06-04,517551962.9138529,15.971749474270114,2,490173520.51914495,8.430923263828523,1,70567.76562
2024-06-05,518643392.0321616,16.148577870800878,2,490937648.5699979,8.573447473020112,1,71082.82031
2024-06-06,519198855.3273843,16.238286056339206,2,491634726.1112259,8.70307907358373,1,70757.16406
2024-06-07,516693480.83434784,15.832137209118224,2,490002455.52415514,8.398955539021227,1,69342.58594
2024-06-08,516628886.9426908,15.821613736762094,2,489960551.2524523,8.391121285741965,1,69305.77344
2024-06-09,516223992.26410747,15.755589334253736,2,489397460.77965325,8.285718027732363,1,69647.99219
2024-06-10,513039091.4397061,15.232607562577035,2,486450767.17597866,7.730155355640777,1,69512.28125
2024-06-11,510445264.1490257,14.80186211089661,2,485136141.9916715,7.48012190931044,1,67332.03125
2024-06-12,510874569.1583419,7.3914361016206716,1,485066238.74873304,0.0,0,68241.1875
2024-06-13,510052967.5237042,7.242260717248798,1,485066238.74873304,0.0,0,66756.39844
2024-06-14,509640556.38187695,7.16719933390346,1,485066238.74873304,0.0,0,66011.09375
2024-06-15,509565099.3715929,0.0,0,485066238.74873304,0.0,0,66191.0
2024-06-16,509565099.3715929,0.0,0,485066238.74873304,0.0,0,66639.04688
2024-06-17,509565099.3715929,0.0,0,485066238.74873304,0.0,0,66490.29688
2024-06-18,509565099.3715929,0.0,0,485066238.74873304,0.0,0,65140.74609
2024-06-19,509565099.3715929,0.0,0,485066238.74873304,0.0,0,64960.29688
2024-06-20,509565099.3715929,0.0,0,485066238.74873304,0.0,0,64828.65625
2024-06-21,509565099.3715929,0.0,0,485066238.74873304,0.0,0,64096.19922
2024-06-22,509565099.3715929,0.0,0,485066238.74873304,0.0,0,64252.57812
2024-06-23,509565099.3715929,0.0,0,485066238.74873304,0.0,0,63180.79688
2024-06-24,509565099.3715929,0.0,0,485066238.74873304,0.0,0,60277.41406
2024-06-25,509565099.3715929,0.0,0,485066238.74873304,0.0,0,61804.64062
2024-06-26,509565099.3715929,0.0,0,485066238.74873304,0.0,0,60811.27734
2024-06-27,509565099.3715929,0.0,0,485066238.74873304,0.0,0,61604.80078
2024-06-28,509565099.3715929,0.0,0,485066238.74873304,0.0,0,60320.13672
2024-06-29,509565099.3715929,0.0,0,485066238.74873304,0.0,0,60887.37891
2024-06-30,509565099.3715929,0.0,0,485066238.74873304,0.0,0,62678.29297
2024-07-01,509565099.3715929,0.0,0,485066238.74873304,0.0,0,62851.98047
2024-07-02,509565099.3715929,0.0,0,485066238.74873304,0.0,0,62029.01562
2024-07-03,509565099.3715929,0.0,0,485066238.74873304,0.0,0,60173.92188
2024-07-04,509565099.3715929,0.0,0,485066238.74873304,0.0,0,56977.70312
2024-07-05,509565099.3715929,0.0,0,485066238.74873304,0.0,0,56662.375
2024-07-06,509565099.3715929,0.0,0,485066238.74873304,0.0,0,58303.53906
2024-07-07,509565099.3715929,0.0,0,485066238.74873304,0.0,0,55849.10938
2024-07-08,509565099.3715929,0.0,0,485066238.74873304,0.0,0,56705.09766
2024-07-09,509565099.3715929,0.0,0,485066238.74873304,0.0,0,58009.22656
2024-07-10,509565099.3715929,0.0,0,485066238.74873304,0.0,0,57742.49609
2024-07-11,509565099.3715929,0.0,0,485066238.74873304,0.0,0,57344.91406
2024-07-12,509565099.3715929,0.0,0,485066238.74873304,0.0,0,57899.46484
2024-07-13,509565099.3715929,0.0,0,485066238.74873304,0.0,0,59231.95312
2024-07-14,509565099.3715929,0.0,0,485066238.74873304,0.0,0,60787.79297
2024-07-15,509565099.3715929,0.0,0,485066238.74873304,0.0,0,64870.15234
2024-07-16,509565099.3715929,0.0,0,485066238.74873304,0.0,0,65097.14844
2024-07-17,509565099.3715929,0.0,0,485066238.74873304,0.0,0,64118.79297
2024-07-18,509565099.3715929,0.0,0,485066238.74873304,0.0,0,63974.06641
2024-07-19,509565099.3715929,0.0,0,485066238.74873304,0.0,0,66710.15625
2024-07-20,509565099.3715929,0.0,0,485066238.74873304,0.0,0,67163.64844
2024-07-21,509565099.3715929,0.0,0,485066238.74873304,0.0,0,68154.52344
2024-07-22,509565099.3715929,0.0,0,485066238.74873304,0.0,0,67585.25
2024-07-23,509565099.3715929,0.0,0,485066238.74873304,0.0,0,65927.67188
2024-07-24,509565099.3715929,0.0,0,485066238.74873304,0.0,0,65372.13281
2024-07-25,509565099.3715929,0.0,0,485066238.74873304,0.0,0,65777.22656
2024-07-26,509565099.3715929,0.0,0,485066238.74873304,0.0,0,67912.0625
2024-07-27,509565099.3715929,0.0,0,485066238.74873304,0.0,0,67813.33594
2024-07-28,509565099.3715929,0.0,0,485066238.74873304,0.0,0,68255.86719
2024-07-29,509565099.3715929,0.0,0,485066238.74873304,0.0,0,66819.91406
2024-07-30,509565099.3715929,0.0,0,485066238.74873304,0.0,0,66201.01562
2024-07-31,509565099.3715929,0.0,0,485066238.74873304,0.0,0,64619.25
2024-08-01,509565099.3715929,0.0,0,485066238.74873304,0.0,0,65357.5
2024-08-02,509565099.3715929,0.0,0,485066238.74873304,0.0,0,61415.06641
2024-08-03,509565099.3715929,0.0,0,485066238.74873304,0.0,0,60680.09375
2024-08-04,509565099.3715929,0.0,0,485066238.74873304,0.0,0,58116.97656
2024-08-05,509565099.3715929,0.0,0,485066238.74873304,0.0,0,53991.45703
2024-08-06,509565099.3715929,0.0,0,485066238.74873304,0.0,0,56034.31641
2024-08-07,509565099.3715929,0.0,0,485066238.74873304,0.0,0,55027.46094
2024-08-08,509565099.3715929,0.0,0,485066238.74873304,0.0,0,61710.13672
2024-08-09,509565099.3715929,0.0,0,485066238.74873304,0.0,0,60880.11328
2024-08-10,509565099.3715929,0.0,0,485066238.74873304,0.0,0,60945.8125
2024-08-11,509565099.3715929,0.0,0,485066238.74873304,0.0,0,58719.48438
2024-08-12,509565099.3715929,0.0,0,485066238.74873304,0.0,0,59354.51562
2024-08-13,509565099.3715929,0.0,0,485066238.74873304,0.0,0,60609.56641
2024-08-14,509565099.3715929,0.0,0,485066238.74873304,0.0,0,58737.26953
2024-08-15,509565099.3715929,0.0,0,485066238.74873304,0.0,0,57560.09766
2024-08-16,509565099.3715929,0.0,0,485066238.74873304,0.0,0,58894.10547
2024-08-17,509565099.3715929,0.0,0,485066238.74873304,0.0,0,59478.97266
2024-08-18,509565099.3715929,0.0,0,485066238.74873304,0.0,0,58483.96484
2024-08-19,509565099.3715929,0.0,0,485066238.74873304,0.0,0,59493.45312
2024-08-20,509565099.3715929,0.0,0,485066238.74873304,0.0,0,59012.79297
2024-08-21,509565099.3715929,0.0,0,485066238.74873304,0.0,0,61175.19141
2024-08-22,509565099.3715929,0.0,0,485066238.74873304,0.0,0,60381.91406
2024-08-23,509565099.3715929,0.0,0,485066238.74873304,0.0,0,64094.35547
2024-08-24,509622588.124844,7.524999718252574,1,485120963.55885893,7.524999718252574,1,64178.99219
2024-08-25,509656206.0482849,7.531099550733317,1,485152965.2004512,7.531099550733317,1,64333.54297
2024-08-26,509577028.75367236,7.516731875268672,1,485077594.5902203,7.516731875268673,1,62880.66016
2024-08-27,508673066.2521339,7.352379933027161,1,484217092.77969223,7.352379933027161,1,59504.13281
2024-08-28,508846590.6751201,7.383974179913707,1,484382274.498952,7.383974179913707,1,59027.625
2024-08-29,509128886.5595019,7.435326840520901,1,484650998.1674689,7.435326840520901,1,59388.17969
2024-08-30,509036895.77463114,7.418598982469886,1,484563430.1137073,7.418598982469887,1,59119.47656
2024-08-31,509249666.0548754,7.457280540756431,1,484765970.8286873,7.457280540756432,1,58969.89844
2024-09-01,508898659.9686953,7.393450430133129,1,484431840.4060755,7.393450430133129,1,57325.48828
2024-09-02,509176219.85390514,7.443931702168316,1,484696055.77269363,7.443931702168316,1,59112.48047
2024-09-03,509149418.0518887,7.439059518620645,1,484670542.5471767,7.439059518620647,1,57431.02344
2024-09-04,509056968.00338495,7.422249487573201,1,484582537.31024987,7.422249487573201,1,57971.53906
2024-09-05,508953405.1360031,7.403411579815675,1,484483953.53632796,7.403411579815675,1,56160.48828
2024-09-06,508273828.2713009,7.279607252815942,1,483837049.3544908,7.279607252815942,1,53948.75391
2024-09-07,508750030.32179666,7.36639573147422,1,484290356.57235813,7.36639573147422,1,54139.6875
2024-09-08,508873126.2368435,7.388803710386073,1,484407534.28447133,7.388803710386073,1,54841.56641
2024-09-09,508908255.1236775,7.395196470183661,1,484440974.245389,7.395196470183659,1,57019.53516
2024-09-10,509276847.2379674,7.462219741537092,1,484791845.19540405,7.462219741537092,1,57648.71094
2024-09-11,509407754.4038075,7.486000020580845,1,484916458.60915166,7.486000020580845,1,57343.17188
2024-09-12,509579235.3130177,7.517132342566847,1,485079695.0626497,7.517132342566847,1,58127.01172
2024-09-13,509581634.93060154,7.517567843966855,1,485081979.31146747,7.517567843966856,1,60571.30078
2024-09-14,509549557.9832227,7.511745929173188,1,485051444.55892116,7.511745929173186,1,60005.12109
2024-09-15,509405045.27184975,7.485508010075244,1,484913879.72678584,7.485508010075242,1,59182.83594
2024-09-16,509193572.9697439,7.44708597641688,1,484712574.5857773,7.44708597641688,1,58192.50781
2024-09-17,509431877.01673836,7.490380742543625,1,484939421.455582,7.490380742543626,1,60308.53906
2024-09-18,509318396.2185884,7.469768753053706,1,484831396.5849685,7.469768753053706,1,61649.67969
2024-09-19,510467608.64099157,7.6780814635896935,1,485925357.19558704,7.678081463589692,1,62940.45703
2024-09-20,510387020.19255966,7.663504133295714,1,485848643.27696174,7.663504133295714,1,63192.97656
2024-09-21,510752131.0466335,7.729510821900208,1,486196200.3387196,7.729510821900207,1,63394.83984
2024-09-22,510603151.92663306,7.702588982056685,1,486054383.8338611,7.702588982056686,1,63648.71094
2024-09-23,510351987.7999465,7.657165824730143,1,485815295.17101765,7.657165824730145,1,63329.80078
2024-09-24,510437941.292154,7.672715587856311,1,485897116.19295156,7.672715587856311,1,64301.96875
2024-09-25,510439405.6661132,7.672980460962727,1,485898510.1627689,7.672980460962727,1,63143.14453
2024-09-26,510468740.22330916,7.6782861183360165,1,485926434.3737126,7.678286118336018,1,65181.01953
2024-09-27,511583672.4543411,7.879489675003414,1,486987762.9153128,7.879489675003414,1,65790.66406
2024-09-28,511733210.71734524,7.906409055673935,1,487130111.68070877,7.906409055673935,1,65887.64844
2024-09-29,511885541.3102174,7.933814930964672,1,487275118.5263934,7.933814930964672,1,65635.30469
2024-09-30,511209442.3903783,7.8120530010835925,1,486631525.076856,7.812053001083593,1,63329.5
2024-10-01,510968322.70134956,7.768550638755022,1,486401997.9353982,7.768550638755022,1,60837.00781
2024-10-02,510775787.730327,7.733784348228517,1,486218719.65684915,7.733784348228517,1,60632.78516
2024-10-03,510856991.89215374,7.748450685042621,1,486296019.686613,7.748450685042621,1,60759.40234
2024-10-04,511145817.62595534,7.800577926441125,1,486570959.26258034,7.800577926441127,1,62067.47656
2024-10-05,511329143.5584725,7.833634021995452,1,486745471.2545925,7.8336340219954534,1,62089.94922
2024-10-06,511352111.27691966,7.837773735311178,1,486767334.731533,7.837773735311178,1,62818.95312
2024-10-07,511765896.71251446,7.912290984673231,1,487161226.1992581,7.912290984673233,1,62236.66016
2024-10-08,511925855.51379734,7.941065150674661,1,487313494.5045026,7.941065150674661,1,62131.96875
2024-10-09,511697968.6548303,7.900066313884641,1,487096563.98536825,7.900066313884641,1,60582.10156
2024-10-10,511884163.4495216,7.933567112440722,1,487273806.91045654,7.933567112440722,1,60274.5
2024-10-11,524186372.4658007,10.094288108368332,1,498984550.5685021,10.09428810836833,1,62445.08984
2024-10-12,524302815.33989096,10.114255347115671,1,499095395.10442835,10.114255347115671,1,63193.02344
2024-10-13,524677521.348947,10.178448546327484,1,499452086.0054997,10.178448546327482,1,62851.375
2024-10-14,527508344.4892057,10.6604673219645,1,502146808.88762325,10.6604673219645,1,66046.125
2024-10-15,528527139.0569692,10.832679160965448,1,503116621.8706005,10.832679160965446,1,67041.10938
2024-10-16,528369376.8689728,10.80605530226132,1,502966444.56991297,10.80605530226132,1,67612.71875
2024-10-17,530782304.30371547,11.211529475814306,1,505263363.32786494,11.211529475814306,1,67399.83594
2024-10-18,533000020.893703,11.580962226963058,1,507374456.5841388,11.580962226963058,1,68418.78906
2024-10-19,532924990.5123866,11.568513731888059,1,507303033.5119899,11.568513731888059,1,68362.73438
2024-10-20,533790728.913555,11.711937979234062,1,508127148.9596785,11.711937979234062,1,69001.70312
2024-10-21,533479670.94618964,11.66045953195584,1,507831046.03102654,11.66045953195584,1,67367.85156
2024-10-22,534713072.9185262,11.864228934588695,1,509005148.52808595,11.864228934588695,1,67361.40625
2024-10-23,535096365.5870883,11.927361104904183,1,509370013.25942,11.927361104904183,1,66432.19531
2024-10-24,536210718.71320194,12.110393664777948,1,510430790.5382965,12.110393664777948,1,68161.05469
2024-10-25,535657935.35926884,12.01969415645598,1,509904583.89136183,12.01969415645598,1,66642.41406
2024-10-26,536457130.1941548,12.150764100435289,1,510665355.0530125,12.150764100435289,1,67014.69531
2024-10-27,535994307.4076268,12.074907645261277,1,510224783.85112834,12.074907645261277,1,67929.29688
2024-10-28,537245308.7741803,12.279645423132417,1,511415639.59908277,12.279645423132418,1,69907.75781
2024-10-29,537731029.4124538,12.358881294384277,1,511878007.7702557,12.358881294384275,1,72720.49219
2024-10-30,536945227.137846,12.230621302587437,1,511129985.2816388,12.230621302587439,1,72339.53906
2024-10-31,536731984.2627599,12.195750649809668,1,510926994.69322234,12.19575064980967,1,70215.1875
2024-11-01,537816663.3744316,12.372835968417311,1,511959524.6243278,12.372835968417311,1,69482.46875
2024-11-02,537276533.7456418,12.28474347859588,1,511445363.3369929,12.284743478595884,1,69289.27344
2024-11-03,537679768.8556135,12.350525888793095,1,511829211.7174385,12.350525888793095,1,68741.11719
2024-11-04,537432192.4992195,12.310148818451651,1,511593538.3321395,12.310148818451653,1,67811.50781
2024-11-05,537912947.5065047,12.388520858461165,1,512051179.609831,12.388520858461167,1,69359.5625
2024-11-06,538733928.5727333,12.522032712355443,1,512832689.564831,12.522032712355442,1,75639.07812
2024-11-07,540689926.9131322,27.814049037297377,3,514694647.4562684,27.814049037297384,3,75904.85938
2024-11-08,543019365.1507124,28.123711500885463,3,516912091.0090038,28.123711500885463,3,76545.47656
2024-11-09,551666643.1945263,29.250359738687408,3,525143625.39254004,29.250359738687408,3,76778.86719
2024-11-10,558639972.6795971,30.133505551053645,3,531781691.28255177,30.133505551053645,3,80474.1875
2024-11-11,565521510.7364146,30.98367469814897,3,538332378.8907555,30.98367469814897,3,88701.48438
2024-11-12,562248218.0850137,30.58187594953457,3,535216459.53776824,30.58187594953457,3,87955.8125
2024-11-13,562444626.8658979,24.15360442196917,2,535403425.3812262,24.15360442196917,2,90584.16406
2024-11-14,562282616.5718486,24.131750826485288,2,535249204.21484333,24.131750826485295,2,87250.42969
2024-11-15,568264000.5850174,24.930318274443284,2,540943015.3674471,24.93031827444328,2,91066.00781
2024-11-16,569846905.0253419,25.13884469002824,2,542449816.9598515,25.13884469002824,2,90558.47656
2024-11-17,565492497.6257005,25.34689181967599,2,538304760.6717963,25.346891819675992,2,89845.85156
2024-11-18,563859280.9478173,25.130659320796177,2,536750065.75258094,25.130659320796184,2,90542.64062
2024-11-19,570678186.7811992,26.02525630334147,2,543241132.3681309,26.025256303341475,2,92343.78906
2024-11-20,567579243.6363028,25.62135935424668,2,540291180.1495726,25.621359354246685,2,94339.49219
2024-11-21,572223071.7526689,26.22497294436268,2,544711742.3909411,26.224972944362683,2,98504.72656
2024-11-22,570563149.0694908,33.547660006095434,3,543131625.4372177,33.54766000609543,3,98997.66406
2024-11-23,589671864.6315079,50.244100028733996,5,561321632.5558718,50.244100028733996,5,97777.28125
2024-11-24,585839520.4595594,43.357718615229516,4,557673539.750124,43.35771861522951,4,98013.82031
2024-11-25,571291083.9617598,41.91527244907859,4,543824562.6903425,41.91527244907861,4,93102.29688
2024-11-26,568856295.0047799,34.889881785046434,3,541506833.4679809,34.88988178504644,3,91985.32031
2024-11-27,573703421.1225493,35.43998649579269,3,546120919.5535206,35.43998649579269,3,95962.53125
2024-11-28,574625964.2367527,35.543635477248465,3,546999108.6583908,35.54363547724847,3,95652.46875
2024-11-29,582418620.1211092,36.406049986211094,3,554417109.3895034,36.406049986211116,3,97461.52344
2024-11-30,582649353.0512102,43.94319082850908,4,554636749.1464207,43.94319082850909,4,96449.05469
2024-12-01,594688185.6231115,59.80373513477842,6,568336767.1545728,45.29446588145688,4,97279.78906
2024-12-02,609010115.6518114,61.64259435939502,6,573393047.7886775,53.22581935670835,5,95865.30469
2024-12-03,605941513.8423319,61.44834524183692,6,570547877.1478205,60.5452718309852,6,96002.16406
2024-12-04,591508958.0235765,61.30535053061258,6,557305335.5697316,60.40491094466468,6,98768.53125
2024-12-05,604676714.998081,62.14798549205334,6,569567086.3461254,61.257321706459635,6,96593.57031
2024-12-06,610967079.9034536,62.53770040712876,6,575750836.3860855,61.67343059125019,6,99920.71094
2024-12-07,616838025.4410233,62.89425936029094,6,581348114.9967335,62.0424426885412,6,99923.33594
2024-12-08,616711082.3390074,62.886621557186196,6,580706959.3399432,62.00053393887535,6,101236.0156
2024-12-09,568044486.531854,45.744594548799036,4,544937063.8520577,45.39177411557272,4,97432.71875
2024-12-10,572605122.5407066,46.17672333360232,4,549278433.6943885,45.82338491704422,4,96675.42969
2024-12-11,585382473.5230922,47.351543093492985,4,561441475.4526281,46.99706456200245,4,101173.0312
2024-12-12,586483665.4379568,47.45039675045246,4,562489724.2847059,47.095840171175105,4,100043.0
2024-12-13,592994776.1294916,48.02739387981559,4,568687793.9270625,47.67243715548013,4,101459.2578
2024-12-14,585539577.7463162,47.36566903004892,4,561591026.4221604,47.011179175680134,4,101372.9688
2024-12-15,593276205.8323011,48.05204788574209,4,568955693.0582674,47.69707617183088,4,104298.6953
2024-12-16,590340510.1635425,47.79371667621615,4,566161139.7069649,47.43891060585334,4,106029.7188
2024-12-17,593704859.7166808,48.08955421754132,4,569363738.1297951,47.73456003120814,4,106140.6016
2024-12-18,576610563.8700655,46.55060822290116,4,553091301.4958861,46.19686443242485,4,100041.5391
2024-12-19,568237438.2708616,45.76301761304527,4,545120738.861229,45.41017401430178,4,97490.95312
2024-12-20,576206452.7864381,46.513122541292056,4,552706619.2568285,46.15941760270121,4,97755.92969
2024-12-21,569138931.1783969,45.848926786130164,4,545978889.8108449,45.495976436122916,4,97224.72656
2024-12-22,567276057.4198474,45.671100466884056,4,544205579.259479,45.318373405648245,4,95104.9375
2024-12-23,577312329.1742172,46.6155798626561,4,553759327.3418262,46.26176967803813,4,94686.24219
2024-12-24,583202206.0611606,47.154719905375394,4,559366030.8459828,46.80040503956991,4,98676.09375
2024-12-25,578422695.1404898,46.718058973084666,4,554816309.1554524,46.36414650296102,4,99299.19531
2024-12-26,565164007.0392599,45.46807024644073,4,542195071.99471,45.115609099597144,4,95795.51562
2024-12-27,561877384.870985,37.25442374714771,3,539066463.9810934,36.96395739599948,3,94164.85938
2024-12-28,565755861.2443942,37.684569065478776,3,542758471.0452458,37.392747598282256,3,95163.92969
2024-12-29,561488203.1461899,37.21093319569443,3,538695993.3274539,36.92060640732384,3,93530.22656
2024-12-30,561521816.76981,37.21469185296469,3,538727990.8759519,36.924352984427486,3,92643.21094
2024-12-31,561110821.5460427,37.16870367954097,3,538336755.472306,36.87851285560569,3,93429.20312
2025-01-01,570314632.1936321,38.18268319441295,3,547098065.4962608,37.88934976570053,3,94419.75781
2025-01-02,573223612.5918837,38.496392118661305,3,549867187.9932954,38.20213802189188,3,96886.875
2025-01-03,586044329.8899013,39.841888234292874,3,562071511.1023144,39.543962078315346,3,98107.42969
2025-01-04,591810668.1826746,40.42804195227295,3,567560615.4983529,40.12865646066181,3,98236.22656
2025-01-05,592176499.0365202,40.46484391978316,3,567908857.9437479,40.16536964587029,3,98314.96094
2025-01-06,595409701.7254303,40.78813261690284,3,570986614.7786566,40.487892867553946,3,102078.0859
2025-01-07,585952547.6246604,39.83246520542671,3,561984141.5429801,39.53456320563931,3,96922.70312
2025-01-08,588959138.5802014,40.13961582773754,3,564846181.6788895,39.840937777255235,3,95043.52344
2025-01-09,582820647.9021232,39.5091432946345,3,559002817.2324595,39.212083477265594,3,92484.03906
2025-01-10,592368773.4886458,40.484168182016155,3,568091888.2286222,40.184647424106515,3,94701.45312
2025-01-11,595188113.1354245,40.76608803315618,3,570775679.7204348,40.46589965686033,3,94566.59375
2025-01-12,589809519.6937184,40.2259218951174,3,565655678.1862943,39.92702999313153,3,94488.4375
2025-01-13,590907388.0124657,40.3369783279273,3,566700763.2140423,40.03781396520606,3,94516.52344
2025-01-14,591863637.502533,40.433373393335486,3,567611038.1603138,40.133975019170144,3,96534.04688
2025-01-15,608528297.355394,42.0646164683025,3,583474494.8311554,41.761607592233574,3,100504.4922
2025-01-16,608904790.2624197,57.12128254912021,5,583772589.505476,49.30261623543191,4,99756.90625
2025-01-17,622050839.1172458,72.73969959688048,7,591588900.9418175,57.388077840710984,5,104462.0391
2025-01-18,616083471.2154992,72.4756570617081,7,591094113.1459758,57.35240863241932,5,104408.0703
2025-01-19,587324839.994272,65.04723081200807,6,568573613.0246689,41.8335419205746,3,101089.6094
2025-01-20,587844204.7524331,58.017926797264465,5,570414997.1812778,42.02131186856471,3,102016.6641
2025-01-21,590277914.8577821,45.13374962895303,4,572545248.916213,29.42256760944449,2,106146.2656
2025-01-22,588538626.8757877,44.97160528441947,4,572317147.9043734,29.394438478943545,2,103653.0703
2025-01-23,585222707.5929985,37.650743724384164,3,570078685.2532828,29.117199710835674,2,103960.1719
2025-01-24,585792581.6667378,37.711398682777954,3,570693560.587606,29.19357009335882,2,104819.4844
2025-01-25,585763428.616477,37.70829862115554,3,570328858.5960749,29.14829227581382,2,104714.6484
2025-01-26,583813996.8102243,37.50029842829104,3,568579486.2462108,28.930299855349183,2,102682.5
2025-01-27,583103224.2595497,37.424114537593255,3,568316044.6677982,28.897355661429124,2,102087.6875
2025-01-28,584002838.9442308,37.520508222203894,3,568922810.7138163,28.973187864944784,2,101332.4766
2025-01-29,584869809.3451726,37.613123483193135,3,569505178.1864547,29.045818820126566,2,103703.2109
2025-01-30,586794740.3038423,37.817778402151205,3,571317250.2643661,29.27086732070594,2,104735.3047
2025-01-31,583433068.07352,37.459491806817354,3,568183945.6875259,28.880824770538823,2,102405.0234
2025-02-01,579266154.1547288,37.00961067323254,3,564600760.8734775,28.429473716254716,2,100655.9062
2025-02-02,570945017.1690681,36.09156840540255,3,556685388.9818183,27.41183010061437,2,97688.97656
2025-02-03,572483322.8392626,25.329615803906457,2,557623115.7985693,16.848522755576266,1,101405.4219
2025-02-04,570706085.4585462,25.097084556374483,2,555959265.870202,16.5996707479742,1,97871.82031
2025-02-05,569843040.1085776,24.98364171628928,2,554836544.6534611,16.43090875845365,1,96615.44531
2025-02-06,570183339.4067931,25.02841330520521,2,555500091.2290335,16.530732296185814,1,96593.29688
2025-02-07,569833161.0933236,24.982341181679534,2,555132989.7543472,16.47553526803116,1,96529.08594
2025-02-08,569104601.74963,24.88630467783457,2,554232464.5226746,16.339823463386384,1,96482.45312
2025-02-09,569483388.6116242,24.93626589094957,2,554349084.6269284,16.357423309368215,1,96500.09375
2025-02-10,570642362.7875934,25.088720274040277,2,555523827.1189482,16.53429869109594,1,97437.55469
2025-02-11,569286667.1100872,24.91032702510563,2,554482667.1057875,16.37757395319413,1,95747.42969
2025-02-12,569570731.8341017,24.947776855368616,2,554681348.9817016,16.40752675493511,1,97885.85938
2025-02-13,568426250.7589445,24.796665169511712,2,553902348.2122376,16.289963431382713,1,96623.86719
2025-02-14,568499699.0606551,24.80638119440214,2,553648654.3096147,16.25160566477299,1,97508.96875
2025-02-15,568155697.731772,8.157651092689381,1,553468605.8634179,0.0,0,97580.35156
2025-02-16,567716174.206407,8.086547124186154,1,553468605.8634179,0.0,0,96175.03125
2025-02-17,568086429.3660202,8.146452498449566,1,553468605.8634179,0.0,0,95773.38281
2025-02-18,568008541.9173137,8.133857197601825,1,553468605.8634179,0.0,0,95539.54688
2025-02-19,567294610.4821868,8.018245087141718,1,553468605.8634179,0.0,0,96635.60938
2025-02-20,567860375.8078506,8.109887486823803,1,553468605.8634179,0.0,0,98333.9375
2025-02-21,567822422.0849202,8.103745475281595,1,553468605.8634179,0.0,0,96125.54688
2025-02-22,567709232.9358975,8.08542331625269,1,553468605.8634179,0.0,0,96577.75781
2025-02-23,567930212.4648381,8.121186935466064,1,553468605.8634179,0.0,0,96273.92188
2025-02-24,563077146.5905976,7.32929911876265,1,553468605.8634179,0.0,0,91418.17188
2025-02-25,562994607.3739116,0.0,0,553468605.8634179,0.0,0,88736.17188
2025-02-26,562994607.3739116,0.0,0,553468605.8634179,0.0,0,84347.02344
2025-02-27,562994607.3739116,0.0,0,553468605.8634179,0.0,0,84704.22656
2025-02-28,562994607.3739116,0.0,0,553468605.8634179,0.0,0,84373.00781
2025-03-01,562994607.3739116,0.0,0,553468605.8634179,0.0,0,86031.91406
2025-03-02,562994607.3739116,0.0,0,553468605.8634179,0.0,0,94248.35156
2025-03-03,552692483.1104122,7.3771546700424615,1,543340795.9716905,7.37715467004246,1,86065.67188
2025-03-04,551020931.0243118,14.633975373404216,2,541697526.9410377,14.633975373404216,2,87222.19531
2025-03-05,553085281.7343886,14.95259787046604,2,543726948.3503275,14.95259787046604,2,90623.5625
2025-03-06,552030851.9498867,14.790149497185556,2,542690359.7664132,14.790149497185556,2,89961.72656
2025-03-07,551154172.4602256,14.654612596649253,2,541828513.9004375,14.654612596649255,2,86742.67188
2025-03-08,550622248.5719552,14.572165419058338,2,541305590.289784,14.572165419058337,2,86154.59375
2025-03-09,549795525.3404772,14.44370825233405,2,540492855.4103234,14.443708252334048,2,80601.03906
2025-03-10,548949431.2545092,7.4029856317871445,1,539661077.4357984,7.402985631787143,1,78532.0
2025-03-11,549512839.4010344,7.497924109104294,1,540214952.5836331,7.497924109104293,1,82862.21094
2025-03-12,548789033.4439888,7.375921755761433,1,539503393.5940535,7.375921755761435,1,83722.35938
2025-03-13,548807632.9404659,7.3790608542608025,1,539521678.3826646,7.3790608542608025,1,81066.70312
2025-03-14,549246184.302856,7.453015012175916,1,539952809.3525928,7.453015012175915,1,83969.10156
2025-03-15,549213108.3657179,7.44744144116833,1,539920293.0681105,7.447441441168329,1,84343.10938
2025-03-16,549289394.9353956,7.460295352553563,1,539995288.851041,7.460295352553563,1,82579.6875
2025-03-17,549265499.4730947,7.456269468849118,1,539971797.7055967,7.456269468849117,1,84075.6875
2025-03-18,549019447.7512552,7.41479453688467,1,539729909.2369095,7.414794536884668,1,82718.5
2025-03-19,549255181.8798594,7.454531062731902,1,539961654.6884718,7.454531062731902,1,86854.22656
2025-03-20,548936402.0622681,7.400787810151295,1,539648268.7005622,7.400787810151294,1,84167.19531
2025-03-21,548960957.536854,7.404929848980078,1,539672408.690728,7.404929848980078,1,84043.24219
2025-03-22,548925722.6590126,7.398986283483279,1,539637769.9953278,7.398986283483279,1,83832.48438
2025-03-23,549040973.5463653,7.418424448419593,1,539751070.8104905,7.418424448419593,1,86054.375
2025-03-24,549045148.2946875,7.419128406515594,1,539755174.9210868,7.419128406515593,1,87498.91406
2025-03-25,548994566.24992,7.410598395328878,1,539705448.736444,7.410598395328878,1,87471.70312
2025-03-26,549131132.2100645,7.433624881695539,1,539839703.9683406,7.433624881695539,1,86900.88281
2025-03-27,549022358.1448222,7.415285335451236,1,539732770.3859311,7.415285335451234,1,87177.10156
2025-03-28,548736304.3821057,7.367021340908983,1,539451556.7203311,7.367021340908981,1,84353.14844
2025-03-29,548655453.3408074,0.0,0,539372073.6977161,0.0,0,82597.58594
2025-03-30,548655453.3408074,0.0,0,539372073.6977161,0.0,0,82334.52344
2025-03-31,548655453.3408074,0.0,0,539372073.6977161,0.0,0,82548.91406
2025-04-01,548655453.3408074,0.0,0,539372073.6977161,0.0,0,85169.17188
2025-04-02,548655453.3408074,0.0,0,539372073.6977161,0.0,0,82485.71094
2025-04-03,548655453.3408074,0.0,0,539372073.6977161,0.0,0,83102.82812
2025-04-04,548655453.3408074,0.0,0,539372073.6977161,0.0,0,83843.80469
2025-04-05,548655453.3408074,0.0,0,539372073.6977161,0.0,0,83504.79688
2025-04-06,548655453.3408074,0.0,0,539372073.6977161,0.0,0,78214.48438
2025-04-07,548655453.3408074,0.0,0,539372073.6977161,0.0,0,79235.33594
2025-04-08,548655453.3408074,0.0,0,539372073.6977161,0.0,0,76271.95312
2025-04-09,548655453.3408074,0.0,0,539372073.6977161,0.0,0,82573.95312
2025-04-10,548655453.3408074,0.0,0,539372073.6977161,0.0,0,79626.14062
2025-04-11,548655453.3408074,0.0,0,539372073.6977161,0.0,0,83404.83594
2025-04-12,548655453.3408074,0.0,0,539372073.6977161,0.0,0,85287.10938
2025-04-13,548655453.3408074,0.0,0,539372073.6977161,0.0,0,83684.97656
2025-04-14,548655453.3408074,0.0,0,539372073.6977161,0.0,0,84542.39062
2025-04-15,548655453.3408074,0.0,0,539372073.6977161,0.0,0,83668.99219
2025-04-16,548655453.3408074,0.0,0,539372073.6977161,0.0,0,84033.86719
2025-04-17,548655453.3408074,0.0,0,539372073.6977161,0.0,0,84895.75
2025-04-18,548655453.3408074,0.0,0,539372073.6977161,0.0,0,84450.80469
2025-04-19,548655453.3408074,0.0,0,539372073.6977161,0.0,0,85063.41406
2025-04-20,548655453.3408074,0.0,0,539372073.6977161,0.0,0,85174.30469
2025-04-21,548655453.3408074,0.0,0,539372073.6977161,0.0,0,87518.90625
2025-04-22,548655453.3408074,0.0,0,539372073.6977161,0.0,0,93441.89062
2025-04-23,548655453.3408074,0.0,0,539372073.6977161,0.0,0,93699.10938
2025-04-24,548172354.8348266,7.431976681500384,1,538897149.3323706,7.431976681500384,1,93943.79688
2025-04-25,548119438.7020943,7.423040049330791,1,538845128.5530819,7.4230400493307895,1,94720.5
2025-04-26,548616747.8659003,7.506959052386845,1,539334023.128571,7.506959052386844,1,94646.92969
2025-04-27,549246059.5993662,7.612935153471187,1,539952686.7591155,7.612935153471185,1,93754.84375
2025-04-28,553692493.9433239,8.354850607562755,1,544323886.3855073,8.354850607562755,1,94978.75
2025-04-29,555710754.1584281,8.687692391785822,1,546307997.1618676,8.687692391785822,1,94284.78906
2025-04-30,557215772.2454163,8.934323376334607,1,547787549.9879419,8.934323376334605,1,94207.3125
2025-05-01,555859728.9577138,8.712164811696086,1,546454451.2724214,8.712164811696084,1,96492.33594
2025-05-02,557946805.5196401,9.053639481549325,1,548506214.0067886,9.053639481549324,1,96910.07031
2025-05-03,557151282.1454933,8.923782550578267,1,547724151.0757163,8.923782550578265,1,95891.79688
2025-05-04,557535773.2001681,8.986591060069825,1,548102136.4510833,8.986591060069824,1,94315.97656
2025-05-05,557086464.7221346,8.913185765127253,1,547660430.3784448,8.913185765127249,1,94748.05469
2025-05-06,558820616.0608726,9.195849497113777,1,549365239.4676195,9.195849497113775,1,96802.47656
2025-05-07,558075376.5383765,9.074591967026734,1,548632609.573571,9.074591967026734,1,97032.32031
2025-05-08,560723213.080839,9.503958207645207,1,551235644.0973772,9.503958207645205,1,103241.4609
2025-05-09,563728919.1470813,17.46135761616752,2,554190492.9082352,17.46135761616752,2,102970.8516
2025-05-10,565437843.990841,17.7108144539773,2,555870502.3406754,17.7108144539773,2,104696.3281
2025-05-11,566387351.5984887,17.848766347646126,2,556803944.0557084,17.848766347646126,2,104106.3594
2025-05-12,567387633.1194144,17.99359566035412,2,557787300.5774344,17.993595660354117,2,102812.9531
2025-05-13,568219233.8960863,18.113613754555757,2,558604830.4728742,18.113613754555754,2,104169.8125
2025-05-14,568134758.1950052,18.101438104699255,2,558521784.1205746,18.101438104699252,2,103539.4141
2025-05-15,567078124.5432779,17.948836950146983,2,557483028.959388,17.948836950146983,2,103744.6406
2025-05-16,566673984.1022681,17.890319717751243,2,557085726.6699362,17.89031971775124,2,103489.2891
2025-05-17,567182557.6015917,17.963944702987156,2,557585694.9857299,17.963944702987156,2,103191.0859
2025-05-18,567648262.141666,18.031247936256054,2,558043519.6951734,18.031247936256054,2,106446.0078
2025-05-19,568434274.0376334,18.14459158417169,2,558816232.08452,18.14459158417169,2,105606.1797
2025-05-20,570067964.8868648,18.379171388556205,2,560422280.4993593,18.379171388556202,2,106791.0859
2025-05-21,578121807.6461277,19.516235084862384,2,568339850.340045,19.51623508486238,2,109678.0781
2025-05-22,578416514.9450175,19.557242131427902,2,568629571.1219457,19.557242131427902,2,111673.2812
2025-05-23,579198398.2526189,19.665835058798926,2,569398224.779615,19.665835058798926,2,107287.7969
2025-05-24,581459741.3774239,19.978261007922075,2,571621305.4455253,19.978261007922075,2,107791.1562
2025-05-25,584644451.5247371,20.414160200173182,2,574752129.5461936,20.41416020017318,2,109035.3906
2025-05-26,581609384.2893941,19.998849888306665,2,571768416.3641393,19.998849888306662,2,109440.3672
2025-05-27,575695159.3489103,19.17698298605049,2,565954261.5042185,19.176982986050493,2,108994.6406
2025-05-28,570990048.3391234,18.510979667248918,2,561328762.082179,18.510979667248915,2,107802.3281
2025-05-29,568794755.6145582,18.19646858622613,2,559170614.2281619,18.19646858622613,2,105641.7578
2025-05-30,566604462.0211179,17.880244901475635,2,557017380.9187922,17.880244901475635,2,103998.5703
2025-05-31,566380775.8681679,17.847812564641764,2,556797479.5882952,17.84781256464176,2,104638.0938
2025-06-01,570702917.5522637,18.469981091967536,2,561046489.6159382,18.469981091967536,2,105652.1016
2025-06-02,572646494.1144229,18.746696020794793,2,562957180.4043717,18.74669602079479,2,105881.5312
2025-06-03,570242784.1147346,18.404193871318714,2,560594141.7446713,18.404193871318707,2,105432.4688
2025-06-04,564677483.2930104,17.60000879163567,2,555123007.1251445,17.60000879163567,2,104731.9844
2025-06-05,564863543.8327231,17.627150544726213,2,555305919.4766524,17.627150544726213,2,101575.9531
2025-06-06,566350464.5969219,17.84341575137424,2,556767681.190906,17.843415751374238,2,104390.3438
2025-06-07,567322781.6396784,17.984221390817666,2,557723546.4000274,17.984221390817666,2,105615.625
2025-06-08,567081350.5109744,17.949303716337088,2,557486200.3429503,17.949303716337088,2,105793.6484
2025-06-09,568808641.3937786,18.19846557729481,2,559184265.0567236,18.19846557729481,2,110294.1016
2025-06-10,569178673.6375453,18.251646075314103,2,559548036.2676725,18.251646075314095,2,110257.2344
2025-06-11,568587621.509511,18.16666790005552,2,558966984.8810142,18.16666790005552,2,108686.625
2025-06-12,569312937.7159071,18.270925221579983,2,559680028.566169,18.27092522157998,2,105929.0547
2025-06-13,574057108.8876402,9.04688719544057,1,564343927.2430043,9.046887195440569,1,106090.9688
2025-06-14,577095902.1324384,9.52581574745865,1,567331303.3895552,9.525815747458648,1,105472.4062
2025-06-15,576908498.5743338,9.496426019126611,1,567147070.7438433,9.496426019126611,1,105552.0234
2025-06-16,593415266.5918837,12.013923603982104,1,583374540.3542521,12.0139236039821,1,106796.7578
2025-06-17,588714299.719381,11.31134235094251,1,578753114.9497168,11.311342350942509,1,104601.1172
2025-06-18,590238878.960741,11.540423984185507,1,580251897.9508184,11.540423984185503,1,104883.3281
2025-06-19,590256203.6764003,11.543020377060786,1,580268929.5282036,11.543020377060783,1,104684.2891
2025-06-20,589777691.2213969,11.471251357798806,1,579798513.6167717,11.471251357798803,1,103309.6016
2025-06-21,589169029.6435317,11.37979365190478,1,579200150.7363259,11.37979365190478,1,102257.4062
2025-06-22,588761606.0321782,11.318468381813618,1,578799620.8285466,11.318468381813618,1,100987.1406
2025-06-23,588444116.7061441,11.270621120016292,1,578487503.4967728,11.270621120016294,1,105577.7734
2025-06-24,588600677.9563707,11.294222150408444,1,578641415.6937287,11.294222150408443,1,106045.6328
2025-06-25,588426385.4087867,11.267947400685772,1,578470072.2171477,11.267947400685772,1,107361.2578
2025-06-26,587948902.6202381,11.1958866693536,1,578000668.5499715,11.195886669353598,1,106960.0
2025-06-27,585944010.3398734,10.89203053610639,1,576029699.5197428,10.892030536106386,1,107088.4297
2025-06-28,587250576.067424,11.090285631457347,1,577314157.847096,11.090285631457347,1,107327.7031
2025-06-29,586937358.4999669,11.042839197771475,1,577006239.9947367,11.042839197771475,1,108385.5703
2025-06-30,583534202.5947706,10.524043408685854,1,573660666.289918,10.524043408685856,1,107135.3359
2025-07-01,582935246.225715,10.432108336266257,1,573071844.4038604,10.432108336266257,1,105698.2812
2025-07-02,582485970.8608801,10.363024016269257,1,572630170.8841374,10.363024016269256,1,108859.3203
2025-07-03,582709718.8196805,10.397442680934766,1,572850132.9747151,10.397442680934766,1,109647.9766
2025-07-04,584284144.2048402,10.638887776129586,1,574397918.7111095,10.638887776129586,1,108034.3359
2025-07-05,584614411.8899337,10.689370773249273,1,574722598.1890944,10.689370773249273,1,108231.1797
2025-07-06,584374912.7764804,10.652767873203251,1,574487151.4571146,10.652767873203247,1,109232.0703
2025-07-07,584360471.1185892,10.650559780384388,1,574472954.1554801,10.650559780384386,1,108299.8516
2025-07-08,584176288.557366,10.622389159518976,1,574291888.0066229,10.622389159518974,1,108950.2734
2025-07-09,586550359.1512573,10.984146260743305,1,576625788.7662615,10.984146260743303,1,111326.5547
2025-07-10,586548062.2062064,10.983797671193923,1,576623530.6860625,10.983797671193923,1,115987.2031
2025-07-11,586583482.5412295,10.989172837394145,1,576658351.7006648,10.989172837394147,1,117516.9922
2025-07-12,585736578.5532025,10.860473986644912,1,575825777.5278146,10.860473986644912,1,117435.2266
2025-07-13,585976922.5282812,10.89703540603707,1,576062054.8261621,10.897035406037068,1,119116.1172
2025-07-14,585419511.6579812,10.812195457843371,1,575514075.4792246,10.81219545784337,1,119849.7031
2025-07-15,581858122.8802179,17.82729935240607,2,572012946.239354,17.827299352406065,2,117777.1875
2025-07-16,582566062.0523802,17.927156308483884,2,572708906.9137918,17.92715630848388,2,118738.5078
2025-07-17,583827005.642041,18.104416396040538,2,573948515.0405859,18.104416396040538,2,119289.8438
2025-07-18,580022868.1998641,17.56729609782948,2,570208744.5009435,17.567296097829477,2,118003.2266
2025-07-19,578853746.3658977,17.87125634118814,2,569059404.4840858,17.87125634118814,2,117939.9766
2025-07-20,578752721.4151149,17.85692024914231,2,568960088.899292,17.85692024914231,2,117300.7891
2025-07-21,578660977.0734814,17.843896798330753,2,568869896.8935522,17.843896798330753,2,117439.5391
2025-07-22,579568807.2705972,17.97258521362882,2,569762366.3896672,17.97258521362881,2,119995.4141
2025-07-23,577778688.523704,17.718441514865095,2,568002536.8740801,17.71844151486509,2,118754.9609
2025-07-24,578346195.543461,17.79918097921477,2,568560441.541245,17.799180979214768,2,118368.0
2025-07-25,578460659.8388923,17.81544666413743,2,568672969.073807,17.81544666413743,2,117635.8828
2025-07-26,579129637.7432265,25.41685376134794,3,569206388.9706981,17.892464204375745,2,117947.3672
2025-07-27,582480270.1845105,25.84588238626787,3,570159467.624022,18.02971517377548,2,119448.4922
2025-07-28,580072012.0062754,25.538020161411644,3,569248266.2423114,17.89850452066991,2,117924.4766
2025-07-29,581577000.4151549,15.310093484482534,2,571287096.8868519,7.76269527519851,1,117922.1484
2025-07-30,582205055.8226295,15.401452968935006,2,569889167.0804615,7.536438513385556,1,117831.1875
2025-07-31,579672030.5710901,15.031777972433783,2,569535027.8803741,7.478944294243373,1,115758.2031
2025-08-01,577407642.7542884,14.698562766177167,2,569351208.0964403,7.449073100106422,1,113320.0859
2025-08-02,576027236.9153097,14.494144303846426,2,569150996.4219888,7.416516228268981,1,112526.9141
2025-08-03,578657847.654289,14.882858676513678,2,569899783.7136407,7.5381610122227105,1,114217.6719
2025-08-04,581672771.1174598,15.324037427241866,2,570592983.1274464,7.6504906315503565,1,115071.8828
2025-08-05,579992311.1248336,15.078698713760186,2,570681089.0718876,7.664748228126437,1,114141.4453
2025-08-06,582000175.8374234,15.371671965794864,2,571147853.6962155,7.740208249251627,1,115028.0
2025-08-07,583052484.1865718,15.524411382194254,2,571323284.0967184,7.768537520380027,1,117496.8984
2025-08-08,583309847.8897915,15.561683083326988,2,571256938.9272251,7.75782585703933,1,116688.7266
2025-08-09,581470717.4064977,15.294613602524723,2,570900181.7200884,7.700183450395993,1,116500.3594
2025-08-10,582129081.0050809,15.390411845264534,2,571298897.4872506,7.764600504807211,1,119306.7578
2025-08-11,583684901.175135,15.615939871715248,2,572172110.7904302,7.905364404942136,1,118731.4453
2025-08-12,587738742.4713055,16.197966481443586,2,573138810.6571316,8.060698279211747,1,120172.9062
2025-08-13,588911924.2373551,16.364909981202345,2,574220599.6614047,15.734747399617454,2,123344.0625
2025-08-14,583191849.7488812,30.72171183227383,4,570612497.7450901,22.764422279731498,3,118359.5781
2025-08-15,581344549.0772513,30.501570732706035,4,569148686.8842582,22.565777742521917,3,117398.3516
2025-08-16,580437380.9977176,30.392951338654168,4,568256729.4433432,22.44423403323462,3,117491.3516
2025-08-17,580885005.3452101,30.446589854799704,4,568748031.443857,22.511229083528008,3,117453.0625
2025-08-18,578262676.3230009,30.131176231397372,4,566692897.9644085,22.2302130906264,3,116252.3125
2025-08-19,574930162.0140104,22.5178245538358,3,565305386.9350243,8.061275913328442,1,112831.1797
2025-08-20,576727795.9230928,15.767838727391398,2,566194464.6201321,8.205644452921259,1,114274.7422
2025-08-21,574522832.6392887,22.988405653136194,3,566088524.9178728,8.188465749825031,1,112419.0312
2025-08-22,582745487.9272202,24.075054639026526,3,567776479.9248965,8.461414250545971,1,116874.0859
2025-08-23,580027817.5405725,31.269119018494994,4,566663627.3193694,15.81099740182425,2,115374.3281
2025-08-24,579208537.071334,31.171900374746365,4,566598742.2271632,15.801356344071701,2,113458.4297
2025-08-25,567766653.7294884,22.870996177256526,3,560162131.6756564,8.006159465534141,1,110124.3516
2025-08-26,570172327.2989304,15.771496543307052,2,561462909.7086561,8.219287643494456,1,111802.6562
2025-08-27,568851772.1730506,15.575965145804291,2,560555341.8071,8.070689954195519,1,111222.0625
2025-08-28,569770634.9170247,15.712114844594549,2,560542755.7980309,8.068625842014974,1,112544.8047
2025-08-29,568402893.9183775,15.509293927513038,2,559740732.9473648,7.936902244949598,1,108410.8359
2025-08-30,568400546.3087219,15.508944963743257,2,559781116.7959809,7.943543880566311,1,108808.0703
2025-08-31,568394571.1499069,15.508056764773892,2,559999681.9355922,7.979473065587116,1,108236.7109
2025-09-01,567300746.1239101,15.345145993657763,2,559511023.6790962,7.8991054082031305,1,109250.5938
2025-09-02,567720950.594153,15.40780415000025,2,559632956.7264355,7.91917238711364,1,111200.5859
2025-09-03,568264595.3674556,15.488731424919266,2,559997060.0082518,7.979042222011905,1,111723.2109
2025-09-04,566881424.4704293,15.282526878222338,2,559197791.9421462,7.847515570755014,1,110723.6016
2025-09-05,567099535.4657447,7.459496044183607,1,559110025.6745582,0.0,0,110650.9844
2025-09-06,567686455.7373638,7.555171918019572,1,559110025.6745582,0.0,0,110224.6953
2025-09-07,568624153.9295201,7.707619448726163,1,559110025.6745582,0.0,0,111167.6172
2025-09-08,568507838.5259268,7.6887366387366995,1,559110025.6745582,0.0,0,112071.4297
2025-09-09,568594390.8420262,7.702788401776683,1,559110025.6745582,0.0,0,111530.5469
2025-09-10,569268841.5632827,7.812139057191861,1,559110025.6745582,0.0,0,113955.3594
2025-09-11,569737505.3587621,7.8879724232599315,1,559110025.6745582,0.0,0,115507.5391
2025-09-12,570834784.4793768,8.065033470283595,1,559110025.6745582,0.0,0,116101.5781
2025-09-13,571242670.5903921,15.640240700950446,2,559110025.6745582,0.0,0,115950.5078
2025-09-14,570551178.1304487,15.53799897450431,2,559110025.6745582,0.0,0,115407.6562
2025-09-15,569093779.5432814,15.321699297036975,2,559110025.6745582,0.0,0,115444.875
2025-09-16,571337699.7920083,15.654272053297111,2,559110025.6745582,0.0,0,116843.1875
2025-09-17,574449748.4051905,16.111210203958873,2,559110025.6745582,0.0,0,116468.5078
2025-09-18,574519118.9496052,16.12133938996244,2,559110025.6745582,0.0,0,117137.2031
2025-09-19,573027905.6605685,15.903058618410663,2,559110025.6745582,0.0,0,115688.8594
2025-09-20,576124418.3951622,16.355056904915955,2,559110025.6745582,0.0,0,115721.9609
2025-09-21,575891059.8402325,16.321162885006597,2,559267853.6838006,7.5411903031424465,1,115306.0938
2025-09-22,569774352.6744967,8.67387079295248,1,557029389.9299307,7.169637745999272,1,112748.5078
2025-09-23,570969104.5087621,8.864970555662696,1,557994856.3740737,7.330256788863357,1,112014.5
2025-09-24,571060079.6772212,8.879489211319562,1,558068372.4548852,7.342464462092918,1,113328.6328
2025-09-25,564167187.7297674,15.37296787199303,2,555127064.1783997,6.851523930199098,1,109049.2891
2025-09-26,566266709.0909948,15.686735675816873,2,554757301.6329689,0.0,0,109712.8281
2025-09-27,566266324.3830904,15.686678395385654,2,554757301.6329689,0.0,0,109681.9453
2025-09-28,571365761.6628542,16.439174474464664,2,554757301.6329689,0.0,0,112122.6406
2025-09-29,581257287.4043274,17.86116792654783,2,554757301.6329689,0.0,0,114400.3828
2025-09-30,581892203.0925118,17.950791456155933,2,550437881.0195705,0.0,0,114056.0859
2025-10-01,615991903.4870307,22.492821007379405,2,575628143.5371233,11.562345419354154,1,118648.9297
2025-10-02,627346980.6319306,23.895712905987455,2,581825201.7340832,12.504300650247336,1,120681.2578
2025-10-03,629665849.572679,24.175981984769283,2,579830864.8668934,12.203357893476669,1,122266.5312
2025-10-04,649170403.786208,33.74340647026433,3,594659789.9139651,21.720387013806118,2,122425.4297
2025-10-05,656394562.0522157,34.47261439716864,3,599816419.2022923,22.393357829677342,2,123513.4766
2025-10-06,653036889.8128858,34.13569700860038,3,596821330.5382411,22.003896591739036,2,124752.5312
2025-10-07,635633542.96439,32.332363432861186,3,584436878.6860855,20.35112787959521,2,121451.3828
2025-10-08,671004482.0154021,35.89935577478023,3,610792281.3837955,23.787939645447626,2,123354.8672
2025-10-09,695369363.1786683,38.145362949869146,3,629880389.4995193,26.097495669132798,2,121705.5859
2025-10-10,688685038.3898928,32.17178646379475,2,631209491.2088338,20.064888765606916,1,113214.3672
2025-10-11,736760958.4770684,36.597786153521774,2,666638033.5804763,24.313047935492886,1,110807.8828
2025-10-12,722955449.991493,35.38706175650377,2,649852560.8332671,22.358079458383084,1,115169.7656
2025-10-13,713475315.9037547,34.52853265998528,2,643005298.0324876,21.53128279600344,1,115271.0781
2025-10-14,707993021.5304374,34.02155893835861,2,641955240.5457845,21.40293013406086,1,113118.6641
2025-10-15,692542800.7039146,32.5496188890852,2,632031893.9623327,20.168900693182724,1,110783.1641
2025-10-16,672552768.1234013,30.54481661946189,2,617462237.3591928,18.285203791934215,1,108186.0391
2025-10-17,679165672.1717638,31.221088230611223,2,625290020.186689,19.308162191812183,1,106467.7891
2025-10-18,682988675.2806158,31.606075570862206,2,627396217.5873438,19.579048330876304,1,107198.2656
2025-10-19,694428787.0396438,32.732806135191744,2,635473979.853152,20.601311003099866,1,108666.7109
2025-10-20,717341469.7002699,34.88139496156918,2,653232130.6862562,22.759768661446266,1,110588.9297
2025-10-21,711264600.7974817,34.32503769943733,2,650260564.4602807,22.406795599143624,1,108476.8906
2025-10-22,694849805.3277864,32.77356417900491,2,637219191.67481,20.818767621594596,1,107688.5859
2025-10-23,700262384.1400237,33.2931813830531,2,639234643.5919216,21.06841924513548,1,110069.7266
2025-10-24,719843246.283829,35.107711179829494,2,654829258.2375567,22.94815746660085,1,111033.9219
2025-10-25,723676373.6577125,35.45142892119132,2,657457993.0263253,23.256236250575952,1,111641.7266
2025-10-26,761719558.3185742,38.67523114909584,2,685611702.0393888,26.40761419051147,1,114472.4453
2025-10-27,772785502.1216649,39.55337449414892,2,693948850.768244,27.291758122914793,1,114119.3281
2025-10-28,752208747.8434261,37.89985030482173,2,679680057.735798,25.765365163037153,1,112956.1641
2025-10-29,778336370.0087435,39.9844621900752,2,699405627.1570295,27.859029248767353,1,110055.3047
2025-10-30,772717628.5498347,39.54806501468763,2,696212014.9418908,27.528109528253292,1,108305.5469
2025-10-31,815931007.13418,36.18369088309529,1,729170117.4291853,30.80380053166002,1,109556.1641
2025-11-01,820820102.6442233,36.563803442919166,1,732889710.1061666,31.15498799311324,1,110064.0156
2025-11-02,825123785.8857868,36.89467415674564,1,736163924.8635756,31.461187939448187,1,110639.625
2025-11-03,836684277.4999235,37.76660232587318,1,744959073.1403711,32.27037200944929,1,106547.5234
2025-11-04,844254652.0518746,38.32464500753166,1,750718565.8088204,32.7899918958019,1,101590.5234
2025-11-05,868769536.5560353,40.06499632139928,1,769369333.561547,34.41927213499146,1,103891.8359
2025-11-06,909611539.5816414,42.75610730126546,1,800441668.9363052,36.96504960938285,1,101301.2891
2025-11-07,989126024.2044482,47.35786533245675,1,860935781.6222544,41.394234077587846,1,103372.4062
2025-11-08,960920111.2182372,45.81265938608654,1,839476902.9450917,39.89614161512792,1,102282.1172
2025-11-09,968205607.5681654,46.22040508510864,1,845019662.0946519,40.29038239546767,1,104719.6406
2025-11-10,899172280.1394417,42.091514029694785,1,792499546.9436896,36.33333787184122,1,105996.5938
2025-11-11,843606192.9401193,38.277236695157576,1,750225222.2530539,32.74579500212556,1,102997.4688
2025-11-12,890164839.0264933,41.5055469655632,1,785646743.2025399,35.77800540951867,1,101663.1875
2025-11-13,900377396.8645654,42.169022067116,1,793416392.0608424,36.40690891080854,1,99697.49219
2025-11-14,960492238.0850496,45.78852040162811,1,839151379.7947233,39.8728261588207,1,94397.78906
2025-11-15,1010321711.8346351,48.462252409889075,1,877061325.5660925,42.47175263438223,1,95549.14844
2025-11-16,1029659264.6911719,49.430158932275916,1,891773212.4269967,43.420815753519555,1,94177.07812
2025-11-17,967582611.8537211,46.18577811192199,1,844545690.9291312,40.25687250091396,1,92093.875
2025-11-18,975680577.9095759,46.63242607441968,1,850706571.8482959,40.68953671962413,1,92948.875
2025-11-19,1011895991.3815088,48.54243339945133,1,878259027.4031796,42.5502052154595,1,91465.99219
2025-11-20,998359232.9228256,47.844719964274354,1,867960347.917465,41.86854156063282,1,86631.89844
2025-11-21,919544111.8347335,43.374434462475776,1,807998306.5475554,37.55457098966931,1,85090.6875
2025-11-22,897592974.6200113,41.989624649874855,1,791298021.3787416,36.236664911571964,1,84648.35938
2025-11-23,937552589.3523805,44.4620963552459,1,821699041.3686731,38.59576517463077,1,86805.00781
2025-11-24,899139099.9759443,42.08937708221642,1,792474303.6869537,36.33130985163899,1,88270.5625
2025-11-25,893767134.9358962,41.74130672965858,1,788387346.951722,36.00125485642462,1,87341.89062
2025-11-26,904380145.6087711,42.42497955957204,1,796461657.7722933,36.650056660470156,1,90518.36719
2025-11-27,877595665.3264263,40.66777284049755,1,776084196.0290526,34.98669197215042,1,91285.375
2025-11-28,850045350.0527769,38.74479124424438,1,755124091.9096134,33.182106845000206,1,90919.26562
2025-11-29,855624624.4733639,39.14421829386798,1,759368768.2991527,33.555601707198775,1,90851.75781
2025-11-30,832384308.1729802,37.445114164115815,1,741687683.9055144,31.971634440123047,1,90394.3125
2025-12-01,831734966.3659225,0.0,0,741193668.8007923,0.0,0,86321.57031
2025-12-02,831734966.3659225,0.0,0,741193668.8007923,0.0,0,91350.20312
2025-12-03,831734966.3659225,0.0,0,741193668.8007923,0.0,0,93527.80469
2025-12-04,831734966.3659225,0.0,0,741193668.8007923,0.0,0,92141.625
2025-12-05,831734966.3659225,0.0,0,741193668.8007923,0.0,0,89387.75781
2025-12-06,831734966.3659225,0.0,0,741193668.8007923,0.0,0,89272.375
2025-12-07,831734966.3659225,0.0,0,741193668.8007923,0.0,0,90405.64062
2025-12-08,831734966.3659225,0.0,0,741193668.8007923,0.0,0,90640.20312
2025-12-09,831734966.3659225,0.0,0,741193668.8007923,0.0,0,92691.71094
2025-12-10,831734966.3659225,0.0,0,741193668.8007923,0.0,0,92020.94531
2025-12-11,831734966.3659225,0.0,0,741193668.8007923,0.0,0,92511.33594
2025-12-12,831734966.3659225,0.0,0,741193668.8007923,0.0,0,90270.41406
2025-12-13,831734966.3659225,0.0,0,741193668.8007923,0.0,0,90298.71094
2025-12-14,831734966.3659225,0.0,0,741193668.8007923,0.0,0,88175.17969
2025-12-15,831734966.3659225,0.0,0,741193668.8007923,0.0,0,86419.78125
2025-12-16,831734966.3659225,0.0,0,741193668.8007923,0.0,0,87843.98438
2025-12-17,831734966.3659225,0.0,0,741193668.8007923,0.0,0,86143.75781
2025-12-18,831734966.3659225,0.0,0,741193668.8007923,0.0,0,85462.50781
2025-12-19,831734966.3659225,0.0,0,741193668.8007923,0.0,0,88103.38281
2025-12-20,831734966.3659225,0.0,0,741193668.8007923,0.0,0,88344.0
2025-12-21,831734966.3659225,0.0,0,741193668.8007923,0.0,0,88621.75
2025-12-22,831734966.3659225,0.0,0,741193668.8007923,0.0,0,88490.01562
2025-12-23,831734966.3659225,0.0,0,741193668.8007923,0.0,0,87414.0
2025-12-24,831734966.3659225,0.0,0,741193668.8007923,0.0,0,87611.96094
2025-12-25,831734966.3659225,0.0,0,741193668.8007923,0.0,0,87234.74219
2025-12-26,831734966.3659225,0.0,0,741193668.8007923,0.0,0,87301.42969
2025-12-27,831734966.3659225,0.0,0,741193668.8007923,0.0,0,87802.15625
2025-12-28,831734966.3659225,0.0,0,741193668.8007923,0.0,0,87835.83594
2025-12-29,831734966.3659225,0.0,0,741193668.8007923,0.0,0,87138.14062
2025-12-30,831734966.3659225,0.0,0,741193668.8007923,0.0,0,88430.13281
2025-12-31,831734966.3659225,0.0,0,741193668.8007923,0.0,0,87508.82812
2026-01-01,831734966.3659225,0.0,0,741193668.8007923,0.0,0,88731.98438
2026-01-02,831734966.3659225,0.0,0,741193668.8007923,0.0,0,89944.69531
2026-01-03,831734966.3659225,0.0,0,741193668.8007923,0.0,0,90603.1875
2026-01-04,831734966.3659225,0.0,0,741193668.8007923,0.0,0,91413.49219
2026-01-05,831734966.3659225,0.0,0,741193668.8007923,0.0,0,93882.55469
2026-01-06,831734966.3659225,0.0,0,741193668.8007923,0.0,0,93729.03125
2026-01-07,831734966.3659225,0.0,0,741193668.8007923,0.0,0,91308.05469
2026-01-08,831734966.3659225,0.0,0,741193668.8007923,0.0,0,91027.125
2026-01-09,831734966.3659225,0.0,0,741193668.8007923,0.0,0,90513.10156
2026-01-10,831734966.3659225,0.0,0,741193668.8007923,0.0,0,90386.64844
2026-01-11,831734966.3659225,0.0,0,741193668.8007923,0.0,0,90827.46094
2026-01-12,831734966.3659225,0.0,0,741193668.8007923,0.0,0,91192.99219
2026-01-13,831734966.3659225,0.0,0,741193668.8007923,0.0,0,95321.78125
2026-01-14,831734966.3659225,0.0,0,741193668.8007923,0.0,0,96929.32812
2026-01-15,831734966.3659225,0.0,0,741193668.8007923,0.0,0,95551.1875
2026-01-16,831734966.3659225,0.0,0,741193668.8007923,0.0,0,95525.11719
2026-01-17,831734966.3659225,0.0,0,741193668.8007923,0.0,0,95099.92188
2026-01-18,831734966.3659225,0.0,0,741193668.8007923,0.0,0,93634.42969
2026-01-19,831734966.3659225,0.0,0,741193668.8007923,0.0,0,92553.59375
2026-01-20,831734966.3659225,0.0,0,741193668.8007923,0.0,0,88310.90625
2026-01-21,831734966.3659225,0.0,0,741193668.8007923,0.0,0,89376.96094
2026-01-22,831734966.3659225,0.0,0,741193668.8007923,0.0,0,89462.45312
2026-01-23,831734966.3659225,0.0,0,741193668.8007923,0.0,0,89503.875
2026-01-24,831734966.3659225,0.0,0,741193668.8007923,0.0,0,89110.73438
2026-01-25,831734966.3659225,0.0,0,741193668.8007923,0.0,0,86572.21875
2026-01-26,831734966.3659225,0.0,0,741193668.8007923,0.0,0,88267.14062
2026-01-27,831734966.3659225,0.0,0,741193668.8007923,0.0,0,89102.57031
2026-01-28,831734966.3659225,0.0,0,741193668.8007923,0.0,0,89184.57031
2026-01-29,831734966.3659225,0.0,0,741193668.8007923,0.0,0,84561.58594
2026-01-30,831734966.3659225,0.0,0,741193668.8007923,0.0,0,84128.65625
2026-01-31,831734966.3659225,0.0,0,741193668.8007923,0.0,0,78621.11719
2026-02-01,831734966.3659225,0.0,0,741193668.8007923,0.0,0,76974.44531
2026-02-02,831734966.3659225,0.0,0,741193668.8007923,0.0,0,78688.76562
2026-02-03,831734966.3659225,0.0,0,741193668.8007923,0.0,0,75633.54688
2026-02-04,831734966.3659225,0.0,0,741193668.8007923,0.0,0,73019.70312
2026-02-05,831734966.3659225,0.0,0,741193668.8007923,0.0,0,62702.09766
2026-02-06,831734966.3659225,0.0,0,741193668.8007923,0.0,0,70555.39062
2026-02-07,831734966.3659225,0.0,0,741193668.8007923,0.0,0,69281.96875
2026-02-08,831734966.3659225,0.0,0,741193668.8007923,0.0,0,70264.72656
2026-02-09,831734966.3659225,0.0,0,741193668.8007923,0.0,0,70120.78125
2026-02-10,831734966.3659225,0.0,0,741193668.8007923,0.0,0,68793.96094
2026-02-11,831734966.3659225,0.0,0,741193668.8007923,0.0,0,66991.96875
2026-02-12,831734966.3659225,0.0,0,741193668.8007923,0.0,0,66221.84375
2026-02-13,831734966.3659225,0.0,0,741193668.8007923,0.0,0,68857.84375
2026-02-14,831734966.3659225,0.0,0,741193668.8007923,0.0,0,69767.625
2026-02-15,831734966.3659225,0.0,0,741193668.8007923,0.0,0,68788.1875
2026-02-16,831734966.3659225,0.0,0,741193668.8007923,0.0,0,68843.15625
2026-02-17,831734966.3659225,0.0,0,741193668.8007923,0.0,0,67494.21875
2026-02-18,831734966.3659225,0.0,0,741193668.8007923,0.0,0,66425.32031
2026-02-19,831734966.3659225,0.0,0,741193668.8007923,0.0,0,66957.52344
2026-02-20,831734966.3659225,0.0,0,741193668.8007923,0.0,0,68005.42188
2026-02-21,831734966.3659225,0.0,0,741193668.8007923,0.0,0,68003.76562
2026-02-22,831734966.3659225,0.0,0,741193668.8007923,0.0,0,67659.39062
2026-02-23,831734966.3659225,0.0,0,741193668.8007923,0.0,0,64616.73828
2026-02-24,831734966.3659225,0.0,0,741193668.8007923,0.0,0,64080.04297
2026-02-25,831734966.3659225,0.0,0,741193668.8007923,0.0,0,67960.125
2026-02-26,831734966.3659225,0.0,0,741193668.8007923,0.0,0,67453.77344
2026-02-27,831734966.3659225,0.0,0,741193668.8007923,0.0,0,65881.79688
2026-02-28,831734966.3659225,0.0,0,741193668.8007923,0.0,0,66995.85938
2026-03-01,831734966.3659225,0.0,0,741193668.8007923,0.0,0,65738.10156
2026-03-02,831734966.3659225,0.0,0,741193668.8007923,0.0,0,68775.85156
2026-03-03,831734966.3659225,0.0,0,741193668.8007923,0.0,0,68293.64844
2026-03-04,831734966.3659225,0.0,0,741193668.8007923,0.0,0,72710.57812
2026-03-05,831734966.3659225,0.0,0,741193668.8007923,0.0,0,70841.125
2026-03-06,831734966.3659225,0.0,0,741193668.8007923,0.0,0,68136.49219
2026-03-07,831734966.3659225,0.0,0,741193668.8007923,0.0,0,67272.59375
2026-03-08,831734966.3659225,0.0,0,741193668.8007923,0.0,0,65969.78125
2026-03-09,831734966.3659225,0.0,0,741193668.8007923,0.0,0,68402.38281
2026-03-10,831734966.3659225,0.0,0,741193668.8007923,0.0,0,69926.92188
2026-03-11,831734966.3659225,0.0,0,741193668.8007923,0.0,0,70204.88281
2026-03-12,831734966.3659225,0.0,0,741193668.8007923,0.0,0,70493.46094
2026-03-13,831734966.3659225,0.0,0,741193668.8007923,0.0,0,70968.26562
2026-03-14,831734966.3659225,0.0,0,741193668.8007923,0.0,0,71214.625
2026-03-15,831734966.3659225,0.0,0,741193668.8007923,0.0,0,72789.91406
2026-03-16,831734966.3659225,0.0,0,741193668.8007923,0.0,0,74861.08594
2026-03-17,831734966.3659225,0.0,0,741193668.8007923,0.0,0,73922.47656
2026-03-18,831734966.3659225,0.0,0,741193668.8007923,0.0,0,71245.57812
2026-03-19,831734966.3659225,0.0,0,741193668.8007923,0.0,0,69912.78906
2026-03-20,831734966.3659225,0.0,0,741193668.8007923,0.0,0,70522.58594
2026-03-21,831734966.3659225,0.0,0,741193668.8007923,0.0,0,68711.52344
2026-03-22,831734966.3659225,0.0,0,741193668.8007923,0.0,0,67845.21094
2026-03-23,831734966.3659225,0.0,0,741193668.8007923,0.0,0,70914.85938
2026-03-24,831734966.3659225,0.0,0,741193668.8007923,0.0,0,70517.85938
2026-03-25,831734966.3659225,0.0,0,741193668.8007923,0.0,0,71309.88281
2026-03-26,831734966.3659225,0.0,0,741193668.8007923,0.0,0,68791.625
2026-03-27,831734966.3659225,0.0,0,741193668.8007923,0.0,0,66338.375
2026-03-28,831734966.3659225,0.0,0,741193668.8007923,0.0,0,66319.69531
2026-03-29,831734966.3659225,0.0,0,741193668.8007923,0.0,0,65954.92188
2026-03-30,831734966.3659225,0.0,0,741193668.8007923,0.0,0,66691.44531
2026-03-31,831734966.3659225,0.0,0,741193668.8007923,0.0,0,68233.3125
2026-04-01,831734966.3659225,0.0,0,741193668.8007923,0.0,0,68078.55469
2026-04-02,831734966.3659225,0.0,0,741193668.8007923,0.0,0,66888.57031
2026-04-03,831734966.3659225,0.0,0,741193668.8007923,0.0,0,66931.10156
2026-04-04,831734966.3659225,0.0,0,741193668.8007923,0.0,0,67290.51562
2026-04-05,831734966.3659225,0.0,0,741193668.8007923,0.0,0,68981.89844
2026-04-06,831734966.3659225,0.0,0,741193668.8007923,0.0,0,68859.82812
2026-04-07,831734966.3659225,0.0,0,741193668.8007923,0.0,0,71940.70312
2026-04-08,831734966.3659225,0.0,0,741193668.8007923,0.0,0,71123.35938
2026-04-09,831734966.3659225,0.0,0,741193668.8007923,0.0,0,71767.82812
2026-04-10,831734966.3659225,0.0,0,741193668.8007923,0.0,0,72979.04688
2026-04-11,831734966.3659225,0.0,0,741193668.8007923,0.0,0,73054.27344
2026-04-12,831734966.3659225,0.0,0,741193668.8007923,0.0,0,70753.40625
2026-04-13,831734966.3659225,0.0,0,741193668.8007923,0.0,0,74484.64062
2026-04-14,831734966.3659225,0.0,0,741193668.8007923,0.0,0,74181.60938
2026-04-15,831734966.3659225,0.0,0,741193668.8007923,0.0,0,74805.07812
2026-04-16,831734966.3659225,0.0,0,741193668.8007923,0.0,0,75152.13281
2026-04-17,831734966.3659225,0.0,0,741193668.8007923,0.0,0,77126.875
2026-04-18,831734966.3659225,0.0,0,741193668.8007923,0.0,0,75726.21094
2026-04-19,831734966.3659225,0.0,0,741193668.8007923,0.0,0,73856.35156
2026-04-20,831734966.3659225,0.0,0,741193668.8007923,0.0,0,75872.52344
2026-04-21,831734966.3659225,0.0,0,741193668.8007923,0.0,0,76352.77344
2026-04-22,831734966.3659225,0.0,0,741193668.8007923,0.0,0,78203.10156
2026-04-23,831734966.3659225,0.0,0,741193668.8007923,0.0,0,78268.95312
2026-04-24,831734966.3659225,0.0,0,741193668.8007923,0.0,0,77455.3125
2026-04-25,831734966.3659225,0.0,0,741193668.8007923,0.0,0,77612.01562
2026-04-26,831734966.3659225,0.0,0,741193668.8007923,0.0,0,78657.53906
2026-04-27,831734966.3659225,0.0,0,741193668.8007923,0.0,0,77366.625
2026-04-28,831734966.3659225,0.0,0,741193668.8007923,0.0,0,76350.67188
2026-04-29,831734966.3659225,0.0,0,741193668.8007923,0.0,0,75776.13281
2026-04-30,831734966.3659225,0.0,0,741193668.8007923,0.0,0,76304.32031
2026-05-01,831734966.3659225,0.0,0,741193668.8007923,0.0,0,78179.0
2026-05-02,831734966.3659225,0.0,0,741193668.8007923,0.0,0,78657.25
2026-05-03,831734966.3659225,0.0,0,741193668.8007923,0.0,0,78538.22656
2026-05-04,831734966.3659225,0.0,0,741193668.8007923,0.0,0,79827.90625
2026-05-05,831734966.3659225,0.0,0,741193668.8007923,0.0,0,80927.05469
2026-05-06,831734966.3659225,0.0,0,741193668.8007923,0.0,0,81427.53125
2026-05-07,831734966.3659225,0.0,0,741193668.8007923,0.0,0,80009.99219
2026-05-08,831734966.3659225,0.0,0,741193668.8007923,0.0,0,80186.76562
2026-05-09,831734966.3659225,0.0,0,741193668.8007923,0.0,0,80664.36719
2026-05-10,831734966.3659225,0.0,0,741193668.8007923,0.0,0,82138.92969
2026-05-11,831734966.3659225,0.0,0,741193668.8007923,0.0,0,81728.29688
2026-05-12,831734966.3659225,0.0,0,741193668.8007923,0.0,0,80477.49219
2026-05-13,831734966.3659225,0.0,0,741193668.8007923,0.0,0,79277.11719
2026-05-14,831734966.3659225,0.0,0,741193668.8007923,0.0,0,81051.25
2026-05-15,831734966.3659225,0.0,0,741193668.8007923,0.0,0,79065.67969
2026-05-16,831734966.3659225,0.0,0,741193668.8007923,0.0,0,78131.4375
2026-05-17,831734966.3659225,0.0,0,741193668.8007923,0.0,0,77429.35156
2026-05-18,831734966.3659225,0.0,0,741193668.8007923,0.0,0,76954.17188
2026-05-19,831734966.3659225,0.0,0,741193668.8007923,0.0,0,76750.90625
2026-05-20,831734966.3659225,0.0,0,741193668.8007923,0.0,0,77457.77344
2026-05-21,831734966.3659225,0.0,0,741193668.8007923,0.0,0,77539.17188
2026-05-22,831734966.3659225,0.0,0,741193668.8007923,0.0,0,75488.24219
2026-05-23,831734966.3659225,0.0,0,741193668.8007923,0.0,0,76673.36719
2026-05-24,831734966.3659225,0.0,0,741193668.8007923,0.0,0,76981.125
2026-05-25,831734966.3659225,0.0,0,741193668.8007923,0.0,0,77279.92969
2026-05-26,831734966.3659225,0.0,0,741193668.8007923,0.0,0,75825.73438
2026-05-27,831734966.3659225,0.0,0,741193668.8007923,0.0,0,74344.70312
2026-05-28,831734966.3659225,0.0,0,741193668.8007923,0.0,0,73536.55469
2026-05-29,831734966.3659225,0.0,0,741193668.8007923,0.0,0,73372.52344
2026-05-30,831734966.3659225,0.0,0,741193668.8007923,0.0,0,73754.83594
2026-05-31,831734966.3659225,0.0,0,741193668.8007923,0.0,0,73579.6875
2026-06-01,831734966.3659225,0.0,0,741193668.8007923,0.0,0,71319.77344
2026-06-02,831734966.3659225,0.0,0,741193668.8007923,0.0,0,66703.65625
2026-06-03,831734966.3659225,0.0,0,741193668.8007923,0.0,0,64014.36719
2026-06-04,831734966.3659225,0.0,0,741193668.8007923,0.0,0,63801.57422
2026-06-05,831734966.3659225,0.0,0,741193668.8007923,0.0,0,60922.66797
2026-06-06,831734966.3659225,0.0,0,741193668.8007923,0.0,0,60867.41406
2026-06-07,831734966.3659225,0.0,0,741193668.8007923,0.0,0,63239.51953
2026-06-08,831734966.3659225,0.0,0,741193668.8007923,0.0,0,63090.58984
2026-06-09,831734966.3659225,0.0,0,741193668.8007923,0.0,0,61643.78125
2026-06-10,831734966.3659225,0.0,0,741193668.8007923,0.0,0,61449.28906
2026-06-11,831734966.3659225,0.0,0,741193668.8007923,0.0,0,63561.05469
2026-06-12,831734966.3659225,0.0,0,741193668.8007923,0.0,0,63543.19922
2026-06-13,831734966.3659225,0.0,0,741193668.8007923,0.0,0,64421.32422
2026-06-14,831734966.3659225,0.0,0,741193668.8007923,0.0,0,65710.39844
2026-06-15,831734966.3659225,0.0,0,741193668.8007923,0.0,0,66289.5
2026-06-16,831734966.3659225,0.0,0,741193668.8007923,0.0,0,65600.64062
2026-06-17,831734966.3659225,0.0,0,741193668.8007923,0.0,0,64418.44531
2026-06-18,831734966.3659225,0.0,0,741193668.8007923,0.0,0,62896.47266
2026-06-19,831734966.3659225,0.0,0,741193668.8007923,0.0,0,63540.83594
2026-06-20,831734966.3659225,0.0,0,741193668.8007923,0.0,0,64239.67578
2026-06-21,831734966.3659225,0.0,0,741193668.8007923,0.0,0,63237.53906
2026-06-22,831734966.3659225,0.0,0,741193668.8007923,0.0,0,63952.10547
2026-06-23,831734966.3659225,0.0,0,741193668.8007923,0.0,0,62668.01953
2026-06-24,831734966.3659225,0.0,0,741193668.8007923,0.0,0,60995.13281
2026-06-25,831734966.3659225,0.0,0,741193668.8007923,0.0,0,59721.67578
2026-06-26,831734966.3659225,0.0,0,741193668.8007923,0.0,0,60016.42969
2026-06-27,831734966.3659225,0.0,0,741193668.8007923,0.0,0,59940.09766
2026-06-28,831734966.3659225,0.0,0,741193668.8007923,0.0,0,59532.33984
2026-06-29,831734966.3659225,0.0,0,741193668.8007923,0.0,0,60138.37891
2026-06-30,831734966.3659225,0.0,0,741193668.8007923,0.0,0,58558.85938
2026-07-01,831734966.3659225,0.0,0,741193668.8007923,0.0,0,60003.75781
2026-07-02,831734966.3659225,0.0,0,741193668.8007923,0.0,0,61485.30078
2026-07-03,831734966.3659225,0.0,0,741193668.8007923,0.0,0,62544.19922
2026-07-04,831734966.3659225,0.0,0,741193668.8007923,0.0,0,63088.30469
2026-07-05,831734966.3659225,0.0,0,741193668.8007923,0.0,0,63547.88281
2026-07-06,831734966.3659225,0.0,0,741193668.8007923,0.0,0,63995.01562
2026-07-07,831734966.3659225,0.0,0,741193668.8007923,0.0,0,63297.39453
2026-07-08,831734966.3659225,0.0,0,741193668.8007923,0.0,0,62257.57422
2026-07-09,831734966.3659225,0.0,0,741193668.8007923,0.0,0,63193.14844
2026-07-10,831734966.3659225,0.0,0,741193668.8007923,0.0,0,64127.14062
2026-07-11,831734966.3659225,0.0,0,741193668.8007923,0.0,0,63802.02734
2026-07-12,831734966.3659225,0.0,0,741193668.8007923,0.0,0,63758.21875
2026-07-13,831734966.3659225,0.0,0,741193668.8007923,0.0,0,62239.12109
2026-07-14,831734966.3659225,0.0,0,741193668.8007923,0.0,0,64956.11328
2026-07-15,831734966.3659225,0.0,0,741193668.8007923,0.0,0,64712.375
2026-07-16,831734966.3659225,0.0,0,741193668.8007923,0.0,0,63789.28125
2026-07-17,831734966.3659225,0.0,0,741193668.8007923,0.0,0,63899.46094
2026-07-18,831734966.3659225,0.0,0,741193668.8007923,0.0,0,64796.60156
2026-07-19,831734966.3659225,0.0,0,741193668.8007923,0.0,0,64690.80469
2026-07-20,831734966.3659225,0.0,0,741193668.8007923,0.0,0,65230.02734
2026-07-21,831734966.3659225,0.0,0,741193668.8007923,0.0,0,66505.125
2026-07-22,831734966.3659225,0.0,0,741193668.8007923,0.0,0,66100.79688
2026-07-23,831734966.3659225,0.0,0,741193668.8007923,0.0,0,65044.8125
2026-07-24,831734966.3659225,0.0,0,741193668.8007923,0.0,0,64098.49609
2026-07-25,831734966.3659225,0.0,0,741193668.8007923,0.0,0,64311.8125
2026-07-26,831734966.3659225,0.0,0,741193668.8007923,0.0,0,65340.30078
2026-07-27,831734966.3659225,0.0,0,741193668.8007923,0.0,0,63724.89844
2026-07-28,831734966.3659225,0.0,0,741193668.8007923,0.0,0,63871.36328
2026-07-29,831734966.3659225,0.0,0,741193668.8007923,0.0,0,63908.16797
2026-07-30,831734966.3659225,0.0,0,741193668.8007923,0.0,0,64725.30859
2026-07-31,831734966.3659225,0.0,0,741193668.8007923,0.0,0,62813.74609
2026-08-01,831734966.3659225,0.0,0,741193668.8007923,0.0,0,62763.32031
2026-08-02,831734966.3659225,0.0,0,741193668.8007923,0.0,0,63482.0
2026-08-03,831734966.3659225,0.0,0,741193668.8007923,0.0,0,63460.89844
2026-08-04,831734966.3659225,0.0,0,741193668.8007923,0.0,0,64055.95312
2026-08-05,831734966.3659225,0.0,0,741193668.8007923,0.0,0,64597.5
2026-08-06,831734966.3659225,0.0,0,741193668.8007923,0.0,0,64262.11328
2026-08-07,831734966.3659225,0.0,0,741193668.8007923,0.0,0,64880.19141
2026-08-08,831734966.3659225,0.0,0,741193668.8007923,0.0,0,64904.6875
2026-08-09,831734966.3659225,0.0,0,741193668.8007923,0.0,0,64844.88672
2026-08-10,831734966.3659225,0.0,0,741193668.8007923,0.0,0,63910.58594
2026-08-11,831734966.3659225,0.0,0,741193668.8007923,0.0,0,63551.875
2026-08-12,831734966.3659225,0.0,0,741193668.8007923,0.0,0,63402.43359
2026-08-13,831734966.3659225,0.0,0,741193668.8007923,0.0,0,63402.17188
2026-08-14,831734966.3659225,0.0,0,741193668.8007923,0.0,0,62975.59375
2026-08-15,831734966.3659225,0.0,0,741193668.8007923,0.0,0,63024.32031
2026-08-16,831734966.3659225,0.0,0,741193668.8007923,0.0,0,62818.65234
2026-08-17,831734966.3659225,0.0,0,741193668.8007923,0.0,0,64506.25391
2026-08-18,831734966.3659225,0.0,0,741193668.8007923,0.0,0,64680.71094
2026-08-19,831734966.3659225,0.0,0,741193668.8007923,0.0,0,69266.1875
2026-08-20,833299616.102723,15.18988422197286,2,742587993.3461154,15.18988422197286,2,73032.75781
2026-08-21,863761217.327916,18.180817219271272,2,769733594.869034,18.180817219271272,2,78335.1875
2026-08-22,868715544.6450363,26.11947187793587,3,774148602.280182,26.11947187793586,3,77083.41406
2026-08-23,874614498.4592457,19.465116114579732,2,779405405.7048882,19.465116114579732,2,77755.26562
2026-08-24,872640084.0220525,19.282899825925924,2,777645922.7690793,19.282899825925924,2,78964.48438
2026-08-25,865040315.8624666,18.57376380464645,2,770873452.8453357,18.573763804646454,2,78564.97656
2026-08-26,871304007.5431151,19.15912647235818,2,776455289.373505,19.15912647235818,2,79027.42188
2026-08-27,871376097.5445603,19.165814535877324,2,776519531.7762122,19.165814535877324,2,80257.53906
2026-08-28,867969626.6719323,18.84856922010291,2,773483883.7082009,18.848569220102906,2,77830.28906
2026-08-29,873007451.897686,19.31686616785552,2,777973299.5832705,19.316866167855515,2,78245.8125
2026-08-30,871579464.9067523,19.184675736415752,2,776700760.9025481,19.184675736415752,2,77667.57031
2026-08-31,873848497.6072398,19.394520593913,2,778722790.4431019,19.394520593912997,2,78548.63281
2026-09-01,870648847.6030519,19.098294023086773,2,775871449.0646763,19.098294023086773,2,77403.625
2026-09-02,868470479.7934928,18.89536982918621,2,773930214.7844592,18.895369829186208,2,77300.47656
2026-09-03,887188929.095262,20.606564432954887,2,790611004.5471636,20.606564432954887,2,81271.74219
2026-09-04,894248058.4025731,21.23329045439081,2,796901688.6730047,21.23329045439081,2,79671.96875
2026-09-05,894537768.6957062,21.258800306864522,2,797159861.5811307,21.258800306864522,2,79823.86719
2026-09-06,917625326.1711202,23.2399378384362,2,817734145.6029024,23.2399378384362,2,80350.04688
2026-09-07,910543637.3164157,22.642941874247096,2,811423357.7248142,22.642941874247096,2,79115.85156
2026-09-08,919537172.4761577,23.399532736403035,2,819437871.4702967,23.39953273640303,2,78438.57812
2026-09-09,926415900.7867543,23.96829866790696,2,825567792.754587,23.968298667906957,2,78259.52344
2026-09-10,906528844.6785194,22.30034654561999,2,807845608.79626,22.30034654561999,2,76568.125
2026-09-11,916837397.5652568,23.173970362714165,2,817031989.6064019,23.173970362714165,2,77173.79688
2026-09-12,912750945.4486573,22.830014661559666,2,813390381.9318862,22.830014661559666,2,77270.46875
2026-09-13,905033431.9965042,22.171961180995897,2,806512984.2740556,22.171961180995893,2,76838.15625
2026-09-14,917701848.9430707,23.246338493222346,2,817802338.2320238,23.246338493222346,2,78163.38281
2026-09-15,908594419.5230534,22.476986910292958,2,809686328.567718,22.476986910292958,2,75612.50781
2026-09-16,933838372.1391537,24.572625007291474,2,832182266.109352,24.572625007291474,2,76150.32031
2026-09-17,949186703.0506368,25.792284224442202,2,845859803.0150757,25.792284224442202,2,76403.77344
2026-09-18,986164182.9598756,43.038241853087726,4,878811975.4080279,43.03824185308773,4,80901.46094
2026-09-19,970685256.9513191,42.12990742299392,4,865018059.7722502,42.12990742299393,4,81233.67969
2026-09-20,988879422.4863012,43.19464597445809,4,881231638.4348905,43.1946459744581,4,81142.60938
2026-09-21,993869539.8846486,43.479859852202075,4,885678539.8780124,43.47985985220208,4,86602.91406
2026-09-22,1026245522.18472,52.54090403199868,5,914530126.1072993,52.54090403199869,5,86172.28125
2026-09-23,996073005.3095356,51.10329818750486,5,887642139.688519,51.103298187504876,5,84383.00781
2026-09-24,1005647702.509939,51.5688400594592,5,896174551.1327933,51.568840059459205,5,84379.0625
2026-09-25,1021039220.674489,52.29890905471547,5,909890573.9983968,52.29890905471548,5,84034.92188
2026-09-26,1042326713.8779244,53.27311093957009,5,928860745.7779543,53.27311093957009,5,84406.45312
2026-09-27,1044424336.4696326,53.36695725730788,5,930730024.6316507,53.36695725730788,5,84458.08594
2026-09-28,1008369951.4372833,51.69958738390123,5,898600460.5287433,51.699587383901246,5,83502.60938
2026-09-29,998485457.3147261,51.221438061721955,5,889791976.1446508,51.22143806172197,5,83622.42969
2026-09-30,1011573176.1094954,51.852534374809956,5,901454987.4427236,51.852534374809956,5,83553.85156
2026-10-01,994354637.5629586,51.01879864163408,5,886110830.6226044,51.01879864163408,5,84853.10156
2026-10-02,983833438.3840573,50.49498947291981,5,876734951.8451778,50.49498947291981,5,84497.21094
2026-10-03,988311117.5250533,50.719278716540806,5,880725198.2150383,50.71927871654079,5,84763.57812
2026-10-04,999137556.9716939,51.253274001913965,5,890373089.3077579,51.253274001913965,5,86480.30469
2026-10-05,1004137739.0413578,51.496012120215475,5,894828959.7986655,51.49601212021548,5,85786.59375
2026-10-06,998478674.7730238,51.22110671500531,5,889785931.9392592,51.22110671500531,5,85557.5625
