rs_mode,symbol,signal_date,signal_close,rs_at_signal,entry_date,entry_price,qty,desired_qty,partial,stop_price,entry_cost,cost_basis,exit_date,exit_price,exit_type,exit_cost,net_pnl,pnl_pct,price_pnl_pct,bars_held,days_held,exit_signal_date
proxy,011780.KS,2016-10-10,74900.0,24.61152650997127,2016-10-11,75900.0,143.0,143.0,False,70587.0,21707.4,10875407.4,2016-10-27,70587.0,STOP,20187.882,-801654.2819999997,-7.371257485029936,-6.999999999999995,13,16,
proxy,005490.KS,2016-10-24,246500.0,20.29101106770492,2016-10-25,247000.0,43.0,43.0,False,229709.99999999997,21242.0,10642242.0,2016-11-09,229709.99999999997,STOP,19755.059999999998,-784467.0600000024,-7.371257485029963,-7.000000000000018,12,15,
proxy,032640.KS,2016-10-24,12150.0,10.02745819235353,2016-10-25,12100.0,880.0,880.0,False,11253.0,21296.0,10669296.0,2016-11-11,11253.0,STOP,19805.28,-786461.2799999993,-7.3712574850299335,-6.999999999999995,14,17,
proxy,005490.KS,2016-12-08,279000.0,30.123441201676766,2016-12-09,278000.0,37.0,37.0,False,258539.99999999997,20572.0,10306572.0,2016-12-19,258539.99999999997,STOP,19131.959999999995,-759723.9600000028,-7.371257485029966,-7.000000000000006,7,10,
proxy,047050.KS,2016-12-12,28800.0,26.822882978730732,2016-12-13,29050.0,365.0,365.0,False,27016.5,21206.5,10624456.5,2016-12-29,27016.5,STOP,19722.045000000002,-783156.0449999999,-7.371257485029939,-6.999999999999995,13,16,
proxy,055550.KS,2016-12-08,47300.0,15.606206676736875,2016-12-09,47250.0,221.0,221.0,False,43942.5,20884.5,10463134.5,2017-01-10,44800.0,EXIT_MA,19801.600000000002,-582136.0999999996,-5.563687439934941,-5.185185185185182,21,32,2017-01-09
proxy,161390.KS,2017-01-10,63300.0,15.73797529653223,2017-01-11,63200.0,164.0,164.0,False,58775.99999999999,20729.600000000002,10385529.6,2017-01-20,58775.99999999999,STOP,19278.528,-765544.1280000024,-7.371257485029963,-7.000000000000006,8,9,
proxy,036460.KS,2016-12-08,47100.0,15.016974704126184,2016-12-09,46550.0,222.0,222.0,False,43291.5,20668.2,10354768.2,2017-01-24,46050.0,EXIT_MA,20446.2,-152114.3999999985,-1.4690275732101712,-1.074113856068748,31,46,2017-01-23
proxy,000880.KS,2017-01-04,49117.25781,7.996391160465084,2017-01-05,49117.25781,212.0,212.0,False,45679.0497633,20825.717311440003,10433684.373031441,2017-01-25,47067.94922,EXIT_MA,19956.81046928,-475235.94886072166,-4.554823894127869,-4.172278098112336,14,20,2017-01-24
proxy,006040.KS,2016-12-14,66568.91406,18.36455095872936,2016-12-15,67057.67188,156.0,156.0,False,62363.63484839999,20921.99362656,10481918.806906559,2017-01-26,65786.89844,EXIT_MA,20525.51231328,-239688.1625798382,-2.2866821141746216,-1.8950455695420532,29,42,2017-01-25
proxy,034020.KS,2016-12-20,21927.80664,14.241406365555562,2016-12-21,21927.80664,476.0,476.0,False,20392.860175199996,20875.27192128,10458511.232561281,2017-01-26,21531.99805,EXIT_MA,20498.462143599998,-229778.62290488183,-2.1970490617201284,-1.8050532663763108,25,36,2017-01-25
proxy,011780.KS,2016-12-15,80100.0,27.8498577098858,2016-12-16,79400.0,129.0,129.0,False,73842.0,20485.2,10263085.2,2017-02-06,79900.0,EXIT_MA,20614.2,23400.60000000149,0.22800746114824705,0.6297229219143663,33,52,2017-02-03
proxy,103140.KS,2017-01-11,44300.0,40.25113720074226,2017-01-12,44350.0,43.0,237.0,True,41245.5,3814.1,1910864.1,2017-02-06,41245.5,STOP,3547.1130000000003,-140854.713,-7.371257485029939,-6.999999999999995,16,25,
proxy,005850.KS,2017-01-03,23250.0,43.45400962333686,2017-01-04,23350.0,449.0,449.0,False,21715.5,20968.3,10505118.3,2017-02-10,21715.5,STOP,19500.519,-774359.3190000001,-7.371257485029941,-6.999999999999995,26,37,
proxy,000660.KS,2017-01-09,49550.0,45.277028237878426,2017-01-10,49850.0,208.0,208.0,False,46360.5,20737.600000000002,10389537.6,2017-02-15,48300.0,EXIT_MA,20092.8,-363230.4000000004,-3.496117093796363,-3.1093279839518595,24,36,2017-02-14
proxy,005930.KS,2017-01-26,39900.0,36.63763907471891,2017-01-31,39900.0,257.0,257.0,False,37107.0,20508.600000000002,10274808.6,2017-02-15,37080.0,STOP,19059.12,-764307.7199999988,-7.438656521543368,-7.067669172932334,12,15,
proxy,006260.KS,2017-02-10,70200.0,40.992088047020864,2017-02-13,70400.0,148.0,148.0,False,65471.99999999999,20838.4,10440038.4,2017-03-02,65471.99999999999,STOP,19379.711999999996,-769562.1120000016,-7.371257485029956,-7.000000000000006,13,17,
proxy,085620.KS,2017-02-15,6280.0,28.9004542233005,2017-02-16,6300.0,1507.0,1639.0,True,5859.0,18988.2,9513088.2,2017-03-28,5930.0,EXIT_MA,17873.02,-594451.2199999988,-6.248772296676476,-5.873015873015874,27,40,2017-03-27
proxy,010140.KS,2017-03-07,10403.63867,34.6326385571073,2017-03-08,10445.75879,1.0,1018.0,True,9714.5556747,20.89151758,10466.65030758,2017-03-29,9714.5556747,STOP,19.4291113494,-771.5237442294001,-7.3712574850299415,-7.000000000000006,16,21,
proxy,086790.KS,2017-01-25,33950.0,21.903085538688366,2017-01-26,34200.0,300.0,300.0,False,31805.999999999996,20520.0,10280520.0,2017-04-05,36800.0,EXIT_MA,22080.0,737400.0,7.17278892507383,7.602339181286544,46,69,2017-04-04
proxy,105560.KS,2016-12-08,44400.0,22.90842493789792,2016-12-09,43800.0,235.0,235.0,False,40734.0,20586.0,10313586.0,2017-04-11,47150.0,EXIT_MA,22160.5,744503.5,7.218667687456137,7.648401826484008,83,123,2017-04-10
proxy,005940.KS,2017-01-26,11500.0,11.404305323324227,2017-01-31,11400.0,892.0,892.0,False,10602.0,20337.600000000002,10189137.6,2017-04-11,11850.0,EXIT_MA,21140.4,359922.0,3.532408866477571,3.9473684210526327,49,70,2017-04-10
proxy,139130.KS,2017-02-10,10850.0,15.431342158138273,2017-02-13,10850.0,98.0,962.0,True,10090.5,2126.6,1065426.6,2017-04-12,10800.0,EXIT_MA,2116.8,-9143.40000000014,-0.8581914511989976,-0.4608294930875556,41,58,2017-04-11
proxy,003230.KS,2017-02-01,43400.0,40.60006648329505,2017-02-02,43500.0,214.0,237.0,True,40455.0,18618.0,9327618.0,2017-04-19,56600.0,EXIT_MA,24224.8,2760557.1999999993,29.5955216004772,30.114942528735632,53,76,2017-04-18
proxy,005930.KS,2017-03-02,39720.0,30.388428012904406,2017-03-03,39340.0,245.0,266.0,True,36586.2,19276.600000000002,9657576.6,2017-04-21,40480.0,EXIT_MA,19835.2,240188.20000000112,2.4870442135556154,2.8978139298424077,35,49,2017-04-20
proxy,028670.KS,2017-02-16,4475.0,17.616969660743614,2017-02-17,4510.0,1.0,2281.0,True,4194.299999999999,9.02,4519.02,2017-04-25,5140.0,EXIT_MA,10.28,610.6999999999998,13.513991971710675,13.968957871396892,46,67,2017-04-24
proxy,011070.KS,2017-01-25,99100.0,17.1793453200718,2017-01-26,99500.0,102.0,102.0,False,92535.0,20298.0,10169298.0,2017-04-28,129500.0,EXIT_MA,26418.0,3013284.0,29.631189881543445,30.15075376884422,63,92,2017-04-27
proxy,032640.KS,2017-02-03,12100.0,2.8534655457818885,2017-02-06,12300.0,835.0,850.0,True,11439.0,20541.0,10291041.0,2017-05-04,14050.0,EXIT_MA,23463.5,1417245.5,13.771643704460997,14.22764227642277,60,87,2017-05-02
proxy,003670.KS,2017-02-14,12413.03711,10.199179164145287,2017-02-15,12460.7793,803.0,836.0,True,11588.524749,20012.011555800003,10026017.789455801,2017-05-15,13463.37109,EXIT_MA,21622.173970540003,763447.0218436606,7.614658560117111,8.045979836911176,58,89,2017-05-12
proxy,139130.KS,2017-05-16,12550.0,17.50706610204727,2017-05-17,12550.0,1.0,897.0,True,11671.5,25.1,12575.1,2017-05-25,11671.5,STOP,23.343,-926.9430000000011,-7.371257485029949,-6.999999999999995,7,8,
proxy,003230.KS,2017-05-08,62900.0,76.1473239384473,2017-05-10,62200.0,7.0,180.0,True,57845.99999999999,870.8000000000001,436270.8,2017-05-29,57845.99999999999,STOP,809.8439999999999,-32158.64400000003,-7.371257485029947,-7.000000000000006,14,19,
proxy,036570.KS,2017-03-29,304500.0,13.600167775410332,2017-03-30,306500.0,29.0,37.0,True,285045.0,17777.0,8906277.0,2017-06-21,347000.0,EXIT_MA,20126.0,1136597.0,12.761752188933714,13.2137030995106,54,83,2017-06-20
proxy,055550.KS,2017-04-25,48900.0,5.144073590248327,2017-04-26,48800.0,227.0,227.0,False,45384.0,22155.2,11099755.2,2017-06-22,48850.0,EXIT_MA,22177.9,-32983.09999999963,-0.29715159844245603,0.10245901639345245,36,57,2017-06-21
proxy,022100.KS,2017-05-23,7570.0,13.949087749848571,2017-05-24,7590.0,1.0,1507.0,True,7058.7,15.18,7605.18,2017-07-04,7360.0,EXIT_MA,14.72,-259.90000000000055,-3.4174076090243823,-3.0303030303030276,28,41,2017-07-03
proxy,032640.KS,2017-05-25,15650.0,14.341681917247199,2017-05-26,15700.0,1.0,734.0,True,14600.999999999998,31.400000000000002,15731.4,2017-07-06,15150.0,EXIT_MA,30.3,-611.6999999999989,-3.8884015408673034,-3.5031847133757954,28,41,2017-07-05
proxy,020150.KS,2017-06-26,31303.0332,83.74129202199157,2017-06-27,31156.98633,355.0,397.0,True,28975.997286899998,22121.460294300003,11082851.607444301,2017-07-06,28975.997286899998,STOP,20572.958073699,-816945.5286685023,-7.37125748502997,-7.000000000000006,8,9,
proxy,005940.KS,2017-04-25,13000.0,16.182747210760667,2017-04-26,13150.0,855.0,855.0,False,12229.5,22486.5,11265736.5,2017-07-11,14150.0,EXIT_MA,24196.5,808317.0,7.175003604957386,7.604562737642584,49,76,2017-07-10
proxy,010140.KS,2017-05-10,9603.359375,7.554171381850701,2017-05-11,9687.598633,6.0,1160.0,True,9009.466728689998,116.25118359599999,58241.842981596,2017-07-12,9856.079102,EXIT_MA,118.272949224,776.3586811799978,1.3329912678507128,1.7391355214292803,43,62,2017-07-11
proxy,003490.KS,2017-05-04,22257.53516,8.547633338491396,2017-05-08,22393.25195,504.0,504.0,False,20825.7243135,22572.397965600005,11308771.380765602,2017-07-17,24055.78125,EXIT_MA,24248.2275,791094.1417343989,6.995403082247489,7.424242373158307,48,70,2017-07-14
proxy,023530.KS,2017-04-27,268000.0,10.046867287259566,2017-04-28,265500.0,8.0,41.0,True,246914.99999999997,4248.0,2128248.0,2017-07-18,289000.0,EXIT_MA,4624.0,179128.0,8.416688280689092,8.851224105461398,52,81,2017-07-17
proxy,066970.KS,2017-07-17,24919.23828,66.49322010245476,2017-07-18,25011.36133,93.0,517.0,True,23260.5660369,4652.11320738,2330708.7168973796,2017-07-18,23260.5660369,STOP,4326.4652828634,-171802.5407485431,-7.371257485029929,-6.999999999999995,1,0,
proxy,007810.KS,2017-05-29,15150.0,31.357548467339612,2017-05-30,15300.0,26.0,770.0,True,14228.999999999998,795.6,398595.6,2017-07-26,14950.0,EXIT_MA,777.4,-10673.0,-2.677651233480751,-2.287581699346408,40,57,2017-07-25
proxy,181710.KS,2017-06-20,41550.0,32.70952096626199,2017-06-21,41200.0,243.0,290.0,True,38316.0,20023.2,10031623.2,2017-07-26,38316.0,STOP,18621.576,-739456.7759999987,-7.371257485029928,-6.999999999999995,26,35,
proxy,093370.KS,2017-07-11,11350.0,41.659067582060985,2017-07-12,11450.0,5.0,1096.0,True,10648.5,114.5,57364.5,2017-07-28,10648.5,STOP,106.485,-4228.485000000001,-7.3712574850299415,-6.999999999999995,13,16,
proxy,009150.KS,2017-04-27,72900.0,26.25323934372264,2017-04-28,72700.0,151.0,151.0,False,67611.0,21955.4,10999655.4,2017-07-31,90500.0,EXIT_MA,27331.0,2638513.5999999996,23.98723872749686,24.484181568088026,61,94,2017-07-28
proxy,006400.KS,2017-05-12,153000.0,23.19310201313548,2017-05-15,153500.0,70.0,73.0,True,142755.0,21490.0,10766490.0,2017-07-31,163500.0,EXIT_MA,22890.0,655620.0,6.089449764965184,6.514657980456029,54,77,2017-07-28
proxy,001820.KS,2017-07-10,21950.0,72.21095863608579,2017-07-11,21850.0,552.0,558.0,True,20320.5,24122.4,12085322.4,2017-07-31,20150.0,STOP,22245.600000000002,-984768.0,-8.148462799800855,-7.78032036613272,15,20,
proxy,005930.KS,2017-04-25,42700.0,24.317937377546073,2017-04-26,42700.0,260.0,260.0,False,39711.0,22204.0,11124204.0,2017-08-07,47500.0,EXIT_MA,24700.0,1201096.0,10.797141080835985,11.241217798594839,68,103,2017-08-04
proxy,000660.KS,2017-04-26,53700.0,30.72982616476344,2017-04-27,53800.0,206.0,206.0,False,50034.0,22165.600000000002,11104965.6,2017-08-07,64000.0,EXIT_MA,26368.0,2052666.4000000004,18.48422114878051,18.959107806691456,67,102,2017-08-04
proxy,005070.KS,2017-07-18,9949.423828,127.51256487892996,2017-07-19,9594.086914,225.0,1279.0,True,8922.500830019999,4317.3391113,2162986.8947613,2017-08-10,8922.500830019999,STOP,4015.1253735089995,-159439.3333803094,-7.371257485029958,-7.000000000000006,17,22,
proxy,001450.KS,2017-08-01,49200.0,30.06035641233678,2017-08-02,48800.0,247.0,247.0,False,45384.0,24107.2,12077707.2,2017-08-10,45384.0,STOP,22419.696,-890278.8959999997,-7.371257485029938,-6.999999999999995,7,8,
proxy,086790.KS,2017-04-24,39900.0,30.098518712610932,2017-04-25,39850.0,277.0,277.0,False,37060.5,22076.9,11060526.9,2017-09-04,48300.0,EXIT_MA,26758.2,2291814.9000000004,20.720666571499414,21.204516938519458,88,132,2017-09-01
proxy,005070.KS,2017-08-30,15368.30566,228.90258959527975,2017-08-31,15501.55762,785.0,785.0,False,14416.4485866,24337.4454634,12193060.1771634,2017-09-04,14346.71289,STOP,22524.339237300002,-953414.8977506999,-7.81932413928677,-7.449862512590522,3,4,
proxy,007810.KS,2017-08-30,17600.0,42.741220586745385,2017-08-31,17750.0,685.0,685.0,False,16507.5,24317.5,12183067.5,2017-09-05,16500.0,STOP,22605.0,-903172.5,-7.413342329425656,-7.042253521126762,4,5,
proxy,000150.KS,2017-08-01,142398.0156,12.254876073167086,2017-08-02,141848.2188,83.0,85.0,True,131918.84348399998,23546.804320799998,11796948.964720799,2017-09-07,135250.625,EXIT_MA,22451.603750000002,-593598.6934707984,-5.03179843573094,-4.651164361325066,25,36,2017-09-06
proxy,001430.KS,2017-07-14,32200.0,7.136438971254852,2017-07-17,32300.0,373.0,390.0,True,30038.999999999996,24095.8,12071995.8,2017-09-14,32800.0,EXIT_MA,24468.8,137935.3999999985,1.142606428010839,1.5479876160990669,42,59,2017-09-13
proxy,028670.KS,2017-07-12,5710.0,17.808504649280128,2017-07-13,5770.0,1.0,2168.0,True,5366.099999999999,11.540000000000001,5781.54,2017-09-15,6130.0,EXIT_MA,12.26,336.1999999999998,5.815059655385932,6.239168110918536,45,64,2017-09-14
proxy,010120.KS,2017-08-01,11840.0,16.080328136001448,2017-08-02,11880.0,1029.0,1029.0,False,11048.4,24449.04,12248969.04,2017-09-20,11520.0,EXIT_MA,23708.16,-418597.19999999925,-3.41740760902437,-3.0303030303030276,34,49,2017-09-19
proxy,001820.KS,2017-09-11,28100.0,146.2357823916139,2017-09-12,28600.0,424.0,424.0,False,26598.0,24252.8,12150652.8,2017-09-20,26598.0,STOP,22555.104,-895655.904000001,-7.371257485029949,-6.999999999999995,7,8,
proxy,093370.KS,2017-09-11,11950.0,46.32769354448038,2017-09-12,12250.0,905.0,997.0,True,11392.5,22172.5,11108422.5,2017-09-20,11392.5,STOP,20620.425,-818830.4250000007,-7.371257485029947,-6.999999999999995,7,8,
proxy,103140.KS,2017-07-27,49400.0,17.7862119826306,2017-07-28,49200.0,1.0,253.0,True,45756.0,98.4,49298.4,2017-09-21,51400.0,EXIT_MA,102.8,1998.7999999999956,4.054492640734781,4.471544715447151,38,55,2017-09-20
proxy,020150.KS,2017-07-07,33639.80859,95.8291685345428,2017-07-10,33396.39453,307.0,360.0,True,31058.646912899996,20505.386241419998,10273198.506951418,2017-09-25,34200.0,EXIT_MA,20998.8,205202.69304858148,1.9974567113614121,2.4062641530903095,53,77,2017-09-21
proxy,009150.KS,2017-09-11,109000.0,68.63471759757522,2017-09-12,110000.0,109.0,109.0,False,102300.0,23980.0,12013980.0,2017-09-25,102300.0,STOP,22301.4,-885581.4000000004,-7.371257485029943,-6.999999999999995,9,13,
proxy,051910.KS,2017-09-13,407500.0,45.646403041343945,2017-09-14,406500.0,29.0,29.0,False,378045.0,23577.0,11812077.0,2017-09-25,366000.0,STOP,21228.0,-1219305.0,-10.322528374984348,-9.963099630996307,7,11,
proxy,010060.KS,2017-09-19,102240.6328,18.287427900689675,2017-09-20,104082.8125,113.0,117.0,True,96797.015625,23522.715625,11784880.528125,2017-09-25,93490.3125,STOP,21128.810625000002,-1241604.0262499992,-10.535567359269116,-10.176992478945547,3,5,
proxy,066970.KS,2017-08-25,33716.97266,118.15377201462012,2017-08-28,32979.99219,357.0,357.0,False,30671.392736699996,23547.71442366,11797404.92625366,2017-09-29,30671.392736699996,STOP,21899.374414003796,-869617.0936657656,-7.371257485029956,-7.000000000000006,24,32,
proxy,068270.KS,2017-09-20,108241.7578,30.594672606518618,2017-09-21,110233.9375,106.0,106.0,False,102517.561875,23369.59475,11708166.96975,2017-09-29,102517.561875,STOP,21733.7231175,-863039.1341175009,-7.371257485029947,-6.999999999999995,6,8,
proxy,001450.KS,2017-10-10,47200.0,20.578699285480077,2017-10-11,46750.0,230.0,230.0,False,43477.5,21505.0,10774005.0,2017-10-19,46150.0,EXIT_MA,21229.0,-180734.0,-1.6775006137457704,-1.2834224598930466,6,8,2017-10-18
proxy,003670.KS,2017-07-25,20051.83008,48.86784143688169,2017-07-26,19717.63281,19.0,636.0,True,18337.3985133,749.27004678,375384.29343678,2017-10-27,27451.9082,EXIT_MA,1043.1725116,145158.78985162004,38.66938292027043,39.22517203017131,59,93,2017-10-26
proxy,006400.KS,2017-09-11,202500.0,58.62552743366912,2017-09-12,204000.0,58.0,58.0,False,189720.0,23664.0,11855664.0,2017-10-27,194500.0,EXIT_MA,22562.0,-597226.0,-5.0374740714649135,-4.656862745098033,26,45,2017-10-26
proxy,008930.KS,2017-10-19,89685.10938,28.25516593959454,2017-10-20,88797.14062,11.0,122.0,True,82581.3407766,1953.5370936400002,978722.08391364,2017-10-27,82581.3407766,STOP,1816.7894970852,-72144.12486812507,-7.371257485029926,-7.000000000000006,6,7,
proxy,005940.KS,2017-10-12,14700.0,10.903364009828287,2017-10-13,14700.0,3.0,748.0,True,13670.999999999998,88.2,44188.2,2017-11-10,13850.0,EXIT_MA,83.10000000000001,-2721.2999999999956,-6.158431436446825,-5.782312925170063,20,28,2017-11-09
proxy,088350.KS,2017-10-20,7760.0,3.487563100431351,2017-10-23,7760.0,3.0,1424.0,True,7216.799999999999,46.56,23326.56,2017-11-13,7216.799999999999,STOP,43.300799999999995,-1719.4608000000044,-7.371257485029958,-7.000000000000006,16,21,
proxy,011070.KS,2017-10-26,175000.0,41.65326775216375,2017-10-27,175000.0,62.0,62.0,False,162750.0,21700.0,10871700.0,2017-11-13,162750.0,STOP,20181.0,-801381.0,-7.371257485029941,-6.999999999999995,12,17,
proxy,010950.KS,2017-07-26,114500.0,15.007310308371775,2017-07-27,115000.0,80.0,108.0,True,106950.0,18400.0,9218400.0,2017-11-14,121000.0,EXIT_MA,19360.0,442240.0,4.797361798142845,5.217391304347818,70,110,2017-11-13
proxy,034730.KS,2017-09-27,287000.0,10.264965291087742,2017-09-28,289500.0,38.0,38.0,False,269235.0,22002.0,11023002.0,2017-11-14,280000.0,EXIT_MA,21280.0,-404282.0,-3.6676215789491833,-3.2815198618307395,27,47,2017-11-13
proxy,096770.KS,2017-10-10,193686.0156,18.62173207031945,2017-10-11,195580.2656,56.0,56.0,False,181889.647008,21904.9897472,10974399.8633472,2017-11-16,185635.5,EXIT_MA,20791.176,-599603.0393472016,-5.463652197964675,-5.084749000361322,26,36,2017-11-15
proxy,105560.KS,2017-10-10,57900.0,9.192587305651333,2017-10-11,57900.0,188.0,188.0,False,53847.0,21770.4,10906970.4,2017-11-22,55800.0,EXIT_MA,20980.8,-437551.2000000011,-4.011665787595803,-3.626943005181349,30,42,2017-11-21
proxy,008930.KS,2017-11-16,107444.5391,57.862188545101965,2017-11-17,105224.6094,65.0,108.0,True,97858.88674199999,13679.199222000001,6853278.810222001,2017-11-23,97232.86719,STOP,12640.2727347,-545782.7156067006,-7.963818935728092,-7.594936446492517,5,6,
proxy,006280.KS,2017-11-21,239000.0,31.663895178364776,2017-11-22,243500.0,43.0,48.0,True,226454.99999999997,20941.0,10491441.0,2017-11-23,226454.99999999997,STOP,19475.129999999997,-773351.1300000027,-7.3712574850299655,-7.000000000000018,2,1,
proxy,007810.KS,2017-11-24,19700.0,39.849185379658735,2017-11-27,19800.0,595.0,595.0,False,18414.0,23562.0,11804562.0,2017-11-27,18414.0,STOP,21912.66,-870144.6600000001,-7.3712574850299415,-6.999999999999995,1,0,
proxy,035720.KS,2017-09-15,27100.0,43.06619391624104,2017-09-18,27300.0,1.0,439.0,True,25389.0,54.6,27354.6,2017-11-29,29200.0,EXIT_MA,58.4,1787.0,6.532722101584378,6.959706959706957,45,72,2017-11-28
proxy,000660.KS,2017-09-13,75700.0,43.88150503105508,2017-09-14,76300.0,5.0,158.0,True,70959.0,763.0,382263.0,2017-11-30,77000.0,EXIT_MA,770.0,1967.0,0.5145671958834624,0.917431192660545,48,77,2017-11-29
proxy,068270.KS,2017-11-16,161587.9062,98.04326166884088,2017-11-17,159890.8594,72.0,72.0,False,148698.499242,23024.283753599997,11535166.160553599,2017-11-30,148698.499242,STOP,21412.583890848,-850286.7990204468,-7.371257485029931,-6.999999999999995,10,13,
proxy,066570.KS,2017-08-30,82300.0,23.60379322510669,2017-08-31,82700.0,31.0,146.0,True,76911.0,5127.400000000001,2568827.4,2017-12-01,90600.0,EXIT_MA,5617.2,234155.3999999999,9.115264030584536,9.552599758162028,59,92,2017-11-30
proxy,018260.KS,2017-10-11,177500.0,3.439906304936474,2017-10-12,178500.0,57.0,61.0,True,166005.0,20349.0,10194849.0,2017-12-01,190000.0,EXIT_MA,21660.0,613491.0,6.017656563623453,6.442577030812324,36,50,2017-11-30
proxy,020150.KS,2017-11-22,40500.0,85.65894086531462,2017-11-23,41050.0,1.0,291.0,True,38176.5,82.10000000000001,41132.1,2017-12-04,38176.5,STOP,76.35300000000001,-3031.9530000000013,-7.371257485029943,-6.999999999999995,8,11,
proxy,066970.KS,2017-11-09,39152.22266,103.20404730232123,2017-11-10,39152.22266,1.0,286.0,True,36411.5670738,78.30444532,39230.52710532,2017-12-07,36411.5670738,STOP,72.8231341476,-2891.783165667599,-7.371257485029938,-7.000000000000006,20,27,
proxy,051910.KS,2017-10-27,405500.0,28.486433543662148,2017-10-30,406000.0,2.0,27.0,True,377580.0,1624.0,813624.0,2017-12-08,393500.0,EXIT_MA,1574.0,-28198.0,-3.4657286412396884,-3.078817733990147,29,39,2017-12-07
proxy,022100.KS,2017-11-24,8360.0,19.256608630429202,2017-11-27,8400.0,503.0,1404.0,True,7811.999999999999,8450.4,4233650.4,2017-12-08,7811.999999999999,STOP,7858.871999999999,-312073.2720000008,-7.371257485029958,-7.000000000000006,10,11,
proxy,082740.KS,2017-11-02,3422.360596,3.677644513673034,2017-11-03,3327.514648,1.0,3232.0,True,3094.58862264,6.6550292959999995,3334.169677296,2017-12-14,3315.658936,EXIT_MA,6.6313178719999994,-25.142059168000287,-0.7540725758261473,-0.35629330759298083,29,41,2017-12-13
proxy,051900.KS,2017-10-18,1063000.0,7.908959812215216,2017-10-19,1065000.0,9.0,10.0,True,990449.9999999999,19170.0,9604170.0,2017-12-28,1190000.0,EXIT_MA,21420.0,1084410.0,11.291032957559061,11.737089201877925,48,70,2017-12-27
proxy,006400.KS,2018-01-05,220500.0,28.116904658527925,2018-01-08,224500.0,53.0,53.0,False,208785.0,23797.0,11922297.0,2018-01-11,216000.0,EXIT_MA,22896.0,-497193.0,-4.170278596481869,-3.786191536748329,3,3,2018-01-10
proxy,035720.KS,2018-01-08,31900.0,45.59630392810079,2018-01-09,31600.0,2.0,368.0,True,29387.999999999996,126.4,63326.4,2018-01-11,28400.0,STOP,113.60000000000001,-6640.0,-10.48535839712979,-10.126582278481012,3,2,
proxy,042700.KS,2017-09-28,4470.0,22.979668458819035,2017-09-29,4475.0,2385.0,2385.0,False,4161.75,21345.75,10694220.75,2018-01-15,5575.0,EXIT_MA,26592.75,2575561.5,24.08367622297305,24.581005586592177,66,108,2018-01-12
proxy,068270.KS,2018-01-12,257013.3125,193.9918595498916,2018-01-15,258518.5156,6.0,47.0,True,240422.219508,3102.2221872,1554213.3157872001,2018-01-17,240422.219508,STOP,2885.0666340960006,-114565.06537329592,-7.371257485029934,-7.000000000000006,3,2,
proxy,009420.KS,2018-01-12,39000.0,201.61574128839726,2018-01-15,37400.0,311.0,311.0,False,34782.0,23262.8,11654662.8,2018-01-19,34782.0,STOP,21634.404,-859095.2039999999,-7.371257485029939,-6.999999999999995,5,4,
proxy,009150.KS,2018-01-05,107000.0,26.866319163252538,2018-01-08,108000.0,41.0,110.0,True,100440.0,8856.0,4436856.0,2018-01-22,101000.0,EXIT_MA,8282.0,-304138.0,-6.854808900717084,-6.481481481481477,10,14,2018-01-19
proxy,018260.KS,2018-01-17,264000.0,52.10611570486265,2018-01-18,267000.0,5.0,46.0,True,248309.99999999997,2670.0,1337670.0,2018-01-22,248309.99999999997,STOP,2483.0999999999995,-98603.10000000033,-7.371257485029964,-7.000000000000006,3,4,
proxy,128940.KS,2017-09-20,389140.4062,10.978347169628693,2017-09-21,392187.375,25.0,29.0,True,364734.25875,19609.36875,9824293.74375,2018-01-23,504367.75,EXIT_MA,25218.3875,2759681.6187500004,28.090381769230476,28.60377007291477,77,124,2018-01-22
proxy,042700.KS,2018-01-24,6225.0,46.146421486261666,2018-01-25,6300.0,6.0,1916.0,True,5859.0,75.60000000000001,37875.6,2018-01-31,5859.0,STOP,70.308,-2791.907999999996,-7.371257485029929,-6.999999999999995,5,6,
proxy,010130.KS,2018-01-10,537000.0,4.689675747310595,2018-01-11,539000.0,21.0,21.0,False,501269.99999999994,22638.0,11341638.0,2018-02-02,501269.99999999994,STOP,21053.339999999997,-836021.3400000017,-7.371257485029956,-7.000000000000006,17,22,
proxy,010120.KS,2017-10-31,11980.0,10.172218621076166,2017-11-01,11940.0,12.0,925.0,True,11104.199999999999,286.56,143566.56,2018-02-05,12040.0,EXIT_MA,288.96,624.4800000000105,0.43497594425889324,0.8375209380234505,64,96,2018-02-02
proxy,071050.KS,2018-01-23,88500.0,47.56128263877796,2018-01-24,88500.0,135.0,135.0,False,82305.0,23895.0,11971395.0,2018-02-05,82305.0,STOP,22222.350000000002,-882442.3499999996,-7.371257485029938,-6.999999999999995,9,12,
proxy,001820.KS,2017-11-14,30600.0,113.2713643203342,2017-11-15,30600.0,362.0,362.0,False,28457.999999999996,22154.4,11099354.4,2018-02-06,39550.0,EXIT_MA,28634.2,3189111.4000000004,28.732404472101553,29.2483660130719,55,83,2018-02-05
proxy,022100.KS,2018-01-15,8840.0,21.611686374836463,2018-01-16,8940.0,24.0,1370.0,True,8314.199999999999,429.12,214989.12,2018-02-06,8314.199999999999,STOP,399.0816,-15847.401600000012,-7.371257485029946,-7.000000000000018,16,21,
proxy,039490.KS,2018-01-23,109000.0,31.496851592573794,2018-01-24,109500.0,42.0,110.0,True,101835.0,9198.0,4608198.0,2018-02-06,101500.0,STOP,8526.0,-353724.0,-7.675972256400441,-7.30593607305936,10,13,
proxy,008770.KS,2017-10-26,69400.0,17.313686886730746,2017-10-27,70800.0,12.0,158.0,True,65844.0,1699.2,851299.2,2018-02-08,83000.0,EXIT_MA,1992.0,142708.80000000005,16.76364784555184,17.231638418079086,70,104,2018-02-07
proxy,005490.KS,2018-01-03,357500.0,13.537260799572797,2018-01-04,362000.0,32.0,32.0,False,336660.0,23168.0,11607168.0,2018-02-12,355500.0,EXIT_MA,22752.0,-253920.0,-2.187613722830582,-1.7955801104972413,27,39,2018-02-09
proxy,010060.KS,2018-01-03,133097.0469,48.81002734536241,2018-01-04,136320.8438,86.0,86.0,False,126778.38473399999,23447.1851336,11747039.7519336,2018-03-06,142307.9062,EXIT_MA,24476.9598664,466963.2213999983,3.9751565608104342,4.391890655242547,40,61,2018-03-05
proxy,081660.KS,2018-03-08,21200.0,38.3905950658817,2018-03-09,21200.0,537.0,537.0,False,19716.0,22768.8,11407168.8,2018-03-13,19716.0,STOP,21174.984,-840851.784,-7.371257485029939,-6.999999999999995,3,4,
proxy,028050.KS,2018-03-12,18000.0,36.534988863754876,2018-03-13,18150.0,635.0,635.0,False,16879.5,23050.5,11548300.5,2018-03-14,16879.5,STOP,21436.965,-851254.9649999999,-7.371257485029939,-6.999999999999995,2,1,
proxy,051900.KS,2018-03-09,1154000.0,8.005693877353833,2018-03-12,1165000.0,9.0,9.0,False,1083450.0,20970.0,10505970.0,2018-03-15,1141000.0,EXIT_MA,20538.0,-257508.0,-2.451063538159732,-2.060085836909875,3,3,2018-03-14
proxy,112610.KS,2018-01-23,16261.50977,45.45513297266971,2018-01-24,16545.55273,738.0,738.0,False,15387.3640389,24421.23582948,12235039.15056948,2018-03-20,16001.13574,EXIT_MA,23617.67635224,-449818.6508017201,-3.6764790473170104,-3.2904128310737857,36,55,2018-03-19
proxy,010120.KS,2018-03-15,12800.0,10.929886178085892,2018-03-16,12960.0,881.0,881.0,False,12052.8,22835.52,11440595.52,2018-03-23,12052.8,STOP,21237.0336,-843315.7536000013,-7.371257485029951,-7.000000000000006,6,7,
proxy,003670.KS,2017-11-14,31844.21484,102.75534494614207,2017-11-15,32082.92578,348.0,348.0,False,29837.1209754,22329.71634288,11187187.88778288,2018-03-26,45307.58594,EXIT_MA,31534.079814239998,4548317.939522879,40.65649013091066,41.22024359836922,86,131,2018-03-23
proxy,051910.KS,2018-03-09,406500.0,12.774763134872039,2018-03-12,410500.0,27.0,27.0,False,381765.0,22167.0,11105667.0,2018-03-26,390500.0,EXIT_MA,21087.0,-583254.0,-5.251859253478427,-4.8721071863580985,10,14,2018-03-23
proxy,011780.KS,2018-03-21,97800.0,14.537451212781939,2018-03-22,98800.0,102.0,113.0,True,91884.0,20155.2,10097755.2,2018-03-26,96900.0,EXIT_MA,19767.600000000002,-233722.79999999888,-2.314601566098561,-1.9230769230769273,2,4,2018-03-23
proxy,066970.KS,2018-03-13,36158.23047,47.25628870191792,2018-03-14,36204.29297,292.0,311.0,True,33669.9924621,21143.307094480002,10592796.854334481,2018-04-05,34776.38672,EXIT_MA,20309.40984448,-458401.3419389613,-4.32748166742561,-3.9440246801206946,16,22,2018-04-04
proxy,096770.KS,2018-03-12,203157.2188,12.188263730284653,2018-03-13,200789.4219,45.0,56.0,True,186734.16236699998,18071.047970999996,9053595.033471,2018-04-11,192265.3438,EXIT_MA,17303.880942000003,-418958.4434129987,-4.627536816746451,-4.245282455290534,21,29,2018-04-10
proxy,207940.KS,2018-01-02,592580.0,65.65673830519523,2018-01-03,594862.0625,19.0,19.0,False,553221.718125,22604.758375,11324983.945875,2018-04-24,724940.625,EXIT_MA,27547.74375,2421340.1853749994,21.380517596733068,21.867012657241027,76,111,2018-04-23
proxy,017800.KS,2018-04-18,59600.0,55.36726965574646,2018-04-19,61466.66797,192.0,192.0,False,57164.001212099996,23603.20050048,11825203.45074048,2018-05-25,57164.001212099996,STOP,21950.976465446398,-871666.1944827288,-7.37125748502996,-7.000000000000006,24,36,
proxy,052690.KS,2018-04-16,31850.0,37.427925154216325,2018-04-17,32050.0,362.0,362.0,False,29806.499999999996,23204.2,11625304.2,2018-05-30,30700.0,EXIT_MA,22226.8,-534131.0,-4.594555039686617,-4.212168486739465,28,43,2018-05-29
proxy,024110.KS,2018-04-23,16600.0,9.854862122998545,2018-04-24,16600.0,703.0,703.0,False,15437.999999999998,23339.600000000002,11693139.6,2018-05-30,16000.0,EXIT_MA,22496.0,-467635.5999999996,-3.9992304547531417,-3.6144578313253017,23,36,2018-05-29
proxy,000720.KS,2018-05-28,79100.0,91.21930232698338,2018-05-29,78700.0,138.0,153.0,True,73191.0,21721.2,10882321.2,2018-05-30,73191.0,STOP,20200.716,-802163.9159999993,-7.3712574850299335,-6.999999999999995,2,1,
proxy,071050.KS,2018-04-24,87200.0,27.19162758128325,2018-04-25,86500.0,108.0,131.0,True,80445.0,18684.0,9360684.0,2018-06-19,84700.0,EXIT_MA,18295.2,-231379.19999999925,-2.4718193670462463,-2.0809248554913284,34,55,2018-06-18
proxy,082740.KS,2018-04-26,4908.281738,56.6170563401871,2018-04-27,4884.570312,8.0,2338.0,True,4542.65039016,78.153124992,39154.715620992,2018-06-19,3940.061768,STOP,63.040988288,-7697.2624652800005,-19.658583501889286,-19.336573816526116,33,53,
proxy,192820.KS,2018-04-16,156720.25,24.31169775242092,2018-04-17,156228.9688,73.0,73.0,False,145292.940984,22809.4294448,11427524.1518448,2018-06-25,156720.25,EXIT_MA,22881.1565,-9827.058344800025,-0.0859946407832671,0.31446229452420926,44,69,2018-06-22
proxy,008770.KS,2018-03-09,92200.0,33.94704159202925,2018-03-12,93500.0,122.0,122.0,False,86955.0,22814.0,11429814.0,2018-06-27,115500.0,EXIT_MA,28182.0,2633004.0,23.03628038041564,23.529411764705888,72,107,2018-06-26
proxy,003230.KS,2018-04-16,89300.0,37.9475852576565,2018-04-17,89900.0,129.0,129.0,False,83607.0,23194.2,11620294.2,2018-07-10,100500.0,EXIT_MA,25929.0,1318276.8000000007,11.344607781100764,11.790878754171308,55,84,2018-07-09
proxy,081660.KS,2018-03-20,21900.0,35.804417114134694,2018-03-21,22000.0,507.0,507.0,False,20460.0,22308.0,11176308.0,2018-07-24,31000.0,EXIT_MA,31434.0,4509258.0,40.346579568136455,40.90909090909092,84,125,2018-07-23
proxy,001820.KS,2018-04-16,57400.0,152.29883393060595,2018-04-17,57900.0,201.0,201.0,False,53847.0,23275.8,11661175.8,2018-08-01,90400.0,EXIT_MA,36340.8,6472883.3999999985,55.507982308267735,56.131260794473235,71,106,2018-07-31
proxy,180640.KS,2019-04-08,30400.0,35.44676674609088,2019-04-09,31600.0,418.0,418.0,False,29387.999999999996,26417.600000000002,13235217.6,2019-04-10,29387.999999999996,STOP,24568.368,-975601.9680000022,-7.371257485029957,-7.000000000000006,2,1,
proxy,003490.KS,2019-04-12,24157.56836,13.61384792425366,2019-04-15,25718.31055,528.0,528.0,False,23918.028811499997,27158.5359408,13606426.5063408,2019-04-17,23918.028811499997,STOP,25257.438424943994,-1002964.7322937474,-7.3712574850299655,-7.000000000000006,3,2,
proxy,112610.KS,2019-04-12,18770.56445,33.17810768043126,2019-04-15,18912.58594,680.0,680.0,False,17588.7049242,25721.116878400004,12886279.5560784,2019-04-19,17588.7049242,STOP,23920.638696912,-949880.8463193141,-7.371257485029956,-7.000000000000006,5,4,
proxy,018880.KS,2019-04-18,12800.0,11.926995745132347,2019-04-19,12750.0,993.0,993.0,False,11857.5,25321.5,12686071.5,2019-05-07,11857.5,STOP,23548.995,-935122.9949999992,-7.3712574850299335,-6.999999999999995,11,18,
proxy,005850.KS,2019-04-11,24050.0,21.33930849765841,2019-04-12,24100.0,529.0,529.0,False,22413.0,25497.8,12774397.8,2019-05-10,23400.0,EXIT_MA,24757.2,-420555.0,-3.2921708450319276,-2.904564315352698,18,28,2019-05-09
proxy,081660.KS,2019-02-27,56600.0,75.83204384360481,2019-02-28,56700.0,215.0,215.0,False,52731.0,24381.0,12214881.0,2019-05-31,77500.0,EXIT_MA,33325.0,4414294.0,36.13865742940926,36.68430335097001,63,92,2019-05-30
proxy,000270.KS,2019-04-03,36400.0,12.459344255596388,2019-04-04,36500.0,345.0,345.0,False,33945.0,25185.0,12617685.0,2019-06-03,38900.0,EXIT_MA,26841.0,775974.0,6.149891996828261,6.57534246575342,40,60,2019-05-31
proxy,086280.KS,2019-04-18,73250.0,10.480065569520228,2019-04-19,73500.0,173.0,173.0,False,68355.0,25431.0,12740931.0,2019-07-04,76750.0,EXIT_MA,26555.5,510263.5,4.004915339389249,4.421768707482987,51,76,2019-07-03
proxy,011790.KS,2019-11-04,47100.0,20.986761063693855,2019-11-05,46950.0,262.0,262.0,False,43663.5,24601.8,12325501.8,2019-11-07,43663.5,STOP,22879.674,-908544.4740000013,-7.37125748502995,-6.999999999999995,3,2,
proxy,000990.KS,2019-11-15,18500.0,31.824068268459925,2019-11-18,18600.0,662.0,662.0,False,17298.0,24626.4,12337826.4,2019-11-21,17298.0,STOP,22902.552,-909452.9519999996,-7.371257485029936,-6.999999999999995,4,3,
proxy,011210.KS,2019-11-12,54200.0,32.067487003306866,2019-11-13,54400.0,225.0,225.0,False,50592.0,24480.0,12264480.0,2019-11-22,50592.0,STOP,22766.4,-904046.4000000004,-7.371257485029943,-6.999999999999995,8,9,
proxy,005930.KS,2019-11-06,53300.0,16.56703245249239,2019-11-07,53400.0,230.0,230.0,False,49662.0,24564.0,12306564.0,2019-12-02,50900.0,EXIT_MA,23414.0,-622978.0,-5.062160323547661,-4.681647940074907,17,25,2019-11-29
proxy,012330.KS,2019-11-15,257500.0,11.773050266423748,2019-11-18,254000.0,47.0,47.0,False,236219.99999999997,23876.0,11961876.0,2019-12-02,245000.0,EXIT_MA,23030.0,-469906.0,-3.9283637449510427,-3.543307086614178,10,14,2019-11-29
proxy,180640.KS,2019-12-23,46200.0,54.801292582339265,2019-12-24,47750.0,61.0,266.0,True,44407.5,5825.5,2918575.5,2019-12-24,44407.5,STOP,5417.715,-215135.71499999985,-7.371257485029934,-6.999999999999995,1,0,
proxy,029780.KS,2019-12-18,41650.0,15.543431421150316,2019-12-19,41600.0,297.0,297.0,False,38688.0,24710.4,12379910.4,2019-12-27,38688.0,STOP,22980.672,-912555.0720000006,-7.371257485029944,-6.999999999999995,6,8,
proxy,004800.KS,2019-12-24,102451.4375,10.051763065226291,2019-12-26,102940.4688,26.0,119.0,True,95734.635984,5352.904377600001,2681805.0931776003,2019-12-30,97438.89844,EXIT_MA,5066.822718880001,-153460.55645648018,-5.722285965034423,-5.344419375715914,2,4,2019-12-27
proxy,000500.KS,2019-12-12,10478.56543,31.172573204347763,2019-12-13,10566.62012,1138.0,1138.0,False,9826.9567116,24049.627393119998,12048863.32395312,2020-01-02,9826.9567116,STOP,22366.1534756016,-888152.739627922,-7.371257485029943,-6.999999999999995,12,20,
proxy,012330.KS,2019-12-17,263500.0,16.049546793851437,2019-12-18,259500.0,46.0,46.0,False,241334.99999999997,23874.0,11960874.0,2020-01-03,249000.0,EXIT_MA,22908.0,-529782.0,-4.429291705606129,-4.046242774566478,9,16,2020-01-02
proxy,028050.KS,2019-12-13,19900.0,15.363497661105413,2019-12-16,19900.0,600.0,600.0,False,18507.0,23880.0,11963880.0,2020-01-08,18507.0,STOP,22208.4,-881888.4000000004,-7.371257485029943,-6.999999999999995,15,23,
proxy,035420.KS,2019-11-14,180000.0,35.50685487179347,2019-11-15,177000.0,67.0,67.0,False,164610.0,23718.0,11882718.0,2020-01-29,183000.0,EXIT_MA,24522.0,353760.0,2.9770966541493284,3.3898305084745672,48,75,2020-01-28
proxy,204320.KS,2020-01-23,39000.0,12.60441213300821,2020-01-28,37700.0,1.0,325.0,True,35061.0,75.4,37775.4,2020-01-30,35061.0,STOP,70.122,-2784.5220000000045,-7.371257485029951,-6.999999999999995,3,2,
proxy,229640.KS,2020-01-03,8470.0,16.178585446011233,2020-01-06,8460.0,1427.0,1427.0,False,7867.799999999999,24144.84,12096564.84,2020-01-31,8050.0,EXIT_MA,22974.7,-632189.5399999991,-5.22619064471529,-4.846335697399528,17,25,2020-01-30
proxy,014680.KS,2019-12-18,105000.0,26.9998115486156,2019-12-19,106500.0,117.0,117.0,False,99045.0,24921.0,12485421.0,2020-02-19,106500.0,EXIT_MA,24921.0,-49842.0,-0.39920159680638717,0.0,39,62,2020-02-18
proxy,207940.KS,2020-02-06,789599.5625,40.602348143561194,2020-02-07,792642.3125,15.0,15.0,False,737157.350625,23779.269375,11913413.956875,2020-02-21,737157.350625,STOP,22114.720518749997,-878168.4180187508,-7.371257485029947,-7.000000000000006,11,14,
proxy,000990.KS,2019-12-12,21700.0,54.56600738480692,2019-12-13,22000.0,549.0,549.0,False,20460.0,24156.0,12102156.0,2020-02-25,27200.0,EXIT_MA,29865.600000000002,2800778.4000000004,23.142805298493922,23.636363636363633,47,74,2020-02-24
proxy,005930.KS,2019-12-13,54700.0,18.892296730229305,2019-12-16,54500.0,218.0,218.0,False,50685.0,23762.0,11904762.0,2020-02-25,56200.0,EXIT_MA,24503.2,322334.80000000075,2.7076122983391078,3.119266055045866,46,71,2020-02-24
proxy,011070.KS,2020-01-09,145500.0,29.908640416124072,2020-01-10,146000.0,78.0,84.0,True,135780.0,22776.0,11410776.0,2020-02-25,143000.0,EXIT_MA,22308.0,-279084.0,-2.445793344817215,-2.0547945205479423,30,46,2020-02-24
proxy,036570.KS,2020-02-19,687000.0,30.48413703750811,2020-02-20,700000.0,17.0,18.0,True,651000.0,23800.0,11923800.0,2020-02-25,651000.0,STOP,22134.0,-878934.0,-7.371257485029941,-6.999999999999995,4,5,
proxy,000660.KS,2019-12-13,87900.0,18.48567541746223,2019-12-16,87200.0,135.0,135.0,False,81096.0,23544.0,11795544.0,2020-02-27,94700.0,EXIT_MA,25569.0,963387.0,8.167380834660953,8.600917431192666,48,73,2020-02-26
proxy,007810.KS,2020-02-07,12300.0,79.51320127732596,2020-02-10,12350.0,956.0,1011.0,True,11485.5,23613.2,11830213.2,2020-02-28,11200.0,STOP,21414.4,-1144427.5999999996,-9.673769869168543,-9.311740890688258,15,18,
proxy,011790.KS,2020-01-07,52200.0,32.17578336232127,2020-01-08,51600.0,233.0,233.0,False,47988.0,24045.600000000002,12046845.6,2020-03-02,52000.0,EXIT_MA,24232.0,44922.40000000037,0.37289761562147333,0.7751937984496138,36,54,2020-02-28
proxy,020150.KS,2020-01-13,46750.0,17.442827771353826,2020-01-14,47450.0,1.0,266.0,True,44128.5,94.9,47544.9,2020-03-02,46750.0,EXIT_MA,93.5,-888.4000000000015,-1.8685495184551895,-1.475237091675452,32,48,2020-02-28
proxy,035720.KS,2020-01-07,32000.0,30.508817000859533,2020-01-08,31700.0,380.0,380.0,False,29480.999999999996,24092.0,12070092.0,2020-03-12,33400.0,EXIT_MA,25384.0,596524.0,4.942166140904311,5.362776025236604,44,64,2020-03-11
proxy,000990.KS,2020-05-26,32700.0,76.51516795473837,2020-05-27,32150.0,357.0,357.0,False,29899.499999999996,22955.100000000002,11500505.1,2020-05-28,29899.499999999996,STOP,21348.242999999995,-847731.8430000022,-7.37125748502996,-7.000000000000006,2,1,
proxy,006400.KS,2020-05-26,388000.0,47.74337550949003,2020-05-27,378000.0,30.0,30.0,False,351540.0,22680.0,11362680.0,2020-05-28,351540.0,STOP,21092.4,-837572.4000000004,-7.371257485029943,-6.999999999999995,2,1,
proxy,011200.KS,2020-06-04,5520.0,56.10767479246061,2020-06-05,5520.0,2097.0,2097.0,False,5133.599999999999,23150.88,11598590.88,2020-06-08,5133.599999999999,STOP,21530.3184,-854961.9984000009,-7.371257485029947,-7.000000000000006,2,3,
proxy,039490.KS,2020-06-02,89400.0,23.14738636504236,2020-06-03,91900.0,128.0,128.0,False,85467.0,23526.4,11786726.4,2020-06-12,83100.0,STOP,21273.600000000002,-1171200.0,-9.936601226274327,-9.575625680087052,8,9,
proxy,097950.KS,2020-06-10,329500.0,21.035006762751312,2020-06-11,327500.0,35.0,35.0,False,304575.0,22925.0,11485425.0,2020-06-12,304575.0,STOP,21320.25,-846620.25,-7.371257485029941,-6.999999999999995,2,1,
proxy,039490.KS,2020-06-18,96600.0,33.3492197849175,2020-06-19,97900.0,125.0,125.0,False,91047.0,24475.0,12261975.0,2020-06-25,91047.0,STOP,22761.75,-903861.75,-7.371257485029941,-6.999999999999995,5,6,
proxy,003230.KS,2020-06-17,137000.0,58.339909240995105,2020-06-18,137500.0,89.0,89.0,False,127874.99999999999,24475.0,12261975.0,2020-06-29,127500.0,STOP,22695.0,-937170.0,-7.642896026129558,-7.272727272727275,8,11,
proxy,281820.KS,2020-07-06,24100.0,21.254818553723975,2020-07-07,24400.0,417.0,511.0,True,22692.0,20349.600000000002,10195149.6,2020-07-15,22692.0,STOP,18925.128,-751510.7280000001,-7.3712574850299415,-6.999999999999995,7,8,
proxy,001440.KS,2020-07-20,6584.70459,16.536723494239645,2020-07-21,6851.089844,1.0,1887.0,True,6371.5135549199995,13.702179688000001,6864.792023688,2020-07-21,6371.5135549199995,STOP,12.74302710984,-506.0214958778406,-7.371257485029949,-7.000000000000006,1,0,
proxy,011070.KS,2020-06-11,167000.0,39.45903020898138,2020-06-12,159500.0,71.0,71.0,False,148335.0,22649.0,11347149.0,2020-07-24,158500.0,EXIT_MA,22507.0,-116156.0,-1.0236580131273503,-0.6269592476489061,30,42,2020-07-23
proxy,207940.KS,2020-06-04,988901.1875,71.7411637430253,2020-06-05,981294.25,11.0,11.0,False,912603.6525,21588.4735,10815825.2235,2020-08-03,1107569.375,EXIT_MA,24366.52625,1343071.3752500005,12.417650502819264,12.868222248321537,41,59,2020-07-31
proxy,068270.KS,2020-06-01,183373.1719,36.692685826197675,2020-06-02,185388.25,62.0,62.0,False,172411.07249999998,22988.143,11517059.643,2020-08-13,243825.8594,EXIT_MA,30234.4065656,3569909.2332344,30.996707005890777,31.52174390771798,52,72,2020-08-12
proxy,004370.KS,2020-06-17,375000.0,40.00716819294847,2020-06-18,379500.0,32.0,32.0,False,352935.0,24288.0,12168288.0,2020-08-19,366500.0,EXIT_MA,23456.0,-463744.0,-3.8110866540962873,-3.4255599472990728,43,62,2020-08-18
proxy,192820.KS,2020-08-14,112995.7969,13.326214339211214,2020-08-18,111521.9375,1.0,125.0,True,103715.401875,223.043875,111744.981375,2020-08-20,103715.401875,STOP,207.43080375,-8237.010303750008,-7.371257485029947,-7.000000000000006,3,2,
proxy,005070.KS,2020-07-16,14091.61035,46.045649290592756,2020-07-17,14091.61035,1.0,875.0,True,13105.197625499999,28.183220700000003,14119.793570700002,2020-08-21,13943.79688,EXIT_MA,27.88759376,-203.88428446000216,-1.4439608018284535,-1.048946616665436,24,35,2020-08-20
proxy,011200.KS,2020-07-30,5850.0,55.33366305712123,2020-07-31,5900.0,2.0,2213.0,True,5487.0,23.6,11823.6,2020-08-21,5487.0,STOP,21.948,-871.5480000000007,-7.371257485029946,-6.999999999999995,15,21,
proxy,271560.KS,2020-08-13,157500.0,25.93441999551166,2020-08-14,157500.0,6.0,93.0,True,146475.0,1890.0,946890.0,2020-08-26,146475.0,STOP,1757.7,-69797.69999999995,-7.371257485029934,-6.999999999999995,8,12,
proxy,042700.KS,2020-07-13,4465.0,11.203639580304461,2020-07-14,4435.0,1.0,2872.0,True,4124.549999999999,8.870000000000001,4443.87,2020-08-28,4900.0,EXIT_MA,9.8,446.3299999999999,10.043723151217293,10.484780157835406,32,45,2020-08-27
proxy,207940.KS,2020-08-12,1282528.75,77.07054678990544,2020-08-13,1273400.5,11.0,11.0,False,1184262.4649999999,28014.811,14035420.311,2020-08-31,1184262.4649999999,STOP,26053.77423,-1034586.970230002,-7.371257485029954,-7.000000000000006,12,18,
proxy,011070.KS,2020-09-02,169000.0,16.304417325050043,2020-09-03,168500.0,77.0,87.0,True,156705.0,25949.0,13000449.0,2020-09-04,155500.0,EXIT_MA,23947.0,-1050896.0,-8.083536191711532,-7.71513353115727,1,1,2020-09-03
proxy,035720.KS,2020-08-27,82100.0,108.07152301051137,2020-08-28,82700.0,153.0,180.0,True,76911.0,25306.2,12678406.2,2020-09-08,76911.0,STOP,23534.766,-934557.966,-7.371257485029941,-6.999999999999995,8,11,
proxy,035420.KS,2020-06-22,270000.0,69.56210389995707,2020-06-23,272000.0,41.0,45.0,True,252959.99999999997,22304.0,11174304.0,2020-09-15,304000.0,EXIT_MA,24928.0,1264768.0,11.318539391804626,11.764705882352944,59,84,2020-09-14
proxy,001440.KS,2020-09-04,6992.606934,13.982709067998039,2020-09-07,7408.833496,12.0,2194.0,True,6890.21515128,177.81200390400002,89083.813955904,2020-09-17,6890.21515128,STOP,165.36516363072,-6566.59730417472,-7.371257485029941,-7.000000000000006,9,10,
proxy,051910.KS,2020-06-04,417500.0,15.313246544686784,2020-06-05,421500.0,27.0,27.0,False,391995.0,22761.0,11403261.0,2020-09-18,653000.0,EXIT_MA,35262.0,6192477.0,54.304439756311815,54.92289442467377,74,105,2020-09-17
proxy,066970.KS,2020-09-18,43758.35547,99.66246789945454,2020-09-21,43949.85547,336.0,336.0,False,40873.3655871,29534.30287584,14796685.74079584,2020-09-21,40873.3655871,STOP,27466.9016745312,-1090701.8052047715,-7.3712574850299415,-7.000000000000006,1,0,
proxy,251270.KS,2020-09-03,194500.0,92.34921206957189,2020-09-04,188500.0,63.0,77.0,True,175305.0,23751.0,11899251.0,2020-09-23,175305.0,STOP,22088.43,-877124.4299999997,-7.371257485029938,-6.999999999999995,14,19,
proxy,003670.KS,2020-06-09,60441.94141,8.280184711475773,2020-06-10,60250.97266,192.0,192.0,False,56033.4045738,23136.37350144,11591323.12422144,2020-09-25,75242.10156,EXIT_MA,28892.96699904,2826267.4082995187,24.382612562958396,24.881140068220752,76,107,2020-09-24
proxy,000100.KS,2020-07-24,46482.69141,17.095970332034984,2020-07-27,47469.93359,236.0,267.0,True,44147.0382387,22405.80865448,11225310.13589448,2020-09-25,51665.71484,EXIT_MA,24386.21740448,943412.3489410412,8.404332152252524,8.838818453463947,43,60,2020-09-24
proxy,011790.KS,2020-08-03,77000.0,52.245314827761305,2020-08-04,78000.0,155.0,175.0,True,72540.0,24180.0,12114180.0,2020-09-25,78700.0,EXIT_MA,24397.0,59923.0,0.4946517221966324,0.8974358974358942,37,52,2020-09-24
proxy,000990.KS,2020-07-15,31850.0,54.49856369144476,2020-07-16,32100.0,293.0,392.0,True,29852.999999999996,18810.600000000002,9424110.6,2020-09-28,37050.0,EXIT_MA,21711.3,1409828.0999999996,14.959800026115989,15.420560747663558,51,74,2020-09-25
proxy,192820.KS,2020-10-12,123804.0859,28.86386462287075,2020-10-13,123312.8047,115.0,115.0,False,114680.90837099998,28361.945081,14209334.485581,2020-10-15,114680.90837099998,STOP,26376.608925329994,-1047406.6318413317,-7.371257485029953,-7.000000000000006,3,2,
proxy,011780.KS,2020-10-08,141000.0,77.97019700787314,2020-10-12,139000.0,101.0,101.0,False,129269.99999999999,28078.0,14067078.0,2020-10-19,129269.99999999999,STOP,26112.539999999997,-1036920.540000001,-7.371257485029947,-7.000000000000006,6,7,
proxy,112610.KS,2020-07-06,22250.10156,30.582539482053285,2020-07-07,22534.14453,553.0,553.0,False,20956.7544129,24922.76385018,12486304.68894018,2020-10-20,46157.125,EXIT_MA,51049.78025,12987535.655809818,104.01424584259588,104.83193821070249,70,105,2020-10-19
proxy,103140.KS,2020-10-22,27700.0,13.840894488718824,2020-10-23,27800.0,486.0,486.0,False,25854.0,27021.600000000002,13537821.6,2020-10-27,25854.0,STOP,25130.088,-997907.6879999992,-7.3712574850299335,-6.999999999999995,3,4,
proxy,011780.KS,2020-11-05,154000.0,96.76702557824626,2020-11-06,153000.0,90.0,90.0,False,142290.0,27540.0,13797540.0,2020-11-10,142290.0,STOP,25612.2,-1017052.1999999993,-7.371257485029934,-6.999999999999995,3,4,
proxy,036570.KS,2020-11-04,837000.0,15.489116690128157,2020-11-05,847000.0,16.0,16.0,False,787710.0,27104.0,13579104.0,2020-11-11,783000.0,EXIT_MA,25056.0,-1076160.0,-7.92511788701228,-7.5560802833530065,4,6,2020-11-10
proxy,051910.KS,2020-11-06,720000.0,57.26337446157584,2020-11-09,739000.0,19.0,19.0,False,687270.0,28082.0,14069082.0,2020-11-11,687270.0,STOP,26116.260000000002,-1037068.2599999998,-7.371257485029939,-6.999999999999995,3,2,
proxy,112610.KS,2020-11-09,61779.53516,168.12897691658972,2020-11-10,60832.72266,8.0,229.0,True,56574.432073799995,973.32356256,487635.10484256,2020-11-12,56574.432073799995,STOP,905.1909131808,-35944.839165340876,-7.371257485029956,-7.000000000000006,3,2,
proxy,082740.KS,2020-11-17,4378.724609,19.681740023794205,2020-11-18,4418.243652,1.0,3122.0,True,4108.96659636,8.836487304,4427.080139304,2020-11-19,4108.96659636,STOP,8.21793319272,-326.3314761367201,-7.3712574850299415,-7.000000000000006,2,1,
proxy,026960.KS,2020-09-08,26650.0,39.98700625299916,2020-09-09,26500.0,442.0,558.0,True,24645.0,23426.0,11736426.0,2020-11-25,28750.0,EXIT_MA,25415.0,945659.0,8.05746996572892,8.490566037735858,51,77,2020-11-24
proxy,336260.KS,2020-11-24,46900.0,222.29833662286222,2020-11-25,46800.0,270.0,300.0,True,43524.0,25272.0,12661272.0,2020-12-03,43524.0,STOP,23502.96,-933294.9600000009,-7.371257485029947,-6.999999999999995,7,8,
proxy,009830.KS,2020-08-05,31015.56641,66.08618195450337,2020-08-06,31337.52734,1.0,454.0,True,29143.900426199998,62.67505468,31400.20239468,2020-12-07,48401.45312,EXIT_MA,96.80290624,16904.447819079996,53.83547407307172,54.45204911945678,82,123,2020-12-04
proxy,006800.KS,2020-11-25,9867.761719,14.012836653031993,2020-11-26,9837.980469,2.0,1419.0,True,9149.32183617,39.351921876,19715.312859876,2020-12-30,9222.486328,EXIT_MA,36.889945312,-1307.230149187999,-6.630532107093434,-6.256305782873362,23,34,2020-12-29
proxy,068270.KS,2020-11-11,238989.6406,18.090337318205236,2020-11-12,237780.5938,45.0,56.0,True,221135.952234,21400.253442,10721526.974442001,2021-01-18,269256.2812,EXIT_MA,24233.065308,1370772.6142499987,12.78523681857677,13.237281855925808,44,67,2021-01-15
proxy,207940.KS,2020-11-04,1115176.25,21.65664062017425,2020-11-05,1166903.375,12.0,12.0,False,1085220.13875,28005.681,14030846.181,2021-01-19,1195809.75,EXIT_MA,28699.434,290171.3849999998,2.068096116632923,2.4771866822306476,50,75,2021-01-18
proxy,047040.KS,2021-01-19,6490.0,50.48403568922014,2021-01-20,6610.0,1363.0,2716.0,True,6147.299999999999,18018.86,9027448.86,2021-01-26,6147.299999999999,STOP,16757.5398,-665436.4998000003,-7.371257485029944,-7.000000000000006,5,6,
proxy,011780.KS,2021-01-26,220500.0,90.84668380552733,2021-01-27,230000.0,36.0,84.0,True,213900.0,16560.0,8296560.0,2021-01-27,213900.0,STOP,15400.800000000001,-611560.7999999998,-7.371257485029938,-6.999999999999995,1,0,
proxy,082740.KS,2020-12-03,5848.837891,36.65529010625734,2020-12-04,5943.684082,1970.0,2479.0,True,5527.626196259999,23418.115283080002,11732475.75682308,2021-01-29,5967.395508,EXIT_MA,23511.53830152,-218.14436460100114,-0.001859320821303536,0.39893483019746157,37,56,2021-01-28
proxy,011200.KS,2020-09-10,7080.0,60.67197178813901,2020-09-11,7200.0,1.0,2107.0,True,6696.0,14.4,7214.4,2021-02-01,13350.0,EXIT_MA,26.7,6108.9,84.67648037258816,85.41666666666667,94,143,2021-01-29
proxy,281820.KS,2020-11-06,24500.0,2.862141397432802,2020-11-09,25050.0,576.0,576.0,False,23296.5,28857.600000000002,14457657.6,2021-02-01,26450.0,EXIT_MA,30470.4,747072.0,5.167310090398047,5.588822355289413,57,84,2021-01-29
proxy,004020.KS,2020-12-04,37800.0,20.497375630770044,2020-12-07,38050.0,1.0,391.0,True,35386.5,76.10000000000001,38126.1,2021-02-01,38250.0,EXIT_MA,76.5,47.400000000001455,0.12432428179121771,0.5256241787122251,37,56,2021-01-29
proxy,022100.KS,2020-12-29,7850.0,20.92348217470372,2020-12-30,7770.0,2.0,2078.0,True,7226.099999999999,31.080000000000002,15571.08,2021-02-10,7800.0,EXIT_MA,31.2,-2.280000000000655,-0.014642529612593698,0.38610038610038533,28,42,2021-02-09
proxy,006280.KS,2020-10-23,269000.0,67.6354394695964,2020-10-26,272500.0,50.0,50.0,False,253424.99999999997,27250.0,13652250.0,2021-02-19,408000.0,EXIT_MA,40800.0,6706950.0,49.12706696698346,49.72477064220185,79,116,2021-02-18
proxy,066970.KS,2020-11-05,40167.67969,47.02563947379083,2020-11-06,40407.05859,348.0,348.0,False,37578.564488699994,28123.312778640004,14089779.702098642,2021-02-24,67887.6875,EXIT_MA,47249.830500000004,9487885.71740136,67.33877972547832,68.0094762374041,73,110,2021-02-23
proxy,000240.KS,2021-02-03,20600.0,11.314719393978013,2021-02-04,20500.0,893.0,893.0,False,19065.0,36613.0,18343113.0,2021-02-24,19065.0,STOP,34050.090000000004,-1352118.0899999999,-7.371257485029939,-6.999999999999995,13,20,
proxy,006400.KS,2020-11-05,484000.0,43.35395586091942,2020-11-06,494000.0,28.0,28.0,False,459419.99999999994,27664.0,13859664.0,2021-02-25,704000.0,EXIT_MA,39424.0,5812912.0,41.94121877702086,42.510121457489866,74,111,2021-02-24
proxy,000270.KS,2020-11-11,58100.0,36.142966621699046,2020-11-12,58600.0,232.0,232.0,False,54497.99999999999,27190.4,13622390.4,2021-02-25,76500.0,EXIT_MA,35496.0,4090113.5999999996,30.024933069015546,30.546075085324233,70,105,2021-02-24
proxy,307950.KS,2020-11-13,81000.0,66.22393989240997,2020-11-16,81200.0,5.0,167.0,True,75516.0,812.0,406812.0,2021-02-25,130500.0,EXIT_MA,1305.0,244383.0,60.0727117194183,60.71428571428572,68,101,2021-02-24
proxy,012450.KS,2021-01-18,42986.64062,9.315980961015292,2021-01-19,44152.94531,393.0,393.0,False,41062.2391383,34704.21501366,17386811.72184366,2021-02-26,41062.2391383,STOP,32274.9199627038,-1281626.660454465,-7.371257485029947,-7.000000000000006,27,38,
proxy,005070.KS,2021-02-16,20989.60156,22.32894665436273,2021-02-17,21383.77344,2.0,856.0,True,19886.9092992,85.53509376000001,42853.08197376,2021-02-26,19886.9092992,STOP,79.54763719680001,-3158.8110125568055,-7.371257485029953,-7.000000000000006,8,9,
proxy,026960.KS,2021-02-05,38500.0,39.994293767023606,2021-02-08,39300.0,220.0,482.0,True,36549.0,17292.0,8663292.0,2021-03-05,36549.0,STOP,16081.56,-638593.5599999996,-7.371257485029934,-6.999999999999995,17,25,
proxy,020150.KS,2021-01-27,67500.0,9.273848964114851,2021-01-28,65100.0,118.0,271.0,True,60542.99999999999,15363.6,7697163.6,2021-03-09,62500.0,EXIT_MA,14750.0,-336913.5999999996,-4.377113668208892,-3.9938556067588338,25,40,2021-03-08
proxy,000660.KS,2021-02-25,148500.0,31.57843957544254,2021-02-26,143500.0,111.0,111.0,False,133455.0,31857.0,15960357.0,2021-03-09,133455.0,STOP,29627.010000000002,-1176479.0099999998,-7.371257485029939,-6.999999999999995,7,11,
proxy,272210.KS,2020-12-08,11360.79199,1.8176393668092539,2020-12-09,11493.92676,1.0,1289.0,True,10689.3518868,22.98785352,11516.91461352,2021-03-10,16863.67578,EXIT_MA,33.72735156,5313.0338149200015,46.13244079002631,46.7181419555174,59,91,2021-03-09
proxy,088350.KS,2021-02-17,3300.0,45.08366576947873,2021-02-18,3290.0,3.0,5415.0,True,3059.7,19.740000000000002,9889.74,2021-03-18,3059.7,STOP,18.358199999999997,-728.9982000000018,-7.371257485029958,-7.000000000000006,20,28,
proxy,267260.KS,2021-03-17,21550.0,45.09884091244909,2021-03-18,21850.0,776.0,776.0,False,20320.5,33911.2,16989511.2,2021-03-18,20320.5,STOP,31537.416,-1252340.6159999985,-7.371257485029932,-6.999999999999995,1,0,
proxy,204320.KS,2021-03-18,71900.0,78.96894701104202,2021-03-19,70700.0,230.0,230.0,False,65751.0,32522.0,16293522.0,2021-03-22,73800.0,EXIT_MA,33948.0,646530.0,3.9680187009291177,4.384724186704392,1,3,2021-03-19
proxy,267270.KS,2021-03-16,52769.07031,63.554141923861216,2021-03-17,52873.5625,317.0,317.0,False,49172.413125,33521.838625000004,16794441.151125,2021-03-22,49172.413125,STOP,31175.309921250002,-1237961.5004212484,-7.371257485029931,-7.000000000000006,4,5,
proxy,267270.KS,2021-03-29,57471.26562,118.8732132587239,2021-03-30,58829.67578,55.0,307.0,True,54711.598475399995,6471.2643358,3242103.4322357997,2021-04-01,54711.598475399995,STOP,6018.275832294,-238983.79192109406,-7.371257485029943,-7.000000000000006,3,2,
proxy,011780.KS,2021-03-29,260000.0,170.10096207225715,2021-03-30,266000.0,68.0,68.0,False,247379.99999999997,36176.0,18124176.0,2021-04-05,247379.99999999997,STOP,33643.67999999999,-1335979.6800000034,-7.371257485029958,-7.000000000000006,5,6,
proxy,272210.KS,2021-03-31,19615.11719,99.20663254306919,2021-04-01,19615.11719,1.0,894.0,True,18242.058986699998,39.230234380000006,19654.34742438,2021-04-08,18242.058986699998,STOP,36.4841179734,-1448.7725556534024,-7.371257485029951,-7.000000000000018,6,7,
proxy,034220.KS,2021-04-05,23015.04688,37.7926737437735,2021-04-06,23015.04688,728.0,756.0,True,21403.9935984,33509.90825728,16788464.036897283,2021-05-12,21798.80469,EXIT_MA,31739.05962864,-950673.2822059225,-5.662657882916243,-5.284552303288637,25,36,2021-05-11
proxy,001430.KS,2021-05-11,34350.0,172.67476695556482,2021-05-12,34350.0,460.0,646.0,True,31945.499999999996,31602.0,15832602.0,2021-05-14,31945.499999999996,STOP,29389.859999999997,-1167061.8600000013,-7.371257485029949,-7.000000000000006,3,2,
proxy,001120.KS,2020-11-10,18200.0,13.476925571452114,2020-11-11,18250.0,763.0,763.0,False,16972.5,27849.5,13952599.5,2021-05-31,31900.0,EXIT_MA,48679.4,10338421.100000001,74.09673803078775,74.7945205479452,135,201,2021-05-28
proxy,004020.KS,2021-03-26,46400.0,48.7013131303468,2021-03-29,47150.0,381.0,381.0,False,43849.5,35928.3,18000078.3,2021-06-08,52000.0,EXIT_MA,39624.0,1772297.6999999993,9.846055502991891,10.286320254506887,49,71,2021-06-07
proxy,000150.KS,2021-06-07,103000.0,98.8147579555381,2021-06-08,102500.0,192.0,233.0,True,95325.0,39360.0,19719360.0,2021-06-08,95325.0,STOP,36604.8,-1453564.8000000007,-7.371257485029944,-6.999999999999995,1,0,
proxy,009540.KS,2021-03-26,132000.0,7.910810513851979,2021-03-29,133500.0,134.0,134.0,False,124154.99999999999,35778.0,17924778.0,2021-06-09,139500.0,EXIT_MA,37386.0,730836.0,4.077238780865236,4.494382022471921,50,72,2021-06-08
proxy,082740.KS,2021-03-26,6979.086426,51.63229796402309,2021-03-29,7113.45166,2538.0,2538.0,False,6615.510043799999,36107.88062616,18090048.19370616,2021-06-16,7405.893555,EXIT_MA,37592.31568518,668517.3331986628,3.6954978010022748,4.1111110186415445,55,79,2021-06-15
proxy,002380.KS,2021-03-26,229500.0,8.833513159302687,2021-03-29,230500.0,77.0,77.0,False,214365.0,35497.0,17783997.0,2021-06-17,307000.0,EXIT_MA,47278.0,5807725.0,32.65702867583705,33.1887201735358,56,80,2021-06-16
proxy,241560.KS,2021-03-26,39550.0,20.395817828640624,2021-03-29,40550.0,447.0,447.0,False,37711.5,36251.700000000004,18162101.7,2021-06-18,47150.0,EXIT_MA,42152.1,2871796.1999999993,15.812025763516122,16.276202219482116,57,81,2021-06-17
proxy,042700.KS,2020-11-16,6275.0,23.61833205430825,2020-11-17,6250.0,12.0,2168.0,True,5812.5,150.0,75150.0,2021-06-22,16525.0,EXIT_MA,396.6,122753.4,163.3445109780439,164.4,147,217,2021-06-21
proxy,011200.KS,2021-02-25,18400.0,178.00546166793833,2021-02-26,17900.0,900.0,900.0,False,16647.0,32220.0,16142220.0,2021-06-25,42100.0,EXIT_MA,75780.0,21672000.0,134.2566264119805,135.19553072625698,82,119,2021-06-24
proxy,073240.KS,2021-06-22,7890.0,87.93954216168387,2021-06-23,7940.0,3.0,2954.0,True,7384.2,47.64,23867.64,2021-06-25,7384.2,STOP,44.3052,-1759.3451999999997,-7.371257485029939,-7.000000000000006,3,2,
proxy,001430.KS,2021-06-24,34400.0,148.7856050272048,2021-06-25,35500.0,658.0,658.0,False,33015.0,46718.0,23405718.0,2021-06-29,33015.0,STOP,43447.74,-1725295.7399999984,-7.3712574850299335,-6.999999999999995,3,4,
proxy,047040.KS,2021-04-08,7000.0,50.54781460625488,2021-04-09,7000.0,4.0,2539.0,True,6510.0,56.0,28056.0,2021-07-01,7970.0,EXIT_MA,63.76,3760.2400000000016,13.40262332477902,13.857142857142858,57,83,2021-06-30
proxy,096770.KS,2021-06-24,277979.6875,46.62770720539421,2021-06-25,281294.625,51.0,81.0,True,261604.00124999997,28692.051750000002,14374717.92675,2021-07-01,261604.00124999997,STOP,26683.6081275,-1059597.4711275026,-7.371257485029958,-7.000000000000006,5,6,
proxy,073240.KS,2021-06-29,8160.0,97.28168685389404,2021-06-30,8200.0,2639.0,2775.0,True,7625.999999999999,43279.6,21683079.6,2021-07-02,7625.999999999999,STOP,40250.02799999999,-1598315.628000006,-7.371257485029968,-7.000000000000006,3,2,
proxy,011210.KS,2021-06-21,98600.0,69.56759516533806,2021-06-22,98900.0,2.0,226.0,True,91977.0,395.6,198195.6,2021-07-08,91977.0,STOP,367.908,-14609.508000000002,-7.371257485029941,-6.999999999999995,13,16,
proxy,042700.KS,2021-07-02,17925.0,134.0370733739738,2021-07-05,17975.0,1115.0,1238.0,True,16716.75,40084.25,20082209.25,2021-07-09,16716.75,STOP,37278.3525,-1480311.352499999,-7.371257485029936,-6.999999999999995,5,4,
proxy,020560.KS,2021-07-16,18650.0,21.53964510918984,2021-07-19,18150.0,6.0,1160.0,True,16879.5,217.8,109117.8,2021-07-19,16879.5,STOP,202.554,-8043.354000000007,-7.371257485029946,-6.999999999999995,1,0,
proxy,005850.KS,2021-05-25,32200.0,68.9540998649016,2021-05-26,32150.0,455.0,658.0,True,29899.499999999996,29256.5,14657506.5,2021-07-20,31950.0,EXIT_MA,29074.5,-149331.0,-1.0188022089568918,-0.6220839813374845,39,55,2021-07-19
proxy,000270.KS,2021-05-28,84700.0,44.866173897217614,2021-05-31,85100.0,27.0,250.0,True,79143.0,4595.400000000001,2302295.4,2021-07-20,85100.0,EXIT_MA,4595.400000000001,-9190.799999999814,-0.3992015968063791,0.0,36,50,2021-07-19
proxy,004800.KS,2021-07-15,153432.6406,42.95943130323491,2021-07-16,155266.5,120.0,142.0,True,144397.845,37263.96,18669243.96,2021-07-20,144397.845,STOP,34655.4828,-1376158.0428000018,-7.37125748502995,-6.999999999999995,3,4,
proxy,001440.KS,2021-05-28,14026.83594,61.40020606482837,2021-05-31,14484.68555,1514.0,1514.0,False,13470.757561499999,43859.6278454,21973673.5505454,2021-07-26,21643.7832,EXIT_MA,65537.3755296,10729476.838725004,48.82878055890064,49.42528869741325,40,56,2021-07-23
proxy,034020.KS,2021-05-31,19098.85938,124.52718822457753,2021-06-01,19386.7832,1.0,1127.0,True,18029.708376,38.77356640000001,19425.5567664,2021-07-27,21978.08594,EXIT_MA,43.95617188,2508.5730017200003,12.913776587649881,13.366336814454073,40,56,2021-07-26
proxy,307950.KS,2021-06-08,122000.0,56.186021254102556,2021-06-09,122000.0,188.0,188.0,False,113459.99999999999,45872.0,22981872.0,2021-07-28,120500.0,EXIT_MA,45308.0,-373180.0,-1.623801577173522,-1.2295081967213073,35,49,2021-07-27
proxy,052690.KS,2021-04-01,23000.0,5.78109581845151,2021-04-02,23050.0,130.0,745.0,True,21436.5,5993.0,3002493.0,2021-07-30,54000.0,EXIT_MA,14040.0,4003467.0,133.33809604218894,134.27331887201737,83,119,2021-07-29
proxy,035720.KS,2021-06-15,144500.0,69.24979100831872,2021-06-16,144000.0,130.0,154.0,True,133920.0,37440.0,18757440.0,2021-08-03,146000.0,EXIT_MA,37960.0,184600.0,0.9841428254601906,1.388888888888884,34,48,2021-08-02
proxy,028670.KS,2021-06-16,7430.0,45.224612725364494,2021-06-17,7540.0,3017.0,3017.0,False,7012.2,45496.36,22793676.36,2021-08-03,7290.0,EXIT_MA,43987.86,-843734.2199999988,-3.7016153369653213,-3.3156498673740042,33,47,2021-08-02
proxy,103590.KS,2021-06-02,4964.375488,44.029674325104054,2021-06-03,5011.655273,2.0,4431.0,True,4660.83940389,20.046621092000002,10043.357167092001,2021-08-10,5616.836426,EXIT_MA,22.467345704,1167.848339203998,11.628067385978886,12.075474469690239,48,68,2021-08-09
proxy,097950.KS,2021-08-04,492500.0,4.7002782611493155,2021-08-05,492000.0,42.0,42.0,False,457559.99999999994,41328.0,20705328.0,2021-08-11,463000.0,EXIT_MA,38892.0,-1298220.0,-6.2699803644743035,-5.894308943089433,4,6,2021-08-10
proxy,064350.KS,2021-08-06,26600.0,21.84053785440005,2021-08-09,27000.0,792.0,792.0,False,25110.0,42768.0,21426768.0,2021-08-11,24800.0,STOP,39283.200000000004,-1824451.1999999993,-8.514822207436975,-8.148148148148149,3,2,
proxy,017800.KS,2021-08-06,55900.0,4.646028731321191,2021-08-09,56200.0,377.0,377.0,False,52266.0,42374.8,21229774.8,2021-08-11,52000.0,STOP,39208.0,-1664982.8000000007,-7.842677634055735,-7.473309608540923,3,2,
proxy,353200.KS,2021-08-09,17400.0,7.7508156446271625,2021-08-10,17450.0,1230.0,1230.0,False,16228.499999999998,42927.0,21506427.0,2021-08-11,16228.499999999998,STOP,39922.10999999999,-1585294.1100000031,-7.371257485029954,-7.000000000000006,2,1,
proxy,007810.KS,2021-08-09,16700.0,1.487222914622646,2021-08-10,16800.0,627.0,1282.0,True,15623.999999999998,21067.2,10554667.2,2021-08-12,15623.999999999998,STOP,19592.495999999996,-778011.6960000005,-7.371257485029944,-7.000000000000006,3,2,
proxy,028050.KS,2021-06-08,21150.0,37.43221481114176,2021-06-09,21350.0,654.0,1088.0,True,19855.5,27925.8,13990825.8,2021-08-17,22900.0,EXIT_MA,29953.2,955821.0,6.831769715837645,7.259953161592514,48,69,2021-08-13
proxy,081660.KS,2021-08-04,55600.0,13.16622480532299,2021-08-05,55600.0,378.0,378.0,False,51708.0,42033.6,21058833.6,2021-08-17,51708.0,STOP,39091.248,-1552300.8480000012,-7.371257485029944,-6.999999999999995,8,12,
proxy,011790.KS,2021-06-17,145000.0,42.665337671366096,2021-06-18,145000.0,145.0,153.0,True,134850.0,42050.0,21067050.0,2021-08-18,152500.0,EXIT_MA,44225.0,1001225.0,4.752563837841558,5.1724137931034475,42,61,2021-08-17
proxy,047050.KS,2021-06-25,23750.0,18.54917274420171,2021-06-28,23950.0,2.0,965.0,True,22273.5,95.8,47995.8,2021-08-18,22550.0,EXIT_MA,90.2,-2986.0,-6.221377703882423,-5.845511482254695,36,51,2021-08-17
proxy,120110.KS,2021-06-16,67900.0,34.3078982136519,2021-06-17,67400.0,11.0,330.0,True,62681.99999999999,1482.8,742882.8,2021-08-20,73400.0,EXIT_MA,1614.8,62902.39999999991,8.467338320391844,8.902077151335309,45,64,2021-08-19
proxy,000720.KS,2021-08-31,55500.0,20.404493942491847,2021-09-01,54200.0,361.0,361.0,False,50406.0,39132.4,19605332.4,2021-09-02,54000.0,EXIT_MA,38988.0,-150320.3999999985,-0.7667322182203782,-0.36900369003689537,1,1,2021-09-01
proxy,006400.KS,2021-08-05,771000.0,23.359637848314467,2021-08-06,775000.0,27.0,27.0,False,720750.0,41850.0,20966850.0,2021-09-03,757000.0,EXIT_MA,40878.0,-568728.0,-2.712510462945078,-2.3225806451612874,19,28,2021-09-02
proxy,000150.KS,2021-09-01,100000.0,60.382321453839396,2021-09-02,100000.0,201.0,201.0,False,93000.0,40200.0,20140200.0,2021-09-03,95700.0,EXIT_MA,38471.4,-942971.3999999985,-4.682035928143705,-4.300000000000004,1,1,2021-09-02
proxy,006360.KS,2021-08-31,44750.0,13.861921003495098,2021-09-01,44550.0,447.0,447.0,False,41431.5,39827.700000000004,19953677.7,2021-09-29,42200.0,EXIT_MA,37726.8,-1128004.5,-5.653115766222886,-5.274971941638606,17,28,2021-09-28
proxy,016360.KS,2021-09-02,50300.0,16.79305844522186,2021-09-03,50500.0,396.0,396.0,False,46965.0,39996.0,20037996.0,2021-09-29,46965.0,STOP,37196.28,-1477052.2800000012,-7.371257485029946,-6.999999999999995,16,26,
proxy,005070.KS,2021-07-01,28281.76367,50.580746518331686,2021-07-02,28281.76367,471.0,795.0,True,26302.040213099997,26641.421377140003,13347352.10994714,2021-10-07,44048.60156,EXIT_MA,41493.782669520006,7358045.4421433415,55.12737943475503,55.74913245854163,64,97,2021-10-06
proxy,002380.KS,2021-09-01,385000.0,73.57136680479744,2021-09-02,386500.0,52.0,52.0,False,359445.0,40196.0,20138196.0,2021-10-07,376500.0,EXIT_MA,39156.0,-599352.0,-2.976195087186558,-2.587322121604141,21,35,2021-10-06
proxy,018670.KS,2021-09-06,126500.0,4.477253465452363,2021-09-07,127500.0,161.0,161.0,False,118574.99999999999,41055.0,20568555.0,2021-10-28,140000.0,EXIT_MA,45080.0,1926365.0,9.365582560369457,9.80392156862746,32,51,2021-10-27
proxy,120110.KS,2021-09-07,90000.0,78.59435849080127,2021-09-08,90700.0,232.0,232.0,False,84351.0,42084.8,21084484.8,2021-10-28,89800.0,EXIT_MA,41667.200000000004,-292552.0,-1.38752263939596,-0.9922822491730932,31,50,2021-10-27
proxy,035250.KS,2021-09-02,28300.0,2.274704567702024,2021-09-03,28600.0,704.0,704.0,False,26598.0,40268.8,20174668.8,2021-10-29,27850.0,EXIT_MA,39212.8,-607481.6000000015,-3.011110645841192,-2.622377622377625,35,56,2021-10-28
proxy,036460.KS,2021-09-06,37700.0,8.504916188398909,2021-09-07,37800.0,541.0,541.0,False,35154.0,40899.6,20490699.6,2021-11-12,42500.0,EXIT_MA,45985.0,2455815.3999999985,11.98502465967535,12.43386243386244,43,66,2021-11-11
proxy,138040.KS,2021-08-31,28750.0,115.34928232083253,2021-09-01,28800.0,697.0,697.0,False,26784.0,40147.200000000004,20113747.2,2021-11-18,34300.0,EXIT_MA,47814.200000000004,3745538.6000000015,18.621784209359067,19.097222222222232,51,78,2021-11-17
proxy,093370.KS,2021-09-07,18700.0,76.50910746600236,2021-09-08,18500.0,129.0,1116.0,True,17205.0,4773.0,2391273.0,2021-12-08,22100.0,EXIT_MA,5701.8,453925.2000000002,18.982575389761024,19.45945945945946,60,91,2021-12-07
proxy,003670.KS,2023-03-07,260500.0,68.06037005023467,2023-03-08,259000.0,78.0,78.0,False,240869.99999999997,40404.0,20242404.0,2023-03-09,240869.99999999997,STOP,37575.719999999994,-1492119.7200000025,-7.371257485029953,-7.000000000000006,2,1,
proxy,006400.KS,2023-03-06,781000.0,30.349714963030323,2023-03-07,779000.0,26.0,26.0,False,724470.0,40508.0,20294508.0,2023-03-10,722000.0,STOP,37544.0,-1560052.0,-7.6870648946010425,-7.317073170731703,4,3,
proxy,112610.KS,2023-03-07,76300.0,18.178326491473427,2023-03-08,75000.0,268.0,268.0,False,69750.0,40200.0,20140200.0,2023-03-13,69750.0,STOP,37386.0,-1484586.0,-7.371257485029941,-6.999999999999995,4,5,
proxy,005070.KS,2023-03-06,97557.30469,87.63487879970609,2023-03-07,94601.02344,208.0,208.0,False,87978.9517992,39354.025751040004,19716366.90127104,2023-03-14,87978.9517992,STOP,36599.24394846721,-1453344.1709859073,-7.371257485029941,-6.999999999999995,6,7,
proxy,051910.KS,2023-03-07,740000.0,19.908423861586943,2023-03-08,727000.0,27.0,27.0,False,676110.0,39258.0,19668258.0,2023-03-21,676110.0,STOP,36509.94,-1449797.9400000013,-7.371257485029947,-6.999999999999995,10,13,
proxy,012450.KS,2023-03-06,107077.8359,59.73505124732805,2023-03-07,107077.8359,190.0,190.0,False,99582.387387,40689.577642000004,20385478.398642004,2023-03-22,99582.387387,STOP,37841.30720706,-1502666.1023190618,-7.371257485029947,-7.000000000000006,12,15,
proxy,005490.KS,2023-03-31,368000.0,32.84858072997295,2023-04-03,385000.0,54.0,54.0,False,358050.0,41580.0,20831580.0,2023-04-05,358050.0,STOP,38669.4,-1535549.3999999985,-7.3712574850299335,-6.999999999999995,3,2,
proxy,028050.KS,2023-03-31,31700.0,32.51357331542129,2023-04-03,31900.0,629.0,629.0,False,29666.999999999996,40130.200000000004,20105230.2,2023-04-07,29666.999999999996,STOP,37321.085999999996,-1482008.2860000022,-7.371257485029951,-7.000000000000006,5,4,
proxy,009150.KS,2023-04-05,157800.0,8.541667995612803,2023-04-06,157000.0,123.0,128.0,True,146010.0,38622.0,19349622.0,2023-04-19,147800.0,EXIT_MA,36358.8,-1206580.8000000007,-6.235681503235571,-5.859872611464967,9,13,2023-04-18
proxy,001040.KS,2023-03-31,104300.0,25.013716899173982,2023-04-03,104300.0,191.0,191.0,False,96999.0,39842.6,19961142.6,2023-04-24,96999.0,STOP,37053.618,-1471387.2180000022,-7.37125748502995,-6.999999999999995,16,21,
proxy,042660.KS,2023-04-14,23118.21875,25.267353306521745,2023-04-17,23465.86133,1.0,929.0,True,21823.251036899997,46.93172266,23512.79305266,2023-05-04,21823.251036899997,STOP,43.646502073799994,-1733.1885178338016,-7.371257485029947,-7.000000000000006,13,17,
proxy,005830.KS,2023-04-18,81700.0,22.451102292352786,2023-04-19,80800.0,224.0,281.0,True,75144.0,36198.4,18135398.4,2023-05-15,75144.0,STOP,33664.512,-1336806.9119999968,-7.371257485029922,-6.999999999999995,17,26,
proxy,006260.KS,2023-03-28,80700.0,27.08045084649401,2023-03-29,80300.0,243.0,243.0,False,74679.0,39025.8,19551925.8,2023-05-22,82400.0,EXIT_MA,40046.4,431227.80000000075,2.205551537025579,2.6151930261519407,36,54,2023-05-19
proxy,281820.KS,2023-05-19,19640.0,7.7453808098614045,2023-05-22,19690.0,677.0,1065.0,True,18311.699999999997,26660.260000000002,13356790.26,2023-05-26,19360.0,EXIT_MA,26213.440000000002,-276283.69999999925,-2.0684887208822524,-1.6759776536312887,4,4,2023-05-25
proxy,022100.KS,2023-03-31,9500.0,48.81577314024762,2023-04-03,9950.0,2101.0,2101.0,False,9253.5,41809.9,20946759.9,2023-06-01,11500.0,EXIT_MA,48323.0,3166417.1000000015,15.116500667007701,15.57788944723617,40,59,2023-05-31
proxy,138040.KS,2023-04-11,44300.0,37.2855250385827,2023-04-12,44300.0,419.0,465.0,True,41199.0,37123.4,18598823.4,2023-06-13,44100.0,EXIT_MA,36955.8,-157879.19999999925,-0.8488666008840068,-0.4514672686230292,40,62,2023-06-12
proxy,373220.KS,2023-05-31,599000.0,17.143428043126978,2023-06-01,595000.0,37.0,37.0,False,553350.0,44030.0,22059030.0,2023-06-20,561000.0,EXIT_MA,41514.0,-1343544.0,-6.0906757912745935,-5.714285714285716,12,19,2023-06-19
proxy,004370.KS,2023-03-31,379000.0,15.585628554074477,2023-04-03,372500.0,52.0,52.0,False,346425.0,38740.0,19408740.0,2023-06-21,414500.0,EXIT_MA,43108.0,2102152.0,10.830955538587254,11.275167785234895,53,79,2023-06-20
proxy,003670.KS,2023-04-03,288500.0,95.6271690471002,2023-04-04,289000.0,71.0,71.0,False,268770.0,41038.0,20560038.0,2023-06-29,351000.0,EXIT_MA,49842.0,4311120.0,20.968443735366638,21.45328719723183,58,86,2023-06-28
proxy,281820.KS,2023-07-03,22200.0,20.894950473484293,2023-07-04,22500.0,1103.0,1248.0,True,20925.0,49635.0,24867135.0,2023-07-10,20925.0,STOP,46160.55,-1833020.5500000007,-7.371257485029943,-6.999999999999995,5,6,
proxy,005070.KS,2023-03-22,122685.7031,153.07131514508353,2023-03-23,120714.8438,158.0,158.0,False,112264.80473399999,38145.8906408,19111091.2110408,2023-07-14,188216.625,EXIT_MA,59476.4535,10567659.085459203,55.295948142166196,55.91837679203457,77,113,2023-07-13
proxy,307950.KS,2023-07-14,159000.0,27.354289450897713,2023-07-17,157800.0,145.0,200.0,True,146754.0,45762.0,22926762.0,2023-07-19,146754.0,STOP,42558.66,-1689990.6600000001,-7.371257485029941,-6.999999999999995,3,2,
proxy,281820.KS,2023-07-17,23600.0,27.16651001497532,2023-07-18,23900.0,1.0,1365.0,True,22227.0,47.800000000000004,23947.8,2023-07-19,22227.0,STOP,44.454,-1765.2540000000008,-7.371257485029943,-6.999999999999995,2,1,
proxy,005930.KS,2023-05-26,70300.0,9.213521041266926,2023-05-30,71300.0,183.0,310.0,True,66309.0,26095.8,13073995.8,2023-07-24,70100.0,EXIT_MA,25656.600000000002,-271352.4000000004,-2.0755123693706583,-1.6830294530154277,38,55,2023-07-21
proxy,009420.KS,2023-07-21,23150.0,23.71889374575458,2023-07-24,23350.0,547.0,1405.0,True,21715.5,25544.9,12797994.9,2023-07-26,21715.5,STOP,23756.757,-943373.1569999997,-7.371257485029938,-6.999999999999995,3,2,
proxy,000500.KS,2023-07-25,12679.32227,29.176044467982948,2023-07-26,12814.78516,1.0,2864.0,True,11917.750198799999,25.62957032,12840.414730319999,2023-07-26,11917.750198799999,STOP,23.835500397599997,-946.5000319175997,-7.371257485029939,-7.000000000000006,1,0,
proxy,047050.KS,2023-07-26,85100.0,249.39320457354592,2023-07-27,85100.0,139.0,399.0,True,79143.0,23657.8,11852557.8,2023-07-27,79143.0,STOP,22001.754,-873682.5540000014,-7.371257485029951,-6.999999999999995,1,0,
proxy,241560.KS,2023-03-28,42500.0,24.407244406284207,2023-03-29,42450.0,461.0,461.0,False,39478.5,39138.9,19608588.9,2023-07-28,56300.0,EXIT_MA,51908.6,6293802.5,32.09717196937103,32.62661955241462,83,121,2023-07-27
proxy,012450.KS,2023-04-03,113964.5859,61.48666414738159,2023-04-04,115519.6562,9.0,180.0,True,107433.28026599999,2079.3538116,1041756.2596116,2023-07-31,130403.9141,EXIT_MA,2347.2704538,129531.69683459995,12.4339734596741,12.884610627849158,80,118,2023-07-28
proxy,000660.KS,2023-07-27,124000.0,27.660964368615343,2023-07-28,126200.0,39.0,257.0,True,117365.99999999999,9843.6,4931643.6,2023-08-03,117365.99999999999,STOP,9154.547999999999,-363524.148000001,-7.371257485029961,-7.000000000000006,5,6,
proxy,009420.KS,2023-08-03,24750.0,36.24230687472812,2023-08-04,25300.0,180.0,1306.0,True,23529.0,9108.0,4563108.0,2023-08-07,23529.0,STOP,8470.44,-336358.4400000004,-7.371257485029949,-6.999999999999995,2,3,
proxy,267270.KS,2023-06-19,76280.03906,42.32206694656536,2023-06-20,78369.90625,263.0,329.0,True,72884.01281249999,41222.5706875,20652507.9144375,2023-08-08,79310.34375,EXIT_MA,41717.2408125,164395.25100000203,0.7960062365359446,1.1999982455000113,35,49,2023-08-07
proxy,103590.KS,2023-06-13,8633.286133,58.02503492578327,2023-06-14,8567.09375,2148.0,2867.0,True,7967.3971875,36804.23475,18438921.60975,2023-08-09,9143.907227,EXIT_MA,39282.225447192,1162908.8883988075,6.306816163174603,6.732895586674292,40,56,2023-08-08
proxy,003670.KS,2023-07-19,480000.0,135.90050148861857,2023-07-20,462000.0,45.0,64.0,True,429660.0,41580.0,20831580.0,2023-08-14,429660.0,STOP,38669.4,-1535549.3999999985,-7.3712574850299335,-6.999999999999995,18,25,
proxy,010140.KS,2023-07-28,8890.0,57.68708442838037,2023-07-31,8940.0,143.0,3783.0,True,8314.199999999999,2556.84,1280976.84,2023-08-17,8314.199999999999,STOP,2377.8612,-94424.10120000015,-7.371257485029951,-7.000000000000018,13,17,
proxy,007660.KS,2023-05-19,10340.0,36.020869827402656,2023-05-22,10360.0,2023.0,2023.0,False,9634.8,41916.56,21000196.56,2023-08-28,32100.0,EXIT_MA,129876.6,43808226.84,208.6086514230227,209.84555984555985,67,98,2023-08-25
proxy,281820.KS,2023-09-01,23100.0,26.586647087447535,2023-09-04,23700.0,1605.0,1605.0,False,22041.0,76077.0,38114577.0,2023-09-06,22041.0,STOP,70751.61,-2809523.6099999994,-7.371257485029939,-6.999999999999995,3,2,
proxy,010120.KS,2023-06-05,13820.0,23.73809463688113,2023-06-07,13820.0,2.0,1665.0,True,12852.599999999999,55.28,27695.28,2023-09-08,18500.0,EXIT_MA,74.0,9230.720000000001,33.32957818083082,33.86396526772793,66,93,2023-09-07
proxy,005490.KS,2023-07-13,431500.0,39.80553486518916,2023-07-14,430500.0,69.0,69.0,False,400365.0,59409.0,29763909.0,2023-09-14,533000.0,EXIT_MA,73554.0,6939537.0,23.315274213477807,23.809523809523814,43,62,2023-09-13
proxy,042700.KS,2023-05-19,25950.0,81.291810204282,2023-05-22,25950.0,806.0,806.0,False,24133.5,41831.4,20957531.4,2023-09-20,49300.0,EXIT_MA,79471.6,18698797.0,89.22232606078786,89.98073217726397,84,121,2023-09-19
proxy,005930.KS,2023-09-01,71000.0,7.511609157146601,2023-09-04,72900.0,522.0,522.0,False,67797.0,76107.6,38129907.6,2023-09-22,68300.0,EXIT_MA,71305.2,-2548612.8000000045,-6.684025638708876,-6.310013717421126,14,18,2023-09-21
proxy,103590.KS,2023-09-15,12737.16992,99.76274910077743,2023-09-18,12737.16992,2852.0,2852.0,False,11845.5680256,72652.81722368,36399061.429063685,2023-09-22,11845.5680256,STOP,67567.12001802241,-2683068.540070504,-7.371257485029943,-7.000000000000006,5,4,
proxy,298040.KS,2023-06-02,88300.0,13.681960496760906,2023-06-05,88200.0,23.0,257.0,True,82026.0,4057.2000000000003,2032657.2,2023-09-26,168700.0,EXIT_MA,7760.2,1839682.5999999999,90.50628900928301,91.26984126984128,79,113,2023-09-25
proxy,009420.KS,2023-09-11,27050.0,49.91160311877985,2023-09-12,26900.0,529.0,1432.0,True,25017.0,28460.2,14258560.2,2023-09-26,25017.0,STOP,26467.986,-1051035.1859999988,-7.371257485029932,-6.999999999999995,11,14,
proxy,192820.KS,2023-07-27,103400.0,50.560484010631,2023-07-28,102900.0,309.0,309.0,False,95697.0,63592.200000000004,31859692.2,2023-10-05,126500.0,EXIT_MA,78177.0,7150630.800000001,22.44413020412043,22.934888241010686,44,69,2023-10-04
proxy,307950.KS,2023-08-30,174900.0,44.263846067100346,2023-08-31,176000.0,206.0,206.0,False,163680.0,72512.0,36328512.0,2023-10-17,173300.0,EXIT_MA,71399.6,-700111.6000000015,-1.9271683904917478,-1.5340909090909127,28,47,2023-10-16
proxy,138040.KS,2023-07-20,47150.0,34.972657987539826,2023-07-21,47250.0,9.0,685.0,True,43942.5,850.5,426100.5,2023-10-18,51700.0,EXIT_MA,930.6,38268.90000000002,8.981191057039366,9.417989417989414,57,89,2023-10-17
proxy,005830.KS,2023-09-15,94000.0,30.65656531117089,2023-09-18,93000.0,3.0,386.0,True,86490.0,558.0,279558.0,2023-10-23,86490.0,STOP,518.94,-20606.940000000002,-7.371257485029941,-6.999999999999995,21,35,
proxy,022100.KS,2023-06-20,14970.0,124.63674940015592,2023-06-21,14700.0,1464.0,1687.0,True,13670.999999999998,43041.6,21563841.6,2023-10-26,44000.0,EXIT_MA,128832.0,42723326.4,198.1248387578584,199.31972789115648,85,127,2023-10-25
proxy,018670.KS,2023-09-19,147400.0,18.108626391999373,2023-09-20,147400.0,240.0,240.0,False,137082.0,70752.0,35446752.0,2023-11-20,145700.0,EXIT_MA,69936.0,-548688.0,-1.5479217954863678,-1.1533242876526462,38,61,2023-11-17
proxy,010140.KS,2023-11-22,7960.0,23.12174286703018,2023-11-23,7970.0,4188.0,4188.0,False,7412.099999999999,66756.72,33445116.72,2023-11-27,7670.0,EXIT_MA,64243.92,-1387400.6400000006,-4.148290620765998,-3.7641154328732718,2,4,2023-11-24
proxy,298040.KS,2023-11-29,212000.0,108.12530257213741,2023-11-30,212500.0,158.0,158.0,False,197625.0,67150.0,33642150.0,2023-12-05,197625.0,STOP,62449.5,-2479849.5,-7.371257485029941,-6.999999999999995,4,5,
proxy,229640.KS,2023-11-30,16800.0,99.97142403786853,2023-12-01,16640.0,1990.0,1990.0,False,15475.199999999999,66227.2,33179827.2,2023-12-05,15475.199999999999,STOP,61591.295999999995,-2445770.496000003,-7.37125748502995,-7.000000000000006,3,4,
proxy,071970.KS,2023-11-28,11520.0,69.6097264791419,2023-11-29,11710.0,2899.0,2899.0,False,10890.3,67894.58,34015184.58,2023-12-07,10890.3,STOP,63141.9594,-2507346.839400001,-7.371257485029943,-7.000000000000006,7,8,
proxy,307950.KS,2023-11-28,184000.0,39.458298229086815,2023-11-29,183000.0,181.0,181.0,False,170190.0,66246.0,33189246.0,2023-12-07,170190.0,STOP,61608.78,-2446464.780000001,-7.371257485029943,-6.999999999999995,7,8,
proxy,085620.KS,2023-09-08,4350.0,38.39991358099902,2023-09-11,4370.0,8778.0,8778.0,False,4064.1,76719.72,38436579.72,2023-12-08,4945.0,EXIT_MA,86814.42,4883815.859999999,12.706166614140141,13.157894736842103,59,88,2023-12-07
proxy,079550.KS,2023-12-12,133600.0,62.250872059356425,2023-12-13,131800.0,238.0,238.0,False,122573.99999999999,62736.8,31431136.8,2023-12-14,122573.99999999999,STOP,58345.223999999995,-2316870.024000004,-7.371257485029953,-7.000000000000006,2,1,
proxy,010140.KS,2023-11-28,8160.0,25.10756274364349,2023-11-29,8220.0,4094.0,4094.0,False,7644.599999999999,67305.36,33719985.36,2023-12-18,7644.599999999999,STOP,62593.9848,-2485586.9448000006,-7.3712574850299415,-7.000000000000006,14,19,
proxy,079550.KS,2023-12-18,138100.0,69.56382272053015,2023-12-19,140000.0,229.0,229.0,False,130199.99999999999,64120.0,32124120.0,2023-12-26,130199.99999999999,STOP,59631.59999999999,-2367951.600000005,-7.371257485029957,-7.000000000000006,5,7,
proxy,229640.KS,2023-12-21,22400.0,186.66556945149276,2023-12-22,21950.0,2.0,1434.0,True,20413.5,87.8,43987.8,2023-12-27,20413.5,STOP,81.654,-3242.454000000005,-7.371257485029951,-6.999999999999995,3,5,
proxy,016360.KS,2023-12-14,40100.0,11.06962221876651,2023-12-15,40200.0,791.0,791.0,False,37386.0,63596.4,31861796.4,2023-12-28,38100.0,EXIT_MA,60274.200000000004,-1784970.5999999978,-5.602228379062764,-5.223880597014929,8,13,2023-12-27
proxy,022100.KS,2023-12-26,71400.0,476.747685333471,2023-12-27,72600.0,409.0,445.0,True,67518.0,59386.8,29752786.8,2024-01-03,67518.0,STOP,55229.724,-2193154.524,-7.371257485029941,-6.999999999999995,4,7,
proxy,009420.KS,2023-12-27,44300.0,113.42665609487692,2023-12-28,44000.0,683.0,710.0,True,40920.0,60104.0,30112104.0,2024-01-04,40920.0,STOP,55896.72,-2219640.719999999,-7.371257485029936,-6.999999999999995,4,7,
proxy,272210.KS,2024-01-03,19350.0,52.96085133537072,2024-01-04,19110.0,1439.0,1625.0,True,17772.3,54998.58,27554288.58,2024-01-05,17772.3,STOP,51148.6794,-2031097.5593999997,-7.371257485029939,-7.000000000000006,2,1,
proxy,402340.KS,2023-11-28,50200.0,20.3295888298028,2023-11-29,50300.0,665.0,665.0,False,46779.0,66899.0,33516399.0,2024-01-09,49350.0,EXIT_MA,65635.5,-764284.5,-2.280329996071475,-1.88866799204771,26,41,2024-01-08
proxy,175330.KS,2023-12-28,11390.0,15.632366227998167,2024-01-02,11250.0,1.0,2828.0,True,10462.5,22.5,11272.5,2024-01-09,10740.0,EXIT_MA,21.48,-553.9799999999996,-4.914437791084493,-4.533333333333333,5,7,2024-01-08
proxy,028260.KS,2023-12-14,134000.0,20.03038855135452,2023-12-15,132700.0,236.0,236.0,False,123410.99999999999,62634.4,31379834.4,2024-01-10,123410.99999999999,STOP,58249.99199999999,-2313088.392000001,-7.371257485029943,-7.000000000000006,16,26,
proxy,000660.KS,2023-12-14,136700.0,35.835610703560995,2023-12-15,137000.0,232.0,232.0,False,127409.99999999999,63568.0,31847568.0,2024-01-17,133800.0,EXIT_MA,62083.200000000004,-868051.1999999993,-2.725643603304338,-2.335766423357666,20,33,2024-01-16
proxy,000270.KS,2023-12-20,95000.0,20.682693760910908,2023-12-21,94300.0,30.0,338.0,True,87699.0,5658.0,2834658.0,2024-01-17,87699.0,STOP,5261.9400000000005,-208949.93999999994,-7.371257485029938,-6.999999999999995,17,27,
proxy,018260.KS,2023-11-29,166200.0,26.09334575162854,2023-11-30,166100.0,201.0,201.0,False,154473.0,66772.2,33452872.2,2024-01-24,154473.0,STOP,62098.146,-2465897.346000001,-7.371257485029943,-6.999999999999995,37,55,
proxy,161890.KS,2023-12-14,54300.0,18.201350922313964,2023-12-15,54100.0,584.0,584.0,False,50313.0,63188.8,31657588.8,2024-01-30,51000.0,EXIT_MA,59568.0,-1933156.8000000007,-6.106456218800848,-5.7301293900184795,29,46,2024-01-29
proxy,028260.KS,2024-02-01,148700.0,32.86258528448799,2024-02-02,152900.0,208.0,208.0,False,142197.0,63606.4,31866806.4,2024-02-02,142197.0,STOP,59153.952000000005,-2348984.351999998,-7.371257485029934,-6.999999999999995,1,0,
proxy,175330.KS,2024-02-01,12580.0,23.962515578952388,2024-02-02,12460.0,2462.0,2462.0,False,11587.8,61353.04,30737873.04,2024-02-05,11587.8,STOP,57058.3272,-2265767.7672000006,-7.3712574850299415,-7.000000000000006,2,3,
proxy,139130.KS,2024-02-01,9800.0,24.956280225306383,2024-02-02,9820.0,3161.0,3161.0,False,9132.599999999999,62082.04,31103102.04,2024-02-14,9132.599999999999,STOP,57736.297199999986,-2292689.737200007,-7.371257485029963,-7.000000000000018,7,12,
proxy,180640.KS,2023-12-12,56900.0,29.63638566834269,2023-12-13,56900.0,558.0,558.0,False,52917.0,63500.4,31813700.4,2024-02-15,70900.0,EXIT_MA,79124.40000000001,7669375.200000003,24.107145989216654,24.604569420035148,41,64,2024-02-14
proxy,281820.KS,2024-02-14,35300.0,72.07978924333514,2024-02-15,35300.0,882.0,882.0,False,32829.0,62269.200000000004,31196869.2,2024-02-22,32829.0,STOP,57910.356,-2299601.555999998,-7.3712574850299335,-6.999999999999995,6,7,
proxy,000120.KS,2023-12-20,125300.0,50.576248891993444,2023-12-21,124300.0,256.0,256.0,False,115598.99999999999,63641.6,31884441.6,2024-02-23,129000.0,EXIT_MA,66048.0,1073510.3999999985,3.3668784715364075,3.7811745776347605,41,64,2024-02-22
proxy,088350.KS,2024-02-01,3355.0,20.88638480414222,2024-02-02,3470.0,6386.0,9234.0,True,3227.1,44318.840000000004,22203738.84,2024-02-26,3227.1,STOP,41216.521199999996,-1636694.7612000033,-7.371257485029956,-7.000000000000006,15,24,
proxy,105560.KS,2024-02-02,66300.0,20.612103973772268,2024-02-05,65000.0,453.0,475.0,True,60449.99999999999,58890.0,29503890.0,2024-02-26,60449.99999999999,STOP,54767.7,-2174807.700000003,-7.37125748502995,-7.000000000000006,14,21,
proxy,032830.KS,2024-02-22,92100.0,28.384129207852972,2024-02-23,94500.0,291.0,348.0,True,87885.0,54999.0,27554499.0,2024-02-26,87885.0,STOP,51149.07,-2031113.0700000003,-7.3712574850299415,-6.999999999999995,2,3,
proxy,000660.KS,2024-02-22,156500.0,36.75565157481992,2024-02-23,166900.0,205.0,205.0,False,155217.0,68429.0,34282929.0,2024-02-27,155217.0,STOP,63638.97,-2527082.969999999,-7.371257485029936,-6.999999999999995,3,4,
proxy,272210.KS,2024-02-27,17160.0,14.51484718718469,2024-02-28,17230.0,691.0,1830.0,True,16023.9,23811.86,11929741.86,2024-03-04,16660.0,EXIT_MA,23024.12,-440705.9799999986,-3.694178676888811,-3.3081834010446842,2,5,2024-02-29
proxy,073240.KS,2024-02-07,6480.0,49.609368493945375,2024-02-08,6490.0,1.0,4862.0,True,6035.7,12.98,6502.98,2024-03-12,6035.7,STOP,12.0714,-479.35139999999956,-7.3712574850299335,-7.000000000000006,21,33,
proxy,000270.KS,2024-02-29,124500.0,46.00904793548995,2024-03-04,124500.0,92.0,254.0,True,115784.99999999999,22908.0,11476908.0,2024-03-20,115784.99999999999,STOP,21304.439999999995,-845992.4400000013,-7.371257485029951,-7.000000000000006,13,16,
proxy,024110.KS,2024-02-05,13630.0,22.247845938333718,2024-02-06,13580.0,2093.0,2258.0,True,12629.4,56845.880000000005,28479785.88,2024-04-01,13500.0,EXIT_MA,56511.0,-280796.87999999896,-0.9859515137618688,-0.589101620029453,36,55,2024-03-29
proxy,071050.KS,2024-02-14,67200.0,12.239866436805306,2024-02-15,67800.0,463.0,463.0,False,63053.99999999999,62782.8,31454182.8,2024-04-01,67400.0,EXIT_MA,62412.4,-310395.19999999925,-0.9868169266187365,-0.5899705014749235,31,46,2024-03-29
proxy,005940.KS,2024-02-16,11580.0,10.45198805683124,2024-02-19,11590.0,11.0,2742.0,True,10778.699999999999,254.98000000000002,127744.98,2024-04-02,11220.0,EXIT_MA,246.84,-4571.819999999992,-3.5788647037245553,-3.1924072476272602,30,43,2024-04-01
proxy,175330.KS,2024-02-27,13610.0,38.755113083000246,2024-02-28,12960.0,2307.0,2307.0,False,12052.8,59797.44,29958517.44,2024-04-03,12380.0,EXIT_MA,57121.32,-1454978.7600000016,-4.856644735220921,-4.475308641975307,24,35,2024-04-02
proxy,001040.KS,2024-03-29,129800.0,35.94550685115333,2024-04-01,128300.0,268.0,268.0,False,119318.99999999999,68768.8,34453168.8,2024-04-03,119318.99999999999,STOP,63954.984,-2539631.784000002,-7.371257485029946,-7.000000000000006,3,2,
proxy,028260.KS,2024-02-15,158600.0,35.35271441617505,2024-02-16,157300.0,35.0,195.0,True,146289.0,11011.0,5516511.0,2024-04-04,152000.0,EXIT_MA,10640.0,-207151.0,-3.755108981020794,-3.3693579148124653,33,48,2024-04-03
proxy,003690.KS,2024-03-07,6958.333496,15.859176701099074,2024-03-08,6991.666504,4.0,4772.0,True,6502.249848719999,55.933332032,28022.599348032,2024-04-05,6608.333496,EXIT_MA,52.866667968,-1642.1320319999977,-5.860027514240299,-5.482712995259298,20,28,2024-04-04
proxy,042700.KS,2024-04-01,142300.0,313.04153902175796,2024-04-02,145000.0,1.0,241.0,True,134850.0,290.0,145290.0,2024-04-05,131400.0,STOP,262.8,-14152.799999999988,-9.741069584967988,-9.379310344827585,4,3,
proxy,103590.KS,2024-04-04,23200.0,145.30036224389866,2024-04-05,23500.0,1303.0,1538.0,True,21855.0,61241.0,30681741.0,2024-04-05,21855.0,STOP,56954.130000000005,-2261630.129999999,-7.371257485029936,-6.999999999999995,1,0,
proxy,281820.KS,2024-02-27,39200.0,80.01143033682197,2024-02-28,39000.0,801.0,801.0,False,36270.0,62478.0,31301478.0,2024-04-11,36800.0,EXIT_MA,58953.6,-1883631.6000000015,-6.017708173396801,-5.641025641025643,29,43,2024-04-09
proxy,138040.KS,2024-02-01,70000.0,39.88457069786993,2024-02-02,69400.0,442.0,442.0,False,64541.99999999999,61349.6,30736149.6,2024-04-15,76800.0,EXIT_MA,67891.2,3141559.1999999955,10.221056446185424,10.662824207492804,47,73,2024-04-12
proxy,005930.KS,2024-03-29,82400.0,9.29701565634757,2024-04-01,83200.0,298.0,422.0,True,77376.0,49587.200000000004,24843187.2,2024-04-19,77376.0,STOP,46116.096,-1831255.296,-7.371257485029941,-6.999999999999995,14,18,
proxy,298040.KS,2024-04-04,307000.0,155.74368444244848,2024-04-05,302000.0,116.0,116.0,False,280860.0,70064.0,35102064.0,2024-04-22,280860.0,STOP,65159.520000000004,-2587463.5199999996,-7.371257485029939,-6.999999999999995,11,17,
proxy,000500.KS,2024-04-29,27444.44531,135.31108400724816,2024-04-30,27944.44531,1316.0,1316.0,False,25988.334138299997,73549.78005592001,36848439.80801592,2024-05-03,25988.334138299997,STOP,68401.2954520056,-2716193.377465129,-7.371257485029949,-7.000000000000006,3,3,
proxy,402340.KS,2024-02-01,53600.0,24.626205689974007,2024-02-02,54500.0,578.0,578.0,False,50685.0,63002.0,31564002.0,2024-05-07,76300.0,EXIT_MA,88202.8,12449195.200000003,39.441117764471066,39.99999999999999,61,95,2024-05-03
proxy,272210.KS,2024-04-29,20350.0,29.061224136092505,2024-04-30,20150.0,1775.0,1775.0,False,18739.5,71532.5,35837782.5,2024-05-09,18739.5,STOP,66525.225,-2641695.2250000015,-7.371257485029944,-6.999999999999995,6,9,
proxy,012450.KS,2024-02-26,184609.2969,49.88803354986872,2024-02-27,185608.9844,172.0,172.0,False,172616.35549199997,63849.4906336,31988594.807433598,2024-05-20,230483.9219,EXIT_MA,79286.4691336,7575353.2902328,23.68141938036121,24.177136492106154,54,83,2024-05-17
proxy,103140.KS,2024-05-02,72700.0,77.82412658228662,2024-05-03,73000.0,30.0,493.0,True,67890.0,4380.0,2194380.0,2024-05-23,66600.0,STOP,3996.0,-200376.0,-9.131326388319252,-8.76712328767123,13,20,
proxy,011780.KS,2024-05-17,154400.0,8.792459926166273,2024-05-20,158800.0,23.0,232.0,True,147684.0,7304.8,3659704.8,2024-05-23,147684.0,STOP,6793.464,-269766.26399999997,-7.371257485029939,-6.999999999999995,4,3,
proxy,068270.KS,2024-05-07,169544.7344,9.359302974679466,2024-05-08,170416.8906,36.0,216.0,True,158487.708258,12270.016123200001,6147278.0777232,2024-05-24,159253.4375,EXIT_MA,11466.2475,-425620.5752232,-6.923724123780641,-6.550672917863931,11,16,2024-05-23
proxy,021240.KS,2024-05-07,59300.0,11.668989360738497,2024-05-08,59000.0,618.0,618.0,False,54869.99999999999,72924.0,36534924.0,2024-05-27,56700.0,EXIT_MA,70081.2,-1564405.200000003,-4.281944585405468,-3.898305084745768,12,19,2024-05-24
proxy,071050.KS,2024-05-08,69100.0,11.461651810331823,2024-05-09,69100.0,2.0,534.0,True,64262.99999999999,276.40000000000003,138476.4,2024-05-28,66500.0,EXIT_MA,266.0,-5742.399999999994,-4.146843794321628,-3.76266280752533,12,19,2024-05-27
proxy,047810.KS,2024-05-28,58600.0,10.469191637516193,2024-05-29,58100.0,5.0,679.0,True,54033.0,581.0,291081.0,2024-05-30,54033.0,STOP,540.33,-21456.330000000016,-7.371257485029946,-6.999999999999995,2,1,
proxy,000500.KS,2024-05-09,31611.11133,183.89933219544506,2024-05-10,31944.44531,1038.0,1159.0,True,29708.334138299997,66316.66846356,33224650.90024356,2024-05-31,29708.334138299997,STOP,61674.5016711108,-2449074.566359274,-7.37125748502995,-7.000000000000006,15,21,
proxy,097950.KS,2024-05-27,371500.0,12.15630129385144,2024-05-28,372000.0,20.0,104.0,True,345960.0,14880.0,7454880.0,2024-06-04,345960.0,STOP,13838.4,-549518.4000000004,-7.371257485029944,-6.999999999999995,6,7,
proxy,281820.KS,2024-06-07,43800.0,59.91786508834819,2024-06-10,44000.0,814.0,814.0,False,40920.0,71632.0,35887632.0,2024-06-11,40920.0,STOP,66617.76,-2645369.7600000016,-7.371257485029944,-6.999999999999995,2,1,
proxy,073240.KS,2024-04-29,6740.0,28.905778672250094,2024-04-30,6940.0,5359.0,5359.0,False,6454.2,74382.92,37265842.92,2024-06-14,6750.0,EXIT_MA,72346.5,-1164939.4200000018,-3.1260246078448337,-2.737752161383289,29,45,2024-06-13
proxy,042700.KS,2024-06-13,189000.0,243.1613996192541,2024-06-14,190200.0,195.0,195.0,False,176886.0,74178.0,37163178.0,2024-06-19,176886.0,STOP,68985.54000000001,-2739393.539999999,-7.371257485029938,-6.999999999999995,4,5,
proxy,002380.KS,2024-05-03,280500.0,16.53581308320884,2024-05-07,280000.0,126.0,126.0,False,260399.99999999997,70560.0,35350560.0,2024-06-25,284000.0,EXIT_MA,71568.0,361872.0,1.0236669518106645,1.4285714285714235,33,49,2024-06-24
proxy,298040.KS,2024-05-17,370500.0,158.52657565773518,2024-05-20,373000.0,96.0,96.0,False,346890.0,71616.0,35879616.0,2024-06-28,346890.0,STOP,66602.88,-2644778.879999999,-7.371257485029938,-6.999999999999995,29,39,
proxy,229640.KS,2024-04-30,30300.0,175.0257307821624,2024-05-02,30000.0,1170.0,1170.0,False,27899.999999999996,70200.0,35170200.0,2024-07-02,30900.0,EXIT_MA,72306.0,910494.0,2.588822355289421,3.0000000000000027,40,61,2024-07-01
proxy,036460.KS,2024-06-13,51800.0,87.52689857709241,2024-06-14,52200.0,616.0,714.0,True,48546.0,64310.4,32219510.4,2024-07-02,48546.0,STOP,59808.672,-2374983.071999997,-7.371257485029931,-6.999999999999995,13,18,
proxy,079550.KS,2024-06-19,211000.0,79.18532382518568,2024-06-20,209500.0,164.0,177.0,True,194835.0,68716.0,34426716.0,2024-07-02,194835.0,STOP,63905.880000000005,-2537681.879999999,-7.371257485029938,-6.999999999999995,9,12,
proxy,000100.KS,2024-07-01,83800.0,18.294767756735567,2024-07-02,83200.0,433.0,440.0,True,77376.0,72051.2,36097651.2,2024-07-02,77376.0,STOP,67007.616,-2660850.8160000034,-7.371257485029949,-6.999999999999995,1,0,
proxy,082740.KS,2024-06-14,15430.0,59.67997846543875,2024-06-17,15300.0,2.0,2450.0,True,14228.999999999998,61.2,30661.2,2024-07-03,14228.999999999998,STOP,56.916,-2260.1160000000054,-7.371257485029958,-7.000000000000018,13,16,
proxy,021240.KS,2024-06-25,62100.0,16.755140257294524,2024-06-26,61000.0,584.0,594.0,True,56729.99999999999,71248.0,35695248.0,2024-07-05,56729.99999999999,STOP,66260.64,-2631188.6400000043,-7.371257485029953,-7.000000000000018,8,9,
proxy,175330.KS,2024-07-05,15860.0,38.07407447262244,2024-07-08,15710.0,2100.0,2287.0,True,14610.3,65982.0,33056982.0,2024-07-09,14610.3,STOP,61363.26,-2436715.2600000016,-7.371257485029944,-7.000000000000006,2,1,
proxy,007660.KS,2024-06-28,58700.0,85.15272993820189,2024-07-01,58400.0,567.0,641.0,True,54312.0,66225.6,33179025.6,2024-07-12,54312.0,STOP,61589.808000000005,-2445711.408,-7.371257485029939,-6.999999999999995,10,11,
proxy,281820.KS,2024-07-09,52400.0,72.06224307391336,2024-07-10,51900.0,588.0,693.0,True,48267.0,61034.4,30578234.4,2024-07-17,48267.0,STOP,56761.992,-2254000.391999997,-7.371257485029932,-6.999999999999995,6,7,
proxy,402340.KS,2024-06-07,87500.0,57.54608410189098,2024-06-10,88100.0,23.0,407.0,True,81933.0,4052.6,2030352.6,2024-07-19,88200.0,EXIT_MA,4057.2000000000003,-5809.800000000047,-0.2861473420922083,0.11350737797957144,29,39,2024-07-18
proxy,085620.KS,2024-06-27,5350.0,16.679319215143053,2024-06-28,5370.0,3.0,7013.0,True,4994.099999999999,32.22,16142.22,2024-07-22,5170.0,EXIT_MA,31.02,-663.2399999999998,-4.10872853919721,-3.724394785847296,16,24,2024-07-19
proxy,294870.KS,2024-07-17,21700.0,53.65474559118829,2024-07-18,21550.0,1311.0,1662.0,True,20041.5,56504.1,28308554.1,2024-07-22,20041.5,STOP,52548.813,-2086696.4130000025,-7.371257485029949,-6.999999999999995,3,4,
proxy,267260.KS,2024-01-05,90300.0,68.98232503160585,2024-01-08,90200.0,347.0,347.0,False,83886.0,62598.8,31361998.8,2024-07-23,298500.0,EXIT_MA,207159.0,72010342.2,229.61018096844006,230.9312638580931,133,197,2024-07-22
proxy,011790.KS,2024-05-27,135600.0,37.34531149347779,2024-05-28,133700.0,287.0,287.0,False,124340.99999999999,76743.8,38448643.8,2024-07-23,148000.0,EXIT_MA,84952.0,3942404.200000003,10.253688583939086,10.695587135377703,39,56,2024-07-22
proxy,086280.KS,2024-07-03,124500.0,31.390679396573194,2024-07-04,122000.0,177.0,293.0,True,113459.99999999999,43188.0,21637188.0,2024-08-02,113459.99999999999,STOP,40164.84,-1594932.8400000036,-7.371257485029957,-7.000000000000018,22,29,
proxy,105560.KS,2024-07-02,83200.0,38.95050189864989,2024-07-03,84300.0,438.0,438.0,False,78399.0,73846.8,36997246.8,2024-08-05,77400.0,STOP,67802.4,-3163849.1999999955,-8.551580113793754,-8.185053380782914,24,33,
proxy,000100.KS,2024-07-12,94900.0,32.849529697910874,2024-07-15,95400.0,322.0,386.0,True,88722.0,61437.6,30780237.6,2024-08-05,88100.0,STOP,56736.4,-2468774.0,-8.020646338350552,-7.65199161425576,16,21,
proxy,005940.KS,2024-07-04,13010.0,16.677944423928746,2024-07-05,13010.0,2.0,2803.0,True,12099.3,52.04,26072.04,2024-08-06,13110.0,EXIT_MA,52.44,95.52000000000044,0.3663694900744262,0.768639508070712,22,32,2024-08-05
proxy,071970.KS,2024-03-20,11530.0,35.36215807711521,2024-03-21,11620.0,913.0,2844.0,True,10806.599999999999,21218.12,10630278.12,2024-08-23,19700.0,EXIT_MA,35972.200000000004,7319849.680000002,68.85849643226459,69.53528399311533,105,155,2024-08-22
proxy,161890.KS,2024-08-22,70500.0,32.80812515466977,2024-08-23,69900.0,258.0,485.0,True,65006.99999999999,36068.4,18070268.4,2024-08-27,65006.99999999999,STOP,33543.611999999994,-1332006.012,-7.3712574850299415,-7.000000000000006,3,4,
proxy,006280.KS,2024-08-21,164000.0,41.03505455015136,2024-08-22,164000.0,83.0,211.0,True,152520.0,27224.0,13639224.0,2024-09-04,152520.0,STOP,25318.32,-1005382.3200000003,-7.3712574850299415,-6.999999999999995,10,13,
proxy,006360.KS,2024-08-20,20700.0,36.256011657470815,2024-08-21,20750.0,1670.0,1670.0,False,19297.5,69305.0,34721805.0,2024-09-05,19297.5,STOP,64453.65,-2559433.6499999985,-7.371257485029936,-6.999999999999995,12,15,
proxy,103140.KS,2024-08-27,64900.0,41.87648900139656,2024-08-28,64600.0,258.0,531.0,True,60077.99999999999,33333.6,16700133.6,2024-09-09,59300.0,STOP,30598.8,-1431332.4000000004,-8.570784128337754,-8.204334365325073,9,12,
proxy,003690.KS,2024-08-19,7333.333496,16.46005058594652,2024-08-20,7375.0,4678.0,4678.0,False,6858.749999999999,69000.5,34569250.5,2024-09-11,6858.749999999999,STOP,64170.465,-2548188.4650000036,-7.37125748502995,-7.000000000000018,17,22,
proxy,138930.KS,2024-08-26,10210.0,31.470395866290573,2024-08-27,10210.0,3.0,3431.0,True,9495.3,61.26,30691.26,2024-09-11,9495.3,STOP,56.971799999999995,-2262.3318,-7.371257485029941,-7.000000000000006,12,15,
proxy,055550.KS,2024-07-02,49500.0,17.702757236521755,2024-07-03,49600.0,736.0,736.0,False,46128.0,73011.2,36578611.2,2024-09-12,53500.0,EXIT_MA,78752.0,2718636.799999997,7.432312793767296,7.86290322580645,50,71,2024-09-11
proxy,005830.KS,2024-08-19,111700.0,16.937011812034502,2024-08-20,113600.0,307.0,307.0,False,105648.0,69750.4,34944950.4,2024-09-12,109000.0,EXIT_MA,66926.0,-1548876.3999999985,-4.432332518062462,-4.049295774647888,17,23,2024-09-11
proxy,294870.KS,2024-08-21,25050.0,68.51264387873489,2024-08-22,25100.0,1385.0,1385.0,False,23343.0,69527.0,34833027.0,2024-09-19,23343.0,STOP,64660.11,-2567632.1099999994,-7.371257485029939,-6.999999999999995,18,28,
proxy,016360.KS,2024-08-20,47800.0,22.401747263255917,2024-08-21,47700.0,723.0,723.0,False,44361.0,68974.2,34556074.2,2024-09-25,44361.0,STOP,64146.006,-2547217.206000004,-7.371257485029951,-6.999999999999995,23,35,
proxy,395400.KS,2024-08-30,5330.0,22.55721001324675,2024-09-02,5350.0,7.0,6339.0,True,4975.5,74.9,37524.9,2024-09-30,5180.0,EXIT_MA,72.52,-1337.4199999999983,-3.5640867797116,-3.1775700934579487,17,28,2024-09-27
proxy,086280.KS,2024-09-26,124500.0,27.43931924979835,2024-09-27,123300.0,259.0,259.0,False,114668.99999999999,63869.4,31998569.4,2024-10-07,114668.99999999999,STOP,59398.541999999994,-2358696.9420000017,-7.371257485029946,-7.000000000000018,5,10,
proxy,001720.KS,2024-08-19,79900.0,24.818902133903322,2024-08-20,80300.0,429.0,429.0,False,74679.0,68897.4,34517597.4,2024-10-29,80400.0,EXIT_MA,68983.2,-94980.60000000149,-0.2751657332905838,0.12453300124533051,44,70,2024-10-28
proxy,011790.KS,2024-09-26,146900.0,29.04041500666778,2024-09-27,145900.0,219.0,219.0,False,135687.0,63904.200000000004,32016004.2,2024-11-06,135687.0,STOP,59430.906,-2359982.1059999987,-7.371257485029936,-6.999999999999995,26,40,
proxy,138040.KS,2024-08-16,88800.0,34.48696207324147,2024-08-19,89200.0,384.0,384.0,False,82956.0,68505.6,34321305.6,2024-12-06,101100.0,EXIT_MA,77644.8,4423449.6000000015,12.888348862812496,13.340807174887903,73,109,2024-12-05
proxy,034020.KS,2025-02-18,30300.0,65.37376516358356,2025-02-19,30900.0,1052.0,1052.0,False,28736.999999999996,65013.6,32571813.6,2025-02-20,28736.999999999996,STOP,60462.647999999994,-2400952.248000007,-7.371257485029961,-7.000000000000018,2,1,
proxy,010140.KS,2025-02-19,14730.0,46.51804613813046,2025-02-20,14680.0,2141.0,2141.0,False,13652.4,62859.76,31492739.76,2025-02-20,13652.4,STOP,58459.576799999995,-2321410.936800003,-7.37125748502995,-7.000000000000006,1,0,
proxy,064350.KS,2025-02-18,89700.0,104.50298146829573,2025-02-19,89700.0,355.0,355.0,False,83421.0,63687.0,31907187.0,2025-02-25,83421.0,STOP,59228.91,-2351960.91,-7.371257485029941,-6.999999999999995,5,6,
proxy,079550.KS,2025-02-18,306000.0,70.47793077274453,2025-02-19,307000.0,104.0,104.0,False,285510.0,63856.0,31991856.0,2025-02-27,285510.0,STOP,59386.08,-2358202.079999998,-7.371257485029934,-6.999999999999995,7,8,
proxy,000150.KS,2025-02-18,359500.0,140.79224524638036,2025-02-19,360000.0,88.0,88.0,False,334800.0,63360.0,31743360.0,2025-02-28,330000.0,STOP,58080.0,-2761440.0,-8.699268130405855,-8.333333333333337,8,9,
proxy,012450.KS,2025-02-18,643000.0,139.470576107442,2025-02-19,639000.0,49.0,49.0,False,594270.0,62622.0,31373622.0,2025-02-28,594270.0,STOP,58238.46,-2312630.460000001,-7.371257485029943,-6.999999999999995,8,9,
proxy,047810.KS,2025-03-17,95000.0,74.76702543746455,2025-03-18,97100.0,321.0,321.0,False,90303.0,62338.200000000004,31231438.2,2025-03-18,90303.0,STOP,57974.526,-2302149.726,-7.371257485029939,-6.999999999999995,1,0,
proxy,272210.KS,2025-03-18,41300.0,119.64963888991925,2025-03-19,42150.0,729.0,729.0,False,39199.5,61454.700000000004,30788804.7,2025-03-20,39199.5,STOP,57152.871,-2269522.0709999986,-7.371257485029936,-6.999999999999995,2,1,
proxy,005440.KS,2025-02-20,5220.0,8.820764281557473,2025-02-21,5310.0,5958.0,5958.0,False,4938.299999999999,63273.96,31700253.96,2025-03-26,5130.0,EXIT_MA,61129.08,-1196843.039999999,-3.7754998477621005,-3.3898305084745783,22,33,2025-03-25
proxy,006040.KS,2025-03-20,37800.0,15.82210176984551,2025-03-21,37800.0,794.0,794.0,False,35154.0,60026.4,30073226.4,2025-03-28,35154.0,STOP,55824.552,-2216774.9519999996,-7.371257485029939,-6.999999999999995,6,7,
proxy,006800.KS,2025-03-17,9847.907227,18.20737299133314,2025-03-18,9847.907227,3102.0,3102.0,False,9158.55372111,61096.416436308,30609304.634590305,2025-03-31,9158.55372111,STOP,56819.66728576644,-2256290.658992853,-7.371257485029936,-6.999999999999995,10,13,
proxy,111770.KS,2025-03-19,52000.0,29.85356030028732,2025-03-20,52000.0,579.0,579.0,False,48360.0,60216.0,30168216.0,2025-03-31,48050.0,STOP,55641.9,-2402907.8999999985,-7.965031475510513,-7.596153846153841,8,11,
proxy,026960.KS,2025-03-26,28900.0,29.453530584898814,2025-03-27,28900.0,1036.0,1036.0,False,26877.0,59880.8,30000280.8,2025-03-31,26877.0,STOP,55689.144,-2211397.944000002,-7.371257485029947,-6.999999999999995,3,4,
proxy,012330.KS,2025-03-19,270000.0,12.237077382986614,2025-03-20,269500.0,111.0,111.0,False,250634.99999999997,59829.0,29974329.0,2025-04-07,248500.0,STOP,55167.0,-2445996.0,-8.160302771081215,-7.792207792207795,13,18,
proxy,139480.KS,2025-02-21,78100.0,14.456788563013804,2025-02-24,77500.0,407.0,407.0,False,72075.0,63085.0,31605585.0,2025-05-15,83200.0,EXIT_MA,67724.8,2189090.200000003,6.926276479299474,7.354838709677414,54,80,2025-05-14
proxy,271560.KS,2025-03-17,113700.0,15.446709194608735,2025-03-18,113400.0,268.0,268.0,False,105462.0,60782.4,30451982.4,2025-05-21,118800.0,EXIT_MA,63676.8,1322740.8000000007,4.343693565250454,4.761904761904767,43,64,2025-05-20
proxy,001800.KS,2025-05-08,19460.0,29.05257747499495,2025-05-09,19500.0,7.0,1498.0,True,18135.0,273.0,136773.0,2025-05-23,18135.0,STOP,253.89000000000001,-10081.89,-7.371257485029941,-6.999999999999995,11,14,
proxy,000500.KS,2025-05-20,40666.66797,53.15110045869093,2025-05-21,40944.44531,770.0,770.0,False,38078.3341383,63054.445777400004,31590277.334477402,2025-06-12,38078.3341383,STOP,58640.634572982,-2328600.682559386,-7.371257485029951,-7.000000000000006,15,22,
proxy,012450.KS,2025-06-12,953000.0,146.13956506420058,2025-06-13,944000.0,30.0,38.0,True,877919.9999999999,56640.0,28376640.0,2025-06-24,877919.9999999999,STOP,52675.2,-2091715.200000003,-7.37125748502995,-7.000000000000018,8,11,
proxy,082740.KS,2025-06-16,30200.0,68.50974159183319,2025-06-17,30350.0,3.0,1230.0,True,28225.499999999996,182.1,91232.1,2025-06-25,28225.499999999996,STOP,169.35299999999998,-6724.953000000023,-7.3712574850299655,-7.000000000000018,7,8,
proxy,329180.KS,2025-06-24,463500.0,105.71148126617129,2025-06-25,469500.0,55.0,82.0,True,436634.99999999994,51645.0,25874145.0,2025-06-25,436634.99999999994,STOP,48029.84999999999,-1907249.8500000052,-7.37125748502996,-7.000000000000018,1,0,
proxy,402340.KS,2025-06-25,192200.0,100.13094911683417,2025-06-26,190000.0,128.0,202.0,True,176700.0,48640.0,24368640.0,2025-06-27,176700.0,STOP,45235.200000000004,-1796275.1999999993,-7.371257485029938,-6.999999999999995,2,1,
proxy,064350.KS,2025-06-13,186800.0,207.3979581579496,2025-06-16,193200.0,4.0,191.0,True,179676.0,1545.6000000000001,774345.6,2025-07-04,179676.0,STOP,1437.4080000000001,-57079.00800000003,-7.371257485029944,-6.999999999999995,15,18,
proxy,103590.KS,2025-06-27,37600.0,36.72123419495339,2025-06-30,38000.0,595.0,1027.0,True,35340.0,45220.0,22655220.0,2025-07-07,35300.0,STOP,42007.0,-1693727.0,-7.476100430717512,-7.105263157894736,6,7,
proxy,180640.KS,2025-05-07,85400.0,17.42314745777097,2025-05-08,84100.0,342.0,342.0,False,78213.0,57524.4,28819724.4,2025-07-08,119400.0,EXIT_MA,81669.6,11933406.0,41.40707882688844,41.97384066587395,41,61,2025-07-07
proxy,375500.KS,2025-05-07,44950.0,41.66975354108686,2025-05-08,45000.0,651.0,651.0,False,41850.0,58590.0,29353590.0,2025-07-22,49000.0,EXIT_MA,63798.0,2481612.0,8.454202705699712,8.888888888888879,51,75,2025-07-21
proxy,000720.KS,2025-05-20,46750.0,41.96504409769975,2025-05-21,47700.0,3.0,670.0,True,44361.0,286.2,143386.2,2025-07-24,66600.0,EXIT_MA,399.6,56014.19999999998,39.06526569502503,39.622641509433954,44,64,2025-07-23
proxy,069960.KS,2025-05-23,70700.0,44.4525845213347,2025-05-26,70400.0,1.0,466.0,True,65471.99999999999,140.8,70540.8,2025-07-25,72300.0,EXIT_MA,144.6,1614.5999999999913,2.288888132825246,2.6988636363636465,42,60,2025-07-24
proxy,005940.KS,2025-07-09,21850.0,40.95062284533875,2025-07-10,21900.0,1.0,1841.0,True,20367.0,43.800000000000004,21943.8,2025-07-25,20350.0,STOP,40.7,-1634.5,-7.448573173288127,-7.077625570776258,12,15,
proxy,139130.KS,2025-07-08,14240.0,45.38494125832553,2025-07-09,14350.0,2763.0,2763.0,False,13345.5,79298.1,39728348.1,2025-07-28,13345.5,STOP,73747.23300000001,-2928478.8330000043,-7.37125748502995,-6.999999999999995,14,19,
proxy,000150.KS,2025-05-14,408500.0,105.33656706177727,2025-05-15,398000.0,77.0,77.0,False,370140.0,61292.0,30707292.0,2025-07-29,540000.0,EXIT_MA,83160.0,10789548.0,35.13676165257425,35.67839195979901,51,75,2025-07-28
proxy,009830.KS,2025-07-21,37900.0,51.1901760428477,2025-07-22,38050.0,835.0,1066.0,True,35386.5,63543.5,31835293.5,2025-07-30,35386.5,STOP,59095.455,-2346661.454999998,-7.371257485029934,-6.999999999999995,7,8,
proxy,006800.KS,2025-05-21,13461.4541,69.76381951999691,2025-05-22,13391.96289,3.0,2354.0,True,12454.5254877,80.35177734,40256.24044734,2025-07-31,19020.75586,EXIT_MA,114.12453516000001,16691.902597499997,41.464136769887915,42.03112729802374,48,70,2025-07-30
proxy,047810.KS,2025-07-28,98500.0,39.44284695665281,2025-07-29,97500.0,379.0,412.0,True,90675.0,73905.0,37026405.0,2025-08-01,90675.0,STOP,68731.65,-2729311.6499999985,-7.371257485029936,-6.999999999999995,4,3,
proxy,103590.KS,2025-07-29,43800.0,45.82400315709405,2025-07-30,43500.0,1.0,938.0,True,40455.0,87.0,43587.0,2025-08-01,40455.0,STOP,80.91,-3212.9100000000035,-7.371257485029949,-6.999999999999995,3,2,
proxy,001720.KS,2025-05-07,97600.0,34.81352416223405,2025-05-08,97600.0,300.0,300.0,False,90768.0,58560.0,29338560.0,2025-08-04,119600.0,EXIT_MA,71760.0,6469680.0,22.051798043257747,22.540983606557386,60,88,2025-08-01
proxy,005440.KS,2025-05-12,5970.0,27.38604172545662,2025-05-13,5970.0,1.0,4988.0,True,5552.099999999999,11.94,5981.94,2025-08-04,8100.0,EXIT_MA,16.2,2101.8600000000006,35.13676165257426,35.67839195979901,57,83,2025-08-01
proxy,003690.KS,2025-05-16,8510.0,11.904062817735115,2025-05-19,8600.0,2.0,3694.0,True,7997.999999999999,34.4,17234.4,2025-08-04,10290.0,EXIT_MA,41.160000000000004,3304.4399999999987,19.17351343823979,19.651162790697676,53,77,2025-08-01
proxy,023590.KS,2025-05-26,24950.0,32.966841169202006,2025-05-27,25000.0,2.0,1348.0,True,23250.0,100.0,50100.0,2025-08-04,32850.0,EXIT_MA,131.4,15468.600000000006,30.87544910179642,31.400000000000006,47,69,2025-08-01
proxy,004800.KS,2025-07-30,87300.0,40.6260870923294,2025-07-31,88000.0,335.0,460.0,True,81840.0,58960.0,29538960.0,2025-08-04,81840.0,STOP,54832.8,-2177392.8000000007,-7.371257485029943,-6.999999999999995,3,4,
proxy,007340.KS,2025-07-23,29000.0,24.49796218273748,2025-07-24,28700.0,6.0,1379.0,True,26691.0,344.40000000000003,172544.4,2025-08-05,26691.0,STOP,320.29200000000003,-12718.69199999998,-7.371257485029929,-6.999999999999995,9,12,
proxy,079550.KS,2025-05-08,372500.0,68.96543832108709,2025-05-09,376000.0,78.0,78.0,False,349680.0,58656.0,29386656.0,2025-08-11,498000.0,EXIT_MA,77688.0,9379656.0,31.918078736144732,32.446808510638306,64,94,2025-08-08
proxy,175330.KS,2025-06-17,21900.0,24.190278559912183,2025-06-18,21400.0,1.0,1705.0,True,19902.0,42.800000000000004,21442.8,2025-08-12,21850.0,EXIT_MA,43.7,363.5,1.6952077154103011,2.102803738317749,39,55,2025-08-11
proxy,278470.KS,2025-08-06,208500.0,240.5088759823856,2025-08-07,216500.0,94.0,191.0,True,201345.0,40702.0,20391702.0,2025-08-13,201345.0,STOP,37852.86,-1503124.8599999994,-7.371257485029938,-6.999999999999995,5,6,
proxy,033780.KS,2025-08-08,147200.0,11.19153104997508,2025-08-11,146500.0,263.0,263.0,False,136245.0,77059.0,38606559.0,2025-08-13,136245.0,STOP,71664.87,-2845788.8699999973,-7.3712574850299335,-6.999999999999995,3,2,
proxy,010120.KS,2025-08-05,65800.0,41.50317913268496,2025-08-06,64600.0,603.0,603.0,False,60077.99999999999,77907.6,39031707.6,2025-08-18,59500.0,STOP,71757.0,-3224964.6000000015,-8.262422523374308,-7.8947368421052655,8,12,
proxy,034020.KS,2025-05-14,31300.0,57.509664690659235,2025-05-15,31900.0,96.0,1017.0,True,29666.999999999996,6124.8,3068524.8,2025-08-20,54300.0,EXIT_MA,10425.6,2133849.6000000006,69.5399170311415,70.2194357366771,66,97,2025-08-19
proxy,001440.KS,2025-08-11,17000.0,13.512908618769426,2025-08-12,17000.0,12.0,2255.0,True,15809.999999999998,408.0,204408.0,2025-08-20,15570.0,EXIT_MA,373.68,-17941.679999999993,-8.777386403663257,-8.411764705882351,5,8,2025-08-19
proxy,007660.KS,2025-07-08,58800.0,38.121650508961075,2025-07-09,58200.0,389.0,669.0,True,54126.0,45279.6,22685079.6,2025-08-20,54126.0,STOP,42110.028,-1672175.6280000024,-7.37125748502995,-6.999999999999995,30,42,
proxy,329180.KS,2025-07-28,464500.0,63.69248678954247,2025-07-29,473000.0,87.0,87.0,False,439889.99999999994,82302.0,41233302.0,2025-08-20,439500.0,STOP,76473.0,-3073275.0,-7.4533807648972665,-7.082452431289643,16,22,
proxy,009540.KS,2025-08-13,379500.0,44.18996763169164,2025-08-14,377000.0,99.0,99.0,False,350610.0,74646.0,37397646.0,2025-08-20,350610.0,STOP,69420.78,-2756676.780000001,-7.371257485029943,-6.999999999999995,4,6,
proxy,336260.KS,2025-08-14,26150.0,28.211244269320435,2025-08-18,26500.0,650.0,1448.0,True,24645.0,34450.0,17259450.0,2025-08-20,24645.0,STOP,32038.5,-1272238.5,-7.371257485029941,-6.999999999999995,3,2,
proxy,015760.KS,2025-05-07,26600.0,28.36869400832397,2025-05-08,26500.0,1100.0,1100.0,False,24645.0,58300.0,29208300.0,2025-08-27,37500.0,EXIT_MA,82500.0,11959200.0,40.94452604225511,41.50943396226414,76,111,2025-08-26
proxy,032640.KS,2025-05-09,12870.0,29.470244226508786,2025-05-12,12920.0,1.0,2303.0,True,12015.599999999999,25.84,12945.84,2025-09-02,14240.0,EXIT_MA,28.48,1265.6800000000003,9.77673136698739,10.216718266253878,78,113,2025-09-01
proxy,035720.KS,2025-08-07,63600.0,42.66295443574377,2025-08-08,62500.0,2.0,627.0,True,58124.99999999999,250.0,125250.0,2025-09-03,59600.0,EXIT_MA,238.4,-6288.399999999994,-5.020678642714566,-4.64,17,26,2025-09-02
proxy,001720.KS,2025-08-28,142400.0,39.23237760692109,2025-08-29,147500.0,256.0,256.0,False,137175.0,75520.0,37835520.0,2025-09-04,137175.0,STOP,70233.6,-2788953.6000000015,-7.371257485029944,-6.999999999999995,5,6,
proxy,316140.KS,2025-05-07,17830.0,18.457888576893914,2025-05-08,17680.0,1642.0,1642.0,False,16442.399999999998,58061.12,29088621.12,2025-09-05,24350.0,EXIT_MA,79965.40000000001,10814113.48,37.17643897724912,37.7262443438914,83,120,2025-09-04
proxy,138930.KS,2025-07-01,12820.0,14.296275111993193,2025-07-02,12770.0,1.0,3011.0,True,11876.099999999999,25.54,12795.54,2025-09-08,14430.0,EXIT_MA,28.86,1605.5999999999985,12.548122236341714,12.999216914643696,47,68,2025-09-05
proxy,071970.KS,2025-08-29,92000.0,214.1116154694251,2025-09-01,91200.0,405.0,405.0,False,84816.0,73872.0,37009872.0,2025-09-22,84816.0,STOP,68700.96,-2728092.960000001,-7.371257485029943,-6.999999999999995,15,21,
proxy,443060.KS,2025-09-05,220000.0,32.758087480787346,2025-09-08,222500.0,8.0,166.0,True,206925.0,3560.0,1783560.0,2025-09-22,206925.0,STOP,3310.8,-131470.80000000005,-7.371257485029943,-6.999999999999995,10,14,
proxy,003230.KS,2025-08-28,1597000.0,84.2156627953963,2025-08-29,1626000.0,22.0,22.0,False,1512180.0,71544.0,35843544.0,2025-09-23,1512180.0,STOP,66535.92,-2642119.920000002,-7.371257485029944,-6.999999999999995,17,25,
proxy,086280.KS,2025-08-29,184400.0,34.102392396571524,2025-09-01,187500.0,48.0,202.0,True,174375.0,18000.0,9018000.0,2025-09-24,174375.0,STOP,16740.0,-664740.0,-7.371257485029941,-6.999999999999995,17,23,
proxy,006800.KS,2025-09-09,21840.11719,76.95756288473262,2025-09-10,22535.0293,2.0,1677.0,True,20957.577248999998,90.14011719999999,45160.19871719999,2025-09-24,20957.577248999998,STOP,83.830308996,-3328.874528196,-7.3712574850299415,-7.000000000000006,10,14,
proxy,007810.KS,2025-09-22,18350.0,48.54128097713475,2025-09-23,18550.0,1933.0,2085.0,True,17251.5,71714.3,35928864.3,2025-09-26,17251.5,STOP,66694.299,-2648409.0989999957,-7.371257485029929,-6.999999999999995,4,3,
proxy,034020.KS,2025-09-24,65900.0,115.63242297432019,2025-09-25,67000.0,570.0,570.0,False,62309.99999999999,76380.0,38266380.0,2025-09-26,62309.99999999999,STOP,71033.39999999998,-2820713.400000006,-7.371257485029956,-7.000000000000006,2,1,
proxy,353200.KS,2025-09-24,29100.0,42.51211420773801,2025-09-25,28800.0,115.0,1291.0,True,26784.0,6624.0,3318624.0,2025-09-26,26784.0,STOP,6160.32,-244624.31999999983,-7.371257485029934,-6.999999999999995,2,1,
proxy,042660.KS,2025-07-24,88800.0,72.8210690662205,2025-07-25,88000.0,1.0,453.0,True,81840.0,176.0,88176.0,2025-09-29,105600.0,EXIT_MA,211.20000000000002,17212.800000000003,19.520958083832337,19.999999999999996,44,66,2025-09-26
proxy,007810.KS,2025-10-02,19000.0,44.68846744171653,2025-10-10,19750.0,1.0,2014.0,True,18367.5,39.5,19789.5,2025-10-13,18367.5,STOP,36.735,-1458.7350000000006,-7.371257485029943,-6.999999999999995,2,3,
proxy,001440.KS,2025-10-13,18140.0,10.032298792471888,2025-10-14,18650.0,1.0,2104.0,True,17344.5,37.300000000000004,18687.3,2025-10-14,17344.5,STOP,34.689,-1377.4889999999978,-7.371257485029928,-6.999999999999995,1,0,
proxy,111770.KS,2025-09-29,65200.0,8.847660675462254,2025-09-30,64600.0,552.0,556.0,True,60077.99999999999,71318.40000000001,35730518.4,2025-10-15,60077.99999999999,STOP,66326.112,-2633788.512000002,-7.371257485029946,-7.000000000000006,7,15,
proxy,278470.KS,2025-09-29,246500.0,186.45827458138413,2025-09-30,245500.0,147.0,147.0,False,228314.99999999997,72177.0,36160677.0,2025-10-20,228314.99999999997,STOP,67124.60999999999,-2665496.610000007,-7.37125748502996,-7.000000000000018,10,20,
proxy,034020.KS,2025-10-15,82900.0,173.88395144027066,2025-10-16,84700.0,390.0,472.0,True,78771.0,66066.0,33099066.0,2025-10-22,78300.0,STOP,61074.0,-2623140.0,-7.92511788701228,-7.5560802833530065,5,6,
proxy,006800.KS,2025-10-20,25066.49805,87.92582551144902,2025-10-21,25265.04492,1323.0,1563.0,True,23496.4917756,66851.30885832,33492505.73801832,2025-10-22,23496.4917756,STOP,62171.7172382376,-2468818.8361377567,-7.371257485029938,-7.000000000000006,2,1,
proxy,093370.KS,2025-10-28,9990.0,53.89759827451992,2025-10-29,9940.0,1.0,4285.0,True,9244.199999999999,19.88,9959.88,2025-10-30,9244.199999999999,STOP,18.4884,-734.1684000000005,-7.371257485029946,-7.000000000000006,2,1,
proxy,064350.KS,2025-10-22,234500.0,120.37815726293432,2025-10-23,230500.0,171.0,171.0,False,214365.0,78831.0,39494331.0,2025-11-05,214365.0,STOP,73312.83,-2911228.829999998,-7.371257485029936,-6.999999999999995,10,13,
proxy,042660.KS,2025-10-22,132400.0,107.49031831122223,2025-10-23,129300.0,169.0,304.0,True,120248.99999999999,43703.4,21895403.4,2025-11-05,120248.99999999999,STOP,40644.162,-1613966.5620000027,-7.371257485029953,-7.000000000000006,10,13,
proxy,082740.KS,2025-08-05,38700.0,70.58234653471217,2025-08-06,37200.0,1025.0,1025.0,False,34596.0,76260.0,38206260.0,2025-11-06,46600.0,EXIT_MA,95530.0,9463210.0,24.768742085721033,25.268817204301076,59,92,2025-11-05
proxy,007810.KS,2025-11-05,22700.0,63.268860941653635,2025-11-06,23050.0,1896.0,1896.0,False,21436.5,87405.6,43790205.6,2025-11-06,21436.5,STOP,81287.208,-3227888.8079999983,-7.371257485029936,-6.999999999999995,1,0,
proxy,009540.KS,2025-08-28,408500.0,55.77771370660598,2025-08-29,404000.0,89.0,89.0,False,375720.0,71912.0,36027912.0,2025-11-07,413000.0,EXIT_MA,73514.0,655574.0,1.8196280705914902,2.2277227722772297,44,70,2025-11-06
proxy,009970.KS,2025-11-06,156900.0,5.523568644356391,2025-11-07,164000.0,48.0,278.0,True,152520.0,15744.0,7887744.0,2025-11-07,152520.0,STOP,14641.92,-581425.9199999999,-7.371257485029939,-6.999999999999995,1,0,
proxy,353200.KS,2025-11-05,43200.0,83.54340972023554,2025-11-06,43950.0,996.0,996.0,False,40873.5,87548.40000000001,43861748.4,2025-11-10,40873.5,STOP,81420.012,-3233162.4120000005,-7.3712574850299415,-6.999999999999995,3,4,
proxy,034220.KS,2025-09-25,14300.0,21.978106460237278,2025-09-26,14110.0,1.0,2579.0,True,13122.3,28.22,14138.22,2025-11-14,13270.0,EXIT_MA,26.54,-894.7600000000002,-6.328660892248108,-5.953224663359324,30,49,2025-11-13
proxy,001720.KS,2025-11-10,155000.0,18.008266999217742,2025-11-11,156200.0,28.0,281.0,True,145266.0,8747.2,4382347.2,2025-11-18,145266.0,STOP,8134.896,-323034.09600000037,-7.371257485029949,-6.999999999999995,6,7,
proxy,009150.KS,2025-09-04,178400.0,16.279599278343486,2025-09-05,180200.0,204.0,204.0,False,167586.0,73521.6,36834321.6,2025-11-19,208000.0,EXIT_MA,84864.0,5512814.3999999985,14.966515359957105,15.427302996670367,47,75,2025-11-18
proxy,011070.KS,2025-11-06,256000.0,13.042535687521594,2025-11-07,248500.0,170.0,170.0,False,231104.99999999997,84490.0,42329490.0,2025-11-19,231104.99999999997,STOP,78575.69999999998,-3120215.7000000104,-7.3712574850299655,-7.000000000000006,9,12,
proxy,010140.KS,2025-10-24,24800.0,35.462661216170474,2025-10-27,25900.0,1.0,1680.0,True,24087.0,51.800000000000004,25951.8,2025-12-02,24350.0,EXIT_MA,48.7,-1650.5,-6.359867138310252,-5.984555984555984,26,36,2025-12-01
proxy,298040.KS,2025-05-08,537000.0,32.862958657554266,2025-05-09,524000.0,54.0,54.0,False,487319.99999999994,56592.0,28352592.0,2025-12-16,1910000.0,EXIT_MA,206280.0,74581128.0,263.0487117368317,264.5038167938931,148,221,2025-12-15
proxy,001430.KS,2025-12-15,48950.0,61.51864325379353,2025-12-16,47000.0,823.0,823.0,False,43710.0,77362.0,38758362.0,2025-12-16,43710.0,STOP,71946.66,-2856978.6599999964,-7.371257485029931,-6.999999999999995,1,0,
proxy,010130.KS,2025-12-15,1592000.0,42.49943277575883,2025-12-16,1699000.0,25.0,25.0,False,1580070.0,84950.0,42559950.0,2025-12-16,1580070.0,STOP,79003.5,-3137203.5,-7.371257485029941,-6.999999999999995,1,0,
proxy,085620.KS,2025-10-21,8400.0,1.9342581758751365,2025-10-22,8490.0,2.0,4709.0,True,7895.7,33.96,17013.96,2025-12-17,8810.0,EXIT_MA,35.24,570.7999999999993,3.3548921003693395,3.769140164899887,40,56,2025-12-16
proxy,267250.KS,2025-09-05,144700.0,38.86316777183902,2025-09-08,143500.0,253.0,253.0,False,133455.0,72611.0,36378111.0,2025-12-19,191200.0,EXIT_MA,96747.2,11898741.799999997,32.70852024174646,33.2404181184669,68,102,2025-12-18
proxy,034730.KS,2025-08-28,207500.0,18.789912123367973,2025-08-29,206500.0,176.0,176.0,False,192045.0,72688.0,36416688.0,2025-12-22,253000.0,EXIT_MA,89056.0,8022256.0,22.029065355970868,22.51815980629539,75,115,2025-12-19
proxy,042660.KS,2025-12-23,123400.0,39.82469324084271,2025-12-24,130800.0,318.0,318.0,False,121643.99999999999,83188.8,41677588.8,2025-12-24,121643.99999999999,STOP,77365.58399999999,-3072162.3840000033,-7.371257485029949,-7.000000000000006,1,0,
proxy,007660.KS,2025-09-08,69100.0,83.51216500779134,2025-09-09,69200.0,1.0,528.0,True,64355.99999999999,138.4,69338.4,2025-12-26,119200.0,EXIT_MA,238.4,49623.20000000001,71.56669320318902,72.2543352601156,71,108,2025-12-24
proxy,069960.KS,2025-11-06,88300.0,7.7217045294112445,2025-11-07,88300.0,495.0,495.0,False,82119.0,87417.0,43795917.0,2025-12-30,88500.0,EXIT_MA,87615.0,-76032.0,-0.17360522443222276,0.22650056625141968,36,53,2025-12-29
proxy,322000.KS,2025-12-15,58600.0,28.073702338100425,2025-12-16,59000.0,366.0,687.0,True,54869.99999999999,43188.0,21637188.0,2025-12-30,56400.0,EXIT_MA,41284.8,-1036072.8000000007,-4.788389323048821,-4.406779661016946,9,14,2025-12-29
proxy,042700.KS,2025-12-26,132600.0,14.19469469423098,2025-12-29,136200.0,290.0,290.0,False,126665.99999999999,78996.0,39576996.0,2026-01-02,127600.0,EXIT_MA,74008.0,-2647004.0,-6.688238794071181,-6.3142437591776845,2,4,2025-12-30
proxy,071970.KS,2025-12-22,91200.0,98.09474929700941,2025-12-23,92700.0,432.0,432.0,False,86211.0,80092.8,40126492.8,2026-01-02,86211.0,STOP,74486.304,-2957827.1039999947,-7.371257485029928,-6.999999999999995,6,10,
proxy,010060.KS,2025-12-23,121900.0,12.988228780545851,2025-12-24,119600.0,322.0,322.0,False,111227.99999999999,77022.40000000001,38588222.4,2026-01-02,111227.99999999999,STOP,71630.83199999998,-2844437.232000008,-7.371257485029961,-7.000000000000018,5,9,
proxy,204320.KS,2026-01-02,65400.0,30.41772541586014,2026-01-05,64100.0,579.0,579.0,False,59612.99999999999,74227.8,37188127.8,2026-01-06,59612.99999999999,STOP,69031.85399999999,-2741232.6540000066,-7.371257485029958,-7.000000000000006,2,1,
proxy,353200.KS,2025-11-10,47300.0,111.17586631317079,2025-11-11,47300.0,921.0,921.0,False,43989.0,87126.6,43650426.6,2026-01-07,45500.0,EXIT_MA,83811.0,-1828737.6000000015,-4.189506821452236,-3.8054968287526414,38,57,2026-01-06
proxy,006800.KS,2026-01-06,28491.42578,50.90897084196836,2026-01-07,28491.42578,1339.0,1348.0,True,26497.0259754,76300.03823884,38226319.15765884,2026-01-09,26497.0259754,STOP,70959.0355621212,-2817760.4121603593,-7.371257485029936,-7.000000000000006,3,2,
proxy,071970.KS,2026-01-09,100500.0,96.07937637142271,2026-01-12,101000.0,349.0,402.0,True,93930.0,70498.0,35319498.0,2026-01-14,93930.0,STOP,65563.14,-2603491.1400000006,-7.3712574850299415,-6.999999999999995,3,2,
proxy,353200.KS,2026-01-15,50600.0,87.54052887390715,2026-01-16,51200.0,24.0,833.0,True,47616.0,2457.6,1231257.6,2026-01-21,47616.0,STOP,2285.568,-90759.16800000006,-7.371257485029944,-6.999999999999995,4,5,
proxy,005380.KS,2026-01-21,549000.0,86.33421429531143,2026-01-22,586000.0,2.0,78.0,True,544980.0,2344.0,1174344.0,2026-01-22,544980.0,STOP,2179.92,-86563.91999999993,-7.3712574850299335,-6.999999999999995,1,0,
proxy,006260.KS,2025-12-29,207000.0,4.728538145419381,2025-12-30,199800.0,184.0,184.0,False,185814.0,73526.40000000001,36836726.4,2026-02-03,205500.0,EXIT_MA,75624.0,899649.6000000015,2.4422626219033448,2.8528528528528607,23,35,2026-02-02
proxy,278470.KS,2026-01-22,286000.0,108.86747341237131,2026-01-23,282000.0,3.0,149.0,True,262260.0,1692.0,847692.0,2026-02-03,262260.0,STOP,1573.56,-62485.560000000056,-7.371257485029947,-6.999999999999995,8,11,
proxy,039490.KS,2026-02-03,455000.0,82.619834888301,2026-02-04,454000.0,84.0,99.0,True,422220.0,76272.0,38212272.0,2026-02-05,422220.0,STOP,70932.96,-2816724.960000001,-7.371257485029943,-6.999999999999995,2,1,
proxy,457190.KS,2026-02-04,122200.0,91.02630347012648,2026-02-05,118400.0,2.0,378.0,True,110111.99999999999,473.6,237273.6,2026-02-05,110111.99999999999,STOP,440.448,-17490.04800000004,-7.371257485029957,-7.000000000000018,1,0,
proxy,010140.KS,2026-01-13,28950.0,21.58196098520577,2026-01-14,28800.0,1.0,1440.0,True,26784.0,57.6,28857.6,2026-02-06,26784.0,STOP,53.568,-2127.167999999998,-7.3712574850299335,-6.999999999999995,18,23,
proxy,007810.KS,2025-11-12,28300.0,118.35847330921396,2025-11-13,27400.0,1.0,1567.0,True,25482.0,54.800000000000004,27454.8,2026-03-04,49400.0,EXIT_MA,98.8,21846.399999999998,79.57224237656074,80.29197080291969,72,111,2026-03-03
proxy,034020.KS,2026-01-06,85900.0,91.49158893385655,2026-01-07,85000.0,447.0,447.0,False,79050.0,75990.0,38070990.0,2026-03-04,79050.0,STOP,70670.7,-2806310.700000003,-7.371257485029947,-6.999999999999995,37,56,
proxy,082740.KS,2026-01-12,54800.0,43.09532032309292,2026-01-13,53900.0,1.0,747.0,True,50127.0,107.8,54007.8,2026-03-04,48050.0,STOP,96.10000000000001,-6053.9000000000015,-11.20930680383204,-10.853432282003705,33,50,
proxy,120110.KS,2026-02-09,62600.0,19.90975293110324,2026-02-10,62400.0,2.0,736.0,True,58031.99999999999,249.6,125049.6,2026-03-04,58031.99999999999,STOP,232.128,-9217.728000000017,-7.371257485029954,-7.000000000000006,13,22,
proxy,028260.KS,2025-12-03,245500.0,24.18794996187795,2025-12-04,241500.0,24.0,166.0,True,224594.99999999997,11592.0,5807592.0,2026-03-05,294500.0,EXIT_MA,14136.0,1246272.0,21.459358715281653,21.946169772256717,58,91,2026-03-04
proxy,011210.KS,2025-12-04,67200.0,4.018893708946542,2025-12-05,66200.0,3.0,596.0,True,61565.99999999999,397.2,198997.2,2026-03-05,84800.0,EXIT_MA,508.8,54894.0,27.58531275816946,28.09667673716012,57,90,2026-03-04
proxy,307950.KS,2025-12-30,332000.0,77.80826725880291,2026-01-02,326500.0,113.0,113.0,False,303645.0,73789.0,36968289.0,2026-03-05,406500.0,EXIT_MA,91869.0,8874342.0,24.0052819323069,24.502297090352208,40,62,2026-03-04
proxy,001430.KS,2026-01-02,55900.0,90.652637131284,2026-01-05,54600.0,677.0,677.0,False,50778.0,73928.40000000001,37038128.4,2026-03-05,61300.0,EXIT_MA,83000.2,4378971.3999999985,11.822874397724693,12.271062271062272,39,59,2026-03-04
proxy,316140.KS,2025-12-02,29000.0,5.720286958389343,2025-12-03,28500.0,1376.0,1376.0,False,26505.0,78432.0,39294432.0,2026-03-10,33100.0,EXIT_MA,91091.2,6160076.799999997,15.67671674195468,16.140350877192986,62,97,2026-03-09
proxy,475150.KS,2026-03-20,59900.0,121.74385941397581,2026-03-23,58600.0,807.0,807.0,False,54497.99999999999,94580.40000000001,47384780.4,2026-03-23,54497.99999999999,STOP,87959.77199999998,-3492854.172000006,-7.371257485029953,-7.000000000000018,1,0,
proxy,004170.KS,2025-12-02,238500.0,11.443376407213158,2025-12-03,241000.0,167.0,167.0,False,224129.99999999997,80494.0,40327494.0,2026-03-24,330500.0,EXIT_MA,110387.0,14755619.0,36.589476648363025,37.136929460580916,72,111,2026-03-23
proxy,010060.KS,2026-03-18,193600.0,39.61347039084799,2026-03-19,196900.0,248.0,248.0,False,183117.0,97662.40000000001,48928862.4,2026-03-24,183117.0,STOP,90826.032,-3606672.4319999963,-7.3712574850299335,-6.999999999999995,4,5,
proxy,298040.KS,2026-01-14,2125000.0,151.93566986202126,2026-01-15,2242000.0,14.0,19.0,True,2085059.9999999998,62776.0,31450776.0,2026-03-31,2442000.0,EXIT_MA,68376.0,2668848.0,8.485793800445496,8.920606601248892,49,75,2026-03-30
proxy,005930.KS,2025-12-26,117000.0,40.35639100394049,2025-12-29,119400.0,328.0,328.0,False,111041.99999999999,78326.40000000001,39241526.4,2026-04-01,179000.0,EXIT_MA,117424.0,19353049.6,49.3177798506839,49.91624790619766,61,93,2026-03-31
proxy,009970.KS,2026-02-05,217500.0,28.78181611837416,2026-02-06,206500.0,172.0,202.0,True,192045.0,71036.0,35589036.0,2026-04-03,219500.0,EXIT_MA,75508.0,2089456.0,5.871066583539942,6.295399515738498,36,56,2026-04-02
proxy,028260.KS,2026-04-08,309000.0,0.1333196730787911,2026-04-09,305000.0,147.0,147.0,False,283650.0,89670.0,44924670.0,2026-04-14,297000.0,EXIT_MA,87318.0,-1352988.0,-3.011681554922941,-2.622950819672132,3,5,2026-04-13
proxy,020150.KS,2026-04-10,49150.0,23.522255950113248,2026-04-13,48600.0,799.0,926.0,True,45198.0,77662.8,38909062.8,2026-04-14,45198.0,STOP,72226.404,-2868087.203999996,-7.371257485029931,-6.999999999999995,2,1,
proxy,039490.KS,2026-04-14,480000.0,45.504676560829374,2026-04-15,484000.0,69.0,94.0,True,450119.99999999994,66792.0,33462792.0,2026-04-17,450119.99999999994,STOP,62116.55999999999,-2466628.5600000024,-7.371257485029947,-7.000000000000018,3,2,
proxy,001440.KS,2026-04-16,42100.0,62.24673746652223,2026-04-17,42100.0,1.0,1097.0,True,39153.0,84.2,42184.2,2026-04-17,39153.0,STOP,78.306,-3109.505999999994,-7.371257485029926,-6.999999999999995,1,0,
proxy,000720.KS,2026-04-08,188700.0,157.01694027991434,2026-04-09,182500.0,241.0,241.0,False,169725.0,87965.0,44070465.0,2026-04-22,169725.0,STOP,81807.45,-3248547.450000003,-7.371257485029947,-6.999999999999995,10,13,
proxy,000500.KS,2026-04-22,100000.0,115.78634363296891,2026-04-23,120833.3359,337.0,495.0,True,112375.002387,81441.66839660001,40802275.8666966,2026-04-23,112375.002387,STOP,75740.751608838,-3007640.8138864413,-7.371257485029947,-7.000000000000006,1,0,
proxy,006800.KS,2026-01-23,34547.09375,93.39699241776995,2026-01-26,33455.08984,7.0,1249.0,True,31113.2335512,468.37125776,234654.00013776,2026-05-04,66500.0,EXIT_MA,931.0,229914.99986224,97.98043064565792,98.77393938572068,65,98,2026-04-30
proxy,006360.KS,2026-04-10,37650.0,31.127260003351232,2026-04-13,36200.0,1209.0,1209.0,False,33666.0,87531.6,43853331.6,2026-05-12,33666.0,STOP,81404.388,-3232541.987999998,-7.371257485029934,-6.999999999999995,20,29,
proxy,457190.KS,2026-04-17,111500.0,47.75508056395887,2026-04-20,112000.0,276.0,422.0,True,104160.0,61824.0,30973824.0,2026-05-12,104160.0,STOP,57496.32,-2283160.3200000003,-7.3712574850299415,-6.999999999999995,15,22,
proxy,082740.KS,2026-04-24,76000.0,31.95740900691687,2026-04-27,81200.0,1.0,667.0,True,75516.0,162.4,81362.4,2026-05-12,75516.0,STOP,151.032,-5997.432000000001,-7.3712574850299415,-6.999999999999995,10,15,
proxy,007810.KS,2026-04-14,89100.0,322.76718098325136,2026-04-15,89700.0,509.0,509.0,False,83421.0,91314.6,45748614.6,2026-05-15,83421.0,STOP,84922.57800000001,-3372248.178000003,-7.371257485029947,-6.999999999999995,21,30,
proxy,010060.KS,2026-04-23,322000.0,177.9648240568317,2026-04-24,322000.0,117.0,150.0,True,299460.0,75348.0,37749348.0,2026-05-15,299460.0,STOP,70073.64,-2782601.6400000006,-7.3712574850299415,-6.999999999999995,14,21,
proxy,000660.KS,2026-05-13,1976000.0,316.5962645612682,2026-05-14,1976000.0,8.0,26.0,True,1837679.9999999998,31616.0,15839616.0,2026-05-15,1837679.9999999998,STOP,29402.879999999997,-1167578.8800000027,-7.371257485029957,-7.000000000000018,2,1,
proxy,001440.KS,2026-05-04,60700.0,145.83879707590532,2026-05-06,62600.0,1.0,849.0,True,58217.99999999999,125.2,62725.2,2026-05-18,58217.99999999999,STOP,116.43599999999999,-4623.636000000006,-7.37125748502995,-7.000000000000006,9,12,
proxy,009150.KS,2026-05-13,1029000.0,324.57637121616597,2026-05-14,1024000.0,51.0,51.0,False,952319.9999999999,104448.0,52328448.0,2026-05-18,952319.9999999999,STOP,97136.63999999998,-3857264.640000008,-7.371257485029956,-7.000000000000006,3,4,
proxy,005380.KS,2026-05-14,712000.0,40.281592517382435,2026-05-15,725000.0,1.0,75.0,True,674250.0,1450.0,726450.0,2026-05-18,674250.0,STOP,1348.5,-53548.5,-7.371257485029941,-6.999999999999995,2,3,
proxy,066570.KS,2026-05-15,240500.0,78.65540516687119,2026-05-18,249000.0,203.0,203.0,False,231569.99999999997,101094.0,50648094.0,2026-05-18,231569.99999999997,STOP,94017.41999999998,-3733401.4200000092,-7.371257485029958,-7.000000000000006,1,0,
proxy,042700.KS,2026-01-02,144500.0,11.882296879040656,2026-01-05,154900.0,217.0,262.0,True,144057.0,67226.6,33680526.6,2026-05-20,295000.0,EXIT_MA,128030.0,30206443.4,89.68518740440358,90.44544867656552,91,135,2026-05-19
proxy,020150.KS,2026-04-21,56700.0,31.804752524114722,2026-04-22,59200.0,1.0,866.0,True,55055.99999999999,118.4,59318.4,2026-05-20,55055.99999999999,STOP,110.112,-4372.51200000001,-7.371257485029957,-7.000000000000018,19,28,
proxy,004170.KS,2026-05-15,541000.0,50.98903414929641,2026-05-18,520000.0,80.0,90.0,True,483599.99999999994,83200.0,41683200.0,2026-05-20,483599.99999999994,STOP,77375.99999999999,-3072576.0000000075,-7.371257485029958,-7.000000000000006,3,2,
proxy,267270.KS,2026-04-08,160900.0,15.14917934195057,2026-04-09,158400.0,283.0,283.0,False,147312.0,89654.40000000001,44916854.4,2026-05-21,163900.0,EXIT_MA,92767.40000000001,1374078.200000003,3.0591594588600644,3.472222222222232,28,42,2026-05-20
proxy,000990.KS,2026-05-26,220500.0,158.35395072797428,2026-05-27,228500.0,244.0,244.0,False,212505.0,111508.0,55865508.0,2026-05-27,212505.0,STOP,103702.44,-4117990.4399999976,-7.371257485029936,-6.999999999999995,1,0,
proxy,402340.KS,2026-05-27,1276000.0,402.5321972801087,2026-05-28,1264000.0,41.0,41.0,False,1175520.0,103648.0,51927648.0,2026-05-28,1175520.0,STOP,96392.64,-3827720.6400000006,-7.3712574850299415,-6.999999999999995,1,0,
proxy,047040.KS,2026-02-11,7480.0,42.08344533880486,2026-02-12,7470.0,1.0,6226.0,True,6947.099999999999,14.94,7484.94,2026-05-29,26500.0,EXIT_MA,53.0,18962.06,253.33616568736693,254.75234270414995,69,106,2026-05-28
proxy,103590.KS,2026-04-15,86800.0,42.20141640723858,2026-04-16,88200.0,4.0,525.0,True,82026.0,705.6,353505.6,2026-05-29,97600.0,EXIT_MA,780.8000000000001,36113.600000000035,10.215849480177978,10.657596371882082,28,43,2026-05-28
proxy,093370.KS,2026-04-09,11240.0,22.756536990395503,2026-04-10,10940.0,4054.0,4054.0,False,10174.199999999999,88701.52,44439461.52,2026-06-02,10370.0,EXIT_MA,84079.96,-2483561.480000004,-5.588639904833851,-5.210237659963434,34,53,2026-06-01
proxy,011070.KS,2026-05-29,1458000.0,478.4412437530742,2026-06-01,1601000.0,30.0,39.0,True,1488930.0,96060.0,48126060.0,2026-06-02,1381000.0,STOP,82860.0,-6778920.0,-14.085757279943548,-13.741411617738908,2,1,
proxy,034730.KS,2026-05-22,642000.0,78.73405940203016,2026-05-26,661000.0,77.0,77.0,False,614730.0,101794.0,50998794.0,2026-06-05,614730.0,STOP,94668.42,-3759252.420000002,-7.371257485029943,-6.999999999999995,8,10,
proxy,005930.KS,2026-06-01,349000.0,135.63104834119613,2026-06-02,360500.0,117.0,154.0,True,335265.0,84357.0,42262857.0,2026-06-05,333500.0,STOP,78039.0,-3321396.0,-7.858900783730735,-7.4895977808599135,3,3,
proxy,402340.KS,2026-06-02,1346000.0,416.4402466245299,2026-06-04,1347000.0,30.0,38.0,True,1252710.0,80820.0,40490820.0,2026-06-05,1252710.0,STOP,75162.6,-2984682.6000000015,-7.371257485029944,-6.999999999999995,2,1,
proxy,000660.KS,2026-05-27,2243000.0,354.5110611647164,2026-05-28,2189000.0,21.0,23.0,True,2035769.9999999998,91938.0,46060938.0,2026-06-08,1856000.0,STOP,77952.0,-7162890.0,-15.550899115428349,-15.212425765189586,7,11,
proxy,004170.KS,2026-06-04,659000.0,68.4160460204491,2026-06-05,656000.0,1.0,76.0,True,610080.0,1312.0,657312.0,2026-06-08,600000.0,STOP,1200.0,-58512.0,-8.901708777566817,-8.536585365853655,2,3,
proxy,010120.KS,2025-10-23,73400.0,43.791426464236274,2025-10-24,73100.0,1.0,560.0,True,67983.0,146.20000000000002,73246.2,2026-06-09,218500.0,EXIT_MA,437.0,144816.8,197.7123727920356,198.90560875512998,151,228,2026-06-08
proxy,000500.KS,2026-04-30,134166.6719,191.86441676636085,2026-05-04,134166.6719,3.0,379.0,True,124775.00486699998,805.0000314,403305.0157314,2026-06-15,148333.3281,EXIT_MA,889.9999686,40804.96860000002,10.117644712649945,10.558997998071407,27,42,2026-06-12
proxy,093370.KS,2026-06-12,19010.0,96.60409626553039,2026-06-15,19010.0,2621.0,2621.0,False,17679.3,99650.42,49924860.42,2026-06-17,17679.3,STOP,92674.8906,-3680090.010600008,-7.371257485029956,-7.000000000000006,3,2,
proxy,017670.KS,2026-04-09,93800.0,5.178077075314413,2026-04-10,95000.0,485.0,485.0,False,88350.0,92150.0,46167150.0,2026-06-18,98100.0,EXIT_MA,95157.0,1316193.0,2.850929719508352,3.2631578947368345,45,69,2026-06-17
proxy,085620.KS,2026-06-16,32250.0,143.35266802671777,2026-06-17,31700.0,484.0,1638.0,True,29480.999999999996,30685.600000000002,15373485.6,2026-06-22,29000.0,STOP,28072.0,-1365557.5999999996,-8.882550356699848,-8.517350157728709,4,5,
proxy,281820.KS,2026-06-12,87100.0,33.325016050599764,2026-06-15,87900.0,572.0,572.0,False,81747.0,100557.6,50379357.6,2026-06-23,81747.0,STOP,93518.568,-3713592.168000005,-7.37125748502995,-6.999999999999995,7,8,
proxy,000660.KS,2026-06-19,2764000.0,428.5356401344746,2026-06-22,2728000.0,12.0,19.0,True,2537040.0,65472.0,32801472.0,2026-06-23,2537040.0,STOP,60888.96,-2417880.960000001,-7.371257485029943,-6.999999999999995,2,1,
proxy,023530.KS,2026-06-09,181900.0,16.371412082279015,2026-06-10,180000.0,270.0,270.0,False,167400.0,97200.0,48697200.0,2026-06-24,167400.0,STOP,90396.0,-3589596.0,-7.371257485029941,-6.999999999999995,11,14,
proxy,402340.KS,2026-06-18,1700000.0,500.91116132431137,2026-06-19,1819000.0,32.0,32.0,False,1691670.0,116416.0,58324416.0,2026-06-24,1691670.0,STOP,108266.88,-4299242.880000003,-7.371257485029944,-6.999999999999995,4,5,
proxy,353200.KS,2026-03-18,74800.0,125.41618662630431,2026-03-19,72400.0,642.0,642.0,False,67332.0,92961.6,46573761.6,2026-06-26,133000.0,EXIT_MA,170772.0,38641466.4,82.96831750862914,83.70165745856353,67,99,2026-06-25
proxy,034730.KS,2026-06-25,858000.0,109.6494311298086,2026-06-26,868000.0,54.0,54.0,False,807240.0,93744.0,46965744.0,2026-06-26,807240.0,STOP,87181.92,-3461965.920000002,-7.371257485029944,-6.999999999999995,1,0,
proxy,001820.KS,2026-05-20,78600.0,66.32716097304761,2026-05-21,75200.0,575.0,575.0,False,69936.0,86480.0,43326480.0,2026-07-09,103200.0,EXIT_MA,118680.0,15894840.0,36.68620206395719,37.23404255319149,33,49,2026-07-08
proxy,009150.KS,2026-05-21,1204000.0,420.1953885981444,2026-05-22,1240000.0,39.0,39.0,False,1153200.0,96720.0,48456720.0,2026-07-09,1552000.0,EXIT_MA,121056.0,11950224.0,24.661644453029425,25.161290322580655,32,48,2026-07-08
proxy,007340.KS,2026-08-18,62800.0,51.80596626778791,2026-08-19,61100.0,697.0,697.0,False,56822.99999999999,85173.40000000001,42671873.4,2026-08-19,56822.99999999999,STOP,79211.26199999999,-3145453.662000008,-7.371257485029958,-7.000000000000018,1,0,
proxy,006360.KS,2026-08-26,37800.0,26.706193743411077,2026-08-27,37350.0,1154.0,1154.0,False,34735.5,86203.8,43188103.8,2026-09-01,34735.5,STOP,80169.534,-3183506.333999999,-7.371257485029938,-6.999999999999995,4,5,
proxy,192820.KS,2026-08-28,303000.0,36.583241405391185,2026-08-31,297000.0,146.0,146.0,False,276210.0,86724.0,43448724.0,2026-09-02,276210.0,STOP,80653.32,-3202717.3200000003,-7.371257485029941,-6.999999999999995,3,2,
proxy,278470.KS,2026-08-25,440500.0,20.572000380583468,2026-08-26,444500.0,98.0,98.0,False,413385.0,87122.0,43648122.0,2026-09-03,413385.0,STOP,81023.46,-3217415.460000001,-7.3712574850299415,-6.999999999999995,7,8,
proxy,181710.KS,2026-08-12,61300.0,51.666723342260234,2026-08-13,61400.0,688.0,688.0,False,57101.99999999999,84486.40000000001,42327686.4,2026-09-09,57101.99999999999,STOP,78572.35199999998,-3120082.752000004,-7.37125748502995,-7.000000000000018,19,27,
proxy,008930.KS,2026-09-08,57700.0,26.384020861032482,2026-09-09,57200.0,731.0,731.0,False,53196.0,83626.40000000001,41896826.4,2026-09-10,53196.0,STOP,77772.552,-3088322.9519999996,-7.371257485029939,-6.999999999999995,2,1,
proxy,000500.KS,2026-09-09,265500.0,309.6543611589511,2026-09-10,260500.0,155.0,155.0,False,242264.99999999997,80755.0,40458255.0,2026-09-10,242264.99999999997,STOP,75102.14999999998,-2982282.150000006,-7.371257485029954,-7.000000000000006,1,0,
proxy,088350.KS,2026-08-28,5950.0,13.245442686240693,2026-08-31,5940.0,7447.0,7447.0,False,5524.2,88470.36,44323650.36,2026-09-30,5524.2,STOP,82277.4348,-3267210.3948,-7.371257485029941,-7.000000000000006,21,30,
proxy,078930.KS,2026-08-13,107400.0,41.75503625351251,2026-08-14,107000.0,396.0,396.0,False,99510.0,84744.0,42456744.0,2026-10-01,107200.0,EXIT_MA,84902.40000000001,-90446.39999999851,-0.21303188016490032,0.18691588785046953,31,48,2026-09-30
proxy,055550.KS,2026-09-01,111100.0,0.35940107692113976,2026-09-02,110500.0,394.0,394.0,False,102765.0,87074.0,43624074.0,2026-10-01,103500.0,EXIT_MA,81558.0,-2926632.0,-6.708754436827702,-6.334841628959276,19,29,2026-09-30
percentile,011780.KS,2016-10-10,74900.0,90.13157894736842,2016-10-11,75900.0,143.0,143.0,False,70587.0,21707.4,10875407.4,2016-10-27,70587.0,STOP,20187.882,-801654.2819999997,-7.371257485029936,-6.999999999999995,13,16,
percentile,005490.KS,2016-10-24,246500.0,88.23529411764706,2016-10-25,247000.0,43.0,43.0,False,229709.99999999997,21242.0,10642242.0,2016-11-09,229709.99999999997,STOP,19755.059999999998,-784467.0600000024,-7.371257485029963,-7.000000000000018,12,15,
percentile,032640.KS,2016-10-24,12150.0,76.47058823529412,2016-10-25,12100.0,880.0,880.0,False,11253.0,21296.0,10669296.0,2016-11-11,11253.0,STOP,19805.28,-786461.2799999993,-7.3712574850299335,-6.999999999999995,14,17,
percentile,005490.KS,2016-12-08,279000.0,95.42483660130719,2016-12-09,278000.0,37.0,37.0,False,258539.99999999997,20572.0,10306572.0,2016-12-19,258539.99999999997,STOP,19131.959999999995,-759723.9600000028,-7.371257485029966,-7.000000000000006,7,10,
percentile,047050.KS,2016-12-12,28800.0,93.4640522875817,2016-12-13,29050.0,365.0,365.0,False,27016.5,21206.5,10624456.5,2016-12-29,27016.5,STOP,19722.045000000002,-783156.0449999999,-7.371257485029939,-6.999999999999995,13,16,
percentile,055550.KS,2016-12-08,47300.0,86.27450980392157,2016-12-09,47250.0,221.0,221.0,False,43942.5,20884.5,10463134.5,2017-01-10,44800.0,EXIT_MA,19801.600000000002,-582136.0999999996,-5.563687439934941,-5.185185185185182,21,32,2017-01-09
percentile,161390.KS,2017-01-10,63300.0,86.27450980392157,2017-01-11,63200.0,164.0,164.0,False,58775.99999999999,20729.600000000002,10385529.6,2017-01-20,58775.99999999999,STOP,19278.528,-765544.1280000024,-7.371257485029963,-7.000000000000006,8,9,
percentile,036460.KS,2016-12-08,47100.0,85.62091503267973,2016-12-09,46550.0,222.0,222.0,False,43291.5,20668.2,10354768.2,2017-01-24,46050.0,EXIT_MA,20446.2,-152114.3999999985,-1.4690275732101712,-1.074113856068748,31,46,2017-01-23
percentile,000880.KS,2017-01-04,49117.25781,78.43137254901961,2017-01-05,49117.25781,212.0,212.0,False,45679.0497633,20825.717311440003,10433684.373031441,2017-01-25,47067.94922,EXIT_MA,19956.81046928,-475235.94886072166,-4.554823894127869,-4.172278098112336,14,20,2017-01-24
percentile,006040.KS,2016-12-14,66568.91406,89.54248366013073,2016-12-15,67057.67188,156.0,156.0,False,62363.63484839999,20921.99362656,10481918.806906559,2017-01-26,65786.89844,EXIT_MA,20525.51231328,-239688.1625798382,-2.2866821141746216,-1.8950455695420532,29,42,2017-01-25
percentile,034020.KS,2016-12-20,21927.80664,84.9673202614379,2016-12-21,21927.80664,476.0,476.0,False,20392.860175199996,20875.27192128,10458511.232561281,2017-01-26,21531.99805,EXIT_MA,20498.462143599998,-229778.62290488183,-2.1970490617201284,-1.8050532663763108,25,36,2017-01-25
percentile,011780.KS,2016-12-15,80100.0,93.4640522875817,2016-12-16,79400.0,129.0,129.0,False,73842.0,20485.2,10263085.2,2017-02-06,79900.0,EXIT_MA,20614.2,23400.60000000149,0.22800746114824705,0.6297229219143663,33,52,2017-02-03
percentile,103140.KS,2017-01-11,44300.0,98.69281045751634,2017-01-12,44350.0,43.0,237.0,True,41245.5,3814.1,1910864.1,2017-02-06,41245.5,STOP,3547.1130000000003,-140854.713,-7.371257485029939,-6.999999999999995,16,25,
percentile,005850.KS,2017-01-03,23250.0,99.34640522875817,2017-01-04,23350.0,449.0,449.0,False,21715.5,20968.3,10505118.3,2017-02-10,21715.5,STOP,19500.519,-774359.3190000001,-7.371257485029941,-6.999999999999995,26,37,
percentile,000660.KS,2017-01-09,49550.0,100.0,2017-01-10,49850.0,208.0,208.0,False,46360.5,20737.600000000002,10389537.6,2017-02-15,48300.0,EXIT_MA,20092.8,-363230.4000000004,-3.496117093796363,-3.1093279839518595,24,36,2017-02-14
percentile,005930.KS,2017-01-26,39900.0,98.0392156862745,2017-01-31,39900.0,257.0,257.0,False,37107.0,20508.600000000002,10274808.6,2017-02-15,37080.0,STOP,19059.12,-764307.7199999988,-7.438656521543368,-7.067669172932334,12,15,
percentile,006260.KS,2017-02-10,70200.0,98.69281045751634,2017-02-13,70400.0,148.0,148.0,False,65471.99999999999,20838.4,10440038.4,2017-03-02,65471.99999999999,STOP,19379.711999999996,-769562.1120000016,-7.371257485029956,-7.000000000000006,13,17,
percentile,085620.KS,2017-02-15,6280.0,94.77124183006535,2017-02-16,6300.0,1507.0,1639.0,True,5859.0,18988.2,9513088.2,2017-03-28,5930.0,EXIT_MA,17873.02,-594451.2199999988,-6.248772296676476,-5.873015873015874,27,40,2017-03-27
percentile,010140.KS,2017-03-07,10403.63867,98.0392156862745,2017-03-08,10445.75879,1.0,1018.0,True,9714.5556747,20.89151758,10466.65030758,2017-03-29,9714.5556747,STOP,19.4291113494,-771.5237442294001,-7.3712574850299415,-7.000000000000006,16,21,
percentile,086790.KS,2017-01-25,33950.0,91.50326797385621,2017-01-26,34200.0,300.0,300.0,False,31805.999999999996,20520.0,10280520.0,2017-04-05,36800.0,EXIT_MA,22080.0,737400.0,7.17278892507383,7.602339181286544,46,69,2017-04-04
percentile,105560.KS,2016-12-08,44400.0,90.19607843137256,2016-12-09,43800.0,235.0,235.0,False,40734.0,20586.0,10313586.0,2017-04-11,47150.0,EXIT_MA,22160.5,744503.5,7.218667687456137,7.648401826484008,83,123,2017-04-10
percentile,005940.KS,2017-01-26,11500.0,82.35294117647058,2017-01-31,11400.0,892.0,892.0,False,10602.0,20337.600000000002,10189137.6,2017-04-11,11850.0,EXIT_MA,21140.4,359922.0,3.532408866477571,3.9473684210526327,49,70,2017-04-10
percentile,139130.KS,2017-02-10,10850.0,83.00653594771242,2017-02-13,10850.0,98.0,962.0,True,10090.5,2126.6,1065426.6,2017-04-12,10800.0,EXIT_MA,2116.8,-9143.40000000014,-0.8581914511989976,-0.4608294930875556,41,58,2017-04-11
percentile,003230.KS,2017-02-01,43400.0,98.0392156862745,2017-02-02,43500.0,214.0,237.0,True,40455.0,18618.0,9327618.0,2017-04-19,56600.0,EXIT_MA,24224.8,2760557.1999999993,29.5955216004772,30.114942528735632,53,76,2017-04-18
percentile,005930.KS,2017-03-02,39720.0,97.38562091503267,2017-03-03,39340.0,245.0,266.0,True,36586.2,19276.600000000002,9657576.6,2017-04-21,40480.0,EXIT_MA,19835.2,240188.20000000112,2.4870442135556154,2.8978139298424077,35,49,2017-04-20
percentile,028670.KS,2017-02-16,4475.0,88.88888888888889,2017-02-17,4510.0,1.0,2281.0,True,4194.299999999999,9.02,4519.02,2017-04-25,5140.0,EXIT_MA,10.28,610.6999999999998,13.513991971710675,13.968957871396892,46,67,2017-04-24
percentile,011070.KS,2017-01-25,99100.0,86.9281045751634,2017-01-26,99500.0,102.0,102.0,False,92535.0,20298.0,10169298.0,2017-04-28,129500.0,EXIT_MA,26418.0,3013284.0,29.631189881543445,30.15075376884422,63,92,2017-04-27
percentile,032640.KS,2017-02-03,12100.0,70.58823529411765,2017-02-06,12300.0,835.0,850.0,True,11439.0,20541.0,10291041.0,2017-05-04,14050.0,EXIT_MA,23463.5,1417245.5,13.771643704460997,14.22764227642277,60,87,2017-05-02
percentile,003670.KS,2017-02-14,12413.03711,75.81699346405229,2017-02-15,12460.7793,803.0,836.0,True,11588.524749,20012.011555800003,10026017.789455801,2017-05-15,13463.37109,EXIT_MA,21622.173970540003,763447.0218436606,7.614658560117111,8.045979836911176,58,89,2017-05-12
percentile,139130.KS,2017-05-16,12550.0,88.23529411764706,2017-05-17,12550.0,1.0,897.0,True,11671.5,25.1,12575.1,2017-05-25,11671.5,STOP,23.343,-926.9430000000011,-7.371257485029949,-6.999999999999995,7,8,
percentile,003230.KS,2017-05-08,62900.0,100.0,2017-05-10,62200.0,7.0,180.0,True,57845.99999999999,870.8000000000001,436270.8,2017-05-29,57845.99999999999,STOP,809.8439999999999,-32158.64400000003,-7.371257485029947,-7.000000000000006,14,19,
percentile,036570.KS,2017-03-29,304500.0,83.66013071895425,2017-03-30,306500.0,29.0,37.0,True,285045.0,17777.0,8906277.0,2017-06-21,347000.0,EXIT_MA,20126.0,1136597.0,12.761752188933714,13.2137030995106,54,83,2017-06-20
percentile,055550.KS,2017-04-25,48900.0,75.16339869281046,2017-04-26,48800.0,227.0,227.0,False,45384.0,22155.2,11099755.2,2017-06-22,48850.0,EXIT_MA,22177.9,-32983.09999999963,-0.29715159844245603,0.10245901639345245,36,57,2017-06-21
percentile,022100.KS,2017-05-23,7570.0,86.27450980392157,2017-05-24,7590.0,1.0,1507.0,True,7058.7,15.18,7605.18,2017-07-04,7360.0,EXIT_MA,14.72,-259.90000000000055,-3.4174076090243823,-3.0303030303030276,28,41,2017-07-03
percentile,032640.KS,2017-05-25,15650.0,84.9673202614379,2017-05-26,15700.0,1.0,734.0,True,14600.999999999998,31.400000000000002,15731.4,2017-07-06,15150.0,EXIT_MA,30.3,-611.6999999999989,-3.8884015408673034,-3.5031847133757954,28,41,2017-07-05
percentile,020150.KS,2017-06-26,31303.0332,99.34640522875817,2017-06-27,31156.98633,355.0,397.0,True,28975.997286899998,22121.460294300003,11082851.607444301,2017-07-06,28975.997286899998,STOP,20572.958073699,-816945.5286685023,-7.37125748502997,-7.000000000000006,8,9,
percentile,005940.KS,2017-04-25,13000.0,87.58169934640523,2017-04-26,13150.0,855.0,855.0,False,12229.5,22486.5,11265736.5,2017-07-11,14150.0,EXIT_MA,24196.5,808317.0,7.175003604957386,7.604562737642584,49,76,2017-07-10
percentile,010140.KS,2017-05-10,9603.359375,80.3921568627451,2017-05-11,9687.598633,6.0,1160.0,True,9009.466728689998,116.25118359599999,58241.842981596,2017-07-12,9856.079102,EXIT_MA,118.272949224,776.3586811799978,1.3329912678507128,1.7391355214292803,43,62,2017-07-11
percentile,003490.KS,2017-05-04,22257.53516,80.3921568627451,2017-05-08,22393.25195,504.0,504.0,False,20825.7243135,22572.397965600005,11308771.380765602,2017-07-17,24055.78125,EXIT_MA,24248.2275,791094.1417343989,6.995403082247489,7.424242373158307,48,70,2017-07-14
percentile,023530.KS,2017-04-27,268000.0,83.00653594771242,2017-04-28,265500.0,8.0,41.0,True,246914.99999999997,4248.0,2128248.0,2017-07-18,289000.0,EXIT_MA,4624.0,179128.0,8.416688280689092,8.851224105461398,52,81,2017-07-17
percentile,066970.KS,2017-07-17,24919.23828,97.38562091503267,2017-07-18,25011.36133,93.0,517.0,True,23260.5660369,4652.11320738,2330708.7168973796,2017-07-18,23260.5660369,STOP,4326.4652828634,-171802.5407485431,-7.371257485029929,-6.999999999999995,1,0,
percentile,007810.KS,2017-05-29,15150.0,94.11764705882352,2017-05-30,15300.0,26.0,770.0,True,14228.999999999998,795.6,398595.6,2017-07-26,14950.0,EXIT_MA,777.4,-10673.0,-2.677651233480751,-2.287581699346408,40,57,2017-07-25
percentile,181710.KS,2017-06-20,41550.0,91.50326797385621,2017-06-21,41200.0,243.0,290.0,True,38316.0,20023.2,10031623.2,2017-07-26,38316.0,STOP,18621.576,-739456.7759999987,-7.371257485029928,-6.999999999999995,26,35,
percentile,093370.KS,2017-07-11,11350.0,94.77124183006535,2017-07-12,11450.0,5.0,1096.0,True,10648.5,114.5,57364.5,2017-07-28,10648.5,STOP,106.485,-4228.485000000001,-7.3712574850299415,-6.999999999999995,13,16,
percentile,009150.KS,2017-04-27,72900.0,96.73202614379085,2017-04-28,72700.0,151.0,151.0,False,67611.0,21955.4,10999655.4,2017-07-31,90500.0,EXIT_MA,27331.0,2638513.5999999996,23.98723872749686,24.484181568088026,61,94,2017-07-28
percentile,006400.KS,2017-05-12,153000.0,94.77124183006535,2017-05-15,153500.0,70.0,73.0,True,142755.0,21490.0,10766490.0,2017-07-31,163500.0,EXIT_MA,22890.0,655620.0,6.089449764965184,6.514657980456029,54,77,2017-07-28
percentile,001820.KS,2017-07-10,21950.0,99.34640522875817,2017-07-11,21850.0,552.0,558.0,True,20320.5,24122.4,12085322.4,2017-07-31,20150.0,STOP,22245.600000000002,-984768.0,-8.148462799800855,-7.78032036613272,15,20,
percentile,005930.KS,2017-04-25,42700.0,94.77124183006535,2017-04-26,42700.0,260.0,260.0,False,39711.0,22204.0,11124204.0,2017-08-07,47500.0,EXIT_MA,24700.0,1201096.0,10.797141080835985,11.241217798594839,68,103,2017-08-04
percentile,000660.KS,2017-04-26,53700.0,98.69281045751634,2017-04-27,53800.0,206.0,206.0,False,50034.0,22165.600000000002,11104965.6,2017-08-07,64000.0,EXIT_MA,26368.0,2052666.4000000004,18.48422114878051,18.959107806691456,67,102,2017-08-04
percentile,005070.KS,2017-07-18,9949.423828,99.34640522875817,2017-07-19,9594.086914,225.0,1279.0,True,8922.500830019999,4317.3391113,2162986.8947613,2017-08-10,8922.500830019999,STOP,4015.1253735089995,-159439.3333803094,-7.371257485029958,-7.000000000000006,17,22,
percentile,001450.KS,2017-08-01,49200.0,92.81045751633987,2017-08-02,48800.0,247.0,247.0,False,45384.0,24107.2,12077707.2,2017-08-10,45384.0,STOP,22419.696,-890278.8959999997,-7.371257485029938,-6.999999999999995,7,8,
percentile,086790.KS,2017-04-24,39900.0,98.0392156862745,2017-04-25,39850.0,277.0,277.0,False,37060.5,22076.9,11060526.9,2017-09-04,48300.0,EXIT_MA,26758.2,2291814.9000000004,20.720666571499414,21.204516938519458,88,132,2017-09-01
percentile,005070.KS,2017-08-30,15368.30566,100.0,2017-08-31,15501.55762,785.0,785.0,False,14416.4485866,24337.4454634,12193060.1771634,2017-09-04,14346.71289,STOP,22524.339237300002,-953414.8977506999,-7.81932413928677,-7.449862512590522,3,4,
percentile,007810.KS,2017-08-30,17600.0,95.42483660130719,2017-08-31,17750.0,685.0,685.0,False,16507.5,24317.5,12183067.5,2017-09-05,16500.0,STOP,22605.0,-903172.5,-7.413342329425656,-7.042253521126762,4,5,
percentile,000150.KS,2017-08-01,142398.0156,75.16339869281046,2017-08-02,141848.2188,83.0,85.0,True,131918.84348399998,23546.804320799998,11796948.964720799,2017-09-07,135250.625,EXIT_MA,22451.603750000002,-593598.6934707984,-5.03179843573094,-4.651164361325066,25,36,2017-09-06
percentile,001430.KS,2017-07-14,32200.0,73.20261437908496,2017-07-17,32300.0,373.0,390.0,True,30038.999999999996,24095.8,12071995.8,2017-09-14,32800.0,EXIT_MA,24468.8,137935.3999999985,1.142606428010839,1.5479876160990669,42,59,2017-09-13
percentile,028670.KS,2017-07-12,5710.0,83.00653594771242,2017-07-13,5770.0,1.0,2168.0,True,5366.099999999999,11.540000000000001,5781.54,2017-09-15,6130.0,EXIT_MA,12.26,336.1999999999998,5.815059655385932,6.239168110918536,45,64,2017-09-14
percentile,010120.KS,2017-08-01,11840.0,80.3921568627451,2017-08-02,11880.0,1029.0,1029.0,False,11048.4,24449.04,12248969.04,2017-09-20,11520.0,EXIT_MA,23708.16,-418597.19999999925,-3.41740760902437,-3.0303030303030276,34,49,2017-09-19
percentile,001820.KS,2017-09-11,28100.0,98.69281045751634,2017-09-12,28600.0,424.0,424.0,False,26598.0,24252.8,12150652.8,2017-09-20,26598.0,STOP,22555.104,-895655.904000001,-7.371257485029949,-6.999999999999995,7,8,
percentile,093370.KS,2017-09-11,11950.0,95.42483660130719,2017-09-12,12250.0,905.0,997.0,True,11392.5,22172.5,11108422.5,2017-09-20,11392.5,STOP,20620.425,-818830.4250000007,-7.371257485029947,-6.999999999999995,7,8,
percentile,103140.KS,2017-07-27,49400.0,85.62091503267973,2017-07-28,49200.0,1.0,253.0,True,45756.0,98.4,49298.4,2017-09-21,51400.0,EXIT_MA,102.8,1998.7999999999956,4.054492640734781,4.471544715447151,38,55,2017-09-20
percentile,020150.KS,2017-07-07,33639.80859,100.0,2017-07-10,33396.39453,307.0,360.0,True,31058.646912899996,20505.386241419998,10273198.506951418,2017-09-25,34200.0,EXIT_MA,20998.8,205202.69304858148,1.9974567113614121,2.4062641530903095,53,77,2017-09-21
percentile,009150.KS,2017-09-11,109000.0,96.73202614379085,2017-09-12,110000.0,109.0,109.0,False,102300.0,23980.0,12013980.0,2017-09-25,102300.0,STOP,22301.4,-885581.4000000004,-7.371257485029943,-6.999999999999995,9,13,
percentile,051910.KS,2017-09-13,407500.0,94.11764705882352,2017-09-14,406500.0,29.0,29.0,False,378045.0,23577.0,11812077.0,2017-09-25,366000.0,STOP,21228.0,-1219305.0,-10.322528374984348,-9.963099630996307,7,11,
percentile,010060.KS,2017-09-19,102240.6328,84.31372549019608,2017-09-20,104082.8125,113.0,117.0,True,96797.015625,23522.715625,11784880.528125,2017-09-25,93490.3125,STOP,21128.810625000002,-1241604.0262499992,-10.535567359269116,-10.176992478945547,3,5,
percentile,066970.KS,2017-08-25,33716.97266,98.69281045751634,2017-08-28,32979.99219,357.0,357.0,False,30671.392736699996,23547.71442366,11797404.92625366,2017-09-29,30671.392736699996,STOP,21899.374414003796,-869617.0936657656,-7.371257485029956,-7.000000000000006,24,32,
percentile,068270.KS,2017-09-20,108241.7578,90.84967320261438,2017-09-21,110233.9375,106.0,106.0,False,102517.561875,23369.59475,11708166.96975,2017-09-29,102517.561875,STOP,21733.7231175,-863039.1341175009,-7.371257485029947,-6.999999999999995,6,8,
percentile,001450.KS,2017-10-10,47200.0,87.01298701298701,2017-10-11,46750.0,230.0,230.0,False,43477.5,21505.0,10774005.0,2017-10-19,46150.0,EXIT_MA,21229.0,-180734.0,-1.6775006137457704,-1.2834224598930466,6,8,2017-10-18
percentile,018880.KS,2017-10-23,14550.0,91.55844155844156,2017-10-24,14250.0,1.0,761.0,True,13252.5,28.5,14278.5,2017-10-24,13252.5,STOP,26.505,-1052.5049999999992,-7.371257485029934,-6.999999999999995,1,0,
percentile,003670.KS,2017-07-25,20051.83008,96.07843137254902,2017-07-26,19717.63281,19.0,636.0,True,18337.3985133,749.27004678,375384.29343678,2017-10-27,27451.9082,EXIT_MA,1043.1725116,145158.78985162004,38.66938292027043,39.22517203017131,59,93,2017-10-26
percentile,006400.KS,2017-09-11,202500.0,96.07843137254902,2017-09-12,204000.0,58.0,58.0,False,189720.0,23664.0,11855664.0,2017-10-27,194500.0,EXIT_MA,22562.0,-597226.0,-5.0374740714649135,-4.656862745098033,26,45,2017-10-26
percentile,008930.KS,2017-10-19,89685.10938,91.55844155844156,2017-10-20,88797.14062,11.0,122.0,True,82581.3407766,1953.5370936400002,978722.08391364,2017-10-27,82581.3407766,STOP,1816.7894970852,-72144.12486812507,-7.371257485029926,-7.000000000000006,6,7,
percentile,112610.KS,2017-10-25,13066.0166,78.57142857142857,2017-10-26,13137.02734,1.0,846.0,True,12217.4354262,26.274054680000003,13163.30139468,2017-10-31,12474.25879,EXIT_MA,24.94851758,-713.9911222600003,-5.424103732431156,-5.045042023943913,3,5,2017-10-30
percentile,005940.KS,2017-10-12,14700.0,81.81818181818183,2017-10-13,14700.0,3.0,748.0,True,13670.999999999998,88.2,44188.2,2017-11-10,13850.0,EXIT_MA,83.10000000000001,-2721.2999999999956,-6.158431436446825,-5.782312925170063,20,28,2017-11-09
percentile,011070.KS,2017-10-26,175000.0,95.45454545454545,2017-10-27,175000.0,62.0,62.0,False,162750.0,21700.0,10871700.0,2017-11-13,162750.0,STOP,20181.0,-801381.0,-7.371257485029941,-6.999999999999995,12,17,
percentile,010950.KS,2017-07-26,114500.0,83.00653594771242,2017-07-27,115000.0,80.0,108.0,True,106950.0,18400.0,9218400.0,2017-11-14,121000.0,EXIT_MA,19360.0,442240.0,4.797361798142845,5.217391304347818,70,110,2017-11-13
percentile,034730.KS,2017-09-27,287000.0,77.77777777777779,2017-09-28,289500.0,38.0,38.0,False,269235.0,22002.0,11023002.0,2017-11-14,280000.0,EXIT_MA,21280.0,-404282.0,-3.6676215789491833,-3.2815198618307395,27,47,2017-11-13
percentile,096770.KS,2017-10-10,193686.0156,85.06493506493507,2017-10-11,195580.2656,56.0,56.0,False,181889.647008,21904.9897472,10974399.8633472,2017-11-16,185635.5,EXIT_MA,20791.176,-599603.0393472016,-5.463652197964675,-5.084749000361322,26,36,2017-11-15
percentile,105560.KS,2017-10-10,57900.0,77.92207792207793,2017-10-11,57900.0,188.0,188.0,False,53847.0,21770.4,10906970.4,2017-11-22,55800.0,EXIT_MA,20980.8,-437551.2000000011,-4.011665787595803,-3.626943005181349,30,42,2017-11-21
percentile,008930.KS,2017-11-16,107444.5391,95.45454545454545,2017-11-17,105224.6094,65.0,108.0,True,97858.88674199999,13679.199222000001,6853278.810222001,2017-11-23,97232.86719,STOP,12640.2727347,-545782.7156067006,-7.963818935728092,-7.594936446492517,5,6,
percentile,006280.KS,2017-11-21,239000.0,90.25974025974025,2017-11-22,243500.0,43.0,48.0,True,226454.99999999997,20941.0,10491441.0,2017-11-23,226454.99999999997,STOP,19475.129999999997,-773351.1300000027,-7.3712574850299655,-7.000000000000018,2,1,
percentile,138040.KS,2017-11-22,16750.0,82.46753246753246,2017-11-23,17100.0,1.0,705.0,True,15902.999999999998,34.2,17134.2,2017-11-27,15902.999999999998,STOP,31.805999999999997,-1263.006000000003,-7.371257485029957,-7.000000000000006,3,4,
percentile,007810.KS,2017-11-24,19700.0,90.96774193548387,2017-11-27,19800.0,595.0,595.0,False,18414.0,23562.0,11804562.0,2017-11-27,18414.0,STOP,21912.66,-870144.6600000001,-7.3712574850299415,-6.999999999999995,1,0,
percentile,035720.KS,2017-09-15,27100.0,94.11764705882352,2017-09-18,27300.0,1.0,439.0,True,25389.0,54.6,27354.6,2017-11-29,29200.0,EXIT_MA,58.4,1787.0,6.532722101584378,6.959706959706957,45,72,2017-11-28
percentile,000660.KS,2017-09-13,75700.0,93.4640522875817,2017-09-14,76300.0,5.0,158.0,True,70959.0,763.0,382263.0,2017-11-30,77000.0,EXIT_MA,770.0,1967.0,0.5145671958834624,0.917431192660545,48,77,2017-11-29
percentile,068270.KS,2017-11-16,161587.9062,98.05194805194806,2017-11-17,159890.8594,72.0,72.0,False,148698.499242,23024.283753599997,11535166.160553599,2017-11-30,148698.499242,STOP,21412.583890848,-850286.7990204468,-7.371257485029931,-6.999999999999995,10,13,
percentile,066570.KS,2017-08-30,82300.0,87.58169934640523,2017-08-31,82700.0,31.0,146.0,True,76911.0,5127.400000000001,2568827.4,2017-12-01,90600.0,EXIT_MA,5617.2,234155.3999999999,9.115264030584536,9.552599758162028,59,92,2017-11-30
percentile,018260.KS,2017-10-11,177500.0,73.37662337662337,2017-10-12,178500.0,57.0,61.0,True,166005.0,20349.0,10194849.0,2017-12-01,190000.0,EXIT_MA,21660.0,613491.0,6.017656563623453,6.442577030812324,36,50,2017-11-30
percentile,066970.KS,2017-11-09,39152.22266,100.0,2017-11-10,39152.22266,1.0,286.0,True,36411.5670738,78.30444532,39230.52710532,2017-12-07,36411.5670738,STOP,72.8231341476,-2891.783165667599,-7.371257485029938,-7.000000000000006,20,27,
percentile,051910.KS,2017-10-27,405500.0,91.55844155844156,2017-10-30,406000.0,2.0,27.0,True,377580.0,1624.0,813624.0,2017-12-08,393500.0,EXIT_MA,1574.0,-28198.0,-3.4657286412396884,-3.078817733990147,29,39,2017-12-07
percentile,022100.KS,2017-11-24,8360.0,85.16129032258064,2017-11-27,8400.0,503.0,1404.0,True,7811.999999999999,8450.4,4233650.4,2017-12-08,7811.999999999999,STOP,7858.871999999999,-312073.2720000008,-7.371257485029958,-7.000000000000006,10,11,
percentile,082740.KS,2017-11-02,3422.360596,74.02597402597402,2017-11-03,3327.514648,1.0,3232.0,True,3094.58862264,6.6550292959999995,3334.169677296,2017-12-14,3315.658936,EXIT_MA,6.6313178719999994,-25.142059168000287,-0.7540725758261473,-0.35629330759298083,29,41,2017-12-13
percentile,051900.KS,2017-10-18,1063000.0,72.72727272727273,2017-10-19,1065000.0,9.0,10.0,True,990449.9999999999,19170.0,9604170.0,2017-12-28,1190000.0,EXIT_MA,21420.0,1084410.0,11.291032957559061,11.737089201877925,48,70,2017-12-27
percentile,006400.KS,2018-01-05,220500.0,87.82051282051282,2018-01-08,224500.0,53.0,53.0,False,208785.0,23797.0,11922297.0,2018-01-11,216000.0,EXIT_MA,22896.0,-497193.0,-4.170278596481869,-3.786191536748329,3,3,2018-01-10
percentile,035720.KS,2018-01-08,31900.0,90.38461538461539,2018-01-09,31600.0,1.0,368.0,True,29387.999999999996,63.2,31663.2,2018-01-11,28400.0,STOP,56.800000000000004,-3320.0,-10.48535839712979,-10.126582278481012,3,2,
percentile,042700.KS,2017-09-28,4470.0,89.6103896103896,2017-09-29,4475.0,2385.0,2385.0,False,4161.75,21345.75,10694220.75,2018-01-15,5575.0,EXIT_MA,26592.75,2575561.5,24.08367622297305,24.581005586592177,66,108,2018-01-12
percentile,068270.KS,2018-01-12,257013.3125,99.35897435897436,2018-01-15,258518.5156,7.0,47.0,True,240422.219508,3619.2592184,1813248.8684184002,2018-01-17,240422.219508,STOP,3365.9110731120004,-133659.24293551198,-7.371257485029939,-7.000000000000006,3,2,
percentile,009420.KS,2018-01-12,39000.0,100.0,2018-01-15,37400.0,311.0,311.0,False,34782.0,23262.8,11654662.8,2018-01-19,34782.0,STOP,21634.404,-859095.2039999999,-7.371257485029939,-6.999999999999995,5,4,
percentile,009150.KS,2018-01-05,107000.0,87.17948717948718,2018-01-08,108000.0,41.0,110.0,True,100440.0,8856.0,4436856.0,2018-01-22,101000.0,EXIT_MA,8282.0,-304138.0,-6.854808900717084,-6.481481481481477,10,14,2018-01-19
percentile,018260.KS,2018-01-17,264000.0,92.94871794871796,2018-01-18,267000.0,6.0,46.0,True,248309.99999999997,3204.0,1605204.0,2018-01-22,248309.99999999997,STOP,2979.72,-118323.7200000002,-7.371257485029953,-7.000000000000006,3,4,
percentile,128940.KS,2017-09-20,389140.4062,78.43137254901961,2017-09-21,392187.375,25.0,29.0,True,364734.25875,19609.36875,9824293.74375,2018-01-23,504367.75,EXIT_MA,25218.3875,2759681.6187500004,28.090381769230476,28.60377007291477,77,124,2018-01-22
percentile,051900.KS,2018-01-11,1250000.0,85.8974358974359,2018-01-12,1230000.0,9.0,9.0,False,1143900.0,22140.0,11092140.0,2018-01-24,1194000.0,EXIT_MA,21492.0,-367632.0,-3.314346915924249,-2.9268292682926855,8,12,2018-01-23
percentile,042700.KS,2018-01-24,6225.0,92.94871794871796,2018-01-25,6300.0,2.0,1921.0,True,5859.0,25.2,12625.2,2018-01-31,5859.0,STOP,23.436,-930.6360000000004,-7.371257485029943,-6.999999999999995,5,6,
percentile,010120.KS,2017-10-31,11980.0,79.22077922077922,2017-11-01,11940.0,14.0,925.0,True,11104.199999999999,334.32,167494.32,2018-02-05,12040.0,EXIT_MA,337.12,728.5599999999977,0.4349759442588845,0.8375209380234505,64,96,2018-02-02
percentile,071050.KS,2018-01-23,88500.0,92.3076923076923,2018-01-24,88500.0,136.0,136.0,False,82305.0,24072.0,12060072.0,2018-02-05,82305.0,STOP,22386.96,-888978.9600000009,-7.371257485029947,-6.999999999999995,9,12,
percentile,001820.KS,2017-11-14,30600.0,100.0,2017-11-15,30600.0,362.0,362.0,False,28457.999999999996,22154.4,11099354.4,2018-02-06,39550.0,EXIT_MA,28634.2,3189111.4000000004,28.732404472101553,29.2483660130719,55,83,2018-02-05
percentile,022100.KS,2018-01-15,8840.0,82.05128205128204,2018-01-16,8940.0,21.0,1376.0,True,8314.199999999999,375.48,188115.48,2018-02-06,8314.199999999999,STOP,349.1964,-13866.476400000014,-7.371257485029947,-7.000000000000018,16,21,
percentile,039490.KS,2018-01-23,109000.0,87.17948717948718,2018-01-24,109500.0,110.0,110.0,False,101835.0,24090.0,12069090.0,2018-02-06,101500.0,STOP,22330.0,-926420.0,-7.675972256400441,-7.30593607305936,10,13,
percentile,008770.KS,2017-10-26,69400.0,86.36363636363636,2017-10-27,70800.0,12.0,158.0,True,65844.0,1699.2,851299.2,2018-02-08,83000.0,EXIT_MA,1992.0,142708.80000000005,16.76364784555184,17.231638418079086,70,104,2018-02-07
percentile,005490.KS,2018-01-03,357500.0,77.56410256410257,2018-01-04,362000.0,32.0,32.0,False,336660.0,23168.0,11607168.0,2018-02-12,355500.0,EXIT_MA,22752.0,-253920.0,-2.187613722830582,-1.7955801104972413,27,39,2018-02-09
percentile,005850.KS,2018-01-23,27050.0,83.33333333333334,2018-01-24,27050.0,125.0,445.0,True,25156.5,6762.5,3388012.5,2018-02-13,25156.5,STOP,6289.125,-249739.125,-7.371257485029941,-6.999999999999995,15,20,
percentile,010060.KS,2018-01-03,133097.0469,92.3076923076923,2018-01-04,136320.8438,86.0,86.0,False,126778.38473399999,23447.1851336,11747039.7519336,2018-03-06,142307.9062,EXIT_MA,24476.9598664,466963.2213999983,3.9751565608104342,4.391890655242547,40,61,2018-03-05
percentile,081660.KS,2018-03-08,21200.0,94.23076923076923,2018-03-09,21200.0,535.0,535.0,False,19716.0,22684.0,11364684.0,2018-03-13,19716.0,STOP,21096.12,-837720.1199999992,-7.3712574850299335,-6.999999999999995,3,4,
percentile,028050.KS,2018-03-12,18000.0,92.94871794871796,2018-03-13,18150.0,633.0,633.0,False,16879.5,22977.9,11511927.9,2018-03-14,16879.5,STOP,21369.447,-848573.847000001,-7.371257485029949,-6.999999999999995,2,1,
percentile,051900.KS,2018-03-09,1154000.0,76.28205128205127,2018-03-12,1165000.0,9.0,9.0,False,1083450.0,20970.0,10505970.0,2018-03-15,1141000.0,EXIT_MA,20538.0,-257508.0,-2.451063538159732,-2.060085836909875,3,3,2018-03-14
percentile,112610.KS,2018-01-23,16261.50977,91.02564102564102,2018-01-24,16545.55273,740.0,740.0,False,15387.3640389,24487.4180404,12268196.4382404,2018-03-20,16001.13574,EXIT_MA,23681.6808952,-451037.6715356,-3.67647904731701,-3.2904128310737857,36,55,2018-03-19
percentile,010120.KS,2018-03-15,12800.0,80.12820512820514,2018-03-16,12960.0,877.0,877.0,False,12052.8,22731.84,11388651.84,2018-03-23,12052.8,STOP,21140.6112,-839486.8511999995,-7.371257485029934,-7.000000000000006,6,7,
percentile,003670.KS,2017-11-14,31844.21484,98.7012987012987,2017-11-15,32082.92578,348.0,348.0,False,29837.1209754,22329.71634288,11187187.88778288,2018-03-26,45307.58594,EXIT_MA,31534.079814239998,4548317.939522879,40.65649013091066,41.22024359836922,86,131,2018-03-23
percentile,051910.KS,2018-03-09,406500.0,82.6923076923077,2018-03-12,410500.0,27.0,27.0,False,381765.0,22167.0,11105667.0,2018-03-26,390500.0,EXIT_MA,21087.0,-583254.0,-5.251859253478427,-4.8721071863580985,10,14,2018-03-23
percentile,011780.KS,2018-03-21,97800.0,82.6923076923077,2018-03-22,98800.0,103.0,113.0,True,91884.0,20352.8,10196752.8,2018-03-26,96900.0,EXIT_MA,19961.4,-236014.20000000112,-2.314601566098583,-1.9230769230769273,2,4,2018-03-23
percentile,066970.KS,2018-03-13,36158.23047,95.51282051282051,2018-03-14,36204.29297,292.0,310.0,True,33669.9924621,21143.307094480002,10592796.854334481,2018-04-05,34776.38672,EXIT_MA,20309.40984448,-458401.3419389613,-4.32748166742561,-3.9440246801206946,16,22,2018-04-04
percentile,096770.KS,2018-03-12,203157.2188,83.33333333333334,2018-03-13,200789.4219,43.0,56.0,True,186734.16236699998,17267.8902834,8651213.0319834,2018-04-11,192265.3438,EXIT_MA,16534.8195668,-400338.06815019995,-4.627536816746465,-4.245282455290534,21,29,2018-04-10
percentile,207940.KS,2018-01-02,592580.0,95.51282051282051,2018-01-03,594862.0625,19.0,19.0,False,553221.718125,22604.758375,11324983.945875,2018-04-24,724940.625,EXIT_MA,27547.74375,2421340.1853749994,21.380517596733068,21.867012657241027,76,111,2018-04-23
percentile,017800.KS,2018-04-18,59600.0,94.23076923076923,2018-04-19,61466.66797,191.0,191.0,False,57164.001212099996,23480.26716454,11763613.84943454,2018-05-25,57164.001212099996,STOP,21836.6484630222,-867126.2663864624,-7.3712574850299415,-7.000000000000006,24,36,
percentile,052690.KS,2018-04-16,31850.0,91.66666666666666,2018-04-17,32050.0,361.0,361.0,False,29806.499999999996,23140.100000000002,11593190.1,2018-05-30,30700.0,EXIT_MA,22165.4,-532655.5,-4.594555039686617,-4.212168486739465,28,43,2018-05-29
percentile,024110.KS,2018-04-23,16600.0,75.64102564102564,2018-04-24,16600.0,700.0,700.0,False,15437.999999999998,23240.0,11643240.0,2018-05-30,16000.0,EXIT_MA,22400.0,-465640.0,-3.9992304547531443,-3.6144578313253017,23,36,2018-05-29
percentile,000720.KS,2018-05-28,79100.0,97.48427672955975,2018-05-29,78700.0,138.0,152.0,True,73191.0,21721.2,10882321.2,2018-05-30,73191.0,STOP,20200.716,-802163.9159999993,-7.3712574850299335,-6.999999999999995,2,1,
percentile,071050.KS,2018-04-24,87200.0,89.1025641025641,2018-04-25,86500.0,108.0,131.0,True,80445.0,18684.0,9360684.0,2018-06-19,84700.0,EXIT_MA,18295.2,-231379.19999999925,-2.4718193670462463,-2.0809248554913284,34,55,2018-06-18
percentile,082740.KS,2018-04-26,4908.281738,94.23076923076923,2018-04-27,4884.570312,2.0,2329.0,True,4542.65039016,19.538281248,9788.678905248,2018-06-19,3940.061768,STOP,15.760247072,-1924.3156163200001,-19.658583501889286,-19.336573816526116,33,53,
percentile,192820.KS,2018-04-16,156720.25,86.53846153846155,2018-04-17,156228.9688,73.0,73.0,False,145292.940984,22809.4294448,11427524.1518448,2018-06-25,156720.25,EXIT_MA,22881.1565,-9827.058344800025,-0.0859946407832671,0.31446229452420926,44,69,2018-06-22
percentile,008770.KS,2018-03-09,92200.0,92.3076923076923,2018-03-12,93500.0,122.0,122.0,False,86955.0,22814.0,11429814.0,2018-06-27,115500.0,EXIT_MA,28182.0,2633004.0,23.03628038041564,23.529411764705888,72,107,2018-06-26
percentile,003230.KS,2018-04-16,89300.0,92.3076923076923,2018-04-17,89900.0,128.0,128.0,False,83607.0,23014.4,11530214.4,2018-07-10,100500.0,EXIT_MA,25728.0,1308057.5999999996,11.344607781100754,11.790878754171308,55,84,2018-07-09
percentile,081660.KS,2018-03-20,21900.0,91.66666666666666,2018-03-21,22000.0,505.0,505.0,False,20460.0,22220.0,11132220.0,2018-07-24,31000.0,EXIT_MA,31310.0,4491470.0,40.346579568136455,40.90909090909092,84,125,2018-07-23
percentile,001820.KS,2018-04-16,57400.0,100.0,2018-04-17,57900.0,200.0,200.0,False,53847.0,23160.0,11603160.0,2018-08-01,90400.0,EXIT_MA,36160.0,6440680.0,55.50798230826774,56.131260794473235,71,106,2018-07-31
percentile,180640.KS,2019-04-08,30400.0,98.15950920245399,2019-04-09,31600.0,416.0,416.0,False,29387.999999999996,26291.2,13171891.2,2019-04-10,29387.999999999996,STOP,24450.815999999995,-970934.0160000008,-7.371257485029946,-7.000000000000006,2,1,
percentile,003490.KS,2019-04-12,24157.56836,88.34355828220859,2019-04-15,25718.31055,526.0,526.0,False,23918.028811499997,27055.662698599997,13554887.0119986,2019-04-17,23918.028811499997,STOP,25161.766309697996,-999165.6234592982,-7.3712574850299415,-7.000000000000006,3,2,
percentile,112610.KS,2019-04-12,18770.56445,97.54601226993866,2019-04-15,18912.58594,678.0,678.0,False,17588.7049242,25645.466534640003,12848378.733854642,2019-04-19,17588.7049242,STOP,23850.2838772152,-947087.079124257,-7.371257485029953,-7.000000000000006,5,4,
percentile,018880.KS,2019-04-18,12800.0,85.88957055214725,2019-04-19,12750.0,990.0,990.0,False,11857.5,25245.0,12647745.0,2019-05-07,11857.5,STOP,23477.850000000002,-932297.8499999996,-7.371257485029938,-6.999999999999995,11,18,
percentile,005850.KS,2019-04-11,24050.0,94.47852760736197,2019-04-12,24100.0,527.0,527.0,False,22413.0,25401.4,12726101.4,2019-05-10,23400.0,EXIT_MA,24663.600000000002,-418965.0,-3.2921708450319276,-2.904564315352698,18,28,2019-05-09
percentile,081660.KS,2019-02-27,56600.0,100.0,2019-02-28,56700.0,214.0,214.0,False,52731.0,24267.600000000002,12158067.6,2019-05-31,77500.0,EXIT_MA,33170.0,4393762.4,36.138657429409264,36.68430335097001,63,92,2019-05-30
percentile,000270.KS,2019-04-03,36400.0,89.57055214723927,2019-04-04,36500.0,343.0,343.0,False,33945.0,25039.0,12544539.0,2019-06-03,38900.0,EXIT_MA,26685.4,771475.5999999996,6.149891996828258,6.57534246575342,40,60,2019-05-31
percentile,086280.KS,2019-04-18,73250.0,83.43558282208589,2019-04-19,73500.0,173.0,173.0,False,68355.0,25431.0,12740931.0,2019-07-04,76750.0,EXIT_MA,26555.5,510263.5,4.004915339389249,4.421768707482987,51,76,2019-07-03
percentile,011790.KS,2019-11-04,47100.0,94.54545454545455,2019-11-05,46950.0,261.0,261.0,False,43663.5,24507.9,12278457.9,2019-11-07,43663.5,STOP,22792.347,-905076.7469999995,-7.371257485029936,-6.999999999999995,3,2,
percentile,000990.KS,2019-11-15,18500.0,98.7878787878788,2019-11-18,18600.0,659.0,659.0,False,17298.0,24514.8,12281914.8,2019-11-21,17298.0,STOP,22798.764,-905331.5640000012,-7.371257485029949,-6.999999999999995,4,3,
percentile,011210.KS,2019-11-12,54200.0,98.7878787878788,2019-11-13,54400.0,224.0,224.0,False,50592.0,24371.2,12209971.2,2019-11-22,50592.0,STOP,22665.216,-900028.4159999993,-7.371257485029934,-6.999999999999995,8,9,
percentile,005930.KS,2019-11-06,53300.0,92.72727272727272,2019-11-07,53400.0,229.0,229.0,False,49662.0,24457.2,12253057.2,2019-12-02,50900.0,EXIT_MA,23312.2,-620269.3999999985,-5.0621603235476496,-4.681647940074907,17,25,2019-11-29
percentile,012330.KS,2019-11-15,257500.0,89.0909090909091,2019-11-18,254000.0,47.0,47.0,False,236219.99999999997,23876.0,11961876.0,2019-12-02,245000.0,EXIT_MA,23030.0,-469906.0,-3.9283637449510427,-3.543307086614178,10,14,2019-11-29
percentile,180640.KS,2019-12-23,46200.0,98.7878787878788,2019-12-24,47750.0,58.0,265.0,True,44407.5,5539.0,2775039.0,2019-12-24,44407.5,STOP,5151.27,-204555.27000000002,-7.371257485029941,-6.999999999999995,1,0,
percentile,029780.KS,2019-12-18,41650.0,89.6969696969697,2019-12-19,41600.0,296.0,296.0,False,38688.0,24627.2,12338227.2,2019-12-27,38688.0,STOP,22903.296000000002,-909482.4959999993,-7.371257485029934,-6.999999999999995,6,8,
percentile,004800.KS,2019-12-24,102451.4375,87.87878787878788,2019-12-26,102940.4688,24.0,119.0,True,95734.635984,4941.1425024,2475512.3937024,2019-12-30,97438.89844,EXIT_MA,4677.06712512,-141655.89826752013,-5.722285965034423,-5.344419375715914,2,4,2019-12-27
percentile,000500.KS,2019-12-12,10478.56543,98.18181818181819,2019-12-13,10566.62012,1134.0,1134.0,False,9826.9567116,23965.094432159996,12006512.310512159,2020-01-02,9826.9567116,STOP,22287.537821908798,-885030.9373796694,-7.371257485029946,-6.999999999999995,12,20,
percentile,012330.KS,2019-12-17,263500.0,90.9090909090909,2019-12-18,259500.0,46.0,46.0,False,241334.99999999997,23874.0,11960874.0,2020-01-03,249000.0,EXIT_MA,22908.0,-529782.0,-4.429291705606129,-4.046242774566478,9,16,2020-01-02
percentile,028050.KS,2019-12-13,19900.0,90.30303030303031,2019-12-16,19900.0,597.0,597.0,False,18507.0,23760.600000000002,11904060.6,2020-01-08,18507.0,STOP,22097.358,-877478.9580000006,-7.371257485029944,-6.999999999999995,15,23,
percentile,035420.KS,2019-11-14,180000.0,99.39393939393939,2019-11-15,177000.0,67.0,67.0,False,164610.0,23718.0,11882718.0,2020-01-29,183000.0,EXIT_MA,24522.0,353760.0,2.9770966541493284,3.3898305084745672,48,75,2020-01-28
percentile,229640.KS,2020-01-03,8470.0,88.48484848484848,2020-01-06,8460.0,1422.0,1422.0,False,7867.799999999999,24060.24,12054180.24,2020-01-31,8050.0,EXIT_MA,22894.2,-629974.4399999995,-5.226190644715293,-4.846335697399528,17,25,2020-01-30
percentile,014680.KS,2019-12-18,105000.0,96.96969696969697,2019-12-19,106500.0,117.0,117.0,False,99045.0,24921.0,12485421.0,2020-02-19,106500.0,EXIT_MA,24921.0,-49842.0,-0.39920159680638717,0.0,39,62,2020-02-18
percentile,207940.KS,2020-02-06,789599.5625,98.7878787878788,2020-02-07,792642.3125,15.0,15.0,False,737157.350625,23779.269375,11913413.956875,2020-02-21,737157.350625,STOP,22114.720518749997,-878168.4180187508,-7.371257485029947,-7.000000000000006,11,14,
percentile,000990.KS,2019-12-12,21700.0,99.39393939393939,2019-12-13,22000.0,547.0,547.0,False,20460.0,24068.0,12058068.0,2020-02-25,27200.0,EXIT_MA,29756.8,2790575.1999999993,23.142805298493915,23.636363636363633,47,74,2020-02-24
percentile,005930.KS,2019-12-13,54700.0,93.93939393939394,2019-12-16,54500.0,217.0,217.0,False,50685.0,23653.0,11850153.0,2020-02-25,56200.0,EXIT_MA,24390.8,320856.19999999925,2.7076122983390953,3.119266055045866,46,71,2020-02-24
percentile,011070.KS,2020-01-09,145500.0,94.54545454545455,2020-01-10,146000.0,77.0,84.0,True,135780.0,22484.0,11264484.0,2020-02-25,143000.0,EXIT_MA,22022.0,-275506.0,-2.445793344817215,-2.0547945205479423,30,46,2020-02-24
percentile,036570.KS,2020-02-19,687000.0,93.33333333333333,2020-02-20,700000.0,17.0,18.0,True,651000.0,23800.0,11923800.0,2020-02-25,651000.0,STOP,22134.0,-878934.0,-7.371257485029941,-6.999999999999995,4,5,
percentile,000660.KS,2019-12-13,87900.0,92.72727272727272,2019-12-16,87200.0,135.0,135.0,False,81096.0,23544.0,11795544.0,2020-02-27,94700.0,EXIT_MA,25569.0,963387.0,8.167380834660953,8.600917431192666,48,73,2020-02-26
percentile,007810.KS,2020-02-07,12300.0,99.39393939393939,2020-02-10,12350.0,951.0,1008.0,True,11485.5,23489.7,11768339.7,2020-02-28,11200.0,STOP,21302.4,-1138442.0999999996,-9.673769869168543,-9.311740890688258,15,18,
percentile,011790.KS,2020-01-07,52200.0,96.36363636363636,2020-01-08,51600.0,232.0,232.0,False,47988.0,23942.4,11995142.4,2020-03-02,52000.0,EXIT_MA,24128.0,44729.59999999963,0.3728976156214671,0.7751937984496138,36,54,2020-02-28
percentile,020150.KS,2020-01-13,46750.0,89.0909090909091,2020-01-14,47450.0,2.0,265.0,True,44128.5,189.8,95089.8,2020-03-02,46750.0,EXIT_MA,187.0,-1776.800000000003,-1.8685495184551895,-1.475237091675452,32,48,2020-02-28
percentile,035720.KS,2020-01-07,32000.0,95.75757575757575,2020-01-08,31700.0,378.0,378.0,False,29480.999999999996,23965.2,12006565.2,2020-03-12,33400.0,EXIT_MA,25250.4,593384.4000000004,4.942166140904314,5.362776025236604,44,64,2020-03-11
percentile,000990.KS,2020-05-26,32700.0,98.80239520958084,2020-05-27,32150.0,356.0,356.0,False,29899.499999999996,22890.8,11468290.8,2020-05-28,29899.499999999996,STOP,21288.443999999996,-845357.2440000027,-7.371257485029964,-7.000000000000006,2,1,
percentile,006400.KS,2020-05-26,388000.0,96.40718562874252,2020-05-27,378000.0,30.0,30.0,False,351540.0,22680.0,11362680.0,2020-05-28,351540.0,STOP,21092.4,-837572.4000000004,-7.371257485029943,-6.999999999999995,2,1,
percentile,011200.KS,2020-06-04,5520.0,98.20359281437125,2020-06-05,5520.0,2090.0,2090.0,False,5133.599999999999,23073.600000000002,11559873.6,2020-06-08,5133.599999999999,STOP,21458.447999999997,-852108.0480000023,-7.37125748502996,-7.000000000000006,2,3,
percentile,039490.KS,2020-06-02,89400.0,88.62275449101796,2020-06-03,91900.0,127.0,127.0,False,85467.0,23342.600000000002,11694642.6,2020-06-12,83100.0,STOP,21107.4,-1162050.0,-9.936601226274329,-9.575625680087052,8,9,
percentile,097950.KS,2020-06-10,329500.0,89.82035928143712,2020-06-11,327500.0,35.0,35.0,False,304575.0,22925.0,11485425.0,2020-06-12,304575.0,STOP,21320.25,-846620.25,-7.371257485029941,-6.999999999999995,2,1,
percentile,039490.KS,2020-06-18,96600.0,89.82035928143712,2020-06-19,97900.0,125.0,125.0,False,91047.0,24475.0,12261975.0,2020-06-25,91047.0,STOP,22761.75,-903861.75,-7.371257485029941,-6.999999999999995,5,6,
percentile,003230.KS,2020-06-17,137000.0,97.0059880239521,2020-06-18,137500.0,89.0,89.0,False,127874.99999999999,24475.0,12261975.0,2020-06-29,127500.0,STOP,22695.0,-937170.0,-7.642896026129558,-7.272727272727275,8,11,
percentile,281820.KS,2020-07-06,24100.0,85.02994011976048,2020-07-07,24400.0,419.0,509.0,True,22692.0,20447.2,10244047.2,2020-07-15,22692.0,STOP,19015.896,-755115.095999999,-7.371257485029931,-6.999999999999995,7,8,
percentile,011070.KS,2020-06-11,167000.0,94.61077844311377,2020-06-12,159500.0,71.0,71.0,False,148335.0,22649.0,11347149.0,2020-07-24,158500.0,EXIT_MA,22507.0,-116156.0,-1.0236580131273503,-0.6269592476489061,30,42,2020-07-23
percentile,207940.KS,2020-06-04,988901.1875,99.40119760479041,2020-06-05,981294.25,11.0,11.0,False,912603.6525,21588.4735,10815825.2235,2020-08-03,1107569.375,EXIT_MA,24366.52625,1343071.3752500005,12.417650502819264,12.868222248321537,41,59,2020-07-31
percentile,068270.KS,2020-06-01,183373.1719,94.01197604790418,2020-06-02,185388.25,62.0,62.0,False,172411.07249999998,22988.143,11517059.643,2020-08-13,243825.8594,EXIT_MA,30234.4065656,3569909.2332344,30.996707005890777,31.52174390771798,52,72,2020-08-12
percentile,011790.KS,2020-08-12,91000.0,92.81437125748504,2020-08-13,93500.0,11.0,158.0,True,86955.0,2057.0,1030557.0,2020-08-14,86955.0,STOP,1913.01,-75965.01000000001,-7.3712574850299415,-6.999999999999995,2,1,
percentile,005070.KS,2020-08-03,15668.29492,92.21556886227546,2020-08-04,15619.02344,776.0,860.0,True,14525.6917992,24240.72437888,12144602.91381888,2020-08-18,14525.6917992,STOP,22543.8736723584,-895209.951312039,-7.371257485029944,-7.000000000000006,10,14,
percentile,004370.KS,2020-06-17,375000.0,92.81437125748504,2020-06-18,379500.0,32.0,32.0,False,352935.0,24288.0,12168288.0,2020-08-19,366500.0,EXIT_MA,23456.0,-463744.0,-3.8110866540962873,-3.4255599472990728,43,62,2020-08-18
percentile,192820.KS,2020-08-14,112995.7969,78.44311377245509,2020-08-18,111521.9375,8.0,123.0,True,103715.401875,1784.351,893959.851,2020-08-20,103715.401875,STOP,1659.44643,-65896.08243000007,-7.371257485029947,-7.000000000000006,3,2,
percentile,011200.KS,2020-07-30,5850.0,93.41317365269461,2020-07-31,5900.0,1.0,2206.0,True,5487.0,11.8,5911.8,2020-08-21,5487.0,STOP,10.974,-435.77400000000034,-7.371257485029946,-6.999999999999995,15,21,
percentile,042700.KS,2020-07-13,4465.0,80.83832335329342,2020-07-14,4435.0,5.0,2863.0,True,4124.549999999999,44.35,22219.35,2020-08-28,4900.0,EXIT_MA,49.0,2231.6500000000015,10.043723151217302,10.484780157835406,32,45,2020-08-27
percentile,207940.KS,2020-08-12,1282528.75,96.40718562874252,2020-08-13,1273400.5,11.0,11.0,False,1184262.4649999999,28014.811,14035420.311,2020-08-31,1184262.4649999999,STOP,26053.77423,-1034586.970230002,-7.371257485029954,-7.000000000000006,12,18,
percentile,011070.KS,2020-09-02,169000.0,76.04790419161677,2020-09-03,168500.0,86.0,86.0,False,156705.0,28982.0,14519982.0,2020-09-04,155500.0,EXIT_MA,26746.0,-1173728.0,-8.083536191711532,-7.71513353115727,1,1,2020-09-03
percentile,035420.KS,2020-06-22,270000.0,97.60479041916167,2020-06-23,272000.0,39.0,45.0,True,252959.99999999997,21216.0,10629216.0,2020-09-15,304000.0,EXIT_MA,23712.0,1203072.0,11.318539391804626,11.764705882352944,59,84,2020-09-14
percentile,001440.KS,2020-09-04,6992.606934,74.25149700598801,2020-09-07,7408.833496,916.0,2222.0,True,6890.21515128,13572.982964672,6800064.465300673,2020-09-17,6890.21515128,STOP,12622.874157144961,-501250.26088533737,-7.371257485029946,-7.000000000000006,9,10,
percentile,051910.KS,2020-06-04,417500.0,85.62874251497006,2020-06-05,421500.0,27.0,27.0,False,391995.0,22761.0,11403261.0,2020-09-18,653000.0,EXIT_MA,35262.0,6192477.0,54.304439756311815,54.92289442467377,74,105,2020-09-17
percentile,066970.KS,2020-09-18,43758.35547,97.0059880239521,2020-09-21,43949.85547,334.0,334.0,False,40873.3655871,29358.503453960002,14708610.230433961,2020-09-21,40873.3655871,STOP,27303.408212182803,-1084209.5325547438,-7.371257485029946,-7.000000000000006,1,0,
percentile,035720.KS,2020-06-23,56300.0,98.80239520958084,2020-06-24,56300.0,4.0,220.0,True,52359.0,450.40000000000003,225650.4,2020-09-23,71700.0,EXIT_MA,573.6,60576.00000000003,26.845066527690637,27.353463587921855,64,91,2020-09-22
percentile,251270.KS,2020-09-03,194500.0,96.40718562874252,2020-09-04,188500.0,78.0,78.0,False,175305.0,29406.0,14732406.0,2020-09-23,175305.0,STOP,27347.58,-1085963.58,-7.371257485029941,-6.999999999999995,14,19,
percentile,003670.KS,2020-06-09,60441.94141,81.437125748503,2020-06-10,60250.97266,191.0,191.0,False,56033.4045738,23015.87155612,11530951.64961612,2020-09-25,75242.10156,EXIT_MA,28742.48279592,2811547.265547959,24.3826125629584,24.881140068220752,76,107,2020-09-24
percentile,000100.KS,2020-07-24,46482.69141,82.03592814371258,2020-07-27,47469.93359,236.0,266.0,True,44147.0382387,22405.80865448,11225310.13589448,2020-09-25,51665.71484,EXIT_MA,24386.21740448,943412.3489410412,8.404332152252524,8.838818453463947,43,60,2020-09-24
percentile,000990.KS,2020-07-15,31850.0,94.01197604790418,2020-07-16,32100.0,295.0,391.0,True,29852.999999999996,18939.0,9488439.0,2020-09-28,37050.0,EXIT_MA,21859.5,1419451.5,14.959800026115994,15.420560747663558,51,74,2020-09-25
percentile,026960.KS,2020-09-21,30000.0,91.61676646706587,2020-09-22,30000.0,482.0,482.0,False,27899.999999999996,28920.0,14488920.0,2020-10-06,27899.999999999996,STOP,26895.6,-1068015.6000000015,-7.37125748502995,-7.000000000000018,8,14,
percentile,192820.KS,2020-10-12,123804.0859,82.03592814371258,2020-10-13,123312.8047,117.0,117.0,False,114680.90837099998,28855.196299799998,14456453.3461998,2020-10-15,114680.90837099998,STOP,26835.332558813996,-1065622.3993516155,-7.37125748502995,-7.000000000000006,3,2,
percentile,011780.KS,2020-10-08,141000.0,97.0059880239521,2020-10-12,139000.0,103.0,103.0,False,129269.99999999999,28634.0,14345634.0,2020-10-19,129269.99999999999,STOP,26629.619999999995,-1057453.620000001,-7.371257485029947,-7.000000000000006,6,7,
percentile,112610.KS,2020-07-06,22250.10156,86.82634730538922,2020-07-07,22534.14453,551.0,551.0,False,20956.7544129,24832.627272060003,12441146.263302062,2020-10-20,46157.125,EXIT_MA,50865.151750000005,12940564.45994794,104.01424584259591,104.83193821070249,70,105,2020-10-19
percentile,103140.KS,2020-10-22,27700.0,74.8502994011976,2020-10-23,27800.0,487.0,487.0,False,25854.0,27077.2,13565677.2,2020-10-27,25854.0,STOP,25181.796000000002,-999960.9959999993,-7.371257485029936,-6.999999999999995,3,4,
percentile,011780.KS,2020-11-05,154000.0,95.83333333333334,2020-11-06,153000.0,94.0,94.0,False,142290.0,28764.0,14410764.0,2020-11-10,142290.0,STOP,26750.52,-1062254.5199999996,-7.371257485029938,-6.999999999999995,3,4,
percentile,036570.KS,2020-11-04,837000.0,76.78571428571429,2020-11-05,847000.0,17.0,17.0,False,787710.0,28798.0,14427798.0,2020-11-11,783000.0,EXIT_MA,26622.0,-1143420.0,-7.92511788701228,-7.5560802833530065,4,6,2020-11-10
percentile,051910.KS,2020-11-06,720000.0,94.64285714285714,2020-11-09,739000.0,9.0,20.0,True,687270.0,13302.0,6664302.0,2020-11-11,687270.0,STOP,12370.86,-491242.86000000034,-7.371257485029944,-6.999999999999995,3,2,
percentile,112610.KS,2020-11-09,61779.53516,98.80952380952381,2020-11-10,60832.72266,9.0,248.0,True,56574.432073799995,1094.98900788,548589.49294788,2020-11-12,56574.432073799995,STOP,1018.3397773283999,-40437.9440610084,-7.371257485029941,-7.000000000000006,3,2,
percentile,009830.KS,2020-08-25,37937.72656,98.20359281437125,2020-08-26,37991.38672,373.0,373.0,False,35331.9896496,28341.574493120002,14199128.821053121,2020-12-07,48401.45312,EXIT_MA,36107.484027520004,3818505.7086793594,26.89253514636505,27.40112246158093,69,103,2020-12-04
percentile,008930.KS,2020-12-04,72747.28125,94.70588235294117,2020-12-07,71616.5,214.0,214.0,False,66603.345,30651.862,15356582.862,2020-12-23,66603.345,STOP,28506.23166,-1131973.2636599988,-7.371257485029932,-6.999999999999995,13,16,
percentile,088350.KS,2020-12-14,2505.0,87.05882352941177,2020-12-15,2515.0,2.0,6522.0,True,2338.95,10.06,5040.06,2021-01-04,2338.95,STOP,9.3558,-371.51580000000104,-7.37125748502996,-7.000000000000006,12,20,
percentile,028670.KS,2021-01-04,5370.0,72.35294117647058,2021-01-05,5300.0,2.0,3507.0,True,4929.0,21.2,10621.2,2021-01-08,4929.0,STOP,19.716,-782.9160000000011,-7.37125748502995,-6.999999999999995,4,3,
percentile,068270.KS,2020-11-11,238989.6406,82.73809523809523,2020-11-12,237780.5938,11.0,62.0,True,221135.952234,5231.1730636,2620817.7048636,2021-01-18,269256.2812,EXIT_MA,5923.638186400001,335077.7501500007,12.78523681857681,13.237281855925808,44,67,2021-01-15
percentile,207940.KS,2020-11-04,1115176.25,82.14285714285714,2020-11-05,1166903.375,12.0,12.0,False,1085220.13875,28005.681,14030846.181,2021-01-19,1195809.75,EXIT_MA,28699.434,290171.3849999998,2.068096116632923,2.4771866822306476,50,75,2021-01-18
percentile,047040.KS,2021-01-19,6490.0,85.29411764705883,2021-01-20,6610.0,5.0,2933.0,True,6147.299999999999,66.1,33116.1,2021-01-26,6147.299999999999,STOP,61.47299999999999,-2441.073000000004,-7.371257485029953,-7.000000000000006,5,6,
percentile,082740.KS,2020-12-04,6402.106445,92.94117647058823,2020-12-07,6417.914062,413.0,2433.0,True,5968.66007766,5301.197015211999,2655899.7046212116,2021-01-28,5943.684082,STOP,4909.483051732,-206067.66180694383,-7.7588645929810625,-7.38916064345394,36,52,
percentile,272210.KS,2020-12-28,15221.68652,92.3529411764706,2020-12-29,15221.68652,3.0,1077.0,True,14156.168463599999,91.33011911999999,45756.389679119995,2021-01-29,14156.168463599999,STOP,84.9370107816,-3372.821299101597,-7.371257485029934,-7.000000000000006,22,31,
percentile,011200.KS,2020-10-21,7600.0,97.60479041916167,2020-10-22,7690.0,1793.0,1793.0,False,7151.7,27576.34,13815746.34,2021-02-01,13350.0,EXIT_MA,47873.1,10072930.559999999,72.90905834624638,73.60208062418725,69,102,2021-01-29
percentile,020150.KS,2021-02-03,79000.0,82.35294117647058,2021-02-04,78500.0,249.0,249.0,False,73005.0,39093.0,19585593.0,2021-02-08,73005.0,STOP,36356.49,-1443704.4899999984,-7.371257485029932,-6.999999999999995,3,4,
percentile,022100.KS,2020-12-29,7850.0,78.23529411764706,2020-12-30,7770.0,1.0,2168.0,True,7226.099999999999,15.540000000000001,7785.54,2021-02-10,7800.0,EXIT_MA,15.6,-1.1400000000003274,-0.014642529612593698,0.38610038610038533,28,42,2021-02-09
percentile,006280.KS,2020-10-23,269000.0,97.0059880239521,2020-10-26,272500.0,50.0,50.0,False,253424.99999999997,27250.0,13652250.0,2021-02-19,408000.0,EXIT_MA,40800.0,6706950.0,49.12706696698346,49.72477064220185,79,116,2021-02-18
percentile,066970.KS,2020-11-05,40167.67969,93.45238095238095,2020-11-06,40407.05859,364.0,364.0,False,37578.564488699994,29416.33865352,14737585.66541352,2021-02-24,67887.6875,EXIT_MA,49422.2365,9924110.348086482,67.33877972547835,68.0094762374041,73,110,2021-02-23
percentile,000240.KS,2021-02-03,20600.0,70.58823529411765,2021-02-04,20500.0,332.0,958.0,True,19065.0,13612.0,6819612.0,2021-02-24,19065.0,STOP,12659.16,-502691.16000000015,-7.3712574850299415,-6.999999999999995,13,20,
percentile,010060.KS,2021-02-15,109609.3281,93.52941176470588,2021-02-16,109609.3281,165.0,177.0,True,101936.675133,36171.078273,18121710.214773,2021-02-24,101936.675133,STOP,33639.10279389,-1335797.9206218906,-7.371257485029943,-7.000000000000006,7,8,
percentile,006400.KS,2020-11-05,484000.0,92.26190476190477,2020-11-06,494000.0,30.0,30.0,False,459419.99999999994,29640.0,14849640.0,2021-02-25,704000.0,EXIT_MA,42240.0,6228120.0,41.94121877702086,42.510121457489866,74,111,2021-02-24
percentile,000270.KS,2020-11-11,58100.0,89.28571428571429,2020-11-12,58600.0,255.0,255.0,False,54497.99999999999,29886.0,14972886.0,2021-02-25,76500.0,EXIT_MA,39015.0,4495599.0,30.024933069015553,30.546075085324233,70,105,2021-02-24
percentile,307950.KS,2020-11-13,81000.0,95.83333333333334,2020-11-16,81200.0,6.0,186.0,True,75516.0,974.4,488174.4,2021-02-25,130500.0,EXIT_MA,1566.0,293259.6,60.0727117194183,60.71428571428572,68,101,2021-02-24
percentile,012450.KS,2021-01-18,42986.64062,71.76470588235294,2021-01-19,44152.94531,390.0,421.0,True,41062.2391383,34439.297341800004,17254087.968241803,2021-02-26,41062.2391383,STOP,32028.546527874,-1271843.250832677,-7.371257485029956,-7.000000000000006,27,38,
percentile,005070.KS,2021-02-16,20989.60156,77.64705882352942,2021-02-17,21383.77344,1.0,921.0,True,19886.9092992,42.767546880000005,21426.54098688,2021-02-26,19886.9092992,STOP,39.773818598400005,-1579.4055062784028,-7.371257485029953,-7.000000000000006,8,9,
percentile,000660.KS,2021-02-25,148500.0,81.76470588235294,2021-02-26,143500.0,121.0,121.0,False,133455.0,34727.0,17398227.0,2021-03-09,133455.0,STOP,32296.11,-1282468.1099999994,-7.371257485029936,-6.999999999999995,7,11,
percentile,088350.KS,2021-02-17,3300.0,85.88235294117646,2021-02-18,3290.0,4.0,5808.0,True,3059.7,26.32,13186.32,2021-03-18,3059.7,STOP,24.4776,-971.9976000000006,-7.371257485029944,-7.000000000000006,20,28,
percentile,267260.KS,2021-03-17,21550.0,88.23529411764706,2021-03-18,21850.0,847.0,847.0,False,20320.5,37013.9,18543963.9,2021-03-18,20320.5,STOP,34422.927,-1366923.3269999996,-7.371257485029939,-6.999999999999995,1,0,
percentile,204320.KS,2021-03-18,71900.0,95.29411764705881,2021-03-19,70700.0,252.0,252.0,False,65751.0,35632.8,17852032.8,2021-03-22,73800.0,EXIT_MA,37195.200000000004,708372.0,3.9680187009291177,4.384724186704392,1,3,2021-03-19
percentile,267270.KS,2021-03-16,52769.07031,92.94117647058823,2021-03-17,52873.5625,347.0,347.0,False,49172.413125,36694.252375000004,18383820.439875,2021-03-22,49172.413125,STOP,34125.65470875,-1355118.7402087487,-7.3712574850299335,-7.000000000000006,4,5,
percentile,267270.KS,2021-03-29,57471.26562,97.05882352941177,2021-03-30,58829.67578,337.0,337.0,False,54711.598475399995,39651.201475719994,19865251.93933572,2021-04-01,54711.598475399995,STOP,36875.6173724196,-1464318.8704983406,-7.371257485029946,-7.000000000000006,3,2,
percentile,047040.KS,2021-03-29,6770.0,87.05882352941177,2021-03-30,6800.0,789.0,2863.0,True,6324.0,10730.4,5375930.4,2021-04-02,6324.0,STOP,9979.272,-396273.67200000025,-7.371257485029944,-6.999999999999995,4,3,
percentile,011780.KS,2021-03-29,260000.0,98.82352941176471,2021-03-30,266000.0,74.0,74.0,False,247379.99999999997,39368.0,19723368.0,2021-04-05,247379.99999999997,STOP,36612.23999999999,-1453860.240000002,-7.37125748502995,-7.000000000000006,5,6,
percentile,079550.KS,2021-04-05,43900.0,73.52941176470588,2021-04-06,43900.0,77.0,435.0,True,40827.0,6760.6,3387060.6,2021-04-21,40827.0,STOP,6287.358,-249668.9580000001,-7.371257485029943,-6.999999999999995,12,15,
percentile,066970.KS,2021-04-22,97283.34375,98.23529411764706,2021-04-23,100538.8906,2.0,219.0,True,93501.16825799999,402.1555624,201479.9367624,2021-04-23,93501.16825799999,STOP,374.00467303199997,-14851.604919432022,-7.371257485029951,-7.000000000000006,1,0,
percentile,001430.KS,2021-04-23,24550.0,95.88235294117648,2021-04-26,25050.0,10.0,845.0,True,23296.5,501.0,251001.0,2021-04-26,23296.5,STOP,465.93,-18501.929999999993,-7.371257485029938,-6.999999999999995,1,0,
percentile,011780.KS,2021-04-21,282000.0,97.6470588235294,2021-04-22,287000.0,10.0,73.0,True,266910.0,5740.0,2875740.0,2021-04-28,266910.0,STOP,5338.2,-211978.2000000002,-7.371257485029947,-6.999999999999995,5,6,
percentile,014680.KS,2020-12-24,184000.0,82.35294117647058,2020-12-28,186000.0,76.0,89.0,True,172980.0,28272.0,14164272.0,2021-04-30,241500.0,EXIT_MA,36708.0,4153020.0,29.32039147511429,29.838709677419352,84,123,2021-04-29
percentile,001430.KS,2021-04-26,25500.0,97.05882352941177,2021-04-27,25350.0,9.0,829.0,True,23575.5,456.3,228606.3,2021-05-03,23575.5,STOP,424.359,-16851.158999999985,-7.3712574850299335,-6.999999999999995,5,6,
percentile,034220.KS,2021-04-05,23015.04688,82.35294117647058,2021-04-06,23015.04688,830.0,830.0,False,21403.9935984,38204.977820800006,19140693.888220802,2021-05-12,21798.80469,EXIT_MA,36186.015785400006,-1083872.0113062002,-5.662657882916229,-5.284552303288637,25,36,2021-05-11
percentile,001430.KS,2021-05-11,34350.0,98.82352941176471,2021-05-12,34350.0,525.0,695.0,True,31945.499999999996,36067.5,18069817.5,2021-05-14,31945.499999999996,STOP,33542.774999999994,-1331972.7750000022,-7.371257485029953,-7.000000000000006,3,2,
percentile,003550.KS,2021-04-28,138768.9844,75.88235294117646,2021-04-29,138768.9844,19.0,156.0,True,129055.15549199998,5273.2214072,2641883.9250072,2021-05-27,119500.0,STOP,4541.0,-375924.92500719987,-14.229426260889769,-13.88565642626407,19,28,
percentile,001120.KS,2020-11-10,18200.0,76.78571428571429,2020-11-11,18250.0,832.0,832.0,False,16972.5,30368.0,15214368.0,2021-05-31,31900.0,EXIT_MA,53081.6,11273350.399999999,74.09673803078773,74.7945205479452,135,201,2021-05-28
percentile,004020.KS,2021-03-26,46400.0,84.11764705882354,2021-03-29,47150.0,419.0,419.0,False,43849.5,39511.700000000004,19795361.7,2021-06-08,52000.0,EXIT_MA,43576.0,1949062.3000000007,9.846055502991899,10.286320254506887,49,71,2021-06-07
percentile,073240.KS,2021-06-07,6700.0,90.64327485380117,2021-06-08,6760.0,3210.0,4133.0,True,6286.799999999999,43399.200000000004,21742999.2,2021-06-08,6286.799999999999,STOP,40361.255999999994,-1602732.456000004,-7.371257485029958,-7.000000000000006,1,0,
percentile,073240.KS,2021-06-09,7040.0,92.39766081871345,2021-06-10,7030.0,13.0,3638.0,True,6537.9,182.78,91572.78,2021-06-15,6537.9,STOP,169.9854,-6750.065400000007,-7.371257485029947,-7.000000000000006,4,5,
percentile,082740.KS,2021-03-26,6979.086426,85.88235294117646,2021-03-29,7113.45166,2791.0,2791.0,False,6615.510043799999,39707.287166120004,19893350.87022612,2021-06-16,7405.893555,EXIT_MA,41339.69782401,735158.3439548723,3.695497801002271,4.1111110186415445,55,79,2021-06-15
percentile,241560.KS,2021-03-26,39550.0,72.94117647058823,2021-03-29,40550.0,492.0,492.0,False,37711.5,39901.200000000004,19990501.2,2021-06-18,47150.0,EXIT_MA,46395.6,3160903.1999999993,15.812025763516122,16.276202219482116,57,81,2021-06-17
percentile,042700.KS,2020-11-16,6275.0,85.71428571428571,2020-11-17,6250.0,11.0,2390.0,True,5812.5,137.5,68887.5,2021-06-22,16525.0,EXIT_MA,363.55,112523.95000000001,163.34451097804393,164.4,147,217,2021-06-21
percentile,071970.KS,2021-04-29,6480.0,95.88235294117648,2021-04-30,6950.0,2634.0,3307.0,True,6463.5,36612.6,18342912.6,2021-06-22,6950.0,EXIT_MA,36612.6,-73225.20000000298,-0.39920159680640344,0.0,35,53,2021-06-21
percentile,011200.KS,2021-02-25,18400.0,99.41176470588235,2021-02-26,17900.0,977.0,977.0,False,16647.0,34976.6,17523276.6,2021-06-25,42100.0,EXIT_MA,82263.40000000001,23526160.0,134.2566264119805,135.19553072625698,82,119,2021-06-24
percentile,073240.KS,2021-06-22,7890.0,95.90643274853801,2021-06-23,7940.0,8.0,3286.0,True,7384.2,127.04,63647.04,2021-06-25,7384.2,STOP,118.1472,-4691.587200000002,-7.371257485029943,-7.000000000000006,3,2,
percentile,028050.KS,2021-06-24,27350.0,95.90643274853801,2021-06-25,27600.0,553.0,910.0,True,25668.0,30525.600000000002,15293325.6,2021-06-25,25668.0,STOP,28388.808,-1127310.4079999998,-7.371257485029939,-6.999999999999995,1,0,
percentile,001430.KS,2021-06-24,34400.0,98.83040935672514,2021-06-25,35500.0,724.0,724.0,False,33015.0,51404.0,25753404.0,2021-06-29,33015.0,STOP,47805.72,-1898349.7199999988,-7.371257485029936,-6.999999999999995,3,4,
percentile,047040.KS,2021-04-08,7000.0,84.70588235294117,2021-04-09,7000.0,2.0,2744.0,True,6510.0,28.0,14028.0,2021-07-01,7970.0,EXIT_MA,31.88,1880.1200000000008,13.40262332477902,13.857142857142858,57,83,2021-06-30
percentile,073240.KS,2021-06-29,8160.0,95.90643274853801,2021-06-30,8200.0,2903.0,3030.0,True,7625.999999999999,47609.200000000004,23852209.2,2021-07-02,7625.999999999999,STOP,44276.556,-1758207.7560000047,-7.37125748502996,-7.000000000000006,3,2,
percentile,011210.KS,2021-06-21,98600.0,94.15204678362574,2021-06-22,98900.0,186.0,253.0,True,91977.0,36790.8,18432190.8,2021-07-08,91977.0,STOP,34215.444,-1358684.243999999,-7.371257485029934,-6.999999999999995,13,16,
percentile,003490.KS,2021-05-07,27900.0,73.52941176470588,2021-05-10,28150.0,7.0,836.0,True,26179.5,394.1,197444.1,2021-07-09,30350.0,EXIT_MA,424.90000000000003,14581.0,7.384875010192758,7.815275310834813,43,60,2021-07-08
percentile,042700.KS,2021-07-02,17925.0,97.6608187134503,2021-07-05,17975.0,1227.0,1359.0,True,16716.75,44110.65,22099435.65,2021-07-09,16716.75,STOP,41022.904500000004,-1629006.3044999987,-7.371257485029934,-6.999999999999995,5,4,
percentile,020560.KS,2021-07-16,18650.0,72.09302325581395,2021-07-19,18150.0,733.0,1267.0,True,16879.5,26607.9,13330557.9,2021-07-19,16879.5,STOP,24745.347,-982629.7469999995,-7.371257485029936,-6.999999999999995,1,0,
percentile,005850.KS,2021-05-25,32200.0,95.88235294117648,2021-05-26,32150.0,519.0,721.0,True,29899.499999999996,33371.7,16719221.7,2021-07-20,31950.0,EXIT_MA,33164.1,-170335.79999999888,-1.0188022089568851,-0.6220839813374845,39,55,2021-07-19
percentile,000270.KS,2021-05-28,84700.0,87.13450292397661,2021-05-31,85100.0,18.0,285.0,True,79143.0,3063.6,1534863.6,2021-07-20,85100.0,EXIT_MA,3063.6,-6127.200000000186,-0.39920159680639933,0.0,36,50,2021-07-19
percentile,004800.KS,2021-07-15,153432.6406,87.79069767441861,2021-07-16,155266.5,157.0,157.0,False,144397.845,48753.681000000004,24425594.181,2021-07-20,144397.845,STOP,45340.92333,-1800473.4393300042,-7.371257485029957,-6.999999999999995,3,4,
percentile,001440.KS,2021-05-28,14026.83594,91.81286549707602,2021-05-31,14484.68555,1722.0,1722.0,False,13470.757561499999,49885.257034199996,24992513.7741342,2021-07-26,21643.7832,EXIT_MA,74541.1893408,12203539.706925001,48.828780558900625,49.42528869741325,40,56,2021-07-23
percentile,307950.KS,2021-06-08,122000.0,91.22807017543859,2021-06-09,122000.0,164.0,215.0,True,113459.99999999999,40016.0,20048016.0,2021-07-28,120500.0,EXIT_MA,39524.0,-325540.0,-1.623801577173522,-1.2295081967213073,35,49,2021-07-27
percentile,052690.KS,2021-04-02,25900.0,75.29411764705883,2021-04-05,26200.0,727.0,727.0,False,24366.0,38094.8,19085494.8,2021-07-30,54000.0,EXIT_MA,78516.0,20093989.2,105.28408831192576,106.10687022900764,82,116,2021-07-29
percentile,000150.KS,2021-05-27,86000.0,93.56725146198829,2021-05-28,86000.0,26.0,279.0,True,79980.0,4472.0,2240472.0,2021-08-03,95200.0,EXIT_MA,4950.400000000001,229777.6000000001,10.25576753469805,10.697674418604652,47,67,2021-08-02
percentile,035720.KS,2021-06-15,144500.0,94.73684210526315,2021-06-16,144000.0,143.0,172.0,True,133920.0,41184.0,20633184.0,2021-08-03,146000.0,EXIT_MA,41756.0,203060.0,0.9841428254601906,1.388888888888884,34,48,2021-08-02
percentile,028670.KS,2021-06-16,7430.0,87.13450292397661,2021-06-17,7540.0,11.0,3405.0,True,7012.2,165.88,83105.88,2021-08-03,7290.0,EXIT_MA,160.38,-3076.2600000000093,-3.7016153369653373,-3.3156498673740042,33,47,2021-08-02
percentile,103590.KS,2021-06-02,4964.375488,85.96491228070175,2021-06-03,5011.655273,1.0,4992.0,True,4660.83940389,10.023310546000001,5021.6785835460005,2021-08-10,5616.836426,EXIT_MA,11.233672852,583.924169601999,11.628067385978886,12.075474469690239,48,68,2021-08-09
percentile,064350.KS,2021-08-06,26600.0,80.23255813953489,2021-08-09,27000.0,857.0,857.0,False,25110.0,46278.0,23185278.0,2021-08-11,24800.0,STOP,42507.200000000004,-1974185.1999999993,-8.514822207436975,-8.148148148148149,3,2,
percentile,081660.KS,2021-08-04,55600.0,70.34883720930233,2021-08-05,55600.0,410.0,410.0,False,51708.0,45592.0,22841592.0,2021-08-17,51708.0,STOP,42400.56,-1683712.5599999987,-7.371257485029934,-6.999999999999995,8,12,
percentile,011790.KS,2021-06-17,145000.0,85.38011695906432,2021-06-18,145000.0,159.0,172.0,True,134850.0,46110.0,23101110.0,2021-08-18,152500.0,EXIT_MA,48495.0,1097895.0,4.752563837841558,5.1724137931034475,42,61,2021-08-17
percentile,047050.KS,2021-06-25,23750.0,73.68421052631578,2021-06-28,23950.0,593.0,1059.0,True,22273.5,28404.7,14230754.7,2021-08-18,22550.0,EXIT_MA,26744.3,-885349.0,-6.221377703882423,-5.845511482254695,36,51,2021-08-17
percentile,000720.KS,2021-08-31,55500.0,76.16279069767442,2021-09-01,54200.0,399.0,399.0,False,50406.0,43251.6,21669051.6,2021-09-02,54000.0,EXIT_MA,43092.0,-166143.6000000015,-0.7667322182203926,-0.36900369003689537,1,1,2021-09-01
percentile,006400.KS,2021-08-05,771000.0,81.97674418604652,2021-08-06,775000.0,29.0,29.0,False,720750.0,44950.0,22519950.0,2021-09-03,757000.0,EXIT_MA,43906.0,-610856.0,-2.712510462945078,-2.3225806451612874,19,28,2021-09-02
percentile,000150.KS,2021-09-01,100000.0,94.18604651162791,2021-09-02,100000.0,223.0,223.0,False,93000.0,44600.0,22344600.0,2021-09-03,95700.0,EXIT_MA,42682.200000000004,-1046182.1999999993,-4.682035928143709,-4.300000000000004,1,1,2021-09-02
percentile,004020.KS,2021-09-07,53200.0,83.72093023255815,2021-09-08,53400.0,430.0,430.0,False,49662.0,45924.0,23007924.0,2021-09-23,49662.0,STOP,42709.32,-1695973.3200000003,-7.3712574850299415,-6.999999999999995,9,15,
percentile,005490.KS,2021-09-07,360500.0,78.48837209302324,2021-09-08,359000.0,63.0,63.0,False,333870.0,45234.0,22662234.0,2021-09-28,344500.0,EXIT_MA,43407.0,-1002141.0,-4.422075069915878,-4.038997214484674,11,20,2021-09-27
percentile,006360.KS,2021-08-31,44750.0,70.34883720930233,2021-09-01,44550.0,495.0,495.0,False,41431.5,44104.5,22096354.5,2021-09-29,42200.0,EXIT_MA,41778.0,-1249132.5,-5.653115766222886,-5.274971941638606,17,28,2021-09-28
percentile,016360.KS,2021-09-02,50300.0,72.67441860465115,2021-09-03,50500.0,441.0,441.0,False,46965.0,44541.0,22315041.0,2021-09-29,46965.0,STOP,41423.13,-1644899.129999999,-7.371257485029934,-6.999999999999995,16,26,
percentile,005070.KS,2021-04-07,20299.80273,77.05882352941177,2021-04-08,20349.07422,1.0,938.0,True,18924.639024599997,40.69814844,20389.772368439997,2021-10-07,44048.60156,EXIT_MA,88.09720312,23570.731988440006,115.60076082518513,116.4648921310977,123,182,2021-10-06
percentile,002380.KS,2021-09-01,385000.0,95.34883720930233,2021-09-02,386500.0,57.0,57.0,False,359445.0,44061.0,22074561.0,2021-10-07,376500.0,EXIT_MA,42921.0,-656982.0,-2.976195087186558,-2.587322121604141,21,35,2021-10-06
percentile,267260.KS,2021-09-07,26450.0,90.11627906976744,2021-09-08,26500.0,865.0,865.0,False,24645.0,45845.0,22968345.0,2021-10-08,24645.0,STOP,42635.85,-1693055.8500000015,-7.371257485029947,-6.999999999999995,19,30,
percentile,120110.KS,2021-09-07,90000.0,95.34883720930233,2021-09-08,90700.0,254.0,254.0,False,84351.0,46075.6,23083875.6,2021-10-28,89800.0,EXIT_MA,45618.4,-320294.0,-1.3875226393959599,-0.9922822491730932,31,50,2021-10-27
percentile,175330.KS,2021-09-14,8410.0,84.88372093023256,2021-09-15,8320.0,179.0,2751.0,True,7737.599999999999,2978.56,1492258.56,2021-11-08,8400.0,EXIT_MA,3007.2000000000003,8334.23999999999,0.5584983878397045,0.9615384615384581,33,54,2021-11-05
percentile,138040.KS,2021-08-31,28750.0,98.83720930232558,2021-09-01,28800.0,771.0,771.0,False,26784.0,44409.6,22249209.6,2021-11-18,34300.0,EXIT_MA,52890.6,4143199.799999997,18.621784209359046,19.097222222222232,51,78,2021-11-17
percentile,093370.KS,2021-09-07,18700.0,94.18604651162791,2021-09-08,18500.0,1223.0,1223.0,False,17205.0,45251.0,22670751.0,2021-12-08,22100.0,EXIT_MA,54056.6,4303492.3999999985,18.98257538976101,19.45945945945946,60,91,2021-12-07
percentile,003670.KS,2023-03-07,260500.0,99.45945945945947,2023-03-08,259000.0,84.0,84.0,False,240869.99999999997,43512.0,21799512.0,2023-03-09,240869.99999999997,STOP,40466.159999999996,-1606898.1600000039,-7.371257485029958,-7.000000000000006,2,1,
percentile,006400.KS,2023-03-06,781000.0,96.21621621621622,2023-03-07,779000.0,28.0,28.0,False,724470.0,43624.0,21855624.0,2023-03-10,722000.0,STOP,40432.0,-1680056.0,-7.6870648946010425,-7.317073170731703,4,3,
percentile,112610.KS,2023-03-07,76300.0,87.02702702702703,2023-03-08,75000.0,289.0,289.0,False,69750.0,43350.0,21718350.0,2023-03-13,69750.0,STOP,40315.5,-1600915.5,-7.371257485029941,-6.999999999999995,4,5,
percentile,005070.KS,2023-03-06,97557.30469,100.0,2023-03-07,94601.02344,224.0,224.0,False,87978.9517992,42381.25850112,21233010.50906112,2023-03-14,87978.9517992,STOP,39414.5704060416,-1565139.8764463626,-7.371257485029944,-6.999999999999995,6,7,
percentile,051910.KS,2023-03-07,740000.0,88.64864864864866,2023-03-08,727000.0,29.0,29.0,False,676110.0,42166.0,21125166.0,2023-03-21,676110.0,STOP,39214.38,-1557190.379999999,-7.371257485029934,-6.999999999999995,10,13,
percentile,012450.KS,2023-03-06,107077.8359,99.45945945945947,2023-03-07,107077.8359,204.0,204.0,False,99582.387387,43687.7570472,21887566.2806472,2023-03-22,99582.387387,STOP,40629.614053895995,-1613388.8677530997,-7.371257485029957,-7.000000000000006,12,15,
percentile,005490.KS,2023-03-31,368000.0,95.67567567567568,2023-04-03,385000.0,58.0,58.0,False,358050.0,44660.0,22374660.0,2023-04-05,358050.0,STOP,41533.8,-1649293.8000000007,-7.371257485029943,-6.999999999999995,3,2,
percentile,028050.KS,2023-03-31,31700.0,95.13513513513514,2023-04-03,31900.0,678.0,678.0,False,29666.999999999996,43256.4,21671456.4,2023-04-07,29666.999999999996,STOP,40228.45199999999,-1597458.8520000018,-7.371257485029949,-7.000000000000006,5,4,
percentile,009150.KS,2023-04-05,157800.0,75.67567567567568,2023-04-06,157000.0,131.0,138.0,True,146010.0,41134.0,20608134.0,2023-04-19,147800.0,EXIT_MA,38723.6,-1285057.6000000015,-6.235681503235575,-5.859872611464967,9,13,2023-04-18
percentile,001040.KS,2023-03-31,104300.0,91.8918918918919,2023-04-03,104300.0,206.0,206.0,False,96999.0,42971.6,21528771.6,2023-04-24,96999.0,STOP,39963.588,-1586941.188000001,-7.371257485029944,-6.999999999999995,16,21,
percentile,042660.KS,2023-04-19,25812.44727,91.8918918918919,2023-04-20,25899.35742,2.0,969.0,True,24086.4024006,103.59742968,51902.31226968,2023-04-25,24086.4024006,STOP,96.3456096024,-3825.8530780824003,-7.371257485029941,-7.000000000000006,4,5,
percentile,005830.KS,2023-04-18,81700.0,83.78378378378379,2023-04-19,80800.0,238.0,303.0,True,75144.0,38460.8,19268860.8,2023-05-15,75144.0,STOP,35768.544,-1420357.3440000005,-7.371257485029943,-6.999999999999995,17,26,
percentile,006260.KS,2023-03-28,80700.0,92.43243243243244,2023-03-29,80300.0,262.0,262.0,False,74679.0,42077.200000000004,21080677.2,2023-05-22,82400.0,EXIT_MA,43177.6,464945.19999999925,2.205551537025572,2.6151930261519407,36,54,2023-05-19
percentile,103140.KS,2023-04-12,40400.0,91.35135135135135,2023-04-13,40600.0,1.0,548.0,True,37758.0,81.2,40681.2,2023-05-26,39500.0,EXIT_MA,79.0,-1260.199999999997,-3.097745395907685,-2.7093596059113323,29,43,2023-05-25
percentile,281820.KS,2023-05-19,19640.0,75.67567567567568,2023-05-22,19690.0,719.0,1147.0,True,18311.699999999997,28314.22,14185424.22,2023-05-26,19360.0,EXIT_MA,27839.68,-293423.9000000004,-2.0684887208822604,-1.6759776536312887,4,4,2023-05-25
percentile,022100.KS,2023-03-31,9500.0,96.21621621621622,2023-04-03,9950.0,2264.0,2264.0,False,9253.5,45053.6,22571853.6,2023-06-01,11500.0,EXIT_MA,52072.0,3412074.3999999985,15.116500667007685,15.57788944723617,40,59,2023-05-31
percentile,138040.KS,2023-04-11,44300.0,94.5945945945946,2023-04-12,44300.0,454.0,501.0,True,41199.0,40224.4,20152424.4,2023-06-13,44100.0,EXIT_MA,40042.8,-171067.19999999925,-0.8488666008840071,-0.4514672686230292,40,62,2023-06-12
percentile,373220.KS,2023-05-31,599000.0,86.48648648648648,2023-06-01,595000.0,40.0,40.0,False,553350.0,47600.0,23847600.0,2023-06-20,561000.0,EXIT_MA,44880.0,-1452480.0,-6.0906757912745935,-5.714285714285716,12,19,2023-06-19
percentile,004370.KS,2023-03-31,379000.0,85.94594594594595,2023-04-03,372500.0,56.0,56.0,False,346425.0,41720.0,20901720.0,2023-06-21,414500.0,EXIT_MA,46424.0,2263856.0,10.830955538587254,11.275167785234895,53,79,2023-06-20
percentile,003670.KS,2023-04-03,288500.0,99.45945945945947,2023-04-04,289000.0,76.0,76.0,False,268770.0,43928.0,22007928.0,2023-06-29,351000.0,EXIT_MA,53352.0,4614720.0,20.968443735366638,21.45328719723183,58,86,2023-06-28
percentile,281820.KS,2023-07-03,22200.0,80.54054054054053,2023-07-04,22500.0,1180.0,1345.0,True,20925.0,53100.0,26603100.0,2023-07-10,20925.0,STOP,49383.0,-1960983.0,-7.371257485029941,-6.999999999999995,5,6,
percentile,005070.KS,2023-03-22,122685.7031,100.0,2023-03-23,120714.8438,170.0,170.0,False,112264.80473399999,41043.046892,20562566.492891997,2023-07-14,188216.625,EXIT_MA,63993.652500000004,11370266.104608003,55.29594814216621,55.91837679203457,77,113,2023-07-13
percentile,307950.KS,2023-07-14,159000.0,83.78378378378379,2023-07-17,157800.0,156.0,215.0,True,146754.0,49233.6,24666033.6,2023-07-19,146754.0,STOP,45787.248,-1818196.8480000012,-7.371257485029944,-6.999999999999995,3,2,
percentile,005930.KS,2023-05-26,70300.0,77.83783783783784,2023-05-30,71300.0,195.0,334.0,True,66309.0,27807.0,13931307.0,2023-07-24,70100.0,EXIT_MA,27339.0,-289146.0,-2.0755123693706556,-1.6830294530154277,38,55,2023-07-21
percentile,009420.KS,2023-07-21,23150.0,83.78378378378379,2023-07-24,23350.0,584.0,1514.0,True,21715.5,27272.8,13663672.8,2023-07-26,21715.5,STOP,25363.704,-1007184.5040000007,-7.371257485029944,-6.999999999999995,3,2,
percentile,047050.KS,2023-07-26,85100.0,98.91891891891892,2023-07-27,85100.0,148.0,430.0,True,79143.0,25189.600000000002,12619989.6,2023-07-27,79143.0,STOP,23426.328,-930251.9279999994,-7.371257485029934,-6.999999999999995,1,0,
percentile,241560.KS,2023-03-28,42500.0,90.81081081081082,2023-03-29,42450.0,497.0,497.0,False,39478.5,42195.3,21139845.3,2023-07-28,56300.0,EXIT_MA,55962.200000000004,6785292.5,32.09717196937103,32.62661955241462,83,121,2023-07-27
percentile,012450.KS,2023-04-03,113964.5859,97.2972972972973,2023-04-04,115519.6562,12.0,194.0,True,107433.28026599999,2772.4717488,1389008.3461488,2023-07-31,130403.9141,EXIT_MA,3129.6939383999998,172708.92911279993,12.433973459674098,12.884610627849158,80,118,2023-07-28
percentile,000660.KS,2023-07-27,124000.0,84.32432432432432,2023-07-28,126200.0,42.0,277.0,True,117365.99999999999,10600.800000000001,5311000.8,2023-08-03,117365.99999999999,STOP,9858.743999999999,-391487.5440000007,-7.371257485029953,-7.000000000000006,5,6,
percentile,009420.KS,2023-08-03,24750.0,87.02702702702703,2023-08-04,25300.0,194.0,1407.0,True,23529.0,9816.4,4918016.4,2023-08-07,23529.0,STOP,9129.252,-362519.6520000007,-7.371257485029954,-6.999999999999995,2,3,
percentile,267270.KS,2023-06-19,76280.03906,92.97297297297298,2023-06-20,78369.90625,285.0,355.0,True,72884.01281249999,44670.8465625,22380094.1278125,2023-08-08,79310.34375,EXIT_MA,45206.8959375,178146.9450000003,0.7960062365359359,1.1999982455000113,35,49,2023-08-07
percentile,103590.KS,2023-06-13,8633.286133,96.75675675675676,2023-06-14,8567.09375,2328.0,3088.0,True,7967.3971875,39888.3885,19984082.6385,2023-08-09,9143.907227,EXIT_MA,42574.032048912,1260359.353907086,6.306816163174594,6.732895586674292,40,56,2023-08-08
percentile,003670.KS,2023-07-19,480000.0,97.83783783783784,2023-07-20,462000.0,49.0,69.0,True,429660.0,45276.0,22683276.0,2023-08-14,429660.0,STOP,42106.68,-1672042.6799999997,-7.371257485029939,-6.999999999999995,18,25,
percentile,010140.KS,2023-07-28,8890.0,92.43243243243244,2023-07-31,8940.0,176.0,4076.0,True,8314.199999999999,3146.88,1576586.88,2023-08-17,8314.199999999999,STOP,2926.5983999999994,-116214.27840000018,-7.371257485029953,-7.000000000000018,13,17,
percentile,007660.KS,2023-05-19,10340.0,93.51351351351352,2023-05-22,10360.0,2180.0,2180.0,False,9634.8,45169.6,22629969.6,2023-08-28,32100.0,EXIT_MA,139956.0,47208074.4,208.60865142302268,209.84555984555985,67,98,2023-08-25
percentile,281820.KS,2023-09-01,23100.0,87.02702702702703,2023-09-04,23700.0,1728.0,1728.0,False,22041.0,81907.2,41035507.2,2023-09-06,22041.0,STOP,76173.696,-3024832.8960000053,-7.371257485029953,-6.999999999999995,3,2,
percentile,010120.KS,2023-06-05,13820.0,89.1891891891892,2023-06-07,13820.0,1.0,1794.0,True,12852.599999999999,27.64,13847.64,2023-09-08,18500.0,EXIT_MA,37.0,4615.360000000001,33.32957818083082,33.86396526772793,66,93,2023-09-07
percentile,005490.KS,2023-07-13,431500.0,88.10810810810811,2023-07-14,430500.0,74.0,74.0,False,400365.0,63714.0,31920714.0,2023-09-14,533000.0,EXIT_MA,78884.0,7442402.0,23.315274213477807,23.809523809523814,43,62,2023-09-13
percentile,042700.KS,2023-05-19,25950.0,99.45945945945947,2023-05-22,25950.0,868.0,868.0,False,24133.5,45049.200000000004,22569649.2,2023-09-20,49300.0,EXIT_MA,85584.8,20137166.000000004,89.22232606078788,89.98073217726397,84,121,2023-09-19
percentile,005930.KS,2023-09-01,71000.0,71.89189189189189,2023-09-04,72900.0,562.0,562.0,False,67797.0,81939.6,41051739.6,2023-09-22,68300.0,EXIT_MA,76769.2,-2743908.8000000045,-6.684025638708875,-6.310013717421126,14,18,2023-09-21
percentile,103590.KS,2023-09-15,12737.16992,97.2972972972973,2023-09-18,12737.16992,3070.0,3070.0,False,11845.5680256,78206.22330879999,39181317.8777088,2023-09-22,11845.5680256,STOP,72731.78767718401,-2888155.8267939836,-7.371257485029939,-7.000000000000006,5,4,
percentile,298040.KS,2023-06-02,88300.0,83.78378378378379,2023-06-05,88200.0,24.0,277.0,True,82026.0,4233.6,2121033.6,2023-09-26,168700.0,EXIT_MA,8097.6,1919668.7999999998,90.50628900928301,91.26984126984128,79,113,2023-09-25
percentile,009420.KS,2023-09-11,27050.0,90.81081081081082,2023-09-12,26900.0,596.0,1542.0,True,25017.0,32064.8,16064464.8,2023-09-26,25017.0,STOP,29820.264,-1184153.0640000012,-7.371257485029947,-6.999999999999995,11,14,
percentile,192820.KS,2023-07-27,103400.0,91.8918918918919,2023-07-28,102900.0,333.0,333.0,False,95697.0,68531.4,34334231.4,2023-10-05,126500.0,EXIT_MA,84249.0,7706019.6000000015,22.444130204120434,22.934888241010686,44,69,2023-10-04
percentile,307950.KS,2023-08-30,174900.0,90.81081081081082,2023-08-31,176000.0,222.0,222.0,False,163680.0,78144.0,39150144.0,2023-10-17,173300.0,EXIT_MA,76945.2,-754489.200000003,-1.9271683904917514,-1.5340909090909127,28,47,2023-10-16
percentile,138040.KS,2023-07-20,47150.0,86.48648648648648,2023-07-21,47250.0,3.0,738.0,True,43942.5,283.5,142033.5,2023-10-18,51700.0,EXIT_MA,310.2,12756.299999999988,8.981191057039352,9.417989417989414,57,89,2023-10-17
percentile,005830.KS,2023-09-15,94000.0,87.56756756756758,2023-09-18,93000.0,2.0,416.0,True,86490.0,372.0,186372.0,2023-10-23,86490.0,STOP,345.96,-13737.959999999992,-7.371257485029936,-6.999999999999995,21,35,
percentile,022100.KS,2023-06-20,14970.0,98.91891891891892,2023-06-21,14700.0,1574.0,1818.0,True,13670.999999999998,46275.6,23184075.6,2023-10-26,44000.0,EXIT_MA,138512.0,45933412.4,198.1248387578584,199.31972789115648,85,127,2023-10-25
percentile,018670.KS,2023-09-19,147400.0,80.0,2023-09-20,147400.0,258.0,258.0,False,137082.0,76058.40000000001,38105258.4,2023-11-20,145700.0,EXIT_MA,75181.2,-589839.6000000015,-1.5479217954863718,-1.1533242876526462,38,61,2023-11-17
percentile,010140.KS,2023-11-22,7960.0,86.48648648648648,2023-11-23,7970.0,4509.0,4509.0,False,7412.099999999999,71873.46,36008603.46,2023-11-27,7670.0,EXIT_MA,69168.06,-1493741.5200000033,-4.148290620766006,-3.7641154328732718,2,4,2023-11-24
percentile,298040.KS,2023-11-29,212000.0,98.37837837837839,2023-11-30,212500.0,170.0,170.0,False,197625.0,72250.0,36197250.0,2023-12-05,197625.0,STOP,67192.5,-2668192.5,-7.371257485029941,-6.999999999999995,4,5,
percentile,229640.KS,2023-11-30,16800.0,97.83783783783784,2023-12-01,16640.0,2142.0,2142.0,False,15475.199999999999,71285.76,35714165.76,2023-12-05,15475.199999999999,STOP,66295.7568,-2632583.116799999,-7.371257485029938,-7.000000000000006,3,4,
percentile,071970.KS,2023-11-28,11520.0,95.67567567567568,2023-11-29,11710.0,3122.0,3122.0,False,10890.3,73117.24,36631737.24,2023-12-07,10890.3,STOP,67999.03319999999,-2700219.6732000113,-7.371257485029971,-7.000000000000006,7,8,
percentile,307950.KS,2023-11-28,184000.0,91.8918918918919,2023-11-29,183000.0,195.0,195.0,False,170190.0,71370.0,35756370.0,2023-12-07,170190.0,STOP,66374.1,-2635694.1000000015,-7.371257485029944,-6.999999999999995,7,8,
percentile,085620.KS,2023-09-08,4350.0,90.27027027027027,2023-09-11,4370.0,9451.0,9451.0,False,4064.1,82601.74,41383471.74,2023-12-08,4945.0,EXIT_MA,93470.39,5258252.869999997,12.706166614140132,13.157894736842103,59,88,2023-12-07
percentile,079550.KS,2023-12-12,133600.0,95.67567567567568,2023-12-13,131800.0,256.0,256.0,False,122573.99999999999,67481.6,33808281.6,2023-12-14,122573.99999999999,STOP,62757.88799999999,-2492095.4880000055,-7.371257485029956,-7.000000000000006,2,1,
percentile,010140.KS,2023-11-28,8160.0,87.56756756756758,2023-11-29,8220.0,4408.0,4408.0,False,7644.599999999999,72467.52,36306227.52,2023-12-18,7644.599999999999,STOP,67394.79359999999,-2676225.5136000067,-7.371257485029958,-7.000000000000006,14,19,
percentile,079550.KS,2023-12-18,138100.0,97.2972972972973,2023-12-19,140000.0,246.0,246.0,False,130199.99999999999,68880.0,34508880.0,2023-12-26,130199.99999999999,STOP,64058.399999999994,-2543738.4000000022,-7.371257485029947,-7.000000000000006,5,7,
percentile,229640.KS,2023-12-21,22400.0,99.45945945945947,2023-12-22,21950.0,2.0,1545.0,True,20413.5,87.8,43987.8,2023-12-27,20413.5,STOP,81.654,-3242.454000000005,-7.371257485029951,-6.999999999999995,3,5,
percentile,016360.KS,2023-12-14,40100.0,70.8108108108108,2023-12-15,40200.0,852.0,852.0,False,37386.0,68500.8,34318900.8,2023-12-28,38100.0,EXIT_MA,64922.4,-1922623.1999999955,-5.602228379062757,-5.223880597014929,8,13,2023-12-27
percentile,022100.KS,2023-12-26,71400.0,100.0,2023-12-27,72600.0,439.0,479.0,True,67518.0,63742.8,31935142.8,2024-01-03,67518.0,STOP,59280.804000000004,-2354021.604000002,-7.371257485029947,-6.999999999999995,4,7,
percentile,009420.KS,2023-12-27,44300.0,97.83783783783784,2023-12-28,44000.0,736.0,765.0,True,40920.0,64768.0,32448768.0,2024-01-04,40920.0,STOP,60234.24,-2391882.2399999984,-7.371257485029934,-6.999999999999995,4,7,
percentile,272210.KS,2024-01-03,19350.0,94.5945945945946,2024-01-04,19110.0,1545.0,1749.0,True,17772.3,59049.9,29583999.9,2024-01-05,17772.3,STOP,54916.407,-2180712.807,-7.371257485029941,-7.000000000000006,2,1,
percentile,402340.KS,2023-11-28,50200.0,83.24324324324324,2023-11-29,50300.0,716.0,716.0,False,46779.0,72029.6,36086829.6,2024-01-09,49350.0,EXIT_MA,70669.2,-822898.8000000045,-2.2803299960714876,-1.88866799204771,26,41,2024-01-08
percentile,175330.KS,2023-12-28,11390.0,78.91891891891892,2024-01-02,11250.0,1.0,3045.0,True,10462.5,22.5,11272.5,2024-01-09,10740.0,EXIT_MA,21.48,-553.9799999999996,-4.914437791084493,-4.533333333333333,5,7,2024-01-08
percentile,028260.KS,2023-12-14,134000.0,81.62162162162161,2023-12-15,132700.0,255.0,255.0,False,123410.99999999999,67677.0,33906177.0,2024-01-10,123410.99999999999,STOP,62939.60999999999,-2499311.610000003,-7.37125748502995,-7.000000000000006,16,26,
percentile,000660.KS,2023-12-14,136700.0,90.81081081081082,2023-12-15,137000.0,250.0,250.0,False,127409.99999999999,68500.0,34318500.0,2024-01-17,133800.0,EXIT_MA,66900.0,-935400.0,-2.7256436033043405,-2.335766423357666,20,33,2024-01-16
percentile,000270.KS,2023-12-20,95000.0,82.70270270270271,2023-12-21,94300.0,30.0,364.0,True,87699.0,5658.0,2834658.0,2024-01-17,87699.0,STOP,5261.9400000000005,-208949.93999999994,-7.371257485029938,-6.999999999999995,17,27,
percentile,018260.KS,2023-11-29,166200.0,88.10810810810811,2023-11-30,166100.0,217.0,217.0,False,154473.0,72087.40000000001,36115787.4,2024-01-24,154473.0,STOP,67041.282,-2662187.682,-7.371257485029941,-6.999999999999995,37,55,
percentile,161890.KS,2023-12-14,54300.0,80.54054054054053,2023-12-15,54100.0,629.0,629.0,False,50313.0,68057.8,34096957.8,2024-01-30,51000.0,EXIT_MA,64158.0,-2082115.799999997,-6.1064562188008376,-5.7301293900184795,29,46,2024-01-29
percentile,028260.KS,2024-02-01,148700.0,90.27027027027027,2024-02-02,152900.0,224.0,224.0,False,142197.0,68499.2,34318099.2,2024-02-02,142197.0,STOP,63704.256,-2529675.456000004,-7.371257485029951,-6.999999999999995,1,0,
percentile,175330.KS,2024-02-01,12580.0,87.56756756756758,2024-02-02,12460.0,2651.0,2651.0,False,11587.8,66062.92,33097522.92,2024-02-05,11587.8,STOP,61438.5156,-2439703.6356000043,-7.371257485029953,-7.000000000000006,2,3,
percentile,139130.KS,2024-02-01,9800.0,88.64864864864866,2024-02-02,9820.0,3404.0,3404.0,False,9132.599999999999,66854.56,33494134.56,2024-02-14,9132.599999999999,STOP,62174.74079999999,-2468938.9008000046,-7.371257485029954,-7.000000000000018,7,12,
percentile,180640.KS,2023-12-12,56900.0,89.1891891891892,2023-12-13,56900.0,601.0,601.0,False,52917.0,68393.8,34265293.8,2024-02-15,70900.0,EXIT_MA,85221.8,8260384.400000006,24.107145989216665,24.604569420035148,41,64,2024-02-14
percentile,086790.KS,2024-02-19,58900.0,88.64864864864866,2024-02-20,59500.0,1.0,595.0,True,55334.99999999999,119.0,59619.0,2024-02-20,55334.99999999999,STOP,110.66999999999999,-4394.6700000000055,-7.37125748502995,-7.000000000000018,1,0,
percentile,281820.KS,2024-02-14,35300.0,97.2972972972973,2024-02-15,35300.0,950.0,950.0,False,32829.0,67070.0,33602070.0,2024-02-22,32829.0,STOP,62375.1,-2476895.1000000015,-7.371257485029944,-6.999999999999995,6,7,
percentile,000120.KS,2023-12-20,125300.0,93.51351351351352,2023-12-21,124300.0,276.0,276.0,False,115598.99999999999,68613.6,34375413.6,2024-02-23,129000.0,EXIT_MA,71208.0,1157378.3999999985,3.366878471536408,3.7811745776347605,41,64,2024-02-22
percentile,088350.KS,2024-02-01,3355.0,84.32432432432432,2024-02-02,3470.0,6883.0,9943.0,True,3227.1,47768.020000000004,23931778.02,2024-02-26,3227.1,STOP,44424.2586,-1764072.978599999,-7.371257485029936,-7.000000000000006,15,24,
percentile,105560.KS,2024-02-02,66300.0,82.70270270270271,2024-02-05,65000.0,488.0,511.0,True,60449.99999999999,63440.0,31783440.0,2024-02-26,60449.99999999999,STOP,58999.2,-2342839.200000003,-7.37125748502995,-7.000000000000006,14,21,
percentile,032830.KS,2024-02-22,92100.0,84.86486486486487,2024-02-23,94500.0,316.0,375.0,True,87885.0,59724.0,29921724.0,2024-02-26,87885.0,STOP,55543.32,-2205607.3200000003,-7.3712574850299415,-6.999999999999995,2,3,
percentile,000660.KS,2024-02-22,156500.0,88.10810810810811,2024-02-23,166900.0,220.0,220.0,False,155217.0,73436.0,36791436.0,2024-02-27,155217.0,STOP,68295.48,-2711991.4799999967,-7.371257485029931,-6.999999999999995,3,4,
percentile,272210.KS,2024-02-27,17160.0,74.5945945945946,2024-02-28,17230.0,756.0,1970.0,True,16023.9,26051.760000000002,13051931.76,2024-03-04,16660.0,EXIT_MA,25189.920000000002,-482161.6799999997,-3.69417867688882,-3.3081834010446842,2,5,2024-02-29
percentile,073240.KS,2024-02-07,6480.0,95.13513513513514,2024-02-08,6490.0,1.0,5236.0,True,6035.7,12.98,6502.98,2024-03-12,6035.7,STOP,12.0714,-479.35139999999956,-7.3712574850299335,-7.000000000000006,21,33,
percentile,000270.KS,2024-02-29,124500.0,93.51351351351352,2024-03-04,124500.0,100.0,274.0,True,115784.99999999999,24900.0,12474900.0,2024-03-20,115784.99999999999,STOP,23156.999999999996,-919557.0000000019,-7.371257485029956,-7.000000000000006,13,16,
percentile,024110.KS,2024-02-05,13630.0,82.70270270270271,2024-02-06,13580.0,2253.0,2431.0,True,12629.4,61191.48,30656931.48,2024-04-01,13500.0,EXIT_MA,60831.0,-302262.48000000045,-0.9859515137618738,-0.589101620029453,36,55,2024-03-29
percentile,071050.KS,2024-02-14,67200.0,72.97297297297297,2024-02-15,67800.0,499.0,499.0,False,63053.99999999999,67664.4,33899864.4,2024-04-01,67400.0,EXIT_MA,67265.2,-334529.6000000015,-0.9868169266187433,-0.5899705014749235,31,46,2024-03-29
percentile,138930.KS,2024-03-14,8340.0,70.8108108108108,2024-03-15,8250.0,1.0,4352.0,True,7672.499999999999,16.5,8266.5,2024-04-02,7672.499999999999,STOP,15.344999999999999,-609.3450000000012,-7.371257485029954,-7.000000000000006,13,18,
percentile,175330.KS,2024-02-27,13610.0,92.43243243243244,2024-02-28,12960.0,2484.0,2484.0,False,12052.8,64385.28,32257025.28,2024-04-03,12380.0,EXIT_MA,61503.840000000004,-1566609.120000001,-4.856644735220919,-4.475308641975307,24,35,2024-04-02
percentile,001040.KS,2024-03-29,129800.0,91.35135135135135,2024-04-01,128300.0,289.0,289.0,False,119318.99999999999,74157.40000000001,37152857.4,2024-04-03,119318.99999999999,STOP,68966.38199999998,-2738632.7820000052,-7.371257485029954,-7.000000000000006,3,2,
percentile,028260.KS,2024-02-15,158600.0,89.1891891891892,2024-02-16,157300.0,38.0,210.0,True,146289.0,11954.800000000001,5989354.8,2024-04-04,152000.0,EXIT_MA,11552.0,-224906.7999999998,-3.755108981020791,-3.3693579148124653,33,48,2024-04-03
percentile,103590.KS,2024-04-04,23200.0,98.37837837837839,2024-04-05,23500.0,1404.0,1656.0,True,21855.0,65988.0,33059988.0,2024-04-05,21855.0,STOP,61368.840000000004,-2436936.84,-7.371257485029941,-6.999999999999995,1,0,
percentile,281820.KS,2024-02-27,39200.0,97.83783783783784,2024-02-28,39000.0,862.0,862.0,False,36270.0,67236.0,33685236.0,2024-04-11,36800.0,EXIT_MA,63443.200000000004,-2027079.1999999993,-6.0177081733967945,-5.641025641025643,29,43,2024-04-09
percentile,138040.KS,2024-02-01,70000.0,93.51351351351352,2024-02-02,69400.0,476.0,476.0,False,64541.99999999999,66068.8,33100468.8,2024-04-15,76800.0,EXIT_MA,73113.6,3383217.5999999978,10.221056446185433,10.662824207492804,47,73,2024-04-12
percentile,005930.KS,2024-03-29,82400.0,72.97297297297297,2024-04-01,83200.0,321.0,455.0,True,77376.0,53414.4,26760614.4,2024-04-19,77376.0,STOP,49675.392,-1972593.7919999994,-7.371257485029939,-6.999999999999995,14,18,
percentile,298040.KS,2024-04-04,307000.0,98.91891891891892,2024-04-05,302000.0,125.0,125.0,False,280860.0,75500.0,37825500.0,2024-04-22,280860.0,STOP,70215.0,-2788215.0,-7.371257485029941,-6.999999999999995,11,17,
percentile,000500.KS,2024-04-29,27444.44531,98.37837837837839,2024-04-30,27944.44531,1417.0,1417.0,False,25988.334138299997,79194.55800854,39676473.56227854,2024-05-03,25988.334138299997,STOP,73650.9389479422,-2924655.027255386,-7.37125748502995,-7.000000000000006,3,3,
percentile,402340.KS,2024-02-01,53600.0,88.10810810810811,2024-02-02,54500.0,622.0,622.0,False,50685.0,67798.0,33966798.0,2024-05-07,76300.0,EXIT_MA,94917.2,13396884.799999997,39.44111776447105,39.99999999999999,61,95,2024-05-03
percentile,272210.KS,2024-04-29,20350.0,85.4054054054054,2024-04-30,20150.0,1911.0,1911.0,False,18739.5,77013.3,38583663.3,2024-05-09,18739.5,STOP,71622.369,-2844101.1689999998,-7.371257485029941,-6.999999999999995,6,9,
percentile,012450.KS,2024-02-26,184609.2969,94.5945945945946,2024-02-27,185608.9844,185.0,185.0,False,172616.35549199997,68675.324228,34406337.438228,2024-05-20,230483.9219,EXIT_MA,85279.051103,8147909.062168993,23.681419380361188,24.177136492106154,54,83,2024-05-17
percentile,103140.KS,2024-05-02,72700.0,94.5945945945946,2024-05-03,73000.0,31.0,531.0,True,67890.0,4526.0,2267526.0,2024-05-23,66600.0,STOP,4129.2,-207055.19999999995,-9.13132638831925,-8.76712328767123,13,20,
percentile,021240.KS,2024-05-07,59300.0,70.8108108108108,2024-05-08,59000.0,665.0,665.0,False,54869.99999999999,78470.0,39313470.0,2024-05-27,56700.0,EXIT_MA,75411.0,-1683381.0,-4.28194458540546,-3.898305084745768,12,19,2024-05-24
percentile,071050.KS,2024-05-08,69100.0,73.51351351351352,2024-05-09,69100.0,101.0,575.0,True,64262.99999999999,13958.2,6993058.2,2024-05-28,66500.0,EXIT_MA,13433.0,-289991.2000000002,-4.146843794321634,-3.76266280752533,12,19,2024-05-27
percentile,007660.KS,2024-05-21,53000.0,96.21621621621622,2024-05-22,53000.0,2.0,764.0,True,49290.0,212.0,106212.0,2024-05-28,49290.0,STOP,197.16,-7829.1600000000035,-7.371257485029943,-6.999999999999995,5,6,
percentile,047810.KS,2024-05-28,58600.0,70.8108108108108,2024-05-29,58100.0,5.0,732.0,True,54033.0,581.0,291081.0,2024-05-30,54033.0,STOP,540.33,-21456.330000000016,-7.371257485029946,-6.999999999999995,2,1,
percentile,000500.KS,2024-05-09,31611.11133,98.91891891891892,2024-05-10,31944.44531,1116.0,1248.0,True,29708.334138299997,71300.00193192,35721300.96789192,2024-05-31,29708.334138299997,STOP,66309.0017966856,-2633109.071345806,-7.3712574850299415,-7.000000000000006,15,21,
percentile,097950.KS,2024-05-27,371500.0,72.43243243243244,2024-05-28,372000.0,13.0,113.0,True,345960.0,9672.0,4845672.0,2024-06-04,345960.0,STOP,8994.960000000001,-357186.95999999996,-7.371257485029939,-6.999999999999995,6,7,
percentile,281820.KS,2024-06-07,43800.0,94.5945945945946,2024-06-10,44000.0,858.0,880.0,True,40920.0,75504.0,37827504.0,2024-06-11,40920.0,STOP,70218.72,-2788362.719999999,-7.371257485029938,-6.999999999999995,2,1,
percentile,073240.KS,2024-04-29,6740.0,84.86486486486487,2024-04-30,6940.0,5770.0,5770.0,False,6454.2,80087.6,40123887.6,2024-06-14,6750.0,EXIT_MA,77895.0,-1254282.6000000015,-3.126024607844833,-2.737752161383289,29,45,2024-06-13
percentile,002380.KS,2024-05-03,280500.0,75.13513513513513,2024-05-07,280000.0,135.0,135.0,False,260399.99999999997,75600.0,37875600.0,2024-06-25,284000.0,EXIT_MA,76680.0,387720.0,1.0236669518106645,1.4285714285714235,33,49,2024-06-24
percentile,298040.KS,2024-05-17,370500.0,97.2972972972973,2024-05-20,373000.0,104.0,104.0,False,346890.0,77584.0,38869584.0,2024-06-28,346890.0,STOP,72153.12,-2865177.1199999973,-7.3712574850299335,-6.999999999999995,29,39,
percentile,229640.KS,2024-04-30,30300.0,98.91891891891892,2024-05-02,30000.0,1260.0,1260.0,False,27899.999999999996,75600.0,37875600.0,2024-07-02,30900.0,EXIT_MA,77868.0,980532.0,2.588822355289421,3.0000000000000027,40,61,2024-07-01
percentile,036460.KS,2024-06-13,51800.0,95.16129032258065,2024-06-14,52200.0,771.0,771.0,False,48546.0,80492.40000000001,40326692.4,2024-07-02,48546.0,STOP,74857.932,-2972584.3320000023,-7.371257485029946,-6.999999999999995,13,18,
percentile,000100.KS,2024-07-01,83800.0,77.41935483870968,2024-07-02,83200.0,466.0,479.0,True,77376.0,77542.40000000001,38848742.4,2024-07-02,77376.0,STOP,72114.432,-2863640.8320000023,-7.371257485029946,-6.999999999999995,1,0,
percentile,021240.KS,2024-06-25,62100.0,74.19354838709677,2024-06-26,61000.0,626.0,651.0,True,56729.99999999999,76372.0,38262372.0,2024-07-05,56729.99999999999,STOP,71025.95999999999,-2820417.9600000083,-7.371257485029963,-7.000000000000018,8,9,
percentile,175330.KS,2024-07-05,15860.0,88.70967741935483,2024-07-08,15710.0,2251.0,2511.0,True,14610.3,70726.42,35433936.42,2024-07-09,14610.3,STOP,65775.57059999999,-2611926.690600004,-7.371257485029951,-7.000000000000006,2,1,
percentile,007660.KS,2024-06-28,58700.0,95.16129032258065,2024-07-01,58400.0,615.0,698.0,True,54312.0,71832.0,35987832.0,2024-07-12,54312.0,STOP,66803.76,-2652755.7600000016,-7.371257485029944,-6.999999999999995,10,11,
percentile,042700.KS,2024-03-04,95400.0,99.45945945945947,2024-03-05,96000.0,1.0,366.0,True,89280.0,192.0,96192.0,2024-07-16,159600.0,EXIT_MA,319.2,63088.79999999999,65.58632734530937,66.25000000000001,90,133,2024-07-15
percentile,281820.KS,2024-07-09,52400.0,94.08602150537635,2024-07-10,51900.0,631.0,763.0,True,48267.0,65497.8,32814397.8,2024-07-17,48267.0,STOP,60912.954,-2418833.7540000007,-7.3712574850299415,-6.999999999999995,6,7,
percentile,000660.KS,2024-06-13,222000.0,91.93548387096774,2024-06-14,225000.0,149.0,180.0,True,209250.0,67050.0,33592050.0,2024-07-18,209250.0,STOP,62356.5,-2476156.5,-7.371257485029941,-6.999999999999995,25,34,
percentile,085620.KS,2024-06-27,5350.0,74.73118279569893,2024-06-28,5370.0,2.0,7708.0,True,4994.099999999999,21.48,10761.48,2024-07-22,5170.0,EXIT_MA,20.68,-442.15999999999985,-4.10872853919721,-3.724394785847296,16,24,2024-07-19
percentile,294870.KS,2024-07-17,21700.0,93.01075268817203,2024-07-18,21550.0,1407.0,1816.0,True,20041.5,60641.700000000004,30381491.7,2024-07-22,20041.5,STOP,56396.781,-2239497.9809999987,-7.371257485029936,-6.999999999999995,3,4,
percentile,267260.KS,2024-01-05,90300.0,97.2972972972973,2024-01-08,90200.0,373.0,373.0,False,83886.0,67289.2,33711889.2,2024-07-23,298500.0,EXIT_MA,222681.0,77405929.8,229.61018096844,230.9312638580931,133,197,2024-07-22
percentile,011790.KS,2024-05-27,135600.0,88.10810810810811,2024-05-28,133700.0,309.0,309.0,False,124340.99999999999,82626.6,41395926.6,2024-07-23,148000.0,EXIT_MA,91464.0,4244609.3999999985,10.253688583939073,10.695587135377703,39,56,2024-07-22
percentile,079550.KS,2024-07-15,233500.0,95.16129032258065,2024-07-16,235500.0,1.0,171.0,True,219014.99999999997,471.0,235971.0,2024-07-25,219014.99999999997,STOP,438.03,-17394.030000000028,-7.371257485029951,-7.000000000000018,8,9,
percentile,003230.KS,2024-05-20,502000.0,98.91891891891892,2024-05-21,507000.0,7.0,81.0,True,471509.99999999994,7098.0,3556098.0,2024-08-05,545000.0,EXIT_MA,7630.0,251272.0,7.06594700146059,7.495069033530566,53,76,2024-08-02
percentile,105560.KS,2024-07-02,83200.0,88.70967741935483,2024-07-03,84300.0,481.0,481.0,False,78399.0,81096.6,40629396.6,2024-08-05,77400.0,STOP,74458.8,-3474455.3999999985,-8.551580113793761,-8.185053380782914,24,33,
percentile,000100.KS,2024-07-12,94900.0,86.55913978494624,2024-07-15,95400.0,348.0,423.0,True,88722.0,66398.4,33265598.4,2024-08-05,88100.0,STOP,61317.6,-2668116.0,-8.020646338350552,-7.65199161425576,16,21,
percentile,010140.KS,2024-07-16,10280.0,79.56989247311827,2024-07-17,10350.0,1.0,3888.0,True,9625.5,20.7,10370.7,2024-08-05,9625.5,STOP,19.251,-764.4510000000009,-7.371257485029949,-6.999999999999995,14,19,
percentile,071970.KS,2024-03-20,11530.0,90.81081081081082,2024-03-21,11620.0,992.0,3061.0,True,10806.599999999999,23054.08,11550094.08,2024-08-23,19700.0,EXIT_MA,39084.8,7953221.119999999,68.85849643226454,69.53528399311533,105,155,2024-08-22
percentile,161890.KS,2024-08-22,70500.0,87.63440860215054,2024-08-23,69900.0,278.0,528.0,True,65006.99999999999,38864.4,19471064.4,2024-08-27,65006.99999999999,STOP,36143.89199999999,-1435262.2920000032,-7.371257485029957,-7.000000000000006,3,4,
percentile,006280.KS,2024-08-21,164000.0,91.93548387096774,2024-08-22,164000.0,143.0,230.0,True,152520.0,46904.0,23498904.0,2024-09-04,152520.0,STOP,43620.72,-1732164.7199999988,-7.371257485029934,-6.999999999999995,10,13,
percentile,006360.KS,2024-08-20,20700.0,88.70967741935483,2024-08-21,20750.0,1821.0,1821.0,False,19297.5,75571.5,37861321.5,2024-09-05,19297.5,STOP,70281.495,-2790855.4949999973,-7.3712574850299335,-6.999999999999995,12,15,
percentile,103140.KS,2024-08-27,64900.0,90.86021505376344,2024-08-28,64600.0,278.0,579.0,True,60077.99999999999,35917.6,17994717.6,2024-09-09,59300.0,STOP,32970.8,-1542288.4000000022,-8.570784128337763,-8.204334365325073,9,12,
percentile,003690.KS,2024-08-19,7333.333496,74.19354838709677,2024-08-20,7375.0,5102.0,5102.0,False,6858.749999999999,75254.5,37702504.5,2024-09-11,6858.749999999999,STOP,69986.68499999998,-2779148.68500001,-7.371257485029966,-7.000000000000018,17,22,
percentile,029780.KS,2024-08-23,44850.0,82.25806451612904,2024-08-26,44800.0,1.0,842.0,True,41664.0,89.60000000000001,44889.6,2024-09-11,41664.0,STOP,83.328,-3308.928,-7.371257485029941,-6.999999999999995,13,16,
percentile,055550.KS,2024-07-02,49500.0,77.41935483870968,2024-07-03,49600.0,658.0,809.0,True,46128.0,65273.6,32702073.6,2024-09-12,53500.0,EXIT_MA,70406.0,2430520.3999999985,7.4323127937672995,7.86290322580645,50,71,2024-09-11
percentile,138930.KS,2024-07-03,8630.0,72.58064516129032,2024-07-04,8680.0,3.0,4661.0,True,8072.4,52.08,26092.08,2024-09-12,9260.0,EXIT_MA,55.56,1632.359999999997,6.256151291886261,6.682027649769595,49,70,2024-09-11
percentile,005830.KS,2024-08-19,111700.0,74.73118279569893,2024-08-20,113600.0,334.0,334.0,False,105648.0,75884.8,38018284.8,2024-09-12,109000.0,EXIT_MA,72812.0,-1685096.799999997,-4.432332518062458,-4.049295774647888,17,23,2024-09-11
percentile,294870.KS,2024-08-21,25050.0,95.6989247311828,2024-08-22,25100.0,1509.0,1509.0,False,23343.0,75751.8,37951651.8,2024-09-19,23343.0,STOP,70449.174,-2797513.9739999995,-7.371257485029939,-6.999999999999995,18,28,
percentile,016360.KS,2024-08-20,47800.0,79.56989247311827,2024-08-21,47700.0,788.0,788.0,False,44361.0,75175.2,37662775.2,2024-09-25,44361.0,STOP,69912.936,-2776220.136,-7.371257485029939,-6.999999999999995,23,35,
percentile,395400.KS,2024-08-30,5330.0,82.79569892473118,2024-09-02,5350.0,11.0,6925.0,True,4975.5,117.7,58967.7,2024-09-30,5180.0,EXIT_MA,113.96000000000001,-2101.659999999996,-3.5640867797115985,-3.1775700934579487,17,28,2024-09-27
percentile,086280.KS,2024-09-26,124500.0,84.40860215053763,2024-09-27,123300.0,282.0,282.0,False,114668.99999999999,69541.2,34840141.2,2024-10-07,114668.99999999999,STOP,64673.31599999999,-2568156.5160000063,-7.371257485029958,-7.000000000000018,5,10,
percentile,001720.KS,2024-08-19,79900.0,82.79569892473118,2024-08-20,80300.0,468.0,468.0,False,74679.0,75160.8,37655560.8,2024-10-29,80400.0,EXIT_MA,75254.40000000001,-103615.19999999553,-0.27516573329056765,0.12453300124533051,44,70,2024-10-28
percentile,011790.KS,2024-09-26,146900.0,84.94623655913979,2024-09-27,145900.0,239.0,239.0,False,135687.0,69740.2,34939840.2,2024-11-06,135687.0,STOP,64858.386,-2575505.586000003,-7.371257485029947,-6.999999999999995,26,40,
percentile,138040.KS,2024-08-16,88800.0,89.24731182795699,2024-08-19,89200.0,419.0,419.0,False,82956.0,74749.6,37449549.6,2024-12-06,101100.0,EXIT_MA,84721.8,4826628.6000000015,12.888348862812496,13.340807174887903,73,109,2024-12-05
percentile,034020.KS,2025-02-18,30300.0,92.02127659574468,2025-02-19,30900.0,1147.0,1147.0,False,28736.999999999996,70884.6,35513184.6,2025-02-20,28736.999999999996,STOP,65922.678,-2617768.2780000046,-7.371257485029953,-7.000000000000018,2,1,
percentile,010140.KS,2025-02-19,14730.0,89.8936170212766,2025-02-20,14680.0,2335.0,2335.0,False,13652.4,68555.6,34346355.6,2025-02-20,13652.4,STOP,63756.708,-2531758.308000002,-7.371257485029946,-7.000000000000006,1,0,
percentile,064350.KS,2025-02-18,89700.0,96.80851063829788,2025-02-19,89700.0,387.0,387.0,False,83421.0,69427.8,34783327.8,2025-02-25,83421.0,STOP,64567.854,-2563968.6539999954,-7.371257485029928,-6.999999999999995,5,6,
percentile,079550.KS,2025-02-18,306000.0,93.61702127659575,2025-02-19,307000.0,113.0,113.0,False,285510.0,69382.0,34760382.0,2025-02-27,285510.0,STOP,64525.26,-2562277.2600000016,-7.371257485029944,-6.999999999999995,7,8,
percentile,000150.KS,2025-02-18,359500.0,98.93617021276596,2025-02-19,360000.0,96.0,96.0,False,334800.0,69120.0,34629120.0,2025-02-28,330000.0,STOP,63360.0,-3012480.0,-8.699268130405855,-8.333333333333337,8,9,
percentile,012450.KS,2025-02-18,643000.0,98.40425531914893,2025-02-19,639000.0,54.0,54.0,False,594270.0,69012.0,34575012.0,2025-02-28,594270.0,STOP,64181.16,-2548613.16,-7.371257485029941,-6.999999999999995,8,9,
percentile,005440.KS,2025-02-21,5480.0,70.2127659574468,2025-02-24,5550.0,6313.0,6313.0,False,5161.5,70074.3,35107224.3,2025-03-12,5161.5,STOP,65169.099,-2587843.8989999965,-7.371257485029931,-6.999999999999995,12,16,
percentile,047810.KS,2025-03-17,95000.0,95.23809523809523,2025-03-18,97100.0,347.0,347.0,False,90303.0,67387.4,33761087.4,2025-03-18,90303.0,STOP,62670.282,-2488616.682,-7.371257485029941,-6.999999999999995,1,0,
percentile,272210.KS,2025-03-18,41300.0,97.88359788359789,2025-03-19,42150.0,789.0,789.0,False,39199.5,66512.7,33322862.7,2025-03-20,39199.5,STOP,61856.811,-2456314.011,-7.371257485029941,-6.999999999999995,2,1,
percentile,006040.KS,2025-03-20,37800.0,74.60317460317461,2025-03-21,37800.0,859.0,859.0,False,35154.0,64940.4,32535140.4,2025-03-28,35154.0,STOP,60394.572,-2398248.971999999,-7.371257485029938,-6.999999999999995,6,7,
percentile,012330.KS,2025-03-24,279500.0,76.19047619047619,2025-03-25,288000.0,116.0,116.0,False,267840.0,66816.0,33474816.0,2025-03-28,267840.0,STOP,62138.880000000005,-2467514.879999999,-7.371257485029938,-6.999999999999995,4,3,
percentile,006800.KS,2025-03-17,9847.907227,75.13227513227513,2025-03-18,9847.907227,3355.0,3355.0,False,9158.55372111,66079.45749317,33105808.20407817,2025-03-31,9158.55372111,STOP,61453.8954686481,-2440314.3652227707,-7.371257485029947,-6.999999999999995,10,13,
percentile,111770.KS,2025-03-19,52000.0,86.24338624338624,2025-03-20,52000.0,627.0,627.0,False,48360.0,65208.0,32669208.0,2025-03-31,48050.0,STOP,60254.700000000004,-2602112.6999999993,-7.965031475510514,-7.596153846153841,8,11,
percentile,026960.KS,2025-03-26,28900.0,89.41798941798942,2025-03-27,28900.0,1117.0,1117.0,False,26877.0,64562.6,32345862.6,2025-03-31,26877.0,STOP,60043.218,-2384296.818,-7.371257485029941,-6.999999999999995,3,4,
percentile,139480.KS,2025-02-21,78100.0,72.3404255319149,2025-02-24,77500.0,442.0,442.0,False,72075.0,68510.0,34323510.0,2025-05-15,83200.0,EXIT_MA,73548.8,2377341.200000003,6.926276479299474,7.354838709677414,54,80,2025-05-14
percentile,271560.KS,2025-03-17,113700.0,71.95767195767195,2025-03-18,113400.0,290.0,290.0,False,105462.0,65772.0,32951772.0,2025-05-21,118800.0,EXIT_MA,68904.0,1431324.0,4.343693565250451,4.761904761904767,43,64,2025-05-20
percentile,001800.KS,2025-05-08,19460.0,84.73684210526315,2025-05-09,19500.0,3.0,1628.0,True,18135.0,117.0,58617.0,2025-05-23,18135.0,STOP,108.81,-4320.809999999998,-7.371257485029936,-6.999999999999995,11,14,
percentile,000500.KS,2025-05-20,40666.66797,90.0,2025-05-21,40944.44531,837.0,837.0,False,38078.3341383,68541.00144894,34339041.72591894,2025-06-12,38078.3341383,STOP,63743.13134751421,-2531219.1835093535,-7.371257485029938,-7.000000000000006,15,22,
percentile,012450.KS,2025-06-12,953000.0,98.42931937172776,2025-06-13,944000.0,33.0,41.0,True,877919.9999999999,62304.0,31214304.0,2025-06-24,877919.9999999999,STOP,57942.719999999994,-2300886.7200000025,-7.371257485029949,-7.000000000000018,8,11,
percentile,329180.KS,2025-06-24,463500.0,93.717277486911,2025-06-25,469500.0,61.0,90.0,True,436634.99999999994,57279.0,28696779.0,2025-06-25,436634.99999999994,STOP,53269.469999999994,-2115313.4700000025,-7.371257485029949,-7.000000000000018,1,0,
percentile,402340.KS,2025-06-25,192200.0,93.19371727748691,2025-06-26,190000.0,140.0,220.0,True,176700.0,53200.0,26653200.0,2025-06-27,176700.0,STOP,49476.0,-1964676.0,-7.371257485029941,-6.999999999999995,2,1,
percentile,064350.KS,2025-06-13,186800.0,100.0,2025-06-16,193200.0,3.0,208.0,True,179676.0,1159.2,580759.2,2025-07-04,179676.0,STOP,1078.056,-42809.255999999936,-7.371257485029929,-6.999999999999995,15,18,
percentile,103590.KS,2025-06-27,37600.0,79.05759162303664,2025-06-30,38000.0,652.0,1115.0,True,35340.0,49552.0,24825552.0,2025-07-07,35300.0,STOP,46031.200000000004,-1855983.1999999993,-7.476100430717509,-7.105263157894736,6,7,
percentile,180640.KS,2025-05-07,85400.0,74.21052631578947,2025-05-08,84100.0,372.0,372.0,False,78213.0,62570.4,31347770.4,2025-07-08,119400.0,EXIT_MA,88833.6,12980196.0,41.40707882688844,41.97384066587395,41,61,2025-07-07
percentile,375500.KS,2025-05-07,44950.0,90.52631578947368,2025-05-08,45000.0,708.0,708.0,False,41850.0,63720.0,31923720.0,2025-07-22,49000.0,EXIT_MA,69384.0,2698896.0,8.454202705699712,8.888888888888879,51,75,2025-07-21
percentile,085620.KS,2025-07-09,7400.0,71.20418848167539,2025-07-10,7440.0,1.0,5909.0,True,6919.2,14.88,7454.88,2025-07-24,6919.2,STOP,13.8384,-549.5183999999999,-7.371257485029939,-7.000000000000006,11,14,
percentile,139130.KS,2025-07-08,14240.0,85.86387434554975,2025-07-09,14350.0,3003.0,3003.0,False,13345.5,86186.1,43179236.1,2025-07-28,13345.5,STOP,80153.073,-3182852.6730000004,-7.371257485029941,-6.999999999999995,14,19,
percentile,000150.KS,2025-05-14,408500.0,97.36842105263158,2025-05-15,398000.0,84.0,84.0,False,370140.0,66864.0,33498864.0,2025-07-29,540000.0,EXIT_MA,90720.0,11770416.0,35.13676165257425,35.67839195979901,51,75,2025-07-28
percentile,009830.KS,2025-07-21,37900.0,86.38743455497382,2025-07-22,38050.0,908.0,1159.0,True,35386.5,69098.8,34618498.8,2025-07-30,35386.5,STOP,64261.884,-2551818.6839999966,-7.371257485029931,-6.999999999999995,7,8,
percentile,103590.KS,2025-07-29,43800.0,86.45833333333334,2025-07-30,43500.0,3.0,1013.0,True,40455.0,261.0,130761.0,2025-08-01,40455.0,STOP,242.73000000000002,-9638.729999999996,-7.371257485029938,-6.999999999999995,3,2,
percentile,001720.KS,2025-05-07,97600.0,86.8421052631579,2025-05-08,97600.0,326.0,326.0,False,90768.0,63635.200000000004,31881235.2,2025-08-04,119600.0,EXIT_MA,77979.2,7030385.599999998,22.05179804325774,22.540983606557386,60,88,2025-08-01
percentile,005440.KS,2025-05-15,6200.0,82.10526315789474,2025-05-16,6210.0,1.0,5440.0,True,5775.299999999999,12.42,6222.42,2025-08-04,8100.0,EXIT_MA,16.2,1861.38,29.9140848737308,30.434782608695656,54,80,2025-08-01
percentile,003690.KS,2025-05-20,8850.0,71.05263157894737,2025-05-21,8850.0,5.0,3849.0,True,8230.5,88.5,44338.5,2025-08-04,10290.0,EXIT_MA,102.9,7008.5999999999985,15.807030007781044,16.271186440677976,51,75,2025-08-01
percentile,023590.KS,2025-05-26,24950.0,81.15183246073299,2025-05-27,25000.0,2.0,1465.0,True,23250.0,100.0,50100.0,2025-08-04,32850.0,EXIT_MA,131.4,15468.600000000006,30.87544910179642,31.400000000000006,47,69,2025-08-01
percentile,004800.KS,2025-07-30,87300.0,86.45833333333334,2025-07-31,88000.0,363.0,501.0,True,81840.0,63888.0,32007888.0,2025-08-04,81840.0,STOP,59415.840000000004,-2359383.84,-7.371257485029941,-6.999999999999995,3,4,
percentile,079550.KS,2025-05-08,372500.0,94.73684210526315,2025-05-09,376000.0,85.0,85.0,False,349680.0,63920.0,32023920.0,2025-08-11,498000.0,EXIT_MA,84660.0,10221420.0,31.918078736144732,32.446808510638306,64,94,2025-08-08
percentile,278470.KS,2025-08-08,230000.0,100.0,2025-08-11,238000.0,177.0,188.0,True,221339.99999999997,84252.0,42210252.0,2025-08-11,221339.99999999997,STOP,78354.35999999999,-3111426.360000007,-7.371257485029957,-7.000000000000018,1,0,
percentile,010120.KS,2025-08-05,65800.0,87.5,2025-08-06,64600.0,405.0,672.0,True,60077.99999999999,52326.0,26215326.0,2025-08-18,59500.0,STOP,48195.0,-2166021.0,-8.262422523374303,-7.8947368421052655,8,12,
percentile,034020.KS,2025-05-14,31300.0,90.52631578947368,2025-05-15,31900.0,100.0,1106.0,True,29666.999999999996,6380.0,3196380.0,2025-08-20,54300.0,EXIT_MA,10860.0,2222760.0,69.53991703114147,70.2194357366771,66,97,2025-08-19
percentile,007660.KS,2025-07-08,58800.0,82.19895287958116,2025-07-09,58200.0,423.0,727.0,True,54126.0,49237.200000000004,24667837.2,2025-08-20,54126.0,STOP,45790.596,-1818329.796,-7.371257485029941,-6.999999999999995,30,42,
percentile,329180.KS,2025-07-28,464500.0,91.66666666666666,2025-07-29,473000.0,84.0,95.0,True,439889.99999999994,79464.0,39811464.0,2025-08-20,439500.0,STOP,73836.0,-2967300.0,-7.4533807648972665,-7.082452431289643,16,22,
percentile,009540.KS,2025-08-13,379500.0,88.08290155440415,2025-08-14,377000.0,103.0,110.0,True,350610.0,77662.0,38908662.0,2025-08-20,350610.0,STOP,72225.66,-2868057.6599999964,-7.371257485029931,-6.999999999999995,4,6,
percentile,336260.KS,2025-08-14,26150.0,81.86528497409327,2025-08-18,26500.0,10.0,1608.0,True,24645.0,530.0,265530.0,2025-08-20,24645.0,STOP,492.90000000000003,-19572.899999999994,-7.371257485029938,-6.999999999999995,3,2,
percentile,015760.KS,2025-05-07,26600.0,84.21052631578947,2025-05-08,26500.0,1196.0,1196.0,False,24645.0,63388.0,31757388.0,2025-08-27,37500.0,EXIT_MA,89700.0,13002912.0,40.94452604225511,41.50943396226414,76,111,2025-08-26
percentile,001720.KS,2025-08-28,142400.0,87.04663212435233,2025-08-29,147500.0,288.0,288.0,False,137175.0,84960.0,42564960.0,2025-09-04,137175.0,STOP,79012.8,-3137572.799999997,-7.3712574850299335,-6.999999999999995,5,6,
percentile,316140.KS,2025-05-07,17830.0,75.78947368421053,2025-05-08,17680.0,1785.0,1785.0,False,16442.399999999998,63117.6,31621917.6,2025-09-05,24350.0,EXIT_MA,86929.5,11755902.899999999,37.17643897724911,37.7262443438914,83,120,2025-09-04
percentile,071970.KS,2025-08-29,92000.0,99.48186528497409,2025-09-01,91200.0,62.0,455.0,True,84816.0,11308.800000000001,5665708.8,2025-09-22,84816.0,STOP,10517.184000000001,-417633.9840000002,-7.371257485029943,-6.999999999999995,15,21,
percentile,003230.KS,2025-08-28,1597000.0,95.85492227979275,2025-08-29,1626000.0,25.0,25.0,False,1512180.0,81300.0,40731300.0,2025-09-23,1512180.0,STOP,75609.0,-3002409.0,-7.371257485029941,-6.999999999999995,17,25,
percentile,006800.KS,2025-09-09,21840.11719,94.81865284974094,2025-09-10,22535.0293,1.0,1890.0,True,20957.577248999998,45.070058599999996,22580.099358599997,2025-09-24,20957.577248999998,STOP,41.915154498,-1664.437264098,-7.3712574850299415,-7.000000000000006,10,14,
percentile,007810.KS,2025-09-22,18350.0,89.63730569948186,2025-09-23,18550.0,282.0,2359.0,True,17251.5,10462.2,5241562.2,2025-09-26,17251.5,STOP,9729.846,-386369.0460000001,-7.3712574850299415,-6.999999999999995,4,3,
percentile,034020.KS,2025-09-24,65900.0,97.92746113989638,2025-09-25,67000.0,562.0,646.0,True,62309.99999999999,75308.0,37729308.0,2025-09-26,62309.99999999999,STOP,70036.43999999999,-2781124.440000005,-7.371257485029954,-7.000000000000006,2,1,
percentile,042660.KS,2025-07-28,97600.0,94.27083333333334,2025-07-29,100100.0,452.0,452.0,False,93093.0,90490.40000000001,45335690.4,2025-09-29,105600.0,EXIT_MA,95462.40000000001,2300047.200000003,5.073369744028433,5.494505494505497,42,62,2025-09-26
percentile,007810.KS,2025-10-02,19000.0,89.11917098445595,2025-10-10,19750.0,1.0,2286.0,True,18367.5,39.5,19789.5,2025-10-13,18367.5,STOP,36.735,-1458.7350000000006,-7.371257485029943,-6.999999999999995,2,3,
percentile,001440.KS,2025-10-13,18140.0,74.61139896373057,2025-10-14,18650.0,1.0,2392.0,True,17344.5,37.300000000000004,18687.3,2025-10-14,17344.5,STOP,34.689,-1377.4889999999978,-7.371257485029928,-6.999999999999995,1,0,
percentile,111770.KS,2025-09-29,65200.0,70.98445595854922,2025-09-30,64600.0,632.0,632.0,False,60077.99999999999,81654.40000000001,40908854.4,2025-10-15,60077.99999999999,STOP,75938.59199999999,-3015496.992000006,-7.371257485029956,-7.000000000000006,7,15,
percentile,278470.KS,2025-09-29,246500.0,100.0,2025-09-30,245500.0,167.0,167.0,False,228314.99999999997,81997.0,41080497.0,2025-10-20,228314.99999999997,STOP,76257.20999999999,-3028149.2100000083,-7.37125748502996,-7.000000000000018,10,20,
percentile,034020.KS,2025-10-15,82900.0,98.44559585492227,2025-10-16,84700.0,446.0,536.0,True,78771.0,75552.40000000001,37851752.4,2025-10-22,78300.0,STOP,69843.6,-2999796.0,-7.92511788701228,-7.5560802833530065,5,6,
percentile,006800.KS,2025-10-20,25066.49805,94.84536082474226,2025-10-21,25265.04492,1503.0,1774.0,True,23496.4917756,75946.72502952,38049309.23978952,2025-10-22,23496.4917756,STOP,70630.45427745361,-2804712.5553401783,-7.371257485029951,-7.000000000000006,2,1,
percentile,064350.KS,2025-10-22,234500.0,97.9381443298969,2025-10-23,230500.0,194.0,194.0,False,214365.0,89434.0,44806434.0,2025-11-05,214365.0,STOP,83173.62,-3302797.6199999973,-7.371257485029934,-6.999999999999995,10,13,
percentile,042660.KS,2025-10-22,132400.0,96.90721649484536,2025-10-23,129300.0,195.0,345.0,True,120248.99999999999,50427.0,25263927.0,2025-11-05,120248.99999999999,STOP,46897.10999999999,-1862269.1100000031,-7.371257485029953,-7.000000000000006,10,13,
percentile,082740.KS,2025-08-05,38700.0,92.1875,2025-08-06,37200.0,1143.0,1143.0,False,34596.0,85039.2,42604639.2,2025-11-06,46600.0,EXIT_MA,106527.6,10552633.199999996,24.76874208572102,25.268817204301076,59,92,2025-11-05
percentile,007810.KS,2025-11-05,22700.0,90.20618556701031,2025-11-06,23050.0,2153.0,2153.0,False,21436.5,99253.3,49725903.3,2025-11-06,21436.5,STOP,92305.569,-3665424.3689999953,-7.371257485029931,-6.999999999999995,1,0,
percentile,009540.KS,2025-08-28,408500.0,92.2279792746114,2025-08-29,404000.0,100.0,100.0,False,375720.0,80800.0,40480800.0,2025-11-07,413000.0,EXIT_MA,82600.0,736600.0,1.8196280705914902,2.2277227722772297,44,70,2025-11-06
percentile,009970.KS,2025-11-06,156900.0,75.25773195876289,2025-11-07,164000.0,315.0,315.0,False,152520.0,103320.0,51763320.0,2025-11-07,152520.0,STOP,96087.6,-3815607.6000000015,-7.371257485029943,-6.999999999999995,1,0,
percentile,034220.KS,2025-09-25,14300.0,81.34715025906736,2025-09-26,14110.0,2.0,2933.0,True,13122.3,56.44,28276.44,2025-11-14,13270.0,EXIT_MA,53.08,-1789.5200000000004,-6.328660892248108,-5.953224663359324,30,49,2025-11-13
percentile,001720.KS,2025-11-10,155000.0,81.44329896907216,2025-11-11,156200.0,319.0,319.0,False,145266.0,99655.6,49927455.6,2025-11-18,145266.0,STOP,92679.708,-3680281.3079999983,-7.371257485029936,-6.999999999999995,6,7,
percentile,005440.KS,2025-11-12,8920.0,72.68041237113401,2025-11-13,8920.0,1.0,5643.0,True,8295.599999999999,17.84,8937.84,2025-11-18,8295.599999999999,STOP,16.591199999999997,-658.8312000000024,-7.371257485029966,-7.000000000000018,4,5,
percentile,009150.KS,2025-09-04,178400.0,75.64766839378238,2025-09-05,180200.0,232.0,232.0,False,167586.0,83612.8,41890012.8,2025-11-19,208000.0,EXIT_MA,96512.0,6269475.200000003,14.96651535995712,15.427302996670367,47,75,2025-11-18
percentile,011070.KS,2025-11-06,256000.0,80.41237113402062,2025-11-07,248500.0,193.0,193.0,False,231104.99999999997,95921.0,48056421.0,2025-11-19,231104.99999999997,STOP,89206.52999999998,-3542362.5300000086,-7.371257485029958,-7.000000000000006,9,12,
percentile,007810.KS,2025-11-17,32150.0,99.48453608247422,2025-11-18,31000.0,1.0,1523.0,True,28829.999999999996,62.0,31062.0,2025-11-19,28829.999999999996,STOP,57.66,-2289.6600000000035,-7.371257485029951,-7.000000000000006,2,1,
percentile,010140.KS,2025-10-24,24800.0,86.5979381443299,2025-10-27,25900.0,1.0,1905.0,True,24087.0,51.800000000000004,25951.8,2025-12-02,24350.0,EXIT_MA,48.7,-1650.5,-6.359867138310252,-5.984555984555984,26,36,2025-12-01
percentile,298040.KS,2025-05-08,537000.0,86.8421052631579,2025-05-09,524000.0,59.0,59.0,False,487319.99999999994,61832.0,30977832.0,2025-12-16,1910000.0,EXIT_MA,225380.0,81486788.0,263.0487117368317,264.5038167938931,148,221,2025-12-15
percentile,000240.KS,2025-11-10,27700.0,74.74226804123711,2025-11-11,27200.0,153.0,1790.0,True,25296.0,8323.2,4169923.2,2025-12-16,25296.0,STOP,7740.576,-307375.77600000007,-7.3712574850299415,-6.999999999999995,26,35,
percentile,001430.KS,2025-12-15,48950.0,93.81443298969072,2025-12-16,47000.0,936.0,936.0,False,43710.0,87984.0,44079984.0,2025-12-16,43710.0,STOP,81825.12,-3249249.1199999973,-7.3712574850299335,-6.999999999999995,1,0,
percentile,010130.KS,2025-12-15,1592000.0,90.20618556701031,2025-12-16,1699000.0,28.0,28.0,False,1580070.0,95144.0,47667144.0,2025-12-16,1580070.0,STOP,88483.92,-3513667.920000002,-7.371257485029944,-6.999999999999995,1,0,
percentile,085620.KS,2025-10-21,8400.0,72.68041237113401,2025-10-22,8490.0,2.0,5338.0,True,7895.7,33.96,17013.96,2025-12-17,8810.0,EXIT_MA,35.24,570.7999999999993,3.3548921003693395,3.769140164899887,40,56,2025-12-16
percentile,267250.KS,2025-09-05,144700.0,89.11917098445595,2025-09-08,143500.0,284.0,285.0,True,133455.0,81508.0,40835508.0,2025-12-19,191200.0,EXIT_MA,108601.6,13356690.399999999,32.70852024174647,33.2404181184669,68,102,2025-12-18
percentile,034730.KS,2025-08-28,207500.0,75.12953367875647,2025-08-29,206500.0,197.0,197.0,False,192045.0,81361.0,40761861.0,2025-12-22,253000.0,EXIT_MA,99682.0,8979457.0,22.029065355970868,22.51815980629539,75,115,2025-12-19
percentile,042660.KS,2025-12-23,123400.0,92.26804123711341,2025-12-24,130800.0,360.0,360.0,False,121643.99999999999,94176.0,47182176.0,2025-12-24,121643.99999999999,STOP,87583.68,-3477919.680000007,-7.371257485029956,-7.000000000000006,1,0,
percentile,007660.KS,2025-09-08,69100.0,95.33678756476684,2025-09-09,69200.0,1.0,594.0,True,64355.99999999999,138.4,69338.4,2025-12-26,119200.0,EXIT_MA,238.4,49623.20000000001,71.56669320318902,72.2543352601156,71,108,2025-12-24
percentile,015760.KS,2025-10-17,42700.0,86.5979381443299,2025-10-20,43900.0,1.0,1023.0,True,40827.0,87.8,43987.8,2025-12-30,47500.0,EXIT_MA,95.0,3417.199999999997,7.768517634434996,8.200455580865595,50,71,2025-12-29
percentile,069960.KS,2025-11-06,88300.0,76.28865979381443,2025-11-07,88300.0,561.0,561.0,False,82119.0,99072.6,49635372.6,2025-12-30,88500.0,EXIT_MA,99297.0,-86169.60000000149,-0.17360522443222576,0.22650056625141968,36,53,2025-12-29
percentile,322000.KS,2025-12-15,58600.0,86.5979381443299,2025-12-16,59000.0,350.0,782.0,True,54869.99999999999,41300.0,20691300.0,2025-12-30,56400.0,EXIT_MA,39480.0,-990780.0,-4.7883893230488175,-4.406779661016946,9,14,2025-12-29
percentile,042700.KS,2025-12-26,132600.0,82.4742268041237,2025-12-29,136200.0,328.0,328.0,False,126665.99999999999,89347.2,44762947.2,2026-01-02,127600.0,EXIT_MA,83705.6,-2993852.8000000045,-6.688238794071191,-6.3142437591776845,2,4,2025-12-30
percentile,071970.KS,2025-12-22,91200.0,96.90721649484536,2025-12-23,92700.0,488.0,488.0,False,86211.0,90475.2,45328075.2,2026-01-02,86211.0,STOP,84141.936,-3341249.136,-7.371257485029939,-6.999999999999995,6,10,
percentile,010060.KS,2025-12-23,121900.0,80.9278350515464,2025-12-24,119600.0,365.0,365.0,False,111227.99999999999,87308.0,43741308.0,2026-01-02,111227.99999999999,STOP,81196.43999999999,-3224284.440000005,-7.371257485029951,-7.000000000000018,5,9,
percentile,204320.KS,2026-01-02,65400.0,90.72164948453609,2026-01-05,64100.0,655.0,655.0,False,59612.99999999999,83971.0,42069471.0,2026-01-06,59612.99999999999,STOP,78093.02999999998,-3101049.0300000086,-7.371257485029961,-7.000000000000006,2,1,
percentile,353200.KS,2025-10-01,29550.0,90.67357512953367,2025-10-02,30950.0,175.0,1442.0,True,28783.499999999996,10832.5,5427082.5,2026-01-07,45500.0,EXIT_MA,15925.0,2519492.5,46.424437070930836,47.01130856219709,61,97,2026-01-06
percentile,006800.KS,2026-01-06,28491.42578,93.29896907216495,2026-01-07,28491.42578,1544.0,1544.0,False,26497.0259754,87981.52280864,44078742.92712864,2026-01-09,26497.0259754,STOP,81822.81621203519,-3249157.6373230815,-7.371257485029954,-7.000000000000006,3,2,
percentile,071970.KS,2026-01-09,100500.0,96.90721649484536,2026-01-12,101000.0,403.0,461.0,True,93930.0,81406.0,40784406.0,2026-01-14,93930.0,STOP,75707.58,-3006323.579999998,-7.371257485029936,-6.999999999999995,3,2,
percentile,353200.KS,2026-01-15,50600.0,95.36082474226805,2026-01-16,51200.0,35.0,956.0,True,47616.0,3584.0,1795584.0,2026-01-21,47616.0,STOP,3333.12,-132357.1200000001,-7.371257485029946,-6.999999999999995,4,5,
percentile,005380.KS,2026-01-21,549000.0,96.3917525773196,2026-01-22,586000.0,2.0,90.0,True,544980.0,2344.0,1174344.0,2026-01-22,544980.0,STOP,2179.92,-86563.91999999993,-7.3712574850299335,-6.999999999999995,1,0,
percentile,011070.KS,2025-12-03,271000.0,85.05154639175258,2025-12-04,270000.0,13.0,169.0,True,251099.99999999997,7020.0,3517020.0,2026-01-28,260000.0,EXIT_MA,6760.0,-143780.0,-4.088120056183929,-3.703703703703709,36,55,2026-01-27
percentile,353200.KS,2026-01-28,54500.0,96.3917525773196,2026-01-29,56500.0,8.0,918.0,True,52545.0,904.0,452904.0,2026-01-29,52545.0,STOP,840.72,-33384.71999999997,-7.3712574850299335,-6.999999999999995,1,0,
percentile,022100.KS,2026-01-16,42000.0,82.9896907216495,2026-01-19,41450.0,1.0,1160.0,True,38548.5,82.9,41532.9,2026-02-02,37650.0,STOP,75.3,-3958.2000000000044,-9.530275998064196,-9.167671893848006,11,14,
percentile,023590.KS,2026-01-29,53800.0,86.5979381443299,2026-01-30,52500.0,8.0,971.0,True,48825.0,840.0,420840.0,2026-02-02,48825.0,STOP,781.2,-31021.20000000001,-7.371257485029943,-6.999999999999995,2,3,
percentile,006260.KS,2025-12-29,207000.0,76.28865979381443,2025-12-30,199800.0,208.0,208.0,False,185814.0,83116.8,41641516.8,2026-02-03,205500.0,EXIT_MA,85488.0,1016995.200000003,2.442262621903348,2.8528528528528607,23,35,2026-02-02
percentile,278470.KS,2026-01-22,286000.0,96.90721649484536,2026-01-23,282000.0,5.0,172.0,True,262260.0,2820.0,1412820.0,2026-02-03,262260.0,STOP,2622.6,-104142.6000000001,-7.371257485029947,-6.999999999999995,8,11,
percentile,001440.KS,2026-02-04,33500.0,86.5979381443299,2026-02-05,34000.0,2.0,1599.0,True,31619.999999999996,136.0,68136.0,2026-02-05,31619.999999999996,STOP,126.47999999999999,-5022.4800000000105,-7.371257485029956,-7.000000000000006,1,0,
percentile,010120.KS,2026-02-03,122400.0,91.23711340206185,2026-02-04,122200.0,362.0,426.0,True,113645.99999999999,88472.8,44324872.8,2026-02-06,113645.99999999999,STOP,82279.70399999998,-3267300.504000008,-7.371257485029958,-7.000000000000018,3,2,
percentile,034020.KS,2026-01-05,83200.0,96.3917525773196,2026-01-06,86000.0,1.0,523.0,True,79980.0,172.0,86172.0,2026-03-04,79980.0,STOP,159.96,-6351.960000000006,-7.371257485029947,-6.999999999999995,38,57,
percentile,082740.KS,2026-01-12,54800.0,91.23711340206185,2026-01-13,53900.0,1.0,854.0,True,50127.0,107.8,54007.8,2026-03-04,48050.0,STOP,96.10000000000001,-6053.9000000000015,-11.20930680383204,-10.853432282003705,33,50,
percentile,120110.KS,2026-02-09,62600.0,82.4742268041237,2026-02-10,62400.0,658.0,845.0,True,58031.99999999999,82118.40000000001,41141318.4,2026-03-04,58031.99999999999,STOP,76370.112,-3032632.5120000094,-7.371257485029964,-7.000000000000006,13,22,
percentile,028260.KS,2025-12-03,245500.0,85.56701030927834,2025-12-04,241500.0,187.0,187.0,False,224594.99999999997,90321.0,45250821.0,2026-03-05,294500.0,EXIT_MA,110143.0,9710536.0,21.459358715281653,21.946169772256717,58,91,2026-03-04
percentile,011210.KS,2025-12-04,67200.0,74.22680412371135,2025-12-05,66200.0,1.0,676.0,True,61565.99999999999,132.4,66332.4,2026-03-05,84800.0,EXIT_MA,169.6,18298.0,27.585312758169465,28.09667673716012,57,90,2026-03-04
percentile,307950.KS,2025-12-30,332000.0,95.87628865979381,2026-01-02,326500.0,128.0,128.0,False,303645.0,83584.0,41875584.0,2026-03-05,406500.0,EXIT_MA,104064.0,10052352.0,24.0052819323069,24.502297090352208,40,62,2026-03-04
percentile,001430.KS,2026-01-02,55900.0,97.42268041237114,2026-01-05,54600.0,766.0,766.0,False,50778.0,83647.2,41907247.2,2026-03-05,61300.0,EXIT_MA,93911.6,4954641.1999999955,11.822874397724686,12.271062271062272,39,59,2026-03-04
percentile,316140.KS,2025-12-02,29000.0,72.16494845360825,2025-12-03,28500.0,1558.0,1558.0,False,26505.0,88806.0,44491806.0,2026-03-10,33100.0,EXIT_MA,103139.6,6974854.3999999985,15.676716741954683,16.140350877192986,62,97,2026-03-09
percentile,475150.KS,2026-03-20,59900.0,95.8974358974359,2026-03-23,58600.0,955.0,955.0,False,54497.99999999999,111926.0,56074926.0,2026-03-23,54497.99999999999,STOP,104091.18,-4133427.180000007,-7.371257485029953,-7.000000000000018,1,0,
percentile,004170.KS,2025-12-02,238500.0,76.80412371134021,2025-12-03,241000.0,189.0,189.0,False,224129.99999999997,91098.0,45640098.0,2026-03-24,330500.0,EXIT_MA,124929.0,16699473.0,36.589476648363025,37.136929460580916,72,111,2026-03-23
percentile,010060.KS,2026-03-18,193600.0,89.23076923076924,2026-03-19,196900.0,283.0,283.0,False,183117.0,111445.40000000001,55834145.4,2026-03-24,183117.0,STOP,103644.22200000001,-4115678.6220000014,-7.371257485029943,-6.999999999999995,4,5,
percentile,039490.KS,2026-01-06,319000.0,88.14432989690721,2026-01-07,317000.0,9.0,137.0,True,294810.0,5706.0,2858706.0,2026-03-25,414000.0,EXIT_MA,7452.0,859842.0,30.07801431836642,30.59936908517351,51,77,2026-03-24
percentile,298040.KS,2026-01-14,2125000.0,98.4536082474227,2026-01-15,2242000.0,16.0,22.0,True,2085059.9999999998,71744.0,35943744.0,2026-03-31,2442000.0,EXIT_MA,78144.0,3050112.0,8.485793800445496,8.920606601248892,49,75,2026-03-30
percentile,402340.KS,2026-01-27,473000.0,99.48453608247422,2026-01-28,482000.0,6.0,104.0,True,448259.99999999994,5784.0,2897784.0,2026-03-31,473500.0,EXIT_MA,5682.0,-62466.0,-2.1556472118004653,-1.763485477178428,40,62,2026-03-30
percentile,005930.KS,2025-12-26,117000.0,92.78350515463917,2025-12-29,119400.0,372.0,372.0,False,111041.99999999999,88833.6,44505633.6,2026-04-01,179000.0,EXIT_MA,133176.0,21949190.4,49.317779850683884,49.91624790619766,61,93,2026-03-31
percentile,028260.KS,2026-04-08,309000.0,73.46938775510205,2026-04-09,305000.0,179.0,179.0,False,283650.0,109190.0,54704190.0,2026-04-14,297000.0,EXIT_MA,106326.0,-1647516.0,-3.011681554922941,-2.622950819672132,3,5,2026-04-13
percentile,001440.KS,2026-04-16,42100.0,90.81632653061224,2026-04-17,42100.0,1.0,1402.0,True,39153.0,84.2,42184.2,2026-04-17,39153.0,STOP,78.306,-3109.505999999994,-7.371257485029926,-6.999999999999995,1,0,
percentile,000720.KS,2026-04-08,188700.0,97.44897959183673,2026-04-09,182500.0,294.0,294.0,False,169725.0,107310.0,53762310.0,2026-04-22,169725.0,STOP,99798.3,-3962958.299999997,-7.371257485029934,-6.999999999999995,10,13,
percentile,000500.KS,2026-04-22,100000.0,93.87755102040816,2026-04-23,120833.3359,411.0,639.0,True,112375.002387,99325.00210980001,49761826.05700981,2026-04-23,112375.002387,STOP,92372.25196211401,-3668072.327914916,-7.371257485029943,-7.000000000000006,1,0,
percentile,020150.KS,2026-04-24,68100.0,89.79591836734694,2026-04-27,69500.0,1.0,953.0,True,64634.99999999999,139.0,69639.0,2026-04-27,64634.99999999999,STOP,129.26999999999998,-5133.270000000004,-7.371257485029946,-7.000000000000006,1,0,
percentile,006800.KS,2026-01-23,34547.09375,95.36082474226805,2026-01-26,33455.08984,5.0,1438.0,True,31113.2335512,334.5508984,167610.0000984,2026-05-04,66500.0,EXIT_MA,665.0,164224.9999016,97.98043064565793,98.77393938572068,65,98,2026-04-30
percentile,005440.KS,2026-04-21,15280.0,77.55102040816327,2026-04-22,14850.0,3.0,4160.0,True,13810.499999999998,89.10000000000001,44639.1,2026-05-04,14530.0,EXIT_MA,87.18,-1136.2799999999988,-2.545481427716954,-2.154882154882154,7,12,2026-04-30
percentile,020150.KS,2026-05-04,78500.0,88.26530612244898,2026-05-06,80000.0,1.0,862.0,True,74400.0,160.0,80160.0,2026-05-06,74400.0,STOP,148.8,-5908.800000000003,-7.371257485029943,-6.999999999999995,1,0,
percentile,006800.KS,2026-05-06,83800.0,95.40816326530613,2026-05-07,82800.0,1.0,828.0,True,77004.0,165.6,82965.6,2026-05-07,77004.0,STOP,154.008,-6115.608000000007,-7.371257485029949,-6.999999999999995,1,0,
percentile,006360.KS,2026-04-10,37650.0,85.71428571428571,2026-04-13,36200.0,738.0,1493.0,True,33666.0,53431.200000000004,26769031.2,2026-05-12,33666.0,STOP,49691.016,-1973214.2159999982,-7.3712574850299335,-6.999999999999995,20,29,
percentile,028050.KS,2026-05-07,64400.0,85.71428571428571,2026-05-08,62000.0,1.0,1088.0,True,57659.99999999999,124.0,62124.0,2026-05-12,57659.99999999999,STOP,115.32,-4579.320000000007,-7.371257485029951,-7.000000000000006,3,4,
percentile,007810.KS,2026-04-14,89100.0,99.48979591836735,2026-04-15,89700.0,590.0,628.0,True,83421.0,105846.0,53028846.0,2026-05-15,83421.0,STOP,98436.78,-3908892.780000001,-7.3712574850299415,-6.999999999999995,21,30,
percentile,066570.KS,2026-05-14,217000.0,85.71428571428571,2026-05-15,256000.0,1.0,324.0,True,238079.99999999997,512.0,256512.0,2026-05-15,238079.99999999997,STOP,476.15999999999997,-18908.160000000033,-7.371257485029953,-7.000000000000006,1,0,
percentile,009150.KS,2026-05-13,1029000.0,97.95918367346938,2026-05-14,1024000.0,24.0,66.0,True,952319.9999999999,49152.0,24625152.0,2026-05-18,952319.9999999999,STOP,45711.35999999999,-1815183.3600000031,-7.371257485029953,-7.000000000000006,3,4,
percentile,066570.KS,2026-05-15,240500.0,90.81632653061224,2026-05-18,249000.0,197.0,266.0,True,231569.99999999997,98106.0,49151106.0,2026-05-18,231569.99999999997,STOP,91238.57999999999,-3623054.5800000057,-7.371257485029951,-7.000000000000006,1,0,
percentile,042700.KS,2026-01-02,144500.0,82.4742268041237,2026-01-05,154900.0,239.0,296.0,True,144057.0,74042.2,37095142.2,2026-05-20,295000.0,EXIT_MA,141010.0,33268847.799999997,89.68518740440358,90.44544867656552,91,135,2026-05-19
percentile,267270.KS,2026-04-08,160900.0,80.10204081632652,2026-04-09,158400.0,345.0,345.0,False,147312.0,109296.0,54757296.0,2026-05-21,163900.0,EXIT_MA,113091.0,1675113.0,3.0591594588600577,3.472222222222232,28,42,2026-05-20
percentile,005850.KS,2026-05-22,75800.0,77.04081632653062,2026-05-26,78200.0,62.0,882.0,True,72726.0,9696.800000000001,4858096.8,2026-05-27,72726.0,STOP,9018.024,-358102.824,-7.371257485029941,-6.999999999999995,2,1,
percentile,402340.KS,2026-05-27,1276000.0,99.48979591836735,2026-05-28,1264000.0,3.0,54.0,True,1175520.0,7584.0,3799584.0,2026-05-28,1175520.0,STOP,7053.12,-280077.1200000001,-7.371257485029943,-6.999999999999995,1,0,
percentile,047040.KS,2026-03-18,14870.0,98.97435897435898,2026-03-19,14560.0,3694.0,3694.0,False,13540.8,107569.28,53892209.28,2026-05-29,26500.0,EXIT_MA,195782.0,43803008.72,81.2789256651532,82.0054945054945,48,71,2026-05-28
percentile,093370.KS,2026-04-09,11240.0,82.6530612244898,2026-04-10,10940.0,4965.0,4965.0,False,10174.199999999999,108634.2,54425734.2,2026-06-02,10370.0,EXIT_MA,102974.1,-3041658.3000000045,-5.58863990483385,-5.210237659963434,34,53,2026-06-01
percentile,001440.KS,2026-04-28,45900.0,89.79591836734694,2026-04-29,46000.0,1.0,1505.0,True,42780.0,92.0,46092.0,2026-06-02,42780.0,STOP,85.56,-3397.5599999999977,-7.371257485029934,-6.999999999999995,22,34,
percentile,011070.KS,2026-05-29,1458000.0,99.48979591836735,2026-06-01,1601000.0,51.0,51.0,False,1488930.0,163302.0,81814302.0,2026-06-02,1381000.0,STOP,140862.0,-11524164.0,-14.085757279943548,-13.741411617738908,2,1,
percentile,066570.KS,2026-05-29,293000.0,92.85714285714286,2026-06-01,375000.0,53.0,258.0,True,348750.0,39750.0,19914750.0,2026-06-02,348750.0,STOP,36967.5,-1467967.5,-7.371257485029941,-6.999999999999995,2,1,
percentile,066570.KS,2026-06-02,392500.0,95.40816326530613,2026-06-04,358000.0,60.0,171.0,True,332940.0,42960.0,21522960.0,2026-06-04,332940.0,STOP,39952.8,-1586512.8000000007,-7.371257485029943,-6.999999999999995,1,0,
percentile,034730.KS,2026-05-22,642000.0,90.3061224489796,2026-05-26,661000.0,104.0,104.0,False,614730.0,137488.0,68881488.0,2026-06-05,614730.0,STOP,127863.84,-5077431.840000004,-7.371257485029946,-6.999999999999995,8,10,
percentile,005930.KS,2026-06-01,349000.0,94.89795918367348,2026-06-02,360500.0,142.0,204.0,True,335265.0,102382.0,51293382.0,2026-06-05,333500.0,STOP,94714.0,-4031096.0,-7.858900783730735,-7.4895977808599135,3,3,
percentile,402340.KS,2026-06-02,1346000.0,99.48979591836735,2026-06-04,1347000.0,50.0,50.0,False,1252710.0,134700.0,67484700.0,2026-06-05,1252710.0,STOP,125271.0,-4974471.0,-7.371257485029941,-6.999999999999995,2,1,
percentile,010120.KS,2026-04-23,217000.0,96.93877551020408,2026-04-24,221000.0,208.0,291.0,True,205530.0,91936.0,46059936.0,2026-06-08,197600.0,STOP,82201.6,-5041337.6000000015,-10.945168486556302,-10.588235294117643,28,45,
percentile,004170.KS,2026-06-04,659000.0,90.81632653061224,2026-06-05,656000.0,30.0,99.0,True,610080.0,39360.0,19719360.0,2026-06-08,600000.0,STOP,36000.0,-1755360.0,-8.901708777566817,-8.536585365853655,2,3,
percentile,000500.KS,2026-04-30,134166.6719,95.91836734693877,2026-05-04,134166.6719,2.0,502.0,True,124775.00486699998,536.6666875999999,268870.0104876,2026-06-15,148333.3281,EXIT_MA,593.3333124000001,27203.312400000053,10.117644712649959,10.558997998071407,27,42,2026-06-12
percentile,093370.KS,2026-06-12,19010.0,93.90862944162437,2026-06-15,19010.0,3536.0,3536.0,False,17679.3,134438.72,67353798.72,2026-06-17,17679.3,STOP,125028.00959999999,-4964821.9296,-7.371257485029941,-7.000000000000006,3,2,
percentile,017670.KS,2026-04-08,89000.0,70.40816326530613,2026-04-09,93000.0,623.0,623.0,False,86490.0,115878.0,58054878.0,2026-06-18,98100.0,EXIT_MA,122232.6,2939189.3999999985,5.062777670465518,5.483870967741944,46,70,2026-06-17
percentile,204320.KS,2026-06-15,70600.0,73.09644670050761,2026-06-16,72200.0,1.0,1009.0,True,67146.0,144.4,72344.4,2026-06-19,67146.0,STOP,134.292,-5332.6919999999955,-7.371257485029934,-6.999999999999995,4,3,
percentile,281820.KS,2026-06-12,87100.0,87.30964467005076,2026-06-15,87900.0,459.0,771.0,True,81747.0,80692.2,40426792.2,2026-06-23,81747.0,STOP,75043.746,-2979962.9460000023,-7.371257485029946,-6.999999999999995,7,8,
percentile,000660.KS,2026-06-19,2764000.0,98.98477157360406,2026-06-22,2728000.0,15.0,26.0,True,2537040.0,81840.0,41001840.0,2026-06-23,2537040.0,STOP,76111.2,-3022351.200000003,-7.371257485029947,-6.999999999999995,2,1,
percentile,023530.KS,2026-06-09,181900.0,88.83248730964468,2026-06-10,180000.0,363.0,363.0,False,167400.0,130680.0,65470680.0,2026-06-24,167400.0,STOP,121532.40000000001,-4826012.3999999985,-7.371257485029938,-6.999999999999995,11,14,
percentile,402340.KS,2026-06-18,1700000.0,99.49238578680203,2026-06-19,1819000.0,44.0,44.0,False,1691670.0,160072.0,80196072.0,2026-06-24,1691670.0,STOP,148866.96,-5911458.959999993,-7.371257485029932,-6.999999999999995,4,5,
percentile,353200.KS,2026-03-18,74800.0,95.8974358974359,2026-03-19,72400.0,734.0,734.0,False,67332.0,106283.2,53247883.2,2026-06-26,133000.0,EXIT_MA,195244.0,44178872.8,82.96831750862914,83.70165745856353,67,99,2026-06-25
percentile,034730.KS,2026-06-25,858000.0,94.9238578680203,2026-06-26,868000.0,74.0,74.0,False,807240.0,128464.0,64360464.0,2026-06-26,807240.0,STOP,119471.52,-4744175.520000003,-7.371257485029946,-6.999999999999995,1,0,
percentile,483650.KS,2026-06-25,232000.0,77.15736040609137,2026-06-26,232000.0,276.0,276.0,False,215760.0,128064.0,64160064.0,2026-07-01,215760.0,STOP,119099.52,-4729403.520000003,-7.371257485029946,-6.999999999999995,4,5,
percentile,005440.KS,2026-06-25,14840.0,79.69543147208121,2026-06-26,14700.0,4327.0,4327.0,False,13670.999999999998,127213.8,63734113.8,2026-07-08,13670.999999999998,STOP,118308.83399999999,-4698005.634000003,-7.371257485029946,-7.000000000000018,9,12,
percentile,001820.KS,2026-05-20,78600.0,90.3061224489796,2026-05-21,75200.0,756.0,756.0,False,69936.0,113702.40000000001,56964902.4,2026-07-09,103200.0,EXIT_MA,156038.4,20898259.199999996,36.68620206395718,37.23404255319149,33,49,2026-07-08
percentile,009150.KS,2026-05-21,1204000.0,99.48979591836735,2026-05-22,1240000.0,52.0,52.0,False,1153200.0,128960.0,64608960.0,2026-07-09,1552000.0,EXIT_MA,161408.0,15933632.0,24.661644453029425,25.161290322580655,32,48,2026-07-08
percentile,069960.KS,2026-06-05,146500.0,79.59183673469387,2026-06-08,137300.0,435.0,435.0,False,127688.99999999999,119451.0,59844951.0,2026-07-21,136500.0,EXIT_MA,118755.0,-586206.0,-0.9795412816028539,-0.5826656955571718,30,43,2026-07-20
percentile,007340.KS,2026-08-18,62800.0,92.42424242424242,2026-08-19,61100.0,918.0,918.0,False,56822.99999999999,112179.6,56201979.6,2026-08-19,56822.99999999999,STOP,104327.02799999999,-4142792.628000006,-7.371257485029951,-7.000000000000018,1,0,
percentile,028670.KS,2026-08-24,6320.0,81.31313131313132,2026-08-25,6290.0,8955.0,8955.0,False,5849.7,112653.90000000001,56439603.9,2026-08-26,5849.7,STOP,104768.12700000001,-4160308.526999995,-7.371257485029932,-7.000000000000006,2,1,
percentile,006360.KS,2026-08-26,37800.0,89.8989898989899,2026-08-27,37350.0,1509.0,1509.0,False,34735.5,112722.3,56473872.3,2026-09-01,34735.5,STOP,104831.739,-4162834.538999997,-7.371257485029934,-6.999999999999995,4,5,
percentile,192820.KS,2026-08-28,303000.0,90.9090909090909,2026-08-31,297000.0,192.0,192.0,False,276210.0,114048.0,57138048.0,2026-09-02,276210.0,STOP,106064.64,-4211792.640000001,-7.3712574850299415,-6.999999999999995,3,2,
percentile,278470.KS,2026-08-25,440500.0,88.38383838383838,2026-08-26,444500.0,129.0,129.0,False,413385.0,114681.0,57455181.0,2026-09-03,413385.0,STOP,106653.33,-4235169.329999998,-7.371257485029938,-6.999999999999995,7,8,
percentile,181710.KS,2026-08-12,61300.0,93.90862944162437,2026-08-13,61400.0,897.0,897.0,False,57101.99999999999,110151.6,55185951.6,2026-09-09,57101.99999999999,STOP,102440.98799999998,-4067898.588000007,-7.371257485029953,-7.000000000000018,19,27,
percentile,008930.KS,2026-09-08,57700.0,90.9090909090909,2026-09-09,57200.0,965.0,965.0,False,53196.0,110396.0,55308396.0,2026-09-10,53196.0,STOP,102668.28,-4076924.280000001,-7.3712574850299415,-6.999999999999995,2,1,
percentile,000500.KS,2026-09-09,265500.0,100.0,2026-09-10,260500.0,205.0,205.0,False,242264.99999999997,106805.0,53509305.0,2026-09-10,242264.99999999997,STOP,99328.65,-3944308.650000006,-7.371257485029951,-7.000000000000006,1,0,
percentile,078930.KS,2026-08-13,107400.0,91.87817258883248,2026-08-14,107000.0,516.0,516.0,False,99510.0,110424.0,55322424.0,2026-10-01,107200.0,EXIT_MA,110630.40000000001,-117854.39999999851,-0.21303188016490116,0.18691588785046953,31,48,2026-09-30
percentile,086790.KS,2026-08-31,136300.0,79.7979797979798,2026-09-01,134100.0,389.0,427.0,True,124712.99999999999,104329.8,52269229.8,2026-10-01,130600.0,EXIT_MA,101606.8,-1567436.599999994,-2.9987750077771267,-2.6099925428784476,20,30,2026-09-30
percentile,055550.KS,2026-09-01,111100.0,80.8080808080808,2026-09-02,110500.0,473.0,521.0,True,102765.0,104533.0,52371033.0,2026-10-01,103500.0,EXIT_MA,97911.0,-3513444.0,-6.708754436827702,-6.334841628959276,19,29,2026-09-30
