date,equity_proxy,exposure_pct_proxy,n_positions_proxy,equity_percentile,exposure_pct_percentile,n_positions_percentile,benchmark_close
2016-09-26,100000000.0,0.0,0,100000000.0,0.0,0,2146.10009765625
2016-09-27,100000000.0,0.0,0,100000000.0,0.0,0,2159.929931640625
2016-09-28,100213476.86650333,30.22381687588634,4,100213476.86650333,30.22381687588634,4,2171.3701171875
2016-09-29,99906914.93679658,60.06688307708372,8,100128851.9038502,52.63641227357353,7,2151.1298828125
2016-09-30,100416393.36897877,75.60701797818835,10,100624825.06364909,68.20962323577734,9,2168.27001953125
2016-10-03,99968789.71508503,100.0,14,100198116.08158956,100.0,14,2161.199951171875
2016-10-04,99622329.39173211,100.0,14,99834177.77362032,100.0,14,2150.489990234375
2016-10-05,100714882.51630703,100.0,14,101076985.11132483,100.0,14,2159.72998046875
2016-10-06,101008083.93001997,100.0,14,101387534.81422074,100.0,14,2160.77001953125
2016-10-07,100625739.59086394,100.0,14,101065065.38737574,100.0,14,2153.739990234375
2016-10-10,101038329.69379257,100.0,14,101510313.22339746,100.0,14,2163.659912109375
2016-10-11,99498047.54895458,100.0,14,100000413.8786264,100.0,14,2136.72998046875
2016-10-12,99593472.69322026,92.92441215930539,13,100129817.82607968,98.25754154827467,13,2139.179931640625
2016-10-13,98881564.53086846,92.87347072486182,13,99340960.22924468,98.24370484301592,13,2132.550048828125
2016-10-14,98974671.34677657,100.0,14,99584139.6360295,100.0,14,2132.97998046875
2016-10-17,98361573.62971388,100.0,14,99042302.09909253,100.0,14,2126.5
2016-10-18,99016287.06986849,100.0,14,99791117.80589046,100.0,14,2139.60009765625
2016-10-19,98965103.40497227,100.0,14,99744075.30540985,100.0,14,2144.2900390625
2016-10-20,99003316.52414724,100.0,14,99828526.04021007,100.0,14,2141.340087890625
2016-10-21,98919143.24991763,100.0,14,99765594.41931532,100.0,14,2141.159912109375
2016-10-24,99884787.49855746,100.0,14,100776039.19993512,100.0,14,2151.330078125
2016-10-25,98581795.24587747,100.0,14,99571209.81360018,100.0,14,2143.159912109375
2016-10-26,98119213.65558656,100.0,14,99388860.06016481,100.0,14,2139.429931640625
2016-10-27,98140477.44333969,94.1471906546947,13,99722391.09318888,98.67330787151538,13,2133.0400390625
2016-10-28,97769025.8209982,100.0,14,99464565.03527254,100.0,14,2126.409912109375
2016-10-31,97358946.57937083,93.40461327014172,13,99010669.95781754,93.51463933557736,13,2126.14990234375
2016-11-01,96044307.8288594,100.0,14,97732251.93061829,100.0,14,2111.719970703125
2016-11-02,94398810.22992997,92.86822669616372,13,96057960.78783065,92.9914094658044,13,2097.93994140625
2016-11-03,94159600.91612986,71.29852453073072,10,95855239.34509991,71.72143147306052,10,2088.659912109375
2016-11-04,93881277.39611652,93.17494266825162,13,95599911.15570451,93.6009786123471,13,2085.179931640625
2016-11-07,95725812.58933869,100.0,14,97538104.15360329,100.0,14,2131.52001953125
2016-11-08,96151012.94257586,100.0,14,97986515.0487132,100.0,14,2139.56005859375
2016-11-09,97675840.07017425,100.0,14,99678257.19003175,100.0,14,2163.260009765625
2016-11-10,97313836.13796206,100.0,14,99525812.73191355,100.0,14,2167.47998046875
2016-11-11,97726512.79938366,100.0,14,99928465.57247904,100.0,14,2164.449951171875
2016-11-14,97770267.17737755,100.0,14,99976085.33791722,100.0,14,2164.199951171875
2016-11-15,98586920.84949513,100.0,14,100831357.29090586,100.0,14,2180.389892578125
2016-11-16,98139803.29619601,100.0,14,100292395.63221654,100.0,14,2176.93994140625
2016-11-17,98952001.11832444,100.0,14,101143259.85123079,100.0,14,2187.1201171875
2016-11-18,99256702.72849075,100.0,14,101443322.97199036,100.0,14,2181.89990234375
2016-11-21,99882823.45027697,100.0,14,102055885.13509624,100.0,14,2198.179931640625
2016-11-22,100492161.94695069,100.0,14,102653787.82314348,100.0,14,2202.93994140625
2016-11-23,101202867.71515729,100.0,14,103470420.71964596,100.0,14,2204.719970703125
2016-11-25,101649152.63137364,100.0,14,103877681.24038152,100.0,14,2213.35009765625
2016-11-28,100505446.65223926,100.0,14,102646716.14287326,100.0,14,2201.719970703125
2016-11-29,100936435.77603477,100.0,14,103024809.63250819,100.0,14,2204.659912109375
2016-11-30,100844481.40141314,100.0,14,103023879.65719926,100.0,14,2198.81005859375
2016-12-01,99899614.07493915,100.0,14,102348401.6678362,100.0,14,2191.080078125
2016-12-02,99761546.77379303,100.0,14,102133105.69374514,100.0,14,2191.949951171875
2016-12-05,101111417.99754626,100.0,14,103639950.86743098,100.0,14,2204.7099609375
2016-12-06,101799356.23337859,100.0,14,104280354.78527522,100.0,14,2212.22998046875
2016-12-07,103189566.83962978,100.0,14,105728842.46217644,100.0,14,2241.35009765625
2016-12-08,103749173.00365211,100.0,14,106291291.89404157,100.0,14,2246.18994140625
2016-12-09,103329912.44351304,100.0,14,105897760.8325805,100.0,14,2259.530029296875
2016-12-12,102842476.16948266,100.0,14,105363274.0892482,100.0,14,2256.9599609375
2016-12-13,103031725.91112106,100.0,14,105505722.39676683,100.0,14,2271.719970703125
2016-12-14,102353462.03165619,100.0,14,104614041.0813218,100.0,14,2253.280029296875
2016-12-15,103394706.01083127,100.0,14,105664835.14202678,100.0,14,2262.030029296875
2016-12-16,102324822.69803095,100.0,14,104474782.31449696,100.0,14,2258.070068359375
2016-12-19,102412030.57025203,100.0,14,104533170.77059399,100.0,14,2262.530029296875
2016-12-20,103122162.27433039,100.0,14,105284323.81507975,100.0,14,2270.760009765625
2016-12-21,102445825.26458542,100.0,14,104703821.32467702,100.0,14,2265.179931640625
2016-12-22,101637332.58278291,100.0,14,103848392.78776543,100.0,14,2260.9599609375
2016-12-23,102128449.49686816,100.0,14,104324041.60338181,100.0,14,2263.7900390625
2016-12-27,102274857.56538174,100.0,14,104475735.33225209,100.0,14,2268.8798828125
2016-12-28,100926267.96591385,100.0,14,103098549.61561085,100.0,14,2249.919921875
2016-12-29,100865481.97020802,100.0,14,103040101.69227394,100.0,14,2249.260009765625
2016-12-30,100501613.04308379,100.0,14,102698551.05871247,100.0,14,2238.830078125
2017-01-03,101072646.75614469,99.62140319771848,14,103288148.85119323,99.7881191839193,14,2257.830078125
2017-01-04,102387317.70213626,100.0,15,104622781.03027159,100.0,15,2270.75
2017-01-05,101808111.60352936,100.0,15,103901766.37247707,100.0,15,2269.0
2017-01-06,101757893.96693847,100.0,15,103880654.51482916,100.0,15,2276.97998046875
2017-01-09,100287643.05393985,100.0,16,102309532.61838374,100.0,16,2268.89990234375
2017-01-10,101271239.42615461,100.0,16,103327646.97972783,100.0,16,2268.89990234375
2017-01-11,101710912.89122114,100.0,16,103808564.04094782,100.0,16,2275.320068359375
2017-01-12,100813038.76608033,100.0,16,102906974.17559049,100.0,16,2270.43994140625
2017-01-13,101286069.88993174,100.0,16,103395342.5984626,100.0,16,2274.639892578125
2017-01-17,99969503.55570608,100.0,16,102011539.25128768,100.0,16,2267.889892578125
2017-01-18,101315949.71741727,100.0,16,103506993.6566802,100.0,16,2271.889892578125
2017-01-19,103331758.3949597,100.0,16,105484975.52582373,100.0,16,2263.68994140625
2017-01-20,103610139.22291611,100.0,16,105746125.49408144,100.0,16,2271.31005859375
2017-01-23,103780972.55385448,100.0,16,105974826.35041943,100.0,17,2265.199951171875
2017-01-24,106503326.7566014,100.0,16,108781296.42099938,100.0,17,2280.070068359375
2017-01-25,107519071.63240506,100.0,16,109791904.30906075,100.0,17,2298.3701171875
2017-01-26,108442193.47336763,100.0,16,110732396.04093823,100.0,17,2296.679931640625
2017-01-27,108019240.98252557,100.0,16,110314015.04704349,100.0,17,2294.68994140625
2017-01-30,107424544.40465948,100.0,16,109684648.66754615,100.0,17,2280.89990234375
2017-01-31,106959042.3488452,100.0,16,109171594.30493653,100.0,17,2278.8701171875
2017-02-01,107402451.1641388,100.0,16,109624829.01888074,100.0,17,2279.550048828125
2017-02-02,107061625.5205292,100.0,16,109334091.75337818,100.0,17,2280.85009765625
2017-02-03,108182801.30197662,100.0,17,110562390.53104296,100.0,18,2297.419921875
2017-02-06,109080216.23567246,100.0,17,111354749.00567204,100.0,18,2292.56005859375
2017-02-07,108931242.15940216,100.0,17,111221421.0165095,100.0,18,2293.080078125
2017-02-08,108837454.79240339,95.26914654007305,16,111647756.17852761,98.93777097174954,17,2294.669921875
2017-02-09,110212221.31505144,100.0,17,113058980.4764548,100.0,18,2307.8701171875
2017-02-10,111289344.93296693,100.0,17,114034803.93577561,100.0,18,2316.10009765625
2017-02-13,111686625.22172727,100.0,17,114323450.83993459,100.0,18,2328.25
2017-02-14,111898275.62374805,100.0,17,114465478.95138994,100.0,18,2337.580078125
2017-02-15,112345703.98032507,100.0,17,114997447.29679151,100.0,18,2349.25
2017-02-16,112320602.31989007,100.0,17,114826606.27961707,100.0,18,2347.219970703125
2017-02-17,112192573.72641289,100.0,17,114858464.44921316,100.0,18,2351.159912109375
2017-02-21,114118323.89194818,100.0,17,116737320.92174388,100.0,18,2365.3798828125
2017-02-22,113188846.35270265,100.0,17,115998973.71072797,100.0,18,2362.820068359375
2017-02-23,112405192.3530339,100.0,17,115334617.66039267,100.0,18,2363.81005859375
2017-02-24,112623484.66139346,100.0,17,115668520.55245976,100.0,18,2367.340087890625
2017-02-27,112916158.17574367,100.0,17,116100045.5212512,100.0,18,2369.75
2017-02-28,111719695.29245096,100.0,17,114834281.37854229,100.0,18,2363.639892578125
2017-03-01,114244678.0609034,100.0,17,117394371.3209686,100.0,18,2395.9599609375
2017-03-02,111133391.19735385,100.0,17,114322556.28945635,100.0,18,2381.919921875
2017-03-03,111023528.85528865,100.0,17,113979899.58444981,100.0,18,2383.1201171875
2017-03-06,110778537.95279773,100.0,17,113528172.35727382,100.0,18,2375.31005859375
2017-03-07,110286737.82088505,100.0,17,113156930.36958925,93.10064759108245,17,2368.389892578125
2017-03-08,109768450.86607017,100.0,17,112779606.61413072,100.0,18,2362.97998046875
2017-03-09,109247510.7897974,100.0,17,112450679.35983239,100.0,18,2364.8701171875
2017-03-10,110172375.75661016,100.0,17,113554748.99065669,100.0,18,2372.60009765625
2017-03-13,110611387.13190784,100.0,17,114093638.76640013,100.0,18,2373.469970703125
2017-03-14,109647439.18975857,100.0,18,113323429.51699562,100.0,19,2365.449951171875
2017-03-15,110784829.2001269,100.0,18,114361327.80609523,100.0,19,2385.260009765625
2017-03-16,110163192.69510001,100.0,18,113367863.38208093,100.0,19,2381.3798828125
2017-03-17,109725586.34155843,100.0,18,112796203.0636785,100.0,19,2378.25
2017-03-20,109949655.45267886,100.0,18,113013888.92567882,100.0,19,2373.469970703125
2017-03-21,107041733.97883973,100.0,18,109859574.68927456,100.0,19,2344.02001953125
2017-03-22,107766865.6965932,65.03955469529693,13,110347296.41690096,60.31680634927539,14,2348.449951171875
2017-03-23,107433779.299506,72.46946316679814,14,110105646.09328316,67.76120638749583,15,2345.9599609375
2017-03-24,107523990.02437419,80.02867982750391,15,110054654.2906397,75.29221079595901,16,2343.97998046875
2017-03-27,107741369.74793127,87.48175776246107,16,110321758.38933167,82.76181807345174,17,2341.590087890625
2017-03-28,108067761.38676153,100.0,18,110654437.6576033,100.0,20,2358.570068359375
2017-03-29,107568441.02291861,100.0,18,110244263.28858408,100.0,20,2361.1298828125
2017-03-30,107923392.06222373,100.0,18,110631147.3970109,100.0,20,2368.06005859375
2017-03-31,107617852.32936248,86.37100283102761,16,110304314.52061729,86.33394429455102,18,2362.719970703125
2017-04-03,106954597.18498409,100.0,18,109757080.39885147,100.0,20,2358.840087890625
2017-04-04,106487206.60405913,100.0,18,109432924.27146004,100.0,20,2360.159912109375
2017-04-05,105703826.76092333,100.0,18,108773565.85469332,100.0,20,2352.949951171875
2017-04-06,105451658.82145369,100.0,18,108416158.81282829,100.0,20,2357.489990234375
2017-04-07,104676037.09424257,91.68982528038816,17,107757432.38513172,91.75611430935757,19,2355.5400390625
2017-04-10,104124046.7772806,93.29800005372859,17,107235330.03987509,93.61809941672212,19,2357.159912109375
2017-04-11,104053371.82812464,88.26872134147789,16,107111004.99625695,92.48638518626079,18,2353.780029296875
2017-04-12,103556696.66599105,95.75119345369316,17,106483531.57225388,99.98907400630758,19,2344.929931640625
2017-04-13,103342038.70328535,87.58218866156754,16,106265744.00093976,84.21377500225219,16,2328.949951171875
2017-04-17,103713945.1084841,80.60825524560661,15,106697716.34406134,77.44133289124305,15,2349.010009765625
2017-04-18,103607145.90876445,83.91028161882444,15,106599189.69285586,82.77436491596274,15,2342.18994140625
2017-04-19,103898866.18972866,83.9554572529668,15,106896201.12182947,82.82222639689091,15,2338.169921875
2017-04-20,104717728.07569867,100.0,18,107714933.89180945,100.0,18,2355.840087890625
2017-04-21,104268206.72039682,100.0,18,107260164.40940939,100.0,18,2348.68994140625
2017-04-24,105558729.2404665,100.0,18,108596744.52134553,100.0,18,2374.14990234375
2017-04-25,106226489.66093212,100.0,18,109301216.84077369,100.0,18,2388.610107421875
2017-04-26,105611153.30926763,93.37368097800417,17,108645498.89017949,93.36946878409861,17,2387.449951171875
2017-04-27,106454004.61935706,100.0,18,109491559.93702692,100.0,18,2388.77001953125
2017-04-28,105285511.00745924,100.0,18,108295364.72339773,100.0,18,2384.199951171875
2017-05-01,106263163.75746922,100.0,18,109297083.13951378,100.0,18,2388.330078125
2017-05-02,106196251.07126234,100.0,18,109237226.4298958,100.0,18,2391.169921875
2017-05-03,106202328.94873534,100.0,18,109239485.07196039,100.0,18,2388.1298828125
2017-05-04,105791200.47525553,93.41829964944482,17,108832832.63400684,93.4431317910476,17,2389.52001953125
2017-05-05,106077494.99495168,100.0,18,109183829.07244673,100.0,18,2399.2900390625
2017-05-08,105945870.30727793,100.0,18,109045912.97231577,100.0,18,2399.3798828125
2017-05-09,107194671.51934773,100.0,18,110329418.22091557,100.0,18,2396.919921875
2017-05-10,107883412.07154052,100.0,18,111045733.07233296,100.0,18,2399.6298828125
2017-05-11,107504071.34283753,100.0,18,110660235.95019786,100.0,18,2394.43994140625
2017-05-12,107758868.9688754,100.0,18,110936120.83533373,100.0,18,2390.89990234375
2017-05-15,108723377.32704625,100.0,18,111934866.9626756,100.0,18,2402.320068359375
2017-05-16,109671631.22262631,100.0,18,112902581.93566212,100.0,18,2400.669921875
2017-05-17,106478848.63190483,100.0,18,109635934.01219517,100.0,18,2357.030029296875
2017-05-18,107482586.35891302,99.9694116786558,17,110670413.67604348,100.0,17,2365.719970703125
2017-05-19,108136771.65008798,99.96959672606937,17,111348017.66580512,100.0,17,2381.72998046875
2017-05-22,109802838.06961764,99.97005804268586,17,113059424.95285997,100.0,17,2394.02001953125
2017-05-23,109646989.76941563,99.97001548426121,17,112892849.99655001,100.0,17,2398.419921875
2017-05-24,110155166.0560249,99.97015381113602,17,113416624.76209942,100.0,17,2404.389892578125
2017-05-25,110642189.81900416,99.9702851878128,17,113913505.76927234,100.0,17,2415.070068359375
2017-05-26,111539393.40082698,99.97052420862074,17,114839848.7999413,100.0,17,2415.820068359375
2017-05-30,111785169.5157767,99.9705890154777,17,115089688.91023685,100.0,17,2412.909912109375
2017-05-31,111743196.68933535,99.970577968164,17,115058758.34681715,100.0,17,2411.800048828125
2017-06-01,112567751.55158165,99.97079348352317,17,115909709.90657553,100.0,17,2430.06005859375
2017-06-02,113371261.33645606,100.0,17,116756925.526951,100.0,17,2439.070068359375
2017-06-05,112985898.72758502,100.0,17,116365097.55038112,100.0,17,2436.10009765625
2017-06-06,112696306.95955123,100.0,17,116067282.61255334,100.0,17,2429.330078125
2017-06-07,113304551.9503053,100.0,17,116704303.65416044,100.0,17,2433.139892578125
2017-06-08,114331770.73156427,100.0,17,117748862.74378452,100.0,17,2433.7900390625
2017-06-09,110485256.63174538,100.0,17,113805884.90557745,100.0,17,2431.77001953125
2017-06-12,109662475.34986103,100.0,17,112943150.81860887,100.0,17,2429.389892578125
2017-06-13,110422650.32431087,100.0,16,113727937.20652504,100.0,16,2440.35009765625
2017-06-14,109844670.7398701,100.0,16,113125799.50617859,100.0,16,2437.919921875
2017-06-15,109702676.2771145,100.0,16,112981317.10281901,100.0,16,2432.4599609375
2017-06-16,109676494.67751785,100.0,16,112961349.6108119,100.0,16,2433.14990234375
2017-06-19,111321815.15525058,100.0,16,114645752.74226153,100.0,16,2453.4599609375
2017-06-20,110558257.8255731,100.0,16,113862883.57180107,100.0,16,2437.030029296875
2017-06-21,111000484.72325778,100.0,16,114328689.52008931,100.0,16,2435.610107421875
2017-06-22,111098061.2202468,100.0,16,114419149.81654227,100.0,16,2434.5
2017-06-23,111615494.62447497,100.0,16,114953965.12261483,100.0,16,2438.300048828125
2017-06-26,110758416.90937927,100.0,16,114078034.49147713,100.0,16,2439.070068359375
2017-06-27,108887858.71469091,100.0,16,112157938.6445593,100.0,16,2419.3798828125
2017-06-28,110030885.50476526,99.45106216484622,16,113310966.88958925,92.0098538145122,15,2440.68994140625
2017-06-29,107814467.8097086,93.12657821976596,16,110906181.11567473,92.78009668541026,15,2419.699951171875
2017-06-30,107945700.81196687,100.0,17,111003265.86599785,100.0,16,2423.409912109375
2017-07-03,107714436.08002688,100.0,17,110813621.8897177,100.0,16,2429.010009765625
2017-07-05,108132236.03089792,93.3035112366117,16,111297001.29678363,93.29958757759735,15,2432.5400390625
2017-07-06,107381950.01583457,93.25672235013256,16,110502278.4118311,93.25139878758112,15,2409.75
2017-07-07,108267986.48327936,93.31190754477743,16,111458753.77014418,93.30931142830624,15,2425.179931640625
2017-07-10,108685003.006267,100.0,17,112041726.71491002,99.43421760671066,15,2427.429931640625
2017-07-11,108859562.67002973,100.0,17,112177913.23458312,99.43490447931163,15,2425.530029296875
2017-07-12,109712921.51378325,100.0,17,113058902.64966759,100.0,16,2443.25
2017-07-13,109964977.90721634,100.0,17,113216918.61751993,100.0,16,2447.830078125
2017-07-14,110105343.67706926,100.0,17,113499009.38653274,100.0,16,2459.27001953125
2017-07-17,109905314.05144496,100.0,17,113316063.45356856,100.0,16,2459.139892578125
2017-07-18,109933674.6644433,100.0,17,113352167.23436889,100.0,16,2460.610107421875
2017-07-19,110411909.0793729,100.0,17,113857976.63635187,100.0,16,2473.830078125
2017-07-20,110255309.90734467,100.0,17,113675629.64743651,100.0,16,2473.449951171875
2017-07-21,111356399.92080496,100.0,17,114719534.56014171,100.0,16,2472.5400390625
2017-07-24,112265433.5775969,100.0,17,115743518.68247686,100.0,16,2469.909912109375
2017-07-25,112375035.51618804,100.0,17,115999418.2731258,100.0,16,2477.1298828125
2017-07-26,112189388.53799918,100.0,17,115860962.27538778,100.0,16,2477.830078125
2017-07-27,110693090.03852378,100.0,17,114076229.48191768,100.0,16,2475.419921875
2017-07-28,110862856.93560298,100.0,18,114185922.88919255,100.0,17,2472.10009765625
2017-07-31,110615936.30618256,100.0,18,113875612.47034505,100.0,17,2470.300048828125
2017-08-01,111304760.81536737,100.0,18,114538516.95021097,100.0,17,2476.35009765625
2017-08-02,110936983.46613711,100.0,18,114108886.50945187,100.0,17,2477.570068359375
2017-08-03,109991734.52908933,100.0,18,113354112.95728429,100.0,17,2472.159912109375
2017-08-04,110197211.6523738,100.0,18,113649575.5999898,100.0,17,2476.830078125
2017-08-07,110655605.38954493,100.0,18,114237752.57146075,100.0,17,2480.909912109375
2017-08-08,110512369.41584933,100.0,18,114165665.410578,100.0,17,2474.919921875
2017-08-09,110011208.40508148,100.0,18,113536869.58602884,100.0,17,2474.02001953125
2017-08-10,108133793.5949446,100.0,18,111517850.1189933,100.0,17,2438.2099609375
2017-08-11,107976071.10112637,91.5803602564411,16,111371384.78460276,84.66076906502083,15,2441.320068359375
2017-08-14,109500598.42214048,84.35511283004173,15,112822956.3164408,77.52751570629624,14,2465.840087890625
2017-08-15,109859459.92318493,84.40621764793731,15,113015271.85874745,77.56575662659702,14,2464.610107421875
2017-08-16,110255234.47529368,91.95553660318157,16,113466461.32482876,85.14539881405948,15,2468.110107421875
2017-08-17,108149079.91328262,100.0,18,111508756.48423752,100.0,17,2430.010009765625
2017-08-18,108178625.94959277,100.0,18,111459636.67199707,100.0,17,2425.550048828125
2017-08-21,108450196.15152293,100.0,18,111858749.14489739,100.0,17,2428.3701171875
2017-08-22,109243219.9959621,92.59848169204349,17,112655629.85256827,92.61115539165284,16,2452.510009765625
2017-08-23,108788769.61573516,100.0,18,112164042.27807496,100.0,17,2444.0400390625
2017-08-24,108607305.69413508,100.0,18,112062659.51136619,100.0,17,2438.969970703125
2017-08-25,108294002.9763079,100.0,18,111679404.45025878,100.0,17,2443.050048828125
2017-08-28,107891243.99336807,100.0,18,111402897.36205676,100.0,17,2444.239990234375
2017-08-29,108092673.1741165,100.0,18,111616707.90233928,100.0,17,2446.300048828125
2017-08-30,108788330.58907239,100.0,18,112159283.11336803,100.0,17,2457.590087890625
2017-08-31,109759713.87495188,100.0,18,113111769.34593529,100.0,17,2471.64990234375
2017-09-01,109433825.70397604,100.0,19,112841794.81126124,100.0,18,2476.550048828125
2017-09-05,108726696.21288806,100.0,19,112317832.06359966,100.0,18,2457.85009765625
2017-09-06,108839717.84724973,100.0,19,112420765.01519726,100.0,18,2465.5400390625
2017-09-07,109182067.9990837,100.0,19,112923365.3327228,100.0,18,2465.10009765625
2017-09-08,109376502.36464377,100.0,19,113143746.14004356,100.0,18,2461.429931640625
2017-09-11,109957649.52778865,100.0,19,113757402.5789651,100.0,18,2488.110107421875
2017-09-12,109759704.67032415,100.0,19,113561693.66871566,100.0,18,2496.47998046875
2017-09-13,109603010.81300104,100.0,19,113446962.28468333,100.0,18,2498.3701171875
2017-09-14,109797866.14236084,100.0,19,113424558.53883658,100.0,17,2495.6201171875
2017-09-15,109904180.64233945,100.0,19,113414747.40447173,100.0,17,2500.22998046875
2017-09-18,110617803.55268756,100.0,19,114035822.0975062,100.0,17,2503.8701171875
2017-09-19,110981218.3192247,100.0,19,114467375.3270751,100.0,17,2506.64990234375
2017-09-20,111006668.67804462,100.0,19,114454218.56262575,100.0,17,2508.239990234375
2017-09-21,110581651.95287982,100.0,19,113942943.0583816,100.0,17,2500.60009765625
2017-09-22,110733503.11256915,100.0,19,113930394.56704289,100.0,17,2502.219970703125
2017-09-25,108974705.01800431,100.0,19,111978714.07737993,100.0,17,2496.659912109375
2017-09-26,108552799.36353905,100.0,19,111672264.37526807,100.0,17,2496.840087890625
2017-09-27,109757258.4198769,100.0,19,113048846.20144561,100.0,17,2507.0400390625
2017-09-28,109800898.35306843,100.0,19,113018419.97175425,100.0,17,2510.06005859375
2017-09-29,110555411.29263322,100.0,19,113974233.15467463,100.0,17,2519.360107421875
2017-10-02,111001507.47370145,100.0,19,114449742.67498077,100.0,17,2529.1201171875
2017-10-03,111289575.86082385,100.0,19,114782179.50449345,100.0,17,2534.580078125
2017-10-04,112054001.63748889,100.0,19,115428735.15354845,100.0,17,2537.739990234375
2017-10-05,112061803.21673219,100.0,19,115472272.33999403,100.0,17,2552.070068359375
2017-10-06,111981821.14809173,100.0,19,115461351.41949333,100.0,17,2549.330078125
2017-10-09,112316814.2631743,100.0,19,115829927.35904014,100.0,17,2544.72998046875
2017-10-10,112948283.95503062,100.0,19,116451702.39199315,100.0,17,2550.639892578125
2017-10-11,113353776.51973587,100.0,19,116952058.12067275,100.0,17,2555.239990234375
2017-10-12,113417003.27678053,100.0,19,116963485.39904292,100.0,17,2550.929931640625
2017-10-13,113752646.05598322,100.0,19,117271728.83128361,100.0,17,2553.169921875
2017-10-16,114122289.9649755,100.0,19,117584562.34077732,100.0,17,2557.639892578125
2017-10-17,113235437.17676282,100.0,19,116513712.80591366,100.0,17,2559.360107421875
2017-10-18,113969864.36099295,100.0,19,117313434.99774589,100.0,17,2561.260009765625
2017-10-19,114869291.9972374,100.0,19,118152014.65788087,100.0,17,2562.10009765625
2017-10-20,116305176.64850043,100.0,19,119637659.35731359,100.0,17,2575.2099609375
2017-10-23,115894790.97166732,100.0,19,119220337.76762351,100.0,17,2564.97998046875
2017-10-24,116339774.81079842,100.0,19,119543886.78503987,100.0,17,2569.1298828125
2017-10-25,115126130.40141265,100.0,19,118492838.78595287,100.0,17,2557.14990234375
2017-10-26,115569667.31216522,100.0,19,119044949.53622618,100.0,17,2560.39990234375
2017-10-27,116667834.61407676,100.0,19,120340115.52706075,100.0,17,2581.070068359375
2017-10-30,116462011.28304344,100.0,19,120404502.20184913,100.0,17,2572.830078125
2017-10-31,117818387.57045513,100.0,19,121819878.31382443,100.0,17,2575.260009765625
2017-11-01,117932339.01490991,100.0,19,122003085.33555713,100.0,17,2579.360107421875
2017-11-02,117100919.5122942,100.0,19,121400411.4071831,100.0,17,2579.85009765625
2017-11-03,118075091.91890758,100.0,19,122296929.29419746,100.0,17,2587.840087890625
2017-11-06,118445350.6318229,100.0,19,122771276.04052104,100.0,17,2591.1298828125
2017-11-07,119253641.54114757,100.0,19,123565444.84381682,100.0,17,2590.639892578125
2017-11-08,119602322.5249836,100.0,19,124068779.18550164,100.0,17,2594.3798828125
2017-11-09,117964575.31459534,100.0,19,122512560.15214705,100.0,17,2584.6201171875
2017-11-10,119003321.19680446,100.0,19,123280053.4825687,100.0,17,2582.300048828125
2017-11-13,119831460.56546748,100.0,19,123965185.58017686,100.0,17,2584.840087890625
2017-11-14,119577420.19288167,100.0,19,123791533.30015837,100.0,17,2578.8701171875
2017-11-15,118734576.04453295,100.0,19,122559892.024893,100.0,17,2564.6201171875
2017-11-16,120467482.20563897,100.0,19,124348369.32988584,100.0,17,2585.639892578125
2017-11-17,120291715.63997753,100.0,19,124036643.21717648,100.0,17,2578.85009765625
2017-11-20,121823457.33166629,100.0,19,125619289.4824447,100.0,17,2582.139892578125
2017-11-21,124004554.62506929,100.0,19,127918460.3157648,100.0,17,2599.030029296875
2017-11-22,123550187.63911921,100.0,19,127422769.77952491,100.0,17,2597.080078125
2017-11-24,124106846.54281107,100.0,19,128018322.45248733,100.0,17,2602.419921875
2017-11-27,121590000.50985365,100.0,19,125777816.79026306,100.0,17,2601.419921875
2017-11-28,122359415.7458747,100.0,19,126538686.0853525,100.0,17,2627.0400390625
2017-11-29,118463161.14479513,100.0,19,122181467.35380077,100.0,17,2626.070068359375
2017-11-30,119664980.31733645,100.0,19,123517244.95114098,100.0,17,2647.580078125
2017-12-01,118602530.05871747,100.0,19,122008671.16474585,94.13029983564991,16,2642.219970703125
2017-12-04,117106312.80761227,100.0,19,120255112.41371807,93.46478547531815,16,2639.43994140625
2017-12-05,116451629.27802117,100.0,18,119377483.47439554,100.0,16,2629.570068359375
2017-12-06,117221094.13340119,100.0,18,120230389.34469898,100.0,16,2629.27001953125
2017-12-07,118183958.60603935,100.0,18,120961631.67576525,100.0,16,2636.97998046875
2017-12-08,118578943.36754832,100.0,18,121636256.09248619,100.0,16,2651.5
2017-12-11,117829988.05396214,100.0,18,120799123.15366967,100.0,16,2659.989990234375
2017-12-12,117928229.89615338,100.0,18,120904937.0919462,100.0,16,2664.110107421875
2017-12-13,118023522.59544797,100.0,18,121388775.46701357,100.0,16,2662.85009765625
2017-12-14,117467607.55579488,100.0,18,120875626.48377416,100.0,16,2652.010009765625
2017-12-15,118559107.4959148,100.0,18,121762696.84312679,100.0,16,2675.81005859375
2017-12-18,119598314.01745261,100.0,18,122770217.12024714,100.0,16,2690.159912109375
2017-12-19,119248224.89056322,100.0,18,122514995.9448486,100.0,16,2681.469970703125
2017-12-20,119220514.98759952,100.0,18,122631116.39556074,100.0,16,2679.25
2017-12-21,119483467.12140831,100.0,18,122827171.64311974,100.0,16,2684.570068359375
2017-12-22,119217594.51081812,100.0,18,123180921.35365406,100.0,16,2683.340087890625
2017-12-26,119590305.48585814,100.0,18,123538943.48232318,100.0,16,2680.5
2017-12-27,119936947.51145515,100.0,18,123689778.12033191,100.0,16,2682.6201171875
2017-12-28,120188794.45451103,100.0,18,123947476.95161803,100.0,16,2687.5400390625
2017-12-29,119582480.5132527,100.0,18,123305480.69836779,100.0,16,2673.610107421875
2018-01-02,120149450.32529475,98.4328251205278,17,123655547.0130886,98.49575857653076,15,2695.81005859375
2018-01-03,120586534.49373007,100.0,18,124254254.52998513,100.0,16,2713.06005859375
2018-01-04,120915287.6716066,100.0,18,124760481.08189772,100.0,16,2723.989990234375
2018-01-05,122162365.24832287,100.0,18,126075011.36182424,100.0,16,2743.14990234375
2018-01-08,123658273.10911557,100.0,18,127636799.95105967,100.0,16,2747.7099609375
2018-01-09,124570492.51343516,100.0,18,128624254.15056446,100.0,16,2751.2900390625
2018-01-10,123844502.48896764,100.0,18,127951640.55364306,100.0,16,2748.22998046875
2018-01-11,124906792.94927882,100.0,18,129226506.78810246,100.0,16,2767.56005859375
2018-01-12,126034468.11351812,100.0,18,130599228.00121717,100.0,16,2786.239990234375
2018-01-16,125520602.98773731,100.0,18,130230263.66499569,100.0,16,2776.419921875
2018-01-17,127875917.33102296,100.0,18,132757477.1726959,100.0,16,2802.56005859375
2018-01-18,127185081.68572351,100.0,18,131954973.63193,100.0,16,2798.030029296875
2018-01-19,128495184.03453423,100.0,18,133315072.07193547,100.0,16,2810.300048828125
2018-01-22,128613564.91511661,100.0,18,133572060.47658014,100.0,16,2832.969970703125
2018-01-23,128791712.79442936,100.0,18,133574922.9823809,100.0,16,2839.1298828125
2018-01-24,128187901.48791853,100.0,18,132985442.04155871,100.0,16,2837.5400390625
2018-01-25,128203446.02507547,100.0,18,132541498.97078001,100.0,16,2839.25
2018-01-26,130332661.8827455,100.0,19,134818485.7187532,100.0,17,2872.8701171875
2018-01-29,129639847.17313346,100.0,19,133996007.83182184,100.0,17,2853.530029296875
2018-01-30,128046424.12824477,100.0,19,132012788.84011462,100.0,17,2822.429931640625
2018-01-31,127906507.3993902,100.0,19,131835206.46971487,100.0,17,2823.81005859375
2018-02-01,128565311.2938919,100.0,19,132375984.97288896,100.0,17,2821.97998046875
2018-02-02,125963023.49091916,100.0,19,129793814.95557404,100.0,17,2762.1298828125
2018-02-05,121610293.6680191,100.0,19,125080072.46066841,100.0,17,2648.93994140625
2018-02-06,121769280.30918029,58.872216229381976,11,124911332.90161927,53.04499894693372,9,2695.139892578125
2018-02-07,122165339.29670465,59.0055521534099,11,125532905.61955044,53.27749533886356,9,2681.659912109375
2018-02-08,118484614.33391768,65.55322370973002,12,121746967.19297779,59.645981228132094,10,2581.0
2018-02-09,119813041.7010293,58.11333469882606,11,122829901.56730768,52.1325799339154,9,2619.550048828125
2018-02-12,120949709.78865889,58.506979593288875,11,123826643.39359489,52.51788844578932,9,2656.0
2018-02-13,121330839.73178843,58.63731935309639,11,124215827.00304902,52.66665579697973,9,2662.93994140625
2018-02-14,123184140.97228375,66.63233094676019,12,125972266.82243493,60.707587343855984,10,2698.6298828125
2018-02-15,124417800.7019997,82.01143152226405,14,127144218.7596846,76.12861822251014,12,2731.199951171875
2018-02-16,122904093.43491215,93.59350497511515,16,125620497.43555565,92.20537736919276,14,2732.219970703125
2018-02-20,122436461.59768191,100.0,17,125034074.55356741,100.0,16,2716.260009765625
2018-02-21,121808932.75587438,100.0,17,124490480.43235795,100.0,16,2701.330078125
2018-02-22,122121825.02449876,100.0,17,124695447.01053272,100.0,16,2703.9599609375
2018-02-23,123619085.16307452,100.0,17,126200560.88417464,100.0,16,2747.300048828125
2018-02-26,125450710.24800748,100.0,17,127849582.73831601,100.0,16,2779.60009765625
2018-02-27,123864450.9197281,100.0,17,126561642.32897562,100.0,16,2744.280029296875
2018-02-28,123480627.02756938,100.0,17,125677096.0674168,100.0,16,2713.830078125
2018-03-01,121959982.25158845,100.0,17,124048857.01606306,100.0,16,2677.669921875
2018-03-02,122793172.62938292,100.0,17,124866497.04545426,100.0,16,2691.25
2018-03-05,123511549.23697846,100.0,17,125667429.53020154,100.0,16,2720.93994140625
2018-03-06,124324501.17581026,100.0,17,126388210.84551176,100.0,16,2728.1201171875
2018-03-07,124215280.60669345,100.0,17,126325881.26331717,100.0,16,2726.800048828125
2018-03-08,124430440.91985473,100.0,17,126732269.20681939,100.0,16,2738.969970703125
2018-03-09,126151776.84687135,100.0,17,128524601.62791872,100.0,16,2786.570068359375
2018-03-12,124716934.97697647,100.0,17,127216920.64856024,100.0,16,2783.02001953125
2018-03-13,124182639.22117828,100.0,17,126653088.1369194,100.0,16,2765.31005859375
2018-03-14,124267419.22521669,90.5995509793218,16,126746263.67747591,90.50171145039226,15,2749.47998046875
2018-03-15,123202732.51216188,100.0,18,125690605.20699508,100.0,17,2747.330078125
2018-03-16,123346014.09371012,100.0,18,125928171.52520654,100.0,17,2752.010009765625
2018-03-19,122154388.82194915,100.0,18,124731572.96880423,100.0,17,2712.919921875
2018-03-20,123579841.5844045,91.24204957755829,16,126237889.2870459,89.46689067136575,15,2716.93994140625
2018-03-21,123174544.57639916,100.0,18,125836259.7564175,100.0,17,2711.929931640625
2018-03-22,120618176.90535906,100.0,18,123037033.5770891,100.0,17,2643.68994140625
2018-03-23,119150248.9044807,79.551057595657,14,121515342.56278104,75.53409495332323,13,2588.260009765625
2018-03-26,122102807.72207256,79.97552476111318,14,124335564.12979886,76.00375803782228,13,2658.550048828125
2018-03-27,119644014.22325142,79.56400355084347,14,121928403.38509226,75.53001434834411,13,2612.6201171875
2018-03-28,118448147.36518863,72.22680585126291,13,120717032.76342821,68.14804419187332,12,2605.0
2018-03-29,119959360.84644084,72.10300081675052,12,122368177.80771823,68.26005957543528,11,2640.8701171875
2018-04-02,117944754.83653219,79.31276933767127,13,120498547.88406137,75.44203650646324,12,2581.8798828125
2018-04-03,119099827.24238688,68.95018128340624,10,121669141.5719265,70.57825143744843,10,2614.449951171875
2018-04-04,119981125.39581373,76.5518414976112,11,122582201.34421921,78.17022369157507,11,2644.68994140625
2018-04-05,121065191.63490605,76.76180570497795,11,123684523.97917324,78.36477880458834,11,2662.840087890625
2018-04-06,119487095.56253546,83.96757006990532,12,122036253.22204858,85.5874599630262,12,2604.469970703125
2018-04-09,119370679.4615958,83.95193446332698,12,121922445.19470134,85.57400663416578,12,2613.159912109375
2018-04-10,120941836.70918797,84.16041512778395,12,123565680.22440377,85.76585033699608,12,2656.8701171875
2018-04-11,120788738.80466183,91.6337386386553,13,123407300.15328866,93.24110132914522,13,2642.18994140625
2018-04-12,121614551.89436053,99.18580729299732,14,124269414.92562282,100.0,14,2663.989990234375
2018-04-13,121348172.01027574,99.1840200014764,14,123973609.26714437,100.0,14,2656.300048828125
2018-04-16,123021423.71831845,100.0,15,125682126.8116697,100.0,14,2677.840087890625
2018-04-17,124581706.09484556,100.0,15,127276069.30104168,100.0,14,2706.389892578125
2018-04-18,124727255.31681088,100.0,15,127443324.46007937,100.0,14,2708.639892578125
2018-04-19,124442002.67225534,100.0,15,127151042.16884553,100.0,14,2693.1298828125
2018-04-20,123922223.7674729,100.0,15,126616370.47040007,100.0,14,2670.139892578125
2018-04-23,124078164.13204941,100.0,15,126751479.21564803,100.0,14,2670.2900390625
2018-04-24,122400930.69512357,100.0,15,125024572.22414644,100.0,14,2634.56005859375
2018-04-25,122126408.05312975,100.0,15,124776407.35330302,100.0,14,2639.39990234375
2018-04-26,123223076.3460124,100.0,15,125894197.57753682,100.0,14,2666.93994140625
2018-04-27,122839365.71696833,100.0,15,125492257.96549168,100.0,14,2669.909912109375
2018-04-30,122619880.15266497,100.0,15,125223901.83306098,100.0,14,2648.050048828125
2018-05-01,122835302.01815139,100.0,15,125399933.0171721,99.74780572033309,13,2654.800048828125
2018-05-02,123511684.43713845,100.0,15,126104245.95792396,100.0,13,2635.669921875
2018-05-03,124409507.25474271,100.0,15,127021166.59003535,100.0,13,2629.72998046875
2018-05-04,124997014.42894547,100.0,15,127640317.21761468,100.0,13,2663.419921875
2018-05-07,126591421.3168645,100.0,15,129239739.02837855,100.0,13,2672.6298828125
2018-05-08,127005861.05835125,100.0,15,129702198.36911012,100.0,13,2671.919921875
2018-05-09,130570454.75290368,100.0,15,133355520.08276497,100.0,13,2697.7900390625
2018-05-10,131450964.85107651,100.0,15,134277846.35991997,100.0,13,2723.070068359375
2018-05-11,132108788.36802381,100.0,15,134969031.3754358,100.0,13,2727.719970703125
2018-05-14,131406679.72222452,100.0,15,134213438.57977885,100.0,13,2730.1298828125
2018-05-15,130652451.60535736,100.0,15,133451531.821648,100.0,13,2711.449951171875
2018-05-16,130972040.04755904,100.0,15,133849108.55854023,100.0,13,2722.4599609375
2018-05-17,133702685.21288846,100.0,15,136709785.0411682,100.0,13,2720.1298828125
2018-05-18,134043827.86191656,100.0,15,136966292.21294078,100.0,13,2712.969970703125
2018-05-21,136849259.78061408,100.0,15,139840741.64228275,100.0,13,2733.010009765625
2018-05-22,136141438.83524275,100.0,15,139065496.37358847,100.0,13,2724.43994140625
2018-05-23,136628048.16176808,100.0,15,139563265.66921228,100.0,13,2733.2900390625
2018-05-24,138411577.16357005,100.0,15,141347774.43423337,100.0,13,2727.760009765625
2018-05-25,138015284.88883162,100.0,15,140971609.74738044,100.0,13,2721.330078125
2018-05-29,138165819.74056625,100.0,15,141165857.7443905,100.0,13,2689.860107421875
2018-05-30,139777670.28434226,100.0,15,142835068.74806067,100.0,13,2724.010009765625
2018-05-31,139323270.00633684,100.0,15,142340751.40165254,100.0,13,2705.27001953125
2018-06-01,142432055.9613606,100.0,15,145541188.65234306,100.0,13,2734.6201171875
2018-06-04,143735978.49022216,100.0,15,146866401.66354415,100.0,13,2746.8701171875
2018-06-05,143991759.84999204,100.0,15,147125472.2732416,100.0,13,2748.800048828125
2018-06-06,144721024.3220213,100.0,15,147836871.228962,100.0,13,2772.35009765625
2018-06-07,142771398.19017398,100.0,15,145877012.68407506,100.0,13,2770.3701171875
2018-06-08,143826585.85668802,100.0,15,146989059.95753366,100.0,13,2779.030029296875
2018-06-11,144140510.97064412,100.0,15,147315916.5810259,100.0,13,2782.0
2018-06-12,145406673.40479535,100.0,15,148595341.29115036,100.0,13,2786.85009765625
2018-06-13,145856046.42364562,100.0,15,149033815.15659696,100.0,13,2775.6298828125
2018-06-14,145776904.58617395,100.0,15,148960658.36503854,100.0,13,2782.489990234375
2018-06-15,145356277.5071231,100.0,15,148517301.5171117,100.0,13,2779.659912109375
2018-06-18,146931920.21308625,100.0,15,150178672.439018,100.0,13,2773.75
2018-06-19,146900593.68313694,100.0,15,150206026.4951338,100.0,13,2762.590087890625
2018-06-20,147493338.04906598,100.0,15,150809336.19592735,100.0,13,2767.320068359375
2018-06-21,146062783.02403826,93.78443079932637,14,149318749.2438797,93.79927750583656,12,2749.760009765625
2018-06-22,145061684.80370912,93.74153597652361,14,148390154.30060807,93.76047466490786,12,2754.8798828125
2018-06-25,141602876.8939893,100.0,15,144839129.1028064,100.0,13,2717.070068359375
2018-06-26,142553354.33379716,92.64925724572845,13,145757081.1906677,94.13774607498637,12,2723.06005859375
2018-06-27,141777890.0830229,92.60905183556727,13,144920071.6562612,94.10388767033426,12,2699.6298828125
2018-06-28,143540352.91268533,79.63570954273635,11,146735455.43207037,81.12153399364036,10,2716.31005859375
2018-06-29,142805151.63216388,87.07032295998478,12,146000408.72322556,88.56509083518442,11,2718.3701171875
2018-07-02,143904435.48042858,94.52373202180178,13,147127564.08466497,96.0071702708387,12,2726.7099609375
2018-07-03,143512189.96791172,100.0,14,146694543.34863007,100.0,13,2713.219970703125
2018-07-05,145156825.89471048,100.0,14,148379015.2548891,100.0,13,2736.610107421875
2018-07-06,146900819.0996023,100.0,14,150167823.64760914,100.0,13,2759.820068359375
2018-07-09,147076840.59042755,100.0,14,150376080.90692422,100.0,13,2784.169921875
2018-07-10,147333683.5924383,100.0,14,150738458.7128654,100.0,13,2793.840087890625
2018-07-11,147392325.87909228,100.0,14,150831020.46929026,100.0,13,2774.02001953125
2018-07-12,148877174.32920513,100.0,14,152351722.52585912,100.0,13,2798.2900390625
2018-07-13,148977635.650488,100.0,14,152474613.25875622,100.0,13,2801.31005859375
2018-07-16,149751103.93397692,100.0,14,153225714.39522877,100.0,13,2798.429931640625
2018-07-17,150981218.39580363,99.93607947504437,13,154481555.8565032,100.0,13,2809.550048828125
2018-07-18,150747610.2971327,99.93598041972753,13,154211607.19097355,100.0,13,2815.6201171875
2018-07-19,151313573.59470636,99.93621987433757,13,154788537.27188677,100.0,13,2804.489990234375
2018-07-20,151869064.1172955,99.93645316250289,13,155346888.7117502,100.0,13,2801.830078125
2018-07-23,151820372.1129397,99.93643278168808,13,155263822.02125436,100.0,13,2806.97998046875
2018-07-24,149641175.1043357,99.93550706393764,13,153010783.31048772,100.0,13,2820.39990234375
2018-07-25,151589909.34451386,99.93633614018222,13,154995661.3732254,100.0,13,2846.070068359375
2018-07-26,151355623.00406626,100.0,14,154709761.60909203,100.0,13,2837.43994140625
2018-07-27,147872209.3418736,99.93314509692931,13,151122498.0180866,100.0,13,2818.820068359375
2018-07-30,144599286.98461688,100.0,13,147792272.6555676,100.0,14,2802.60009765625
2018-07-31,144158902.52710035,85.93666983670609,11,147338202.46393284,85.93465259461802,12,2816.2900390625
2018-08-01,144980830.22571537,100.0,13,148241198.3652112,100.0,14,2813.360107421875
2018-08-02,146765110.4882726,100.0,13,150090258.92541757,100.0,14,2827.219970703125
2018-08-03,146010109.92966238,100.0,13,149336118.69666785,100.0,14,2840.35009765625
2018-08-06,146948039.78400898,100.0,13,150340925.17791882,100.0,14,2850.39990234375
2018-08-07,147669863.4960113,100.0,14,151112475.2718756,100.0,15,2858.449951171875
2018-08-08,147658214.4438385,100.0,14,151112476.33144328,100.0,15,2857.699951171875
2018-08-09,147417256.2481252,100.0,14,150859203.91666266,100.0,15,2853.580078125
2018-08-10,147087961.15731007,100.0,14,150544441.21622047,100.0,15,2833.280029296875
2018-08-13,146604414.6736544,100.0,14,150075754.1242754,100.0,15,2821.929931640625
2018-08-14,147673398.46841344,100.0,14,151136675.31697002,100.0,15,2839.9599609375
2018-08-15,146338183.21419185,100.0,14,149743513.47000352,100.0,15,2818.3701171875
2018-08-16,146534510.12670264,100.0,14,149987966.56382152,100.0,15,2840.68994140625
2018-08-17,147038118.14217442,93.05012741511322,13,150486666.42283508,93.05944288362043,14,2850.1298828125
2018-08-20,147860747.40636533,100.0,14,151345319.82426968,100.0,15,2857.050048828125
2018-08-21,148732082.82330585,100.0,14,152272712.8534266,100.0,15,2862.9599609375
2018-08-22,149191302.48761198,100.0,14,152719770.7203001,100.0,15,2861.820068359375
2018-08-23,150581021.4308025,100.0,14,154154650.37619853,100.0,15,2856.97998046875
2018-08-24,152736058.72413725,100.0,14,156382510.47697082,100.0,15,2874.68994140625
2018-08-27,154192744.04941127,100.0,14,157917894.28750739,100.0,15,2896.739990234375
2018-08-28,154192688.83842778,100.0,14,157868684.26755038,100.0,15,2897.52001953125
2018-08-29,155969881.31829187,100.0,14,159684201.68123996,100.0,15,2914.0400390625
2018-08-30,155831337.63143873,100.0,14,159573640.5393666,100.0,15,2901.1298828125
2018-08-31,156775020.48883417,100.0,14,160535162.19087854,100.0,15,2901.52001953125
2018-09-04,158760791.90975207,100.0,14,162547863.94316208,100.0,15,2896.719970703125
2018-09-05,157476948.1465229,100.0,14,161246547.29223523,100.0,15,2888.60009765625
2018-09-06,156924815.46591514,100.0,14,160675924.50235546,100.0,15,2878.050048828125
2018-09-07,156343253.41856757,100.0,14,160088390.93019235,100.0,15,2871.679931640625
2018-09-10,158178490.17822918,100.0,14,161947794.9052502,100.0,15,2877.1298828125
2018-09-11,159170655.82418758,100.0,14,162982272.5969213,100.0,15,2887.889892578125
2018-09-12,159896632.58460245,100.0,14,163760292.7746351,100.0,15,2888.919921875
2018-09-13,160261990.32758376,100.0,14,164136847.16157576,100.0,15,2904.179931640625
2018-09-14,161448340.61741415,100.0,14,165321971.08732843,100.0,15,2904.97998046875
2018-09-17,159351630.9394593,100.0,14,163169109.35278246,100.0,15,2888.800048828125
2018-09-18,160303009.96157092,100.0,14,164148984.7581936,100.0,15,2904.31005859375
2018-09-19,159564389.64992356,100.0,14,163388646.70154878,100.0,15,2907.949951171875
2018-09-20,160705557.7366121,100.0,14,164555839.91439268,100.0,15,2930.75
2018-09-21,160434087.8464693,100.0,14,164284564.209339,100.0,15,2929.669921875
2018-09-24,162078283.41251546,100.0,14,165960636.79242137,100.0,15,2919.3701171875
2018-09-25,163081917.42569646,100.0,14,167033007.1728193,100.0,15,2915.56005859375
2018-09-26,162904798.18529865,100.0,14,166858361.81840113,100.0,15,2905.969970703125
2018-09-27,164124446.4230724,100.0,14,168116108.58322498,100.0,15,2914.0
2018-09-28,163248613.56522903,100.0,14,167220292.93416357,100.0,15,2913.97998046875
2018-10-01,163126927.8845271,100.0,14,167240188.29357946,100.0,15,2924.590087890625
2018-10-02,159977017.7044129,100.0,14,164511323.65163362,100.0,15,2923.429931640625
2018-10-03,159609329.1763608,94.00776195227539,13,164452394.13481903,100.0,15,2925.510009765625
2018-10-04,156328394.75681913,100.0,14,160919844.23704782,99.340043890196,14,2901.610107421875
2018-10-05,154692148.10800675,100.0,14,159216677.82750425,100.0,14,2885.570068359375
2018-10-08,152863767.95021063,100.0,14,157247921.89090604,100.0,14,2884.429931640625
2018-10-09,152510910.2756689,93.79897947985015,13,156882432.5588031,93.99157796343964,13,2880.340087890625
2018-10-10,147380709.58533257,85.25379815447515,12,151441701.39539403,85.48258557602078,12,2785.679931640625
2018-10-11,145307025.8352689,27.56373319139379,5,149519762.56662637,20.064208325556038,4,2728.3701171875
2018-10-12,145735447.04662064,25.83596307746321,4,149913869.77554697,18.35829724981412,3,2767.1298828125
2018-10-15,145805898.54349363,25.87179816690424,4,150012159.32855853,18.411789756730464,3,2750.7900390625
2018-10-16,146286553.23277053,26.11536168679966,4,150229917.9590537,18.530052065387036,3,2809.919921875
2018-10-17,146383067.5559191,41.10099188307957,6,150382968.23800763,33.544526013061876,5,2809.2099609375
2018-10-18,145662383.59211046,40.80958122792398,6,149757808.1444657,33.2671093571372,5,2768.780029296875
2018-10-19,145336135.32560498,40.67671150853272,6,149468477.45848882,33.137932467432925,5,2767.780029296875
2018-10-22,145245970.74653983,26.143382765674943,4,149389799.42612487,22.74413074440426,3,2755.8798828125
2018-10-23,144796329.22719163,18.708502028967825,3,149128623.40886703,15.424030987553698,2,2740.68994140625
2018-10-24,144432496.88789093,15.236849959814606,2,148753804.1186898,15.21092245658798,2,2656.10009765625
2018-10-25,144427756.4480282,7.602687992874505,1,148748910.12676597,7.580817876627275,1,2705.570068359375
2018-10-26,144110329.87195972,7.399167798212456,1,148422926.86017746,7.377836386359293,1,2658.68994140625
2018-10-29,144184732.42943564,0.0,0,148499335.0457457,0.0,0,2641.25
2018-10-30,144184732.42943564,0.0,0,148499335.0457457,0.0,0,2682.6298828125
2018-10-31,144184732.42943564,0.0,0,148499335.0457457,0.0,0,2711.739990234375
2018-11-01,144184732.42943564,0.0,0,148499335.0457457,0.0,0,2740.3701171875
2018-11-02,144184732.42943564,0.0,0,148499335.0457457,0.0,0,2723.06005859375
2018-11-05,144184732.42943564,0.0,0,148499335.0457457,0.0,0,2738.31005859375
2018-11-06,144184732.42943564,0.0,0,148499335.0457457,0.0,0,2755.449951171875
2018-11-07,144184732.42943564,0.0,0,148499335.0457457,0.0,0,2813.889892578125
2018-11-08,144530600.22640142,100.0,14,148855552.63548452,100.0,14,2806.830078125
2018-11-09,143695304.56677747,100.0,14,147995261.4803065,100.0,14,2781.010009765625
2018-11-12,141111917.82245404,100.0,14,145334569.13629726,100.0,14,2726.219970703125
2018-11-13,140808266.52551723,90.46007340223542,12,145021831.33860454,90.46007340223541,12,2722.179931640625
2018-11-14,138797898.34392706,83.36031630806521,11,142951304.63905007,83.36031630806521,11,2701.580078125
2018-11-15,139570625.71817607,69.03544562653948,9,143747155.20737416,69.03544562653946,9,2730.199951171875
2018-11-16,140324784.97600603,69.20186102742049,9,144523882.02455747,69.20186102742049,9,2736.27001953125
2018-11-19,137785473.08435875,61.636070416328934,8,141908583.4348269,61.636070416328934,8,2690.72998046875
2018-11-20,136210685.49252862,46.9161020809531,6,140286671.6950419,46.9161020809531,6,2641.889892578125
2018-11-21,136444200.56285125,47.00695160115571,6,140527174.50058714,47.006951601155706,6,2649.929931640625
2018-11-23,136430339.56091106,47.001567631951815,6,140512898.7202288,47.001567631951815,6,2632.56005859375
2018-11-26,137167703.83908367,47.286468156882904,6,141272327.98260728,47.2864681568829,6,2673.449951171875
2018-11-27,137228517.85247424,47.30982861782454,6,141334961.80241466,47.30982861782454,6,2682.169921875
2018-11-28,137966245.6072407,47.59157145761079,6,142094765.41810763,47.591571457610804,6,2743.7900390625
2018-11-29,138433340.00307593,47.76840518325909,6,142575837.20716876,47.76840518325909,6,2737.800048828125
2018-11-30,138478853.38940698,47.78557196862304,6,142622712.5419699,47.78557196862303,6,2760.169921875
2018-12-03,138949728.03772154,47.96251690247384,6,143107677.70427537,47.96251690247383,6,2790.3701171875
2018-12-04,136921073.49234724,77.54539205049754,10,141018317.43741736,77.54539205049754,10,2700.06005859375
2018-12-06,136575428.64471838,63.10715002563385,8,140662329.46858028,63.10715002563385,8,2695.949951171875
2018-12-07,134193371.69866683,62.45226768361762,8,138208991.5418142,62.45226768361761,8,2633.080078125
2018-12-10,134263065.15628576,55.13203150930228,7,138280770.51548958,55.13203150930228,7,2637.719970703125
2018-12-11,134505381.71585196,47.47121565573328,6,138530338.18718305,47.471215655733275,6,2636.780029296875
2018-12-12,135075823.56535584,47.6930511856054,6,139117850.01250792,47.6930511856054,6,2651.070068359375
2018-12-13,134763110.54602116,47.57167476568114,6,138795779.32826206,47.57167476568113,6,2650.5400390625
2018-12-14,133906457.47152029,47.23626983562043,6,137913491.6561569,47.23626983562043,6,2599.949951171875
2018-12-17,132578420.91915022,39.6776636601583,5,136545714.7659101,39.6776636601583,5,2545.93994140625
2018-12-18,132574700.26928243,32.09497588482341,4,136541882.77883357,32.09497588482341,4,2546.159912109375
2018-12-19,132346514.04689336,24.08872305189278,3,136306868.28235793,24.088723051892778,3,2506.9599609375
2018-12-20,131667990.04432264,8.678760016613664,1,135608040.03961286,8.678760016613662,1,2467.419921875
2018-12-21,131592847.70450278,8.626613628969466,1,135530649.13067946,8.626613628969466,1,2416.6201171875
2018-12-24,129228850.41664374,0.0,0,133095911.28165776,0.0,0,2351.10009765625
2018-12-26,129228850.41664374,0.0,0,133095911.28165776,0.0,0,2467.699951171875
2018-12-27,129228850.41664374,0.0,0,133095911.28165776,0.0,0,2488.830078125
2018-12-28,129228850.41664374,0.0,0,133095911.28165776,0.0,0,2485.739990234375
2018-12-31,129228850.41664374,0.0,0,133095911.28165776,0.0,0,2506.85009765625
2019-01-02,129228850.41664374,0.0,0,133095911.28165776,0.0,0,2510.030029296875
2019-01-03,129228850.41664374,0.0,0,133095911.28165776,0.0,0,2447.889892578125
2019-01-04,129228850.41664374,0.0,0,133095911.28165776,0.0,0,2531.93994140625
2019-01-07,129228850.41664374,0.0,0,133095911.28165776,0.0,0,2549.68994140625
2019-01-08,129228850.41664374,0.0,0,133095911.28165776,0.0,0,2574.409912109375
2019-01-09,129228850.41664374,0.0,0,133095911.28165776,0.0,0,2584.9599609375
2019-01-10,129228850.41664374,0.0,0,133095911.28165776,0.0,0,2596.639892578125
2019-01-11,129228850.41664374,0.0,0,133095911.28165776,0.0,0,2596.260009765625
2019-01-14,129228850.41664374,0.0,0,133095911.28165776,0.0,0,2582.610107421875
2019-01-15,129228850.41664374,0.0,0,133095911.28165776,0.0,0,2610.300048828125
2019-01-16,129228850.41664374,0.0,0,133095911.28165776,0.0,0,2616.10009765625
2019-01-17,129228850.41664374,0.0,0,133095911.28165776,0.0,0,2635.9599609375
2019-01-18,129228850.41664374,0.0,0,133095911.28165776,0.0,0,2670.7099609375
2019-01-22,129228850.41664374,0.0,0,133095911.28165776,0.0,0,2632.89990234375
2019-01-23,129228850.41664374,0.0,0,133095911.28165776,0.0,0,2638.699951171875
2019-01-24,129228850.41664374,0.0,0,133095911.28165776,0.0,0,2642.330078125
2019-01-25,129228850.41664374,0.0,0,133095911.28165776,0.0,0,2664.760009765625
2019-01-28,129228850.41664374,0.0,0,133095911.28165776,0.0,0,2643.85009765625
2019-01-29,129228850.41664374,0.0,0,133095911.28165776,0.0,0,2640.0
2019-01-30,129228850.41664374,0.0,0,133095911.28165776,0.0,0,2681.050048828125
2019-01-31,129228850.41664374,0.0,0,133095911.28165776,0.0,0,2704.10009765625
2019-02-01,129228850.41664374,0.0,0,133095911.28165776,0.0,0,2706.530029296875
2019-02-04,129228850.41664374,0.0,0,133095911.28165776,0.0,0,2724.8701171875
2019-02-05,129228850.41664374,0.0,0,133095911.28165776,0.0,0,2737.699951171875
2019-02-06,129228850.41664374,0.0,0,133095911.28165776,0.0,0,2731.610107421875
2019-02-07,129228850.41664374,0.0,0,133095911.28165776,0.0,0,2706.050048828125
2019-02-08,129228850.41664374,0.0,0,133095911.28165776,0.0,0,2707.8798828125
2019-02-11,129228850.41664374,0.0,0,133095911.28165776,0.0,0,2709.800048828125
2019-02-12,129228850.41664374,0.0,0,133095911.28165776,0.0,0,2744.72998046875
2019-02-13,129228850.41664374,0.0,0,133095911.28165776,0.0,0,2753.030029296875
2019-02-14,129228850.41664374,0.0,0,133095911.28165776,0.0,0,2745.72998046875
2019-02-15,129488438.60300004,15.160388555382367,2,133363267.41853939,15.160388555382367,2,2775.60009765625
2019-02-19,129504874.83495244,22.613423398989646,3,133380195.49042648,22.613423398989646,3,2779.760009765625
2019-02-20,129193869.7239738,45.57605560252433,6,133059883.82220766,45.57605560252432,6,2784.699951171875
2019-02-21,129347436.50377509,45.64067002482067,6,133218045.95422654,45.64067002482067,6,2774.8798828125
2019-02-22,130231688.9714626,61.17285508090157,8,134128758.90733632,61.17285508090157,8,2792.669921875
2019-02-25,130444163.12550488,68.74081625192036,9,134347591.165496,68.74081625192036,9,2796.110107421875
2019-02-26,130356689.040334,68.71984020134957,9,134257499.49446583,68.71984020134956,9,2793.89990234375
2019-02-27,130585114.73315874,83.51114218798791,11,134492760.62732145,83.5111421879879,11,2792.3798828125
2019-02-28,130687627.52644806,91.01654576690206,12,134598341.02672058,91.01654576690204,12,2784.489990234375
2019-03-01,131559125.27977064,91.07605558930756,12,135495917.59174,91.07605558930753,12,2803.68994140625
2019-03-04,130728898.29709487,98.63786186558421,13,134640846.78925595,98.63786186558418,13,2792.81005859375
2019-03-05,130461627.00898132,98.63507131006133,13,134365577.64048454,98.63507131006132,13,2789.64990234375
2019-03-06,129669975.94482367,98.62673825345347,13,133550237.10730287,98.62673825345345,13,2771.449951171875
2019-03-07,129250555.09840599,98.62228198938827,13,133118265.45712954,98.62228198938826,13,2748.929931640625
2019-03-08,129212225.16072266,98.62187329860514,13,133078788.52942428,98.62187329860512,13,2743.070068359375
2019-03-11,130588509.71242994,91.59842049996284,12,134496257.19839233,91.59842049996284,12,2783.300048828125
2019-03-12,131142112.20323244,100.0,14,135066425.76186398,100.0,14,2791.52001953125
2019-03-13,131355605.15087348,100.0,14,135286307.30013412,100.0,14,2810.919921875
2019-03-14,131645527.44266778,100.0,14,135584905.26415545,100.0,14,2808.47998046875
2019-03-15,132321047.4791278,100.0,14,136280639.64971867,100.0,14,2822.47998046875
2019-03-18,132393747.37139435,100.0,14,136355515.02298167,100.0,14,2832.93994140625
2019-03-19,132305852.83913171,100.0,14,136264990.32334644,100.0,14,2832.570068359375
2019-03-20,132692439.65932049,100.0,14,136663145.41763544,100.0,14,2824.22998046875
2019-03-21,134643050.26462492,100.0,14,138672126.34744823,100.0,14,2854.8798828125
2019-03-22,132669653.36662585,100.0,14,136639677.26496568,100.0,14,2800.7099609375
2019-03-25,133043265.38175048,100.0,14,137024469.29444256,100.0,14,2798.360107421875
2019-03-26,134060241.35499495,100.0,14,138071877.38848758,100.0,14,2818.4599609375
2019-03-27,133151723.34812924,100.0,14,137136172.77106097,100.0,14,2805.3701171875
2019-03-28,133288033.69530591,100.0,14,137276562.0867293,100.0,14,2815.43994140625
2019-03-29,134288775.63904223,100.0,14,138307250.3620636,100.0,14,2834.39990234375
2019-04-01,134833624.8789035,100.0,14,138868403.7411786,100.0,14,2867.18994140625
2019-04-02,135236451.53510636,100.0,14,139283284.63443896,100.0,14,2867.239990234375
2019-04-03,135174950.65502617,100.0,14,139219943.39405414,100.0,14,2873.39990234375
2019-04-04,133973364.5547282,100.0,14,137982400.87559235,100.0,14,2879.389892578125
2019-04-05,134754669.7146736,100.0,14,138787085.91238353,100.0,14,2892.739990234375
2019-04-08,134933148.8191204,100.0,14,138970905.84867865,100.0,14,2895.77001953125
2019-04-09,134876515.28936672,100.0,14,138912577.6098422,100.0,14,2878.199951171875
2019-04-10,135555935.1578604,100.0,14,139612328.5265182,100.0,14,2888.2099609375
2019-04-11,135884330.36266923,100.0,14,139950550.67198834,100.0,14,2888.320068359375
2019-04-12,136491344.94661787,100.0,14,140575729.63900247,100.0,14,2907.409912109375
2019-04-15,136242034.95978814,100.0,14,140318959.26782185,100.0,14,2905.580078125
2019-04-16,135728081.13313416,100.0,14,139789625.8202623,100.0,14,2907.06005859375
2019-04-17,133815887.29507303,100.0,14,137820211.2460138,100.0,14,2900.449951171875
2019-04-18,134089852.76473759,86.79253080134656,12,138102374.89389238,86.79253080134656,12,2905.030029296875
2019-04-22,133822789.68112981,100.0,14,137827320.17996535,100.0,14,2907.969970703125
2019-04-23,135614355.20218006,100.0,14,139672496.73981398,100.0,14,2933.679931640625
2019-04-24,135783499.94053042,100.0,14,139846702.9872321,100.0,14,2927.25
2019-04-25,134692810.5444289,100.0,14,138723375.66031292,100.0,14,2926.169921875
2019-04-26,134989739.8770786,100.0,14,139029190.3447881,100.0,14,2939.8798828125
2019-04-29,134649579.35800177,99.93360585878126,14,138678850.81826136,99.93360585878126,14,2943.030029296875
2019-04-30,134384261.96156728,99.93347477556937,14,138405594.02967677,99.93347477556935,14,2945.830078125
2019-05-01,132777009.16198438,100.0,15,136750245.58905542,100.0,15,2923.72998046875
2019-05-02,133378624.56310186,100.0,15,137369863.8073917,100.0,15,2917.52001953125
2019-05-03,134464389.55813703,100.0,15,138488119.37482902,100.0,15,2945.639892578125
2019-05-06,133612879.52493824,100.0,15,137611128.64506027,100.0,15,2932.469970703125
2019-05-07,131518507.46775582,100.0,15,135454084.3270553,100.0,15,2884.050048828125
2019-05-08,131702463.6781707,93.09566800083788,14,135643545.26694724,93.09566800083788,14,2879.419921875
2019-05-09,131499592.3488517,93.08501632515043,14,135434603.1896821,93.08501632515043,14,2870.719970703125
2019-05-10,132050535.36415787,84.34766686364551,12,136002032.6951681,84.3476668636455,12,2881.39990234375
2019-05-13,129527137.52359849,84.61653625683172,12,133403124.37065233,84.61653625683171,12,2811.8701171875
2019-05-14,129973683.29977755,68.740813980295,10,133863032.64050005,68.740813980295,10,2834.409912109375
2019-05-15,130353351.43667914,68.83185971702795,10,134254062.01592672,68.83185971702794,10,2850.9599609375
2019-05-16,131190498.45129809,76.50087309668255,11,135116259.9262865,76.50087309668254,11,2876.320068359375
2019-05-17,130492913.75851458,100.0,15,134397800.6187649,100.0,15,2859.530029296875
2019-05-20,128286431.63298108,100.0,15,132125291.43619657,100.0,15,2840.22998046875
2019-05-21,129244424.2952661,90.9493158926043,14,133111951.19504209,90.9493158926043,14,2864.360107421875
2019-05-22,129474183.02821517,90.96537680655797,14,133348585.25808747,90.96537680655797,14,2856.27001953125
2019-05-23,128056106.64262739,98.401321255916,15,131888074.17098662,98.401321255916,15,2822.239990234375
2019-05-24,128666879.35366939,100.0,16,132517123.7237762,100.0,16,2826.06005859375
2019-05-28,127722552.91098344,100.0,16,131544539.13425589,100.0,16,2802.389892578125
2019-05-29,126615153.66617464,92.63663149069575,14,130404001.93095149,92.63663149069575,14,2783.02001953125
2019-05-30,127458950.22469333,92.68537804789163,14,131273048.36702426,92.68537804789163,14,2788.860107421875
2019-05-31,126754336.79428148,100.0,15,130547349.99301879,100.0,15,2752.06005859375
2019-06-03,126053632.34137627,93.04573012013691,14,129825677.56926933,93.04573012013691,14,2744.449951171875
2019-06-04,127496774.37980065,78.22542417217818,11,131312004.37705019,78.22542417217818,11,2803.27001953125
2019-06-05,129330777.81801535,100.0,14,133200888.77179554,100.0,14,2826.14990234375
2019-06-06,129761611.79553507,100.0,14,133644615.08108495,100.0,14,2843.489990234375
2019-06-07,130692414.46887021,100.0,14,134603271.21422797,100.0,14,2873.340087890625
2019-06-10,130395640.00397836,100.0,14,134297616.03179348,100.0,14,2886.72998046875
2019-06-11,129912571.61749233,100.0,14,133800092.24431546,100.0,14,2885.719970703125
2019-06-12,130382091.08113898,100.0,14,134283661.66923138,100.0,14,2879.840087890625
2019-06-13,130207569.78830971,100.0,14,134103917.97862142,100.0,14,2891.639892578125
2019-06-14,130531162.0649514,100.0,14,134437193.47247964,100.0,14,2886.97998046875
2019-06-17,130524339.2243624,100.0,14,134430166.4643248,100.0,14,2889.669921875
2019-06-18,130945745.69716166,100.0,14,134864183.15902084,100.0,14,2917.75
2019-06-19,132120020.18781148,100.0,14,136073596.7916884,100.0,14,2926.4599609375
2019-06-20,132590881.19557047,100.0,14,136558547.90525654,100.0,14,2954.179931640625
2019-06-21,131199870.0251876,100.0,14,135125911.93636742,100.0,14,2950.4599609375
2019-06-24,130932691.20527852,100.0,14,134850738.02283108,100.0,14,2945.35009765625
2019-06-25,129543779.72721258,100.0,14,133420264.57772383,100.0,14,2917.3798828125
2019-06-26,128655676.27713555,85.49704939278733,12,132505585.4049285,85.49704939278733,12,2913.780029296875
2019-06-27,129205725.69175825,85.55879077033921,12,133072094.56950837,85.55879077033921,12,2924.919921875
2019-06-28,130192316.13736263,100.0,14,134088207.87544693,100.0,14,2941.760009765625
2019-07-01,131208663.5531175,100.0,14,135134968.60296658,100.0,14,2964.330078125
2019-07-02,132112915.67000252,100.0,14,136066279.67736793,100.0,14,2973.010009765625
2019-07-03,133131441.99511154,100.0,14,137115284.51620758,100.0,14,2995.820068359375
2019-07-05,133012212.18703368,100.0,14,136992486.8599033,100.0,14,2990.409912109375
2019-07-08,132318694.05275671,100.0,14,136278215.79911193,100.0,14,2975.949951171875
2019-07-09,132663532.21645331,100.0,14,136633372.94470218,100.0,14,2979.6298828125
2019-07-10,133146740.34824881,100.0,14,137131040.65924644,100.0,14,2993.070068359375
2019-07-11,133348430.5498612,100.0,14,137338766.2645864,100.0,14,2999.909912109375
2019-07-12,133664612.3744885,100.0,14,137664409.5551039,100.0,14,3013.77001953125
2019-07-15,133481444.96607448,100.0,14,137475761.0214261,100.0,14,3014.300048828125
2019-07-16,133118312.11651817,100.0,14,137101761.73742586,100.0,14,3004.0400390625
2019-07-17,132542222.00700128,100.0,14,136508432.6328235,100.0,14,2984.419921875
2019-07-18,133469574.49456608,100.0,14,137463535.33639017,100.0,14,2995.110107421875
2019-07-19,132071487.21158063,100.0,14,136023611.50838804,100.0,14,2976.610107421875
2019-07-22,132466218.23734781,84.57806345481164,12,136430154.51651853,84.57806345481164,12,2985.030029296875
2019-07-23,132830240.86930577,99.57515682816197,14,136805070.2088843,99.57515682816197,14,3005.469970703125
2019-07-24,132866229.25893797,100.0,15,136842135.51975116,100.0,15,3019.56005859375
2019-07-25,132554491.0346448,100.0,15,136521068.80044,100.0,15,3003.669921875
2019-07-26,133361484.56690416,100.0,15,137352210.9117269,100.0,15,3025.860107421875
2019-07-29,132261878.36937837,100.0,15,136219699.9558621,100.0,15,3020.969970703125
2019-07-30,132602736.35327008,100.0,15,136570757.8182313,100.0,15,3013.179931640625
2019-07-31,131148840.63368905,100.0,15,135073355.53474545,100.0,15,2980.3798828125
2019-08-01,131320813.98267965,100.0,15,135250475.03651512,100.0,15,2953.56005859375
2019-08-02,131059598.20132789,100.0,15,134981442.60027447,100.0,15,2932.050048828125
2019-08-05,127230725.83676624,86.50771190532738,13,131037994.56294015,86.50771190532738,13,2844.739990234375
2019-08-06,129175998.07667162,70.79927535888942,10,133041477.38141589,70.79927535888939,10,2881.77001953125
2019-08-07,130251622.02730916,85.87584048388511,12,134149288.44252895,85.87584048388509,12,2883.97998046875
2019-08-08,132865873.5536887,100.0,14,136841769.17033193,100.0,14,2938.090087890625
2019-08-09,133473595.76607765,100.0,14,137467676.94095153,100.0,14,2918.64990234375
2019-08-12,132945071.96044706,100.0,14,136923337.52047646,100.0,14,2882.699951171875
2019-08-13,134121711.30707294,100.0,14,138135186.77537674,100.0,14,2926.320068359375
2019-08-14,130648004.46127547,100.0,14,134557532.2758115,100.0,14,2840.60009765625
2019-08-15,132105283.60980932,100.0,14,136058419.23441657,100.0,14,2847.60009765625
2019-08-16,133447442.18804657,100.0,14,137440740.7398625,100.0,14,2888.679931640625
2019-08-19,134584634.7939719,100.0,14,138611962.8446821,100.0,14,2923.64990234375
2019-08-20,134129364.67425498,100.0,14,138143069.16291004,100.0,14,2900.510009765625
2019-08-21,135240922.00581583,100.0,14,139287888.88009328,100.0,14,2924.429931640625
2019-08-22,135193876.96325234,100.0,14,139239436.0555801,100.0,14,2922.949951171875
2019-08-23,132763705.33419555,100.0,14,136736543.65579998,100.0,14,2847.110107421875
2019-08-26,134671414.85809284,100.0,14,138701339.7266865,100.0,14,2878.3798828125
2019-08-27,134004731.82745889,100.0,14,138014706.78665677,100.0,14,2869.159912109375
2019-08-28,134110639.12184393,100.0,14,138123783.2646422,100.0,14,2887.93994140625
2019-08-29,135033852.12280872,100.0,14,139074622.61107546,100.0,14,2924.580078125
2019-08-30,135400576.20770288,100.0,14,139452320.59500515,100.0,14,2926.4599609375
2019-09-03,135978900.82730317,100.0,14,140047951.0754602,100.0,14,2906.27001953125
2019-09-04,135501270.92319542,100.0,14,139556028.5122119,100.0,14,2937.780029296875
2019-09-05,134583854.80339587,100.0,14,138611159.513567,100.0,14,2976.0
2019-09-06,134658448.3490131,100.0,14,138687985.20610887,100.0,14,2978.7099609375
2019-09-09,131127836.78103483,100.0,14,135051723.1600828,100.0,14,2978.429931640625
2019-09-10,128115196.17915843,100.0,14,131948931.9104655,100.0,14,2979.389892578125
2019-09-11,128034058.85785854,99.48415798437867,14,131708462.48492041,84.33082953176276,12,3000.929931640625
2019-09-12,128481905.77639186,100.0,15,131556607.62139574,99.32895052987853,14,3009.570068359375
2019-09-13,127361102.20613237,100.0,15,130413997.23172407,100.0,15,3007.389892578125
2019-09-16,127426480.63978086,100.0,16,130299271.05049363,91.10159816792479,14,2997.9599609375
2019-09-17,127855062.53906499,100.0,17,130745797.31304397,90.54650728423621,14,3005.699951171875
2019-09-18,128378112.30158444,100.0,17,131188582.88141507,98.04301618881559,15,3006.72998046875
2019-09-19,128018839.88890289,100.0,17,130993977.07690907,100.0,16,3006.7900390625
2019-09-20,127763919.9643632,100.0,17,130711661.96238317,100.0,16,2992.070068359375
2019-09-23,127597368.7486391,100.0,17,130548058.10063781,100.0,16,2991.780029296875
2019-09-24,128041243.91805145,100.0,17,130798127.79688384,100.0,16,2966.60009765625
2019-09-25,129201016.34608254,100.0,17,132253261.75359188,100.0,16,2984.8701171875
2019-09-26,129607405.54586795,100.0,17,131790931.54935154,100.0,16,2977.6201171875
2019-09-27,128309592.84401861,100.0,17,130873208.51080447,92.90287537943264,15,2961.7900390625
2019-09-30,128746596.15519686,100.0,17,131867351.26858053,92.95638032189713,15,2976.739990234375
2019-10-01,127054744.72784083,100.0,17,130352631.58892787,99.8303746768993,15,2940.25
2019-10-02,125188738.6019225,100.0,17,128236378.35098433,100.0,15,2887.610107421875
2019-10-03,125997278.57000399,93.12192599694029,16,129393431.80884604,93.06135999608861,14,2910.6298828125
2019-10-04,126819312.29867096,91.86598636137572,15,130774477.95480902,93.13463562437242,14,2952.010009765625
2019-10-07,126551489.64070167,91.84877223644648,15,130552615.45313871,93.12296855121599,14,2938.7900390625
2019-10-08,124811925.40657519,84.66073489737822,14,128905814.40188378,86.03093271793891,13,2893.06005859375
2019-10-09,125621253.9743469,77.4505175090827,13,129821760.6320254,86.12949026679134,13,2919.39990234375
2019-10-10,125552598.14896202,77.4381867938666,13,129936565.96835212,86.14174554322624,13,2938.1298828125
2019-10-11,125493219.91014063,84.974279584561,14,130175107.63841303,86.16714034582881,13,2970.27001953125
2019-10-14,125323397.57491416,99.96108087553056,16,129893613.53303182,93.66697754726151,14,2966.14990234375
2019-10-15,125770565.67764571,84.31854898127055,14,130471583.03527938,78.11248764349568,12,2995.679931640625
2019-10-16,125736021.47763589,84.81032032775212,14,130518244.04947741,71.04175720768912,11,2989.68994140625
2019-10-17,126158694.44148183,84.8612107317418,14,130947916.12295432,71.13677627017758,11,2997.949951171875
2019-10-18,126505436.62563579,99.84818891436524,16,131477517.30184868,86.17923343168225,13,2986.199951171875
2019-10-21,127096663.09651808,100.0,17,131510352.43670762,93.69528659681905,14,3006.719970703125
2019-10-22,127299045.39399727,100.0,17,131278838.69630674,100.0,15,2995.989990234375
2019-10-23,127153214.34106007,100.0,17,131074086.97752091,100.0,15,3004.52001953125
2019-10-24,127492843.63251533,100.0,17,131581008.63396132,100.0,15,3010.2900390625
2019-10-25,128002567.16642186,100.0,17,131193972.77147426,100.0,15,3022.550048828125
2019-10-28,128011548.63436894,100.0,17,131133461.79266357,100.0,15,3039.419921875
2019-10-29,128071229.00262363,100.0,17,130923298.77118161,100.0,15,3036.889892578125
2019-10-30,127711266.09890208,100.0,17,130602346.54253197,100.0,15,3046.77001953125
2019-10-31,127137532.71698786,100.0,17,129973447.69414349,100.0,15,3037.56005859375
2019-11-01,128384597.40264985,100.0,17,131358655.14614692,100.0,15,3066.909912109375
2019-11-04,128808989.20837286,100.0,17,131041167.87508728,100.0,15,3078.27001953125
2019-11-05,128363095.27524798,100.0,17,130732940.80217828,100.0,15,3074.6201171875
2019-11-06,128922157.16920832,100.0,17,131511325.7714388,100.0,15,3076.780029296875
2019-11-07,128777955.97382292,100.0,17,131299141.96725789,100.0,15,3085.179931640625
2019-11-08,128856318.5061712,100.0,17,131446653.86897951,100.0,15,3093.080078125
2019-11-11,129110279.21247181,100.0,17,132083921.48410802,100.0,15,3087.010009765625
2019-11-12,128691010.17663331,100.0,17,131563139.24088052,100.0,15,3091.840087890625
2019-11-13,129446367.42267781,100.0,17,132478697.5909487,100.0,15,3094.0400390625
2019-11-14,129850125.74775803,100.0,17,132689528.82154047,100.0,15,3096.6298828125
2019-11-15,129750057.96304789,100.0,17,133067078.29963957,100.0,15,3120.4599609375
2019-11-18,130571914.09959328,100.0,17,133529876.98938332,100.0,15,3122.030029296875
2019-11-19,130326633.73634803,100.0,17,133244531.07354467,100.0,15,3120.179931640625
2019-11-20,130214126.13532144,100.0,17,132834801.72982123,100.0,15,3108.4599609375
2019-11-21,129603802.8577905,100.0,17,131736852.02915616,100.0,15,3103.5400390625
2019-11-22,129103405.58020318,100.0,17,131357899.52382283,100.0,15,3110.2900390625
2019-11-25,130864018.74495456,100.0,17,133052197.39800513,100.0,15,3133.639892578125
2019-11-26,131251937.44582646,100.0,17,133773061.02361798,100.0,15,3140.52001953125
2019-11-27,131544525.27021287,100.0,17,133912951.56284873,100.0,15,3153.6298828125
2019-11-29,130901545.18222705,100.0,17,133098671.97948644,100.0,15,3140.97998046875
2019-12-02,129344506.74870513,100.0,17,131837587.81857449,100.0,15,3113.8701171875
2019-12-03,127655132.18949005,92.59106138279243,16,130253525.05525298,92.5620925252708,14,3093.199951171875
2019-12-04,128571155.04174504,85.36007978762076,15,131252306.60826059,85.27020551860363,13,3112.760009765625
2019-12-05,128361683.36137074,100.0,17,131430065.26128681,92.74842816124837,14,3117.429931640625
2019-12-06,129368990.45973101,99.7398241102588,17,132096891.91303411,85.11815721212568,13,3145.909912109375
2019-12-09,128688354.63904412,100.0,18,131172109.90918964,100.0,15,3135.9599609375
2019-12-10,129172999.7904037,92.33577345898168,17,131662860.12610513,100.0,15,3132.52001953125
2019-12-11,129917180.30730906,99.95061703220769,18,132695822.00063598,100.0,15,3141.6298828125
2019-12-12,130837150.9240167,92.35927267399828,17,133426879.72685915,100.0,15,3168.570068359375
2019-12-13,130458442.10492364,100.0,19,133436972.76608434,100.0,15,3168.800048828125
2019-12-16,131459982.76914936,100.0,19,134967624.7056207,100.0,15,3191.449951171875
2019-12-17,132833524.7783472,100.0,19,136655892.74062032,100.0,15,3192.52001953125
2019-12-18,131972736.55108885,100.0,19,135321333.02547246,100.0,15,3191.139892578125
2019-12-19,132987059.8149425,100.0,19,136119453.70755434,100.0,15,3205.3701171875
2019-12-20,133562336.76835208,100.0,19,137078599.6741677,100.0,15,3221.219970703125
2019-12-23,133744982.31546345,100.0,19,137175933.23181725,100.0,15,3224.010009765625
2019-12-24,134068664.65954758,100.0,19,137653153.14999288,100.0,15,3223.3798828125
2019-12-26,134688534.48979795,100.0,19,138138807.69229218,100.0,15,3239.909912109375
2019-12-27,134342888.24241576,100.0,19,137913678.84431273,100.0,15,3240.02001953125
2019-12-30,133517055.53866817,100.0,19,137561236.46974307,100.0,15,3221.2900390625
2019-12-31,133835727.1828022,100.0,19,137766305.76272854,100.0,15,3230.780029296875
2020-01-02,135525761.90121722,100.0,19,139868869.65448168,100.0,15,3257.85009765625
2020-01-03,134439951.42330846,100.0,19,139267825.01503843,100.0,15,3234.85009765625
2020-01-06,134390763.69934267,100.0,19,139383408.15551028,100.0,15,3246.280029296875
2020-01-07,134909053.4042552,100.0,19,139900250.40642923,100.0,15,3237.179931640625
2020-01-08,135422935.96402508,100.0,19,141014253.9854769,100.0,15,3253.050048828125
2020-01-09,135434570.69719464,93.52035322025839,18,141902925.28607237,100.0,15,3274.699951171875
2020-01-10,135155411.50724027,100.0,19,141491042.36315286,100.0,15,3265.35009765625
2020-01-13,137777277.31858328,100.0,19,143629362.07739663,100.0,15,3288.1298828125
2020-01-14,137775965.47255576,100.0,19,143474267.7196137,100.0,15,3283.14990234375
2020-01-15,137331170.49257466,100.0,19,142861985.0170868,100.0,15,3289.2900390625
2020-01-16,138482036.74995708,100.0,19,144387446.46956334,100.0,15,3316.81005859375
2020-01-17,138877270.2447556,100.0,19,145388087.94442067,100.0,15,3329.6201171875
2020-01-21,139255539.68017292,100.0,19,146302607.8378929,100.0,15,3320.7900390625
2020-01-22,140039166.31913805,100.0,19,147708704.36433122,100.0,15,3321.75
2020-01-23,140201947.5422398,100.0,19,148059282.80324543,100.0,15,3325.5400390625
2020-01-24,138851618.56307468,100.0,19,146289479.67682898,100.0,15,3295.469970703125
2020-01-27,135855084.03402475,94.354757299224,18,142881307.00285545,100.0,15,3243.6298828125
2020-01-28,137591576.2693324,100.0,19,145076766.3579352,99.99203424060059,15,3276.239990234375
2020-01-29,137922761.4562,100.0,19,144907389.37452394,99.99202492971379,15,3273.39990234375
2020-01-30,139578806.6355801,100.0,19,145643409.72158816,99.9920652323544,15,3283.659912109375
2020-01-31,136900125.33237097,100.0,19,142721586.6495594,100.0,16,3225.52001953125
2020-02-03,141183492.74280724,100.0,18,147429956.50234595,100.0,16,3248.919921875
2020-02-04,145167319.34998852,100.0,18,152743113.543313,100.0,16,3297.590087890625
2020-02-05,141896157.9057107,100.0,18,149316128.84450462,100.0,16,3334.68994140625
2020-02-06,142931769.24199763,100.0,18,151001629.55168056,100.0,16,3345.780029296875
2020-02-07,141723165.20942244,100.0,18,149837532.5771124,100.0,16,3327.7099609375
2020-02-10,143721478.47115836,100.0,18,152103852.39215767,100.0,16,3352.090087890625
2020-02-11,145291117.59637284,100.0,18,153709275.715825,100.0,16,3357.75
2020-02-12,146082660.5440502,100.0,18,154703004.90936643,100.0,16,3379.449951171875
2020-02-13,146762968.54905114,100.0,18,156460445.25584173,100.0,16,3373.93994140625
2020-02-14,147741949.229149,100.0,18,156556905.29085413,100.0,16,3380.159912109375
2020-02-18,149135096.426615,100.0,18,158746636.77743816,100.0,16,3370.2900390625
2020-02-19,152818925.53710693,100.0,18,161831543.12694985,100.0,16,3386.14990234375
2020-02-20,151399497.01091263,100.0,18,158916027.07017362,100.0,16,3373.22998046875
2020-02-21,149708218.50038967,100.0,18,155541704.84399927,100.0,16,3337.75
2020-02-24,144345659.1147998,100.0,18,148900087.23784873,100.0,16,3225.889892578125
2020-02-25,141248804.49680802,85.56719241888436,15,145868364.23888987,84.09113728539896,13,3128.2099609375
2020-02-26,141614135.32992092,85.08360914064758,14,146012324.4878141,76.09481680220324,11,3116.389892578125
2020-02-27,135521486.22797456,77.14686886436652,13,139798536.8058297,67.77765479034443,10,2978.760009765625
2020-02-28,134689714.4380283,56.95594346364252,8,138151281.6044734,40.96348325564828,5,2954.219970703125
2020-03-02,138318642.80386132,45.73289209196826,5,141122585.93915084,28.363925647848724,3,3090.22998046875
2020-03-03,138017763.47649133,45.61458955963904,5,140609044.27385518,28.102291631999805,3,3003.3701171875
2020-03-04,140591204.87667775,46.61008331699122,5,142031216.34086186,28.82221021861086,3,3130.1201171875
2020-03-05,139646589.87979662,68.82297935010088,8,141329131.15058696,51.00237697878413,6,3023.93994140625
2020-03-06,137500561.81321543,61.540504571279676,7,139416776.50287914,43.336591395513125,5,2972.3701171875
2020-03-09,131689170.3696031,59.84330212074542,7,135604600.52463928,41.7436448119054,5,2746.56005859375
2020-03-10,133746814.16596115,26.04634928764452,3,137045641.70815843,17.28425486866339,2,2882.22998046875
2020-03-11,132231605.89853324,25.198933254205276,3,136083135.36936718,16.699212285755106,2,2741.3798828125
2020-03-12,130515667.67712191,24.215495696739143,3,134715994.55042544,15.853849361224876,2,2480.639892578125
2020-03-13,132245533.1452099,16.868203996447537,2,136146737.5669663,16.738127013019565,2,2711.02001953125
2020-03-16,131749235.36046585,16.55504752092437,2,135631949.98754457,16.422108714550614,2,2386.1298828125
2020-03-17,133690724.04066584,17.766855085140048,2,137620907.45407534,17.6300129057402,2,2529.18994140625
2020-03-18,133830390.70063424,17.85267437199133,2,137758376.4546132,17.712209866038265,2,2398.10009765625
2020-03-19,134045270.51177666,17.98435974775585,2,137978076.63687646,17.843235337121264,2,2409.389892578125
2020-03-20,131916853.27143632,16.661075433724804,2,135799993.99634862,16.52553113369575,2,2304.919921875
2020-03-23,132119084.19611955,16.788639955381086,2,136013613.5366833,16.65663402262894,2,2237.39990234375
2020-03-24,131647099.97369014,16.490308666079596,2,135533486.76813522,16.36139052273218,2,2447.330078125
2020-03-25,130391781.98270914,15.686337615460458,2,134254600.07517138,15.564663225354014,2,2475.56005859375
2020-03-26,130966278.0143345,8.789314610318092,1,134847193.71375668,8.805698406441133,1,2630.070068359375
2020-03-27,130895527.02377374,8.740013870348017,1,134774210.37133223,8.756314589448069,1,2541.469970703125
2020-03-30,131493093.48604399,9.154742169854604,1,135390631.39090502,9.171738648059335,1,2626.64990234375
2020-03-31,131882224.32246442,9.42278959888369,1,135792040.17482874,9.440232014005142,1,2584.590087890625
2020-04-01,132094986.01470013,9.568679773403916,1,136011514.9739259,9.586363662408758,1,2470.5
2020-04-02,132148431.18637209,9.60525317341058,1,136066646.46020126,9.622997461216388,1,2526.89990234375
2020-04-03,132010237.83052957,9.510624502030272,1,135924092.79515287,9.52821240374016,1,2488.64990234375
2020-04-06,132288914.94971406,9.701247567388126,1,136211562.80022424,9.71915012374312,1,2663.679931640625
2020-04-07,132218673.45637938,9.653276134523775,1,136139105.03080195,9.671099646239947,1,2659.409912109375
2020-04-08,132494042.7269575,9.841048436869695,1,136423162.81725118,9.859180811908667,1,2749.97998046875
2020-04-09,132510076.35612635,9.851957608725655,1,136439702.34325162,9.870107883699783,1,2789.820068359375
2020-04-13,132613403.32557826,9.922197296334332,1,136546289.50950074,9.940462704980728,1,2761.6298828125
2020-04-14,132812422.57281718,10.057178769751784,1,136751588.25875044,10.075664866799043,1,2846.06005859375
2020-04-15,132477754.34917563,9.82996323188043,1,136406360.50474966,9.848077413155584,1,2783.360107421875
2020-04-16,133196462.32034002,10.316507116428765,1,137147745.31854448,10.335415110068164,1,2799.550048828125
2020-04-17,133930949.17206024,10.808337770557126,1,137905406.87183866,10.828038352362933,1,2874.56005859375
2020-04-20,133910589.47650549,10.794777117168085,1,137884404.78239012,10.814455978650827,1,2823.159912109375
2020-04-21,133311751.6011879,10.39406626087242,1,137266672.23384702,10.413099899240281,1,2736.56005859375
2020-04-22,133658380.58288023,10.626449845277174,1,137624238.13454452,10.64585846749413,1,2799.31005859375
2020-04-23,133847728.70289525,10.752882425529828,1,137819560.6108937,10.772494136036562,1,2797.800048828125
2020-04-24,133865289.27039707,10.764589941653323,1,137837675.25354388,10.784220424805712,1,2836.739990234375
2020-04-27,133389628.56286007,10.44638095686929,1,137347006.38769633,10.465499205237967,1,2878.47998046875
2020-04-28,132908368.04587203,10.122107762995052,1,136850561.0258953,10.14069975021551,1,2863.389892578125
2020-04-29,132591261.9430775,9.907155226025466,1,136523449.51690143,9.925395995396428,1,2939.510009765625
2020-04-30,132838890.02170382,10.075099402958248,1,136778890.81479785,10.093614743314177,1,2912.429931640625
2020-05-01,132829218.89447992,10.068552084819135,1,136768914.5418974,10.087056742632361,1,2830.7099609375
2020-05-04,133244563.20784657,10.34888258825689,1,137197363.8965458,10.367843059650879,1,2842.739990234375
2020-05-05,134072960.65040779,10.90281050948997,1,138051899.12968972,10.922662200938166,1,2868.43994140625
2020-05-06,133541819.1123124,10.548440480831264,1,137503998.8890933,10.567723470384154,1,2848.419921875
2020-05-07,133702918.09649476,10.656220891141126,1,137670180.90624425,10.675677393407,1,2881.18994140625
2020-05-08,133793774.81066984,10.716892489751007,1,137763904.35279456,10.736446456354146,1,2929.800048828125
2020-05-11,134066343.39984983,10.8984128477658,1,138045073.0900887,10.918257513238995,1,2930.18994140625
2020-05-12,133644636.58453825,10.617258680135528,1,137610060.4823403,10.636652513095052,1,2870.1201171875
2020-05-13,134142948.17180206,10.94929593075602,1,138124094.91378933,10.96922184175914,1,2820.0
2020-05-14,133983630.8745657,10.843407492021376,1,137959750.79978916,10.863164210672267,1,2852.5
2020-05-15,134132767.54735209,10.942537017242847,1,138113593.0678867,10.962452142325215,1,2863.699951171875
2020-05-18,133714370.91066469,10.663873304957256,1,137681995.08229554,10.68334210855225,1,2953.909912109375
2020-05-19,133646163.52287123,10.61827989863092,1,137611635.59899002,10.63767537497653,1,2922.93994140625
2020-05-20,134137095.16708319,10.945410248048432,1,138118057.2336915,10.96532995848084,1,2971.610107421875
2020-05-21,133732184.67343433,10.675773301742558,1,137700370.90909007,10.695261229934738,1,2948.510009765625
2020-05-22,133959453.05650592,10.827315967136013,1,137934810.11753798,10.847046933993484,1,2955.449951171875
2020-05-26,133330839.1070227,10.406894154213024,1,137286361.99314693,10.425948549854938,1,2991.77001953125
2020-05-27,133300298.78701799,10.386367552640145,1,137254858.05779576,10.40538873021752,1,3036.1298828125
2020-05-28,134170689.36375386,10.967708094297416,1,138152711.4023421,10.987663378071751,1,3029.72998046875
2020-05-29,135111434.57582128,19.088566624224175,2,139123026.49184367,19.10934217087868,2,3044.31005859375
2020-06-01,135004343.30788773,56.44709373147761,7,139012123.4988162,56.46768782033947,7,3055.72998046875
2020-06-02,136798031.6846546,64.60402217868507,8,140859924.5352804,64.62456339487456,8,3080.820068359375
2020-06-03,135724959.15469593,64.32417349272757,8,139754362.64985514,64.34471714428636,8,3122.8701171875
2020-06-04,134538089.06946564,71.53240138085742,9,138531983.19151908,71.55307008922969,9,3112.35009765625
2020-06-05,133562091.77086693,71.32437604236885,9,137526940.07410178,71.3451807033169,9,3193.929931640625
2020-06-08,134535702.895169,79.41266131087544,10,138529791.35144082,79.43332746708326,10,3232.389892578125
2020-06-09,133786061.54324134,79.29730459710807,10,137758110.27004707,79.31811891733065,10,3207.179931640625
2020-06-10,135134625.68609506,79.50390532981456,10,139146615.57600287,79.52449764599436,10,3190.139892578125
2020-06-11,129656301.05255586,71.64297887355198,9,133505157.99367899,71.66436086118212,9,3002.10009765625
2020-06-12,129963450.58092973,64.81676514118269,8,133821059.74503735,64.8379981609557,8,3041.31005859375
2020-06-15,131431512.88398816,58.29758765371946,7,135332812.9435281,58.31864246349778,7,3066.590087890625
2020-06-16,131012486.87311845,65.76106994598703,8,134901460.5443911,65.78222040914756,8,3124.739990234375
2020-06-17,131596490.5429686,73.41843019328338,9,135503287.1295804,73.4395823224178,9,3113.489990234375
2020-06-18,131013731.33534819,73.3001933153624,9,134902954.7988025,73.3213856715394,9,3115.340087890625
2020-06-19,131865086.11565626,73.47257410791224,9,135781792.49267286,73.49406104620975,9,3097.739990234375
2020-06-22,132662357.51035002,100.0,13,136602138.3674216,100.0,13,3117.860107421875
2020-06-23,132748455.69115676,100.0,13,136690652.2489922,100.0,13,3131.2900390625
2020-06-24,130380626.39997077,93.04133557719048,12,134251052.32780194,93.04131925072318,12,3050.330078125
2020-06-25,133731476.13254419,93.21569571658749,12,137701621.2377186,93.2156919794657,12,3083.760009765625
2020-06-26,130899356.0061972,86.2531443574857,11,134786360.5625983,86.25326464650523,11,3009.050048828125
2020-06-29,130954851.83298919,86.25896997684225,11,134843276.83357272,86.25906703378597,11,3053.239990234375
2020-06-30,132671907.00901191,86.43680797779555,11,136612413.19019598,86.43701267954957,11,3100.2900390625
2020-07-01,132923256.40043913,93.41171594892553,12,136870001.3945428,93.41186122506917,12,3115.860107421875
2020-07-02,133450147.70494457,100.0,13,137413208.0921878,100.0,13,3130.010009765625
2020-07-06,136481004.0319296,100.0,13,140534081.24537104,100.0,13,3179.719970703125
2020-07-07,136380510.11883715,100.0,13,140431503.62090442,100.0,13,3145.320068359375
2020-07-08,139688994.9332631,100.0,13,143837973.70284128,100.0,13,3169.93994140625
2020-07-09,140300671.55764928,100.0,13,144467959.8348171,100.0,13,3152.050048828125
2020-07-10,140022989.0397004,100.0,13,144180866.00184804,100.0,13,3185.0400390625
2020-07-13,134823222.3169729,100.0,13,138827161.68262675,100.0,13,3155.219970703125
2020-07-14,138360042.30626768,100.0,13,142469967.38217926,100.0,13,3197.52001953125
2020-07-15,142522495.2263734,100.0,13,146755773.46814024,100.0,13,3226.56005859375
2020-07-16,141303948.75166306,100.0,13,145501138.4041106,100.0,13,3215.570068359375
2020-07-17,141987506.68925098,100.0,13,146205317.9426008,100.0,13,3224.72998046875
2020-07-20,144738339.25651678,100.0,13,149038275.02448606,100.0,13,3251.840087890625
2020-07-21,143536986.7588603,100.0,13,147800491.2720069,100.0,13,3257.300048828125
2020-07-22,145015152.92519134,100.0,13,149322673.99711344,100.0,13,3276.02001953125
2020-07-23,141258656.1320987,100.0,13,145454410.89188737,100.0,13,3235.659912109375
2020-07-24,140821689.9753906,100.0,13,145003328.6776734,100.0,13,3215.6298828125
2020-07-27,141827545.82682905,93.33573320358556,12,146040200.4837819,93.33573500860781,12,3239.409912109375
2020-07-28,139352013.1121066,100.0,13,143491150.93105015,100.0,13,3218.43994140625
2020-07-29,140543109.36899006,100.0,13,144717298.30070537,100.0,13,3258.43994140625
2020-07-30,140194700.02852046,100.0,13,144358589.1311832,100.0,13,3246.219970703125
2020-07-31,140272491.0089152,100.0,13,144438196.9162102,100.0,13,3271.1201171875
2020-08-03,143647243.75393632,100.0,13,147913918.4505128,100.0,13,3294.610107421875
2020-08-04,145764490.21369955,100.0,13,150093767.27500105,100.0,13,3306.510009765625
2020-08-05,146390123.88266402,100.0,13,150736958.30119234,100.0,13,3327.77001953125
2020-08-06,146027197.07131296,100.0,13,150363024.5058343,100.0,13,3349.159912109375
2020-08-07,144091826.8988336,100.0,13,148368248.93980968,100.0,13,3351.280029296875
2020-08-10,142450411.81050983,100.0,14,146672541.52441284,96.4617401581607,13,3360.469970703125
2020-08-11,139890098.59069628,92.15236282062462,13,144174492.2401661,88.55992316782276,12,3333.68994140625
2020-08-12,142809679.59133875,99.73547507662477,14,147111612.57764012,96.21463013884012,13,3380.35009765625
2020-08-13,144383576.94702467,99.7383586114853,14,148746533.21831653,96.25623634763507,13,3373.429931640625
2020-08-14,143716069.22210747,99.73714338448293,14,148098469.74945468,96.23985402806582,13,3372.85009765625
2020-08-17,145786034.4890807,99.7408755942671,14,150267228.8306508,96.29412301796279,13,3381.989990234375
2020-08-18,148115499.33898112,100.0,15,152637687.11806825,100.0,14,3389.780029296875
2020-08-19,147912557.756162,100.0,15,152435609.28924888,100.0,14,3374.85009765625
2020-08-20,148075330.3080865,100.0,15,152979277.23472357,100.0,14,3385.510009765625
2020-08-21,148455248.86763525,100.0,15,153458745.81366462,100.0,14,3397.159912109375
2020-08-24,147802236.66645506,100.0,15,152632075.28266874,100.0,14,3431.280029296875
2020-08-25,148575397.12102696,100.0,15,153555587.6105073,100.0,14,3443.6201171875
2020-08-26,150184073.00841528,100.0,15,155625200.82756597,100.0,14,3478.72998046875
2020-08-27,148475624.1006344,100.0,15,154063512.64339516,100.0,14,3484.550048828125
2020-08-28,148548602.98735085,100.0,15,154070504.88104963,100.0,14,3508.010009765625
2020-08-31,149292589.50870946,100.0,15,155534875.51573718,100.0,14,3500.31005859375
2020-09-01,152087411.3285648,100.0,15,158165120.29287267,100.0,14,3526.64990234375
2020-09-02,153345976.3442493,100.0,15,158869566.66643754,100.0,14,3580.840087890625
2020-09-03,145990974.03951418,100.0,15,150808770.22647306,100.0,14,3455.06005859375
2020-09-04,141852814.8041622,84.99301942384882,13,146743306.04833472,85.00790282736254,12,3426.9599609375
2020-09-08,138039810.825276,76.4997249856805,11,141833022.75378278,73.11895683940884,10,3331.840087890625
2020-09-09,140681101.42558035,54.1750062064292,8,144444681.6729807,50.773848669970256,7,3398.9599609375
2020-09-10,139073797.977606,53.645397670537555,8,142895374.43412468,50.240126477081525,7,3339.18994140625
2020-09-11,138365435.78307456,53.408085167983025,8,142184883.99319357,49.99147898736899,7,3340.969970703125
2020-09-14,139431232.598609,46.33849805459603,7,143233217.20346636,42.91440533495556,6,3383.5400390625
2020-09-15,140239411.17138898,54.13842268048701,8,144002210.25311717,50.71311699367066,7,3401.199951171875
2020-09-16,138704789.73440415,76.25319504500368,11,142439563.27975124,65.15072195032704,9,3385.489990234375
2020-09-17,138169679.25172478,83.56778529807063,12,141979596.63655078,72.43970834580928,10,3357.010009765625
2020-09-18,137628230.31017873,63.61543092130457,9,141157648.17732823,55.75901520941227,8,3319.469970703125
2020-09-21,135974811.69557956,50.7487001735139,7,139704773.21344057,42.858884615931785,6,3281.06005859375
2020-09-22,135890186.01276928,43.469070141809496,6,139774797.73218036,35.65025373310925,5,3315.570068359375
2020-09-23,133805218.21098876,35.684242427911705,5,137879773.055869,27.869669131307447,4,3236.919921875
2020-09-24,133656988.64736058,30.279838864458664,4,137626205.1506067,22.46172855039093,3,3246.590087890625
2020-09-25,134312419.73366863,30.620066231676468,4,138111647.39441276,22.734264235711166,3,3298.4599609375
2020-09-28,134817392.65900725,30.879936174447163,4,138455313.46169025,22.92604894141523,3,3351.60009765625
2020-09-29,134701146.22058848,30.82028589329929,4,138344615.79756188,22.86437753990718,3,3335.469970703125
2020-09-30,136115027.384056,38.999352672189715,5,139584064.09327075,31.021146254762993,4,3363.0
2020-10-01,135967090.91268185,46.514854382821845,6,139541974.5592381,38.57625680664195,5,3380.800048828125
2020-10-02,136078978.31143713,61.33727797275251,8,139771381.41858077,53.44340381510845,7,3348.419921875
2020-10-05,137925283.8658086,61.854827739012045,8,141536848.71574447,54.024129956586684,7,3408.60009765625
2020-10-06,136809315.98338905,76.66619764624946,10,139990444.7481088,68.68212308972419,9,3360.969970703125
2020-10-07,139342603.97520533,84.90550344065602,11,142315743.789032,77.00288268313604,10,3419.43994140625
2020-10-08,138729014.2076143,100.0,13,141596228.89674896,92.14750065088296,12,3446.830078125
2020-10-09,142583690.8458173,100.0,13,145357552.66607147,100.0,14,3477.139892578125
2020-10-12,142463287.0927708,100.0,13,145089018.9864716,100.0,14,3534.219970703125
2020-10-13,142942016.39295235,100.0,13,145723227.45436397,100.0,14,3511.929931640625
2020-10-14,141356811.49055842,100.0,13,144055107.92812255,100.0,14,3488.669921875
2020-10-15,140989219.68225366,100.0,13,143601902.9678598,100.0,14,3483.340087890625
2020-10-16,140401855.4161147,100.0,13,142931427.768637,100.0,14,3483.81005859375
2020-10-19,138609606.6552149,100.0,13,141148324.62930718,100.0,14,3426.919921875
2020-10-20,138140669.24510604,85.77570431891989,11,140606828.35786483,85.67439550332348,12,3443.1201171875
2020-10-21,135751551.04491276,85.52536814644144,11,138150045.84976676,85.41963703162784,12,3435.56005859375
2020-10-22,135243736.9955238,100.0,13,137155204.37278968,100.0,14,3453.489990234375
2020-10-23,136685801.40925992,100.0,13,138661471.67747495,92.78677818464458,13,3465.389892578125
2020-10-26,135154190.86051124,100.0,13,136956638.53237972,100.0,14,3400.969970703125
2020-10-27,135890558.7025929,100.0,13,137781820.54122558,100.0,14,3390.679931640625
2020-10-28,133681793.24376635,100.0,13,135592572.34554666,100.0,14,3271.030029296875
2020-10-29,133113209.10504816,100.0,13,135037107.1314307,100.0,13,3310.110107421875
2020-10-30,131026483.5377579,85.53709038623049,11,132672942.7622115,85.36400327804702,11,3269.9599609375
2020-11-02,133229264.2140952,93.25645462213258,12,134845772.1023007,77.97662747660935,10,3310.239990234375
2020-11-03,134107394.01945476,100.0,13,136006081.65082282,100.0,13,3369.159912109375
2020-11-04,134880799.31688988,100.0,13,136465782.32038793,100.0,13,3443.43994140625
2020-11-05,138681216.46378025,100.0,13,140701608.58415705,100.0,13,3510.449951171875
2020-11-06,140028875.58906615,100.0,13,141576958.60280132,100.0,13,3509.43994140625
2020-11-09,136580988.01493904,100.0,13,136804441.02276307,100.0,13,3550.5
2020-11-10,134324180.5421188,100.0,13,134549304.40630004,100.0,13,3545.530029296875
2020-11-11,137073657.77334988,100.0,13,137273535.66742408,100.0,13,3572.659912109375
2020-11-12,135577846.9314991,100.0,13,135625493.74661624,100.0,13,3537.010009765625
2020-11-13,136566995.4693935,100.0,13,136513832.55184525,100.0,13,3585.14990234375
2020-11-16,137484509.6651626,100.0,13,137221790.82478085,100.0,13,3626.909912109375
2020-11-17,136388706.6614249,100.0,13,135858012.10996142,100.0,13,3609.530029296875
2020-11-18,134528739.63610208,99.83466975813987,13,134084734.46285927,92.08874144198404,12,3567.7900390625
2020-11-19,135976451.07929608,100.0,14,135115977.32439017,100.0,13,3581.8701171875
2020-11-20,136175290.67321387,100.0,14,135048753.20337054,100.0,13,3557.5400390625
2020-11-23,136236487.88329116,100.0,14,137220249.21796435,100.0,13,3577.590087890625
2020-11-24,137734148.7668743,100.0,14,139793652.39802048,100.0,13,3635.409912109375
2020-11-25,139254616.83449918,100.0,14,141538855.02104744,100.0,13,3629.64990234375
2020-11-27,139758869.8901716,100.0,14,141998081.28934672,100.0,13,3638.35009765625
2020-11-30,138811738.88201168,100.0,14,140416159.16735333,100.0,13,3621.6298828125
2020-12-01,140443034.70688015,100.0,15,142888324.35185105,100.0,14,3662.449951171875
2020-12-02,139029109.73391733,100.0,15,141410616.95779523,100.0,14,3669.010009765625
2020-12-03,139174197.40324733,100.0,15,142054876.78649682,100.0,14,3666.719970703125
2020-12-04,143749225.18371427,100.0,15,146708022.32569653,100.0,14,3699.1201171875
2020-12-07,144252276.21250153,100.0,15,148475577.2665582,100.0,14,3691.9599609375
2020-12-08,147549737.62969178,100.0,15,151316869.67541718,100.0,14,3702.25
2020-12-09,142054157.02970585,100.0,15,145229368.6841445,100.0,14,3672.820068359375
2020-12-10,143782430.64486495,100.0,15,146950032.83587664,100.0,14,3668.10009765625
2020-12-11,142476657.49027285,100.0,15,145379258.2562762,100.0,14,3663.4599609375
2020-12-14,141929937.98750237,100.0,16,145295297.2580014,100.0,14,3647.489990234375
2020-12-15,145521874.47531822,100.0,16,148569113.71427014,100.0,14,3694.6201171875
2020-12-16,145230747.87713116,100.0,16,147729520.7987263,100.0,14,3701.169921875
2020-12-17,146972625.41933534,100.0,16,150083682.58858544,100.0,14,3722.47998046875
2020-12-18,148819363.97438738,100.0,16,151496558.17504475,100.0,14,3709.409912109375
2020-12-21,149768755.8721137,100.0,16,152033472.85429507,100.0,14,3694.919921875
2020-12-22,153642141.5060479,100.0,16,155384022.68508103,100.0,14,3687.260009765625
2020-12-23,152438963.0664069,100.0,16,154496824.18594384,100.0,14,3690.010009765625
2020-12-24,152833434.51694208,100.0,16,154878441.58443454,100.0,14,3703.06005859375
2020-12-28,150280305.2630248,100.0,16,152064652.80166543,100.0,14,3735.360107421875
2020-12-29,148312554.4586463,100.0,16,150384265.537296,100.0,14,3727.0400390625
2020-12-30,150028732.3938627,100.0,16,152730341.34278256,100.0,14,3732.0400390625
2020-12-31,150134216.21034703,100.0,16,153083007.40580004,100.0,14,3756.070068359375
2021-01-04,148113642.05451238,100.0,16,151380134.45512784,100.0,14,3700.64990234375
2021-01-05,150196665.63434178,100.0,16,154224213.4674277,100.0,14,3726.860107421875
2021-01-06,153450760.72846824,100.0,16,158746896.6811171,100.0,14,3748.139892578125
2021-01-07,160025254.03256133,100.0,16,166735750.68507618,100.0,14,3803.7900390625
2021-01-08,161134968.25421354,100.0,16,169100299.53089896,100.0,14,3824.679931640625
2021-01-11,162380003.3758737,100.0,16,168342848.33045596,100.0,14,3799.610107421875
2021-01-12,163120869.05753437,100.0,16,170204639.50815517,100.0,14,3801.18994140625
2021-01-13,162722764.0981032,100.0,16,169870778.28566992,100.0,14,3809.840087890625
2021-01-14,163016785.30567464,100.0,16,171032968.30920854,100.0,14,3795.5400390625
2021-01-15,159383781.20847163,100.0,16,166779012.7591643,100.0,14,3768.25
2021-01-19,162263047.1134981,100.0,16,170121145.0577014,100.0,14,3798.909912109375
2021-01-20,163107717.64713854,100.0,16,170523752.54266742,100.0,14,3851.85009765625
2021-01-21,162437499.5173381,100.0,16,169240944.28676873,100.0,14,3853.070068359375
2021-01-22,163682351.5798763,100.0,16,170225080.60671934,100.0,14,3841.469970703125
2021-01-25,161879180.20163777,100.0,16,168595069.7221909,100.0,14,3855.360107421875
2021-01-26,160091343.27571347,100.0,16,166444244.5237474,100.0,14,3849.6201171875
2021-01-27,152601217.40599564,100.0,16,158880760.87445757,100.0,14,3750.77001953125
2021-01-28,149701920.16685006,86.01218993066443,14,154259476.74513397,87.27376020113394,12,3787.3798828125
2021-01-29,147008208.13900787,93.20239839201184,15,150778097.2180887,79.32635013365416,11,3714.239990234375
2021-02-01,147424725.54566398,87.50948081275043,14,152121433.36519575,73.13476363691892,10,3773.860107421875
2021-02-02,148314980.0247203,87.58445463299661,14,153080336.63100433,73.30304888799841,10,3826.31005859375
2021-02-03,149435972.92793813,100.0,16,153866765.66251034,100.0,14,3830.169921875
2021-02-04,151393256.58574632,100.0,16,155527643.80407912,100.0,14,3871.739990234375
2021-02-05,153058745.40140116,100.0,16,157198783.6676229,100.0,14,3886.830078125
2021-02-08,155231519.25473157,100.0,16,159308187.57146952,100.0,14,3915.590087890625
2021-02-09,155948525.7813887,100.0,16,159854952.87596622,100.0,14,3911.22998046875
2021-02-10,156672054.5765748,100.0,16,159504570.58561152,100.0,14,3909.8798828125
2021-02-11,156633455.08074826,100.0,16,159780019.13957417,100.0,14,3916.3798828125
2021-02-12,158944873.56954074,100.0,16,161776638.6504439,100.0,14,3934.830078125
2021-02-16,156442398.97907776,99.87439787448515,15,158595806.0712327,99.77958198834087,13,3932.590087890625
2021-02-17,154478401.29097727,100.0,16,156564331.32433602,100.0,14,3931.330078125
2021-02-18,151071192.5110719,100.0,17,153562010.40446377,100.0,15,3913.969970703125
2021-02-19,152488362.0735345,100.0,17,155097351.39282975,100.0,15,3906.7099609375
2021-02-22,150968570.22434866,100.0,17,152082029.4041782,100.0,15,3876.5
2021-02-23,148812642.28754458,92.928784138635,14,148077821.13996065,88.77559675379804,13,3881.3701171875
2021-02-24,149618056.91738597,100.0,15,149055086.2283548,100.0,15,3925.429931640625
2021-02-25,143922135.81899887,95.16095759418428,15,142215565.27831727,92.48720885828814,15,3829.340087890625
2021-02-26,143849140.29750952,88.59216376283065,14,142512626.07409018,70.92457982770001,12,3811.14990234375
2021-03-01,148282617.38023913,96.26202095236422,15,146528924.01574397,71.7215252156166,12,3901.820068359375
2021-03-02,146483559.81833026,100.0,16,144929329.156773,78.95821950651882,13,3870.2900390625
2021-03-03,145614453.0981501,100.0,16,145121140.13767856,86.54639851367821,14,3819.719970703125
2021-03-04,142957073.85807183,92.85764717995355,15,142512375.95546082,92.73861555528745,15,3768.469970703125
2021-03-05,147113706.6495953,100.0,16,145261685.14271802,88.61498365210223,14,3841.93994140625
2021-03-08,148109500.65831593,100.0,16,148049490.75846425,100.0,16,3821.35009765625
2021-03-09,146875589.4738276,100.0,16,144861029.46487632,100.0,16,3875.43994140625
2021-03-10,149472960.98347268,100.0,16,146776106.26038855,93.23264307823412,15,3898.81005859375
2021-03-11,151212262.26868805,100.0,16,148797034.65835968,93.21482669796612,15,3939.340087890625
2021-03-12,153386434.80777496,100.0,16,152194769.9565901,100.0,16,3943.340087890625
2021-03-15,154163566.21468657,100.0,16,154690494.969294,100.0,16,3968.93994140625
2021-03-16,153223513.9947433,100.0,16,153914550.9763578,100.0,16,3962.7099609375
2021-03-17,152914956.7504463,94.93509513075357,15,155066219.6927469,100.0,16,3974.1201171875
2021-03-18,150894692.123451,86.77735068132675,14,152663702.67743567,86.97122505205326,14,3915.4599609375
2021-03-19,151856606.28444403,100.0,16,155156520.79340592,100.0,16,3913.10009765625
2021-03-22,150173169.17115852,100.0,16,153555092.78002766,96.8141865813605,15,3940.590087890625
2021-03-23,146168904.23671904,92.8645402988621,15,147282335.35315192,96.67850272806952,15,3910.52001953125
2021-03-24,142465168.5299166,92.67903631109962,15,139906166.23774236,96.50338588902684,15,3889.139892578125
2021-03-25,143830401.93942606,95.20125717995745,15,140922554.77178803,100.0,16,3909.52001953125
2021-03-26,141976778.05683082,92.8072557843545,15,137828416.50250068,84.8077647543577,14,3974.5400390625
2021-03-29,140542570.9126042,100.0,16,135266741.03776398,100.0,17,3971.090087890625
2021-03-30,142394854.85037428,100.0,16,138102069.27052024,100.0,17,3958.550048828125
2021-03-31,142000215.95679104,100.0,16,138591696.1814098,100.0,17,3972.889892578125
2021-04-01,143824900.72942302,100.0,16,140956401.36152813,100.0,17,4019.8701171875
2021-04-05,144946280.47620812,100.0,16,141833350.86547205,100.0,17,4077.909912109375
2021-04-06,144782847.23523173,100.0,16,141511426.15548614,100.0,17,4073.93994140625
2021-04-07,144039394.31767693,100.0,16,140462004.17580682,100.0,17,4079.949951171875
2021-04-08,144579470.15266633,100.0,16,141764279.53109378,100.0,17,4097.169921875
2021-04-09,145607726.52794617,100.0,16,142405817.7925907,100.0,17,4128.7998046875
2021-04-12,145511733.84595868,100.0,16,141976316.76321962,100.0,17,4127.990234375
2021-04-13,143903805.9385402,100.0,16,140021227.89583358,100.0,17,4141.58984375
2021-04-14,144279963.91593546,100.0,16,141031336.55158982,100.0,17,4124.66015625
2021-04-15,145052364.58481085,100.0,16,141100933.24700674,100.0,17,4170.419921875
2021-04-16,145870809.84884283,100.0,16,142018206.74581224,100.0,17,4185.47021484375
2021-04-19,144863766.21263772,100.0,16,141017448.96533662,100.0,17,4163.259765625
2021-04-20,142656405.77441716,100.0,16,138203640.61223575,100.0,17,4134.93994140625
2021-04-21,145222091.23761484,100.0,16,140581398.13813114,100.0,17,4173.419921875
2021-04-22,143196115.25321093,100.0,16,138480317.77156648,100.0,17,4134.97998046875
2021-04-23,145310177.16346878,100.0,16,140917277.3682073,100.0,17,4180.169921875
2021-04-26,146340258.47927454,100.0,16,143327495.52797657,100.0,17,4187.6201171875
2021-04-27,146535687.38023025,100.0,16,143668469.2996183,100.0,17,4186.72021484375
2021-04-28,145798847.14388534,100.0,16,143900053.28996798,100.0,17,4183.18017578125
2021-04-29,147031970.58293015,100.0,16,144332178.0583761,100.0,17,4211.47021484375
2021-04-30,145011096.80491292,100.0,16,141855016.43232924,100.0,17,4181.169921875
2021-05-03,146651060.0045859,100.0,16,143801813.0593005,100.0,17,4192.66015625
2021-05-04,146873531.01784822,100.0,16,143792198.45221505,100.0,17,4164.66015625
2021-05-05,148288014.98480934,100.0,17,145552032.93025866,100.0,18,4167.58984375
2021-05-06,150874443.56218368,100.0,17,147619731.04721197,100.0,17,4201.6201171875
2021-05-07,152710861.1528815,100.0,17,150890492.28541556,100.0,17,4232.60009765625
2021-05-10,152220013.29955924,100.0,17,149734959.60178053,100.0,17,4188.43017578125
2021-05-11,149934353.73671558,100.0,17,147911298.41196322,100.0,17,4152.10009765625
2021-05-12,145385835.16303578,100.0,17,142218368.15419787,100.0,17,4063.0400390625
2021-05-13,147807431.48296392,99.96128171374079,17,144153739.2085932,92.46416450877315,16,4112.5
2021-05-14,149676480.46382958,99.47478714189265,17,146876667.6932466,84.46329886273519,15,4173.85009765625
2021-05-17,150065059.8148223,100.0,18,147627835.20841408,91.96857292312937,16,4163.2900390625
2021-05-18,147363909.94390047,100.0,18,144799202.3835134,100.0,18,4127.830078125
2021-05-19,146170306.28633678,100.0,18,142251125.7886987,83.85991611342394,15,4115.68017578125
2021-05-20,146887489.4944115,98.8303003483037,17,142529276.1134599,81.77235274139392,14,4159.1201171875
2021-05-21,147689910.3249002,98.83665549716844,17,143014307.78574988,81.83417163468253,14,4155.85986328125
2021-05-24,148305635.88225263,100.0,18,144025965.62285382,89.45197489740329,15,4197.0498046875
2021-05-25,146817401.60862976,100.0,18,141812245.58141103,89.28731792810187,15,4188.1298828125
2021-05-26,147977168.00226682,100.0,18,143925328.34450832,89.44459937462035,15,4195.990234375
2021-05-27,149482579.84897175,100.0,18,146224326.87819064,89.61055569035975,15,4200.8798828125
2021-05-28,149687945.9198885,100.0,18,146249905.19210088,100.0,17,4204.10986328125
2021-06-01,150971133.0702185,100.0,18,148920648.82891932,100.0,17,4202.0400390625
2021-06-02,150856353.67279068,100.0,18,148421151.15742186,100.0,17,4208.1201171875
2021-06-03,151235932.5712972,100.0,18,149948111.40480003,100.0,17,4192.85009765625
2021-06-04,151526980.12383813,100.0,18,151187635.65412083,100.0,17,4229.89013671875
2021-06-07,151389614.91615602,100.0,18,150739073.63894182,100.0,17,4226.52001953125
2021-06-08,151699986.5650126,100.0,18,151560383.44618854,100.0,17,4227.259765625
2021-06-09,150228727.42469624,100.0,18,149401096.61059225,100.0,17,4219.5498046875
2021-06-10,149076965.648968,100.0,18,148069794.6961679,100.0,17,4239.18017578125
2021-06-11,150242448.19354874,100.0,18,149171928.0175308,100.0,17,4247.43994140625
2021-06-14,147864646.54432347,93.29353847237194,17,146677538.4798697,96.82895951392592,16,4255.14990234375
2021-06-15,148141253.19770536,100.0,18,146484387.8680569,94.08415740013966,15,4246.58984375
2021-06-16,148342529.7763567,100.0,18,146067927.7888902,100.0,16,4223.7001953125
2021-06-17,144737660.84534594,100.0,18,141621439.86401975,100.0,16,4221.85986328125
2021-06-18,142331634.82963023,100.0,17,139234902.6969976,100.0,15,4166.4501953125
2021-06-21,145054843.4812506,100.0,17,141292876.4870102,92.28641229679808,13,4224.7900390625
2021-06-22,147120083.57957578,100.0,17,143695386.4263214,92.41537935402641,13,4246.43994140625
2021-06-23,147591420.17317832,100.0,17,144568917.45654628,99.92336147913993,14,4241.83984375
2021-06-24,147509606.9629161,100.0,17,144224792.74760595,100.0,15,4266.490234375
2021-06-25,147665918.7323624,100.0,17,143863907.3093,100.0,15,4280.7001953125
2021-06-28,147851226.85817418,100.0,17,144596765.27987048,100.0,15,4290.60986328125
2021-06-29,148057189.4378754,100.0,17,145017038.05336612,100.0,15,4291.7998046875
2021-06-30,147710654.13571373,100.0,17,144292448.89097947,100.0,15,4297.5
2021-07-01,148316835.19778332,100.0,17,144946300.81413946,100.0,15,4319.93994140625
2021-07-02,148944874.73449862,100.0,17,145714828.5645379,100.0,15,4352.33984375
2021-07-06,149396104.48859125,100.0,17,146546494.05603904,100.0,15,4343.5400390625
2021-07-07,149538193.23328015,100.0,17,146692399.31734377,100.0,15,4358.1298828125
2021-07-08,147684301.13432938,100.0,17,145285938.9025716,100.0,15,4320.81982421875
2021-07-09,150198108.90788925,100.0,17,147528046.3436618,100.0,15,4369.5498046875
2021-07-12,151467437.12620747,100.0,17,148618753.16851968,100.0,15,4384.6298828125
2021-07-13,149905614.27365792,100.0,17,147523915.2625461,100.0,15,4369.2099609375
2021-07-14,148864234.81213996,100.0,17,146440990.63544658,100.0,15,4374.2998046875
2021-07-15,147598619.4099162,94.56045318425566,16,144984922.95228568,100.0,15,4360.02978515625
2021-07-16,146801986.23723483,100.0,16,144772671.41414365,95.94588141908645,14,4327.16015625
2021-07-19,146329444.8413079,100.0,16,144982071.1799843,95.95173684296489,14,4258.490234375
2021-07-20,147318423.16306382,93.85118848986355,15,146126269.36744273,89.25971065730873,13,4323.06005859375
2021-07-21,148792496.36167136,100.0,16,147380150.61204916,100.0,15,4358.68994140625
2021-07-22,149275315.2149308,100.0,16,148652483.04608586,100.0,15,4367.47998046875
2021-07-23,151987906.5184973,100.0,16,151399124.78623235,100.0,15,4411.7900390625
2021-07-26,150417297.4097407,100.0,16,149893140.99020106,100.0,15,4422.2998046875
2021-07-27,149013988.0031788,100.0,16,149018162.31097364,100.0,15,4401.4599609375
2021-07-28,150099439.98716158,100.0,16,150497736.68247956,100.0,15,4400.64013671875
2021-07-29,149509977.98454875,100.0,16,149997445.8360472,100.0,15,4419.14990234375
2021-07-30,149427405.2579337,100.0,16,149477464.82636097,100.0,15,4395.259765625
2021-08-02,149101757.39053652,100.0,16,148988731.8911026,100.0,15,4387.16015625
2021-08-03,152019532.17241186,100.0,16,151570541.5078876,100.0,15,4423.14990234375
2021-08-04,153462263.6757546,100.0,16,153412577.82161164,100.0,15,4402.66015625
2021-08-05,153717583.2804611,100.0,16,154115084.4393939,100.0,15,4429.10009765625
2021-08-06,153517731.34428394,100.0,16,153845859.53040934,100.0,15,4436.52001953125
2021-08-09,156324029.75228322,100.0,16,157249827.03287202,100.0,15,4432.35009765625
2021-08-10,154805299.5154775,100.0,16,155469924.93293583,100.0,15,4436.75
2021-08-11,151878615.99519423,100.0,16,151524906.95266995,100.0,15,4442.41015625
2021-08-12,153099963.7456619,100.0,16,152885421.44989815,100.0,14,4460.830078125
2021-08-13,152969711.9689725,100.0,16,153055812.2637592,100.0,14,4468.0
2021-08-16,152521436.1887262,100.0,16,152607577.58061165,100.0,14,4479.7099609375
2021-08-17,151822770.72129422,100.0,16,151633987.47855446,100.0,14,4448.080078125
2021-08-18,150433434.96520728,100.0,16,149668392.9063975,100.0,14,4400.27001953125
2021-08-19,150823994.82646936,99.29741271360226,16,149397969.55499557,99.59942397675039,14,4405.7998046875
2021-08-20,152150890.8015069,100.0,17,150189761.79852238,100.0,15,4441.669921875
2021-08-23,153687120.73020622,100.0,17,152434453.81446764,100.0,15,4479.52978515625
2021-08-24,152948991.73729256,100.0,17,151417427.96769264,100.0,15,4486.22998046875
2021-08-25,153315310.0020602,100.0,17,152135511.94389257,100.0,15,4496.18994140625
2021-08-26,152595956.3230194,100.0,17,151467096.248328,100.0,15,4470.0
2021-08-27,152811825.65673652,100.0,17,150928630.72671285,100.0,15,4509.3701171875
2021-08-30,153147666.30054992,100.0,17,151799214.785858,100.0,15,4528.7900390625
2021-08-31,153344839.87788656,100.0,17,151190756.50821877,100.0,15,4522.68017578125
2021-09-01,154192560.4647675,100.0,17,152493336.37639427,100.0,15,4524.08984375
2021-09-02,155708213.5517847,100.0,17,154290379.6443171,100.0,15,4536.9501953125
2021-09-03,155897419.45090887,100.0,17,154991264.6242542,100.0,15,4535.43017578125
2021-09-07,155150418.6173836,100.0,17,155069069.1492279,100.0,15,4520.02978515625
2021-09-08,155522355.55759114,100.0,17,155254564.0707433,100.0,15,4514.06982421875
2021-09-09,155863372.70377654,100.0,17,155580527.12298682,100.0,15,4493.27978515625
2021-09-10,154375724.87018192,100.0,17,153951076.27334157,100.0,15,4458.580078125
2021-09-13,151908253.50804976,87.27495205774655,15,150891103.43174398,87.400434274449,13,4468.72998046875
2021-09-14,150923942.1064909,94.78792504093121,16,150542185.5477625,87.3712317369938,13,4443.0498046875
2021-09-15,151999778.16225773,87.50148997058261,15,150953978.93912488,77.5977939670412,11,4480.7001953125
2021-09-16,152420148.9685824,100.0,17,151552385.52247632,100.0,14,4473.75
2021-09-17,150824585.84263372,100.0,17,149466899.25437889,100.0,14,4432.990234375
2021-09-20,147724046.83169603,100.0,17,146581663.38814503,100.0,14,4357.72998046875
2021-09-21,148857343.77455473,75.9374792086343,12,147781277.70972356,87.18973763186321,12,4354.18994140625
2021-09-22,149720296.08214802,76.07616987641143,12,148958257.41732684,87.29095671912825,12,4395.64013671875
2021-09-23,150960184.61743072,89.34625750109615,13,150893369.94314545,100.0,14,4448.97998046875
2021-09-24,150574925.4263281,100.0,15,150204609.28742254,100.0,14,4455.47998046875
2021-09-27,149176104.43115222,100.0,15,147869406.84644902,100.0,14,4443.10986328125
2021-09-28,145506619.9863345,93.02097824472004,14,143667672.65549904,86.51008355878697,12,4352.6298828125
2021-09-29,146110298.91592056,61.13204345151861,9,144412998.23637357,52.16855189089474,7,4359.4599609375
2021-09-30,144619166.76310945,71.1796875736901,10,143493456.567042,44.610794970483255,6,4307.5400390625
2021-10-01,145626506.20505178,57.77650958083363,8,144521683.33072454,37.589711105400816,5,4357.0400390625
2021-10-04,146641714.2514683,65.5097622680546,9,145504671.29637724,38.011337176713276,5,4300.4599609375
2021-10-05,147171240.70598906,88.21468134398071,12,145878635.03439716,53.24548876246803,7,4345.72021484375
2021-10-06,146589561.64742202,88.16791626068485,12,145266617.9049673,53.04850915236786,7,4363.5498046875
2021-10-07,148051446.435147,88.28474823796087,12,146510646.9902045,53.44717656261834,7,4399.759765625
2021-10-08,149555251.48400083,100.0,14,147860410.457358,61.351684543570386,8,4391.33984375
2021-10-11,148574316.40416497,100.0,14,147198853.19765902,68.74868201482018,9,4361.18994140625
2021-10-12,149547102.1632091,100.0,14,147927679.06957236,76.31819353121399,10,4350.64990234375
2021-10-13,149618270.24617884,100.0,14,147973350.80874738,83.81349602597595,11,4363.7998046875
2021-10-14,151690339.64012307,100.0,14,149873445.35584742,98.9243618845603,13,4438.259765625
2021-10-15,152678914.86991462,100.0,14,150402063.10426646,100.0,14,4471.3701171875
2021-10-18,153220262.95328552,100.0,14,151634404.4757856,100.0,14,4486.4599609375
2021-10-19,153596965.7985881,100.0,14,151529653.24597234,100.0,14,4519.6298828125
2021-10-20,154754425.29357207,100.0,14,152862519.29683694,100.0,14,4536.18994140625
2021-10-21,153593046.77575317,93.53981782058649,13,152764182.19638118,100.0,14,4549.77978515625
2021-10-22,154799943.024301,100.0,14,153007218.19768187,100.0,14,4544.89990234375
2021-10-25,155665545.13419035,100.0,14,153462196.10354963,100.0,14,4566.47998046875
2021-10-26,155833166.26230896,100.0,14,154230730.62207,100.0,14,4574.7900390625
2021-10-27,153126384.3342889,100.0,14,151325786.56686372,100.0,14,4551.68017578125
2021-10-28,155399397.46748167,100.0,14,153709129.58212444,100.0,14,4596.419921875
2021-10-29,154852858.17518637,100.0,14,153706708.98227745,100.0,14,4605.3798828125
2021-11-01,156412250.09567583,100.0,14,155160875.26508227,100.0,14,4613.669921875
2021-11-02,156865210.54697058,100.0,14,156177862.92868504,93.70380701568803,13,4630.64990234375
2021-11-03,157709986.06078824,100.0,14,157047603.14516732,100.0,14,4660.56982421875
2021-11-04,159026339.75086814,100.0,14,159176865.5011193,100.0,14,4680.06005859375
2021-11-05,160367543.49721026,100.0,14,162125457.7490392,100.0,14,4697.52978515625
2021-11-08,161451576.37596124,100.0,14,163729267.2181,100.0,14,4701.7001953125
2021-11-09,161257512.32582074,100.0,14,164419547.08503187,100.0,14,4685.25
2021-11-10,158229434.8782972,100.0,14,159765168.63421226,100.0,14,4646.7099609375
2021-11-11,159302272.20882308,100.0,14,160259136.77700472,100.0,14,4649.27001953125
2021-11-12,159004811.6026309,100.0,14,160496481.2227599,100.0,14,4682.85009765625
2021-11-15,160719649.53094527,100.0,14,160209599.52969325,93.54444772013147,13,4682.7998046875
2021-11-16,160815574.60194087,100.0,14,160666636.57257304,94.51074516252514,13,4700.89990234375
2021-11-17,160451509.3336252,100.0,14,159199309.09027416,100.0,14,4688.669921875
2021-11-18,160718600.4460766,100.0,14,159854872.026731,100.0,14,4704.5400390625
2021-11-19,157805300.71974218,100.0,14,156967822.65958843,100.0,14,4697.9599609375
2021-11-22,158186141.00947735,100.0,15,155689831.61923948,100.0,15,4682.93994140625
2021-11-23,159389433.14044708,100.0,15,156013869.20213076,100.0,15,4690.7001953125
2021-11-24,160724129.801359,100.0,15,157426523.46590078,100.0,15,4701.4599609375
2021-11-26,155732450.94180393,100.0,15,153075902.30323154,100.0,15,4594.6201171875
2021-11-29,157794850.70154718,100.0,15,155028502.78463265,100.0,15,4655.27001953125
2021-11-30,153577246.79283988,100.0,15,150641008.45173693,94.7519107722361,14,4567.0
2021-12-01,153735415.2213642,64.37848865542584,10,149415694.49543756,71.69668727515788,10,4513.0400390625
2021-12-02,155044160.31369132,65.88655709360467,9,150930615.28449792,79.45464689479198,11,4577.10009765625
2021-12-03,155481223.91353446,66.5876003844426,9,150969004.85725173,65.72561928486282,9,4538.43017578125
2021-12-06,156146991.72357672,66.73006166323357,9,151076511.7579115,58.205244901690364,8,4591.669921875
2021-12-07,160090343.0261284,74.95748611108897,10,154963954.96585003,66.65818221513472,9,4686.75
2021-12-08,159485974.32792243,100.0,14,154740038.39918968,100.0,14,4701.2099609375
2021-12-09,157525323.2668449,100.0,14,153339992.93547663,100.0,14,4667.4501953125
2021-12-10,160723624.58233356,100.0,14,157068380.73639482,100.0,14,4712.02001953125
2021-12-13,159028541.94949654,100.0,14,155170886.95408824,100.0,14,4668.97021484375
2021-12-14,157536585.04931468,100.0,15,153609678.7639116,100.0,15,4634.08984375
2021-12-15,161102554.78727934,100.0,15,157985551.59333125,100.0,15,4709.85009765625
2021-12-16,159415854.40914962,100.0,15,154938990.87427333,100.0,15,4668.669921875
2021-12-17,157951574.7559438,99.72558236501511,14,154498476.00648558,99.71936110522923,14,4620.64013671875
2021-12-20,157635082.73743945,100.0,15,154092893.75509983,100.0,15,4568.02001953125
2021-12-21,158511086.4209723,100.0,15,155784236.0923397,100.0,15,4649.22998046875
2021-12-22,160374816.8159387,100.0,15,157948678.5145199,100.0,15,4696.56005859375
2021-12-23,160352286.81226018,100.0,15,158392939.41381776,100.0,15,4725.7900390625
2021-12-27,163391770.556751,100.0,15,161811165.8373993,100.0,15,4791.18994140625
2021-12-28,162860542.1791726,100.0,15,160688532.37748644,100.0,15,4786.35009765625
2021-12-29,163625438.44175193,100.0,15,161389022.3001758,100.0,15,4793.06005859375
2021-12-30,162720493.33308646,100.0,15,160114884.812349,100.0,15,4778.72998046875
2021-12-31,163278538.82820526,100.0,15,160638667.07480216,100.0,15,4766.18017578125
2022-01-03,161893369.6635792,100.0,15,159632768.5237361,100.0,15,4796.56005859375
2022-01-04,163192830.25298712,100.0,15,160313985.81264862,100.0,15,4793.5400390625
2022-01-05,159911419.52324674,100.0,15,156495707.5390399,100.0,15,4700.580078125
2022-01-06,159576078.71237123,100.0,15,156024804.42428538,100.0,15,4696.0498046875
2022-01-07,157673712.908231,93.12330166820009,14,153249886.6553072,93.15135488716456,14,4677.02978515625
2022-01-10,157015382.79617757,93.09005318364734,14,152089725.2282108,93.50907684701187,15,4670.2900390625
2022-01-11,158850404.88570207,100.0,15,154197749.51893318,100.0,16,4713.06982421875
2022-01-12,159121341.27753744,100.0,15,154593704.7883074,100.0,16,4726.35009765625
2022-01-13,158283249.70873573,100.0,15,152922396.90898603,100.0,16,4659.02978515625
2022-01-14,159507454.76802105,100.0,15,154278370.0932787,98.75961172078019,16,4662.85009765625
2022-01-18,157445090.59228203,100.0,15,152035071.6102766,100.0,17,4577.10986328125
2022-01-19,153851767.96950853,100.0,15,147632753.4249069,100.0,17,4532.759765625
2022-01-20,151495277.87448445,76.56576719151758,12,145188852.7792427,74.49569809305464,12,4482.72998046875
2022-01-21,148438542.00999707,72.91236046814801,11,142155521.62616274,66.7613894569135,11,4397.93994140625
2022-01-24,148131949.43030655,48.95923078409815,7,141192958.79093868,33.67356024627692,5,4410.1298828125
2022-01-25,149986137.582045,49.590217027636655,7,143219580.89017072,34.6121094846758,5,4356.4501953125
2022-01-26,150052199.30444354,49.61241035172206,7,143474813.73561507,34.728430509385994,5,4349.93017578125
2022-01-27,150884321.19205546,42.217885387491215,6,144048387.61000627,34.98832975311571,5,4326.509765625
2022-01-28,150685807.10549736,42.14176299798398,6,144289459.31178078,35.09694804066334,5,4431.85009765625
2022-01-31,150514587.09227332,42.07594553606231,6,144083420.52025455,35.00413690150672,5,4515.5498046875
2022-02-01,152114771.36737287,57.736267910783944,8,145278795.90408936,50.624772868652265,7,4546.5400390625
2022-02-02,152926332.41299945,72.67776745609233,10,145999154.29320425,65.59111803798488,9,4589.3798828125
2022-02-03,151731797.3146307,100.0,14,145123072.11780548,100.0,14,4477.43994140625
2022-02-04,152898705.85051584,100.0,14,146084031.7197687,100.0,14,4500.52978515625
2022-02-07,154162309.11737937,100.0,14,147166162.14259326,100.0,14,4483.8701171875
2022-02-08,153341045.23230803,100.0,14,146528722.03694752,100.0,14,4521.5400390625
2022-02-09,154986215.52026865,100.0,14,147995276.3270065,100.0,14,4587.18017578125
2022-02-10,154039039.43056086,100.0,14,147171169.34611556,100.0,14,4504.080078125
2022-02-11,155199394.71813518,100.0,14,148065799.20348647,100.0,14,4418.64013671875
2022-02-14,151844821.19815394,85.77313549432104,12,145043488.92376935,85.76200049091244,12,4401.669921875
2022-02-15,151454403.5562495,78.62745835576496,11,144893914.73421693,78.63392452263031,11,4471.06982421875
2022-02-16,152800719.61827642,93.58982496458815,13,146270996.9355919,93.60013426765903,13,4475.009765625
2022-02-17,151744717.07288447,100.0,14,145271581.57087103,100.0,14,4380.259765625
2022-02-18,149882725.32746696,100.0,14,143436916.1720418,100.0,14,4348.8701171875
2022-02-22,147899514.86909667,100.0,14,141669229.94181177,100.0,14,4304.759765625
2022-02-23,147720700.97978136,92.79549304435736,13,141223528.39667603,92.79047240912233,13,4225.5
2022-02-24,147788825.4388664,92.7988140203369,13,141310310.73951578,92.79489996781798,13,4288.7001953125
2022-02-25,151733006.64564764,85.43516899727102,12,144816328.58500466,85.27983203294028,12,4384.64990234375
2022-02-28,154630284.7639661,85.70806745455334,12,147336317.74233478,85.53160066839607,12,4373.93994140625
2022-03-01,153812616.46984756,85.63209150165495,12,146024742.67247796,85.40164740488217,12,4306.259765625
2022-03-02,156363765.8476351,73.26124872133684,10,148190100.8299266,72.8965217994568,10,4386.5400390625
2022-03-03,157805428.26657873,73.50552582429435,10,149433250.38313234,73.1219982361196,10,4363.490234375
2022-03-04,161244898.0149687,74.07067203077077,10,152620055.1349552,73.68322817188981,10,4328.8701171875
2022-03-07,163101837.63444474,74.36588143558673,10,153992237.69724694,73.91772970221588,10,4201.08984375
2022-03-08,162563755.61660805,74.28103313597475,10,152504672.38041344,73.66331729587021,10,4170.7001953125
2022-03-09,160171628.59123528,73.89692618619083,10,150664627.33970052,73.34167124494083,10,4277.8798828125
2022-03-10,165435116.19068182,74.72742220475115,10,155416839.51254505,74.15680836145165,10,4259.52001953125
2022-03-11,164392383.80847546,74.5671195518032,10,154342090.58485904,73.97685134262247,10,4204.31005859375
2022-03-14,161799213.76742625,74.15950456962752,10,152405830.5640956,73.64623681053295,10,4173.10986328125
2022-03-15,159998508.41760027,73.86868236869687,10,151664318.4229189,73.51738886809078,10,4262.4501953125
2022-03-16,158188918.24970746,66.64163902839432,9,149951295.94967872,66.23720724642995,9,4357.85986328125
2022-03-17,162034984.6521888,66.12232725934255,8,153609564.51629472,66.48135669394456,8,4411.669921875
2022-03-18,162795134.22380322,66.28051440998368,8,154189049.63663033,66.60732903176925,8,4463.1201171875
2022-03-21,167283346.19995302,67.18520816756684,8,158447169.44119695,67.5047258996254,8,4461.18017578125
2022-03-22,166025545.4251628,66.93660503552643,8,157251180.16869012,67.2575799056206,8,4511.60986328125
2022-03-23,168361569.61170095,67.39536109550028,8,159320493.43897954,67.68285052172399,8,4456.240234375
2022-03-24,168833420.70293552,67.48648366105834,8,159829621.73840466,67.78579498957158,8,4520.16015625
2022-03-25,173389574.56572518,75.6821737729349,9,164123828.95386195,75.97084315207401,9,4543.06005859375
2022-03-28,170352048.53562188,82.71516044129652,10,161465753.57946965,83.03182547121304,10,4575.52001953125
2022-03-29,167884829.06764293,82.46114408438709,10,159380302.02159345,82.80980113347162,10,4631.60009765625
2022-03-30,169174808.86458376,90.06486718832426,11,160615516.4568323,90.41149739546478,11,4602.4501953125
2022-03-31,168590761.95229298,97.62767342914687,12,160207280.9931144,97.9773527354623,12,4530.41015625
2022-04-01,170237187.49616003,100.0,13,161692432.34388772,100.0,13,4545.85986328125
2022-04-04,170574689.85653552,100.0,13,161943346.3938281,100.0,13,4582.64013671875
2022-04-05,169807302.9922227,100.0,13,161335512.19719473,100.0,13,4525.1201171875
2022-04-06,171650651.3307806,100.0,13,163390387.47682762,100.0,13,4481.14990234375
2022-04-07,173791358.83114767,100.0,13,165516032.0103685,100.0,13,4500.2099609375
2022-04-08,178501176.24018395,100.0,13,169983887.56678244,100.0,13,4488.27978515625
2022-04-11,175692031.68720126,100.0,13,167149068.65689918,100.0,13,4412.52978515625
2022-04-12,178135709.79245186,100.0,13,169105439.94012752,100.0,13,4397.4501953125
2022-04-13,179791630.60106266,100.0,13,170039939.35946402,100.0,13,4446.58984375
2022-04-14,180380277.63992223,100.0,13,170801848.94722402,100.0,13,4392.58984375
2022-04-18,183645044.27896416,100.0,13,173601031.00062105,100.0,13,4391.68994140625
2022-04-19,181494018.09337217,100.0,13,171579173.41261294,100.0,13,4462.2099609375
2022-04-20,181808663.88095203,100.0,13,171898247.4749014,100.0,13,4459.4501953125
2022-04-21,175043601.00011724,100.0,13,166142515.68926454,100.0,13,4393.66015625
2022-04-22,169151745.26936105,100.0,13,160539447.2323859,100.0,13,4271.77978515625
2022-04-25,165426404.8571956,85.01817100636737,11,157172691.97193217,78.46615142186472,10,4296.1201171875
2022-04-26,164642960.04361948,66.65179152009472,9,156318916.06380847,69.02320710321081,9,4175.2001953125
2022-04-27,165832354.96591914,66.890973975424,9,157397983.64622486,69.23557356590504,9,4183.9599609375
2022-04-28,167076324.84889954,67.13748784425991,9,158623480.69223237,69.47325410066931,9,4287.5
2022-04-29,163662551.79335842,66.45202157659288,9,155233599.9768376,68.80663278129425,9,4131.93017578125
2022-05-02,162963976.38261187,34.294438946219394,5,154583316.0198016,36.55407906899736,5,4155.3798828125
2022-05-03,164237462.46617925,25.879905328428883,4,155776950.40342596,28.054365109693023,4,4175.47998046875
2022-05-04,165225115.5068035,26.32296712717049,4,156808394.77887884,28.52760457209959,4,4300.169921875
2022-05-05,164326596.38451228,25.920109498725402,4,155885391.46381527,28.104413808064464,4,4146.8701171875
2022-05-06,163942925.31546134,25.746742391062117,4,155562129.01707482,27.95501277293405,4,4123.33984375
2022-05-09,161685251.79854757,22.345522460277074,3,153403013.91788197,24.92192954560543,3,3991.239990234375
2022-05-10,161545236.45237884,22.278217358665618,3,153272586.14937353,24.858041635579927,3,4001.050048828125
2022-05-11,162256578.6117321,22.61895411748246,3,154019661.30993167,25.222519067437087,3,3935.179931640625
2022-05-12,161839054.07897308,22.419320690245936,3,153472948.50693125,24.95614113829925,3,3930.080078125
2022-05-13,162264849.45750114,17.524572318949215,2,153895137.7395701,17.514312695257207,2,4023.889892578125
2022-05-16,162964038.61610776,17.878429067810718,2,154557190.74451888,17.867644021236327,2,4008.010009765625
2022-05-17,164353870.94955587,18.57287705309814,2,155873635.0412177,18.56129995332575,2,4088.85009765625
2022-05-18,163296964.42918912,18.045856495930305,2,154872502.95658293,18.034861147267776,2,3923.679931640625
2022-05-19,163024330.37292522,17.9088003244985,2,154613591.62634298,17.89760475919453,2,3900.7900390625
2022-05-20,163184202.57475007,10.311687765701729,1,154765001.90368754,10.292810150590439,1,3901.360107421875
2022-05-23,164679482.75216168,11.1260524527179,1,156180539.56295902,11.105868588566107,1,3973.75
2022-05-24,164943113.08805954,11.268100630455097,1,156430110.62945694,11.247691688303663,1,3941.47998046875
2022-05-25,165655739.3308337,11.64981200560794,1,157104732.88344693,11.628802309105076,1,3978.72998046875
2022-05-26,165882298.12389666,11.77047896154764,1,157319209.41330692,11.749280589481632,1,4057.840087890625
2022-05-27,166306578.09752223,11.995569389643883,1,157720862.75547945,11.97402065101249,1,4158.240234375
2022-05-31,166014113.2918456,11.840533181054221,1,157443994.94655588,11.819225544098572,1,4132.14990234375
2022-06-01,166870911.88351366,12.293187907753437,1,158255100.91267416,12.271179078901708,1,4101.22998046875
2022-06-02,166487823.5606118,12.091374616949912,1,157892442.49180657,12.069677378391432,1,4176.81982421875
2022-06-03,166125332.63443264,11.899555112188619,1,157549283.01915237,11.878155572878187,1,4108.5400390625
2022-06-06,166549612.6080582,12.123988263656631,1,157950936.3613249,12.102240558684128,1,4121.43017578125
2022-06-07,166862673.23909676,12.288857489069969,1,158247301.63090098,12.266855328752795,1,4160.68017578125
2022-06-08,166529016.78269634,12.113120013629178,1,157931438.90067244,12.091389121389074,1,4115.77001953125
2022-06-09,166158285.6407395,11.91702745492994,1,157580478.65868416,11.895600736879624,1,4017.820068359375
2022-06-10,166112973.8821269,11.893000467172358,1,157537583.35271215,11.871611127013582,1,3900.860107421875
2022-06-13,164922517.26269767,11.257019628698787,1,156410613.16880447,11.236628215026073,1,3749.6298828125
2022-06-14,163175965.50169393,10.307160327007644,1,154757204.10947526,10.28829004950802,1,3735.47998046875
2022-06-15,163442429.92812848,0.0,0,155009458.12592804,0.0,0,3789.989990234375
2022-06-16,163442429.92812848,0.0,0,155009458.12592804,0.0,0,3666.77001953125
2022-06-17,163442429.92812848,0.0,0,155009458.12592804,0.0,0,3674.840087890625
2022-06-21,163442429.92812848,0.0,0,155009458.12592804,0.0,0,3764.7900390625
2022-06-22,163442429.92812848,0.0,0,155009458.12592804,0.0,0,3759.889892578125
2022-06-23,163442429.92812848,0.0,0,155009458.12592804,0.0,0,3795.72998046875
2022-06-24,163442429.92812848,0.0,0,155009458.12592804,0.0,0,3911.739990234375
2022-06-27,163442429.92812848,0.0,0,155009458.12592804,0.0,0,3900.110107421875
2022-06-28,163442429.92812848,0.0,0,155009458.12592804,0.0,0,3821.550048828125
2022-06-29,163442429.92812848,0.0,0,155009458.12592804,0.0,0,3818.830078125
2022-06-30,163442429.92812848,0.0,0,155009458.12592804,0.0,0,3785.3798828125
2022-07-01,163442429.92812848,0.0,0,155009458.12592804,0.0,0,3825.330078125
2022-07-05,163442429.92812848,0.0,0,155009458.12592804,0.0,0,3831.389892578125
2022-07-06,163442429.92812848,0.0,0,155009458.12592804,0.0,0,3845.080078125
2022-07-07,163442429.92812848,0.0,0,155009458.12592804,0.0,0,3902.6201171875
2022-07-08,163442429.92812848,0.0,0,155009458.12592804,0.0,0,3899.3798828125
2022-07-11,163442429.92812848,0.0,0,155009458.12592804,0.0,0,3854.429931640625
2022-07-12,163442429.92812848,0.0,0,155009458.12592804,0.0,0,3818.800048828125
2022-07-13,163442429.92812848,0.0,0,155009458.12592804,0.0,0,3801.780029296875
2022-07-14,163442429.92812848,0.0,0,155009458.12592804,0.0,0,3790.3798828125
2022-07-15,163442429.92812848,0.0,0,155009458.12592804,0.0,0,3863.159912109375
2022-07-18,163442429.92812848,0.0,0,155009458.12592804,0.0,0,3830.85009765625
2022-07-19,163442429.92812848,0.0,0,155009458.12592804,0.0,0,3936.68994140625
2022-07-20,163442429.92812848,0.0,0,155009458.12592804,0.0,0,3959.89990234375
2022-07-21,163442429.92812848,0.0,0,155009458.12592804,0.0,0,3998.949951171875
2022-07-22,163442429.92812848,0.0,0,155009458.12592804,0.0,0,3961.6298828125
2022-07-25,163442429.92812848,0.0,0,155009458.12592804,0.0,0,3966.840087890625
2022-07-26,163442429.92812848,0.0,0,155009458.12592804,0.0,0,3921.050048828125
2022-07-27,163442429.92812848,0.0,0,155009458.12592804,0.0,0,4023.610107421875
2022-07-28,163442429.92812848,0.0,0,155009458.12592804,0.0,0,4072.429931640625
2022-07-29,163442429.92812848,0.0,0,155009458.12592804,0.0,0,4130.2900390625
2022-08-01,163442429.92812848,0.0,0,155009458.12592804,0.0,0,4118.6298828125
2022-08-02,163442429.92812848,0.0,0,155009458.12592804,0.0,0,4091.18994140625
2022-08-03,163442429.92812848,0.0,0,155009458.12592804,0.0,0,4155.169921875
2022-08-04,163442429.92812848,0.0,0,155009458.12592804,0.0,0,4151.93994140625
2022-08-05,163442429.92812848,0.0,0,155009458.12592804,0.0,0,4145.18994140625
2022-08-08,163442429.92812848,0.0,0,155009458.12592804,0.0,0,4140.06005859375
2022-08-09,163442429.92812848,0.0,0,155009458.12592804,0.0,0,4122.47021484375
2022-08-10,163442429.92812848,0.0,0,155009458.12592804,0.0,0,4210.240234375
2022-08-11,163442429.92812848,0.0,0,155009458.12592804,0.0,0,4207.27001953125
2022-08-12,163442429.92812848,0.0,0,155009458.12592804,0.0,0,4280.14990234375
2022-08-15,163442429.92812848,0.0,0,155009458.12592804,0.0,0,4297.14013671875
2022-08-16,163442429.92812848,0.0,0,155009458.12592804,0.0,0,4305.2001953125
2022-08-17,163442429.92812848,0.0,0,155009458.12592804,0.0,0,4274.0400390625
2022-08-18,163442429.92812848,0.0,0,155009458.12592804,0.0,0,4283.740234375
2022-08-19,163442429.92812848,0.0,0,155009458.12592804,0.0,0,4228.47998046875
2022-08-22,163442429.92812848,0.0,0,155009458.12592804,0.0,0,4137.990234375
2022-08-23,163442429.92812848,0.0,0,155009458.12592804,0.0,0,4128.72998046875
2022-08-24,163442429.92812848,0.0,0,155009458.12592804,0.0,0,4140.77001953125
2022-08-25,163442429.92812848,0.0,0,155009458.12592804,0.0,0,4199.1201171875
2022-08-26,163442429.92812848,0.0,0,155009458.12592804,0.0,0,4057.659912109375
2022-08-29,163442429.92812848,0.0,0,155009458.12592804,0.0,0,4030.610107421875
2022-08-30,163442429.92812848,0.0,0,155009458.12592804,0.0,0,3986.159912109375
2022-08-31,163442429.92812848,0.0,0,155009458.12592804,0.0,0,3955.0
2022-09-01,163442429.92812848,0.0,0,155009458.12592804,0.0,0,3966.85009765625
2022-09-02,163442429.92812848,0.0,0,155009458.12592804,0.0,0,3924.260009765625
2022-09-06,163442429.92812848,0.0,0,155009458.12592804,0.0,0,3908.18994140625
2022-09-07,163442429.92812848,0.0,0,155009458.12592804,0.0,0,3979.8701171875
2022-09-08,163442429.92812848,0.0,0,155009458.12592804,0.0,0,4006.179931640625
2022-09-09,163442429.92812848,0.0,0,155009458.12592804,0.0,0,4067.360107421875
2022-09-12,163442429.92812848,0.0,0,155009458.12592804,0.0,0,4110.41015625
2022-09-13,163442429.92812848,0.0,0,155009458.12592804,0.0,0,3932.68994140625
2022-09-14,163442429.92812848,0.0,0,155009458.12592804,0.0,0,3946.010009765625
2022-09-15,163442429.92812848,0.0,0,155009458.12592804,0.0,0,3901.35009765625
2022-09-16,163442429.92812848,0.0,0,155009458.12592804,0.0,0,3873.330078125
2022-09-19,163442429.92812848,0.0,0,155009458.12592804,0.0,0,3899.889892578125
2022-09-20,163442429.92812848,0.0,0,155009458.12592804,0.0,0,3855.929931640625
2022-09-21,163442429.92812848,0.0,0,155009458.12592804,0.0,0,3789.929931640625
2022-09-22,163442429.92812848,0.0,0,155009458.12592804,0.0,0,3757.989990234375
2022-09-23,163442429.92812848,0.0,0,155009458.12592804,0.0,0,3693.22998046875
2022-09-26,163442429.92812848,0.0,0,155009458.12592804,0.0,0,3655.0400390625
2022-09-27,163442429.92812848,0.0,0,155009458.12592804,0.0,0,3647.2900390625
2022-09-28,163442429.92812848,0.0,0,155009458.12592804,0.0,0,3719.0400390625
2022-09-29,163442429.92812848,0.0,0,155009458.12592804,0.0,0,3640.469970703125
2022-09-30,163442429.92812848,0.0,0,155009458.12592804,0.0,0,3585.6201171875
2022-10-03,163442429.92812848,0.0,0,155009458.12592804,0.0,0,3678.429931640625
2022-10-04,163442429.92812848,0.0,0,155009458.12592804,0.0,0,3790.929931640625
2022-10-05,163442429.92812848,0.0,0,155009458.12592804,0.0,0,3783.280029296875
2022-10-06,163442429.92812848,0.0,0,155009458.12592804,0.0,0,3744.52001953125
2022-10-07,163442429.92812848,0.0,0,155009458.12592804,0.0,0,3639.659912109375
2022-10-10,163442429.92812848,0.0,0,155009458.12592804,0.0,0,3612.389892578125
2022-10-11,163442429.92812848,0.0,0,155009458.12592804,0.0,0,3588.840087890625
2022-10-12,163442429.92812848,0.0,0,155009458.12592804,0.0,0,3577.030029296875
2022-10-13,163442429.92812848,0.0,0,155009458.12592804,0.0,0,3669.909912109375
2022-10-14,163442429.92812848,0.0,0,155009458.12592804,0.0,0,3583.070068359375
2022-10-17,163442429.92812848,0.0,0,155009458.12592804,0.0,0,3677.949951171875
2022-10-18,163442429.92812848,0.0,0,155009458.12592804,0.0,0,3719.97998046875
2022-10-19,163442429.92812848,0.0,0,155009458.12592804,0.0,0,3695.159912109375
2022-10-20,163442429.92812848,0.0,0,155009458.12592804,0.0,0,3665.780029296875
2022-10-21,163442429.92812848,0.0,0,155009458.12592804,0.0,0,3752.75
2022-10-24,163442429.92812848,0.0,0,155009458.12592804,0.0,0,3797.340087890625
2022-10-25,163442429.92812848,0.0,0,155009458.12592804,0.0,0,3859.110107421875
2022-10-26,163442429.92812848,0.0,0,155009458.12592804,0.0,0,3830.60009765625
2022-10-27,163442429.92812848,0.0,0,155009458.12592804,0.0,0,3807.300048828125
2022-10-28,163442429.92812848,0.0,0,155009458.12592804,0.0,0,3901.06005859375
2022-10-31,163442429.92812848,0.0,0,155009458.12592804,0.0,0,3871.97998046875
2022-11-01,163442429.92812848,0.0,0,155009458.12592804,0.0,0,3856.10009765625
2022-11-02,163442429.92812848,0.0,0,155009458.12592804,0.0,0,3759.68994140625
2022-11-03,163442429.92812848,0.0,0,155009458.12592804,0.0,0,3719.889892578125
2022-11-04,163442429.92812848,0.0,0,155009458.12592804,0.0,0,3770.550048828125
2022-11-07,163442429.92812848,0.0,0,155009458.12592804,0.0,0,3806.800048828125
2022-11-08,163442429.92812848,0.0,0,155009458.12592804,0.0,0,3828.110107421875
2022-11-09,163442429.92812848,0.0,0,155009458.12592804,0.0,0,3748.570068359375
2022-11-10,163442429.92812848,0.0,0,155009458.12592804,0.0,0,3956.3701171875
2022-11-11,163442429.92812848,0.0,0,155009458.12592804,0.0,0,3992.929931640625
2022-11-14,163442429.92812848,0.0,0,155009458.12592804,0.0,0,3957.25
2022-11-15,163442429.92812848,0.0,0,155009458.12592804,0.0,0,3991.72998046875
2022-11-16,163442429.92812848,0.0,0,155009458.12592804,0.0,0,3958.7900390625
2022-11-17,163442429.92812848,0.0,0,155009458.12592804,0.0,0,3946.56005859375
2022-11-18,163442429.92812848,0.0,0,155009458.12592804,0.0,0,3965.340087890625
2022-11-21,163442429.92812848,0.0,0,155009458.12592804,0.0,0,3949.93994140625
2022-11-22,163442429.92812848,0.0,0,155009458.12592804,0.0,0,4003.580078125
2022-11-23,163442429.92812848,0.0,0,155009458.12592804,0.0,0,4027.260009765625
2022-11-25,163442429.92812848,0.0,0,155009458.12592804,0.0,0,4026.1201171875
2022-11-28,163442429.92812848,0.0,0,155009458.12592804,0.0,0,3963.93994140625
2022-11-29,163442429.92812848,0.0,0,155009458.12592804,0.0,0,3957.6298828125
2022-11-30,163442429.92812848,0.0,0,155009458.12592804,0.0,0,4080.110107421875
2022-12-01,162479978.64085612,75.38190383560348,10,154096665.45282418,75.38190383560348,10,4076.570068359375
2022-12-02,162917779.76329905,75.44805886269039,10,154511877.79876542,75.44805886269039,10,4071.699951171875
2022-12-05,161423057.50415713,75.22071629161977,10,153094277.1944411,75.22071629161977,10,3998.840087890625
2022-12-06,160977051.57324272,75.15206235995845,10,152671283.37513486,75.15206235995845,10,3941.260009765625
2022-12-07,161456613.9896139,75.22586631708383,10,153126102.30025697,75.22586631708383,10,3933.919921875
2022-12-08,161870875.30453467,75.2892684898107,10,153518989.3980359,75.2892684898107,10,3963.510009765625
2022-12-09,159854095.7066809,74.97750857563723,10,151606267.5132707,74.97750857563723,10,3934.3798828125
2022-12-12,160932881.0600227,75.14524245994305,10,152629391.88268465,75.14524245994303,10,3990.56005859375
2022-12-13,160192600.60493177,75.03038390122406,10,151927306.92068723,75.03038390122406,10,4019.64990234375
2022-12-14,160451357.2805989,75.07065189872753,10,152172712.79295224,75.07065189872753,10,3995.320068359375
2022-12-15,158672729.41464442,74.79120858558498,10,150485854.9688822,74.79120858558497,10,3895.75
2022-12-16,158180890.99432135,67.47464699200789,9,150019393.43222174,67.47464699200789,9,3852.360107421875
2022-12-19,158225607.07303786,67.48383896966747,9,150061802.34118384,67.48383896966746,9,3817.659912109375
2022-12-20,158044182.93410587,67.44651259417688,9,149889738.9578924,67.44651259417688,9,3821.6201171875
2022-12-21,160446866.83042997,67.93399945823526,9,152168454.03194547,67.93399945823528,9,3878.43994140625
2022-12-22,159479805.3986954,67.73955607829512,9,151251289.07928556,67.73955607829512,9,3822.389892578125
2022-12-23,160145183.48111093,67.8735931554516,9,151882336.32968098,67.8735931554516,9,3844.820068359375
2022-12-27,160667135.0379126,67.97796066074756,9,152377357.28613266,67.97796066074756,9,3829.25
2022-12-28,159008724.7912435,60.66202192221245,8,150804514.33586752,60.66202192221245,8,3783.219970703125
2022-12-29,159325448.95461836,53.51935507102266,7,151104896.80669665,53.519355071022645,7,3849.280029296875
2022-12-30,159185019.1378066,53.478350782503405,7,150971712.60343754,53.478350782503405,7,3839.5
2023-01-03,158940219.59480548,53.40669819200657,7,150739543.731947,53.40669819200657,7,3824.139892578125
2023-01-04,159099978.70416772,53.45348452384469,7,150891059.91402906,53.453484523844686,7,3852.969970703125
2023-01-05,159045872.5072466,46.100200689976006,6,150839745.37918222,46.100200689976006,6,3808.10009765625
2023-01-06,159682181.27369723,31.665685547159494,4,151443223.1733613,31.665685547159487,4,3895.080078125
2023-01-09,158648301.1776793,31.220364121948034,4,150462687.1306618,31.220364121948023,4,3892.090087890625
2023-01-10,158835155.22271433,31.301276645134912,4,150639900.25874764,31.301276645134905,4,3919.25
2023-01-11,159021630.32199797,31.38183550516117,4,150816753.99315822,31.38183550516117,4,3969.610107421875
2023-01-12,158792906.14478832,31.28299838707601,4,150599831.0632608,31.282998387076006,4,3983.169921875
2023-01-13,158760130.58888838,23.83226233030833,3,150568746.59417856,23.83226233030833,3,3999.090087890625
2023-01-17,157504388.66609377,38.50371952566095,5,149377795.9023417,38.50371952566095,5,3990.969970703125
2023-01-18,156659223.83314276,46.30230655784804,6,148576238.17439774,46.30230655784805,6,3928.860107421875
2023-01-19,155979115.78377944,46.068171152228246,6,147931220.96408552,46.06817115222827,6,3898.85009765625
2023-01-20,156738805.3889094,38.668234057778854,5,148651713.64206934,38.66823405777886,5,3972.610107421875
2023-01-23,157412868.03574574,38.93086476263821,5,149290997.36830235,38.93086476263821,5,4019.81005859375
2023-01-24,157266854.02960795,38.8741652810952,5,149152517.09741938,38.8741652810952,5,4016.949951171875
2023-01-25,157105902.79020616,38.628094324200205,5,148999870.29441148,38.62809432420022,5,4016.219970703125
2023-01-26,156863868.93144166,38.53340024804596,5,148770324.40897828,38.533400248045965,5,4060.429931640625
2023-01-27,156214557.87137127,75.89940236686064,10,148154515.18721777,75.89940236686064,10,4070.56005859375
2023-01-30,154753687.43001723,98.04469263902135,13,146769019.7830803,98.04469263902136,13,4017.77001953125
2023-01-31,157768239.94286907,100.0,14,149628033.51479492,100.0,14,4076.60009765625
2023-02-01,161650180.02123398,100.0,14,153309681.10342458,100.0,14,4119.2099609375
2023-02-02,162806164.24788398,100.0,14,154406021.19488025,100.0,14,4179.759765625
2023-02-03,162904886.33825144,100.0,14,154499649.62257585,100.0,14,4136.47998046875
2023-02-06,161428515.06088716,100.0,14,153099453.16320133,100.0,14,4111.080078125
2023-02-07,162246285.88385066,100.0,14,153875030.30185816,100.0,14,4164.0
2023-02-08,161392031.80977535,100.0,14,153064852.30106297,100.0,14,4117.85986328125
2023-02-09,159557584.70903787,100.0,14,151325055.29014578,100.0,14,4081.5
2023-02-10,160172822.84163484,100.0,14,151908549.610404,100.0,14,4090.4599609375
2023-02-13,162334475.8251778,100.0,14,153958669.99702966,100.0,14,4137.2900390625
2023-02-14,163114694.26072246,100.0,14,154698632.3003729,100.0,14,4136.1298828125
2023-02-15,163659323.5401098,100.0,14,155215160.90016475,100.0,14,4147.60009765625
2023-02-16,162843523.18273747,100.0,14,154441452.5590024,100.0,14,4090.409912109375
2023-02-17,162167520.24001774,100.0,14,153800328.64834717,100.0,14,4079.090087890625
2023-02-21,158497803.58183286,100.0,14,150319954.60526013,100.0,14,3997.340087890625
2023-02-22,157150730.88974583,91.66432569856977,12,149042385.44437295,91.6643256985698,12,3991.050048828125
2023-02-23,157408003.49412158,91.67794978749252,12,149286383.8174543,91.67794978749254,12,4012.320068359375
2023-02-24,156835877.89766595,100.0,14,148743777.59992832,100.0,14,3970.0400390625
2023-02-27,157588353.52751622,100.0,14,149457428.51473272,100.0,14,3982.239990234375
2023-02-28,158785767.14282688,92.79338556527749,13,150593060.405078,92.7933855652775,13,3970.14990234375
2023-03-01,160387183.2929177,92.86534136939036,13,152111849.92484248,92.86534136939038,13,3951.389892578125
2023-03-02,162615971.34761658,100.0,14,154225641.4830587,100.0,14,3981.35009765625
2023-03-03,165821515.3029278,100.0,14,157265792.26722246,100.0,14,4045.639892578125
2023-03-06,164646951.86609787,100.0,14,156151831.57808203,100.0,14,4048.419921875
2023-03-07,163636043.19246137,100.0,14,155193081.72479054,100.0,14,3986.3701171875
2023-03-08,164009169.83098465,100.0,14,155546956.52997586,100.0,14,3992.010009765625
2023-03-09,159582932.10595718,100.0,14,151349094.86336493,100.0,14,3918.320068359375
2023-03-10,156385348.65820166,92.85773801033126,13,148316493.85659468,92.85773801033125,13,3861.590087890625
2023-03-13,153471234.71164292,92.72212063999358,13,145552736.46524948,92.72212063999356,13,3855.760009765625
2023-03-14,155883220.6982903,55.98307817912115,8,147840273.67919046,55.98307817912115,8,3919.2900390625
2023-03-15,153721009.6046883,55.36394435406974,8,145789623.97873935,55.36394435406974,8,3891.929931640625
2023-03-16,154027645.61040634,48.49745357337718,7,146080438.80025882,48.49745357337717,7,3960.280029296875
2023-03-17,152528553.30893952,55.389672063992926,8,144658693.63021147,55.389672063992926,8,3916.639892578125
2023-03-20,153351259.79132837,39.363891510447246,6,145438951.768125,39.36389151044724,6,3951.570068359375
2023-03-21,154183025.92808926,39.69100314548608,6,146227802.1186949,39.691003145486064,6,4002.8701171875
2023-03-22,153177669.44506988,39.295174946821476,6,145274317.98532295,39.29517494682147,6,3936.969970703125
2023-03-23,153527721.87003303,47.02872192846135,7,145606309.11353284,47.02872192846136,7,3948.719970703125
2023-03-24,153506108.34502167,54.56440051021446,8,145585810.75945377,54.56440051021446,8,3970.989990234375
2023-03-27,153085749.28147006,69.5498927577106,10,145187140.53234014,69.54989275771058,10,3977.530029296875
2023-03-28,152172978.64373916,62.49829855936082,9,144321465.1871428,62.49829855936081,9,3971.27001953125
2023-03-29,153108298.4482365,70.2083689332155,10,145208526.25282407,70.20836893321548,10,4027.81005859375
2023-03-30,152887407.6968783,85.31599475614725,12,144999032.57552058,85.31599475614723,12,4050.830078125
2023-03-31,155102093.1849478,85.52566602912948,12,147099449.2028062,85.52566602912947,12,4109.31005859375
2023-04-03,154738653.8286316,100.0,14,146754761.85504112,100.0,14,4124.509765625
2023-04-04,154621742.33523005,100.0,14,146643882.52432612,100.0,14,4100.60009765625
2023-04-05,153053013.98199165,100.0,14,145156094.24261004,100.0,14,4090.3798828125
2023-04-06,153334300.2978369,92.03072415509212,12,145422867.3162641,92.03072415509212,12,4105.02001953125
2023-04-10,154489776.6074869,92.09032880755565,12,146518725.69719344,92.09032880755565,12,4109.10986328125
2023-04-11,154159763.7891389,92.07339641989321,12,146205740.21252322,92.07339641989323,12,4108.93994140625
2023-04-12,153443632.06023434,100.0,14,145526557.99959907,100.0,14,4091.949951171875
2023-04-13,155319445.08161187,99.51859752936093,14,147305586.61607984,99.51859752936093,14,4146.22021484375
2023-04-14,155184089.44614437,100.0,15,147177214.7868227,100.0,15,4137.64013671875
2023-04-17,155847057.7438263,100.0,15,147805976.5876815,100.0,15,4151.31982421875
2023-04-18,155840785.0609775,100.0,15,147800027.5500306,100.0,15,4154.8701171875
2023-04-19,156873937.32466722,100.0,15,148779873.31362176,100.0,15,4154.52001953125
2023-04-20,157114236.52403405,100.0,15,149007774.04110315,100.0,15,4129.7900390625
2023-04-21,157825062.36024457,100.0,15,149681924.12404895,100.0,15,4133.52001953125
2023-04-24,157694891.65489474,100.0,15,149558469.70337602,100.0,15,4137.0400390625
2023-04-25,155870253.2074637,93.05780596987158,14,147827975.2587181,93.05780596987158,14,4071.6298828125
2023-04-26,153835223.8389104,100.0,15,145897945.21799666,100.0,15,4055.989990234375
2023-04-27,155458534.305462,78.44453990763512,12,147437499.39558053,78.44453990763512,12,4135.35009765625
2023-04-28,156675980.86910197,100.0,15,148592130.61472046,100.0,15,4169.47998046875
2023-05-01,156438409.06964102,100.0,15,148366816.56428298,100.0,15,4167.8701171875
2023-05-02,154818640.71560568,93.34836234889684,14,146830621.74046063,93.34836234889684,14,4119.580078125
2023-05-03,153786259.04905534,100.0,15,145851506.8142968,100.0,15,4090.75
2023-05-04,152676334.96052706,100.0,15,144798850.34315073,100.0,15,4061.219970703125
2023-05-05,154459964.0565509,100.0,15,146490451.3539401,100.0,15,4136.25
2023-05-08,154411153.93231094,100.0,15,146444159.6357319,100.0,15,4138.1201171875
2023-05-09,153503178.9283219,100.0,15,145583032.48886982,100.0,15,4119.169921875
2023-05-10,154336118.18448743,100.0,15,146372995.43060285,100.0,15,4137.64013671875
2023-05-11,154363029.3073864,100.0,15,146398518.04783246,100.0,15,4130.6201171875
2023-05-12,154238689.7284015,100.0,15,146280593.89086458,100.0,15,4124.080078125
2023-05-15,155165948.72040415,100.0,15,147160010.0495446,100.0,15,4136.27978515625
2023-05-16,155825273.65040484,100.0,15,147785316.46583608,100.0,15,4109.89990234375
2023-05-17,156296627.92127344,99.68450151605549,14,148232350.75273946,99.68450151605552,14,4158.77001953125
2023-05-18,159264486.38248613,100.0,14,151047079.65801415,100.0,14,4198.0498046875
2023-05-19,158170661.86019516,100.0,14,150009692.08026126,100.0,14,4191.97998046875
2023-05-22,157778957.5438275,100.0,14,149638198.1306643,100.0,14,4192.6298828125
2023-05-23,154298254.99817413,100.0,14,146337085.8323674,100.0,14,4145.580078125
2023-05-24,154419243.19079462,100.0,14,146451831.5210235,100.0,14,4115.240234375
2023-05-25,162592579.15531507,100.0,14,154203456.23376548,100.0,14,4151.27978515625
2023-05-26,164169046.95381454,100.0,14,155698584.63650542,100.0,14,4205.4501953125
2023-05-30,165693917.36174837,100.0,15,157144777.86643985,100.0,15,4205.52001953125
2023-05-31,162848419.18086305,100.0,15,154446095.9433229,100.0,15,4179.830078125
2023-06-01,164957436.5413477,93.12194129218733,14,156446296.49326983,93.12194129218732,14,4221.02001953125
2023-06-02,166614681.05297944,93.19035438143112,14,158018033.85573542,93.1903543814311,14,4282.3701171875
2023-06-05,167188379.54117963,100.0,15,158562131.8101202,100.0,15,4273.7900390625
2023-06-06,169952865.47925016,100.0,15,161183981.3962129,100.0,15,4283.85009765625
2023-06-07,168968231.89021254,100.0,15,160250150.9388683,100.0,15,4267.52001953125
2023-06-08,171591494.98012054,100.0,15,162738064.20757824,100.0,15,4293.93017578125
2023-06-09,172596065.4755115,100.0,15,163690802.90712103,100.0,15,4298.85986328125
2023-06-12,175434671.36816105,100.0,15,166382948.1563453,100.0,15,4338.93017578125
2023-06-13,175759084.97611374,100.0,15,166690623.32734916,100.0,15,4369.009765625
2023-06-14,177039098.5305928,100.0,15,167904593.33232826,100.0,15,4372.58984375
2023-06-15,179153084.81912354,100.0,15,169909506.43362564,100.0,15,4425.83984375
2023-06-16,177607821.8341478,100.0,15,168443972.80157873,100.0,15,4409.58984375
2023-06-20,176498430.99513525,100.0,15,167391822.06641883,100.0,15,4388.7099609375
2023-06-21,175998479.54622665,100.0,15,166917666.1008065,100.0,15,4365.68994140625
2023-06-22,175579058.9543229,100.0,15,166519885.92397952,100.0,15,4381.89013671875
2023-06-23,173951911.67731962,100.0,15,164976692.89992645,100.0,15,4348.330078125
2023-06-26,173094322.82114142,100.0,15,164163352.17836797,100.0,15,4328.81982421875
2023-06-27,177204974.0361008,100.0,15,168061910.3291231,100.0,15,4378.41015625
2023-06-28,178199608.4432706,100.0,15,169005225.60262093,100.0,15,4376.85986328125
2023-06-29,179017473.4031906,100.0,15,169780892.02114606,100.0,15,4396.43994140625
2023-06-30,181875882.93637222,100.0,15,172491819.1227273,100.0,15,4450.3798828125
2023-07-03,180876435.47682473,100.0,15,171543939.13099003,100.0,15,4455.58984375
2023-07-05,180595002.49819624,100.0,15,171277026.9617623,100.0,15,4446.81982421875
2023-07-06,177769095.99403417,100.0,15,168596925.86367342,100.0,15,4411.58984375
2023-07-07,178908868.63990194,100.0,15,169677890.8266907,100.0,15,4398.9501953125
2023-07-10,182840471.01367304,100.0,15,173406638.3360912,100.0,15,4409.52978515625
2023-07-11,183231868.37551254,100.0,15,173777841.16877872,100.0,15,4439.259765625
2023-07-12,185359160.91874817,100.0,15,175795373.97557366,100.0,15,4472.16015625
2023-07-13,188580228.29320803,100.0,15,178850247.23291385,100.0,15,4510.0400390625
2023-07-14,189544169.43646848,100.0,15,179764452.89143097,100.0,15,4505.419921875
2023-07-17,191333975.04371724,100.0,15,181461911.73031622,100.0,15,4522.7900390625
2023-07-18,194701014.43839276,100.0,15,184655225.4389218,100.0,15,4554.97998046875
2023-07-19,192403349.2380224,100.0,15,182476110.5186357,100.0,15,4565.72021484375
2023-07-20,189467066.94453102,100.0,15,179691328.5778691,100.0,15,4534.8701171875
2023-07-21,188429980.90502098,100.0,15,178707752.005463,100.0,15,4536.33984375
2023-07-24,188842908.5074106,100.0,15,179099374.20491153,100.0,15,4554.64013671875
2023-07-25,190566457.22684097,92.41075090485168,14,180733994.74481678,92.4107509048517,14,4567.4599609375
2023-07-26,188623904.34377447,100.0,16,178891669.77499402,100.0,16,4566.75
2023-07-27,190338412.3742978,100.0,16,180517716.08916613,100.0,16,4537.41015625
2023-07-28,194697352.74410665,100.0,16,184651752.67332867,100.0,16,4582.22998046875
2023-07-31,196039870.61255768,100.0,16,185925002.021154,100.0,16,4588.9599609375
2023-08-01,196438273.27581215,100.0,16,186302848.70988813,100.0,16,4576.72998046875
2023-08-02,191696989.2927688,100.0,16,181806195.90464118,100.0,16,4513.39013671875
2023-08-03,191300358.621864,100.0,16,181430029.7805807,100.0,16,4501.89013671875
2023-08-04,192800656.09129572,100.0,16,182852917.93677482,100.0,16,4478.02978515625
2023-08-07,196452437.4163915,100.0,16,186316282.0378005,100.0,16,4518.43994140625
2023-08-08,194113258.92594418,100.0,16,184097795.7461838,100.0,16,4499.3798828125
2023-08-09,183451288.34316814,100.0,16,173985939.94890127,100.0,16,4467.7099609375
2023-08-10,183516250.78283444,80.48180107447652,13,174047550.58804584,80.48180107447651,13,4468.830078125
2023-08-11,182632989.7909199,100.0,16,173209862.30966765,100.0,16,4464.0498046875
2023-08-14,184198278.74639267,100.0,16,174694388.65270492,100.0,16,4489.72021484375
2023-08-15,183519683.6937559,100.0,16,174050806.37457544,100.0,16,4437.85986328125
2023-08-16,181632144.95556757,99.53977017017223,15,172260657.04109496,99.53977017017223,15,4404.330078125
2023-08-17,177139381.26467976,100.0,15,167999701.88080642,100.0,15,4370.35986328125
2023-08-18,177692447.8758006,79.37366040148532,12,168524232.47996044,79.37366040148532,12,4369.7099609375
2023-08-21,178500367.9503552,79.46701838173809,12,169290467.12919343,79.46701838173807,12,4399.77001953125
2023-08-22,178645370.29756325,79.48368453169131,12,169427987.9386772,79.4836845316913,12,4387.5498046875
2023-08-23,180348295.7108548,79.67740831965602,12,171043049.25206602,79.67740831965604,12,4436.009765625
2023-08-24,178637572.6657421,79.48278898283246,12,169420592.63328558,79.48278898283245,12,4376.31005859375
2023-08-25,179706692.52992675,79.60485098034248,12,170434550.2138955,79.60485098034246,12,4405.7099609375
2023-08-28,181537129.7645522,100.0,15,172170544.25165898,100.0,15,4433.31005859375
2023-08-29,183169929.94267547,100.0,15,173719098.50987762,100.0,15,4497.6298828125
2023-08-30,183090996.42720258,100.0,15,173644237.6462279,100.0,15,4514.8701171875
2023-08-31,182556294.19967952,93.2352051971991,14,173137123.90236393,93.23520519719911,14,4507.66015625
2023-09-01,183959104.3328403,100.0,14,174467554.67661533,100.0,14,4515.77001953125
2023-09-05,182041973.24279326,100.0,14,172649339.83757243,100.0,14,4496.830078125
2023-09-06,182309457.2220217,100.0,14,172903022.71964782,100.0,14,4465.47998046875
2023-09-07,182761678.19974622,100.0,14,173331910.9143539,100.0,14,4451.14013671875
2023-09-08,182678858.13593245,100.0,14,173253364.03262085,100.0,14,4457.490234375
2023-09-11,183055125.79194137,100.0,14,173610217.79142696,100.0,14,4487.4599609375
2023-09-12,179351140.76064903,93.22973012061728,13,170097343.48541197,93.22973012061726,13,4461.89990234375
2023-09-13,178069593.84610647,96.26372450817348,13,168881919.2355795,96.26372450817348,13,4467.43994140625
2023-09-14,178801168.80578575,96.96896367756166,13,169575747.87070343,96.96896367756166,13,4505.10009765625
2023-09-15,176979997.54619977,100.0,14,167843555.99117744,96.93768254512098,13,4450.31982421875
2023-09-18,177030539.07089114,100.0,14,167863589.0877715,100.0,14,4453.52978515625
2023-09-19,175796450.7886034,100.0,14,166675110.7278346,100.0,14,4443.9501953125
2023-09-20,174280267.3935174,93.07819828980364,13,165160406.86727002,93.07284644121798,13,4402.2001953125
2023-09-21,170863576.30543315,100.0,14,161833362.96694505,100.0,14,4330.0
2023-09-22,170613588.98278606,55.9679298968683,8,161713933.33635545,55.94160526552341,8,4320.06005859375
2023-09-25,171158299.00609583,56.10806163498167,8,162319371.8697919,56.10593962430224,8,4337.43994140625
2023-09-26,168918156.76039487,56.15236190064964,8,160160287.01653686,56.14039421261259,8,4273.52978515625
2023-09-27,169645376.91886604,45.33801984470408,6,160878094.43972182,48.41773914360796,7,4274.509765625
2023-09-28,170020395.62868005,45.458589292845396,6,161270437.1325041,48.54322973868562,7,4299.7001953125
2023-09-29,169355692.25306693,60.45038426050458,8,160564266.72440803,63.52995101977768,9,4288.0498046875
2023-10-02,169383212.42419738,60.45680999879184,8,160541768.69821826,63.52484017464527,9,4288.39013671875
2023-10-03,167338771.42631888,53.73105945066279,7,158543740.62309492,53.787367859929816,7,4229.4501953125
2023-10-04,168315700.48967957,53.999611181856324,7,159470310.27628607,54.0558769163234,7,4263.75
2023-10-05,168210647.23886952,61.52959328308823,8,159370724.2213785,61.58588123735041,8,4258.18994140625
2023-10-06,169671540.61462373,61.86082833954922,8,160756148.97099328,61.9169408652967,8,4308.5
2023-10-09,171443243.70003197,77.04275476792279,10,162435879.7310113,77.09844558841516,10,4335.66015625
2023-10-10,172020128.99195498,84.80093302687962,11,162983062.48692742,84.85649340151262,11,4358.240234375
2023-10-11,174063956.8747638,100.0,14,164920268.07888544,100.0,14,4376.9501953125
2023-10-12,172447114.29330772,100.0,14,163387982.05211318,100.0,14,4349.60986328125
2023-10-13,169461936.61260757,93.14439693481636,13,160558721.6085296,93.1443737507492,13,4327.77978515625
2023-10-16,170609360.09844264,92.18564774199713,13,161646017.9979151,92.17718792071895,13,4373.6298828125
2023-10-17,171517346.4384011,100.0,15,162507681.45203668,100.0,15,4373.2001953125
2023-10-18,168166604.98567685,100.0,15,159331929.56660128,100.0,15,4314.60009765625
2023-10-19,164860126.91700405,100.0,15,156197453.55432013,100.0,15,4278.0
2023-10-20,161622004.2387308,77.30102725569365,12,153130410.76956457,77.27693491379245,12,4224.16015625
2023-10-23,161860254.47941,62.84731164532398,10,153355463.24374622,62.815997249168554,10,4217.0400390625
2023-10-24,162534899.80647987,63.0015239875127,10,153995803.49912992,62.9706145392286,10,4247.68017578125
2023-10-25,160581427.02519837,62.55143759098348,10,152146147.5942159,62.52044460357222,10,4186.77001953125
2023-10-26,159251913.43432814,54.53007548193125,8,150885940.93394268,54.55390905408834,8,4137.22998046875
2023-10-27,158793003.17563623,46.58580416414695,6,150451191.1825009,46.59422958041212,6,4117.3701171875
2023-10-30,159220178.99596128,38.967785730523126,5,150855686.421033,38.97619779875634,5,4166.81982421875
2023-10-31,159862180.8921685,39.212889338343665,5,151464218.12769195,39.22137067826135,5,4193.7998046875
2023-11-01,160626312.3887681,39.50206578243356,5,152188422.23099858,39.51059197448681,5,4237.85986328125
2023-11-02,161231253.21007696,39.7290544666025,5,152761595.0065681,39.73755269644739,5,4317.77978515625
2023-11-03,162973560.34382683,77.84868721182609,10,154412736.11307073,77.85714611564309,10,4358.33984375
2023-11-06,162941922.13701686,100.0,13,154382482.5187008,100.0,13,4365.97998046875
2023-11-07,163317345.34746525,100.0,13,154737910.09267142,100.0,13,4378.3798828125
2023-11-08,162920306.58139202,100.0,13,154361647.88048244,100.0,13,4382.77978515625
2023-11-09,161616041.4101406,93.05242060907734,12,153125787.17757434,93.05240324649307,12,4347.35009765625
2023-11-10,164798600.1121639,100.0,13,156141100.57523927,100.0,13,4415.240234375
2023-11-13,166490278.1316294,100.0,13,157743947.06695294,100.0,13,4411.5498046875
2023-11-14,169374389.4439472,100.0,13,160476542.59645095,100.0,13,4495.7001953125
2023-11-15,169041558.83392802,100.0,13,160161443.12794882,100.0,13,4502.8798828125
2023-11-16,168576125.56267408,92.88697187063012,12,159720170.3084263,92.88700397473063,12,4508.240234375
2023-11-17,170099406.11947897,100.0,13,161163579.31427875,100.0,13,4514.02001953125
2023-11-20,172640432.88561702,100.0,13,163570999.29611722,100.0,13,4547.3798828125
2023-11-21,170566536.85436305,100.0,13,161605779.9633423,100.0,13,4538.18994140625
2023-11-22,171595413.73669434,100.0,13,162580533.52442163,100.0,13,4556.6201171875
2023-11-24,172262629.14190686,100.0,13,163212819.4970282,100.0,13,4559.33984375
2023-11-27,173097391.00088695,100.0,13,164003594.40005398,100.0,13,4550.43017578125
2023-11-28,174307786.45616403,100.0,13,165150425.16951096,100.0,13,4554.89013671875
2023-11-29,175013065.50754493,93.3503999412076,12,165816771.62044668,93.34280493386727,12,4550.580078125
2023-11-30,176291582.29240248,100.0,13,167028210.6815033,100.0,13,4567.7998046875
2023-12-01,178789753.02522632,100.0,13,169394987.99005336,100.0,13,4594.6298828125
2023-12-04,177881709.59709525,100.0,13,168534283.82108298,100.0,13,4569.77978515625
2023-12-05,177421415.33062845,100.0,13,168098592.97451317,100.0,13,4567.18017578125
2023-12-06,175506745.21188074,93.71144779250066,12,166284027.61749023,93.71131396295291,12,4549.33984375
2023-12-07,177090533.89561164,100.0,13,167784756.75298667,100.0,13,4585.58984375
2023-12-08,180693118.88873586,100.0,13,171198088.61727017,100.0,13,4604.3701171875
2023-12-11,181587679.71560323,100.0,13,172045523.1474591,100.0,13,4622.43994140625
2023-12-12,182714336.7327726,100.0,13,173113137.958128,100.0,13,4643.7001953125
2023-12-13,185183897.6870499,100.0,13,175453138.69260505,100.0,13,4707.08984375
2023-12-14,183671839.44519004,100.0,13,174020348.45049298,100.0,13,4719.5498046875
2023-12-15,183911173.13482744,100.0,13,174247710.88431066,100.0,13,4719.18994140625
2023-12-18,185388909.66598356,100.0,13,175647655.55221573,100.0,13,4740.56005859375
2023-12-19,187120308.06255823,100.0,13,177288114.29353362,100.0,13,4768.3701171875
2023-12-20,184592292.1582721,100.0,13,174892845.8116241,100.0,13,4698.35009765625
2023-12-21,187004886.56616944,93.50551224447098,12,177178600.81952763,93.50539780622805,12,4746.75
2023-12-22,187967806.60308504,100.0,13,178090782.0384004,100.0,13,4754.6298828125
2023-12-26,188677079.1476107,100.0,13,178762905.26921508,100.0,13,4774.75
2023-12-27,190687598.33561856,100.0,13,180667657.9408944,100.0,13,4781.580078125
2023-12-28,190743430.98125777,100.0,13,180720283.70957536,100.0,13,4783.35009765625
2023-12-29,188937520.29939967,100.0,13,179009247.66162422,100.0,13,4769.830078125
2024-01-02,183032644.15152055,100.0,13,173414783.932566,100.0,13,4742.830078125
2024-01-03,180275196.38251075,100.0,13,170802418.90938795,100.0,13,4704.81005859375
2024-01-04,180297791.11747813,100.0,13,170823726.04692966,100.0,13,4688.68017578125
2024-01-05,180681829.27639464,99.9410287767168,13,171187611.57757622,99.94107383465197,13,4697.240234375
2024-01-08,184982093.88234028,99.94239967623973,13,175261894.48435408,99.94244368101216,13,4763.5400390625
2024-01-09,185583181.74869028,99.94258623870398,13,175831822.9767105,99.94263023988161,13,4756.5
2024-01-10,187297134.07361755,99.9431116308844,13,177456252.49742168,99.94315540104455,13,4783.4501953125
2024-01-11,186952586.86847782,99.94300678757138,13,177130015.66002402,99.94305070505546,13,4780.240234375
2024-01-12,185617570.2600118,99.94259687548679,13,175864885.74579763,99.94264102545215,13,4783.830078125
2024-01-16,185912788.40369424,100.0,14,176144922.09579673,100.0,14,4765.97998046875
2024-01-17,184360578.92849937,100.0,14,174674134.89898977,100.0,14,4739.2099609375
2024-01-18,187464716.17005318,100.0,14,177615153.65618613,100.0,14,4780.93994140625
2024-01-19,190605548.59053802,100.0,14,180591006.34040773,100.0,14,4839.81005859375
2024-01-22,192261527.93611413,100.0,14,182160223.20721927,100.0,14,4850.43017578125
2024-01-23,190933826.012991,100.0,14,180902265.60707596,100.0,14,4864.60009765625
2024-01-24,191232124.85286513,100.0,14,181184822.4707649,100.0,14,4868.5498046875
2024-01-25,192284315.0602327,100.0,14,182181805.44400135,100.0,14,4894.16015625
2024-01-26,190520344.71404037,100.0,14,180510620.5056412,100.0,14,4890.97021484375
2024-01-29,192632166.37162977,100.0,14,182511521.61532763,100.0,14,4927.93017578125
2024-01-30,191313508.59877858,100.0,14,181262099.2398645,100.0,14,4924.97021484375
2024-01-31,187834853.7786026,100.0,14,177966153.26380378,100.0,14,4845.64990234375
2024-02-01,190470254.89113575,100.0,14,180462846.91861773,100.0,14,4906.18994140625
2024-02-02,192061073.92861366,100.0,14,181970214.33339646,100.0,14,4958.60986328125
2024-02-05,191049226.6856005,100.0,14,181011501.47950667,100.0,14,4942.81005859375
2024-02-06,190468878.60446188,100.0,14,180461783.08998364,100.0,14,4954.22998046875
2024-02-07,193015027.89696506,100.0,14,182875542.6748918,100.0,14,4995.06005859375
2024-02-08,194202673.39173123,100.0,14,184000691.3270327,100.0,14,4997.91015625
2024-02-09,195694924.9830805,100.0,14,185414726.65447587,100.0,14,5026.60986328125
2024-02-12,193965661.32875645,100.0,14,183776521.3944516,100.0,14,5021.83984375
2024-02-13,192058987.36237836,100.0,14,181969357.8762558,100.0,14,4953.169921875
2024-02-14,197612708.00204858,100.0,14,187229558.94272938,100.0,14,5000.6201171875
2024-02-15,200990389.08294562,100.0,14,190427305.92790368,100.0,14,5029.72998046875
2024-02-16,195131774.86684924,100.0,14,184880394.93752664,100.0,14,5005.56982421875
2024-02-20,193755236.71918726,100.0,14,183576474.71051452,100.0,14,4975.509765625
2024-02-21,186435064.19836733,100.0,14,176637455.93451345,100.0,14,4981.7998046875
2024-02-22,195506726.41754162,100.0,14,185228191.5530193,100.0,14,5087.02978515625
2024-02-23,193955215.42430833,100.0,14,183760600.44702703,100.0,14,5088.7998046875
2024-02-26,194858717.87885565,100.0,14,184616283.85112152,100.0,14,5069.52978515625
2024-02-27,194727328.75357562,100.0,14,184492247.02752382,100.0,14,5078.18017578125
2024-02-28,194173806.23597988,100.0,14,183968710.29965952,100.0,14,5069.759765625
2024-02-29,196285891.77845034,100.0,14,185968866.86152777,100.0,14,5096.27001953125
2024-03-01,197384804.77460104,100.0,14,187009296.9584364,100.0,14,5137.080078125
2024-03-04,202391853.19738555,100.0,14,191750183.49223486,100.0,14,5130.9501953125
2024-03-05,199949333.16299427,100.0,14,189435700.83842933,100.0,14,5078.64990234375
2024-03-06,204441227.36756095,100.0,14,193690916.96205786,100.0,14,5104.759765625
2024-03-07,207564524.49555126,100.0,14,196649576.94390586,100.0,14,5157.35986328125
2024-03-08,204883862.23693135,100.0,14,194110172.0298644,100.0,14,5123.68994140625
2024-03-11,201526916.49911228,100.0,14,190931100.1472378,100.0,14,5117.93994140625
2024-03-12,206775577.61572272,100.0,14,195902609.01355997,100.0,14,5175.27001953125
2024-03-13,208023131.65991834,100.0,14,197084119.5071027,100.0,14,5165.31005859375
2024-03-14,206053861.95184323,99.3749263052114,13,195219332.25809184,99.37486120776767,13,5150.47998046875
2024-03-15,203590183.039393,100.0,13,192886182.69741112,100.0,13,5117.08984375
2024-03-18,203831792.67141122,100.0,13,193116458.9836387,100.0,13,5149.419921875
2024-03-19,202884671.4457907,100.0,13,192220905.80188116,100.0,13,5178.509765625
2024-03-20,206701081.26557657,100.0,13,195837127.10966766,100.0,13,5224.6201171875
2024-03-21,209855366.29329774,100.0,13,198824350.64458248,100.0,13,5241.52978515625
2024-03-22,210006138.42927986,100.0,13,198967107.578725,100.0,13,5234.18017578125
2024-03-25,212098472.4064844,100.0,13,200948087.23792914,100.0,13,5218.18994140625
2024-03-26,211687912.76848182,100.0,13,200559498.43673038,100.0,13,5203.580078125
2024-03-27,211826145.8661288,100.0,13,200690561.34164533,100.0,13,5248.490234375
2024-03-28,211556245.11474395,100.0,13,200435177.2186727,100.0,13,5254.35009765625
2024-04-01,211094187.2196369,100.0,13,199996727.8535817,100.0,13,5243.77001953125
2024-04-02,209148921.12329304,100.0,13,198154047.5846244,100.0,13,5205.81005859375
2024-04-03,212124471.70021307,100.0,13,200973194.92514077,100.0,13,5211.490234375
2024-04-04,206821114.07050657,100.0,13,195949485.5200321,100.0,13,5147.2099609375
2024-04-05,211714695.0701476,89.48505319019505,12,200586418.46989727,89.48485780278413,12,5204.33984375
2024-04-08,210469260.87865627,96.97672527624961,13,199406924.37104356,96.97653596239218,13,5202.39013671875
2024-04-09,206337180.73610365,96.91618159039075,13,195492359.84032005,96.91599372385556,13,5209.91015625
2024-04-10,207205422.14305344,96.92910354391418,13,196314685.88881212,96.92891205792264,13,5160.64013671875
2024-04-11,208955570.59872985,96.95482444082428,13,197972343.18214187,96.95462681809477,13,5199.06005859375
2024-04-12,204021136.24037987,98.53014621323086,13,193297657.08231053,98.52973388938999,13,5123.41015625
2024-04-15,201067551.99392158,84.0448092760465,11,190498892.11790067,84.05329730053023,11,5061.81982421875
2024-04-16,202134719.553755,84.12904449298078,11,191510044.52213708,84.13749417288983,11,5051.41015625
2024-04-17,200761564.5509457,84.02049143401965,11,190208931.13263,84.02898760277301,11,5022.2099609375
2024-04-18,199647278.08137053,76.41612425497355,10,189153148.10127914,76.42453058070907,10,5011.1201171875
2024-04-19,195428985.92477039,68.5191256192384,9,185156347.75444278,68.52766669147262,9,4967.22998046875
2024-04-22,196792746.15643892,41.25143691891886,5,186448533.76184744,41.25204639436953,5,5010.60009765625
2024-04-23,199070099.14176667,49.40898182468653,6,188606241.85775393,49.409600924782,6,5070.5498046875
2024-04-24,198849404.21161866,49.352832894964635,6,188397151.23462793,49.35345369539181,6,5071.6298828125
2024-04-25,199074578.76477826,71.89815704214331,9,188610514.62031245,71.89878084007982,9,5048.419921875
2024-04-26,199580934.86554223,94.47207464861123,12,189090260.60768068,94.47269703212632,12,5099.9599609375
2024-04-29,201222219.5452662,100.0,13,190645347.17922834,100.0,13,5116.169921875
2024-04-30,199062663.18944886,100.0,13,188599300.21556157,100.0,13,5035.68994140625
2024-05-01,199303305.82403272,100.0,13,188827287.99885273,100.0,13,5018.39013671875
2024-05-02,200728597.4258896,100.0,13,190177677.16162077,100.0,13,5064.2001953125
2024-05-03,201826526.05582467,100.0,13,191217909.90813515,100.0,13,5127.7900390625
2024-05-06,204648952.58162,100.0,13,193892002.63685477,100.0,13,5180.740234375
2024-05-07,204804590.06962994,100.0,13,194039428.4241243,100.0,13,5187.7001953125
2024-05-08,207051679.91126436,100.0,13,196168477.4074786,100.0,13,5187.669921875
2024-05-09,209196234.2192434,100.0,13,198200331.18803915,100.0,13,5214.080078125
2024-05-10,209273205.5485498,100.0,13,198273251.77360752,100.0,13,5222.68017578125
2024-05-13,205950738.35317406,100.0,13,195125379.88115287,100.0,13,5221.419921875
2024-05-14,207106284.80540377,100.0,13,196220191.88379303,100.0,13,5246.68017578125
2024-05-15,209237222.758603,100.0,13,198239164.86455166,100.0,13,5308.14990234375
2024-05-16,207159661.68659565,100.0,13,196270757.84978107,100.0,13,5297.10009765625
2024-05-17,209055615.68478975,100.0,13,198067044.33314255,100.0,13,5303.27001953125
2024-05-20,208735382.61145645,100.0,13,197763611.8773563,100.0,13,5308.1298828125
2024-05-21,209855804.7018438,100.0,13,198825162.89998144,100.0,13,5321.41015625
2024-05-22,208862329.59133133,100.0,13,197883919.00723228,100.0,13,5307.009765625
2024-05-23,208095904.52382624,100.0,13,197157832.7512687,100.0,13,5267.83984375
2024-05-24,211388288.53757924,100.0,13,200277205.31932503,100.0,13,5304.72021484375
2024-05-28,213053598.6670692,100.0,13,201855007.60304236,100.0,13,5306.0400390625
2024-05-29,210435768.00304306,100.0,13,199374744.12856337,100.0,13,5266.9501953125
2024-05-30,209191185.37021393,100.0,13,198195625.56262273,100.0,13,5235.47998046875
2024-05-31,206269638.75310516,88.26566825920811,11,195427597.2412384,88.26569412498425,11,5277.509765625
2024-06-03,202808754.34384778,100.0,13,192148565.08522585,100.0,13,5283.39990234375
2024-06-04,201903543.3578513,100.0,13,191290899.6180813,100.0,13,5291.33984375
2024-06-05,204240198.146173,100.0,13,193504743.1073166,100.0,13,5354.02978515625
2024-06-06,202178015.40649676,100.0,13,191550892.799295,100.0,13,5352.9599609375
2024-06-07,201361656.92416862,100.0,13,190777457.26758957,100.0,13,5346.990234375
2024-06-10,203751595.54310977,100.0,13,193041796.45324275,100.0,13,5360.7900390625
2024-06-11,204209952.34125826,100.0,13,193476067.33269376,100.0,13,5375.31982421875
2024-06-12,205588459.24458268,96.06492296577528,12,194782103.266035,96.06494382592867,12,5421.02978515625
2024-06-13,204910893.44672588,100.0,13,194140134.04799944,100.0,13,5433.740234375
2024-06-14,204055208.18383166,100.0,14,193329395.83738708,100.0,14,5431.60009765625
2024-06-17,205507804.1698599,92.90734463443997,13,194705625.5356326,92.90734697422546,13,5473.22998046875
2024-06-18,207103596.93397847,100.0,15,196217569.0900798,100.0,15,5487.02978515625
2024-06-20,203344931.3708233,100.0,15,192656455.1580953,100.0,15,5473.169921875
2024-06-21,202716030.0317426,100.0,15,192060573.22486198,100.0,15,5464.6201171875
2024-06-24,199006565.4290823,100.0,15,188546065.38794515,100.0,15,5447.8701171875
2024-06-25,201106923.8296749,100.0,15,190535976.6376965,100.0,15,5469.2998046875
2024-06-26,199921527.19199827,100.0,15,189412873.63026303,100.0,15,5477.89990234375
2024-06-27,199687659.4202345,100.0,15,189191311.80843103,100.0,15,5482.8701171875
2024-06-28,199151885.68396345,100.0,15,188683727.5486065,100.0,15,5460.47998046875
2024-07-01,200171502.30352125,100.0,15,189649737.94609678,100.0,15,5475.08984375
2024-07-02,199982529.29597846,97.78539499832131,14,189470677.27058452,97.78507335290739,14,5509.009765625
2024-07-03,201247259.99154797,100.0,15,190668936.1053503,100.0,15,5537.02001953125
2024-07-05,201586077.37739807,91.89206976705306,14,190989921.81401098,91.8920584948174,14,5567.18994140625
2024-07-08,203730147.20772603,100.0,16,193021301.40264326,100.0,16,5572.85009765625
2024-07-09,205190578.7615457,100.0,16,194404974.89900264,100.0,16,5576.97998046875
2024-07-10,206437895.79392615,100.0,16,195586696.11125478,100.0,16,5633.91015625
2024-07-11,202573714.04611984,100.0,16,191925671.13262215,100.0,16,5584.5400390625
2024-07-12,203378554.8586174,100.0,16,192688221.54913822,100.0,16,5615.35009765625
2024-07-15,204982994.07096213,100.0,16,194208313.72077262,100.0,16,5631.22021484375
2024-07-16,204973771.60943222,93.34489623990748,15,194199600.42059025,93.34489812067889,15,5667.2001953125
2024-07-17,197797031.8342041,93.03761402581054,15,187400074.73119065,93.03761096096194,15,5588.27001953125
2024-07-18,194980499.5923003,100.0,16,184731599.27936965,100.0,16,5544.58984375
2024-07-19,193888443.18064928,100.0,16,183696965.4657573,100.0,16,5505.0
2024-07-22,196618586.87862977,100.0,16,186283598.10746258,100.0,16,5564.41015625
2024-07-23,196682086.51047486,100.0,16,186343757.08350143,100.0,16,5555.740234375
2024-07-24,190933558.3190055,92.73646502874462,15,180897332.6770469,92.73645865140566,15,5427.1298828125
2024-07-25,188340479.24986088,82.05918136139687,12,178938356.44404516,74.49073794273488,11,5399.22021484375
2024-07-26,190802248.7009129,100.0,14,180873331.3661349,100.0,14,5459.10009765625
2024-07-29,190317887.05048248,100.0,14,180321245.94994035,100.0,14,5463.5400390625
2024-07-30,190093973.88653335,100.0,14,180194193.26265937,100.0,14,5436.43994140625
2024-07-31,189672500.26257443,100.0,15,179821153.7115948,100.0,15,5522.2998046875
2024-08-01,187757541.87628067,100.0,15,178184252.81628272,100.0,15,5446.68017578125
2024-08-02,183845466.14969668,85.37749646302763,12,174451992.49484664,85.40719561587447,12,5346.56005859375
2024-08-05,179547619.88574538,100.0,14,170502013.7348523,100.0,14,5186.330078125
2024-08-06,180923396.29616585,100.0,14,171897929.74922338,92.92814033748752,13,5240.02978515625
2024-08-07,179975809.55463123,100.0,14,171242568.0889897,100.0,14,5199.5
2024-08-08,183335934.99881482,100.0,14,174504869.33624852,100.0,14,5319.31005859375
2024-08-09,183524694.1340735,100.0,14,174699968.20492813,100.0,14,5344.16015625
2024-08-12,183398585.0345547,100.0,14,174825109.742989,100.0,14,5344.39013671875
2024-08-13,184485376.01361123,100.0,14,175899573.24079695,100.0,14,5434.43017578125
2024-08-14,186358878.33246836,100.0,14,177317428.8505685,100.0,14,5455.2099609375
2024-08-15,186697578.31012142,100.0,14,177412870.72822574,100.0,14,5543.22021484375
2024-08-16,187897383.01305792,100.0,14,178462183.78712493,100.0,14,5554.25
2024-08-19,188620326.69175345,100.0,14,179125140.49672076,100.0,14,5608.25
2024-08-20,188151061.4784095,100.0,14,178823473.93383834,100.0,14,5597.1201171875
2024-08-21,188583492.14508832,100.0,14,179043185.08206338,100.0,14,5620.85009765625
2024-08-22,189051247.51143798,100.0,14,179829421.104398,100.0,14,5570.64013671875
2024-08-23,191621069.89914677,100.0,14,182363062.28245714,100.0,14,5634.60986328125
2024-08-26,191593439.04546982,100.0,14,182255771.749044,100.0,14,5616.83984375
2024-08-27,192154870.02627593,100.0,14,182955705.32114148,100.0,14,5625.7998046875
2024-08-28,193435446.99378136,100.0,14,183893871.98255938,100.0,14,5592.18017578125
2024-08-29,193606373.73667794,100.0,14,184259318.51548404,100.0,14,5591.9599609375
2024-08-30,194671729.85787755,100.0,14,185514262.53906304,100.0,14,5648.39990234375
2024-09-03,193539521.9755121,100.0,14,184450219.5110994,100.0,14,5528.93017578125
2024-09-04,194098732.59176204,100.0,14,184801194.5785372,100.0,14,5520.06982421875
2024-09-05,193067146.85956347,100.0,14,184187689.62885875,100.0,14,5503.41015625
2024-09-06,190632058.31280825,100.0,14,181605535.70454136,100.0,14,5408.419921875
2024-09-09,193243108.43982467,100.0,14,184099743.07466102,100.0,14,5471.0498046875
2024-09-10,192515017.52477655,100.0,14,184128820.41020712,100.0,14,5495.52001953125
2024-09-11,192060212.1899717,99.93107308690922,14,184253272.31940693,100.0,14,5554.1298828125
2024-09-12,192829567.1517596,99.93134809277771,14,184800478.88108513,100.0,14,5595.759765625
2024-09-13,194123106.38501814,99.93180555473103,14,186080264.36622643,100.0,14,5626.02001953125
2024-09-16,195398463.75559288,99.93225065694287,14,187388088.86559078,100.0,14,5633.08984375
2024-09-17,194495903.05796197,99.93193626525968,14,186281367.1842945,100.0,14,5634.580078125
2024-09-18,194513318.59163877,99.9319423592705,14,186329298.90460894,100.0,14,5618.259765625
2024-09-19,196504432.99086517,99.93263196482478,14,187654620.69406447,100.0,14,5713.64013671875
2024-09-20,196802164.47676834,100.0,14,187924412.7426435,100.0,14,5702.5498046875
2024-09-23,198478626.00357753,100.0,14,189703001.44988835,100.0,14,5718.56982421875
2024-09-24,198288923.70609373,100.0,14,189280918.51482868,100.0,14,5732.93017578125
2024-09-25,198180088.23603094,100.0,14,189411174.36372894,100.0,14,5722.259765625
2024-09-26,198160820.33756104,100.0,14,188824274.6295885,100.0,14,5745.3701171875
2024-09-27,196467528.68343636,100.0,14,187481400.41010782,100.0,14,5738.169921875
2024-09-30,197973286.15319803,100.0,14,189110087.04055637,100.0,14,5762.47998046875
2024-10-01,197106366.71715677,100.0,14,188115730.5053297,100.0,14,5708.75
2024-10-02,198436120.79886296,100.0,15,188714151.96546316,100.0,15,5709.5400390625
2024-10-03,198722750.18505254,100.0,15,187987757.3407973,100.0,15,5699.93994140625
2024-10-04,199769598.2754692,100.0,15,188721213.93574932,100.0,15,5751.06982421875
2024-10-07,197384550.11044523,100.0,15,186146522.42427832,100.0,15,5695.93994140625
2024-10-08,199361759.4142636,100.0,16,187313693.49170744,92.78128084006781,14,5751.1298828125
2024-10-09,200912018.95708436,93.23163395341905,15,188816594.42074096,93.19636634148102,14,5792.0400390625
2024-10-10,199384667.48702455,100.0,16,186970167.49740446,100.0,15,5780.0498046875
2024-10-11,203218922.24837616,100.0,16,190328747.63477364,100.0,15,5815.02978515625
2024-10-14,204002242.85430148,100.0,16,191713679.05497518,100.0,15,5859.85009765625
2024-10-15,202777578.6790611,100.0,16,190744714.8821194,100.0,15,5815.259765625
2024-10-16,204737788.6109413,100.0,16,192369045.5531566,100.0,15,5842.47021484375
2024-10-17,205032231.12687445,100.0,16,192278729.08209616,100.0,15,5841.47021484375
2024-10-18,204913300.91662195,100.0,16,193099919.02410468,100.0,15,5864.669921875
2024-10-21,204151700.15499532,100.0,16,192247022.33301076,100.0,15,5853.97998046875
2024-10-22,202912810.51741514,100.0,16,191359198.04105893,100.0,15,5851.2001953125
2024-10-23,202664069.28806943,100.0,16,191066074.66328794,100.0,15,5797.419921875
2024-10-24,203926658.823347,100.0,16,192740128.32659382,100.0,15,5809.85986328125
2024-10-25,203065607.81780332,100.0,16,191989573.7780927,100.0,15,5808.1201171875
2024-10-28,203776153.2001701,100.0,16,192779523.71421197,100.0,15,5823.52001953125
2024-10-29,202880141.36954013,100.0,16,192255045.58590546,100.0,15,5832.919921875
2024-10-30,202492453.8739322,100.0,16,192169231.41643775,100.0,15,5813.669921875
2024-10-31,199291103.74033734,100.0,16,187387580.26241568,100.0,15,5705.4501953125
2024-11-01,199549370.11800122,100.0,17,187538620.48078316,100.0,16,5728.7998046875
2024-11-04,200297750.4586019,100.0,17,188485210.10341623,100.0,16,5712.68994140625
2024-11-05,209243011.2085724,100.0,17,196518745.439209,100.0,16,5782.759765625
2024-11-06,219501988.03919938,100.0,17,207309434.42511022,100.0,16,5929.0400390625
2024-11-07,220475403.57639343,100.0,17,207378433.4426022,100.0,16,5973.10009765625
2024-11-08,224773055.12804988,100.0,17,212346902.78690147,100.0,16,5995.5400390625
2024-11-11,227584282.3564462,100.0,17,216691886.86307552,100.0,16,6001.35009765625
2024-11-12,226097290.03928944,100.0,17,215624577.81167296,100.0,16,5983.990234375
2024-11-13,225881588.8098153,100.0,17,214525010.34266537,100.0,16,5985.3798828125
2024-11-14,222336238.7692026,100.0,17,211702249.65218943,100.0,16,5949.169921875
2024-11-15,223641779.3755396,100.0,17,213829917.46457425,100.0,16,5870.6201171875
2024-11-18,222915877.8595664,100.0,17,215090298.6816831,100.0,16,5893.6201171875
2024-11-19,225746335.2170927,100.0,17,217113783.789869,100.0,16,5916.97998046875
2024-11-20,225749835.141955,100.0,17,218029432.76689512,100.0,16,5917.10986328125
2024-11-21,228207102.9690982,100.0,17,220059357.77174762,100.0,16,5948.7099609375
2024-11-22,231994548.87509286,100.0,17,226048475.9435068,100.0,16,5969.33984375
2024-11-25,231345293.01585075,100.0,17,225167201.26877394,100.0,16,5987.3701171875
2024-11-26,231871734.51798666,100.0,17,225635662.48699966,100.0,16,6021.6298828125
2024-11-27,230760891.1230624,100.0,17,226208983.8322236,100.0,16,5998.740234375
2024-11-29,231937573.89612404,100.0,17,226551430.2452078,100.0,16,6032.3798828125
2024-12-02,230353251.23819995,100.0,17,223710837.6255412,100.0,16,6047.14990234375
2024-12-03,231630565.12573028,100.0,17,226214409.24284965,100.0,16,6049.8798828125
2024-12-04,231845550.4167482,100.0,17,224497786.73729643,100.0,16,6086.490234375
2024-12-05,231256138.93707323,100.0,17,223623815.25671613,100.0,16,6075.10986328125
2024-12-06,233273681.8592864,100.0,17,226506149.81241915,100.0,16,6090.27001953125
2024-12-09,224518651.85789847,100.0,17,218183188.57983214,100.0,16,6052.85009765625
2024-12-10,222668562.9823414,91.9563996784482,15,215466220.46260878,94.15714334197656,15,6034.91015625
2024-12-11,225107423.20255613,85.46638269446554,14,216767228.1399066,87.75086625662797,14,6084.18994140625
2024-12-12,224508927.39411312,100.0,16,216844498.39338025,100.0,16,6051.25
2024-12-13,229571292.3953859,100.0,16,221808871.76003817,100.0,16,6051.08984375
2024-12-16,231876021.01145962,100.0,16,225388974.19702244,100.0,16,6074.080078125
2024-12-17,227351714.78970143,100.0,16,220123238.81944606,100.0,16,6050.60986328125
2024-12-18,216618692.22991386,94.56169111184731,15,209203869.31608593,94.64211763383871,15,5872.16015625
2024-12-19,218158318.51567715,65.47000833001441,9,210364936.00253582,72.61400275953616,10,5867.080078125
2024-12-20,221138756.73580444,53.839356230835236,7,214010490.63408434,63.29032888966063,8,5930.85009765625
2024-12-23,222450577.3031999,61.5904742253769,8,214837525.38837302,70.92595261714287,9,5974.06982421875
2024-12-24,224584618.32201234,61.9554480340402,8,218000417.2386768,71.34777780760525,9,6040.0400390625
2024-12-26,225049197.96123162,62.03398519118951,8,218865883.44676197,71.46107792411289,9,6037.58984375
2024-12-27,222533459.02509436,61.6047797039656,8,215721868.02613112,71.04514043981528,9,5970.83984375
2024-12-30,220099299.02177042,61.18015268343985,8,212986658.59253785,70.67329740729512,9,5906.93994140625
2024-12-31,218715279.12961653,60.93450253448681,8,211115192.38643104,70.41332590918364,9,5881.6298828125
2025-01-02,217950915.68167752,60.79749811656637,8,211520214.3270342,70.4699788971469,9,5868.5498046875
2025-01-03,220313684.8944768,54.82815234323506,7,214788904.76383343,63.994216915536995,8,5942.47021484375
2025-01-06,219747144.94700563,54.711692781474596,7,214969576.3932075,64.02447805111674,8,5975.3798828125
2025-01-07,215032730.13814807,69.08092522648786,9,209305698.72905284,78.49031966067082,10,5909.02978515625
2025-01-08,213261185.6795209,69.46872630654141,9,207720272.41141593,78.93559840474921,10,5918.25
2025-01-10,209375425.77623188,91.71208438748293,12,203635175.52940094,100.0,13,5827.0400390625
2025-01-13,208317661.1851706,100.0,14,202407353.3085562,100.0,13,5836.22021484375
2025-01-14,211191252.58096412,94.20261987822505,14,205779706.53925622,94.42646179598454,13,5842.91015625
2025-01-15,212210452.4632982,100.0,15,209081438.193209,100.0,14,5949.91015625
2025-01-16,213822151.34940815,100.0,15,210635504.75553972,100.0,14,5937.33984375
2025-01-17,215308703.34872356,100.0,15,212949697.07324997,100.0,14,5996.66015625
2025-01-21,219465607.19965565,100.0,15,217318417.37404576,100.0,14,6049.240234375
2025-01-22,221966358.14379174,100.0,15,220079175.21226174,100.0,14,6086.3701171875
2025-01-23,223614221.0841664,100.0,15,222378598.81362358,100.0,14,6118.7099609375
2025-01-24,223963508.0044793,100.0,15,222829144.3571599,100.0,14,6101.240234375
2025-01-27,210524952.14857545,87.70316213665166,13,208311386.29994515,88.1227714075137,12,6012.27978515625
2025-01-28,212847744.91957742,99.18599999802416,14,211584046.02108276,100.0,14,6067.7001953125
2025-01-29,214841381.8168483,100.0,15,214108142.5207107,100.0,14,6039.31005859375
2025-01-30,216456293.69002432,100.0,15,216354762.97397572,100.0,14,6071.169921875
2025-01-31,213262846.7849122,100.0,15,213446017.25933036,100.0,14,6040.52978515625
2025-02-03,214005624.45554215,100.0,15,214308311.15486985,100.0,14,5994.56982421875
2025-02-04,216365922.55688363,100.0,15,216339455.92671996,100.0,14,6037.8798828125
2025-02-05,218278850.52650207,100.0,15,219127960.7886032,100.0,14,6061.47998046875
2025-02-06,218616602.67804974,100.0,15,218702923.3123622,100.0,14,6083.56982421875
2025-02-07,217157441.55873072,100.0,15,218837698.22432798,100.0,14,6025.990234375
2025-02-10,218343652.03819668,100.0,15,220635923.9265976,100.0,14,6066.43994140625
2025-02-11,217863145.19952923,100.0,15,219044212.0804564,100.0,14,6068.5
2025-02-12,220107675.3265199,100.0,15,222478049.97649637,100.0,14,6051.97021484375
2025-02-13,221256444.5433827,100.0,15,228194560.65708703,100.0,14,6115.06982421875
2025-02-14,222919482.92955947,100.0,15,230060152.27712286,100.0,14,6114.6298828125
2025-02-18,222271090.5495796,100.0,15,227949683.61256602,100.0,14,6129.580078125
2025-02-19,220105920.3114401,100.0,15,225375510.9239422,100.0,14,6144.14990234375
2025-02-20,216167406.14525533,86.87413196102437,12,220556563.5673055,93.93859058968835,13,6117.52001953125
2025-02-21,212834328.28740448,86.66857517665684,12,215152252.2976186,93.78633681201921,13,6013.1298828125
2025-02-24,212815621.39488655,94.21776410470758,13,214227755.67860875,100.0,14,5983.25
2025-02-25,209619756.01769823,100.0,14,208988935.65776443,100.0,14,5955.25
2025-02-26,210282820.37490577,100.0,15,210396611.3171162,100.0,15,5956.06005859375
2025-02-27,206442527.85191298,86.6866729608029,13,206853652.04812023,86.88628128087717,13,5861.56982421875
2025-02-28,209127088.20051092,84.6006509706491,12,209504722.72651666,85.73952054097064,12,5954.5
2025-03-03,208453162.66045088,100.0,15,208903157.7312035,100.0,14,5849.72021484375
2025-03-04,203485688.59681848,100.0,15,204079398.5270929,100.0,14,5778.14990234375
2025-03-05,203779235.66796547,99.94062981306182,15,204312142.12193677,100.0,14,5842.6298828125
2025-03-06,200428758.1597785,84.64027291078916,13,201063968.04524398,84.9156660745484,12,5738.52001953125
2025-03-07,200496997.8623405,83.19801956044999,13,201101643.312696,83.82791321671678,12,5770.2001953125
2025-03-10,199816928.30198902,100.0,16,200349105.69368342,100.0,15,5614.56005859375
2025-03-11,196071688.31561354,100.0,16,196808826.97285166,100.0,15,5572.06982421875
2025-03-12,194687655.0544501,90.27718280642456,14,195325318.35171494,90.66399274676414,13,5599.2998046875
2025-03-13,194199757.48174244,81.45099582189751,13,194882239.89479557,82.1720585064955,12,5521.52001953125
2025-03-14,195177415.38450444,81.54390913611147,13,195828355.91539404,82.25819159474236,12,5638.93994140625
2025-03-17,197287656.12609768,81.74132034589658,13,197708568.52278373,82.42691656245975,12,5675.1201171875
2025-03-18,196343446.225672,81.65351488852323,13,196805141.70511508,82.34624796453059,12,5614.66015625
2025-03-19,196491179.78214496,81.66730884862517,13,196945670.2992374,82.35884462101335,12,5675.2900390625
2025-03-20,195729060.37517834,81.59592599070102,13,196287890.72338423,82.29972741485263,12,5662.89013671875
2025-03-21,196224724.2847504,81.64241470566166,13,196723721.7868556,82.33894143822738,12,5667.56005859375
2025-03-24,196706931.86738515,81.68741650983684,13,197181211.61745223,82.3799177291392,12,5767.56982421875
2025-03-25,196322400.68899643,89.14949644130836,14,196882344.4355384,89.84782105403113,13,5776.64990234375
2025-03-26,197771801.00651985,89.22901598465688,14,198384384.9496798,89.92468690255811,13,5712.2001953125
2025-03-27,198989256.28338605,89.29491497624788,14,199724339.48340616,89.99228237689313,13,5693.31005859375
2025-03-28,198561141.41185284,80.4361345633512,13,199187468.41702992,82.91246106784486,12,5580.93994140625
2025-03-31,200261321.93915474,80.60222805924978,13,201049576.51285893,83.07072474158767,12,5611.85009765625
2025-04-01,200276967.3788635,80.60374339411507,13,201073715.06636482,83.0727570719522,12,5633.06982421875
2025-04-02,199721201.93738642,78.33408344523068,12,200424498.10560584,81.6038952549026,11,5670.97021484375
2025-04-03,200712960.98476574,78.44113865809553,12,201481667.13178447,81.70041913429921,11,5396.52001953125
2025-04-04,192188793.87941694,70.22215936779989,11,192568836.27879268,73.58314059073386,10,5074.080078125
2025-04-07,189747174.96872482,39.149973730997736,5,190096063.8492787,40.708197910727264,5,5062.25
2025-04-08,189780805.76260966,23.12492506947744,3,190089614.84280986,24.696904541342935,3,4982.77001953125
2025-04-09,189641267.7347002,16.955436011290647,2,189929943.73379463,16.85738361850709,2,5456.89990234375
2025-04-10,190055615.77955937,17.136484872087347,2,190346249.324477,17.03922453287453,2,5268.0498046875
2025-04-11,190217262.54170737,8.085467186383301,1,190507172.5598849,8.097509388803967,1,5363.35986328125
2025-04-14,190411146.59165987,8.17905814568577,1,190701641.3124013,8.191227316868526,1,5405.97021484375
2025-04-15,190199226.41612583,8.07675115694495,1,190489082.04216087,8.08878152042716,1,5396.6298828125
2025-04-16,190395365.41178092,8.171447441523288,1,190685812.54069445,8.18360629837678,1,5275.7001953125
2025-04-17,190893601.77083856,8.411121915994102,1,191185551.44767508,8.423604686769167,1,5282.7001953125
2025-04-21,191139337.53181347,8.528871945597855,1,191432028.2821396,8.541513169644412,1,5158.2001953125
2025-04-22,191290387.93353432,8.601101140110643,1,191583534.21156985,8.613839338532262,1,5287.759765625
2025-04-23,191069449.69520953,8.495414376836116,1,191361929.68246746,8.508010623628172,1,5375.85986328125
2025-04-24,190922909.18489385,8.425181167365913,1,191214947.24507156,8.437682880977897,1,5484.77001953125
2025-04-25,190618556.87578875,8.278967661060983,1,190909677.09060732,8.291272059295133,1,5525.2099609375
2025-04-28,190701972.66658863,8.319087762277308,1,190993344.44117588,8.331446371720837,1,5528.75
2025-04-29,190929672.30198202,8.4284249335895,1,191221730.7579164,8.440931016803344,1,5560.830078125
2025-04-30,191116793.23484635,8.51808193473658,1,191409415.99758795,8.53070865766106,1,5569.06005859375
2025-05-01,191110030.11775818,8.514844517407177,1,191402632.48474312,8.527466888701705,1,5604.14013671875
2025-05-02,191073957.86659512,8.497573322823113,1,191366451.44929507,8.510172472998445,1,5686.669921875
2025-05-05,191267841.91654763,8.590327341935192,1,191560920.20181146,8.603051086279127,1,5650.3798828125
2025-05-06,191288132.98783174,8.600023710209548,1,191581272.4655527,8.612760463325715,1,5606.91015625
2025-05-07,191155118.71169242,8.536423521173152,1,191447857.05384645,8.549074891833254,1,5631.27978515625
2025-05-08,191026614.32695827,8.47489559920057,1,191318965.1341746,8.487464244479536,1,5663.93994140625
2025-05-09,191040142.28115425,8.481376684303049,1,191332533.88507095,8.49395404930441,1,5659.91015625
2025-05-12,190402128.5288691,8.174709207858513,1,190692596.05353928,8.186872485417759,1,5844.18994140625
2025-05-13,191369810.68147343,23.582969811302075,3,191661233.71706867,23.594863995424614,3,5886.5498046875
2025-05-14,190862652.07129756,22.85761365602725,3,191153276.4950254,22.85765885043315,3,5892.580078125
2025-05-15,191156334.23292166,22.97613100919397,3,191447406.38123223,22.976176350633015,3,5916.93017578125
2025-05-16,192379021.52973413,30.925381987046883,4,192671956.74239314,30.92542750230438,4,5958.3798828125
2025-05-19,192297349.28350586,68.29991999028402,9,192590160.2581073,68.29996554530506,9,5963.60009765625
2025-05-20,192204277.27322018,68.2845697066453,9,192496946.772649,68.28461532417059,9,5940.4599609375
2025-05-21,189422347.85574222,67.81878470545712,9,189710778.73504877,67.81883055604517,9,5844.60986328125
2025-05-22,188996064.3738457,67.74619948759626,9,189283845.7160768,67.74624536647033,9,5842.009765625
2025-05-23,189051598.47430998,60.449369587323844,8,189339464.34009498,60.44941534273581,8,5802.81982421875
2025-05-27,190595413.54398227,60.76972807922447,8,190885631.33100784,60.76977370623319,8,5921.5400390625
2025-05-28,189964062.50826854,60.639345140043886,8,190253318.85835993,60.639390901143656,8,5888.5498046875
2025-05-29,188238163.2858232,67.88912825733419,9,188524788.67901787,67.88917393593714,9,5912.169921875
2025-05-30,188740801.49562016,75.41134351628543,10,189028192.35062435,75.4113890872349,10,5911.68994140625
2025-06-02,189579775.3062872,100.0,14,189868443.1226656,100.0,14,5935.93994140625
2025-06-03,189604611.4682616,93.18556476890583,13,189893317.25931454,93.18556459550413,13,5970.3701171875
2025-06-04,188319262.6486205,100.0,14,188606011.44321662,100.0,14,5970.81005859375
2025-06-05,188739757.89927414,100.0,14,189027147.70965272,100.0,14,5939.2998046875
2025-06-06,190127954.42039806,100.0,14,190417458.93711066,100.0,14,6000.35986328125
2025-06-09,189118404.9301485,100.0,14,189406373.9082787,100.0,14,6005.8798828125
2025-06-10,187502905.83796942,92.9898642340654,13,187788415.45987496,92.98986437141645,13,6038.81005859375
2025-06-11,188719187.35336763,100.0,14,189006548.94147283,100.0,14,6022.240234375
2025-06-12,188937779.30721134,100.0,14,189225471.45380554,100.0,14,6045.259765625
2025-06-13,187509897.19794217,100.0,14,187795414.45301512,100.0,14,5976.97021484375
2025-06-16,189853543.7030141,100.0,14,190142632.3847255,100.0,14,6033.10986328125
2025-06-17,188966057.67153475,100.0,14,189253793.67080197,100.0,14,5982.72021484375
2025-06-18,189103894.09588802,100.0,14,189391840.09859282,100.0,14,5980.8701171875
2025-06-20,189287088.3882511,100.0,14,189575313.937333,100.0,14,5967.83984375
2025-06-23,190343599.03754976,100.0,14,190633436.64696765,100.0,14,6025.169921875
2025-06-24,191761597.13023806,100.0,14,192053595.43159726,100.0,14,6092.18017578125
2025-06-25,190519873.25334,100.0,14,190809983.40470082,100.0,14,6092.16015625
2025-06-26,192214982.2560962,92.91105511520226,13,192507675.31170732,92.91105556273598,13,6141.02001953125
2025-06-27,193223765.53534684,100.0,14,193517993.7853986,100.0,14,6173.06982421875
2025-06-30,194325524.68239745,100.0,14,194621430.75970247,100.0,14,6204.9501953125
2025-07-01,191304356.92367682,100.0,14,191595665.6022621,100.0,14,6198.009765625
2025-07-02,192121494.5216735,100.0,14,192414046.16861764,100.0,14,6227.419921875
2025-07-03,194763750.52162898,98.18777971102989,13,195060329.2368287,98.18781820512609,13,6279.35009765625
2025-07-07,194093221.94909832,98.18151908290866,13,194388779.98601288,98.18155771351348,13,6229.97998046875
2025-07-08,192848469.5720414,98.16978158533243,13,193142132.7082031,98.16982047061099,13,6225.52001953125
2025-07-09,193907274.04244322,100.0,14,194202550.27243066,100.0,14,6263.259765625
2025-07-10,192995512.4134341,93.43418270358627,13,193289401.2897876,93.43418321087908,13,6280.4599609375
2025-07-11,191216324.86548114,100.0,14,191507502.74825782,100.0,14,6259.75
2025-07-14,192790747.93795264,92.60121075220404,13,193084322.70135307,92.60121123562183,13,6268.56005859375
2025-07-15,191328174.93005127,92.77951789505376,13,191619522.4747238,92.77951890928021,13,6243.759765625
2025-07-16,191680419.14708892,100.0,14,191972300.68498546,100.0,14,6263.7001953125
2025-07-17,192825944.94077116,100.0,14,193119570.45361778,100.0,14,6297.35986328125
2025-07-18,193439647.12966764,100.0,14,193734206.5449996,100.0,14,6296.7900390625
2025-07-21,193609229.99914882,100.0,14,193904046.67515406,100.0,14,6305.60009765625
2025-07-22,193904794.39489216,100.0,14,194200060.90983477,100.0,14,6309.6201171875
2025-07-23,195565479.1321914,100.0,14,195863273.14022502,100.0,14,6358.91015625
2025-07-24,195827576.55748573,94.19947257786012,13,196125769.0895002,94.19947276153647,13,6363.35009765625
2025-07-25,197134638.03830773,100.0,14,197434821.12093708,100.0,14,6388.64013671875
2025-07-28,197523362.66866937,100.0,14,197824136.46479702,100.0,14,6389.77001953125
2025-07-29,195101530.60147008,100.0,14,195398615.62103066,100.0,14,6370.85986328125
2025-07-30,196653374.35758436,100.0,14,196952821.84181368,100.0,14,6362.89990234375
2025-07-31,195338335.71214646,100.0,14,195635781.8266322,100.0,14,6339.39013671875
2025-08-01,192489916.79552492,100.0,14,192783025.78487447,100.0,14,6238.009765625
2025-08-04,195260041.39581704,100.0,14,195557369.3913447,100.0,14,6329.93994140625
2025-08-05,193428250.74260655,100.0,14,193722788.38430983,100.0,14,6299.18994140625
2025-08-06,196413324.4996645,100.0,15,196712406.98975894,100.0,15,6345.06005859375
2025-08-07,194735953.48265454,100.0,15,195032484.30593786,100.0,15,6340.0
2025-08-08,196674645.19180885,93.90809715785772,14,196974128.6190808,93.90809738287591,14,6389.4501953125
2025-08-11,196118267.64984098,100.0,15,196416902.13321224,100.0,15,6373.4501953125
2025-08-12,200158258.14269665,99.77597738831183,14,200463039.89734465,99.7759586133806,14,6445.759765625
2025-08-13,199062116.78922793,99.77474380126502,14,199365226.92168006,99.7747249200976,14,6466.580078125
2025-08-14,197730552.37877333,100.0,15,198031635.733306,100.0,15,6468.5400390625
2025-08-15,196072178.04796606,100.0,14,196370736.5335493,100.0,14,6449.7998046875
2025-08-18,197271678.20257795,94.93608816317779,13,197572064.15003586,94.93608858177411,13,6449.14990234375
2025-08-19,193387063.20847824,94.83436808157693,13,193681533.6376042,94.83436849770187,13,6411.3701171875
2025-08-20,192450566.22167453,81.56031917875612,11,192743610.4277521,81.56031959167184,11,6395.77978515625
2025-08-21,192637604.30411744,81.57822286144633,11,192930933.08514574,81.57822325222199,11,6370.169921875
2025-08-22,195554020.28162387,89.32273178157682,12,195704036.23451006,81.83925765958053,11,6466.91015625
2025-08-25,196765516.69505185,89.38847232579968,12,196783197.84621003,81.93885140634477,11,6439.31982421875
2025-08-26,198310898.3206069,96.89925381759178,13,198263968.78022045,89.50425911312104,12,6465.93994140625
2025-08-27,199388855.24793804,100.0,14,199357187.86346835,100.0,14,6481.39990234375
2025-08-28,203418069.12695962,100.0,14,203447949.10877332,100.0,14,6501.85986328125
2025-08-29,200637085.39761525,100.0,14,200740267.00410703,100.0,14,6460.259765625
2025-09-02,199201426.77930602,100.0,14,199331513.117692,100.0,14,6415.5400390625
2025-09-03,200047915.12966913,100.0,14,200416455.20104098,100.0,14,6448.259765625
2025-09-04,203619310.77756935,100.0,14,204241946.4250846,100.0,14,6502.080078125
2025-09-05,203812155.03158706,100.0,14,204479523.91466522,100.0,14,6481.5
2025-09-08,204703218.5966981,100.0,14,205545729.43032423,100.0,14,6495.14990234375
2025-09-09,206839826.91345096,100.0,14,207796904.66646358,100.0,14,6512.60986328125
2025-09-10,212455858.1681944,100.0,14,213451293.42653203,100.0,14,6532.0400390625
2025-09-11,215022449.13491473,100.0,14,216266901.85039574,100.0,14,6587.47021484375
2025-09-12,214366383.80449075,100.0,14,215784509.89814258,100.0,14,6584.2900390625
2025-09-15,215604056.67477584,100.0,14,217352025.75888714,100.0,14,6615.27978515625
2025-09-16,217795960.85265523,100.0,14,219676062.80301505,100.0,14,6606.759765625
2025-09-17,218928052.82634503,100.0,14,220512283.9315992,100.0,14,6600.35009765625
2025-09-18,223672346.35663345,100.0,14,225651782.68963823,100.0,14,6631.9599609375
2025-09-19,225644542.10168126,100.0,14,227931767.22206146,100.0,14,6664.35986328125
2025-09-22,225381192.21245912,100.0,14,227941179.6082115,100.0,14,6693.75
2025-09-23,223380258.597939,100.0,14,225836088.11153382,100.0,14,6656.919921875
2025-09-24,217152406.11190054,100.0,14,219409046.24457082,100.0,14,6637.97021484375
2025-09-25,217512169.97520372,100.0,14,219635227.21636856,100.0,14,6604.72021484375
2025-09-26,219999872.34534323,100.0,14,222267507.66310418,100.0,14,6643.7001953125
2025-09-29,223078678.01709205,100.0,14,226108511.0820799,100.0,14,6661.2099609375
2025-09-30,227539874.5234045,100.0,14,230790590.30659503,100.0,14,6688.4599609375
2025-10-01,230479668.545861,100.0,14,234896060.32016227,100.0,14,6711.2001953125
2025-10-02,227795622.833989,100.0,14,232672642.39237955,100.0,14,6715.35009765625
2025-10-03,226274993.31364307,100.0,14,231187265.89467356,100.0,14,6715.7900390625
2025-10-06,221889973.16272718,100.0,14,227010944.46937388,100.0,14,6740.27978515625
2025-10-07,221363864.93280742,88.72515896927682,12,226196544.60864815,94.56038920626986,13,6714.58984375
2025-10-08,222744060.15424144,96.31321017841346,13,227675393.96562964,100.0,14,6753.72021484375
2025-10-09,220483436.42389107,100.0,14,225488133.68348643,100.0,14,6735.10986328125
2025-10-10,212481375.93003893,100.0,14,217552833.9367763,100.0,14,6552.509765625
2025-10-13,224141471.71384406,85.85633574064559,12,229466077.65875715,86.17275176125904,12,6654.72021484375
2025-10-14,224771847.12918776,85.89600182136631,12,229931764.49013323,86.20075644966401,12,6644.31005859375
2025-10-15,228012986.39473754,100.0,14,233343048.22416547,100.0,14,6671.06005859375
2025-10-16,228574817.65227717,100.0,14,234305797.22779417,100.0,14,6629.06982421875
2025-10-17,225462811.20055485,98.00460736045223,13,231384863.13404062,100.0,14,6664.009765625
2025-10-20,225131801.53608835,100.0,14,230670582.1809091,100.0,14,6735.1298828125
2025-10-21,223619377.4332777,100.0,14,229323419.4351612,100.0,14,6735.35009765625
2025-10-22,217728576.45934382,100.0,14,223438055.67919487,100.0,14,6699.39990234375
2025-10-23,224990736.53898138,100.0,14,231044176.05101416,100.0,14,6738.43994140625
2025-10-24,231761783.74981803,100.0,14,237919313.44652128,100.0,14,6791.68994140625
2025-10-27,235522083.8450857,100.0,14,241384010.46881893,100.0,14,6875.16015625
2025-10-28,236369996.10577917,100.0,14,242358675.7942155,100.0,14,6890.89013671875
2025-10-29,247561750.9291562,94.9664275107451,13,254551414.27632856,95.09718878061267,13,6890.58984375
2025-10-30,243257437.16105452,100.0,14,250207500.89199048,100.0,14,6822.33984375
2025-10-31,245852999.98324478,100.0,14,251653277.88500962,100.0,14,6840.2001953125
2025-11-03,249795555.20555684,100.0,14,255782928.94424996,100.0,14,6851.97021484375
2025-11-04,239337508.37392035,100.0,14,244702594.75489143,100.0,14,6771.5498046875
2025-11-05,252984609.10995907,100.0,14,259467125.54432878,100.0,14,6796.2900390625
2025-11-06,251037352.83854872,100.0,14,257793004.95548022,100.0,14,6720.31982421875
2025-11-07,249223850.95941767,100.0,14,256153665.33643037,100.0,14,6728.7998046875
2025-11-10,258886476.0333525,100.0,14,266316586.4328364,100.0,14,6832.43017578125
2025-11-11,252847460.4690696,100.0,14,260020625.65799648,100.0,14,6846.60986328125
2025-11-12,253525716.09844047,100.0,14,260187833.96125814,100.0,14,6850.919921875
2025-11-13,235109464.09760568,100.0,14,240904864.00367817,100.0,14,6737.490234375
2025-11-14,238122336.00962064,98.08363456073936,13,243687318.3724561,98.2905058995012,13,6734.10986328125
2025-11-17,237543077.339297,98.07896142393977,13,243411183.7154142,98.28856658611407,13,6672.41015625
2025-11-18,235355022.12136734,100.0,14,241102923.8970645,100.0,14,6617.31982421875
2025-11-19,241275015.93031803,100.0,14,247448283.5840599,100.0,14,6642.16015625
2025-11-20,225063051.44419166,93.31196666518957,13,230859543.5859426,94.71179275511538,13,6538.759765625
2025-11-21,230073578.2665261,74.04009990743444,11,235595443.58266217,71.078279445392,10,6602.990234375
2025-11-24,240379372.75896838,96.85909123887546,14,245979016.48702353,94.02013365590737,13,6705.1201171875
2025-11-25,242025068.48857248,100.0,15,247688045.48520708,100.0,14,6765.8798828125
2025-11-26,244988697.06415322,100.0,15,250433098.80988783,100.0,14,6812.60986328125
2025-11-28,248122668.5351715,100.0,15,253464744.2744869,100.0,14,6849.08984375
2025-12-01,244742777.4004891,100.0,15,249811717.30276063,100.0,14,6812.6298828125
2025-12-02,243062458.80776933,100.0,15,248290597.58231342,100.0,14,6829.3701171875
2025-12-03,242559284.1293782,100.0,15,247863881.51680169,100.0,14,6849.72021484375
2025-12-04,247149847.55373183,100.0,15,252307998.25581023,100.0,14,6857.1201171875
2025-12-05,248587898.51330307,100.0,15,253663028.4807087,100.0,14,6870.39990234375
2025-12-08,250018287.07255983,100.0,15,254855904.45376816,100.0,14,6846.509765625
2025-12-09,252014024.38709164,100.0,15,256910455.55277753,100.0,14,6840.509765625
2025-12-10,255477379.4768601,100.0,15,259846273.58907777,100.0,14,6886.68017578125
2025-12-11,256790865.6457248,100.0,15,260926575.8775875,100.0,14,6901.0
2025-12-12,244796917.80203128,100.0,15,248907320.16638902,100.0,14,6827.41015625
2025-12-15,245614205.28121665,99.24582018597415,15,249912500.76142105,99.37125734008359,14,6816.509765625
2025-12-16,241789661.27217185,93.78047639865261,15,245937658.79683068,93.73432358309309,14,6800.259765625
2025-12-17,238930421.76788303,93.70604842314724,15,243242023.45516336,93.66488665542346,14,6721.43017578125
2025-12-18,242402366.9339128,100.0,16,246531116.9541039,100.0,15,6774.759765625
2025-12-19,250300699.6723011,100.0,16,254353320.4830734,100.0,15,6834.5
2025-12-22,254410483.0274111,100.0,16,258396157.2144734,100.0,15,6878.490234375
2025-12-23,253673991.32217184,97.33202407958993,15,257530927.23215592,94.8800528791005,14,6909.7900390625
2025-12-24,255519898.2930838,97.35129786367723,15,259337274.80099636,94.91571456345162,14,6932.0498046875
2025-12-26,254447744.65705696,97.34013716099528,15,258265176.80989507,94.89460892207154,14,6929.93994140625
2025-12-29,250943893.78111085,97.30299833048652,15,254658374.58198068,94.82229975122856,14,6905.740234375
2025-12-30,249835876.40674433,97.29103717922396,15,253612832.49143785,94.80095420854003,14,6896.240234375
2025-12-31,248097597.43610263,97.27205701515842,15,251963519.6881122,94.76692208833649,14,6845.5
2026-01-02,254344604.73928338,97.33905855335277,15,257725280.88998073,94.88391389128907,14,6858.47021484375
2026-01-05,251832284.10357115,100.0,16,255047740.34427595,100.0,15,6902.0498046875
2026-01-06,262965908.32465094,100.0,16,265769843.27654666,100.0,15,6944.81982421875
2026-01-07,259130743.70569402,100.0,16,262622504.675393,100.0,15,6920.93017578125
2026-01-08,254051761.17378664,100.0,16,257432005.9603054,100.0,15,6921.4599609375
2026-01-09,260030138.4353202,100.0,16,263442797.06575224,100.0,15,6966.27978515625
2026-01-12,261047064.93025962,100.0,16,263947883.6523739,100.0,15,6977.27001953125
2026-01-13,264865996.2487291,100.0,16,267701018.9052849,100.0,15,6963.740234375
2026-01-14,259747245.39581597,100.0,16,262078478.15436614,100.0,15,6926.60009765625
2026-01-15,263740307.90321147,100.0,16,266284624.86880302,100.0,15,6944.47021484375
2026-01-16,262018045.46219835,100.0,16,265058968.76963925,100.0,15,6940.009765625
2026-01-20,263715056.9975789,100.0,16,266670313.0642186,100.0,15,6796.85986328125
2026-01-21,269914582.9342965,100.0,16,272992357.4414792,100.0,15,6875.6201171875
2026-01-22,267822700.9188978,100.0,16,270782324.87784356,100.0,15,6913.35009765625
2026-01-23,263433448.70209053,100.0,16,266609100.80543295,100.0,15,6915.60986328125
2026-01-26,263375500.735694,100.0,16,266643247.24996993,100.0,15,6950.22998046875
2026-01-27,273084797.3301867,100.0,16,276229246.0454742,100.0,15,6978.60009765625
2026-01-28,278791790.38910156,100.0,16,281655785.05497444,100.0,15,6978.02978515625
2026-01-29,283772058.47175014,100.0,16,287504783.33266264,100.0,15,6969.009765625
2026-01-30,280508384.2301399,100.0,16,284526583.8075785,100.0,15,6939.02978515625
2026-02-02,291273964.3775055,100.0,16,295265924.438236,100.0,15,6976.43994140625
2026-02-03,295353988.9909497,100.0,16,298483821.5067273,100.0,15,6917.81005859375
2026-02-04,294432173.4391576,100.0,16,297338638.24329877,100.0,15,6882.72021484375
2026-02-05,296977952.53031194,100.0,16,300375802.1336305,100.0,15,6798.39990234375
2026-02-06,312238125.5411651,100.0,16,315045156.61533844,100.0,15,6932.2998046875
2026-02-09,316735472.73568845,100.0,16,319119490.5063927,100.0,15,6964.81982421875
2026-02-10,310731521.5931876,100.0,16,313371340.070664,100.0,15,6941.81005859375
2026-02-11,315876195.52213037,100.0,16,319348718.3796775,100.0,15,6941.47021484375
2026-02-12,314054402.08103436,100.0,16,316975079.7657418,100.0,15,6832.759765625
2026-02-13,313062318.36096567,100.0,16,315944700.5706956,100.0,15,6836.169921875
2026-02-17,320031381.6940965,100.0,16,322660004.5120966,100.0,15,6843.22021484375
2026-02-18,321439243.8017008,100.0,16,324030438.0281581,100.0,15,6881.31005859375
2026-02-19,325797470.3035244,100.0,16,328538828.6745524,100.0,15,6861.89013671875
2026-02-20,331605045.2029358,100.0,16,334819064.4730161,100.0,15,6909.509765625
2026-02-23,330528614.60772026,100.0,16,333778619.9065161,100.0,15,6837.75
2026-02-24,332818546.67816687,100.0,16,336138382.152483,100.0,15,6890.06982421875
2026-02-25,339468878.1977502,100.0,16,342575241.1735866,100.0,15,6946.1298828125
2026-02-26,329816563.6098293,100.0,16,332908352.73504627,100.0,15,6908.85986328125
2026-02-27,331809036.86346185,100.0,16,334868864.13859284,100.0,15,6878.8798828125
2026-03-02,343866686.44475776,100.0,16,347109951.7318482,100.0,15,6881.6201171875
2026-03-03,322759469.59621423,100.0,16,325853426.04903495,100.0,15,6816.6298828125
2026-03-04,324043899.78932416,100.0,16,327191469.57943,100.0,15,6869.5
2026-03-05,314157459.64880025,98.6133284942619,15,317543003.3961508,100.0,15,6830.7099609375
2026-03-06,295010210.4893341,92.16339071900698,12,298037726.77926123,90.71270272964225,12,6740.02001953125
2026-03-09,308419873.9635491,85.18080770948177,10,310984875.11617434,81.41614438753841,10,6795.990234375
2026-03-10,313539638.11080766,85.42278913753175,10,316047569.5695978,81.7138349626014,10,6781.47998046875
2026-03-11,314604712.41290843,93.01854999857693,11,316888775.28689,89.3143217378603,11,6775.7998046875
2026-03-12,305601450.12525064,100.0,12,307960119.90896124,96.81054179927618,12,6672.6201171875
2026-03-13,305102644.48894376,100.0,12,307023837.61831945,100.0,13,6632.18994140625
2026-03-16,307845643.83188903,100.0,12,309296622.47159404,100.0,13,6699.3798828125
2026-03-17,315231856.42790055,100.0,12,316262313.16138774,100.0,13,6716.08984375
2026-03-18,320967302.44558895,100.0,12,322023506.7238647,100.0,13,6624.7001953125
2026-03-19,331939222.9484718,100.0,12,332364658.93367153,100.0,13,6606.490234375
2026-03-20,317183911.3875915,82.91097275452131,9,317876109.3295364,82.85641899639621,10,6506.47998046875
2026-03-23,320628046.374869,76.77353096426268,8,321458836.93956137,76.14705480065324,9,6581.0
2026-03-24,335461159.51099133,77.80053761821318,8,336277211.063476,77.19815744541269,9,6556.3701171875
2026-03-25,330907393.4919115,76.09494315809138,7,332000089.9814223,75.79941126855341,8,6591.89990234375
2026-03-26,315801582.970379,74.95148701780279,7,317409901.9723048,74.68699751797688,8,6477.16015625
2026-03-27,319056823.93048435,75.20704947355877,7,320757125.9290398,74.95114843303237,8,6368.85009765625
2026-03-30,308010282.05445564,67.40838368646043,6,310156800.8890768,67.17849353872103,7,6343.72021484375
2026-03-31,315273077.7229781,60.75780545852275,5,317395983.9567827,62.59781709024823,6,6528.52001953125
2026-04-01,322604902.62692374,61.64966078025482,5,324963294.0947107,63.46878905248809,6,6575.31982421875
2026-04-02,332439887.04507256,62.78422676753594,5,334896538.7784117,64.5523280411476,6,6582.68994140625
2026-04-06,324922854.8291472,61.92324650046268,5,327274025.5497645,63.72671914054144,6,6611.830078125
2026-04-07,331260208.6466496,62.65169456892895,5,333568030.5275943,64.41114986950114,6,6616.85009765625
2026-04-08,340957743.430616,63.71395667623821,5,343432580.3750098,65.43338248861129,6,6782.81005859375
2026-04-09,341769026.4669767,100.0,10,344061615.7561332,100.0,11,6824.66015625
2026-04-10,344373907.1581036,95.05969761477745,9,346941365.6160688,96.15898422051798,10,6816.89013671875
2026-04-13,342907120.54758346,95.03856545112043,9,345475241.1487908,96.14268375512204,10,6886.240234375
2026-04-14,338549823.18428075,94.97470942699171,9,340940099.4990777,96.09137422719041,10,6967.3798828125
2026-04-15,334273880.6742433,96.50938933338418,9,336519644.66534543,97.54500783064557,10,7022.9501953125
2026-04-16,346754177.9188615,96.63502259596245,9,349025290.4999886,94.96646192366381,9,7041.27978515625
2026-04-17,350167969.3867678,100.0,10,352041704.18360823,100.0,10,7126.06005859375
2026-04-20,352255881.91835904,100.0,10,353958382.7802854,100.0,10,7109.14013671875
2026-04-21,346293671.1774252,100.0,10,347994475.5402728,100.0,10,7064.009765625
2026-04-22,352951432.7089451,100.0,10,354547191.3363462,100.0,10,7137.89990234375
2026-04-23,356943410.7652229,100.0,10,358515861.3800336,100.0,10,7108.39990234375
2026-04-24,370376214.5430586,97.17599087773917,9,371753055.06269884,95.76375530106046,9,7165.080078125
2026-04-27,364466310.95076966,100.0,10,365593261.63753873,100.0,10,7173.91015625
2026-04-28,347412330.7834047,97.3012088073054,9,348268564.2243136,95.94653303146279,9,7138.7998046875
2026-04-29,359506694.5590761,93.76801244197488,9,360339774.0938256,93.73729013343115,9,7135.9501953125
2026-04-30,372144552.559222,100.0,10,372780811.6645871,100.0,10,7209.009765625
2026-05-01,383633620.08923507,100.0,10,384225062.2492594,100.0,10,7230.1201171875
2026-05-04,385272017.73255014,100.0,10,385712323.9376572,100.0,10,7200.75
2026-05-05,397241779.4476982,100.0,10,397809555.09146464,100.0,10,7259.22021484375
2026-05-06,395973993.63691086,100.0,10,396657456.9967406,100.0,10,7365.1201171875
2026-05-07,379663240.6661613,100.0,10,380160292.7366416,100.0,10,7337.10986328125
2026-05-08,393086830.0513698,100.0,10,393626241.5342432,100.0,10,7398.93017578125
2026-05-11,420038827.58305746,100.0,10,420589442.31697303,100.0,10,7412.83984375
2026-05-12,402316286.8550364,100.0,10,402813866.33574677,100.0,10,7400.9599609375
2026-05-13,416708730.13646156,100.0,10,417193590.56328607,100.0,10,7444.25
2026-05-14,410228634.271429,100.0,10,410775976.3296452,100.0,10,7501.240234375
2026-05-15,395761849.5529223,100.0,10,396274686.84812206,100.0,10,7408.5
2026-05-18,376923270.064016,94.9441292201899,9,377318761.7711852,94.8282127022901,9,7403.0498046875
2026-05-19,378493718.0404284,94.96510706382827,9,378824061.70460737,94.84876337966757,9,7353.60986328125
2026-05-20,385393122.87474847,95.05524298635068,9,385874499.2741786,94.94288328721798,9,7432.97021484375
2026-05-21,401673448.07533234,100.0,10,402425391.97658235,100.0,10,7445.72021484375
2026-05-22,403782586.18178535,100.0,10,404686874.6746518,100.0,10,7473.47021484375
2026-05-26,409105029.9204943,100.0,10,410381089.5639881,100.0,10,7519.1201171875
2026-05-27,404462130.1274152,100.0,10,406033355.34965956,100.0,10,7520.35986328125
2026-05-28,399650680.56941557,100.0,10,401309815.9844657,100.0,10,7563.6298828125
2026-05-29,394863281.53470105,85.88765826768594,11,396612025.3000612,85.97479575272618,11,7580.06005859375
2026-06-01,404951171.11975366,100.0,13,406241906.5991631,100.0,13,7599.9599609375
2026-06-02,430160554.20734197,100.0,13,431984098.1907959,100.0,13,7609.77978515625
2026-06-03,436473644.5721416,100.0,13,438791695.93114316,100.0,13,7553.68017578125
2026-06-04,437105803.07411546,100.0,13,439709399.47256434,100.0,13,7584.31005859375
2026-06-05,399658272.4938242,100.0,13,402055296.5919649,100.0,13,7383.740234375
2026-06-08,413431363.3914489,100.0,13,415973827.2738488,100.0,13,7405.72998046875
2026-06-09,400470571.3968152,87.50583285614752,11,403078626.26115876,88.9158465665106,11,7386.64990234375
2026-06-10,388302518.1461949,100.0,13,390738590.7522752,100.0,13,7266.990234375
2026-06-11,409183870.30456346,100.0,14,411937101.1371224,99.91548504633687,13,7394.2998046875
2026-06-12,415113082.1840633,100.0,14,417981143.7819952,100.0,14,7431.4599609375
2026-06-15,428553504.9167801,100.0,14,431463570.2081921,100.0,14,7554.2900390625
2026-06-16,414107119.6428745,100.0,14,416944876.07942,100.0,14,7511.35009765625
2026-06-17,414140901.8937095,100.0,14,416992943.1455283,100.0,14,7420.10009765625
2026-06-18,427781624.4252461,100.0,14,430574107.340295,100.0,14,7500.580078125
2026-06-22,436559405.2571421,100.0,14,439400662.2818365,100.0,14,7472.7900390625
2026-06-23,419652228.98108035,93.74230334675411,13,422107986.41195875,93.7396794606009,13,7365.4599609375
2026-06-24,417958272.6653064,100.0,14,420275299.9546006,93.71238020063365,13,7358.22021484375
2026-06-25,423870601.238714,100.0,14,426368002.5646981,100.0,14,7357.490234375
2026-06-26,400468163.60637945,100.0,14,402369183.4079902,100.0,14,7354.02001953125
2026-06-29,410141083.40903175,100.0,14,412104323.6536553,100.0,14,7440.43017578125
2026-06-30,416327732.50731105,100.0,14,418260135.8477589,100.0,14,7499.35986328125
2026-07-01,401585854.4012289,97.88818706623648,13,403243330.43268067,96.83340107642424,13,7483.22998046875
2026-07-02,386969703.6636908,100.0,14,388072494.2648406,100.0,14,7483.240234375
2026-07-06,393676680.51149344,100.0,15,395295608.4522503,100.0,15,7537.43017578125
2026-07-07,382531623.22367114,93.18786636967582,14,383933287.49116707,93.10165307987222,13,7503.85009765625
2026-07-08,377101444.3328029,80.65669047208304,13,377755957.4019316,80.48721682301952,12,7482.7099609375
2026-07-09,386279461.1778306,73.92555202311712,12,387507493.6762036,73.75969485845665,11,7543.64013671875
2026-07-10,382394363.30151784,66.94695436575792,11,383209810.7484596,66.7469219347746,10,7575.39013671875
2026-07-13,378341794.92875177,66.59291014131227,11,379138532.41238385,66.38984259632441,10,7515.33984375
2026-07-14,385029427.898147,53.76204546637678,10,386226487.70549405,53.540055835764186,9,7543.58984375
2026-07-15,382500320.9193678,53.4563183150521,10,384310254.0826281,53.30839897473013,9,7572.39990234375
2026-07-16,381943209.2048215,76.084655751599,13,384337041.02218044,75.9732438070894,12,7533.77001953125
2026-07-17,378679622.95437133,100.0,17,381132944.4963819,100.0,16,7457.68994140625
2026-07-20,374441840.1786183,100.0,17,376987555.6630455,100.0,16,7443.27978515625
2026-07-21,379360845.5009472,93.29640714817155,16,381956908.43121743,100.0,16,7509.2001953125
2026-07-22,380161092.6421965,93.3105183529203,16,382715797.26697814,100.0,16,7498.9599609375
2026-07-23,378807510.6161777,100.0,17,380861099.7700173,100.0,16,7408.2998046875
2026-07-24,376303278.5730449,100.0,17,378448504.01000106,100.0,16,7411.97998046875
2026-07-27,373828149.51063865,93.1487089918593,16,376240497.0286049,93.14997233619826,15,7413.18017578125
2026-07-28,373554766.66449034,100.0,17,376257969.0886354,100.0,16,7428.77978515625
2026-07-29,365819751.87062263,100.0,17,369478983.5984268,100.0,16,7316.14990234375
2026-07-30,368435677.7130555,100.0,18,371501078.64364743,100.0,17,7437.6298828125
2026-07-31,367440913.9788415,93.7516948376061,17,370502307.9714407,93.7644857454731,16,7489.72021484375
2026-08-03,367033365.11193573,100.0,18,369625236.0253446,100.0,17,7600.5
2026-08-04,373527448.4993609,100.0,18,375655338.5262905,100.0,17,7736.52001953125
2026-08-05,370547045.1545979,93.9132477158819,17,372704403.8285266,93.88326551414895,16,7723.5498046875
2026-08-06,365570781.7983731,100.0,18,367509078.15074515,100.0,17,7709.9599609375
2026-08-07,364908121.22156686,100.0,18,367129681.2246809,100.0,17,7757.64013671875
2026-08-10,368089254.96311134,100.0,18,369925237.25412613,100.0,17,7753.10986328125
2026-08-11,369756177.999902,100.0,18,371888457.0451163,100.0,17,7728.2001953125
2026-08-12,372948707.95780706,100.0,18,374703130.68175834,100.0,17,7748.5
2026-08-13,373876922.4762707,100.0,18,376179544.7373616,100.0,17,7798.990234375
2026-08-14,373566134.2576882,100.0,18,375642248.12996835,100.0,17,7785.759765625
2026-08-17,373569256.978753,100.0,18,374925949.0504465,100.0,17,7745.06005859375
2026-08-18,369783389.7686126,100.0,18,372238203.37232596,100.0,17,7691.759765625
2026-08-19,368886690.9258584,93.09298737016474,17,371771384.3575473,93.09698681980505,16,7707.97998046875
2026-08-20,368502116.89711535,100.0,17,371158437.4686878,100.0,16,7641.16015625
2026-08-21,372326717.63878596,99.93360611515439,16,374918719.62736046,100.0,16,7674.3701171875
2026-08-24,375161049.7207942,99.93410771924684,16,378228586.181609,100.0,16,7652.85986328125
2026-08-25,375422024.060288,99.93415352421657,16,378758642.36127514,100.0,16,7677.27978515625
2026-08-26,375683159.2909126,99.93419929372796,16,378180945.561324,100.0,16,7675.7001953125
2026-08-27,375471793.17716837,99.93416225222492,16,377637632.1208332,100.0,16,7730.990234375
2026-08-28,373284197.07266283,99.93377641644165,16,376648322.81301224,100.0,16,7711.759765625
2026-08-31,369652678.5973925,99.93312582689877,16,372695545.43315256,100.0,16,7686.14013671875
2026-09-01,364194866.9539936,99.93212365286034,16,367799162.1581356,100.0,16,7631.47021484375
2026-09-02,370262514.7806972,96.29573366580111,15,373562650.8571791,100.0,16,7666.60009765625
2026-09-03,371936421.25761455,100.0,16,375918710.6448856,100.0,16,7747.7099609375
2026-09-04,368051529.7180897,100.0,16,371595637.3006436,100.0,16,7718.60009765625
2026-09-08,360442810.9843494,100.0,16,363404929.03378236,100.0,16,7673.52001953125
2026-09-09,358595201.29938066,100.0,16,361070110.3421069,100.0,16,7636.35986328125
2026-09-10,355347791.7837012,94.05109432230986,15,357443678.26360774,94.02224302123778,15,7591.7001953125
2026-09-11,358979227.29834974,94.11127347951023,15,361589503.3073912,94.09078133432908,15,7656.97998046875
2026-09-14,356906863.051814,100.0,15,359649029.72801894,100.0,15,7619.97998046875
2026-09-15,365802261.56460726,96.32170972103623,14,368245336.1216152,99.74443728867237,15,7585.72998046875
2026-09-16,366248142.3676195,96.00912399216514,14,368956127.90594476,99.44313391651121,15,7551.81005859375
2026-09-17,374743331.16928434,96.09959456855887,14,376975427.3567123,99.45497998273571,15,7637.759765625
2026-09-18,368060460.09869987,100.0,15,370003861.26121104,100.0,15,7650.5
2026-09-21,370788007.9015715,100.0,15,374167409.20177966,100.0,15,7764.7001953125
2026-09-22,372538686.2892751,100.0,15,375742955.821764,100.0,15,7764.64013671875
2026-09-23,374879994.5578753,98.74082709381378,14,377726553.8596835,98.78471330396941,14,7706.02978515625
2026-09-24,379496505.63841695,100.0,15,383206999.4967196,100.0,15,7704.1298828125
2026-09-25,379843403.33608395,98.84946281818671,15,383251603.2711281,98.87676309919622,15,7743.41015625
