date,equity_proxy,exposure_pct_proxy,n_positions_proxy,equity_percentile,exposure_pct_percentile,n_positions_percentile,benchmark_close
2016-09-25,100000000.0,0.0,0,100000000.0,0.0,0,600.8259888
2016-09-26,100000000.0,0.0,0,100000000.0,0.0,0,608.0430298
2016-09-27,100000000.0,0.0,0,100000000.0,0.0,0,606.1660156
2016-09-28,100000000.0,0.0,0,100000000.0,0.0,0,604.7280273
2016-09-29,100000000.0,0.0,0,100000000.0,0.0,0,605.6929932
2016-09-30,100000000.0,0.0,0,100000000.0,0.0,0,609.7349854
2016-10-01,100000000.0,0.0,0,100000000.0,0.0,0,613.9829712
2016-10-02,100000000.0,0.0,0,100000000.0,0.0,0,610.8920288
2016-10-03,100000000.0,0.0,0,100000000.0,0.0,0,612.1329956
2016-10-04,100000000.0,0.0,0,100000000.0,0.0,0,610.2039795
2016-10-05,100000000.0,0.0,0,100000000.0,0.0,0,612.5109863
2016-10-06,100000000.0,0.0,0,100000000.0,0.0,0,613.0209961
2016-10-07,100000000.0,0.0,0,100000000.0,0.0,0,617.1209717
2016-10-08,100000000.0,0.0,0,100000000.0,0.0,0,619.1079712
2016-10-09,100000000.0,0.0,0,100000000.0,0.0,0,616.7520142
2016-10-10,100000000.0,0.0,0,100000000.0,0.0,0,618.9940186
2016-10-11,100000000.0,0.0,0,100000000.0,0.0,0,641.0720215
2016-10-12,100000000.0,0.0,0,100000000.0,0.0,0,636.1920166
2016-10-13,100000000.0,0.0,0,100000000.0,0.0,0,636.7860107
2016-10-14,100000000.0,0.0,0,100000000.0,0.0,0,640.3779907
2016-10-15,100000000.0,0.0,0,100000000.0,0.0,0,638.6459961
2016-10-16,100000000.0,0.0,0,100000000.0,0.0,0,641.6309814
2016-10-17,100000000.0,0.0,0,100000000.0,0.0,0,639.1929932
2016-10-18,100000000.0,0.0,0,100000000.0,0.0,0,637.960022
2016-10-19,100000000.0,0.0,0,100000000.0,0.0,0,630.5200195
2016-10-20,100000000.0,0.0,0,100000000.0,0.0,0,630.8569946
2016-10-21,100000000.0,0.0,0,100000000.0,0.0,0,632.8280029
2016-10-22,100000000.0,0.0,0,100000000.0,0.0,0,657.2940063
2016-10-23,100000000.0,0.0,0,100000000.0,0.0,0,657.0709839
2016-10-24,100000000.0,0.0,0,100000000.0,0.0,0,653.7609863
2016-10-25,100000000.0,0.0,0,100000000.0,0.0,0,657.5880127
2016-10-26,100000000.0,0.0,0,100000000.0,0.0,0,678.3040161
2016-10-27,100000000.0,0.0,0,100000000.0,0.0,0,688.3129883
2016-10-28,100000000.0,0.0,0,100000000.0,0.0,0,689.651001
2016-10-29,100000000.0,0.0,0,100000000.0,0.0,0,714.4790039
2016-10-30,100000000.0,0.0,0,100000000.0,0.0,0,701.8640137
2016-10-31,100000000.0,0.0,0,100000000.0,0.0,0,700.9719849
2016-11-01,100000000.0,0.0,0,100000000.0,0.0,0,729.7930298
2016-11-02,100095604.5222816,7.606143383462613,1,100095604.5222816,7.606143383462613,1,740.8289795
2016-11-03,99559881.05181523,7.108979696709882,1,99559881.05181523,7.108979696709882,1,688.7000122
2016-11-04,99709255.31840158,7.24813957696325,1,99709255.31840158,7.24813957696325,1,703.2349854
2016-11-05,99711136.44523606,7.24988941173408,1,99711136.44523606,7.24988941173408,1,703.4180298
2016-11-06,99794419.74481909,7.327293892528032,1,99794419.74481909,7.327293892528032,1,711.5219727
2016-11-07,99708186.4820808,7.247145309985418,1,99708186.4820808,7.247145309985418,1,703.1309814
2016-11-08,99777216.74896622,7.311315814257403,1,99777216.74896622,7.311315814257403,1,709.8480225
2016-11-09,99915183.82228413,7.439304234010903,1,99915183.82228413,7.439304234010903,1,723.2730103
2016-11-10,99835650.85859421,7.365566782587889,1,99835650.85859421,7.365566782587889,1,715.5339966
2016-11-11,99844663.83341408,7.37392889010557,1,99844663.83341408,7.37392889010557,1,716.4110107
2016-11-12,99727949.29074179,7.265525883666475,1,99727949.29074179,7.265525883666475,1,705.0540161
2016-11-13,99696882.15803573,7.236628347941812,1,99696882.15803573,7.236628347941812,1,702.0310059
2016-11-14,99727609.94775498,7.265210336212326,1,99727609.94775498,7.265210336212326,1,705.0209961
2016-11-15,99795417.07448459,7.328220039656756,1,99795417.07448459,7.328220039656756,1,711.6190186
2016-11-16,100130227.54295856,7.638091322527132,1,100130227.54295856,7.638091322527132,1,744.197998
2016-11-17,100097125.60683432,7.607547408475465,1,100097125.60683432,7.607547408475465,1,740.9769897
2016-11-18,100206143.14804411,7.70806418011679,1,100206143.14804411,7.70806418011679,1,751.585022
2016-11-19,100206461.79173599,7.708357656631515,1,100206461.79173599,7.708357656631515,1,751.6160278
2016-11-20,99994860.42653593,7.513057243859215,1,99994860.42653593,7.513057243859215,1,731.026001
2016-11-21,100079356.83025299,7.59114341768358,1,100079356.83025299,7.59114341768358,1,739.2479858
2016-11-22,100203696.86773251,7.705811050216658,1,100203696.86773251,7.705811050216658,1,751.3469849
2016-11-23,100134297.1497949,7.641845047930613,1,100134297.1497949,7.641845047930613,1,744.5939941
2016-11-24,100090055.22948241,7.601020790992911,1,100090055.22948241,7.601020790992911,1,740.2890015
2016-11-25,100104031.64432941,7.61392143488957,1,100104031.64432941,7.61392143488957,1,741.6489868
2016-11-26,100039626.72898701,7.554443828231554,1,100039626.72898701,7.554443828231554,1,735.382019
2016-11-27,100005229.51880035,7.5226467987985535,1,100005229.51880035,7.5226467987985535,1,732.0349731
2016-11-28,100044055.75085375,7.558536459089972,1,100044055.75085375,7.558536459089972,1,735.8129883
2016-11-29,100041908.04219043,7.556551917451551,1,100041908.04219043,7.556551917451551,1,735.6040039
2016-11-30,100145570.73852324,7.652241991569357,1,100145570.73852324,7.652241991569357,1,745.690979
2016-12-01,100259469.54983173,7.757152778664,1,100259469.54983173,7.757152778664,1,756.7739868
2016-12-02,100477031.05747303,7.956884923407817,1,100477031.05747303,7.956884923407817,1,777.9439697
2016-12-03,100407261.88848324,7.892927680382324,1,100407261.88848324,7.892927680382324,1,771.1550293
2016-12-04,100435183.98286048,7.918534467407863,1,100435183.98286048,7.918534467407863,1,773.8720093
2016-12-05,100279263.09380946,7.775360060975178,1,100279263.09380946,7.775360060975178,1,758.7000122
2016-12-06,100336032.47832282,7.827540079628359,1,100336032.47832282,7.827540079628359,1,764.223999
2016-12-07,100376194.75577717,7.864419898772522,1,100376194.75577717,7.864419898772522,1,768.132019
2016-12-08,100403716.03653413,7.889674832232835,1,100403716.03653413,7.889674832232835,1,770.8099976
2016-12-09,100424105.46930571,7.908376291148496,1,100424105.46930571,7.908376291148496,1,772.7940063
2016-12-10,100443179.55597126,7.925864423439413,1,100443179.55597126,7.925864423439413,1,774.6500244
2016-12-11,100392627.48695756,7.8795010781165855,1,100392627.48695756,7.8795010781165855,1,769.7310181
2016-12-12,100499054.48004249,7.977055306387326,1,100499054.48004249,7.977055306387326,1,780.0869751
2016-12-13,100503874.90675908,7.9814689656771005,1,100503874.90675908,7.9814689656771005,1,780.5560303
2016-12-14,100513380.90114945,7.990171564594574,1,100513380.90114945,7.990171564594574,1,781.4810181
2016-12-15,100478511.37068723,7.958240961008949,1,100478511.37068723,7.958240961008949,1,778.0880127
2016-12-16,100548589.14734711,8.022389865414405,1,100548589.14734711,8.022389865414405,1,784.9069824
2016-12-17,100609448.83799176,8.07802806802536,1,100609448.83799176,8.07802806802536,1,790.8289795
2016-12-18,100606376.56082092,8.075220991719476,1,100606376.56082092,8.075220991719476,1,790.5300293
2016-12-19,100628820.86905426,8.095723945610061,1,100628820.86905426,8.095723945610061,1,792.7139893
2016-12-20,100712700.68468249,8.172267556083035,1,100712700.68468249,8.172267556083035,1,800.8759766
2016-12-21,101056000.3730891,8.4842176809514,1,101056000.3730891,8.4842176809514,1,834.2810059
2016-12-22,101366968.39004396,8.764964770460113,1,101366968.39004396,8.764964770460113,1,864.539978
2016-12-23,101957314.16361174,9.293227189796074,1,101957314.16361174,9.293227189796074,1,921.9840088
2016-12-24,101719281.05327044,9.08096443058795,1,101719281.05327044,9.08096443058795,1,898.8220215
2016-12-25,101692159.95888242,9.05671650679182,1,101692159.95888242,9.05671650679182,1,896.1829834
2016-12-26,101809593.95886686,9.161616576982077,1,101809593.95886686,9.161616576982077,1,907.6099854
2016-12-27,102072559.05634297,9.395639556049556,1,102072559.05634297,9.395639556049556,1,933.197998
2016-12-28,102511618.70117319,9.78370013709015,1,102511618.70117319,9.78370013709015,1,975.9210205
2016-12-29,102486707.4133333,9.761771398520475,1,102486707.4133333,9.761771398520475,1,973.4970093
2016-12-30,102360722.72278275,9.65070696869052,1,102360722.72278275,9.65070696869052,1,961.2379761
2016-12-31,102386466.37317994,9.673424039567383,1,102386466.37317994,9.673424039567383,1,963.742981
2017-01-01,102741861.9768504,9.98587377887791,1,102741861.9768504,9.98587377887791,1,998.3250122
2017-01-02,102982597.91331035,10.196294135419178,1,102982597.91331035,10.196294135419178,1,1021.75
2017-01-03,103209613.98073034,10.393823060863319,1,103209613.98073034,10.393823060863319,1,1043.839966
2017-01-04,104349218.05465266,11.372417497814082,1,104349218.05465266,11.372417497814082,1,1154.72998
2017-01-05,102896580.42504057,10.121221774570257,1,102896580.42504057,10.121221774570257,1,1013.380005
2017-01-06,101754006.31591941,9.111992077599076,1,101754006.31591941,9.111992077599076,1,902.2009888
2017-01-07,101819614.29937403,9.170556225195071,1,101819614.29937403,9.170556225195071,1,908.585022
2017-01-08,101846477.5934523,9.194513637535124,1,101846477.5934523,9.194513637535124,1,911.1989746
2017-01-09,101760450.06916073,9.117747357722633,1,101760450.06916073,9.117747357722633,1,902.8280029
2017-01-10,101810303.38015723,9.162249545169413,1,101810303.38015723,9.162249545169413,1,907.6790161
2017-01-11,100475109.78655137,7.955124887903393,1,100475109.78655137,7.955124887903393,1,777.757019
2017-01-12,100432672.44833519,0.0,0,100432672.44833519,0.0,0,804.8339844
2017-01-13,100432672.44833519,0.0,0,100432672.44833519,0.0,0,823.9840088
2017-01-14,100432672.44833519,0.0,0,100432672.44833519,0.0,0,818.4119873
2017-01-15,100432672.44833519,0.0,0,100432672.44833519,0.0,0,821.7979736
2017-01-16,100432672.44833519,0.0,0,100432672.44833519,0.0,0,831.5339966
2017-01-17,100432672.44833519,0.0,0,100432672.44833519,0.0,0,907.9379883
2017-01-18,100432672.44833519,0.0,0,100432672.44833519,0.0,0,886.617981
2017-01-19,100432672.44833519,0.0,0,100432672.44833519,0.0,0,899.072998
2017-01-20,100432672.44833519,0.0,0,100432672.44833519,0.0,0,895.026001
2017-01-21,100432672.44833519,0.0,0,100432672.44833519,0.0,0,921.7890015
2017-01-22,100432672.44833519,0.0,0,100432672.44833519,0.0,0,924.6729736
2017-01-23,100432672.44833519,0.0,0,100432672.44833519,0.0,0,921.0120239
2017-01-24,100432672.44833519,0.0,0,100432672.44833519,0.0,0,892.6870117
2017-01-25,100432672.44833519,0.0,0,100432672.44833519,0.0,0,901.5419922
2017-01-26,100432672.44833519,0.0,0,100432672.44833519,0.0,0,917.5859985
2017-01-27,100432672.44833519,0.0,0,100432672.44833519,0.0,0,919.75
2017-01-28,100432672.44833519,0.0,0,100432672.44833519,0.0,0,921.5900269
2017-01-29,100432672.44833519,0.0,0,100432672.44833519,0.0,0,919.4959717
2017-01-30,100432672.44833519,0.0,0,100432672.44833519,0.0,0,920.382019
2017-01-31,100432672.44833519,0.0,0,100432672.44833519,0.0,0,970.4030151
2017-02-01,100432672.44833519,0.0,0,100432672.44833519,0.0,0,989.0230103
2017-02-02,100432672.44833519,0.0,0,100432672.44833519,0.0,0,1011.799988
2017-02-03,100432672.44833519,0.0,0,100432672.44833519,0.0,0,1029.910034
2017-02-04,100432672.44833519,0.0,0,100432672.44833519,0.0,0,1042.900024
2017-02-05,100432672.44833519,0.0,0,100432672.44833519,0.0,0,1027.339966
2017-02-06,100432672.44833519,0.0,0,100432672.44833519,0.0,0,1038.150024
2017-02-07,100432672.44833519,0.0,0,100432672.44833519,0.0,0,1061.349976
2017-02-08,100432672.44833519,0.0,0,100432672.44833519,0.0,0,1063.069946
2017-02-09,100432672.44833519,0.0,0,100432672.44833519,0.0,0,994.3829956
2017-02-10,100432672.44833519,0.0,0,100432672.44833519,0.0,0,988.6740112
2017-02-11,100432672.44833519,0.0,0,100432672.44833519,0.0,0,1004.450012
2017-02-12,100432672.44833519,0.0,0,100432672.44833519,0.0,0,999.1810303
2017-02-13,100432672.44833519,0.0,0,100432672.44833519,0.0,0,990.6420288
2017-02-14,100432672.44833519,0.0,0,100432672.44833519,0.0,0,1004.549988
2017-02-15,100432672.44833519,0.0,0,100432672.44833519,0.0,0,1007.47998
2017-02-16,100432672.44833519,0.0,0,100432672.44833519,0.0,0,1027.439941
2017-02-17,100432672.44833519,0.0,0,100432672.44833519,0.0,0,1046.209961
2017-02-18,100432672.44833519,0.0,0,100432672.44833519,0.0,0,1054.420044
2017-02-19,100432672.44833519,0.0,0,100432672.44833519,0.0,0,1047.869995
2017-02-20,100432672.44833519,0.0,0,100432672.44833519,0.0,0,1079.97998
2017-02-21,100432672.44833519,0.0,0,100432672.44833519,0.0,0,1115.300049
2017-02-22,100432672.44833519,0.0,0,100432672.44833519,0.0,0,1117.439941
2017-02-23,100432672.44833519,0.0,0,100432672.44833519,0.0,0,1166.719971
2017-02-24,100432672.44833519,0.0,0,100432672.44833519,0.0,0,1173.680054
2017-02-25,100432672.44833519,0.0,0,100432672.44833519,0.0,0,1143.839966
2017-02-26,100432672.44833519,0.0,0,100432672.44833519,0.0,0,1165.199951
2017-02-27,100432672.44833519,0.0,0,100432672.44833519,0.0,0,1179.969971
2017-02-28,100432672.44833519,0.0,0,100432672.44833519,0.0,0,1179.969971
2017-03-01,100432672.44833519,0.0,0,100432672.44833519,0.0,0,1222.5
2017-03-02,100432672.44833519,0.0,0,100579813.06616603,7.663680228561668,1,1251.01001
2017-03-03,100432672.44833519,0.0,0,100727566.04308231,7.79912444368237,1,1274.98999
2017-03-04,100285951.63099916,7.394095342566798,1,100605321.82292172,7.687092357046396,1,1255.150024
2017-03-05,100356668.43011431,7.459350529481427,1,100679074.96076486,7.754716802391615,1,1267.119995
2017-03-06,100390402.02651043,7.490446419690619,1,100714256.96300589,7.786940380840638,1,1272.829956
2017-03-07,100099204.5587147,7.221327920015649,1,100410556.46679227,7.508033929675049,1,1223.540039
2017-03-08,99649307.7612508,0.0,0,99957438.51249768,7.088757774962158,1,1150.0
2017-03-09,99649307.7612508,0.0,0,100194595.11260495,7.30867497002712,1,1188.48999
2017-03-10,99649307.7612508,0.0,0,99649409.80701913,0.0,0,1116.719971
2017-03-11,99649307.7612508,0.0,0,99649409.80701913,0.0,0,1175.829956
2017-03-12,99649307.7612508,0.0,0,99649409.80701913,0.0,0,1221.380005
2017-03-13,99649307.7612508,0.0,0,99649409.80701913,0.0,0,1231.920044
2017-03-14,99649307.7612508,0.0,0,99649409.80701913,0.0,0,1240.0
2017-03-15,99649307.7612508,0.0,0,99649409.80701913,0.0,0,1249.609985
2017-03-16,99649307.7612508,0.0,0,99649409.80701913,0.0,0,1187.810059
2017-03-17,99649307.7612508,0.0,0,99649409.80701913,0.0,0,1100.22998
2017-03-18,99649307.7612508,0.0,0,99649409.80701913,0.0,0,973.8179932
2017-03-19,99649307.7612508,0.0,0,99649409.80701913,0.0,0,1036.73999
2017-03-20,99649307.7612508,0.0,0,99649409.80701913,0.0,0,1054.22998
2017-03-21,99649307.7612508,0.0,0,99649409.80701913,0.0,0,1120.540039
2017-03-22,99649307.7612508,0.0,0,99649409.80701913,0.0,0,1049.140015
2017-03-23,99649307.7612508,0.0,0,99649409.80701913,0.0,0,1038.589966
2017-03-24,99649307.7612508,0.0,0,99649409.80701913,0.0,0,937.5200195
2017-03-25,99649307.7612508,0.0,0,99649409.80701913,0.0,0,972.7789917
2017-03-26,99649307.7612508,0.0,0,99649409.80701913,0.0,0,966.7249756
2017-03-27,99649307.7612508,0.0,0,99649409.80701913,0.0,0,1045.77002
2017-03-28,99649307.7612508,0.0,0,99649409.80701913,0.0,0,1047.150024
2017-03-29,99649307.7612508,0.0,0,99649409.80701913,0.0,0,1039.969971
2017-03-30,99649307.7612508,0.0,0,99649409.80701913,0.0,0,1026.430054
2017-03-31,98869303.75237304,0.0,0,98869404.9993791,0.0,0,1071.790039
2017-04-01,98869303.75237304,0.0,0,98869404.9993791,0.0,0,1080.5
2017-04-02,98869303.75237304,0.0,0,98869404.9993791,0.0,0,1102.170044
2017-04-03,99166572.74208362,7.792355608547067,1,99166674.29350768,7.7923556085470675,1,1143.810059
2017-04-04,99376050.53600228,7.986722901525364,1,99376152.30194184,7.986722901525366,1,1133.25
2017-04-05,102061434.81041251,10.407725583059156,1,102061539.32631701,10.407725583059156,1,1124.780029
2017-04-06,101254950.59994094,9.694133267133996,1,101255054.28996612,9.694133267133997,1,1182.680054
2017-04-07,100412234.56937198,8.936235567948419,1,100412337.39641471,8.936235567948419,1,1176.900024
2017-04-08,100933725.68760456,9.406731866590164,1,100933829.04867972,9.406731866590166,1,1175.949951
2017-04-09,99778661.21646433,8.357999962697708,1,99778763.39469694,8.357999962697708,1,1187.869995
2017-04-10,99977040.9095875,8.539840830152821,1,99977143.29097064,8.539840830152821,1,1187.130005
2017-04-11,99916519.09613319,8.484441235152378,1,99916621.41553901,8.484441235152378,1,1205.01001
2017-04-12,101766148.07902037,10.147762811843487,1,101766252.2925368,10.147762811843489,1,1200.369995
2017-04-13,101157095.73966888,9.606775401565832,1,101157199.32948591,9.606775401565834,1,1169.280029
2017-04-14,101387369.91713342,9.812079331037381,1,101387473.74276248,9.812079331037381,1,1167.540039
2017-04-15,101774765.2237634,10.1553704907375,1,101774869.44610421,10.155370490737504,1,1172.52002
2017-04-16,101698454.59503391,10.08795451875325,1,101698558.7392289,10.087954518753252,1,1182.939941
2017-04-17,101417626.25824401,9.838985467499944,1,101417730.11485703,9.838985467499944,1,1193.910034
2017-04-18,101320441.63048667,9.752504748559524,1,101320545.38757788,9.752504748559526,1,1211.670044
2017-04-19,100686571.51250096,9.184353607810413,1,100686674.62047815,9.184353607810413,1,1210.290039
2017-04-20,101334612.39124402,9.765125072790115,1,101334716.16284677,9.765125072790118,1,1229.079956
2017-04-21,102189546.01179515,10.520044057483457,1,102189650.65889178,10.520044057483458,1,1222.050049
2017-04-22,103948243.43540017,12.033952929625132,1,103948349.88348904,12.033952929625134,1,1231.709961
2017-04-23,104785559.25467207,12.736868133730958,1,104785666.56021333,12.736868133730958,1,1207.209961
2017-04-24,105768315.52963763,13.5476817501272,1,105768423.84156942,13.547681750127202,1,1250.150024
2017-04-25,106005100.27635278,13.740791234730931,1,106005208.83076373,13.740791234730935,1,1265.48999
2017-04-26,105655907.30993837,13.455704392393338,1,105656015.50675865,13.455704392393338,1,1281.079956
2017-04-27,105439421.29456134,13.278013454035825,1,105439529.26968932,13.278013454035827,1,1317.72998
2017-04-28,105170848.89893292,13.05655349698359,1,105170956.59902963,13.05655349698359,1,1316.47998
2017-04-29,106511893.76167408,14.151220563393728,1,106512002.83506635,14.151220563393732,1,1321.790039
2017-04-30,106476945.79296048,14.123043191893188,1,106477054.83056433,14.123043191893192,1,1347.890015
2017-05-01,106680027.15804316,14.286522805484786,1,106680136.40361229,14.286522805484786,1,1421.599976
2017-05-02,106658292.99685065,14.269056648120246,1,106658402.22016293,14.269056648120246,1,1452.819946
2017-05-03,111587013.06914553,18.055732262901262,1,111587127.33970837,18.055732262901262,1,1490.089966
2017-05-04,113838046.49659292,19.676098138289237,1,113838163.07232419,19.676098138289237,1,1537.670044
2017-05-05,116653013.57137686,28.963319611218765,2,116589289.56410767,21.571479911017697,1,1555.449951
2017-05-06,118595076.90197358,30.12658655040546,2,118401704.23596112,22.772011621420663,1,1578.800049
2017-05-07,120735196.37938438,31.365143802648355,2,120442381.7083637,24.080499662654667,1,1596.709961
2017-05-08,120162137.01442935,31.037820670058665,2,119166157.2498619,23.26743053762951,1,1723.349976
2017-05-09,124768020.87882844,33.58359952262258,2,123594311.30688304,26.01661563504693,1,1755.359985
2017-05-10,123392443.59599712,32.84319039349279,2,122042330.62923,25.075788117170227,1,1787.130005
2017-05-11,122542099.36195815,32.37717580648406,2,120850842.27507797,24.33709797466206,1,1848.569946
2017-05-12,118727700.58673391,30.204638003542954,2,117726777.57623683,22.32926419125485,1,1724.23999
2017-05-13,120570760.74146032,31.271538883070555,2,119121921.8585914,23.23893624220176,1,1804.910034
2017-05-14,120574777.51788922,31.273828473549532,2,119103728.77099182,23.227210994204974,1,1808.910034
2017-05-15,116805740.3869978,29.05620208387906,2,115726025.54863468,20.98643848357175,1,1738.430054
2017-05-16,114832681.83097878,27.837243637180787,2,113775064.36025304,19.631551164973935,1,1734.449951
2017-05-17,117402088.71442537,29.416563774986177,2,115763463.64297228,21.01199159918278,1,1839.089966
2017-05-18,120504895.99649224,31.233973749089223,2,118591093.51084828,22.895344262068548,1,1888.650024
2017-05-19,120422891.37769444,31.187146009741408,2,117959061.77599236,22.482212887523893,1,1987.709961
2017-05-20,120778234.29795553,31.38960103510695,2,117775704.59991482,22.36153059070379,1,2084.72998
2017-05-21,119380092.20539433,30.586057621727853,2,116619260.12831129,21.591635646820993,1,2041.199951
2017-05-22,119235927.32200836,30.5021311313396,2,115741059.22632185,20.99670160389132,1,2173.399902
2017-05-23,126497136.7622045,34.49145922539184,2,122185952.29035155,25.163856668154438,1,2320.419922
2017-05-24,129423057.85032943,35.97243814899582,2,124427701.54932313,26.512140585397365,1,2443.639893
2017-05-25,124293559.99763964,33.33007082896795,2,120068103.0349039,23.84384188962621,1,2304.97998
2017-05-26,117833783.6087874,29.675152679727024,2,114177781.37542138,19.915019116782624,1,2202.419922
2017-05-27,116913231.2646979,29.121428329214083,2,114165333.66561624,19.906287266493436,1,2038.869995
2017-05-28,118027145.58336172,29.790364746173903,2,114629998.85629803,20.230955858232523,1,2155.800049
2017-05-29,119531060.20183972,30.673727586241906,2,115579722.95470883,20.88642190012915,1,2255.610107
2017-05-30,118061104.26677483,29.810559600278836,2,114554740.98168543,20.178550792579692,1,2175.469971
2017-05-31,119783556.57301226,30.81986310527472,2,115661204.684224,20.942156328880003,1,2286.409912
2017-06-01,123814744.69003709,33.07224545668466,2,119017938.92125508,23.17187205881108,1,2407.879883
2017-06-02,124397954.67204213,33.38602018574471,2,119153231.06294864,23.25910630230365,1,2488.550049
2017-06-03,123317643.96141756,32.80245571306321,2,117924112.85836607,22.459239106414184,1,2515.350098
2017-06-04,123564455.67773001,32.936678302775405,2,118190580.7776246,22.63405951153523,1,2511.810059
2017-06-05,127316655.35420808,34.91312807107788,2,120971102.56533287,24.412316290161673,1,2686.810059
2017-06-06,128016182.94475499,35.26878672023728,2,120691231.8083015,24.237036098343577,1,2863.199951
2017-06-07,125223974.36909641,33.82542853149461,2,118626615.8705049,22.918433003934982,1,2732.159912
2017-06-08,127371792.05795643,34.94130287742604,2,120366550.39172076,24.032670131520646,1,2805.620117
2017-06-09,126965039.65288287,34.732877143870525,2,119858798.52007765,23.71085350728685,1,2823.810059
2017-06-10,128380768.44425446,35.45261535760095,2,120586578.63776411,24.171283885525305,1,2947.709961
2017-06-11,131095137.57180744,36.78909077066994,2,123243204.07444547,25.8058445704205,1,2958.110107
2017-06-12,125882907.96680185,34.17181907139108,2,119688270.7397426,23.602159324183944,1,2659.629883
2017-06-13,127292516.73957679,34.900785578688776,2,120779224.1137344,24.292232328564914,1,2717.02002
2017-06-14,125722473.94028896,34.08781595091946,2,120378806.34543294,24.040404483660957,1,2506.370117
2017-06-15,125486031.45672011,33.963623319173145,2,120374401.43404062,24.037624862049896,1,2464.580078
2017-06-16,131033122.27567184,36.75917434048207,2,125621775.8713572,27.21066570414817,1,2518.560059
2017-06-17,143233057.49964926,42.145737959420785,2,137059259.7913753,33.28487653692851,1,2655.879883
2017-06-18,141099583.78673798,41.27096183371645,2,135523172.95445493,32.52869424912463,1,2548.290039
2017-06-19,145426297.67125458,43.01826441191164,2,139620518.5311635,34.508727406725285,1,2589.600098
2017-06-20,143187783.22520337,42.127445129694024,2,136648021.50068602,33.08409929160309,1,2721.790039
2017-06-21,143553088.35621315,42.27471567246568,2,137194836.82783556,33.350804956214084,1,2689.100098
2017-06-22,143572219.81222793,42.282407750637205,2,137123408.5963364,33.316087075572476,1,2705.409912
2017-06-23,143430189.91902772,42.22525365032138,2,136762056.10978985,33.139894947190385,1,2744.909912
2017-06-24,139951216.55395278,40.78906174950281,2,134039269.34229568,31.781742144624964,1,2608.719971
2017-06-25,139300726.35124072,40.51256545092487,2,133495996.93724445,31.504122606483183,1,2589.409912
2017-06-26,136010770.27738744,39.07362759171315,2,130822139.01967677,30.104143631503614,1,2478.449951
2017-06-27,135856450.99895158,39.00442135410996,2,130256937.02258623,29.800856309455064,1,2552.449951
2017-06-28,138190354.1705895,40.03457845380012,2,132466799.9826732,30.971945876741724,1,2574.790039
2017-06-29,136285075.33526394,39.19625592844444,2,130758465.03932679,30.07010723176755,1,2539.320068
2017-06-30,135279601.1986905,38.74432827986284,2,130077698.03688583,29.70412625117434,1,2480.840088
2017-07-01,133714564.91918376,38.0273731102782,2,128769684.07067013,28.990076315474127,1,2434.550049
2017-07-02,136583618.4887935,39.32916016470915,2,131239407.58292717,30.326373707828896,1,2506.469971
2017-07-03,141554437.28122404,41.45967445022503,2,135890464.40113738,32.7110590206927,1,2564.060059
2017-07-04,150293470.3174045,44.86358706098468,2,144420845.59711903,36.6855567080186,1,2601.639893
2017-07-05,148246504.2923851,44.10227154419509,2,142371933.57021067,35.774381864179226,1,2601.98999
2017-07-06,146306554.49070406,43.36109636164953,2,140395501.69393992,34.87023922837348,1,2608.560059
2017-07-07,141446262.95737693,41.41490437287032,2,136034372.7832741,32.78224281368489,1,2518.659912
2017-07-08,147065224.0977761,43.65328110506467,2,141360834.73831674,35.31500110574635,1,2571.340088
2017-07-09,144322267.5831331,42.58236805567962,2,138911601.73427767,34.17450144855361,1,2518.439941
2017-07-10,141455673.44804502,31.526437667514212,1,136035234.77256814,32.78266874000581,1,2372.560059
2017-07-11,140263035.77865466,30.944216205232845,1,134842595.8818584,32.18815331358504,1,2337.790039
2017-07-12,143538000.0376802,32.519793569746014,1,138117563.4946077,33.79607048240619,1,2398.840088
2017-07-13,141217644.11424875,31.41102208664335,1,135797205.19501817,32.66484810488392,1,2357.899902
2017-07-14,137842433.52498376,29.73155199430735,1,132421991.14937234,30.9485882263738,1,2233.340088
2017-07-15,134128563.7598899,27.785897339005274,1,128708117.58109407,28.956109291416254,1,1998.859985
2017-07-16,136032988.35991016,28.79687500871672,1,130612544.13133833,29.991981248416256,1,1929.819946
2017-07-17,137715089.34718746,29.666575252987826,1,132294646.84116936,30.88212065211656,1,2228.409912
2017-07-18,139278363.77096993,30.45600471688385,1,133857922.86582133,31.689322208408775,1,2318.879883
2017-07-19,135986550.56049806,28.772559983280534,1,130566106.28437167,29.967081818129614,1,2273.429932
2017-07-20,139961336.18220687,30.795360080594637,1,134540895.97645545,32.03608930671183,1,2817.600098
2017-07-21,140676859.6134501,31.147355011027066,1,135256420.14042974,32.39562728892923,1,2667.76001
2017-07-22,141438342.36748734,31.518047291856583,1,136017903.67426258,32.77410405738363,1,2810.120117
2017-07-23,139042346.9609644,30.33795757311428,1,133621905.81412306,31.56866471087009,1,2730.399902
2017-07-24,139377079.70652995,30.505260308774652,1,133956638.90247133,31.739662075306825,1,2754.860107
2017-07-25,137304903.39568713,29.456460522642107,1,131884460.46961854,30.667150578780838,1,2576.47998
2017-07-26,137293796.1636585,29.45075346607443,1,131873353.22621556,30.661310909010535,1,2529.449951
2017-07-27,137330941.01941308,0.0,0,131910498.12000829,0.0,0,2671.780029
2017-07-28,137330941.01941308,0.0,0,131910498.12000829,0.0,0,2809.01001
2017-07-29,137330941.01941308,0.0,0,131910498.12000829,0.0,0,2726.449951
2017-07-30,137330941.01941308,0.0,0,131910498.12000829,0.0,0,2757.179932
2017-07-31,137330941.01941308,0.0,0,131910498.12000829,0.0,0,2875.340088
2017-08-01,137330941.01941308,0.0,0,131910498.12000829,0.0,0,2718.26001
2017-08-02,137330941.01941308,0.0,0,131910498.12000829,0.0,0,2710.669922
2017-08-03,137330941.01941308,0.0,0,131910498.12000829,0.0,0,2804.72998
2017-08-04,137330941.01941308,0.0,0,131910498.12000829,0.0,0,2895.889893
2017-08-05,137330941.01941308,0.0,0,131910498.12000829,0.0,0,3252.909912
2017-08-06,137172036.9957235,7.418733876576454,1,131910498.12000829,0.0,0,3213.939941
2017-08-07,137694483.18729758,7.770009605114534,1,131910498.12000829,0.0,0,3378.939941
2017-08-08,137824303.15005237,7.856883209002103,1,131910498.12000829,0.0,0,3419.939941
2017-08-09,137579006.84002084,7.692596759617273,1,131910498.12000829,0.0,0,3342.469971
2017-08-10,137701892.70248795,7.774972351097352,1,131910498.12000829,0.0,0,3381.280029
2017-08-11,138554715.14586183,8.342629491722006,1,131910498.12000829,0.0,0,3650.620117
2017-08-12,139295923.31163982,8.830347939321378,1,131910498.12000829,0.0,0,3884.709961
2017-08-13,139892936.97789055,9.219427827151238,1,131910498.12000829,0.0,0,4073.26001
2017-08-14,140690442.7715002,9.734018803118468,1,131910498.12000829,0.0,0,4325.129883
2017-08-15,140237023.73166382,9.442167810883388,1,131910498.12000829,0.0,0,4181.930176
2017-08-16,140853509.31008244,9.838520005662875,1,131910498.12000829,0.0,0,4376.629883
2017-08-17,140711214.15106875,9.747343604335471,1,131910498.12000829,0.0,0,4331.689941
2017-08-18,140169548.8289091,9.398575026489857,1,131910498.12000829,0.0,0,4160.620117
2017-08-19,140274291.6218387,9.466227097196501,1,131910498.12000829,0.0,0,4193.700195
2017-08-20,139938531.9726695,9.249006097381072,1,131910498.12000829,0.0,0,4087.659912
2017-08-21,139666480.23955473,9.072235227729667,1,131910498.12000829,0.0,0,4001.73999
2017-08-22,139979251.452341,9.275405247348246,1,131910498.12000829,0.0,0,4100.52002
2017-08-23,140140734.82064572,9.379946679698302,1,131910498.12000829,0.0,0,4151.52002
2017-08-24,140178959.69605836,16.857827271770425,2,131400590.04642361,7.096076901028005,1,4334.680176
2017-08-25,140491511.9830006,17.042794148849094,2,131584751.0092876,7.226101663019923,1,4371.600098
2017-08-26,140543781.61506176,17.073646759877708,2,131691174.93482478,7.301075270426003,1,4352.399902
2017-08-27,142497557.9122533,18.210645496886613,2,133439367.0143462,8.515525920322832,1,4382.879883
2017-08-28,142733077.03905094,18.34560340400611,2,133661709.35719243,8.66770766630494,1,4382.660156
2017-08-29,143514999.9989422,18.790486848070802,2,133812482.96383835,8.770616593883183,1,4579.02002
2017-08-30,143669398.77688485,18.87776117158522,2,133998705.69712368,8.897401289641534,1,4565.299805
2017-08-31,145465817.19102466,19.879573737875216,2,135278060.82190892,9.758979108196973,1,4703.390137
2017-09-01,149020837.5356003,21.79091546758386,2,138062141.21880826,11.57872675982058,1,4892.009766
2017-09-02,146644254.79365018,20.523423871510058,2,136758706.8268196,10.735991908059924,1,4578.77002
2017-09-03,146226958.88099784,20.29661719629901,2,136353430.37727964,10.470676982200654,1,4582.959961
2017-09-04,142832299.5485033,18.40232694737608,2,134191284.55180421,9.028143268725044,1,4236.310059
2017-09-05,144478180.05625013,19.33187921265603,2,135322596.19701916,9.788677900776278,1,4376.529785
2017-09-06,146917511.54598773,20.67124499134287,2,136961225.27187103,10.867982608945916,1,4597.120117
2017-09-07,146604505.91552415,20.501875388271582,2,136658376.78305715,10.670457236500845,1,4599.879883
2017-09-08,143319399.67429608,18.679653233270795,2,134672309.97884563,9.353078485472905,1,4228.75
2017-09-09,142958406.41903704,18.474306115647867,2,134340534.3336286,9.129211273528277,1,4226.060059
2017-09-10,141764252.11332563,17.7875726343448,2,133523848.57120878,8.57340884447239,1,4122.939941
2017-09-11,142759338.62573302,18.36062430585969,2,134346256.8274003,9.133081924894377,1,4161.27002
2017-09-12,142306369.53392556,18.10076163080853,2,134010672.32888512,8.905536397333561,1,4130.810059
2017-09-13,141026238.1145903,17.35734118892705,2,133545512.39888112,8.588240117196461,1,3882.590088
2017-09-14,135902940.09631622,7.350573852408263,1,130891746.18374407,0.0,0,3154.949951
2017-09-15,135918827.20232058,0.0,0,130891746.18374407,0.0,0,3637.52002
2017-09-16,135918827.20232058,0.0,0,130891746.18374407,0.0,0,3625.040039
2017-09-17,135918827.20232058,0.0,0,130891746.18374407,0.0,0,3582.879883
2017-09-18,135918827.20232058,0.0,0,130891746.18374407,0.0,0,4065.199951
2017-09-19,135918827.20232058,0.0,0,130891746.18374407,0.0,0,3924.969971
2017-09-20,135918827.20232058,0.0,0,130891746.18374407,0.0,0,3905.949951
2017-09-21,135918827.20232058,0.0,0,130891746.18374407,0.0,0,3631.040039
2017-09-22,135918827.20232058,0.0,0,130891746.18374407,0.0,0,3630.699951
2017-09-23,135918827.20232058,0.0,0,130891746.18374407,0.0,0,3792.399902
2017-09-24,135918827.20232058,0.0,0,130891746.18374407,0.0,0,3682.840088
2017-09-25,135918827.20232058,0.0,0,130891746.18374407,0.0,0,3926.070068
2017-09-26,135918827.20232058,0.0,0,130891746.18374407,0.0,0,3892.350098
2017-09-27,135918827.20232058,0.0,0,130891746.18374407,0.0,0,4200.669922
2017-09-28,135918827.20232058,0.0,0,130891746.18374407,0.0,0,4174.72998
2017-09-29,135918827.20232058,0.0,0,130891746.18374407,0.0,0,4163.069824
2017-09-30,135918827.20232058,0.0,0,130891746.18374407,0.0,0,4338.709961
2017-10-01,135918827.20232058,0.0,0,130891746.18374407,0.0,0,4403.740234
2017-10-02,135918827.20232058,0.0,0,130891746.18374407,0.0,0,4409.319824
2017-10-03,135918827.20232058,0.0,0,130891746.18374407,0.0,0,4317.47998
2017-10-04,135918827.20232058,0.0,0,130891746.18374407,0.0,0,4229.359863
2017-10-05,135918827.20232058,0.0,0,130891746.18374407,0.0,0,4328.410156
2017-10-06,135918827.20232058,0.0,0,130891746.18374407,0.0,0,4370.810059
2017-10-07,135918827.20232058,0.0,0,130891746.18374407,0.0,0,4426.890137
2017-10-08,135918827.20232058,0.0,0,130891746.18374407,0.0,0,4610.47998
2017-10-09,135918827.20232058,0.0,0,130891746.18374407,0.0,0,4772.02002
2017-10-10,135918827.20232058,0.0,0,130891746.18374407,0.0,0,4781.990234
2017-10-11,135918827.20232058,0.0,0,130891746.18374407,0.0,0,4826.47998
2017-10-12,135918827.20232058,0.0,0,130891746.18374407,0.0,0,5446.910156
2017-10-13,135918827.20232058,0.0,0,130891746.18374407,0.0,0,5647.209961
2017-10-14,135918827.20232058,0.0,0,130891746.18374407,0.0,0,5831.790039
2017-10-15,135918827.20232058,0.0,0,130891746.18374407,0.0,0,5678.189941
2017-10-16,135918827.20232058,0.0,0,130891746.18374407,0.0,0,5725.589844
2017-10-17,135918827.20232058,0.0,0,130891746.18374407,0.0,0,5605.509766
2017-10-18,135918827.20232058,0.0,0,130891746.18374407,0.0,0,5590.689941
2017-10-19,135918827.20232058,0.0,0,130891746.18374407,0.0,0,5708.52002
2017-10-20,135918827.20232058,0.0,0,130891746.18374407,0.0,0,6011.450195
2017-10-21,135918827.20232058,0.0,0,130891746.18374407,0.0,0,6031.600098
2017-10-22,135918827.20232058,0.0,0,130891746.18374407,0.0,0,6008.419922
2017-10-23,135918827.20232058,0.0,0,130891746.18374407,0.0,0,5930.319824
2017-10-24,135918827.20232058,0.0,0,130891746.18374407,0.0,0,5526.640137
2017-10-25,135918827.20232058,0.0,0,130891746.18374407,0.0,0,5750.799805
2017-10-26,135918827.20232058,0.0,0,130891746.18374407,0.0,0,5904.830078
2017-10-27,135918827.20232058,0.0,0,130891746.18374407,0.0,0,5780.899902
2017-10-28,135918827.20232058,0.0,0,130891746.18374407,0.0,0,5753.089844
2017-10-29,135918827.20232058,0.0,0,130891746.18374407,0.0,0,6153.850098
2017-10-30,135918827.20232058,0.0,0,130891746.18374407,0.0,0,6130.529785
2017-10-31,135918827.20232058,0.0,0,130891746.18374407,0.0,0,6468.399902
2017-11-01,135918827.20232058,0.0,0,130891746.18374407,0.0,0,6767.310059
2017-11-02,135918827.20232058,0.0,0,130891746.18374407,0.0,0,7078.5
2017-11-03,136071559.35391572,7.628384708896113,1,130891746.18374407,0.0,0,7207.759766
2017-11-04,136319534.78577194,7.796415587442343,1,130891746.18374407,0.0,0,7379.950195
2017-11-05,136359080.51246876,7.8231557043157,1,130891746.18374407,0.0,0,7407.410156
2017-11-06,135805136.56272662,7.447169887458657,1,130891746.18374407,0.0,0,7022.759766
2017-11-07,135980284.51454195,7.5663815708787885,1,130891746.18374407,0.0,0,7144.379883
2017-11-08,136434369.84373415,7.874022161009303,1,130891746.18374407,0.0,0,7459.689941
2017-11-09,135979132.69725955,7.565598607808847,1,130891746.18374407,0.0,0,7143.580078
2017-11-10,135222434.44973683,7.048340137874401,1,130891746.18374407,0.0,0,6618.140137
2017-11-11,134859349.3170334,0.0,0,130891746.18374407,0.0,0,6357.600098
2017-11-12,134859349.3170334,0.0,0,130891746.18374407,0.0,0,5950.069824
2017-11-13,134859349.3170334,0.0,0,130891746.18374407,0.0,0,6559.490234
2017-11-14,134859349.3170334,0.0,0,130891746.18374407,0.0,0,6635.75
2017-11-15,134859349.3170334,0.0,0,130891746.18374407,0.0,0,7315.540039
2017-11-16,134859349.3170334,0.0,0,130891746.18374407,0.0,0,7871.689941
2017-11-17,134429450.93559486,7.154329603485632,1,130474495.54362886,7.15432960348563,1,7708.990234
2017-11-18,134724756.11068872,7.357839394445071,1,130761112.75052536,7.357839394445071,1,7790.149902
2017-11-19,135001686.08999032,7.547876958878527,1,131029895.36548668,7.547876958878527,1,8036.490234
2017-11-20,135096125.97399646,7.612506256818619,1,131121556.79934022,7.612506256818617,1,8200.639648
2017-11-21,134779498.36114004,7.395467078327912,1,130814244.46729463,7.395467078327912,1,8071.259766
2017-11-22,135044884.79506776,7.5774509187000865,1,131071823.15150298,7.5774509187000865,1,8253.549805
2017-11-23,135234277.12690097,7.706886461643478,1,131255643.50324726,7.706886461643478,1,8038.77002
2017-11-24,135909649.46115386,8.165516262934252,1,131911146.17771691,8.16551626293425,1,8253.69043
2017-11-25,137453800.09683642,9.197181275762322,1,133409867.43136975,9.19718127576232,1,8790.919922
2017-11-26,137656844.0777018,16.833426225574552,2,133010603.81777945,8.924614574406014,1,9330.549805
2017-11-27,139036769.01899287,17.658845503099453,2,133794721.92573859,9.458371496007175,1,9818.349609
2017-11-28,139949449.38663298,18.195833361840688,2,134406872.87153465,9.870739869279333,1,10058.7998
2017-11-29,138260632.89482507,17.19661744025426,2,132961449.86532456,8.890945302827246,1,9888.610352
2017-11-30,139058005.10892224,17.67142014172176,2,133342699.70840693,9.151441849564637,1,10233.59961
2017-12-01,141447297.57568336,19.062093975905658,2,134817161.23730516,10.14502977798058,1,10975.59961
2017-12-02,141745626.7384032,19.232442354843855,2,134994032.62240276,10.262759226700172,1,11074.59961
2017-12-03,142176506.33322036,19.477216216644575,2,135129280.82505766,10.35257544159968,1,11323.2002
2017-12-04,142991351.17359486,19.936080157434958,2,135539997.1114195,10.624227043202296,1,11657.2002
2017-12-05,143033908.42145804,19.95990178210593,2,135285941.9211441,10.456387142898494,1,11916.7002
2017-12-06,145527736.71405017,21.331504653040746,2,135003426.84957126,10.269003601713253,1,14291.5
2017-12-07,149465884.3224786,23.4042729520652,2,134718895.49205953,10.079488373557375,1,17899.69922
2017-12-08,151685398.04349858,24.525048381652955,2,138387243.70713907,12.463087753728304,1,16569.40039
2017-12-09,154380406.4616797,25.84260955819869,2,142586414.76784897,15.04105052281065,1,15178.2002
2017-12-10,153768618.63886327,25.54756503711413,2,141677119.34701338,14.495776987643724,1,15455.40039
2017-12-11,164834996.32343805,30.546010653716372,2,150731805.22820306,19.632144058415157,1,16936.80078
2017-12-12,179908291.61649004,36.3650892592133,2,164816902.13470373,26.50030517807837,1,17415.40039
2017-12-13,176797500.50180936,35.245418933817994,2,162944018.07751536,25.65549719884527,1,16408.19922
2017-12-14,173667471.99237174,34.07833978808861,2,159728745.01738012,24.158973345235253,1,16564.0
2017-12-15,177918660.73692048,35.65347203534191,2,162554024.32008427,25.477132546767052,1,17706.90039
2017-12-16,179903498.02660677,36.36339368537679,2,162442537.30415517,25.425986262987415,1,19497.40039
2017-12-17,182296034.33544946,37.19858953444884,2,165170562.69355375,26.657681545405126,1,19140.80078
2017-12-18,187903779.3850802,39.07281633180503,2,170643603.81701112,29.0099849192963,1,19114.19922
2017-12-19,185184798.85262984,38.17825140359686,2,169526946.08795914,28.5423805009152,1,17776.69922
2017-12-20,178762013.9147325,35.95704239490415,2,164604430.07519004,26.405431476773323,1,16624.59961
2017-12-21,178202792.5227371,35.756068036464434,2,164996911.25280708,26.580492226098258,1,15802.90039
2017-12-22,168414370.9073187,32.022142665942425,2,157739955.6114577,23.20276773606923,1,13831.7998
2017-12-23,172752838.3282749,33.729319938652665,2,160963517.26156864,24.740759803913885,1,14699.2002
2017-12-24,170097136.65759304,32.69464552134943,2,159266223.9896787,23.93872533086301,1,13925.7998
2017-12-25,169846693.03930455,32.595401925821065,2,158908419.13584083,23.767462578305842,1,14026.59961
2017-12-26,174144513.51644343,34.258921815175306,2,160720100.00855473,24.62677656528057,1,16099.7998
2017-12-27,171798411.29262686,33.36115280459463,2,158740429.7379921,23.68678837275475,1,15838.5
2017-12-28,167187522.86920238,31.52331057922692,2,155667445.54442802,22.18031222887979,1,14606.5
2017-12-29,166615541.30800372,31.288234046671036,2,155055723.57321492,21.87329993868167,1,14656.2002
2017-12-30,160839810.34434268,28.82080590599595,2,151389392.69806588,19.98123651532414,1,12952.2002
2017-12-31,164121268.27506816,30.2439702125924,2,153203700.1178575,20.928854857447178,1,14156.40039
2018-01-01,163099885.94278568,29.807136207570338,2,152780552.00052375,20.70985573900976,1,13657.2002
2018-01-02,168446990.56419083,32.03530653650913,2,156462355.4724229,22.575676610401107,1,14982.09961
2018-01-03,167235349.82495123,31.54289394840205,2,155037211.2646782,21.863971174543746,1,15201.0
2018-01-04,167133254.7649743,31.501076224227333,2,154484892.26027954,21.58461690878272,1,15599.2002
2018-01-05,170404231.13221234,32.81594005925707,2,155576405.965621,22.13477401533381,1,17429.5
2018-01-06,177234427.30678755,35.405055030725826,2,162094682.13106126,25.265950436298024,1,17527.0
2018-01-07,174864683.66790834,34.52967266801044,2,160989074.449988,24.752707289099217,1,16477.59961
2018-01-08,168678700.34793854,32.128667965026324,2,156473268.5014931,22.581076471348496,1,15170.09961
2018-01-09,166762728.75242108,31.348880147317935,2,155267782.46801972,21.98000244583678,1,14595.40039
2018-01-10,167701361.3870039,31.733123787091866,2,155748678.7853493,22.220900344903825,1,14973.2998
2018-01-11,162852467.85085192,29.700493768213548,2,152826554.518082,20.733722967221937,1,13405.7998
2018-01-12,163943420.61421737,20.56393771199063,1,153861289.69570354,21.26679795578548,1,13980.59961
2018-01-13,167122786.66714066,22.075139893650118,1,156947117.83095676,22.814817017265145,1,14360.2002
2018-01-14,164202330.50020438,20.68919039121626,1,154112582.37398425,21.39517862987798,1,13772.0
2018-01-15,163362403.46062735,20.281414231524668,1,153297366.2437423,20.977168067362346,1,13819.7998
2018-01-16,157036547.11137992,17.070134238346633,1,147157618.51506227,17.680157299125344,1,11490.5
2018-01-17,157240617.69425923,0.0,0,147355685.27923608,0.0,0,11188.59961
2018-01-18,157240617.69425923,0.0,0,147355685.27923608,0.0,0,11474.90039
2018-01-19,157240617.69425923,0.0,0,147355685.27923608,0.0,0,11607.40039
2018-01-20,157240617.69425923,0.0,0,147355685.27923608,0.0,0,12899.2002
2018-01-21,157240617.69425923,0.0,0,147355685.27923608,0.0,0,11600.09961
2018-01-22,157240617.69425923,0.0,0,147355685.27923608,0.0,0,10931.40039
2018-01-23,157240617.69425923,0.0,0,147355685.27923608,0.0,0,10868.40039
2018-01-24,157240617.69425923,0.0,0,147355685.27923608,0.0,0,11359.40039
2018-01-25,157240617.69425923,0.0,0,147355685.27923608,0.0,0,11259.40039
2018-01-26,157240617.69425923,0.0,0,147355685.27923608,0.0,0,11171.40039
2018-01-27,157240617.69425923,0.0,0,147355685.27923608,0.0,0,11440.7002
2018-01-28,157240617.69425923,0.0,0,147355685.27923608,0.0,0,11786.2998
2018-01-29,157240617.69425923,0.0,0,147355685.27923608,0.0,0,11296.40039
2018-01-30,157240617.69425923,0.0,0,147355685.27923608,0.0,0,10106.2998
2018-01-31,157240617.69425923,0.0,0,147355685.27923608,0.0,0,10221.09961
2018-02-01,157240617.69425923,0.0,0,147355685.27923608,0.0,0,9170.540039
2018-02-02,157240617.69425923,0.0,0,147355685.27923608,0.0,0,8830.75
2018-02-03,157240617.69425923,0.0,0,147355685.27923608,0.0,0,9174.910156
2018-02-04,157240617.69425923,0.0,0,147355685.27923608,0.0,0,8277.009766
2018-02-05,157240617.69425923,0.0,0,147355685.27923608,0.0,0,6955.27002
2018-02-06,157240617.69425923,0.0,0,147355685.27923608,0.0,0,7754.0
2018-02-07,157240617.69425923,0.0,0,147355685.27923608,0.0,0,7621.299805
2018-02-08,157240617.69425923,0.0,0,147355685.27923608,0.0,0,8265.589844
2018-02-09,157240617.69425923,0.0,0,147355685.27923608,0.0,0,8736.980469
2018-02-10,157240617.69425923,0.0,0,147355685.27923608,0.0,0,8621.900391
2018-02-11,157240617.69425923,0.0,0,147355685.27923608,0.0,0,8129.970215
2018-02-12,157240617.69425923,0.0,0,147355685.27923608,0.0,0,8926.570312
2018-02-13,157240617.69425923,0.0,0,147355685.27923608,0.0,0,8598.30957
2018-02-14,157240617.69425923,0.0,0,147355685.27923608,0.0,0,9494.629883
2018-02-15,157240617.69425923,0.0,0,147355685.27923608,0.0,0,10166.40039
2018-02-16,157240617.69425923,0.0,0,147355685.27923608,0.0,0,10233.90039
2018-02-17,157240617.69425923,0.0,0,147355685.27923608,0.0,0,11112.7002
2018-02-18,157240617.69425923,0.0,0,147355685.27923608,0.0,0,10551.7998
2018-02-19,157240617.69425923,0.0,0,147355685.27923608,0.0,0,11225.2998
2018-02-20,157240617.69425923,0.0,0,147355685.27923608,0.0,0,11403.7002
2018-02-21,157240617.69425923,0.0,0,147355685.27923608,0.0,0,10690.40039
2018-02-22,157240617.69425923,0.0,0,147355685.27923608,0.0,0,10005.0
2018-02-23,157240617.69425923,0.0,0,147355685.27923608,0.0,0,10301.09961
2018-02-24,157240617.69425923,0.0,0,147355685.27923608,0.0,0,9813.070312
2018-02-25,157240617.69425923,0.0,0,147355685.27923608,0.0,0,9664.730469
2018-02-26,157240617.69425923,0.0,0,147355685.27923608,0.0,0,10366.7002
2018-02-27,157240617.69425923,0.0,0,147355685.27923608,0.0,0,10725.59961
2018-02-28,157240617.69425923,0.0,0,147355685.27923608,0.0,0,10397.90039
2018-03-01,157240617.69425923,0.0,0,147355685.27923608,0.0,0,10951.0
2018-03-02,157240617.69425923,0.0,0,147355685.27923608,0.0,0,11086.40039
2018-03-03,157240617.69425923,0.0,0,147355685.27923608,0.0,0,11489.7002
2018-03-04,157240617.69425923,0.0,0,147355685.27923608,0.0,0,11512.59961
2018-03-05,157240617.69425923,0.0,0,147355685.27923608,0.0,0,11573.2998
2018-03-06,157240617.69425923,0.0,0,147355685.27923608,0.0,0,10779.90039
2018-03-07,157240617.69425923,0.0,0,147355685.27923608,0.0,0,9965.570312
2018-03-08,157240617.69425923,0.0,0,147355685.27923608,0.0,0,9395.009766
2018-03-09,157240617.69425923,0.0,0,147355685.27923608,0.0,0,9337.549805
2018-03-10,157240617.69425923,0.0,0,147355685.27923608,0.0,0,8866.0
2018-03-11,157240617.69425923,0.0,0,147355685.27923608,0.0,0,9578.629883
2018-03-12,157240617.69425923,0.0,0,147355685.27923608,0.0,0,9205.120117
2018-03-13,157240617.69425923,0.0,0,147355685.27923608,0.0,0,9194.849609
2018-03-14,157240617.69425923,0.0,0,147355685.27923608,0.0,0,8269.80957
2018-03-15,157240617.69425923,0.0,0,147355685.27923608,0.0,0,8300.860352
2018-03-16,157240617.69425923,0.0,0,147355685.27923608,0.0,0,8338.349609
2018-03-17,157240617.69425923,0.0,0,147355685.27923608,0.0,0,7916.879883
2018-03-18,157240617.69425923,0.0,0,147355685.27923608,0.0,0,8223.679688
2018-03-19,157240617.69425923,0.0,0,147355685.27923608,0.0,0,8630.650391
2018-03-20,157240617.69425923,0.0,0,147355685.27923608,0.0,0,8913.469727
2018-03-21,157240617.69425923,0.0,0,147355685.27923608,0.0,0,8929.280273
2018-03-22,157240617.69425923,0.0,0,147355685.27923608,0.0,0,8728.469727
2018-03-23,157240617.69425923,0.0,0,147355685.27923608,0.0,0,8879.620117
2018-03-24,157240617.69425923,0.0,0,147355685.27923608,0.0,0,8668.120117
2018-03-25,157240617.69425923,0.0,0,147355685.27923608,0.0,0,8495.780273
2018-03-26,157240617.69425923,0.0,0,147355685.27923608,0.0,0,8209.400391
2018-03-27,157240617.69425923,0.0,0,147355685.27923608,0.0,0,7833.040039
2018-03-28,157240617.69425923,0.0,0,147355685.27923608,0.0,0,7954.47998
2018-03-29,157240617.69425923,0.0,0,147355685.27923608,0.0,0,7165.700195
2018-03-30,157240617.69425923,0.0,0,147355685.27923608,0.0,0,6890.52002
2018-03-31,157240617.69425923,0.0,0,147355685.27923608,0.0,0,6973.529785
2018-04-01,157240617.69425923,0.0,0,147355685.27923608,0.0,0,6844.22998
2018-04-02,157240617.69425923,0.0,0,147355685.27923608,0.0,0,7083.799805
2018-04-03,157240617.69425923,0.0,0,147355685.27923608,0.0,0,7456.109863
2018-04-04,157240617.69425923,0.0,0,147355685.27923608,0.0,0,6853.839844
2018-04-05,157240617.69425923,0.0,0,147355685.27923608,0.0,0,6811.470215
2018-04-06,157240617.69425923,0.0,0,147355685.27923608,0.0,0,6636.319824
2018-04-07,157240617.69425923,0.0,0,147355685.27923608,0.0,0,6911.089844
2018-04-08,157240617.69425923,0.0,0,147355685.27923608,0.0,0,7023.52002
2018-04-09,157240617.69425923,0.0,0,147355685.27923608,0.0,0,6770.72998
2018-04-10,157240617.69425923,0.0,0,147355685.27923608,0.0,0,6834.759766
2018-04-11,157240617.69425923,0.0,0,147355685.27923608,0.0,0,6968.319824
2018-04-12,157240617.69425923,0.0,0,147355685.27923608,0.0,0,7889.25
2018-04-13,157240617.69425923,0.0,0,147355685.27923608,0.0,0,7895.959961
2018-04-14,157240617.69425923,0.0,0,147355685.27923608,0.0,0,7986.240234
2018-04-15,157240617.69425923,0.0,0,147355685.27923608,0.0,0,8329.110352
2018-04-16,157240617.69425923,0.0,0,147355685.27923608,0.0,0,8058.669922
2018-04-17,157240617.69425923,0.0,0,147355685.27923608,0.0,0,7902.089844
2018-04-18,157240617.69425923,0.0,0,147355685.27923608,0.0,0,8163.419922
2018-04-19,157240617.69425923,0.0,0,147355685.27923608,0.0,0,8294.30957
2018-04-20,157240617.69425923,0.0,0,147355685.27923608,0.0,0,8845.830078
2018-04-21,157240617.69425923,0.0,0,147355685.27923608,0.0,0,8895.580078
2018-04-22,157240617.69425923,0.0,0,147355685.27923608,0.0,0,8802.459961
2018-04-23,157240617.69425923,0.0,0,147355685.27923608,0.0,0,8930.879883
2018-04-24,157240617.69425923,0.0,0,147355685.27923608,0.0,0,9697.5
2018-04-25,157240617.69425923,0.0,0,147355685.27923608,0.0,0,8845.740234
2018-04-26,157240617.69425923,0.0,0,147355685.27923608,0.0,0,9281.509766
2018-04-27,157240617.69425923,0.0,0,147355685.27923608,0.0,0,8987.049805
2018-04-28,157240617.69425923,0.0,0,147355685.27923608,0.0,0,9348.480469
2018-04-29,157240617.69425923,0.0,0,147355685.27923608,0.0,0,9419.080078
2018-04-30,157240617.69425923,0.0,0,147355685.27923608,0.0,0,9240.549805
2018-05-01,157240617.69425923,0.0,0,147355685.27923608,0.0,0,9119.009766
2018-05-02,157240617.69425923,0.0,0,147355685.27923608,0.0,0,9235.919922
2018-05-03,157240617.69425923,0.0,0,147355685.27923608,0.0,0,9743.860352
2018-05-04,157240617.69425923,0.0,0,147355685.27923608,0.0,0,9700.759766
2018-05-05,157240617.69425923,0.0,0,147355685.27923608,0.0,0,9858.150391
2018-05-06,157240617.69425923,0.0,0,147355685.27923608,0.0,0,9654.799805
2018-05-07,157240617.69425923,0.0,0,147355685.27923608,0.0,0,9373.009766
2018-05-08,157240617.69425923,0.0,0,147355685.27923608,0.0,0,9234.820312
2018-05-09,157240617.69425923,0.0,0,147355685.27923608,0.0,0,9325.179688
2018-05-10,157240617.69425923,0.0,0,147355685.27923608,0.0,0,9043.94043
2018-05-11,157240617.69425923,0.0,0,147355685.27923608,0.0,0,8441.490234
2018-05-12,157240617.69425923,0.0,0,147355685.27923608,0.0,0,8504.889648
2018-05-13,157240617.69425923,0.0,0,147355685.27923608,0.0,0,8723.94043
2018-05-14,157240617.69425923,0.0,0,147355685.27923608,0.0,0,8716.790039
2018-05-15,157240617.69425923,0.0,0,147355685.27923608,0.0,0,8510.379883
2018-05-16,157240617.69425923,0.0,0,147355685.27923608,0.0,0,8368.830078
2018-05-17,157240617.69425923,0.0,0,147355685.27923608,0.0,0,8094.319824
2018-05-18,157240617.69425923,0.0,0,147355685.27923608,0.0,0,8250.969727
2018-05-19,157240617.69425923,0.0,0,147355685.27923608,0.0,0,8247.179688
2018-05-20,157240617.69425923,0.0,0,147355685.27923608,0.0,0,8513.25
2018-05-21,157240617.69425923,0.0,0,147355685.27923608,0.0,0,8418.990234
2018-05-22,157240617.69425923,0.0,0,147355685.27923608,0.0,0,8041.779785
2018-05-23,157240617.69425923,0.0,0,147355685.27923608,0.0,0,7557.819824
2018-05-24,157240617.69425923,0.0,0,147355685.27923608,0.0,0,7587.339844
2018-05-25,157240617.69425923,0.0,0,147355685.27923608,0.0,0,7480.140137
2018-05-26,157240617.69425923,0.0,0,147355685.27923608,0.0,0,7355.879883
2018-05-27,157240617.69425923,0.0,0,147355685.27923608,0.0,0,7368.220215
2018-05-28,157240617.69425923,0.0,0,147355685.27923608,0.0,0,7135.990234
2018-05-29,157240617.69425923,0.0,0,147355685.27923608,0.0,0,7472.589844
2018-05-30,157240617.69425923,0.0,0,147355685.27923608,0.0,0,7406.52002
2018-05-31,157240617.69425923,0.0,0,147355685.27923608,0.0,0,7494.169922
2018-06-01,157240617.69425923,0.0,0,147355685.27923608,0.0,0,7541.450195
2018-06-02,157240617.69425923,0.0,0,147355685.27923608,0.0,0,7643.450195
2018-06-03,157240617.69425923,0.0,0,147355685.27923608,0.0,0,7720.25
2018-06-04,157240617.69425923,0.0,0,147355685.27923608,0.0,0,7514.470215
2018-06-05,157240617.69425923,0.0,0,147355685.27923608,0.0,0,7633.759766
2018-06-06,157240617.69425923,0.0,0,147355685.27923608,0.0,0,7653.97998
2018-06-07,157240617.69425923,0.0,0,147355685.27923608,0.0,0,7678.240234
2018-06-08,157240617.69425923,0.0,0,147355685.27923608,0.0,0,7624.919922
2018-06-09,157240617.69425923,0.0,0,147355685.27923608,0.0,0,7531.97998
2018-06-10,157240617.69425923,0.0,0,147355685.27923608,0.0,0,6786.02002
2018-06-11,157240617.69425923,0.0,0,147355685.27923608,0.0,0,6906.919922
2018-06-12,157240617.69425923,0.0,0,147355685.27923608,0.0,0,6582.359863
2018-06-13,157240617.69425923,0.0,0,147355685.27923608,0.0,0,6349.899902
2018-06-14,157240617.69425923,0.0,0,147355685.27923608,0.0,0,6675.350098
2018-06-15,157240617.69425923,0.0,0,147355685.27923608,0.0,0,6456.580078
2018-06-16,157240617.69425923,0.0,0,147355685.27923608,0.0,0,6550.160156
2018-06-17,157240617.69425923,0.0,0,147355685.27923608,0.0,0,6499.27002
2018-06-18,157240617.69425923,0.0,0,147355685.27923608,0.0,0,6734.819824
2018-06-19,157240617.69425923,0.0,0,147355685.27923608,0.0,0,6769.939941
2018-06-20,157240617.69425923,0.0,0,147355685.27923608,0.0,0,6776.549805
2018-06-21,157240617.69425923,0.0,0,147355685.27923608,0.0,0,6729.740234
2018-06-22,157240617.69425923,0.0,0,147355685.27923608,0.0,0,6083.689941
2018-06-23,157240617.69425923,0.0,0,147355685.27923608,0.0,0,6162.47998
2018-06-24,157240617.69425923,0.0,0,147355685.27923608,0.0,0,6173.22998
2018-06-25,157240617.69425923,0.0,0,147355685.27923608,0.0,0,6249.180176
2018-06-26,157240617.69425923,0.0,0,147355685.27923608,0.0,0,6093.669922
2018-06-27,157240617.69425923,0.0,0,147355685.27923608,0.0,0,6157.129883
2018-06-28,157240617.69425923,0.0,0,147355685.27923608,0.0,0,5903.439941
2018-06-29,157240617.69425923,0.0,0,147355685.27923608,0.0,0,6218.299805
2018-06-30,157240617.69425923,0.0,0,147355685.27923608,0.0,0,6404.0
2018-07-01,157240617.69425923,0.0,0,147355685.27923608,0.0,0,6385.819824
2018-07-02,157240617.69425923,0.0,0,147355685.27923608,0.0,0,6614.180176
2018-07-03,157240617.69425923,0.0,0,147355685.27923608,0.0,0,6529.589844
2018-07-04,157240617.69425923,0.0,0,147355685.27923608,0.0,0,6597.549805
2018-07-05,157240617.69425923,0.0,0,147355685.27923608,0.0,0,6639.140137
2018-07-06,157240617.69425923,0.0,0,147355685.27923608,0.0,0,6673.5
2018-07-07,157240617.69425923,0.0,0,147355685.27923608,0.0,0,6856.930176
2018-07-08,157240617.69425923,0.0,0,147355685.27923608,0.0,0,6773.879883
2018-07-09,157240617.69425923,0.0,0,147355685.27923608,0.0,0,6741.75
2018-07-10,157240617.69425923,0.0,0,147355685.27923608,0.0,0,6329.950195
2018-07-11,157240617.69425923,0.0,0,147355685.27923608,0.0,0,6394.709961
2018-07-12,157240617.69425923,0.0,0,147355685.27923608,0.0,0,6228.810059
2018-07-13,157240617.69425923,0.0,0,147355685.27923608,0.0,0,6238.049805
2018-07-14,157240617.69425923,0.0,0,147355685.27923608,0.0,0,6276.120117
2018-07-15,157240617.69425923,0.0,0,147355685.27923608,0.0,0,6359.640137
2018-07-16,157240617.69425923,0.0,0,147355685.27923608,0.0,0,6741.75
2018-07-17,157240617.69425923,0.0,0,147355685.27923608,0.0,0,7321.040039
2018-07-18,157240617.69425923,0.0,0,147355685.27923608,0.0,0,7370.779785
2018-07-19,157240617.69425923,0.0,0,147355685.27923608,0.0,0,7466.859863
2018-07-20,157240617.69425923,0.0,0,147355685.27923608,0.0,0,7354.129883
2018-07-21,157240617.69425923,0.0,0,147355685.27923608,0.0,0,7419.290039
2018-07-22,157240617.69425923,0.0,0,147355685.27923608,0.0,0,7418.490234
2018-07-23,157240617.69425923,0.0,0,147355685.27923608,0.0,0,7711.109863
2018-07-24,157240617.69425923,0.0,0,147355685.27923608,0.0,0,8424.269531
2018-07-25,157240617.69425923,0.0,0,147355685.27923608,0.0,0,8181.390137
2018-07-26,157240617.69425923,0.0,0,147355685.27923608,0.0,0,7951.580078
2018-07-27,157240617.69425923,0.0,0,147355685.27923608,0.0,0,8165.009766
2018-07-28,157240617.69425923,0.0,0,147355685.27923608,0.0,0,8192.150391
2018-07-29,157240617.69425923,0.0,0,147355685.27923608,0.0,0,8218.459961
2018-07-30,157240617.69425923,0.0,0,147355685.27923608,0.0,0,8180.47998
2018-07-31,157240617.69425923,0.0,0,147355685.27923608,0.0,0,7780.439941
2018-08-01,157240617.69425923,0.0,0,147355685.27923608,0.0,0,7624.910156
2018-08-02,157240617.69425923,0.0,0,147355685.27923608,0.0,0,7567.149902
2018-08-03,157240617.69425923,0.0,0,147355685.27923608,0.0,0,7434.390137
2018-08-04,157240617.69425923,0.0,0,147355685.27923608,0.0,0,7032.850098
2018-08-05,157240617.69425923,0.0,0,147355685.27923608,0.0,0,7068.47998
2018-08-06,157240617.69425923,0.0,0,147355685.27923608,0.0,0,6951.799805
2018-08-07,157240617.69425923,0.0,0,147355685.27923608,0.0,0,6753.120117
2018-08-08,157240617.69425923,0.0,0,147355685.27923608,0.0,0,6305.799805
2018-08-09,157240617.69425923,0.0,0,147355685.27923608,0.0,0,6568.22998
2018-08-10,157240617.69425923,0.0,0,147355685.27923608,0.0,0,6184.709961
2018-08-11,157240617.69425923,0.0,0,147355685.27923608,0.0,0,6295.72998
2018-08-12,157240617.69425923,0.0,0,147355685.27923608,0.0,0,6322.689941
2018-08-13,157240617.69425923,0.0,0,147355685.27923608,0.0,0,6297.569824
2018-08-14,157240617.69425923,0.0,0,147355685.27923608,0.0,0,6199.709961
2018-08-15,157240617.69425923,0.0,0,147355685.27923608,0.0,0,6308.52002
2018-08-16,157240617.69425923,0.0,0,147355685.27923608,0.0,0,6334.72998
2018-08-17,157240617.69425923,0.0,0,147355685.27923608,0.0,0,6580.629883
2018-08-18,157240617.69425923,0.0,0,147355685.27923608,0.0,0,6423.759766
2018-08-19,157240617.69425923,0.0,0,147355685.27923608,0.0,0,6506.069824
2018-08-20,157240617.69425923,0.0,0,147355685.27923608,0.0,0,6308.529785
2018-08-21,157240617.69425923,0.0,0,147355685.27923608,0.0,0,6488.759766
2018-08-22,157240617.69425923,0.0,0,147355685.27923608,0.0,0,6376.709961
2018-08-23,157240617.69425923,0.0,0,147355685.27923608,0.0,0,6534.879883
2018-08-24,157240617.69425923,0.0,0,147355685.27923608,0.0,0,6719.959961
2018-08-25,157240617.69425923,0.0,0,147355685.27923608,0.0,0,6763.189941
2018-08-26,157240617.69425923,0.0,0,147355685.27923608,0.0,0,6707.259766
2018-08-27,157240617.69425923,0.0,0,147355685.27923608,0.0,0,6884.640137
2018-08-28,157240617.69425923,0.0,0,147355685.27923608,0.0,0,7096.279785
2018-08-29,157240617.69425923,0.0,0,147355685.27923608,0.0,0,7047.160156
2018-08-30,157240617.69425923,0.0,0,147355685.27923608,0.0,0,6978.22998
2018-08-31,157240617.69425923,0.0,0,147355685.27923608,0.0,0,7037.580078
2018-09-01,157240617.69425923,0.0,0,147355685.27923608,0.0,0,7193.25
2018-09-02,157240617.69425923,0.0,0,147355685.27923608,0.0,0,7272.720215
2018-09-03,157240617.69425923,0.0,0,147355685.27923608,0.0,0,7260.060059
2018-09-04,157240617.69425923,0.0,0,147355685.27923608,0.0,0,7361.660156
2018-09-05,157240617.69425923,0.0,0,147355685.27923608,0.0,0,6792.830078
2018-09-06,157240617.69425923,0.0,0,147355685.27923608,0.0,0,6529.169922
2018-09-07,157240617.69425923,0.0,0,147355685.27923608,0.0,0,6467.069824
2018-09-08,157240617.69425923,0.0,0,147355685.27923608,0.0,0,6225.97998
2018-09-09,157240617.69425923,0.0,0,147355685.27923608,0.0,0,6300.859863
2018-09-10,157240617.69425923,0.0,0,147355685.27923608,0.0,0,6329.700195
2018-09-11,157240617.69425923,0.0,0,147355685.27923608,0.0,0,6321.200195
2018-09-12,157240617.69425923,0.0,0,147355685.27923608,0.0,0,6351.799805
2018-09-13,157240617.69425923,0.0,0,147355685.27923608,0.0,0,6517.310059
2018-09-14,157240617.69425923,0.0,0,147355685.27923608,0.0,0,6512.709961
2018-09-15,157240617.69425923,0.0,0,147355685.27923608,0.0,0,6543.200195
2018-09-16,157240617.69425923,0.0,0,147355685.27923608,0.0,0,6517.180176
2018-09-17,157240617.69425923,0.0,0,147355685.27923608,0.0,0,6281.200195
2018-09-18,157240617.69425923,0.0,0,147355685.27923608,0.0,0,6371.299805
2018-09-19,157240617.69425923,0.0,0,147355685.27923608,0.0,0,6398.540039
2018-09-20,157240617.69425923,0.0,0,147355685.27923608,0.0,0,6519.669922
2018-09-21,157240617.69425923,0.0,0,147355685.27923608,0.0,0,6734.950195
2018-09-22,157240617.69425923,0.0,0,147355685.27923608,0.0,0,6721.97998
2018-09-23,157240617.69425923,0.0,0,147355685.27923608,0.0,0,6710.629883
2018-09-24,157240617.69425923,0.0,0,147355685.27923608,0.0,0,6595.410156
2018-09-25,157240617.69425923,0.0,0,147355685.27923608,0.0,0,6446.470215
2018-09-26,157240617.69425923,0.0,0,147355685.27923608,0.0,0,6495.0
2018-09-27,157240617.69425923,0.0,0,147355685.27923608,0.0,0,6676.75
2018-09-28,157240617.69425923,0.0,0,147355685.27923608,0.0,0,6644.129883
2018-09-29,157240617.69425923,0.0,0,147355685.27923608,0.0,0,6601.959961
2018-09-30,157240617.69425923,0.0,0,147355685.27923608,0.0,0,6625.560059
2018-10-01,157240617.69425923,0.0,0,147355685.27923608,0.0,0,6589.620117
2018-10-02,157240617.69425923,0.0,0,147355685.27923608,0.0,0,6556.100098
2018-10-03,157240617.69425923,0.0,0,147355685.27923608,0.0,0,6502.589844
2018-10-04,157240617.69425923,0.0,0,147355685.27923608,0.0,0,6576.689941
2018-10-05,157240617.69425923,0.0,0,147355685.27923608,0.0,0,6622.47998
2018-10-06,157240617.69425923,0.0,0,147355685.27923608,0.0,0,6588.310059
2018-10-07,157240617.69425923,0.0,0,147355685.27923608,0.0,0,6602.950195
2018-10-08,157240617.69425923,0.0,0,147355685.27923608,0.0,0,6652.22998
2018-10-09,157240617.69425923,0.0,0,147355685.27923608,0.0,0,6642.640137
2018-10-10,157240617.69425923,0.0,0,147355685.27923608,0.0,0,6585.529785
2018-10-11,157240617.69425923,0.0,0,147355685.27923608,0.0,0,6256.240234
2018-10-12,157240617.69425923,0.0,0,147355685.27923608,0.0,0,6274.580078
2018-10-13,157240617.69425923,0.0,0,147355685.27923608,0.0,0,6285.990234
2018-10-14,157240617.69425923,0.0,0,147355685.27923608,0.0,0,6290.930176
2018-10-15,157240617.69425923,0.0,0,147355685.27923608,0.0,0,6596.540039
2018-10-16,157240617.69425923,0.0,0,147355685.27923608,0.0,0,6596.109863
2018-10-17,157240617.69425923,0.0,0,147355685.27923608,0.0,0,6544.430176
2018-10-18,157240617.69425923,0.0,0,147355685.27923608,0.0,0,6476.709961
2018-10-19,157240617.69425923,0.0,0,147355685.27923608,0.0,0,6465.410156
2018-10-20,157240617.69425923,0.0,0,147355685.27923608,0.0,0,6489.189941
2018-10-21,157240617.69425923,0.0,0,147355685.27923608,0.0,0,6482.350098
2018-10-22,157240617.69425923,0.0,0,147355685.27923608,0.0,0,6487.160156
2018-10-23,157240617.69425923,0.0,0,147355685.27923608,0.0,0,6475.740234
2018-10-24,157240617.69425923,0.0,0,147355685.27923608,0.0,0,6495.839844
2018-10-25,157240617.69425923,0.0,0,147355685.27923608,0.0,0,6476.290039
2018-10-26,157240617.69425923,0.0,0,147355685.27923608,0.0,0,6474.75
2018-10-27,157240617.69425923,0.0,0,147355685.27923608,0.0,0,6480.379883
2018-10-28,157240617.69425923,0.0,0,147355685.27923608,0.0,0,6486.390137
2018-10-29,157240617.69425923,0.0,0,147355685.27923608,0.0,0,6332.629883
2018-10-30,157240617.69425923,0.0,0,147355685.27923608,0.0,0,6334.27002
2018-10-31,157240617.69425923,0.0,0,147355685.27923608,0.0,0,6317.609863
2018-11-01,157240617.69425923,0.0,0,147355685.27923608,0.0,0,6377.779785
2018-11-02,157240617.69425923,0.0,0,147355685.27923608,0.0,0,6388.439941
2018-11-03,157240617.69425923,0.0,0,147355685.27923608,0.0,0,6361.259766
2018-11-04,157240617.69425923,0.0,0,147355685.27923608,0.0,0,6376.129883
2018-11-05,157240617.69425923,0.0,0,147355685.27923608,0.0,0,6419.660156
2018-11-06,157240617.69425923,0.0,0,147355685.27923608,0.0,0,6461.009766
2018-11-07,157240617.69425923,0.0,0,147355685.27923608,0.0,0,6530.140137
2018-11-08,157240617.69425923,0.0,0,147355685.27923608,0.0,0,6453.720215
2018-11-09,157240617.69425923,0.0,0,147355685.27923608,0.0,0,6385.620117
2018-11-10,157240617.69425923,0.0,0,147355685.27923608,0.0,0,6409.220215
2018-11-11,157240617.69425923,0.0,0,147355685.27923608,0.0,0,6411.27002
2018-11-12,157240617.69425923,0.0,0,147355685.27923608,0.0,0,6371.27002
2018-11-13,157240617.69425923,0.0,0,147355685.27923608,0.0,0,6359.490234
2018-11-14,157240617.69425923,0.0,0,147355685.27923608,0.0,0,5738.350098
2018-11-15,157240617.69425923,0.0,0,147355685.27923608,0.0,0,5648.029785
2018-11-16,157240617.69425923,0.0,0,147355685.27923608,0.0,0,5575.549805
2018-11-17,157240617.69425923,0.0,0,147355685.27923608,0.0,0,5554.330078
2018-11-18,157240617.69425923,0.0,0,147355685.27923608,0.0,0,5623.540039
2018-11-19,157240617.69425923,0.0,0,147355685.27923608,0.0,0,4871.490234
2018-11-20,157240617.69425923,0.0,0,147355685.27923608,0.0,0,4451.870117
2018-11-21,157240617.69425923,0.0,0,147355685.27923608,0.0,0,4602.169922
2018-11-22,157240617.69425923,0.0,0,147355685.27923608,0.0,0,4365.939941
2018-11-23,157240617.69425923,0.0,0,147355685.27923608,0.0,0,4347.109863
2018-11-24,157240617.69425923,0.0,0,147355685.27923608,0.0,0,3880.76001
2018-11-25,157240617.69425923,0.0,0,147355685.27923608,0.0,0,4009.969971
2018-11-26,157240617.69425923,0.0,0,147355685.27923608,0.0,0,3779.129883
2018-11-27,157240617.69425923,0.0,0,147355685.27923608,0.0,0,3820.719971
2018-11-28,157240617.69425923,0.0,0,147355685.27923608,0.0,0,4257.419922
2018-11-29,157240617.69425923,0.0,0,147355685.27923608,0.0,0,4278.84668
2018-11-30,157240617.69425923,0.0,0,147355685.27923608,0.0,0,4017.268555
2018-12-01,157240617.69425923,0.0,0,147355685.27923608,0.0,0,4214.671875
2018-12-02,157240617.69425923,0.0,0,147355685.27923608,0.0,0,4139.87793
2018-12-03,157240617.69425923,0.0,0,147355685.27923608,0.0,0,3894.130859
2018-12-04,157240617.69425923,0.0,0,147355685.27923608,0.0,0,3956.893799
2018-12-05,157240617.69425923,0.0,0,147355685.27923608,0.0,0,3753.994873
2018-12-06,157240617.69425923,0.0,0,147355685.27923608,0.0,0,3521.101807
2018-12-07,157240617.69425923,0.0,0,147355685.27923608,0.0,0,3419.937256
2018-12-08,157240617.69425923,0.0,0,147355685.27923608,0.0,0,3476.114746
2018-12-09,157240617.69425923,0.0,0,147355685.27923608,0.0,0,3614.234375
2018-12-10,157240617.69425923,0.0,0,147355685.27923608,0.0,0,3502.656006
2018-12-11,157240617.69425923,0.0,0,147355685.27923608,0.0,0,3424.588135
2018-12-12,157240617.69425923,0.0,0,147355685.27923608,0.0,0,3486.950195
2018-12-13,157240617.69425923,0.0,0,147355685.27923608,0.0,0,3313.677246
2018-12-14,157240617.69425923,0.0,0,147355685.27923608,0.0,0,3242.484863
2018-12-15,157240617.69425923,0.0,0,147355685.27923608,0.0,0,3236.761719
2018-12-16,157240617.69425923,0.0,0,147355685.27923608,0.0,0,3252.839111
2018-12-17,157240617.69425923,0.0,0,147355685.27923608,0.0,0,3545.864746
2018-12-18,157240617.69425923,0.0,0,147355685.27923608,0.0,0,3696.059082
2018-12-19,157240617.69425923,0.0,0,147355685.27923608,0.0,0,3745.950684
2018-12-20,157240617.69425923,0.0,0,147355685.27923608,0.0,0,4134.441406
2018-12-21,157240617.69425923,0.0,0,147355685.27923608,0.0,0,3896.543701
2018-12-22,157240617.69425923,0.0,0,147355685.27923608,0.0,0,4014.182617
2018-12-23,157240617.69425923,0.0,0,147355685.27923608,0.0,0,3998.980225
2018-12-24,157240617.69425923,0.0,0,147355685.27923608,0.0,0,4078.599121
2018-12-25,157240617.69425923,0.0,0,147355685.27923608,0.0,0,3815.490723
2018-12-26,157240617.69425923,0.0,0,147355685.27923608,0.0,0,3857.297607
2018-12-27,157240617.69425923,0.0,0,147355685.27923608,0.0,0,3654.833496
2018-12-28,157240617.69425923,0.0,0,147355685.27923608,0.0,0,3923.918701
2018-12-29,157240617.69425923,0.0,0,147355685.27923608,0.0,0,3820.408691
2018-12-30,157240617.69425923,0.0,0,147355685.27923608,0.0,0,3865.952637
2018-12-31,157240617.69425923,0.0,0,147355685.27923608,0.0,0,3742.700439
2019-01-01,157240617.69425923,0.0,0,147355685.27923608,0.0,0,3843.52002
2019-01-02,157240617.69425923,0.0,0,147355685.27923608,0.0,0,3943.409424
2019-01-03,157240617.69425923,0.0,0,147355685.27923608,0.0,0,3836.741211
2019-01-04,157240617.69425923,0.0,0,147355685.27923608,0.0,0,3857.717529
2019-01-05,157240617.69425923,0.0,0,147355685.27923608,0.0,0,3845.19458
2019-01-06,157240617.69425923,0.0,0,147355685.27923608,0.0,0,4076.632568
2019-01-07,157240617.69425923,0.0,0,147355685.27923608,0.0,0,4025.248291
2019-01-08,157240617.69425923,0.0,0,147355685.27923608,0.0,0,4030.8479
2019-01-09,157240617.69425923,0.0,0,147355685.27923608,0.0,0,4035.296387
2019-01-10,157240617.69425923,0.0,0,147355685.27923608,0.0,0,3678.924561
2019-01-11,157240617.69425923,0.0,0,147355685.27923608,0.0,0,3687.365479
2019-01-12,157240617.69425923,0.0,0,147355685.27923608,0.0,0,3661.301025
2019-01-13,157240617.69425923,0.0,0,147355685.27923608,0.0,0,3552.953125
2019-01-14,157240617.69425923,0.0,0,147355685.27923608,0.0,0,3706.052246
2019-01-15,157240617.69425923,0.0,0,147355685.27923608,0.0,0,3630.675293
2019-01-16,157240617.69425923,0.0,0,147355685.27923608,0.0,0,3655.006836
2019-01-17,157240617.69425923,0.0,0,147355685.27923608,0.0,0,3678.563965
2019-01-18,157240617.69425923,0.0,0,147355685.27923608,0.0,0,3657.839355
2019-01-19,157240617.69425923,0.0,0,147355685.27923608,0.0,0,3728.568359
2019-01-20,157240617.69425923,0.0,0,147355685.27923608,0.0,0,3601.013672
2019-01-21,157240617.69425923,0.0,0,147355685.27923608,0.0,0,3576.032471
2019-01-22,157240617.69425923,0.0,0,147355685.27923608,0.0,0,3604.577148
2019-01-23,157240617.69425923,0.0,0,147355685.27923608,0.0,0,3585.123047
2019-01-24,157240617.69425923,0.0,0,147355685.27923608,0.0,0,3600.865479
2019-01-25,157240617.69425923,0.0,0,147355685.27923608,0.0,0,3599.765869
2019-01-26,157240617.69425923,0.0,0,147355685.27923608,0.0,0,3602.460449
2019-01-27,157240617.69425923,0.0,0,147355685.27923608,0.0,0,3583.96582
2019-01-28,157240617.69425923,0.0,0,147355685.27923608,0.0,0,3470.450439
2019-01-29,157240617.69425923,0.0,0,147355685.27923608,0.0,0,3448.116943
2019-01-30,157240617.69425923,0.0,0,147355685.27923608,0.0,0,3486.181641
2019-01-31,157240617.69425923,0.0,0,147355685.27923608,0.0,0,3457.792725
2019-02-01,157240617.69425923,0.0,0,147355685.27923608,0.0,0,3487.945312
2019-02-02,157240617.69425923,0.0,0,147355685.27923608,0.0,0,3521.060791
2019-02-03,157240617.69425923,0.0,0,147355685.27923608,0.0,0,3464.013428
2019-02-04,157240617.69425923,0.0,0,147355685.27923608,0.0,0,3459.154053
2019-02-05,157240617.69425923,0.0,0,147355685.27923608,0.0,0,3466.357422
2019-02-06,157240617.69425923,0.0,0,147355685.27923608,0.0,0,3413.767822
2019-02-07,157240617.69425923,0.0,0,147355685.27923608,0.0,0,3399.47168
2019-02-08,157240617.69425923,0.0,0,147355685.27923608,0.0,0,3666.780273
2019-02-09,157240617.69425923,0.0,0,147355685.27923608,0.0,0,3671.203613
2019-02-10,157240617.69425923,0.0,0,147355685.27923608,0.0,0,3690.188232
2019-02-11,157240617.69425923,0.0,0,147355685.27923608,0.0,0,3648.430664
2019-02-12,157240617.69425923,0.0,0,147355685.27923608,0.0,0,3653.528564
2019-02-13,157240617.69425923,0.0,0,147355685.27923608,0.0,0,3632.070557
2019-02-14,157240617.69425923,0.0,0,147355685.27923608,0.0,0,3616.880859
2019-02-15,157240617.69425923,0.0,0,147355685.27923608,0.0,0,3620.810791
2019-02-16,157240617.69425923,0.0,0,147355685.27923608,0.0,0,3629.787598
2019-02-17,157240617.69425923,0.0,0,147355685.27923608,0.0,0,3673.836182
2019-02-18,157240617.69425923,0.0,0,147355685.27923608,0.0,0,3915.714355
2019-02-19,157240617.69425923,0.0,0,147355685.27923608,0.0,0,3947.094482
2019-02-20,157240617.69425923,0.0,0,147355685.27923608,0.0,0,3999.820557
2019-02-21,157240617.69425923,0.0,0,147355685.27923608,0.0,0,3954.118164
2019-02-22,157240617.69425923,0.0,0,147355685.27923608,0.0,0,4005.526611
2019-02-23,157240617.69425923,0.0,0,147355685.27923608,0.0,0,4142.526855
2019-02-24,157240617.69425923,0.0,0,147355685.27923608,0.0,0,3810.42749
2019-02-25,157240617.69425923,0.0,0,147355685.27923608,0.0,0,3882.696289
2019-02-26,157240617.69425923,0.0,0,147355685.27923608,0.0,0,3854.35791
2019-02-27,157240617.69425923,0.0,0,147355685.27923608,0.0,0,3851.047363
2019-02-28,157240617.69425923,0.0,0,147355685.27923608,0.0,0,3854.7854
2019-03-01,157240617.69425923,0.0,0,147355685.27923608,0.0,0,3859.58374
2019-03-02,157240617.69425923,0.0,0,147355685.27923608,0.0,0,3864.415039
2019-03-03,157240617.69425923,0.0,0,147355685.27923608,0.0,0,3847.175781
2019-03-04,157240617.69425923,0.0,0,147355685.27923608,0.0,0,3761.557129
2019-03-05,157240617.69425923,0.0,0,147355685.27923608,0.0,0,3896.375
2019-03-06,157240617.69425923,0.0,0,147355685.27923608,0.0,0,3903.942627
2019-03-07,157240617.69425923,0.0,0,147355685.27923608,0.0,0,3911.484375
2019-03-08,157240617.69425923,0.0,0,147355685.27923608,0.0,0,3901.131592
2019-03-09,157240617.69425923,0.0,0,147355685.27923608,0.0,0,3963.313721
2019-03-10,157240617.69425923,0.0,0,147355685.27923608,0.0,0,3951.599854
2019-03-11,157240617.69425923,0.0,0,147355685.27923608,0.0,0,3905.227295
2019-03-12,157240617.69425923,0.0,0,147355685.27923608,0.0,0,3909.15625
2019-03-13,157240617.69425923,0.0,0,147355685.27923608,0.0,0,3906.717285
2019-03-14,157240617.69425923,0.0,0,147355685.27923608,0.0,0,3924.369141
2019-03-15,157240617.69425923,0.0,0,147355685.27923608,0.0,0,3960.911133
2019-03-16,157240617.69425923,0.0,0,147355685.27923608,0.0,0,4048.72583
2019-03-17,157240617.69425923,0.0,0,147355685.27923608,0.0,0,4025.229004
2019-03-18,157240617.69425923,0.0,0,147355685.27923608,0.0,0,4032.507324
2019-03-19,157240617.69425923,0.0,0,147355685.27923608,0.0,0,4071.190186
2019-03-20,157240617.69425923,0.0,0,147355685.27923608,0.0,0,4087.476318
2019-03-21,157240617.69425923,0.0,0,147355685.27923608,0.0,0,4029.326904
2019-03-22,157240617.69425923,0.0,0,147355685.27923608,0.0,0,4023.968262
2019-03-23,157240617.69425923,0.0,0,147355685.27923608,0.0,0,4035.826416
2019-03-24,157240617.69425923,0.0,0,147355685.27923608,0.0,0,4022.168213
2019-03-25,157240617.69425923,0.0,0,147355685.27923608,0.0,0,3963.070557
2019-03-26,157240617.69425923,0.0,0,147355685.27923608,0.0,0,3985.080811
2019-03-27,157240617.69425923,0.0,0,147355685.27923608,0.0,0,4087.066162
2019-03-28,157240617.69425923,0.0,0,147355685.27923608,0.0,0,4069.107178
2019-03-29,157240617.69425923,0.0,0,147355685.27923608,0.0,0,4098.374512
2019-03-30,157240617.69425923,0.0,0,147355685.27923608,0.0,0,4106.660156
2019-03-31,157240617.69425923,0.0,0,147355685.27923608,0.0,0,4105.404297
2019-04-01,157240617.69425923,0.0,0,147355685.27923608,0.0,0,4158.183105
2019-04-02,157240617.69425923,0.0,0,147355685.27923608,0.0,0,4879.87793
2019-04-03,156850740.41941175,7.2763848459288045,1,146990317.64171088,7.276384845928807,1,4973.021973
2019-04-04,156017917.84085125,0.0,0,146209850.45976162,0.0,0,4922.798828
2019-04-05,156017917.84085125,0.0,0,146209850.45976162,0.0,0,5036.681152
2019-04-06,156017917.84085125,0.0,0,146209850.45976162,0.0,0,5059.817383
2019-04-07,156017917.84085125,0.0,0,146209850.45976162,0.0,0,5198.896973
2019-04-08,156017917.84085125,0.0,0,146209850.45976162,0.0,0,5289.770996
2019-04-09,156017917.84085125,0.0,0,146209850.45976162,0.0,0,5204.958496
2019-04-10,156017917.84085125,0.0,0,146209850.45976162,0.0,0,5324.551758
2019-04-11,156017917.84085125,0.0,0,146209850.45976162,0.0,0,5064.487793
2019-04-12,156017917.84085125,0.0,0,146209850.45976162,0.0,0,5089.539062
2019-04-13,156017917.84085125,0.0,0,146209850.45976162,0.0,0,5096.586426
2019-04-14,156017917.84085125,0.0,0,146209850.45976162,0.0,0,5167.722168
2019-04-15,156017917.84085125,0.0,0,146209850.45976162,0.0,0,5067.108398
2019-04-16,156017917.84085125,0.0,0,146209850.45976162,0.0,0,5235.55957
2019-04-17,156017917.84085125,0.0,0,146209850.45976162,0.0,0,5251.937988
2019-04-18,156017917.84085125,0.0,0,146209850.45976162,0.0,0,5298.385742
2019-04-19,157294736.54248843,8.261665704682219,1,147406401.9457328,8.261665704682217,1,5303.8125
2019-04-20,157577333.70146406,8.426188050834678,1,147671233.63254154,8.426188050834678,1,5337.88623
2019-04-21,157145299.3357672,8.17442720321704,1,147266359.10994697,8.17442720321704,1,5314.53125
2019-04-22,156993596.7014194,8.085696314910416,1,147124193.26265645,8.085696314910416,1,5399.365234
2019-04-23,156445735.89229995,7.763819566404913,1,146610773.72672963,7.763819566404911,1,5572.362305
2019-04-24,156579964.25141448,7.842889140917736,1,146736563.8192087,7.842889140917736,1,5464.866699
2019-04-25,156109562.4332987,7.565193964371897,1,146295733.81433153,7.565193964371897,1,5210.515625
2019-04-26,156442108.37251523,7.761680829124572,1,146607374.25099885,7.76168082912457,1,5279.348145
2019-04-27,156161850.56884465,7.596144184605248,1,146344734.8559093,7.596144184605248,1,5268.291016
2019-04-28,156457989.65818363,7.7710434899866145,1,146622257.15954438,7.7710434899866145,1,5285.13916
2019-04-29,155823889.68035707,7.395732750420738,1,146028019.8807907,7.395732750420738,1,5247.352539
2019-04-30,156048359.42989543,7.528940537747935,1,146238378.33812007,7.528940537747935,1,5350.726562
2019-05-01,155955859.70080048,7.474094583477339,1,146151693.60507333,7.474094583477339,1,5402.697266
2019-05-02,156825721.121521,7.98730577717371,1,146966871.18213856,7.987305777173709,1,5505.283691
2019-05-03,156909450.79999176,8.0364053901239,1,147045337.19384846,8.0364053901239,1,5768.289551
2019-05-04,156450287.00171164,7.766502699538848,1,146615038.73061967,7.766502699538848,1,5831.16748
2019-05-05,156522029.2564828,7.808778148516854,1,146682270.90809584,7.808778148516854,1,5795.708496
2019-05-06,156090197.4323708,7.553726235237747,1,146277586.19430813,7.553726235237745,1,5746.807129
2019-05-07,154664193.4220759,14.294423083021949,2,144941227.93504125,14.294423083021945,2,5829.501465
2019-05-08,155038704.69360155,7.726106434304169,1,145292195.55313957,7.726106434304169,1,5982.45752
2019-05-09,156017009.07008463,8.304709718962085,1,146208998.81887493,8.304709718962087,1,6174.528809
2019-05-10,156657122.10106215,8.679383716549589,1,146808871.14015558,8.679383716549589,1,6378.849121
2019-05-11,156806221.18171486,8.766215857710131,1,146948597.10617033,8.766215857710131,1,7204.771484
2019-05-12,156384358.56690773,8.520103502934274,1,146553254.8872822,8.520103502934273,1,6972.371582
2019-05-13,156155678.66213998,8.386137103515805,1,146338950.94615823,8.386137103515805,1,7814.915039
2019-05-14,159727424.25897372,10.434760957105947,1,149686158.7337027,10.434760957105949,1,7994.416016
2019-05-15,160182881.87269515,10.689427183421493,1,150112984.00168827,10.689427183421493,1,8205.167969
2019-05-16,161583349.59259075,18.883911098047793,2,151425411.30961153,18.88391109804779,2,7884.90918
2019-05-17,159794454.9831044,11.24963918145731,1,149748975.5709416,11.24963918145731,1,7343.895508
2019-05-18,160734506.63627815,11.768693397961233,1,150629930.87105775,11.768693397961233,1,7271.208008
2019-05-19,162371473.20111194,20.09080036590805,2,152163989.52255264,20.09080036590805,2,8197.689453
2019-05-20,165051223.01612175,21.388195556467306,2,154675276.84867775,21.3881955564673,2,7978.309082
2019-05-21,167352209.99730483,22.469058119290896,2,156831612.26889414,22.469058119290892,2,7963.327637
2019-05-22,167794663.25011593,22.673497383115972,2,157246250.69519937,22.67349738311596,2,7680.066406
2019-05-23,170364578.07960004,23.83995186577503,2,159654607.81285092,23.83995186577503,2,7881.84668
2019-05-24,171189246.92714798,24.206837171081492,2,160427433.84813878,24.206837171081492,2,7987.371582
2019-05-25,167498833.61584646,22.536926456055323,2,156969018.39273888,22.53692645605532,2,8052.543945
2019-05-26,166240789.0476733,21.95071654052125,2,155790060.8042141,21.95071654052125,2,8673.21582
2019-05-27,169448302.13198918,38.175450930633346,4,158641874.5610487,30.73477647857379,3,8805.77832
2019-05-28,170145778.28943303,38.42888742111886,4,159411112.75192788,31.06901575658058,3,8719.961914
2019-05-29,168363259.80701822,37.77701333480989,4,157822121.59453958,30.37500199395825,3,8659.487305
2019-05-30,163353934.25044575,35.86891605672212,4,153585763.22365996,28.454534647672773,3,8319.472656
2019-05-31,164491648.6415575,36.31248178010335,4,154308388.5976945,28.78958168646657,3,8574.501953
2019-06-01,163232843.6404054,35.82134185594211,4,153142843.88159192,28.24761103545157,3,8564.016602
2019-06-02,164749180.95675674,36.41203671519445,4,154322793.00700158,28.796228429908222,3,8742.958008
2019-06-03,160360879.4933727,34.67194179168255,4,150929698.36906815,27.195475641518446,3,8208.995117
2019-06-04,157519361.10166454,19.272746537572843,2,148829850.86562297,19.11567597119336,2,7707.770996
2019-06-05,162135254.48777625,21.571002993353563,2,153155566.08514044,21.400167226818304,2,7824.231445
2019-06-06,163197325.7003229,22.0814107441682,2,154150870.18426615,21.90766183684698,2,7822.023438
2019-06-07,164416989.79196593,22.659419777827473,2,155293860.08515802,22.482435068760783,2,8043.951172
2019-06-08,164114165.89564657,22.516710733067924,2,155010073.2149752,22.34051869726458,2,7954.12793
2019-06-09,161866812.76234457,21.44093547104279,2,152903999.95045733,21.270850425924326,2,7688.077148
2019-06-10,164905171.7691241,22.88837728693629,2,155751352.49926814,22.710129386320546,2,8000.32959
2019-06-11,164531161.4493029,30.2564155400732,3,155405440.59972128,30.08106373285247,3,7927.714355
2019-06-12,165614254.06311333,30.712528219603925,3,156420179.58661532,30.53464632520046,3,8145.857422
2019-06-13,179675240.9970842,36.134812503100925,3,169594190.40374058,35.93068800887277,3,8230.923828
2019-06-14,175490865.58746415,34.61202144957108,3,165674065.0207777,34.41470096422646,3,8693.833008
2019-06-15,176776771.40438288,35.08766528731383,3,166882708.44337174,34.889700687312505,3,8838.375
2019-06-16,175531480.31125683,34.6271510131313,3,165714994.3629384,34.43089963807168,3,8994.488281
2019-06-17,181956020.89877436,36.93534900275121,3,171733764.3433311,36.728906290454574,3,9320.352539
2019-06-18,179103875.69745117,35.931074019786756,3,169061427.1840241,35.72878640712975,3,9081.762695
2019-06-19,180047652.9410867,36.26691174594742,3,169946891.9344665,36.06365510320798,3,9273.521484
2019-06-20,179074839.86770183,35.92068565686342,3,169034443.01073515,35.718526335074664,3,9527.160156
2019-06-21,179018949.04238558,35.90067969780996,3,168984464.8777299,35.69951471739179,3,10144.55664
2019-06-22,181624400.3942444,36.82020185657307,3,171428252.5392313,36.616147362446796,3,10701.69141
2019-06-23,180108128.339625,36.28831157919076,3,170003762.17221436,36.0850433071427,3,10855.37109
2019-06-24,181299623.09624946,36.70702255824661,3,171119402.52449667,36.501747104309835,3,11011.10254
2019-06-25,187456006.65910205,38.78567478663327,3,176889439.242187,38.573025368783725,3,11790.91699
2019-06-26,188278710.03745747,39.05315713844439,3,177656741.2232001,38.83832934203942,3,13016.23145
2019-06-27,186152612.0359996,32.38056172715158,2,174270462.7477841,32.413944473667065,2,11182.80664
2019-06-28,200518637.66598254,37.22511181296932,2,187733368.0866665,37.260736906216486,2,12407.33203
2019-06-29,215874294.15035856,41.690440223834926,2,202123691.13008952,41.727498117522366,2,11959.37109
2019-06-30,209446442.5094568,39.90093644904268,2,196099926.42280477,39.937493161130725,2,10817.15527
2019-07-01,212588048.02393144,40.78907456979534,2,199044034.88695854,40.82589222751338,2,10583.13477
2019-07-02,213283042.0100875,40.982016477885615,2,199695338.07182708,41.018887643561165,2,10801.67773
2019-07-03,210992933.8929806,33.90898521749867,1,197549197.6158287,33.93982426767635,1,11961.26953
2019-07-04,210015417.67250425,33.60136475946933,1,196633132.95866776,33.63206640752497,1,11215.4375
2019-07-05,212794936.12906334,34.468660924963864,1,199237916.97006702,34.49974327807396,1,10978.45996
2019-07-06,209853199.95841038,33.55003823773984,1,196481113.06218526,33.580716706593186,1,11208.55078
2019-07-07,206562135.66510946,32.49132001843588,1,193396941.5462711,32.52150418749578,1,11450.84668
2019-07-08,206995517.6687805,32.632661470294806,1,193803078.98757017,32.662913414713266,1,12285.95801
2019-07-09,202483697.48620927,31.13155633739821,1,189574894.40900153,31.161060376876996,1,12573.8125
2019-07-10,202592441.28955004,31.168522259948723,1,189676802.03246498,31.198045462367507,1,12156.5127
2019-07-11,196696150.85208586,29.1051855742177,1,184151181.9302383,29.133581585021073,1,11358.66211
2019-07-12,203716948.0017913,31.548468354229957,1,190730616.62320647,31.578186337738995,1,11815.98633
2019-07-13,203648787.59442294,31.525557909551765,1,190666741.12027374,31.555264260539957,1,11392.37891
2019-07-14,195891019.92028314,28.8138010685786,1,183396665.55950013,28.84202844981788,1,10256.05859
2019-07-15,194698555.57281613,28.37780911163947,1,182279165.49069652,28.40577980950187,1,10895.08984
2019-07-16,183949155.29721504,24.192437359154166,1,172205526.33066773,24.217677630029087,1,9477.641602
2019-07-17,187635697.68724206,25.681854333667907,1,175660314.21028325,25.708121558641654,1,9693.802734
2019-07-18,193698198.51884636,28.007915305585463,1,181341695.88918266,28.035664129577388,1,10666.48242
2019-07-19,192275858.15236557,27.475361457630054,1,180008770.95873863,27.502784221150474,1,10530.73242
2019-07-20,193000594.7575287,27.747698754797007,1,180687946.9926843,27.775289234928614,1,10767.13965
2019-07-21,191091330.88590956,27.025799400340322,1,178898709.0062986,27.052940835801607,1,10599.10547
2019-07-22,188567691.56170085,26.049171003604936,1,176533718.28399378,26.07568210121123,1,10343.10645
2019-07-23,187459261.78362423,25.611906393720425,1,175494969.9508501,25.63812675693182,1,9900.767578
2019-07-24,188155953.07030013,25.887345654622056,1,176147863.73543072,25.91374976944302,1,9811.925781
2019-07-25,187727814.1748882,25.718321633823965,1,175746639.79435724,25.744613236695407,1,9911.841797
2019-07-26,187609489.24297154,0.0,0,175635753.36002573,0.0,0,9870.303711
2019-07-27,187609489.24297154,0.0,0,175635753.36002573,0.0,0,9477.677734
2019-07-28,187609489.24297154,0.0,0,175635753.36002573,0.0,0,9552.860352
2019-07-29,187609489.24297154,0.0,0,175635753.36002573,0.0,0,9519.145508
2019-07-30,187609489.24297154,0.0,0,175635753.36002573,0.0,0,9607.423828
2019-07-31,187609489.24297154,0.0,0,175635753.36002573,0.0,0,10085.62793
2019-08-01,187609489.24297154,0.0,0,175635753.36002573,0.0,0,10399.66895
2019-08-02,187609489.24297154,0.0,0,175635753.36002573,0.0,0,10518.1748
2019-08-03,187609489.24297154,0.0,0,175635753.36002573,0.0,0,10821.72656
2019-08-04,187609489.24297154,0.0,0,175635753.36002573,0.0,0,10970.18457
2019-08-05,187609489.24297154,0.0,0,175635753.36002573,0.0,0,11805.65332
2019-08-06,187609489.24297154,0.0,0,175635753.36002573,0.0,0,11478.16895
2019-08-07,187609489.24297154,0.0,0,175635753.36002573,0.0,0,11941.96875
2019-08-08,187609489.24297154,0.0,0,175635753.36002573,0.0,0,11966.40723
2019-08-09,187609489.24297154,0.0,0,175635753.36002573,0.0,0,11862.93652
2019-08-10,187609489.24297154,0.0,0,175635753.36002573,0.0,0,11354.02441
2019-08-11,187609489.24297154,0.0,0,175635753.36002573,0.0,0,11523.5791
2019-08-12,187609489.24297154,0.0,0,175635753.36002573,0.0,0,11382.61621
2019-08-13,187609489.24297154,0.0,0,175635753.36002573,0.0,0,10895.83008
2019-08-14,187609489.24297154,0.0,0,175635753.36002573,0.0,0,10051.7041
2019-08-15,187609489.24297154,0.0,0,175635753.36002573,0.0,0,10311.5459
2019-08-16,187609489.24297154,0.0,0,175635753.36002573,0.0,0,10374.33887
2019-08-17,187609489.24297154,0.0,0,175635753.36002573,0.0,0,10231.74414
2019-08-18,187609489.24297154,0.0,0,175635753.36002573,0.0,0,10345.81055
2019-08-19,187609489.24297154,0.0,0,175635753.36002573,0.0,0,10916.05371
2019-08-20,187609489.24297154,0.0,0,175635753.36002573,0.0,0,10763.23242
2019-08-21,187609489.24297154,0.0,0,175635753.36002573,0.0,0,10138.0498
2019-08-22,187609489.24297154,0.0,0,175635753.36002573,0.0,0,10131.05566
2019-08-23,187609489.24297154,0.0,0,175635753.36002573,0.0,0,10407.96484
2019-08-24,187609489.24297154,0.0,0,175635753.36002573,0.0,0,10159.96094
2019-08-25,187609489.24297154,0.0,0,175635753.36002573,0.0,0,10138.51758
2019-08-26,187609489.24297154,0.0,0,175635753.36002573,0.0,0,10370.82031
2019-08-27,187609489.24297154,0.0,0,175635753.36002573,0.0,0,10185.5
2019-08-28,187609489.24297154,0.0,0,175635753.36002573,0.0,0,9754.422852
2019-08-29,187609489.24297154,0.0,0,175635753.36002573,0.0,0,9510.200195
2019-08-30,187609489.24297154,0.0,0,175635753.36002573,0.0,0,9598.173828
2019-08-31,187609489.24297154,0.0,0,175635753.36002573,0.0,0,9630.664062
2019-09-01,187609489.24297154,0.0,0,175635753.36002573,0.0,0,9757.970703
2019-09-02,187609489.24297154,0.0,0,175635753.36002573,0.0,0,10346.76074
2019-09-03,187609489.24297154,0.0,0,175635753.36002573,0.0,0,10623.54004
2019-09-04,187609489.24297154,0.0,0,175635753.36002573,0.0,0,10594.49316
2019-09-05,187609489.24297154,0.0,0,175635753.36002573,0.0,0,10575.5332
2019-09-06,187609489.24297154,0.0,0,175635753.36002573,0.0,0,10353.30273
2019-09-07,187609489.24297154,0.0,0,175635753.36002573,0.0,0,10517.25488
2019-09-08,187609489.24297154,0.0,0,175635753.36002573,0.0,0,10441.27637
2019-09-09,187609489.24297154,0.0,0,175635753.36002573,0.0,0,10334.97461
2019-09-10,187609489.24297154,0.0,0,175635753.36002573,0.0,0,10115.97559
2019-09-11,187609489.24297154,0.0,0,175635753.36002573,0.0,0,10178.37207
2019-09-12,187609489.24297154,0.0,0,175635753.36002573,0.0,0,10410.12695
2019-09-13,187609489.24297154,0.0,0,175635753.36002573,0.0,0,10360.54688
2019-09-14,187609489.24297154,0.0,0,175635753.36002573,0.0,0,10358.04883
2019-09-15,187609489.24297154,0.0,0,175635753.36002573,0.0,0,10347.71289
2019-09-16,187609489.24297154,0.0,0,175635753.36002573,0.0,0,10276.79395
2019-09-17,187609489.24297154,0.0,0,175635753.36002573,0.0,0,10241.27246
2019-09-18,187609489.24297154,0.0,0,175635753.36002573,0.0,0,10198.24805
2019-09-19,187609489.24297154,0.0,0,175635753.36002573,0.0,0,10266.41504
2019-09-20,187609489.24297154,0.0,0,175635753.36002573,0.0,0,10181.6416
2019-09-21,187609489.24297154,0.0,0,175635753.36002573,0.0,0,10019.7168
2019-09-22,187609489.24297154,0.0,0,175635753.36002573,0.0,0,10070.39258
2019-09-23,187609489.24297154,0.0,0,175635753.36002573,0.0,0,9729.324219
2019-09-24,187609489.24297154,0.0,0,175635753.36002573,0.0,0,8620.566406
2019-09-25,187609489.24297154,0.0,0,175635753.36002573,0.0,0,8486.993164
2019-09-26,187609489.24297154,0.0,0,175635753.36002573,0.0,0,8118.967773
2019-09-27,187609489.24297154,0.0,0,175635753.36002573,0.0,0,8251.845703
2019-09-28,187609489.24297154,0.0,0,175635753.36002573,0.0,0,8245.915039
2019-09-29,187609489.24297154,0.0,0,175635753.36002573,0.0,0,8104.185547
2019-09-30,187609489.24297154,0.0,0,175635753.36002573,0.0,0,8293.868164
2019-10-01,187609489.24297154,0.0,0,175635753.36002573,0.0,0,8343.276367
2019-10-02,187609489.24297154,0.0,0,175635753.36002573,0.0,0,8393.041992
2019-10-03,187609489.24297154,0.0,0,175635753.36002573,0.0,0,8259.992188
2019-10-04,187609489.24297154,0.0,0,175635753.36002573,0.0,0,8205.939453
2019-10-05,187609489.24297154,0.0,0,175635753.36002573,0.0,0,8151.500488
2019-10-06,187609489.24297154,0.0,0,175635753.36002573,0.0,0,7988.155762
2019-10-07,187609489.24297154,0.0,0,175635753.36002573,0.0,0,8245.623047
2019-10-08,187609489.24297154,0.0,0,175635753.36002573,0.0,0,8228.783203
2019-10-09,187609489.24297154,0.0,0,175635753.36002573,0.0,0,8595.740234
2019-10-10,187609489.24297154,0.0,0,175635753.36002573,0.0,0,8586.473633
2019-10-11,187609489.24297154,0.0,0,175635753.36002573,0.0,0,8321.756836
2019-10-12,187609489.24297154,0.0,0,175635753.36002573,0.0,0,8336.555664
2019-10-13,187609489.24297154,0.0,0,175635753.36002573,0.0,0,8321.005859
2019-10-14,187609489.24297154,0.0,0,175635753.36002573,0.0,0,8374.686523
2019-10-15,187609489.24297154,0.0,0,175635753.36002573,0.0,0,8205.369141
2019-10-16,187609489.24297154,0.0,0,175635753.36002573,0.0,0,8047.526855
2019-10-17,187609489.24297154,0.0,0,175635753.36002573,0.0,0,8103.911133
2019-10-18,187609489.24297154,0.0,0,175635753.36002573,0.0,0,7973.20752
2019-10-19,187609489.24297154,0.0,0,175635753.36002573,0.0,0,7988.560547
2019-10-20,187609489.24297154,0.0,0,175635753.36002573,0.0,0,8222.078125
2019-10-21,187609489.24297154,0.0,0,175635753.36002573,0.0,0,8243.720703
2019-10-22,187609489.24297154,0.0,0,175635753.36002573,0.0,0,8078.203125
2019-10-23,187609489.24297154,0.0,0,175635753.36002573,0.0,0,7514.671875
2019-10-24,187609489.24297154,0.0,0,175635753.36002573,0.0,0,7493.48877
2019-10-25,187609489.24297154,0.0,0,175635753.36002573,0.0,0,8660.700195
2019-10-26,187609489.24297154,0.0,0,175635753.36002573,0.0,0,9244.972656
2019-10-27,187609489.24297154,0.0,0,175635753.36002573,0.0,0,9551.714844
2019-10-28,187609489.24297154,0.0,0,175635753.36002573,0.0,0,9256.148438
2019-10-29,187609489.24297154,0.0,0,175635753.36002573,0.0,0,9427.6875
2019-10-30,187609489.24297154,0.0,0,175635753.36002573,0.0,0,9205.726562
2019-10-31,187609489.24297154,0.0,0,175635753.36002573,0.0,0,9199.584961
2019-11-01,187609489.24297154,0.0,0,175635753.36002573,0.0,0,9261.104492
2019-11-02,187609489.24297154,0.0,0,175635753.36002573,0.0,0,9324.717773
2019-11-03,187609489.24297154,0.0,0,175635753.36002573,0.0,0,9235.354492
2019-11-04,187609489.24297154,0.0,0,175635753.36002573,0.0,0,9412.612305
2019-11-05,187609489.24297154,0.0,0,175635753.36002573,0.0,0,9342.527344
2019-11-06,187609489.24297154,0.0,0,175635753.36002573,0.0,0,9360.879883
2019-11-07,187609489.24297154,0.0,0,175635753.36002573,0.0,0,9267.561523
2019-11-08,187609489.24297154,0.0,0,175635753.36002573,0.0,0,8804.880859
2019-11-09,187609489.24297154,0.0,0,175635753.36002573,0.0,0,8813.582031
2019-11-10,187609489.24297154,0.0,0,175635753.36002573,0.0,0,9055.526367
2019-11-11,187609489.24297154,0.0,0,175635753.36002573,0.0,0,8757.788086
2019-11-12,187609489.24297154,0.0,0,175635753.36002573,0.0,0,8815.662109
2019-11-13,187609489.24297154,0.0,0,175635753.36002573,0.0,0,8808.262695
2019-11-14,187609489.24297154,0.0,0,175635753.36002573,0.0,0,8708.094727
2019-11-15,187609489.24297154,0.0,0,175635753.36002573,0.0,0,8491.992188
2019-11-16,187609489.24297154,0.0,0,175635753.36002573,0.0,0,8550.760742
2019-11-17,187609489.24297154,0.0,0,175635753.36002573,0.0,0,8577.975586
2019-11-18,187609489.24297154,0.0,0,175635753.36002573,0.0,0,8309.286133
2019-11-19,187609489.24297154,0.0,0,175635753.36002573,0.0,0,8206.145508
2019-11-20,187609489.24297154,0.0,0,175635753.36002573,0.0,0,8027.268066
2019-11-21,187609489.24297154,0.0,0,175635753.36002573,0.0,0,7642.75
2019-11-22,187609489.24297154,0.0,0,175635753.36002573,0.0,0,7296.577637
2019-11-23,187609489.24297154,0.0,0,175635753.36002573,0.0,0,7397.796875
2019-11-24,187609489.24297154,0.0,0,175635753.36002573,0.0,0,7047.916992
2019-11-25,187609489.24297154,0.0,0,175635753.36002573,0.0,0,7146.133789
2019-11-26,187609489.24297154,0.0,0,175635753.36002573,0.0,0,7218.371094
2019-11-27,187609489.24297154,0.0,0,175635753.36002573,0.0,0,7531.663574
2019-11-28,187609489.24297154,0.0,0,175635753.36002573,0.0,0,7463.105957
2019-11-29,187609489.24297154,0.0,0,175635753.36002573,0.0,0,7761.243652
2019-11-30,187609489.24297154,0.0,0,175635753.36002573,0.0,0,7569.629883
2019-12-01,187609489.24297154,0.0,0,175635753.36002573,0.0,0,7424.29248
2019-12-02,187609489.24297154,0.0,0,175635753.36002573,0.0,0,7321.988281
2019-12-03,187609489.24297154,0.0,0,175635753.36002573,0.0,0,7320.145508
2019-12-04,187609489.24297154,0.0,0,175635753.36002573,0.0,0,7252.034668
2019-12-05,187609489.24297154,0.0,0,175635753.36002573,0.0,0,7448.307617
2019-12-06,187609489.24297154,0.0,0,175635753.36002573,0.0,0,7546.996582
2019-12-07,187609489.24297154,0.0,0,175635753.36002573,0.0,0,7556.237793
2019-12-08,187609489.24297154,0.0,0,175635753.36002573,0.0,0,7564.345215
2019-12-09,187609489.24297154,0.0,0,175635753.36002573,0.0,0,7400.899414
2019-12-10,187609489.24297154,0.0,0,175635753.36002573,0.0,0,7278.119629
2019-12-11,187609489.24297154,0.0,0,175635753.36002573,0.0,0,7217.427246
2019-12-12,187609489.24297154,0.0,0,175635753.36002573,0.0,0,7243.134277
2019-12-13,187609489.24297154,0.0,0,175635753.36002573,0.0,0,7269.68457
2019-12-14,187609489.24297154,0.0,0,175635753.36002573,0.0,0,7124.673828
2019-12-15,187609489.24297154,0.0,0,175635753.36002573,0.0,0,7152.301758
2019-12-16,187609489.24297154,0.0,0,175635753.36002573,0.0,0,6932.480469
2019-12-17,187609489.24297154,0.0,0,175635753.36002573,0.0,0,6640.515137
2019-12-18,187609489.24297154,0.0,0,175635753.36002573,0.0,0,7276.802734
2019-12-19,187609489.24297154,0.0,0,175635753.36002573,0.0,0,7202.844238
2019-12-20,187609489.24297154,0.0,0,175635753.36002573,0.0,0,7218.816406
2019-12-21,187609489.24297154,0.0,0,175635753.36002573,0.0,0,7191.158691
2019-12-22,187609489.24297154,0.0,0,175635753.36002573,0.0,0,7511.588867
2019-12-23,187609489.24297154,0.0,0,175635753.36002573,0.0,0,7355.628418
2019-12-24,187609489.24297154,0.0,0,175635753.36002573,0.0,0,7322.532227
2019-12-25,187609489.24297154,0.0,0,175635753.36002573,0.0,0,7275.155762
2019-12-26,187609489.24297154,0.0,0,175635753.36002573,0.0,0,7238.966797
2019-12-27,187609489.24297154,0.0,0,175635753.36002573,0.0,0,7290.088379
2019-12-28,187609489.24297154,0.0,0,175635753.36002573,0.0,0,7317.990234
2019-12-29,187609489.24297154,0.0,0,175635753.36002573,0.0,0,7422.652832
2019-12-30,187609489.24297154,0.0,0,175635753.36002573,0.0,0,7292.995117
2019-12-31,187609489.24297154,0.0,0,175635753.36002573,0.0,0,7193.599121
2020-01-01,187609489.24297154,0.0,0,175635753.36002573,0.0,0,7200.174316
2020-01-02,187609489.24297154,0.0,0,175635753.36002573,0.0,0,6985.470215
2020-01-03,187609489.24297154,0.0,0,175635753.36002573,0.0,0,7344.884277
2020-01-04,187609489.24297154,0.0,0,175635753.36002573,0.0,0,7410.656738
2020-01-05,187609489.24297154,0.0,0,175635753.36002573,0.0,0,7411.317383
2020-01-06,187609489.24297154,0.0,0,175635753.36002573,0.0,0,7769.219238
2020-01-07,187609489.24297154,0.0,0,175635753.36002573,0.0,0,8163.692383
2020-01-08,187609489.24297154,0.0,0,175635753.36002573,0.0,0,8079.862793
2020-01-09,187609489.24297154,0.0,0,175635753.36002573,0.0,0,7879.071289
2020-01-10,187609489.24297154,0.0,0,175635753.36002573,0.0,0,8166.554199
2020-01-11,187609489.24297154,0.0,0,175635753.36002573,0.0,0,8037.537598
2020-01-12,187609489.24297154,0.0,0,175635753.36002573,0.0,0,8192.494141
2020-01-13,187609489.24297154,0.0,0,175635753.36002573,0.0,0,8144.194336
2020-01-14,187609489.24297154,0.0,0,175635753.36002573,0.0,0,8827.764648
2020-01-15,187609489.24297154,0.0,0,175635753.36002573,0.0,0,8807.010742
2020-01-16,187609489.24297154,0.0,0,175635753.36002573,0.0,0,8723.786133
2020-01-17,187609489.24297154,0.0,0,175635753.36002573,0.0,0,8929.038086
2020-01-18,187609489.24297154,0.0,0,175635753.36002573,0.0,0,8942.808594
2020-01-19,187609489.24297154,0.0,0,175635753.36002573,0.0,0,8706.245117
2020-01-20,187609489.24297154,0.0,0,175635753.36002573,0.0,0,8657.642578
2020-01-21,187609489.24297154,0.0,0,175635753.36002573,0.0,0,8745.894531
2020-01-22,187609489.24297154,0.0,0,175635753.36002573,0.0,0,8680.875977
2020-01-23,187609489.24297154,0.0,0,175635753.36002573,0.0,0,8406.515625
2020-01-24,187609489.24297154,0.0,0,175635753.36002573,0.0,0,8445.43457
2020-01-25,187609489.24297154,0.0,0,175635753.36002573,0.0,0,8367.847656
2020-01-26,187609489.24297154,0.0,0,175635753.36002573,0.0,0,8596.830078
2020-01-27,187609489.24297154,0.0,0,175635753.36002573,0.0,0,8909.819336
2020-01-28,187609489.24297154,0.0,0,175635753.36002573,0.0,0,9358.589844
2020-01-29,187609489.24297154,0.0,0,175635753.36002573,0.0,0,9316.629883
2020-01-30,187609489.24297154,0.0,0,175635753.36002573,0.0,0,9508.993164
2020-01-31,187609489.24297154,0.0,0,175635753.36002573,0.0,0,9350.529297
2020-02-01,187609489.24297154,0.0,0,175635753.36002573,0.0,0,9392.875
2020-02-02,187609489.24297154,0.0,0,175635753.36002573,0.0,0,9344.365234
2020-02-03,187609489.24297154,0.0,0,175635753.36002573,0.0,0,9293.521484
2020-02-04,187609489.24297154,0.0,0,175635753.36002573,0.0,0,9180.962891
2020-02-05,187609489.24297154,0.0,0,175635753.36002573,0.0,0,9613.423828
2020-02-06,187609489.24297154,0.0,0,175635753.36002573,0.0,0,9729.801758
2020-02-07,187609489.24297154,0.0,0,175635753.36002573,0.0,0,9795.943359
2020-02-08,187609489.24297154,0.0,0,175635753.36002573,0.0,0,9865.119141
2020-02-09,187609489.24297154,0.0,0,175635753.36002573,0.0,0,10116.67383
2020-02-10,187609489.24297154,0.0,0,175635753.36002573,0.0,0,9856.611328
2020-02-11,187609489.24297154,0.0,0,175635753.36002573,0.0,0,10208.23633
2020-02-12,187758025.10411242,7.58748873373853,1,175774809.26800632,7.587488733738529,1,10326.05469
2020-02-13,187224709.05164176,7.324248502483434,1,175275530.86245954,7.324248502483431,1,10214.37988
2020-02-14,189135713.65700242,8.260633199443362,1,177064570.0783934,8.260633199443362,1,10312.11621
2020-02-15,188747409.102671,8.071900468702895,1,176701048.15203282,8.071900468702891,1,9889.424805
2020-02-16,189453535.98056257,8.414532774701128,1,177362108.13714707,8.414532774701126,1,9934.433594
2020-02-17,188720327.03583705,8.058708445487756,1,176675694.53463256,8.058708445487756,1,9690.142578
2020-02-18,189593784.869329,8.482281620025125,1,177493405.96933985,8.482281620025123,1,10141.99609
2020-02-19,189089537.27321455,8.238230097341967,1,177021340.79406056,8.238230097341965,1,9633.386719
2020-02-20,188629579.24399257,8.014476415594347,1,176590738.50788423,8.014476415594347,1,9608.475586
2020-02-21,188702803.94118154,8.05017070295818,1,176659289.81041825,8.050170702958177,1,9686.441406
2020-02-22,188033448.05301878,7.7228504293961,1,176032653.9928068,7.7228504293960984,1,9663.181641
2020-02-23,188530875.7680292,7.96631830420224,1,176498334.54990733,7.966318304202239,1,9924.515625
2020-02-24,187363584.17569187,7.392940380589195,1,175405542.60724884,7.392940380589194,1,9650.174805
2020-02-25,186149080.92963263,0.0,0,174268552.18400028,0.0,0,9341.705078
2020-02-26,186149080.92963263,0.0,0,174268552.18400028,0.0,0,8820.522461
2020-02-27,186149080.92963263,0.0,0,174268552.18400028,0.0,0,8784.494141
2020-02-28,186149080.92963263,0.0,0,174268552.18400028,0.0,0,8672.455078
2020-02-29,186149080.92963263,0.0,0,174268552.18400028,0.0,0,8599.508789
2020-03-01,186149080.92963263,0.0,0,174268552.18400028,0.0,0,8562.454102
2020-03-02,186149080.92963263,0.0,0,174268552.18400028,0.0,0,8869.669922
2020-03-03,186149080.92963263,0.0,0,174268552.18400028,0.0,0,8787.786133
2020-03-04,186149080.92963263,0.0,0,174268552.18400028,0.0,0,8755.246094
2020-03-05,186149080.92963263,0.0,0,174268552.18400028,0.0,0,9078.762695
2020-03-06,186149080.92963263,0.0,0,174268552.18400028,0.0,0,9122.545898
2020-03-07,186149080.92963263,0.0,0,174268552.18400028,0.0,0,8909.954102
2020-03-08,186149080.92963263,0.0,0,174268552.18400028,0.0,0,8108.116211
2020-03-09,186149080.92963263,0.0,0,174268552.18400028,0.0,0,7923.644531
2020-03-10,186149080.92963263,0.0,0,174268552.18400028,0.0,0,7909.729492
2020-03-11,186149080.92963263,0.0,0,174268552.18400028,0.0,0,7911.430176
2020-03-12,186149080.92963263,0.0,0,174268552.18400028,0.0,0,4970.788086
2020-03-13,186149080.92963263,0.0,0,174268552.18400028,0.0,0,5563.707031
2020-03-14,186149080.92963263,0.0,0,174268552.18400028,0.0,0,5200.366211
2020-03-15,186149080.92963263,0.0,0,174268552.18400028,0.0,0,5392.314941
2020-03-16,186149080.92963263,0.0,0,174268552.18400028,0.0,0,5014.47998
2020-03-17,186149080.92963263,0.0,0,174268552.18400028,0.0,0,5225.629395
2020-03-18,186149080.92963263,0.0,0,174268552.18400028,0.0,0,5238.438477
2020-03-19,186149080.92963263,0.0,0,174268552.18400028,0.0,0,6191.192871
2020-03-20,186149080.92963263,0.0,0,174268552.18400028,0.0,0,6198.77832
2020-03-21,186149080.92963263,0.0,0,174268552.18400028,0.0,0,6185.066406
2020-03-22,186149080.92963263,0.0,0,174268552.18400028,0.0,0,5830.254883
2020-03-23,186149080.92963263,0.0,0,174268552.18400028,0.0,0,6416.314941
2020-03-24,186149080.92963263,0.0,0,174268552.18400028,0.0,0,6734.803711
2020-03-25,186149080.92963263,0.0,0,174268552.18400028,0.0,0,6681.062988
2020-03-26,186149080.92963263,0.0,0,174268552.18400028,0.0,0,6716.44043
2020-03-27,186149080.92963263,0.0,0,174268552.18400028,0.0,0,6469.79834
2020-03-28,186149080.92963263,0.0,0,174268552.18400028,0.0,0,6242.193848
2020-03-29,186149080.92963263,0.0,0,174268552.18400028,0.0,0,5922.042969
2020-03-30,186149080.92963263,0.0,0,174268552.18400028,0.0,0,6429.841797
2020-03-31,186149080.92963263,0.0,0,174268552.18400028,0.0,0,6438.644531
2020-04-01,186149080.92963263,0.0,0,174268552.18400028,0.0,0,6606.776367
2020-04-02,186149080.92963263,0.0,0,174268552.18400028,0.0,0,6793.624512
2020-04-03,186149080.92963263,0.0,0,174268552.18400028,0.0,0,6733.387207
2020-04-04,186149080.92963263,0.0,0,174268552.18400028,0.0,0,6867.527344
2020-04-05,186149080.92963263,0.0,0,174268552.18400028,0.0,0,6791.129395
2020-04-06,186149080.92963263,0.0,0,174268552.18400028,0.0,0,7271.78125
2020-04-07,186149080.92963263,0.0,0,174268552.18400028,0.0,0,7176.414551
2020-04-08,186149080.92963263,0.0,0,174268552.18400028,0.0,0,7334.098633
2020-04-09,186149080.92963263,0.0,0,174268552.18400028,0.0,0,7302.089355
2020-04-10,186149080.92963263,0.0,0,174268552.18400028,0.0,0,6865.493164
2020-04-11,186149080.92963263,0.0,0,174268552.18400028,0.0,0,6859.083008
2020-04-12,186149080.92963263,0.0,0,174268552.18400028,0.0,0,6971.091797
2020-04-13,186149080.92963263,0.0,0,174268552.18400028,0.0,0,6845.037598
2020-04-14,186149080.92963263,0.0,0,174268552.18400028,0.0,0,6842.427734
2020-04-15,186149080.92963263,0.0,0,174268552.18400028,0.0,0,6642.109863
2020-04-16,186149080.92963263,0.0,0,174268552.18400028,0.0,0,7116.804199
2020-04-17,186149080.92963263,0.0,0,174268552.18400028,0.0,0,7096.18457
2020-04-18,186149080.92963263,0.0,0,174268552.18400028,0.0,0,7257.665039
2020-04-19,186149080.92963263,0.0,0,174268552.18400028,0.0,0,7189.424805
2020-04-20,186149080.92963263,0.0,0,174268552.18400028,0.0,0,6881.958496
2020-04-21,186149080.92963263,0.0,0,174268552.18400028,0.0,0,6880.323242
2020-04-22,186149080.92963263,0.0,0,174268552.18400028,0.0,0,7117.20752
2020-04-23,186149080.92963263,0.0,0,174268552.18400028,0.0,0,7429.724609
2020-04-24,186149080.92963263,0.0,0,174268552.18400028,0.0,0,7550.900879
2020-04-25,186149080.92963263,0.0,0,174268552.18400028,0.0,0,7569.936035
2020-04-26,186149080.92963263,0.0,0,174268552.18400028,0.0,0,7679.867188
2020-04-27,186149080.92963263,0.0,0,174268552.18400028,0.0,0,7795.601074
2020-04-28,186149080.92963263,0.0,0,174268552.18400028,0.0,0,7807.058594
2020-04-29,186149080.92963263,0.0,0,174268552.18400028,0.0,0,8801.038086
2020-04-30,186149080.92963263,0.0,0,174268552.18400028,0.0,0,8658.553711
2020-05-01,186149080.92963263,0.0,0,174268552.18400028,0.0,0,8864.766602
2020-05-02,186149080.92963263,0.0,0,174268552.18400028,0.0,0,8988.59668
2020-05-03,186149080.92963263,0.0,0,174268552.18400028,0.0,0,8897.46875
2020-05-04,186149080.92963263,0.0,0,174268552.18400028,0.0,0,8912.654297
2020-05-05,186149080.92963263,0.0,0,174268552.18400028,0.0,0,9003.070312
2020-05-06,186149080.92963263,0.0,0,174268552.18400028,0.0,0,9268.761719
2020-05-07,186149080.92963263,0.0,0,174268552.18400028,0.0,0,9951.518555
2020-05-08,186149080.92963263,0.0,0,174268552.18400028,0.0,0,9842.666016
2020-05-09,186149080.92963263,0.0,0,174268552.18400028,0.0,0,9593.896484
2020-05-10,184700973.80268946,0.0,0,172912867.0999836,0.0,0,8756.430664
2020-05-11,184700973.80268946,0.0,0,172912867.0999836,0.0,0,8601.795898
2020-05-12,184700973.80268946,0.0,0,172912867.0999836,0.0,0,8804.477539
2020-05-13,184700973.80268946,0.0,0,172912867.0999836,0.0,0,9269.987305
2020-05-14,184700973.80268946,0.0,0,172912867.0999836,0.0,0,9733.72168
2020-05-15,184700973.80268946,0.0,0,172912867.0999836,0.0,0,9328.197266
2020-05-16,184700973.80268946,0.0,0,172912867.0999836,0.0,0,9377.013672
2020-05-17,184700973.80268946,0.0,0,172912867.0999836,0.0,0,9670.739258
2020-05-18,184700973.80268946,0.0,0,172912867.0999836,0.0,0,9726.575195
2020-05-19,184700973.80268946,0.0,0,172912867.0999836,0.0,0,9729.038086
2020-05-20,184700973.80268946,0.0,0,172912867.0999836,0.0,0,9522.981445
2020-05-21,184700973.80268946,0.0,0,172912867.0999836,0.0,0,9081.761719
2020-05-22,184700973.80268946,0.0,0,172912867.0999836,0.0,0,9182.577148
2020-05-23,184700973.80268946,0.0,0,172912867.0999836,0.0,0,9209.287109
2020-05-24,184700973.80268946,0.0,0,172912867.0999836,0.0,0,8790.368164
2020-05-25,184700973.80268946,0.0,0,172912867.0999836,0.0,0,8906.93457
2020-05-26,184440041.6970961,7.390707129018089,1,172668588.3743891,7.3907071290180895,1,8835.052734
2020-05-27,184822249.90396923,7.5822210392015,1,173026403.0383777,7.5822210392015,1,9181.017578
2020-05-28,184821899.80229813,7.582045975429903,1,173026075.2811251,7.582045975429905,1,9525.750977
2020-05-29,184783469.31105614,7.56282527681445,1,172990097.52590322,7.5628252768144515,1,9439.124023
2020-05-30,185719075.03002232,8.028500379396714,1,173865990.40297276,8.028500379396716,1,9700.414062
2020-05-31,185199288.15112907,15.301271430572827,2,173379377.703213,15.301271430572827,2,9461.058594
2020-06-01,187930330.1507252,16.532130679582682,2,175936117.34891248,16.532130679582686,2,10167.26855
2020-06-02,186834194.98611313,16.042434097625865,2,174909940.44177467,16.04243409762587,2,9529.803711
2020-06-03,189076477.75464112,17.03809789222405,2,177009114.76864776,17.038097892224055,2,9656.717773
2020-06-04,190199281.16063064,17.527846884363054,2,178060257.87916908,17.527846884363054,2,9800.636719
2020-06-05,189918646.0990169,17.405981136863158,2,177797533.69253728,17.40598113686316,2,9665.533203
2020-06-06,190640280.6053056,17.718625945376104,2,178473111.56801704,17.718625945376104,2,9653.679688
2020-06-07,191408483.00047886,18.048855555036347,2,179192285.24603122,18.048855555036347,2,9758.852539
2020-06-08,191547864.98007244,18.108488236110013,2,179322771.49749702,18.10848823611001,2,9771.489258
2020-06-09,192512080.88354743,18.518650017334114,2,180225448.5811131,18.518650017334117,2,9795.700195
2020-06-10,192076155.14660728,18.333724316843284,2,179817344.78249687,18.333724316843288,2,9870.094727
2020-06-11,188866316.05511075,16.94578172538489,2,176812366.14695817,16.945781725384894,2,9321.78125
2020-06-12,190272605.70719907,17.5596288280078,2,178128902.65842995,17.559628828007803,2,9480.84375
2020-06-13,190269287.7288349,17.558191205724416,2,178125796.44225731,17.558191205724416,2,9475.277344
2020-06-14,190329662.81702816,17.584342838649622,2,178182318.23196954,17.584342838649622,2,9386.788086
2020-06-15,190409355.74098212,17.61883665158867,2,178256924.94185716,17.61883665158867,2,9450.702148
2020-06-16,191057567.22831795,17.898335742868905,2,178863765.85046068,17.898335742868905,2,9538.024414
2020-06-17,192201559.23224124,18.38700840397601,2,179934745.24632,18.38700840397601,2,9480.254883
2020-06-18,192007151.82445312,18.3043751791859,2,179752745.43563122,18.304375179185904,2,9411.84082
2020-06-19,191506181.26006672,18.090663522438895,2,179283748.1432115,18.090663522438895,2,9288.018555
2020-06-20,192007952.3654759,18.30471579371902,2,179753494.88399974,18.304715793719026,2,9332.34082
2020-06-21,191875680.02880096,18.248397941786653,2,179629664.51915875,18.248397941786653,2,9303.629883
2020-06-22,193732128.2873323,19.031786947083805,2,181367629.31921628,19.03178694708381,2,9648.717773
2020-06-23,193662457.95912763,19.002658524172176,2,181302405.53639784,19.002658524172176,2,9629.658203
2020-06-24,192119655.27583206,25.931406763995547,3,179858068.6179408,25.931406763995547,3,9313.610352
2020-06-25,191954501.06569606,25.867679474748016,3,179703454.98813528,25.867679474748023,3,9264.813477
2020-06-26,191046378.8941388,25.515298004407384,3,178853291.5854844,25.515298004407388,3,9162.917969
2020-06-27,189465892.7463677,24.893961688839052,3,177373676.26133966,24.893961688839056,3,9045.390625
2020-06-28,191498324.33445966,25.691085555330133,3,179276392.6674642,25.69108555533014,3,9143.582031
2020-06-29,193529992.47209734,26.471176805741603,3,181178394.3485701,26.471176805741614,3,9190.854492
2020-06-30,192976166.61295176,26.260155080145825,3,180659915.1266832,26.260155080145825,3,9137.993164
2020-07-01,195888601.86798412,27.356505362894474,3,183386471.02848747,27.356505362894485,3,9228.325195
2020-07-02,195746035.2638245,27.303597336784314,3,183253003.40365362,27.303597336784318,3,9123.410156
2020-07-03,195916787.76729184,27.366956341845984,3,183412858.02884132,27.366956341845988,3,9087.303711
2020-07-04,197293659.20399776,27.87384725550947,3,184701853.8735694,27.87384725550947,3,9132.488281
2020-07-05,197155448.49265108,27.823285087668154,3,184572464.13690016,27.823285087668154,3,9073.942383
2020-07-06,201274864.30256552,29.30049835792824,3,188428967.88890657,29.30049835792824,3,9375.474609
2020-07-07,204978307.3167848,30.577860723207532,3,191896047.33383763,30.577860723207532,3,9252.277344
2020-07-08,218628900.1320592,41.97413526237625,4,197005143.4786805,32.378242062917,3,9428.333008
2020-07-09,214592977.1451385,40.882823121382295,4,194870960.1119749,31.637663626120748,3,9277.967773
2020-07-10,209009572.79292637,47.01389048657785,5,193760911.06849417,38.7987317323028,4,9278.807617
2020-07-11,212936478.46921057,47.991043183514925,5,196031489.5992399,39.50760909719519,4,9240.34668
2020-07-12,215962071.3062896,48.719680051350565,5,199703671.66624558,40.619952556933036,4,9276.5
2020-07-13,211662391.89021504,47.67797900014404,5,197807180.28651455,40.050641837571476,4,9243.614258
2020-07-14,216415400.02549356,48.82709773863137,5,201707483.89778733,41.209848693043874,4,9243.213867
2020-07-15,217501756.84948814,49.082691221555365,5,203688310.51584476,41.78157073390879,4,9192.836914
2020-07-16,216297394.9034432,48.799179396943906,5,202946941.26088282,41.568897641809436,4,9132.227539
2020-07-17,216478652.22109646,48.842049783048665,5,202793008.96768457,41.52454486246126,4,9151.392578
2020-07-18,217446143.4549023,49.06966875843251,5,201795897.50421542,41.235606646321365,4,9159.040039
2020-07-19,217337696.7781998,49.04425565592715,5,202122281.3989175,41.3304984684393,4,9185.817383
2020-07-20,211777007.00430068,47.70629602327567,5,197608469.95425975,39.990358202554845,4,9164.231445
2020-07-21,213650825.44962266,48.16493645623247,5,199047581.5742624,40.42422719076298,4,9374.887695
2020-07-22,214965917.08369753,48.482046532764315,5,200366904.46673858,40.81650595113695,4,9525.363281
2020-07-23,216270885.2137031,48.79290338865326,5,201539315.91479594,41.16079314713129,4,9581.072266
2020-07-24,213861649.37999153,48.216035247712384,5,199644149.8070396,40.60224900375119,4,9536.892578
2020-07-25,220003734.92865264,49.66174498377913,5,205305994.3137769,42.240295819260545,4,9677.113281
2020-07-26,220632393.2187723,49.80517614936833,5,205897091.58743864,42.40611459506507,4,9905.166992
2020-07-27,218589719.90061188,49.33611645417286,5,204387625.42905778,41.98076584527695,4,10990.87305
2020-07-28,220460838.39582798,49.76611631370285,5,205922108.8934854,42.413111628386744,4,10912.82324
2020-07-29,218932834.6665695,49.41551763934366,5,204523465.30465913,42.019300912822,4,11100.46777
2020-07-30,220210517.2711724,49.709013672030714,5,205531194.09845367,42.30358291785184,4,11111.21387
2020-07-31,221353089.0651862,49.96860373564419,5,206627352.18766534,42.60966240652325,4,11323.4668
2020-08-01,229482764.6995166,51.74102016828759,5,212026800.83515516,44.07115774332739,4,11759.59277
2020-08-02,223323092.92629033,50.40994655660245,5,207926589.93733078,42.96826826395573,4,11053.61426
2020-08-03,227317123.05806893,51.28125869105544,5,211406336.35731196,43.90701006211263,4,11246.34863
2020-08-04,230795239.87240326,52.01545699347072,5,213957943.9538928,44.57596068201244,4,11205.89258
2020-08-05,230704919.5702775,51.996671185045884,5,213986014.57488805,44.583231190810935,4,11747.02246
2020-08-06,232450796.47872567,52.35721158575104,5,215409052.57946253,44.94932614903979,4,11779.77344
2020-08-07,230551895.66179964,51.96480999833073,5,213773621.88804722,44.52817240329792,4,11601.47266
2020-08-08,240461489.92007875,53.9443753881738,5,223158688.94137287,46.86107202748571,4,11754.0459
2020-08-09,244015522.35233802,54.615165434562925,5,226694196.6345253,47.68982323259745,4,11675.73926
2020-08-10,243111027.14462364,54.44631103972327,5,225675222.18316174,47.453631003975055,4,11878.11133
2020-08-11,238220208.2377242,53.511063585722205,5,221610859.44757557,46.48992595553935,4,11410.52539
2020-08-12,249757463.5979131,55.65856589900078,5,231986364.7166889,48.88314443575895,4,11584.93457
2020-08-13,252970646.31000918,56.221781954148454,5,234840979.8839928,49.5044966004052,4,11784.1377
2020-08-14,252447111.0269972,63.66044463801887,6,234129046.13720575,56.88766831600232,5,11768.87109
2020-08-15,259317493.92924857,64.62322835172579,6,240655700.6991166,58.05688764237836,5,11865.69824
2020-08-16,260158556.33513886,64.73759734690425,6,241473783.57468614,58.19898564349428,5,11892.80371
2020-08-17,254463972.08896917,63.94846904327074,6,235836870.38272944,57.199868377050876,5,12254.40234
2020-08-18,249904520.70300555,70.94126113585637,7,232369226.6301421,56.56116242108337,5,11991.2334
2020-08-19,245033537.05258396,70.36360697630049,7,228604965.93329382,55.84588876835439,5,11758.2832
2020-08-20,246375574.1196965,61.044662249751354,6,229496696.12217218,46.48938271718813,4,11878.37207
2020-08-21,235531828.8317517,67.11615894794198,7,221648395.39127392,44.594636689407764,4,11592.48926
2020-08-22,242242087.2712493,54.13834402485084,5,227823709.2158094,39.15348787454,3,11681.8252
2020-08-23,240344624.78003335,53.77627737960117,5,226199581.9106826,38.71660606896835,3,11664.84766
2020-08-24,241122023.8991803,53.92530682397834,5,226746468.24561012,38.86441454844844,3,11774.5957
2020-08-25,235197037.45671713,52.764612219316,5,222348368.90131897,37.6551393034087,3,11366.13477
2020-08-26,238553110.62109023,39.26842939491068,3,225362565.08702144,31.481503676517452,2,11488.36328
2020-08-27,235640653.33354315,38.51780295210157,3,222876506.5279192,30.717219468659636,2,11323.39746
2020-08-28,238896738.9048057,39.35578548637532,3,225605331.48605567,31.555234153142823,2,11542.5
2020-08-29,243250201.6373737,40.44113845239053,3,229732899.67820397,32.78496850474962,2,11506.86523
2020-08-30,244051000.1244952,40.63656746598882,3,230184225.7731064,32.916758150984535,2,11711.50586
2020-08-31,241719836.83592838,40.06406230291223,3,228046582.63572615,32.287939117985346,2,11680.82031
2020-09-01,243654359.4025005,40.53993075980342,3,229435321.0315621,32.697790305610894,2,11970.47852
2020-09-02,235929736.91854626,54.93111307607912,5,223123623.11736846,39.336297496530285,3,11414.03418
2020-09-03,224922912.8739738,37.81067754649464,3,215091199.97758064,37.07085601038458,3,10245.29688
2020-09-04,221797726.58607608,8.493496873650784,1,212149366.031967,8.36157278588692,1,10511.81348
2020-09-05,219403521.8054806,0.0,0,209894880.8514093,0.0,0,10169.56738
2020-09-06,219403521.8054806,0.0,0,209894880.8514093,0.0,0,10280.35156
2020-09-07,219403521.8054806,0.0,0,209894880.8514093,0.0,0,10369.56348
2020-09-08,219403521.8054806,0.0,0,209894880.8514093,0.0,0,10131.5166
2020-09-09,219403521.8054806,0.0,0,209894880.8514093,0.0,0,10242.34766
2020-09-10,219403521.8054806,0.0,0,209894880.8514093,0.0,0,10363.13867
2020-09-11,219403521.8054806,0.0,0,209894880.8514093,0.0,0,10400.91504
2020-09-12,219403521.8054806,0.0,0,209894880.8514093,0.0,0,10442.1709
2020-09-13,220829145.99534282,8.112062731937513,1,209894880.8514093,0.0,0,10323.75586
2020-09-14,220898365.91599482,8.140856406803316,1,209894880.8514093,0.0,0,10680.83789
2020-09-15,218604968.83388907,7.177156940111623,1,209894880.8514093,0.0,0,10796.95117
2020-09-16,219044587.55214584,7.363450788989416,1,209894880.8514093,0.0,0,10974.90527
2020-09-17,218484272.6409726,7.125879273130908,1,209894880.8514093,0.0,0,10948.99023
2020-09-18,218718645.2351035,7.225400503152163,1,209894880.8514093,0.0,0,10944.58594
2020-09-19,218633070.002865,7.189087570723079,1,209894880.8514093,0.0,0,11094.34668
2020-09-20,217695465.38822493,0.0,0,209894880.8514093,0.0,0,10938.27148
2020-09-21,217695465.38822493,0.0,0,209894880.8514093,0.0,0,10462.25977
2020-09-22,217695465.38822493,0.0,0,209894880.8514093,0.0,0,10538.45996
2020-09-23,217695465.38822493,0.0,0,209894880.8514093,0.0,0,10246.18652
2020-09-24,217695465.38822493,0.0,0,209894880.8514093,0.0,0,10760.06641
2020-09-25,217695465.38822493,0.0,0,209894880.8514093,0.0,0,10692.7168
2020-09-26,217695465.38822493,0.0,0,209894880.8514093,0.0,0,10750.72363
2020-09-27,217695465.38822493,0.0,0,209894880.8514093,0.0,0,10775.26953
2020-09-28,217695465.38822493,0.0,0,209894880.8514093,0.0,0,10709.65234
2020-09-29,217695465.38822493,0.0,0,209894880.8514093,0.0,0,10844.64062
2020-09-30,217695465.38822493,0.0,0,209894880.8514093,0.0,0,10784.49121
2020-10-01,217695465.38822493,0.0,0,209894880.8514093,0.0,0,10619.45215
2020-10-02,217695465.38822493,0.0,0,209894880.8514093,0.0,0,10575.97461
2020-10-03,217695465.38822493,0.0,0,209894880.8514093,0.0,0,10549.3291
2020-10-04,217695465.38822493,0.0,0,209894880.8514093,0.0,0,10669.58301
2020-10-05,217695465.38822493,0.0,0,209894880.8514093,0.0,0,10793.33984
2020-10-06,217695465.38822493,0.0,0,209894880.8514093,0.0,0,10604.40625
2020-10-07,217695465.38822493,0.0,0,209894880.8514093,0.0,0,10668.96875
2020-10-08,217695465.38822493,0.0,0,209894880.8514093,0.0,0,10915.68555
2020-10-09,217695465.38822493,0.0,0,209894880.8514093,0.0,0,11064.45801
2020-10-10,217695465.38822493,0.0,0,209894880.8514093,0.0,0,11296.36133
2020-10-11,217695465.38822493,0.0,0,209894880.8514093,0.0,0,11384.18164
2020-10-12,217695465.38822493,0.0,0,209894880.8514093,0.0,0,11555.36328
2020-10-13,217682388.28878114,7.4985124880979095,1,209894880.8514093,0.0,0,11425.89941
2020-10-14,217791559.86758697,7.544880370488317,1,209894880.8514093,0.0,0,11429.50684
2020-10-15,217995549.25653228,7.631395271468679,1,209894880.8514093,0.0,0,11495.34961
2020-10-16,217303989.0013951,7.337436305753073,1,209894880.8514093,0.0,0,11322.12305
2020-10-17,217438656.08538464,7.394825352725462,1,209894880.8514093,0.0,0,11358.10156
2020-10-18,217657286.1764238,7.487844420083584,1,209894880.8514093,0.0,0,11483.35938
2020-10-19,217266868.12985355,7.321604553985233,1,209894880.8514093,0.0,0,11742.03711
2020-10-20,216670640.7455666,7.0665750903415,1,209894880.8514093,0.0,0,11916.33496
2020-10-21,217185689.28955942,7.286963576086379,1,209894880.8514093,0.0,0,12823.68945
2020-10-22,217656578.47489598,7.487543620565814,1,209894880.8514093,0.0,0,12965.8916
2020-10-23,217643697.90153033,7.482068555157885,1,209894880.8514093,0.0,0,12931.53906
2020-10-24,217619702.96692136,7.471867448893567,1,209894880.8514093,0.0,0,13108.0625
2020-10-25,217363865.82292247,7.362961890548789,1,209894880.8514093,0.0,0,13031.17383
2020-10-26,217920435.5602773,7.599557287567651,1,209894880.8514093,0.0,0,13075.24805
2020-10-27,218177803.69182202,7.708555219036397,1,209894880.8514093,0.0,0,13654.21875
2020-10-28,217499931.07368398,7.420914469006826,1,209894880.8514093,0.0,0,13271.28516
2020-10-29,217222965.28765365,7.302873362441022,1,209894880.8514093,0.0,0,13437.88281
2020-10-30,216003171.29040906,0.0,0,209894880.8514093,0.0,0,13546.52246
2020-10-31,216003171.29040906,0.0,0,209894880.8514093,0.0,0,13780.99512
2020-11-01,216003171.29040906,0.0,0,209894880.8514093,0.0,0,13737.10938
2020-11-02,216003171.29040906,0.0,0,209894880.8514093,0.0,0,13550.48926
2020-11-03,216003171.29040906,0.0,0,209894880.8514093,0.0,0,13950.30078
2020-11-04,216003171.29040906,0.0,0,209894880.8514093,0.0,0,14133.70703
2020-11-05,216003171.29040906,0.0,0,209894880.8514093,0.0,0,15579.84863
2020-11-06,216003171.29040906,0.0,0,209894880.8514093,0.0,0,15565.88086
2020-11-07,216003171.29040906,0.0,0,209894880.8514093,0.0,0,14833.75391
2020-11-08,216003171.29040906,0.0,0,209894880.8514093,0.0,0,15479.56738
2020-11-09,216003171.29040906,0.0,0,209894880.8514093,0.0,0,15332.31543
2020-11-10,216003171.29040906,0.0,0,209894880.8514093,0.0,0,15290.90234
2020-11-11,216003171.29040906,0.0,0,209894880.8514093,0.0,0,15701.33984
2020-11-12,216003171.29040906,0.0,0,209894880.8514093,0.0,0,16276.34375
2020-11-13,216003171.29040906,0.0,0,209894880.8514093,0.0,0,16317.80859
2020-11-14,216003171.29040906,0.0,0,209894880.8514093,0.0,0,16068.13867
2020-11-15,216003171.29040906,0.0,0,209894880.8514093,0.0,0,15955.58789
2020-11-16,216003171.29040906,0.0,0,209894880.8514093,0.0,0,16716.11133
2020-11-17,216003171.29040906,0.0,0,209894880.8514093,0.0,0,17645.40625
2020-11-18,216003171.29040906,0.0,0,209894880.8514093,0.0,0,17804.00586
2020-11-19,216003171.29040906,0.0,0,209875093.39024547,7.506219309653319,1,17817.08984
2020-11-20,216003171.29040906,0.0,0,210586180.3917993,7.818543342745662,1,18621.31445
2020-11-21,216003171.29040906,0.0,0,210604675.84133375,7.826638782568176,1,18642.23242
2020-11-22,215230144.91344187,14.724819462778704,2,209074016.18284976,29.861879963429878,4,18370.00195
2020-11-23,217587108.6221249,15.64854379116562,2,217235025.5740774,32.49680430304247,4,18364.12109
2020-11-24,219859960.43795428,23.960438403475,3,220813398.47785437,33.59072164712326,4,19107.46484
2020-11-25,215587192.25918448,30.11611039318615,4,216177014.50592893,32.1664309358924,4,18732.12109
2020-11-26,209234162.3914367,0.0,0,208548538.13687488,16.079319483485534,2,17150.62305
2020-11-27,209234162.3914367,0.0,0,209415794.01144034,16.4268610980951,2,17108.40234
2020-11-28,209234162.3914367,0.0,0,212240951.98556823,17.5393104985655,2,17717.41406
2020-11-29,209234162.3914367,0.0,0,211980010.58804294,17.43780372205525,2,18177.48438
2020-11-30,209234162.3914367,0.0,0,215262546.67511618,18.696793699161674,2,19625.83594
2020-12-01,209234162.3914367,0.0,0,212763185.63843223,17.74171274671195,2,18802.99805
2020-12-02,209234162.3914367,0.0,0,213699991.65756142,18.102312005628267,2,19201.0918
2020-12-03,209234162.3914367,0.0,0,213970799.7341936,18.205964258150235,2,19445.39844
2020-12-04,209234162.3914367,0.0,0,210753730.67137265,16.95741192614581,2,18699.76562
2020-12-05,209234162.3914367,0.0,0,212091510.39247477,17.481207952245395,2,19154.23047
2020-12-06,209234162.3914367,0.0,0,213481275.25496075,18.018405969007258,2,19345.12109
2020-12-07,209234162.3914367,0.0,0,212969341.2633005,17.82133927186672,2,19191.63086
2020-12-08,209234162.3914367,0.0,0,210473200.00204134,16.8467280347281,2,18321.14453
2020-12-09,209234162.3914367,0.0,0,211532080.60805312,17.26297405640647,2,18553.91602
2020-12-10,209234162.3914367,0.0,0,210910082.64451742,17.01897310111477,2,18264.99219
2020-12-11,209234162.3914367,0.0,0,209815623.44819403,16.586119977418424,2,18058.9043
2020-12-12,209234162.3914367,0.0,0,209092829.03126407,16.297773949225515,2,18803.65625
2020-12-13,209234162.3914367,0.0,0,209566807.42303437,16.48708373057392,2,19142.38281
2020-12-14,209234162.3914367,0.0,0,209185075.67916065,16.334685042187562,2,19246.64453
2020-12-15,209234162.3914367,0.0,0,208370770.99284196,16.00772431862803,2,19417.07617
2020-12-16,209234162.3914367,0.0,0,213453894.0202583,18.007889612406,2,21310.59766
2020-12-17,209234162.3914367,0.0,0,215052755.5599739,18.61747971748271,2,22805.16211
2020-12-18,209493133.28141567,7.629888781759559,1,215875197.98067465,26.414459945404943,3,23137.96094
2020-12-19,209602636.52534625,7.678145936289208,1,216458518.27829474,26.61276093843862,3,23869.83203
2020-12-20,209089849.4223499,7.451729129259254,1,214788153.55802375,26.04204298674575,3,23477.29492
2020-12-21,208394818.63516036,7.143065516710731,1,212129724.63873228,25.115195171944745,3,22803.08203
2020-12-22,209005960.20559904,7.414582810812852,1,209996894.29074466,17.59863170810537,2,23783.0293
2020-12-23,207605152.72797966,0.0,0,208078180.77855656,9.875977912625665,1,23241.3457
2020-12-24,207605152.72797966,0.0,0,208515504.04221186,10.064996622069032,1,23735.94922
2020-12-25,207605152.72797966,0.0,0,209336776.25964752,10.417830562521354,1,24664.79102
2020-12-26,207865818.29682955,7.636627384098194,1,211166617.51568252,18.649583103168492,2,26437.03711
2020-12-27,207627667.2604545,7.530685660618834,1,210780816.75230625,18.500684102664778,2,26272.29492
2020-12-28,208983640.65187925,15.60306772639682,2,212873672.3284706,26.749198911731924,3,27084.80859
2020-12-29,210224753.76373255,23.570859833208814,3,214384548.04563951,34.72637428962839,4,27362.4375
2020-12-30,210014904.6221599,23.49449101793834,3,215475973.68455637,35.056997270126686,4,28840.95312
2020-12-31,208879767.20802504,23.078729037763022,3,214468951.79558617,34.7520625710157,4,29001.7207
2021-01-01,208362697.92706928,22.8878425371449,3,214270199.40325212,34.69153999860486,4,29374.15234
2021-01-02,210867854.31521308,23.80395189150316,3,219239312.68011224,36.17177240636527,4,32127.26758
2021-01-03,219108294.21983674,27.41791158893981,3,228132501.40147436,39.40719593310347,4,32782.02344
2021-01-04,221677732.68837315,28.259201364996194,3,230035197.7214699,39.90837882362743,4,31971.91406
2021-01-05,226481217.21009696,29.780766023047594,3,236705169.0372237,41.60166415066022,4,33992.42969
2021-01-06,236728208.75397617,32.820268161668075,3,249625362.11852717,44.624264772635556,4,36824.36328
2021-01-07,231883267.66515654,40.68582817971289,4,245597237.76446408,45.30421460105917,4,39371.04297
2021-01-08,233484698.6967848,41.09265379140616,4,247784721.3405494,45.78707783650795,4,40797.60938
2021-01-09,237463718.922706,42.079724671466074,4,251614601.8038883,46.612264490883035,4,40254.54688
2021-01-10,232847944.92599958,40.93156379408111,4,246176313.1295194,45.432874346971516,4,38356.44141
2021-01-11,219863254.33663565,30.18799107394685,3,233126116.27699688,42.378254200500095,4,35566.65625
2021-01-12,219009599.07534027,29.915877938390533,3,230815219.25244862,41.801351510336914,4,33922.96094
2021-01-13,225173656.80731782,31.834408643127404,3,240068971.87772405,44.04468971450521,4,37316.35938
2021-01-14,227461380.1631499,32.519993225878856,3,244040837.9760811,44.95538565289479,4,39187.32812
2021-01-15,224738166.8943741,31.702319697773877,3,239192042.98989335,43.83954564949568,4,36825.36719
2021-01-16,230137930.0409491,40.64530985172746,4,244095178.5691551,52.333528770247554,5,36178.14062
2021-01-17,234666532.3890499,41.790738586024496,4,248478254.4278109,53.17434987065148,5,35791.27734
2021-01-18,234808715.6832716,41.825985934139176,4,249308335.8233016,53.3302576178825,5,36630.07422
2021-01-19,236464461.80892086,42.233325784136795,4,250440751.82245332,53.541283828933274,5,36069.80469
2021-01-20,237586216.85573116,42.5060691242037,4,251166524.25514054,53.67553123931169,5,35547.75
2021-01-21,220793168.42713332,31.274626208232203,3,229810488.04917493,42.357390552107674,4,30825.69922
2021-01-22,227781742.85259938,33.38319023819728,3,238838758.42799526,44.53632108608635,4,33005.76172
2021-01-23,227365699.4538376,33.261291974674926,3,237585323.28735042,44.243709896059,4,32067.64258
2021-01-24,232135353.14838454,41.995994611137554,4,242620410.45737904,52.762699087034136,5,32289.37891
2021-01-25,228421558.09816182,41.05293569016795,4,238894846.93985084,52.02603369972187,5,32366.39258
2021-01-26,227978471.78660354,34.21738292095788,3,238600834.7610269,45.25650065046225,4,32569.84961
2021-01-27,221398531.95183784,32.26233083123722,3,230031627.40113604,43.21717935002997,4,30432.54688
2021-01-28,226107394.81325948,27.019290529771506,2,237504494.71335787,38.61652665196569,3,33466.09766
2021-01-29,225167600.98697525,27.717768385836226,2,237223307.4740221,39.54386324824469,3,34316.38672
2021-01-30,224566725.27648664,28.2990032225008,2,236509553.46424705,40.13632031751302,3,34269.52344
2021-01-31,221600684.45123807,27.339312668386672,2,232471698.06945872,39.0965340383007,3,33114.35938
2021-02-01,227900771.437631,29.347944090705226,2,239258678.7359721,40.824164769146,3,33537.17578
2021-02-02,233382163.3307423,31.007332284583704,2,246575280.53342164,42.58008296775454,3,35510.28906
2021-02-03,238050000.9129746,32.360184903887905,2,253053216.28289387,44.0499814291876,3,37472.08984
2021-02-04,236510144.21214917,31.919799469828412,2,251007080.15801904,43.59389328174139,3,36926.06641
2021-02-05,247922977.7615835,35.05378891960888,2,263699823.4325782,46.30890545874155,3,38144.30859
2021-02-06,254021073.9954799,43.94351187814575,3,270863474.9169385,55.04117024631695,4,39266.01172
2021-02-07,255067772.06074405,45.10841188285281,3,271586260.27804875,56.113433824366055,4,38903.44141
2021-02-08,258436402.1293485,46.588063697793366,3,281393818.44185567,58.3902995513519,4,46196.46484
2021-02-09,260930563.94658023,54.539931121057485,4,284100062.94916683,58.786659981973,4,46481.10547
2021-02-10,284596291.6283154,65.19809101400939,5,307809731.72255147,68.88508283509623,5,44918.18359
2021-02-11,287613366.05616903,65.56316427566586,5,312276521.6065796,69.33014926698657,5,47909.33203
2021-02-12,294678624.46334815,66.38882695670048,5,319624060.2540952,70.0351897867622,5,47504.85156
2021-02-13,293069315.6369492,66.20426052630962,5,317837695.3279742,69.8667765155561,5,47105.51562
2021-02-14,286275106.23555875,73.10020799534642,6,312180996.56328094,69.32076452271487,5,48717.28906
2021-02-15,282335420.3870963,65.72799400712576,5,309406365.4445852,69.04564554986904,5,47945.05859
2021-02-16,283499018.5918174,65.8686606127584,5,311153684.85600454,69.21947329812053,5,49199.87109
2021-02-17,294848635.34580535,67.18247921290612,5,324522165.96799487,70.48745722335961,5,52149.00781
2021-02-18,304434922.6328277,68.21586322677742,5,334464755.0740505,71.36477264105754,5,51679.79688
2021-02-19,333523923.2728292,70.98798453629396,5,367794532.5201402,73.95971538926021,5,55888.13281
2021-02-20,334806568.26891106,71.0991296570518,5,368163165.7740451,73.98578892333711,5,56099.51953
2021-02-21,341219024.04575586,71.64225750141733,5,375861023.68019414,74.51857547951674,5,57539.94531
2021-02-22,329794068.2612158,70.65986883717046,5,362300019.5651519,73.56479771490562,5,54207.32031
2021-02-23,296730769.2355508,61.62764268487428,4,325402158.7411551,64.96361769239918,4,48824.42578
2021-02-24,311221851.50180024,63.41433273867403,4,340858385.4974359,66.55234278383483,4,49705.33203
2021-02-25,305406506.7029242,62.7176931283447,4,333493043.6967994,65.81363643752927,4,47093.85156
2021-02-26,317242228.4732086,53.49755708071395,3,345049239.68699926,57.05448832264396,3,46339.76172
2021-02-27,325253884.2517209,54.64300555517676,3,353186335.30987775,58.043914300252894,3,46188.45312
2021-02-28,320480052.22087216,53.96737326105039,3,347644156.3883729,57.37504606380763,3,45137.76953
2021-03-01,329147362.528006,55.179532632872785,3,359098961.6863147,58.73472849196049,3,49631.24219
2021-03-02,319957212.8957577,53.892151742274116,3,348973406.16130674,57.53740574320052,3,48378.98828
2021-03-03,320350526.4729839,53.948761116187484,3,350380374.6757135,57.70791624400881,3,50538.24219
2021-03-04,308477889.87000775,52.176350054199375,3,337241716.9133595,56.06025171539554,3,48561.16797
2021-03-05,312741955.6861274,52.82839941063631,3,341706934.27990276,56.6344294900884,3,48927.30469
2021-03-06,309462403.1324994,52.32849460279658,3,338363265.61301756,56.20589568021133,3,48912.38281
2021-03-07,313084631.1332419,52.88002937811365,3,343272973.7627491,56.83226678228843,3,51206.69141
2021-03-08,312188084.2848224,52.744709475512465,3,342836517.091186,56.77731101118512,3,52246.52344
2021-03-09,329746786.5749573,55.26100868367683,3,362575995.0735606,59.13045443277496,3,54824.11719
2021-03-10,319784157.44477713,54.669674949490734,3,352581716.5016656,58.772256242625375,3,56008.55078
2021-03-11,326734831.49035215,62.983482072979754,4,361052658.21300626,67.07258680708256,4,57805.12109
2021-03-12,314401055.06568897,61.531344910030306,4,347957289.56048703,65.83336398442025,4,57332.08984
2021-03-13,324629604.6965524,62.74342952008344,4,360374970.1603123,67.01066653965381,4,61243.08594
2021-03-14,327710099.8058896,63.093643575805395,4,363310603.74223757,67.27722797263702,4,59302.31641
2021-03-15,326081236.2158289,62.909286386416596,4,360298955.92159927,67.00370659978326,4,55907.19922
2021-03-16,339074147.87934697,64.33055771757576,4,373435246.2682971,68.16441356250702,4,56804.90234
2021-03-17,356325822.4534054,66.05750977021574,4,392287503.7677876,69.69434420623757,4,58870.89453
2021-03-18,340469953.43887764,64.47678972818429,4,375438953.3235327,68.3343191852126,4,57858.92188
2021-03-19,346667178.8013357,65.11182342365444,4,382001272.6055932,68.87829723631455,4,58346.65234
2021-03-20,335216158.99588394,63.92003958438931,4,370072143.3663429,67.8751014511997,4,58313.64453
2021-03-21,336050246.19103044,64.00959117176397,4,370787816.8443613,67.93710709656064,4,57523.42188
2021-03-22,323292703.073961,62.58936365638409,4,356072057.7253256,66.61201067748013,4,54529.14453
2021-03-23,325264621.28048843,62.81616580484196,4,358248252.22432077,66.81482746233546,4,54738.94531
2021-03-24,316995759.4720479,61.84622227316884,4,348664178.7796867,65.90263415361359,4,52774.26562
2021-03-25,316389488.06556374,61.77311129648449,4,347384126.07152176,65.77699103345567,4,51704.16016
2021-03-26,335904005.2746117,63.993922200014076,4,369460199.58874923,67.82189238620528,4,55137.3125
2021-03-27,334841322.4470122,63.87965004182393,4,368884487.28210914,67.77167251197271,4,55973.51172
2021-03-28,336179925.6209988,64.02347426038847,4,370242259.0361076,67.88986191816252,4,55950.74609
2021-03-29,342880289.7573149,64.72650628064709,4,378288409.6651234,68.57284083351887,4,57750.19922
2021-03-30,352674686.31766486,65.70611326396534,4,389408895.0666199,69.47031716020004,4,58917.69141
2021-03-31,346375803.3996128,65.08247507897927,4,382637139.5979351,68.9300153302604,4,58918.83203
2021-04-01,350479191.6228487,65.49128725376781,4,387183151.4625958,69.29481560219865,4,59095.80859
2021-04-02,353145101.2495711,65.75179521265058,4,390180548.43860495,69.53069518981539,4,59384.3125
2021-04-03,340951425.94573957,72.30121861390965,5,378086608.4664954,68.55606679749842,4,57603.89062
2021-04-04,356318368.96644515,73.74447188814285,5,387888874.2006448,69.3506804342338,4,58758.55469
2021-04-05,361627253.4938042,74.12991730356441,5,391627035.7248064,69.64323456531015,4,59057.87891
2021-04-06,369458133.67159045,82.07108771467816,6,402910081.93324244,77.83475818627664,5,58192.35938
2021-04-07,343711041.6381587,74.44242700136304,5,381413459.45417684,69.63371529800068,4,56048.9375
2021-04-08,362759311.93460596,75.78443957714765,5,399404183.2354809,71.0015313181349,4,58323.95312
2021-04-09,367085755.60992503,76.06984225658881,5,406142762.3292858,71.48266379896818,4,58245.00391
2021-04-10,374212527.25693846,76.52558533650235,5,411715788.80513835,71.86867734032487,4,59793.23438
2021-04-11,389114934.2192896,84.63945604062553,6,429155338.53575444,73.01184755506645,4,60204.96484
2021-04-12,409840385.7156487,92.54116578945279,7,447060802.5126374,81.29662967297602,5,59893.45312
2021-04-13,436432833.33370113,92.99564272813915,7,465205573.32288307,82.0261316123852,5,63503.45703
2021-04-14,443918841.9074113,93.82712537793414,7,473371112.4162555,83.10135296350578,5,63109.69531
2021-04-15,473862107.4430521,94.2171882696984,7,501332486.9434341,84.04386000443354,5,63314.01172
2021-04-16,525168521.33580524,94.78214088975272,7,559260802.3746109,86.39309315440185,5,61572.78906
2021-04-17,489772581.81594855,100.0,8,521818480.3008764,85.41674944912252,5,60683.82031
2021-04-18,468684306.0049419,89.38952993709638,6,511601386.7236053,85.12551013780376,5,56216.18359
2021-04-19,493731789.4174053,92.30405710900128,6,543188877.7109485,83.9480642763092,5,55724.26562
2021-04-20,471409864.1064032,56.151794370785765,3,517663210.4660307,49.00559574298238,2,56473.03125
2021-04-21,456562565.67523766,54.72586188399677,3,504143598.8488265,47.63807953970254,2,53906.08984
2021-04-22,428094508.093367,51.715155728021415,3,476426613.5063342,44.591829517644285,2,51762.27344
2021-04-23,419001976.9867328,45.97994367635695,2,471402804.2712968,44.78852606795645,2,51093.65234
2021-04-24,422018277.1955079,46.36604237390592,2,474806619.92936194,45.184328635963396,2,50050.86719
2021-04-25,416121880.2224816,45.60605564783223,2,468281316.14728534,44.420495240662376,2,49004.25391
2021-04-26,426708738.56976986,54.3111018613622,3,479827970.13973284,53.119103532164836,3,54021.75391
2021-04-27,432608128.47519517,48.43053913944433,2,486228858.21493685,47.22455222561558,2,55033.11719
2021-04-28,451680593.92015946,50.60808843759336,2,507278839.23832345,49.414515788494654,2,54824.70312
2021-04-29,451167169.2226846,50.551880829900355,2,506617734.61332333,49.34850487871942,2,53555.10938
2021-04-30,468251394.56294894,52.3560031888796,2,525397590.6285858,51.158996213857385,2,57750.17578
2021-05-01,489061398.63071036,54.38329826925147,2,548361079.150905,53.204290587408266,2,57828.05078
2021-05-02,480930943.4810634,61.25304976643271,3,539350116.5851963,60.061910990207934,3,56631.07812
2021-05-03,515609913.8097176,63.85909806280353,3,577447496.5167441,62.696845871602655,3,57200.29297
2021-05-04,539694518.6516489,66.548058677726,3,604120008.0641849,65.41327352340936,3,53333.53906
2021-05-05,598925455.2345507,76.60192240662705,4,665652755.7907777,68.61046048982467,3,57424.00781
2021-05-06,558088605.524745,83.78958560512505,5,628493384.0240939,66.75456892772847,3,56396.51562
2021-05-07,594006171.7525332,93.65677272127806,7,671566777.9415555,75.9137426257384,4,57356.40234
2021-05-08,583879068.0645224,100.0,8,659284662.7915859,75.46502873430663,4,58803.77734
2021-05-09,573607761.4795418,100.0,8,638497292.6985104,74.66625083226194,4,58232.31641
2021-05-10,505565832.48206335,98.84196638059274,7,577313929.9971888,71.98139622651637,4,55859.79688
2021-05-11,541450373.5875877,98.91871488247641,7,611066583.5795567,73.52902172665125,4,56704.57422
2021-05-12,455727363.20882183,82.45104011057683,5,536214187.30893093,69.83382640678876,4,49150.53516
2021-05-13,502463320.5943508,76.87564861388866,4,588166739.7869875,72.49839346005508,4,49716.19141
2021-05-14,541182464.8008518,78.53009079233233,4,630900847.3890477,74.36121646619189,4,49880.53516
2021-05-15,513049696.14734554,77.35280135373256,4,599990919.7964269,73.04037490601999,4,46760.1875
2021-05-16,518573872.0964961,77.59405359725875,4,606154042.1497601,73.31448916823776,4,46456.05859
2021-05-17,488329442.1172437,76.2063529618875,4,572705682.4205785,71.75594593520194,4,43537.51172
2021-05-18,483812253.94597113,56.85154276564142,3,567729650.6637166,53.75599769289213,3,42909.40234
2021-05-19,407508988.09765464,31.958221394363857,1,482942514.07626206,29.74137031792226,1,37002.44141
2021-05-20,433730027.1964189,36.0716699114062,1,511861730.2810241,33.71084953823983,1,40782.73828
2021-05-21,417774803.3242773,33.6301851444468,1,494264694.2895866,31.35079311504329,1,37304.69141
2021-05-22,411124438.8933461,32.556584515909705,1,486929999.1963009,30.31672045217978,1,37536.63281
2021-05-23,397715040.6334559,30.282655884010403,1,472140757.3972678,28.133975466842294,1,34770.58203
2021-05-24,396945112.1112497,0.0,0,471291602.2851448,0.0,0,38705.98047
2021-05-25,396945112.1112497,0.0,0,471291602.2851448,0.0,0,38402.22266
2021-05-26,396945112.1112497,0.0,0,471291602.2851448,0.0,0,39294.19922
2021-05-27,396945112.1112497,0.0,0,471291602.2851448,0.0,0,38436.96875
2021-05-28,396945112.1112497,0.0,0,471291602.2851448,0.0,0,35697.60547
2021-05-29,396945112.1112497,0.0,0,471291602.2851448,0.0,0,34616.06641
2021-05-30,396945112.1112497,0.0,0,471291602.2851448,0.0,0,35678.12891
2021-05-31,396945112.1112497,0.0,0,471291602.2851448,0.0,0,37332.85547
2021-06-01,396945112.1112497,0.0,0,471291602.2851448,0.0,0,36684.92578
2021-06-02,396945112.1112497,0.0,0,471291602.2851448,0.0,0,37575.17969
2021-06-03,396945112.1112497,0.0,0,471291602.2851448,0.0,0,39208.76562
2021-06-04,396945112.1112497,0.0,0,471291602.2851448,0.0,0,36894.40625
2021-06-05,396945112.1112497,0.0,0,471291602.2851448,0.0,0,35551.95703
2021-06-06,396945112.1112497,0.0,0,471291602.2851448,0.0,0,35862.37891
2021-06-07,396945112.1112497,0.0,0,471291602.2851448,0.0,0,33560.70703
2021-06-08,396945112.1112497,0.0,0,471291602.2851448,0.0,0,33472.63281
2021-06-09,396945112.1112497,0.0,0,471291602.2851448,0.0,0,37345.12109
2021-06-10,396945112.1112497,0.0,0,471291602.2851448,0.0,0,36702.59766
2021-06-11,396945112.1112497,0.0,0,471291602.2851448,0.0,0,37334.39844
2021-06-12,396945112.1112497,0.0,0,471291602.2851448,0.0,0,35552.51562
2021-06-13,396945112.1112497,0.0,0,471291602.2851448,0.0,0,39097.85938
2021-06-14,396945112.1112497,0.0,0,471291602.2851448,0.0,0,40218.47656
2021-06-15,396945112.1112497,0.0,0,471291602.2851448,0.0,0,40406.26953
2021-06-16,396945112.1112497,0.0,0,471291602.2851448,0.0,0,38347.0625
2021-06-17,396945112.1112497,0.0,0,471291602.2851448,0.0,0,38053.50391
2021-06-18,396945112.1112497,0.0,0,471291602.2851448,0.0,0,35787.24609
2021-06-19,396945112.1112497,0.0,0,471291602.2851448,0.0,0,35615.87109
2021-06-20,396945112.1112497,0.0,0,471291602.2851448,0.0,0,35698.29688
2021-06-21,396945112.1112497,0.0,0,471291602.2851448,0.0,0,31676.69336
2021-06-22,396945112.1112497,0.0,0,471291602.2851448,0.0,0,32505.66016
2021-06-23,396945112.1112497,0.0,0,471291602.2851448,0.0,0,33723.02734
2021-06-24,396945112.1112497,0.0,0,471291602.2851448,0.0,0,34662.4375
2021-06-25,396945112.1112497,0.0,0,471291602.2851448,0.0,0,31637.7793
2021-06-26,396945112.1112497,0.0,0,471291602.2851448,0.0,0,32186.27734
2021-06-27,396945112.1112497,0.0,0,471291602.2851448,0.0,0,34649.64453
2021-06-28,396945112.1112497,0.0,0,471291602.2851448,0.0,0,34434.33594
2021-06-29,396945112.1112497,0.0,0,471291602.2851448,0.0,0,35867.77734
2021-06-30,396945112.1112497,0.0,0,471291602.2851448,0.0,0,35040.83594
2021-07-01,396945112.1112497,0.0,0,471291602.2851448,0.0,0,33572.11719
2021-07-02,396945112.1112497,0.0,0,471291602.2851448,0.0,0,33897.04688
2021-07-03,396945112.1112497,0.0,0,471291602.2851448,0.0,0,34668.54688
2021-07-04,396945112.1112497,0.0,0,471291602.2851448,0.0,0,35287.78125
2021-07-05,396945112.1112497,0.0,0,471291602.2851448,0.0,0,33746.00391
2021-07-06,396945112.1112497,0.0,0,471291602.2851448,0.0,0,34235.19531
2021-07-07,396945112.1112497,0.0,0,471291602.2851448,0.0,0,33855.32812
2021-07-08,396945112.1112497,0.0,0,471291602.2851448,0.0,0,32877.37109
2021-07-09,396945112.1112497,0.0,0,471291602.2851448,0.0,0,33798.01172
2021-07-10,396945112.1112497,0.0,0,471291602.2851448,0.0,0,33520.51953
2021-07-11,396945112.1112497,0.0,0,471291602.2851448,0.0,0,34240.1875
2021-07-12,396945112.1112497,0.0,0,471291602.2851448,0.0,0,33155.84766
2021-07-13,396945112.1112497,0.0,0,471291602.2851448,0.0,0,32702.02539
2021-07-14,396945112.1112497,0.0,0,471291602.2851448,0.0,0,32822.34766
2021-07-15,396945112.1112497,0.0,0,471291602.2851448,0.0,0,31780.73047
2021-07-16,396945112.1112497,0.0,0,471291602.2851448,0.0,0,31421.53906
2021-07-17,396945112.1112497,0.0,0,471291602.2851448,0.0,0,31533.06836
2021-07-18,396945112.1112497,0.0,0,471291602.2851448,0.0,0,31796.81055
2021-07-19,396945112.1112497,0.0,0,471291602.2851448,0.0,0,30817.83203
2021-07-20,396945112.1112497,0.0,0,471291602.2851448,0.0,0,29807.34766
2021-07-21,396945112.1112497,0.0,0,471291602.2851448,0.0,0,32110.69336
2021-07-22,396945112.1112497,0.0,0,471291602.2851448,0.0,0,32313.10547
2021-07-23,396945112.1112497,0.0,0,471291602.2851448,0.0,0,33581.55078
2021-07-24,396945112.1112497,0.0,0,471291602.2851448,0.0,0,34292.44531
2021-07-25,396945112.1112497,0.0,0,471291602.2851448,0.0,0,35350.1875
2021-07-26,396945112.1112497,0.0,0,471291602.2851448,0.0,0,37337.53516
2021-07-27,396945112.1112497,0.0,0,471291602.2851448,0.0,0,39406.94141
2021-07-28,396945112.1112497,0.0,0,471291602.2851448,0.0,0,39995.90625
2021-07-29,396945112.1112497,0.0,0,471291602.2851448,0.0,0,40008.42188
2021-07-30,396945112.1112497,0.0,0,471291602.2851448,0.0,0,42235.54688
2021-07-31,396945112.1112497,0.0,0,471291602.2851448,0.0,0,41626.19531
2021-08-01,396945112.1112497,0.0,0,471291602.2851448,0.0,0,39974.89453
2021-08-02,396945112.1112497,0.0,0,471291602.2851448,0.0,0,39201.94531
2021-08-03,396945112.1112497,0.0,0,471291602.2851448,0.0,0,38152.98047
2021-08-04,396945112.1112497,0.0,0,471291602.2851448,0.0,0,39747.50391
2021-08-05,396945112.1112497,0.0,0,471291602.2851448,0.0,0,40869.55469
2021-08-06,396945112.1112497,0.0,0,471291602.2851448,0.0,0,42816.5
2021-08-07,396945112.1112497,0.0,0,471291602.2851448,0.0,0,44555.80078
2021-08-08,396945112.1112497,0.0,0,471291602.2851448,0.0,0,43798.11719
2021-08-09,396945112.1112497,0.0,0,471291602.2851448,0.0,0,46365.40234
2021-08-10,396945112.1112497,0.0,0,471291602.2851448,0.0,0,45585.03125
2021-08-11,396945112.1112497,0.0,0,471291602.2851448,0.0,0,45593.63672
2021-08-12,396945112.1112497,0.0,0,471291602.2851448,0.0,0,44428.28906
2021-08-13,396945112.1112497,0.0,0,471291602.2851448,0.0,0,47793.32031
2021-08-14,396945112.1112497,0.0,0,471291602.2851448,0.0,0,47096.94531
2021-08-15,396945112.1112497,0.0,0,471291602.2851448,0.0,0,47047.00391
2021-08-16,401810934.1766301,8.606787838823534,1,477068776.5282801,8.606787838823532,1,46004.48438
2021-08-17,402795951.1751107,8.830285287747401,1,478238283.9118649,8.830285287747403,1,44695.35938
2021-08-18,407411603.4470863,9.863166279075449,1,483718432.39708114,9.86316627907545,1,44801.1875
2021-08-19,407530306.87449396,9.88942089356144,1,483859368.5789178,9.889420893561443,1,46717.57812
2021-08-20,411024805.16036713,18.136269350889034,2,488008374.6910532,18.136269350889037,2,49339.17578
2021-08-21,407992382.29391897,17.5278132631617,2,484407989.17696255,17.527813263161704,2,48905.49219
2021-08-22,410967921.643728,18.1249383037701,2,487940837.08224416,18.1249383037701,2,49321.65234
2021-08-23,415140221.7939035,18.9478104666616,2,492894595.0779835,18.947810466661604,2,49546.14844
2021-08-24,409879110.28464776,17.90744369386343,2,486648095.001915,17.90744369386343,2,47706.11719
2021-08-25,410803010.6968963,18.09207074049853,2,487745038.867339,18.092070740498535,2,48960.78906
2021-08-26,410116449.11270523,17.954951544738694,2,486929886.59764653,17.954951544738698,2,46942.21875
2021-08-27,422334738.92011523,20.32854312248241,2,501436621.1683059,20.328543122482415,2,49058.66797
2021-08-28,425890156.23330873,20.99365658660883,2,505657956.2375678,20.99365658660883,2,48902.40234
2021-08-29,424759908.0148808,20.78342775567979,2,504316016.3129024,20.783427755679792,2,48829.83203
2021-08-30,432118253.58094937,22.13237080148415,2,513052555.3612238,22.132370801484154,2,47054.98438
2021-08-31,431471477.4677485,22.01564715881661,2,512284640.2480009,22.015647158816613,2,47166.6875
2021-09-01,434120840.3327589,22.491571899750333,2,515430219.9052095,22.491571899750337,2,48847.02734
2021-09-02,444388599.57340837,31.605033759084318,3,527621096.0660615,31.60503375908432,3,49327.72266
2021-09-03,455956338.01484334,33.3402329749354,3,541355433.178522,33.340232974935404,3,50025.375
2021-09-04,449665555.7591187,32.40766859636277,3,533886408.47342247,32.407668596362775,3,49944.625
2021-09-05,452831996.59103435,32.88030992845077,3,537645913.0691018,32.88030992845077,3,51753.41016
2021-09-06,463994933.63564134,34.4950966866842,3,550899630.8387427,34.495096686684214,3,52633.53516
2021-09-07,456583515.48462063,21.006415069422257,1,542100078.8880419,21.00641506942226,1,46811.12891
2021-09-08,466494634.6587625,22.684708400303442,1,553867517.4922769,22.684708400303442,1,46091.39062
2021-09-09,464918382.63128984,22.422579842493075,1,551996038.7387493,22.422579842493086,1,46391.42188
2021-09-10,460303858.73495924,21.644869961641053,1,546517229.9701576,21.64486996164106,1,44883.91016
2021-09-11,459751394.1859955,21.550713789146393,1,545861290.6613146,21.5507137891464,1,45201.45703
2021-09-12,457352754.9412122,21.139277464345454,1,543013394.3187565,21.13927746434546,1,46063.26953
2021-09-13,454434623.38260585,20.632876870454,1,539548706.4917176,20.632876870454012,1,44963.07422
2021-09-14,448244641.9704927,19.536865962782908,1,532199362.29066736,19.536865962782915,1,47092.49219
2021-09-15,448811069.63979805,19.638415475619755,1,532871879.965531,19.63841547561976,1,48176.34766
2021-09-16,445131153.5108843,18.9740632084197,1,528502727.869297,18.974063208419707,1,47783.35938
2021-09-17,442427438.6815914,18.47890624547553,1,525292616.30691445,18.478906245475535,1,47267.51953
2021-09-18,454387358.38929456,20.624621168629133,1,539492588.9234443,20.624621168629137,1,48278.36328
2021-09-19,445154769.1030359,18.978361658329213,1,528530766.5827726,18.97836165832922,1,47260.21875
2021-09-20,433864504.4185921,16.869971290533215,1,515125873.1327593,16.86997129053322,1,42843.80078
2021-09-21,429331130.59393203,15.992188457330808,1,509743413.5724996,15.99218845733081,1,40693.67578
2021-09-22,442610894.8117454,18.512695617950175,1,525510433.1558724,18.51269561795018,1,43574.50781
2021-09-23,443624201.4977462,18.69882529725021,1,526713528.790711,18.698825297250213,1,44895.09766
2021-09-24,437886669.1364114,17.633553952517307,1,519901375.8324489,17.63355395251731,1,42839.75
2021-09-25,436104841.4352411,17.297022913945593,1,517785817.76998997,17.297022913945597,1,42716.59375
2021-09-26,435839204.0586698,17.246616705272306,1,517470427.40237653,17.24661670527231,1,43208.53906
2021-09-27,436409223.9350848,17.35470578939671,1,518147210.0927116,17.354705789396714,1,42235.73047
2021-09-28,433533674.8221692,16.806534756197426,1,514733080.2608375,16.80653475619743,1,41034.54297
2021-09-29,435646484.26029885,17.210008547237578,1,517241611.8311676,17.210008547237578,1,41564.36328
2021-09-30,438813610.7112436,17.807543275885916,1,521001930.46002406,17.80754327588592,1,43790.89453
2021-10-01,450231884.7525722,19.892015803907174,1,534558808.99077773,19.892015803907178,1,48116.94141
2021-10-02,454336839.2789545,20.61579517616102,1,539432607.7529204,20.61579517616102,1,47711.48828
2021-10-03,456273444.61916566,20.95273320488758,1,541731932.7878796,20.95273320488758,1,48199.95312
2021-10-04,453028963.1577085,20.38661621777937,1,537879770.814095,20.38661621777937,1,49112.90234
2021-10-05,451579841.4529101,20.1311365177554,1,536159233.46693355,20.131136517755408,1,51514.8125
2021-10-06,446036093.8737012,19.1384526864123,1,529577160.5315261,19.138452686412304,1,55361.44922
2021-10-07,446132170.622444,19.15586661680283,1,529691232.1335581,19.155866616802832,1,53805.98438
2021-10-08,448717908.91800314,19.621731177823566,1,532761270.55252874,19.62173117782357,1,53967.84766
2021-10-09,447541718.88327175,19.410488035991992,1,531364784.0632203,19.410488035991996,1,54968.22266
2021-10-10,442679831.3792431,18.525385274583574,1,525592281.3116015,18.525385274583577,1,54771.57812
2021-10-11,440912490.83803976,18.19880484723061,1,523493923.8056556,18.19880484723061,1,57484.78906
2021-10-12,445276870.3357567,19.000578940603763,1,528675736.96747875,19.00057894060377,1,56041.05859
2021-10-13,442750365.42237306,18.538364900209757,1,525676026.1447992,18.53836490020976,1,57401.09766
2021-10-14,443625993.375175,18.699153685897546,1,526715656.2807814,18.69915368589755,1,57321.52344
2021-10-15,450738081.6739633,19.981980279125946,1,535159814.9003489,19.98198027912595,1,61593.94922
2021-10-16,447936658.8112873,19.481542760868358,1,531833694.91714376,19.481542760868358,1,60892.17969
2021-10-17,449158059.9420885,19.700497608823035,1,533283860.38940895,19.700497608823035,1,61553.61719
2021-10-18,447766303.67176855,19.45090907337484,1,531631432.83049333,19.450909073374845,1,62026.07812
2021-10-19,447093698.8125533,19.32973154368361,1,530832851.3336251,19.329731543683614,1,64261.99219
2021-10-20,458133371.1290263,21.273648720563582,1,543940217.3043524,21.273648720563582,1,65992.83594
2021-10-21,466094166.9579241,22.61827916934209,1,553392043.5321927,22.618279169342102,1,62210.17188
2021-10-22,469480375.7812989,23.17640828263812,1,557412477.928153,23.176408282638125,1,60692.26562
2021-10-23,470185149.9117128,23.291561387873454,1,558249253.8929842,23.291561387873465,1,61393.61719
2021-10-24,472765411.14796126,23.710221057081085,1,561312789.4177773,23.71022105708109,1,60930.83594
2021-10-25,477054083.8243103,24.39605920736868,1,566404716.124124,24.39605920736868,1,63039.82422
2021-10-26,471350275.9485464,23.481176210718274,1,559632604.1346407,23.481176210718278,1,60363.79297
2021-10-27,462469359.5121988,22.01176582513727,1,549088321.7909555,22.011765825137275,1,58482.38672
2021-10-28,468612067.4787486,23.034059062143612,1,556381538.388402,23.034059062143616,1,60622.13672
2021-10-29,471558277.4185746,23.514928195563336,1,559879563.5834315,23.514928195563343,1,62227.96484
2021-10-30,468917878.40918416,23.084253407665052,1,556744626.6819817,23.08425340766506,1,61888.83203
2021-10-31,472798112.9110373,23.71549774962276,1,561351616.111563,23.715497749622767,1,61318.95703
2021-11-01,473420764.9607981,23.81582858681176,1,562090888.8050522,23.815828586811772,1,61004.40625
2021-11-02,482668297.82863295,25.275455482387077,1,573070453.610085,25.275455482387077,1,63226.40234
2021-11-03,495219849.8211733,27.169379980709184,1,587972869.257092,27.16937998070919,1,62970.04688
2021-11-04,497706400.93924546,27.53324321272126,1,590925143.0723989,27.53324321272127,1,61452.23047
2021-11-05,491661155.8907701,26.642224474717292,1,583747643.87119,26.642224474717295,1,61125.67578
2021-11-06,504102346.8286493,28.452686373634705,1,598519028.2075845,28.452686373634716,1,61527.48047
2021-11-07,499055608.5728828,27.729158657338605,1,592527052.7774719,27.72915865733861,1,63326.98828
2021-11-08,498304313.24733555,27.620195632474815,1,591635042.3534533,27.620195632474815,1,67566.82812
2021-11-09,492030235.6611063,34.298808316447555,2,584185851.0465035,34.29880831644756,2,66971.82812
2021-11-10,486293854.84159595,26.62931901054082,1,577375065.3099931,26.629319010540826,1,64995.23047
2021-11-11,486549341.06348795,26.667845828895288,1,577678403.2456509,26.66784582889529,1,64949.96094
2021-11-12,483370542.05249965,26.18559017019727,1,573904225.8253449,26.185590170197276,1,64155.94141
2021-11-13,490750473.7656373,27.295615189245225,1,582666394.0337918,27.295615189245236,1,64469.52734
2021-11-14,488867396.5374863,27.015563845274364,1,580430622.747022,27.015563845274375,1,65466.83984
2021-11-15,488828180.5911323,34.54800364337045,2,579857183.8903921,26.94338725975799,1,63557.87109
2021-11-16,474422160.40452313,25.597955019603937,1,567812137.9379549,25.39363127746907,1,60161.24609
2021-11-17,474132019.94933784,25.55242541542399,1,567467655.1471612,25.348341277456882,1,60368.01172
2021-11-18,455416909.3192467,31.13830117177143,2,545191359.4265182,30.941413148194698,2,56942.13672
2021-11-19,470879889.5363468,33.39961474739529,2,563593513.7680669,33.19627723518479,2,58119.57812
2021-11-20,477199255.1078527,41.701081282408836,3,571142563.6288323,41.498944811514384,3,59697.19531
2021-11-21,495440247.3081797,43.84751594812866,3,592904183.8041914,43.6461344884386,3,58730.47656
2021-11-22,489043924.56812066,43.11308414638616,3,585331093.7420105,42.91702082365319,3,56289.28906
2021-11-23,500101149.2566967,44.37085252258052,3,598532568.9591568,44.176065985101786,3,57569.07422
2021-11-24,491651530.79454184,43.414799216289545,3,588456167.5504949,43.22016748600668,3,56280.42578
2021-11-25,487112007.7577207,42.88746706596291,3,583068943.1079388,42.69555422169328,3,57274.67969
2021-11-26,462985490.23712826,39.911290586279456,3,554270807.4839685,39.7181987862316,3,53569.76562
2021-11-27,472415701.16493577,18.60981696335651,2,565555474.5881014,18.605388135849125,2,54815.07812
2021-11-28,469577909.7386812,18.11795318779857,2,562159014.7475739,18.1136170832119,2,57248.45703
2021-11-29,469967511.22297066,18.18583312888572,2,562625429.2945678,18.181500613184944,2,57806.56641
2021-11-30,468424407.8480389,17.91631746125424,2,560778558.1196594,17.912039119153416,2,57005.42578
2021-12-01,470288093.4672862,18.24160355896185,2,563009113.8312856,18.237259023237215,2,57229.82812
2021-12-02,464736300.7365808,17.264908451831037,2,556364273.8071618,17.260739934391545,2,56477.81641
2021-12-03,458848317.1071905,9.286355638564563,1,549317118.896188,9.283957591027539,1,53598.24609
2021-12-04,456820714.90880024,8.88372244193302,1,546890371.4573318,8.881418188125812,1,49200.70312
2021-12-05,453799959.5420942,8.277199724950972,1,543274962.8947524,8.275038503081197,1,49368.84766
2021-12-06,456028240.89026636,8.725382944165668,1,545941894.3367388,8.723115828468213,1,50582.625
2021-12-07,457233665.58640057,8.966014126447904,1,547384613.8684103,8.963690627700775,1,50700.08594
2021-12-08,457004612.90037674,8.920387499505436,1,547110470.8340356,8.918074666354709,1,50504.79688
2021-12-09,454073106.93457365,8.332375517887016,1,543601880.9340286,8.330201197724076,1,47672.12109
2021-12-10,452838840.2430851,8.08252438867421,1,542124641.6931098,8.080409519605688,1,47243.30469
2021-12-11,454775259.6542354,8.473906242060501,1,544442256.4847544,8.471698402865321,1,49362.50781
2021-12-12,453325695.0826746,15.71938626956822,2,542706361.2949759,15.717090103067735,2,50098.33594
2021-12-13,448187121.01757574,7.918366902147532,1,536556100.3978129,7.916289778826267,1,46737.48047
2021-12-14,447624370.6137945,7.802602480886016,1,535882569.31653094,7.800553152063385,1,46612.63281
2021-12-15,449804765.9126943,8.24952253899961,1,538492188.062999,8.247366328265326,1,48896.72266
2021-12-16,448679733.56424415,8.019464777510393,1,537145686.578438,8.017363443501713,1,47665.42578
2021-12-17,447488628.63097894,7.774635161162234,1,535720105.73792344,7.772592558611481,1,46202.14453
2021-12-18,447412335.6975278,0.0,0,535628794.09848934,0.0,0,46848.77734
2021-12-19,447412335.6975278,0.0,0,535628794.09848934,0.0,0,46707.01562
2021-12-20,447412335.6975278,0.0,0,535628794.09848934,0.0,0,46880.27734
2021-12-21,447412335.6975278,0.0,0,535628794.09848934,0.0,0,48936.61328
2021-12-22,447412335.6975278,0.0,0,535628794.09848934,0.0,0,48628.51172
2021-12-23,447412335.6975278,0.0,0,535628794.09848934,0.0,0,50784.53906
2021-12-24,450061542.47005564,8.063377658329854,1,538800345.9661292,8.063377658329857,1,50822.19531
2021-12-25,450821351.39845544,8.218326545035051,1,539709966.7065355,8.218326545035053,1,50429.85938
2021-12-26,453545735.5723904,8.76964589169895,1,542971518.7320752,8.769645891698955,1,50809.51562
2021-12-27,449713145.3029198,7.992153458827522,1,538383255.1985952,7.992153458827524,1,50640.41797
2021-12-28,446522264.33339393,7.334658614727034,1,534563227.02893287,7.334658614727036,1,47588.85547
2021-12-29,450191785.8394172,8.089975512484784,1,538956269.4695832,8.089975512484786,1,46444.71094
2021-12-30,451404882.62296325,8.336972741299798,1,540408553.0019147,8.3369727412998,1,47178.125
2021-12-31,449469242.5788894,7.94222576127296,1,538091262.0827906,7.94222576127296,1,46306.44531
2022-01-01,450846951.1501591,8.223538043184037,1,539740613.9709048,8.223538043184043,1,47686.8125
2022-01-02,448991786.1154017,7.844331811575447,1,537519665.3489326,7.84433181157545,1,47345.21875
2022-01-03,453927039.71344525,8.84628048000935,1,543428004.7539449,8.846280480009352,1,46458.11719
2022-01-04,452910955.8965752,8.641781520454654,1,542211579.3089813,8.641781520454655,1,45897.57422
2022-01-05,451360876.1300045,8.328035838309402,1,540355869.7321984,8.328035838309402,1,43569.00391
2022-01-06,452826732.87662977,8.62478944711061,1,542110750.0045358,8.62478944711061,1,43160.92969
2022-01-07,450468649.14697134,8.14646448996453,1,539287722.019554,8.146464489964531,1,41557.90234
2022-01-08,447606189.9396737,7.559057514026646,1,535860870.65442425,7.559057514026647,1,41733.94141
2022-01-09,446808383.45575416,7.393997980620981,1,534905760.36619407,7.393997980620984,1,41911.60156
2022-01-10,451602916.5029822,8.377168196818308,1,540645633.2964932,8.37716819681831,1,41821.26172
2022-01-11,457966239.0688455,9.650243771880168,1,548263614.5644869,9.65024377188017,1,42735.85547
2022-01-12,456608139.95865965,9.381514608291376,1,546637738.542269,9.38151460829138,1,43949.10156
2022-01-13,461508118.4367648,10.3436398892981,1,552503847.6186856,10.343639889298101,1,42591.57031
2022-01-14,463141435.2727236,10.659822444489624,1,554459206.1491147,10.659822444489626,1,43099.69922
2022-01-15,460982026.40748906,10.24132028956078,1,551874025.8262522,10.241320289560782,1,43177.39844
2022-01-16,462838755.4441943,10.601397195296038,1,554096846.8250242,10.60139719529604,1,43113.87891
2022-01-17,457163544.7874824,9.491606379477021,1,547302652.749954,9.491606379477023,1,42250.55078
2022-01-18,457063248.2095156,9.47174549109238,1,547182580.6580104,9.47174549109238,1,42375.63281
2022-01-19,453423473.0415823,8.74504625219424,1,542825149.6521122,8.745046252194241,1,41744.32812
2022-01-20,450993846.12893265,8.253430915441104,1,539916472.2878574,8.253430915441108,1,40680.41797
2022-01-21,443927374.4814377,0.0,0,531456701.76951003,0.0,0,36457.31641
2022-01-22,443927374.4814377,0.0,0,531456701.76951003,0.0,0,35030.25
2022-01-23,443927374.4814377,0.0,0,531456701.76951003,0.0,0,36276.80469
2022-01-24,443927374.4814377,0.0,0,531456701.76951003,0.0,0,36654.32812
2022-01-25,443927374.4814377,0.0,0,531456701.76951003,0.0,0,36954.00391
2022-01-26,443927374.4814377,0.0,0,531456701.76951003,0.0,0,36852.12109
2022-01-27,443927374.4814377,0.0,0,531456701.76951003,0.0,0,37138.23438
2022-01-28,443927374.4814377,0.0,0,531456701.76951003,0.0,0,37784.33203
2022-01-29,443927374.4814377,0.0,0,531456701.76951003,0.0,0,38138.17969
2022-01-30,443927374.4814377,0.0,0,531456701.76951003,0.0,0,37917.60156
2022-01-31,443927374.4814377,0.0,0,531456701.76951003,0.0,0,38483.125
2022-02-01,443927374.4814377,0.0,0,531456701.76951003,0.0,0,38743.27344
2022-02-02,443927374.4814377,0.0,0,531456701.76951003,0.0,0,36952.98438
2022-02-03,443927374.4814377,0.0,0,531456701.76951003,0.0,0,37154.60156
2022-02-04,443927374.4814377,0.0,0,531456701.76951003,0.0,0,41500.875
2022-02-05,443927374.4814377,0.0,0,531456701.76951003,0.0,0,41441.16406
2022-02-06,443927374.4814377,0.0,0,531456701.76951003,0.0,0,42412.43359
2022-02-07,443927374.4814377,0.0,0,531456701.76951003,0.0,0,43840.28516
2022-02-08,443927374.4814377,0.0,0,531456701.76951003,0.0,0,44118.44531
2022-02-09,443927374.4814377,0.0,0,531456701.76951003,0.0,0,44338.79688
2022-02-10,443927374.4814377,0.0,0,531456701.76951003,0.0,0,43565.11328
2022-02-11,443927374.4814377,0.0,0,531456701.76951003,0.0,0,42407.9375
2022-02-12,443927374.4814377,0.0,0,531456701.76951003,0.0,0,42244.46875
2022-02-13,443927374.4814377,0.0,0,531456701.76951003,0.0,0,42197.51562
2022-02-14,443927374.4814377,0.0,0,531456701.76951003,0.0,0,42586.91797
2022-02-15,443927374.4814377,0.0,0,531456701.76951003,0.0,0,44575.20312
2022-02-16,443927374.4814377,0.0,0,531456701.76951003,0.0,0,43961.85938
2022-02-17,443927374.4814377,0.0,0,531456701.76951003,0.0,0,40538.01172
2022-02-18,443927374.4814377,0.0,0,531456701.76951003,0.0,0,40030.97656
2022-02-19,443927374.4814377,0.0,0,531456701.76951003,0.0,0,40122.15625
2022-02-20,443927374.4814377,0.0,0,531456701.76951003,0.0,0,38431.37891
2022-02-21,443927374.4814377,0.0,0,531456701.76951003,0.0,0,37075.28125
2022-02-22,443927374.4814377,0.0,0,531456701.76951003,0.0,0,38286.02734
2022-02-23,443927374.4814377,0.0,0,531456701.76951003,0.0,0,37296.57031
2022-02-24,443927374.4814377,0.0,0,531456701.76951003,0.0,0,38332.60938
2022-02-25,443927374.4814377,0.0,0,531456701.76951003,0.0,0,39214.21875
2022-02-26,443927374.4814377,0.0,0,531456701.76951003,0.0,0,39105.14844
2022-02-27,443927374.4814377,0.0,0,531456701.76951003,0.0,0,37709.78516
2022-02-28,443927374.4814377,0.0,0,531456701.76951003,0.0,0,43193.23438
2022-03-01,443927374.4814377,0.0,0,531456701.76951003,0.0,0,44354.63672
2022-03-02,443927374.4814377,0.0,0,531456701.76951003,0.0,0,43924.11719
2022-03-03,443927374.4814377,0.0,0,531456701.76951003,0.0,0,42451.78906
2022-03-04,443927374.4814377,0.0,0,531456701.76951003,0.0,0,39137.60547
2022-03-05,443927374.4814377,0.0,0,531456701.76951003,0.0,0,39400.58594
2022-03-06,443927374.4814377,0.0,0,531456701.76951003,0.0,0,38419.98438
2022-03-07,443927374.4814377,0.0,0,531456701.76951003,0.0,0,38062.03906
2022-03-08,443927374.4814377,0.0,0,531456701.76951003,0.0,0,38737.26953
2022-03-09,443927374.4814377,0.0,0,531456701.76951003,0.0,0,41982.92578
2022-03-10,443927374.4814377,0.0,0,531456701.76951003,0.0,0,39437.46094
2022-03-11,443927374.4814377,0.0,0,531456701.76951003,0.0,0,38794.97266
2022-03-12,443927374.4814377,0.0,0,531456701.76951003,0.0,0,38904.01172
2022-03-13,443927374.4814377,0.0,0,531456701.76951003,0.0,0,37849.66406
2022-03-14,443927374.4814377,0.0,0,531456701.76951003,0.0,0,39666.75391
2022-03-15,443927374.4814377,0.0,0,531456701.76951003,0.0,0,39338.78516
2022-03-16,443927374.4814377,0.0,0,531456701.76951003,0.0,0,41143.92969
2022-03-17,443927374.4814377,0.0,0,531456701.76951003,0.0,0,40951.37891
2022-03-18,443927374.4814377,0.0,0,531456701.76951003,0.0,0,41801.15625
2022-03-19,443927374.4814377,0.0,0,531456701.76951003,0.0,0,42190.65234
2022-03-20,443927374.4814377,0.0,0,531456701.76951003,0.0,0,41247.82422
2022-03-21,443927374.4814377,0.0,0,531456701.76951003,0.0,0,41077.99609
2022-03-22,443927374.4814377,0.0,0,531456701.76951003,0.0,0,42358.80859
2022-03-23,443927374.4814377,0.0,0,531456701.76951003,0.0,0,42892.95703
2022-03-24,443927374.4814377,0.0,0,531456701.76951003,0.0,0,43960.93359
2022-03-25,443927374.4814377,0.0,0,531456701.76951003,0.0,0,44348.73047
2022-03-26,443927374.4814377,0.0,0,531456701.76951003,0.0,0,44500.82812
2022-03-27,443927374.4814377,0.0,0,531456701.76951003,0.0,0,46820.49219
2022-03-28,443927374.4814377,0.0,0,531456701.76951003,0.0,0,47128.00391
2022-03-29,443927374.4814377,0.0,0,531456701.76951003,0.0,0,47465.73047
2022-03-30,443927374.4814377,0.0,0,531456701.76951003,0.0,0,47062.66406
2022-03-31,443927374.4814377,0.0,0,531456701.76951003,0.0,0,45538.67578
2022-04-01,443927374.4814377,0.0,0,531456701.76951003,0.0,0,46281.64453
2022-04-02,443927374.4814377,0.0,0,531456701.76951003,0.0,0,45868.94922
2022-04-03,443927374.4814377,0.0,0,531456701.76951003,0.0,0,46453.56641
2022-04-04,443927374.4814377,0.0,0,531456701.76951003,0.0,0,46622.67578
2022-04-05,443927374.4814377,0.0,0,531456701.76951003,0.0,0,45555.99219
2022-04-06,443927374.4814377,0.0,0,531456701.76951003,0.0,0,43206.73828
2022-04-07,443927374.4814377,0.0,0,531456701.76951003,0.0,0,43503.84766
2022-04-08,443927374.4814377,0.0,0,531456701.76951003,0.0,0,42287.66406
2022-04-09,443927374.4814377,0.0,0,531456701.76951003,0.0,0,42782.13672
2022-04-10,443927374.4814377,0.0,0,531456701.76951003,0.0,0,42207.67188
2022-04-11,443927374.4814377,0.0,0,531456701.76951003,0.0,0,39521.90234
2022-04-12,443927374.4814377,0.0,0,531456701.76951003,0.0,0,40127.18359
2022-04-13,443927374.4814377,0.0,0,531456701.76951003,0.0,0,41166.73047
2022-04-14,443927374.4814377,0.0,0,531456701.76951003,0.0,0,39935.51562
2022-04-15,443927374.4814377,0.0,0,531456701.76951003,0.0,0,40553.46484
2022-04-16,443927374.4814377,0.0,0,531456701.76951003,0.0,0,40424.48438
2022-04-17,443927374.4814377,0.0,0,531456701.76951003,0.0,0,39716.95312
2022-04-18,443927374.4814377,0.0,0,531456701.76951003,0.0,0,40826.21484
2022-04-19,443927374.4814377,0.0,0,531456701.76951003,0.0,0,41502.75
2022-04-20,443927374.4814377,0.0,0,531456701.76951003,0.0,0,41374.37891
2022-04-21,443927374.4814377,0.0,0,531456701.76951003,0.0,0,40527.36328
2022-04-22,443927374.4814377,0.0,0,531456701.76951003,0.0,0,39740.32031
2022-04-23,443927374.4814377,0.0,0,531456701.76951003,0.0,0,39486.73047
2022-04-24,443927374.4814377,0.0,0,531456701.76951003,0.0,0,39469.29297
2022-04-25,443927374.4814377,0.0,0,531456701.76951003,0.0,0,40458.30859
2022-04-26,443927374.4814377,0.0,0,531456701.76951003,0.0,0,38117.46094
2022-04-27,443927374.4814377,0.0,0,531456701.76951003,0.0,0,39241.12109
2022-04-28,443927374.4814377,0.0,0,531456701.76951003,0.0,0,39773.82812
2022-04-29,443927374.4814377,0.0,0,531456701.76951003,0.0,0,38609.82422
2022-04-30,443927374.4814377,0.0,0,531456701.76951003,0.0,0,37714.875
2022-05-01,443927374.4814377,0.0,0,531456701.76951003,0.0,0,38469.09375
2022-05-02,443927374.4814377,0.0,0,531456701.76951003,0.0,0,38529.32812
2022-05-03,443927374.4814377,0.0,0,531456701.76951003,0.0,0,37750.45312
2022-05-04,443927374.4814377,0.0,0,531456701.76951003,0.0,0,39698.37109
2022-05-05,443927374.4814377,0.0,0,531456701.76951003,0.0,0,36575.14062
2022-05-06,443927374.4814377,0.0,0,531456701.76951003,0.0,0,36040.92188
2022-05-07,443927374.4814377,0.0,0,531456701.76951003,0.0,0,35501.95312
2022-05-08,443927374.4814377,0.0,0,531456701.76951003,0.0,0,34059.26562
2022-05-09,443927374.4814377,0.0,0,531456701.76951003,0.0,0,30296.95312
2022-05-10,443927374.4814377,0.0,0,531456701.76951003,0.0,0,31022.90625
2022-05-11,443927374.4814377,0.0,0,531456701.76951003,0.0,0,28936.35547
2022-05-12,443927374.4814377,0.0,0,531456701.76951003,0.0,0,29047.75195
2022-05-13,443927374.4814377,0.0,0,531456701.76951003,0.0,0,29283.10352
2022-05-14,443927374.4814377,0.0,0,531456701.76951003,0.0,0,30101.26562
2022-05-15,443927374.4814377,0.0,0,531456701.76951003,0.0,0,31305.11328
2022-05-16,443927374.4814377,0.0,0,531456701.76951003,0.0,0,29862.91797
2022-05-17,443927374.4814377,0.0,0,531456701.76951003,0.0,0,30425.85742
2022-05-18,443927374.4814377,0.0,0,531456701.76951003,0.0,0,28720.27148
2022-05-19,443927374.4814377,0.0,0,531456701.76951003,0.0,0,30314.33398
2022-05-20,443927374.4814377,0.0,0,531456701.76951003,0.0,0,29200.74023
2022-05-21,443927374.4814377,0.0,0,531456701.76951003,0.0,0,29432.22656
2022-05-22,443927374.4814377,0.0,0,531456701.76951003,0.0,0,30323.72266
2022-05-23,443927374.4814377,0.0,0,531456701.76951003,0.0,0,29098.91016
2022-05-24,443927374.4814377,0.0,0,531456701.76951003,0.0,0,29655.58594
2022-05-25,443927374.4814377,0.0,0,531456701.76951003,0.0,0,29562.36133
2022-05-26,443927374.4814377,0.0,0,531456701.76951003,0.0,0,29267.22461
2022-05-27,443927374.4814377,0.0,0,531456701.76951003,0.0,0,28627.57422
2022-05-28,443927374.4814377,0.0,0,531456701.76951003,0.0,0,28814.90039
2022-05-29,443927374.4814377,0.0,0,531456701.76951003,0.0,0,29445.95703
2022-05-30,443927374.4814377,0.0,0,531456701.76951003,0.0,0,31726.39062
2022-05-31,443927374.4814377,0.0,0,531456701.76951003,0.0,0,31792.31055
2022-06-01,443927374.4814377,0.0,0,531456701.76951003,0.0,0,29799.08008
2022-06-02,443927374.4814377,0.0,0,531456701.76951003,0.0,0,30467.48828
2022-06-03,443927374.4814377,0.0,0,531456701.76951003,0.0,0,29704.39062
2022-06-04,443927374.4814377,0.0,0,531456701.76951003,0.0,0,29832.91406
2022-06-05,443927374.4814377,0.0,0,531456701.76951003,0.0,0,29906.66211
2022-06-06,443927374.4814377,0.0,0,531456701.76951003,0.0,0,31370.67188
2022-06-07,443927374.4814377,0.0,0,531456701.76951003,0.0,0,31155.47852
2022-06-08,443927374.4814377,0.0,0,531456701.76951003,0.0,0,30214.35547
2022-06-09,443927374.4814377,0.0,0,531456701.76951003,0.0,0,30111.99805
2022-06-10,443927374.4814377,0.0,0,531456701.76951003,0.0,0,29083.80469
2022-06-11,443927374.4814377,0.0,0,531456701.76951003,0.0,0,28360.81055
2022-06-12,443927374.4814377,0.0,0,531456701.76951003,0.0,0,26762.64844
2022-06-13,443927374.4814377,0.0,0,531456701.76951003,0.0,0,22487.38867
2022-06-14,443927374.4814377,0.0,0,531456701.76951003,0.0,0,22206.79297
2022-06-15,443927374.4814377,0.0,0,531456701.76951003,0.0,0,22572.83984
2022-06-16,443927374.4814377,0.0,0,531456701.76951003,0.0,0,20381.65039
2022-06-17,443927374.4814377,0.0,0,531456701.76951003,0.0,0,20471.48242
2022-06-18,443927374.4814377,0.0,0,531456701.76951003,0.0,0,19017.64258
2022-06-19,443927374.4814377,0.0,0,531456701.76951003,0.0,0,20553.27148
2022-06-20,443927374.4814377,0.0,0,531456701.76951003,0.0,0,20599.53711
2022-06-21,443927374.4814377,0.0,0,531456701.76951003,0.0,0,20710.59766
2022-06-22,443927374.4814377,0.0,0,531456701.76951003,0.0,0,19987.0293
2022-06-23,443927374.4814377,0.0,0,531456701.76951003,0.0,0,21085.87695
2022-06-24,443927374.4814377,0.0,0,531456701.76951003,0.0,0,21231.65625
2022-06-25,443927374.4814377,0.0,0,531456701.76951003,0.0,0,21502.33789
2022-06-26,443927374.4814377,0.0,0,531456701.76951003,0.0,0,21027.29492
2022-06-27,443927374.4814377,0.0,0,531456701.76951003,0.0,0,20735.47852
2022-06-28,443927374.4814377,0.0,0,531456701.76951003,0.0,0,20280.63477
2022-06-29,443927374.4814377,0.0,0,531456701.76951003,0.0,0,20104.02344
2022-06-30,443927374.4814377,0.0,0,531456701.76951003,0.0,0,19784.72656
2022-07-01,443927374.4814377,0.0,0,531456701.76951003,0.0,0,19269.36719
2022-07-02,443927374.4814377,0.0,0,531456701.76951003,0.0,0,19242.25586
2022-07-03,443927374.4814377,0.0,0,531456701.76951003,0.0,0,19297.07617
2022-07-04,443927374.4814377,0.0,0,531456701.76951003,0.0,0,20231.26172
2022-07-05,443927374.4814377,0.0,0,531456701.76951003,0.0,0,20190.11523
2022-07-06,443927374.4814377,0.0,0,531456701.76951003,0.0,0,20548.24609
2022-07-07,443927374.4814377,0.0,0,531456701.76951003,0.0,0,21637.58789
2022-07-08,443927374.4814377,0.0,0,531456701.76951003,0.0,0,21731.11719
2022-07-09,443927374.4814377,0.0,0,531456701.76951003,0.0,0,21592.20703
2022-07-10,443927374.4814377,0.0,0,531456701.76951003,0.0,0,20860.44922
2022-07-11,443927374.4814377,0.0,0,531456701.76951003,0.0,0,19970.55664
2022-07-12,443927374.4814377,0.0,0,531456701.76951003,0.0,0,19323.91406
2022-07-13,443927374.4814377,0.0,0,531456701.76951003,0.0,0,20212.07422
2022-07-14,443927374.4814377,0.0,0,531456701.76951003,0.0,0,20569.91992
2022-07-15,443927374.4814377,0.0,0,531456701.76951003,0.0,0,20836.32812
2022-07-16,443927374.4814377,0.0,0,531456701.76951003,0.0,0,21190.31641
2022-07-17,443927374.4814377,0.0,0,531456701.76951003,0.0,0,20779.34375
2022-07-18,443927374.4814377,0.0,0,531456701.76951003,0.0,0,22485.68945
2022-07-19,443927374.4814377,0.0,0,531456701.76951003,0.0,0,23389.43359
2022-07-20,443927374.4814377,0.0,0,531456701.76951003,0.0,0,23231.73242
2022-07-21,443927374.4814377,0.0,0,531456701.76951003,0.0,0,23164.62891
2022-07-22,443927374.4814377,0.0,0,531456701.76951003,0.0,0,22714.97852
2022-07-23,443927374.4814377,0.0,0,531456701.76951003,0.0,0,22465.47852
2022-07-24,443927374.4814377,0.0,0,531456701.76951003,0.0,0,22609.16406
2022-07-25,443927374.4814377,0.0,0,531456701.76951003,0.0,0,21361.70117
2022-07-26,443927374.4814377,0.0,0,531456701.76951003,0.0,0,21239.75391
2022-07-27,443927374.4814377,0.0,0,531456701.76951003,0.0,0,22930.54883
2022-07-28,443927374.4814377,0.0,0,531456701.76951003,0.0,0,23843.88672
2022-07-29,443927374.4814377,0.0,0,531456701.76951003,0.0,0,23804.63281
2022-07-30,443927374.4814377,0.0,0,531456701.76951003,0.0,0,23656.20703
2022-07-31,443927374.4814377,0.0,0,531456701.76951003,0.0,0,23336.89648
2022-08-01,443927374.4814377,0.0,0,531456701.76951003,0.0,0,23314.19922
2022-08-02,443927374.4814377,0.0,0,531456701.76951003,0.0,0,22978.11719
2022-08-03,443927374.4814377,0.0,0,531456701.76951003,0.0,0,22846.50781
2022-08-04,443927374.4814377,0.0,0,531456701.76951003,0.0,0,22630.95703
2022-08-05,443927374.4814377,0.0,0,531456701.76951003,0.0,0,23289.31445
2022-08-06,443927374.4814377,0.0,0,531456701.76951003,0.0,0,22961.2793
2022-08-07,443927374.4814377,0.0,0,531456701.76951003,0.0,0,23175.89062
2022-08-08,443927374.4814377,0.0,0,531456701.76951003,0.0,0,23809.48633
2022-08-09,443927374.4814377,0.0,0,531456701.76951003,0.0,0,23164.31836
2022-08-10,443927374.4814377,0.0,0,531456701.76951003,0.0,0,23947.64258
2022-08-11,443927374.4814377,0.0,0,531456701.76951003,0.0,0,23957.5293
2022-08-12,443927374.4814377,0.0,0,531456701.76951003,0.0,0,24402.81836
2022-08-13,443927374.4814377,0.0,0,531456701.76951003,0.0,0,24424.06836
2022-08-14,443927374.4814377,0.0,0,531456701.76951003,0.0,0,24319.33398
2022-08-15,443927374.4814377,0.0,0,531456701.76951003,0.0,0,24136.97266
2022-08-16,443927374.4814377,0.0,0,531456701.76951003,0.0,0,23883.29102
2022-08-17,443927374.4814377,0.0,0,531456701.76951003,0.0,0,23335.99805
2022-08-18,443927374.4814377,0.0,0,531456701.76951003,0.0,0,23212.73828
2022-08-19,443927374.4814377,0.0,0,531456701.76951003,0.0,0,20877.55273
2022-08-20,443927374.4814377,0.0,0,531456701.76951003,0.0,0,21166.06055
2022-08-21,443927374.4814377,0.0,0,531456701.76951003,0.0,0,21534.12109
2022-08-22,443927374.4814377,0.0,0,531456701.76951003,0.0,0,21398.9082
2022-08-23,443927374.4814377,0.0,0,531456701.76951003,0.0,0,21528.08789
2022-08-24,443927374.4814377,0.0,0,531456701.76951003,0.0,0,21395.01953
2022-08-25,443927374.4814377,0.0,0,531456701.76951003,0.0,0,21600.9043
2022-08-26,443927374.4814377,0.0,0,531456701.76951003,0.0,0,20260.01953
2022-08-27,443927374.4814377,0.0,0,531456701.76951003,0.0,0,20041.73828
2022-08-28,443927374.4814377,0.0,0,531456701.76951003,0.0,0,19616.81445
2022-08-29,443927374.4814377,0.0,0,531456701.76951003,0.0,0,20297.99414
2022-08-30,443927374.4814377,0.0,0,531456701.76951003,0.0,0,19796.80859
2022-08-31,443927374.4814377,0.0,0,531456701.76951003,0.0,0,20049.76367
2022-09-01,443927374.4814377,0.0,0,531456701.76951003,0.0,0,20127.14062
2022-09-02,443927374.4814377,0.0,0,531456701.76951003,0.0,0,19969.77148
2022-09-03,443927374.4814377,0.0,0,531456701.76951003,0.0,0,19832.08789
2022-09-04,443927374.4814377,0.0,0,531456701.76951003,0.0,0,19986.71289
2022-09-05,443927374.4814377,0.0,0,531456701.76951003,0.0,0,19812.37109
2022-09-06,443927374.4814377,0.0,0,531456701.76951003,0.0,0,18837.66797
2022-09-07,443927374.4814377,0.0,0,531456701.76951003,0.0,0,19290.32422
2022-09-08,443927374.4814377,0.0,0,531456701.76951003,0.0,0,19329.83398
2022-09-09,443927374.4814377,0.0,0,531456701.76951003,0.0,0,21381.15234
2022-09-10,443927374.4814377,0.0,0,531456701.76951003,0.0,0,21680.53906
2022-09-11,443927374.4814377,0.0,0,531456701.76951003,0.0,0,21769.25586
2022-09-12,443927374.4814377,0.0,0,531456701.76951003,0.0,0,22370.44922
2022-09-13,443927374.4814377,0.0,0,531456701.76951003,0.0,0,20296.70703
2022-09-14,443927374.4814377,0.0,0,531456701.76951003,0.0,0,20241.08984
2022-09-15,443927374.4814377,0.0,0,531456701.76951003,0.0,0,19701.21094
2022-09-16,443927374.4814377,0.0,0,531456701.76951003,0.0,0,19772.58398
2022-09-17,443927374.4814377,0.0,0,531456701.76951003,0.0,0,20127.57617
2022-09-18,443927374.4814377,0.0,0,531456701.76951003,0.0,0,19419.50586
2022-09-19,443927374.4814377,0.0,0,531456701.76951003,0.0,0,19544.12891
2022-09-20,443927374.4814377,0.0,0,531456701.76951003,0.0,0,18890.78906
2022-09-21,443927374.4814377,0.0,0,531456701.76951003,0.0,0,18547.40039
2022-09-22,443927374.4814377,0.0,0,531456701.76951003,0.0,0,19413.55078
2022-09-23,443927374.4814377,0.0,0,531456701.76951003,0.0,0,19297.63867
2022-09-24,443927374.4814377,0.0,0,531456701.76951003,0.0,0,18937.01172
2022-09-25,443927374.4814377,0.0,0,531456701.76951003,0.0,0,18802.09766
2022-09-26,443927374.4814377,0.0,0,531456701.76951003,0.0,0,19222.67188
2022-09-27,443927374.4814377,0.0,0,531456701.76951003,0.0,0,19110.54688
2022-09-28,443927374.4814377,0.0,0,531456701.76951003,0.0,0,19426.7207
2022-09-29,443927374.4814377,0.0,0,531456701.76951003,0.0,0,19573.05078
2022-09-30,443927374.4814377,0.0,0,531456701.76951003,0.0,0,19431.78906
2022-10-01,443927374.4814377,0.0,0,531456701.76951003,0.0,0,19312.0957
2022-10-02,443927374.4814377,0.0,0,531456701.76951003,0.0,0,19044.10742
2022-10-03,443927374.4814377,0.0,0,531456701.76951003,0.0,0,19623.58008
2022-10-04,443927374.4814377,0.0,0,531456701.76951003,0.0,0,20336.84375
2022-10-05,443927374.4814377,0.0,0,531456701.76951003,0.0,0,20160.7168
2022-10-06,443927374.4814377,0.0,0,531456701.76951003,0.0,0,19955.44336
2022-10-07,443927374.4814377,0.0,0,531456701.76951003,0.0,0,19546.84961
2022-10-08,443927374.4814377,0.0,0,531456701.76951003,0.0,0,19416.56836
2022-10-09,443927374.4814377,0.0,0,531456701.76951003,0.0,0,19446.42578
2022-10-10,443927374.4814377,0.0,0,531456701.76951003,0.0,0,19141.48438
2022-10-11,443927374.4814377,0.0,0,531456701.76951003,0.0,0,19051.41797
2022-10-12,443927374.4814377,0.0,0,531456701.76951003,0.0,0,19157.44531
2022-10-13,443927374.4814377,0.0,0,531456701.76951003,0.0,0,19382.9043
2022-10-14,443927374.4814377,0.0,0,531456701.76951003,0.0,0,19185.65625
2022-10-15,443927374.4814377,0.0,0,531456701.76951003,0.0,0,19067.63477
2022-10-16,443927374.4814377,0.0,0,531456701.76951003,0.0,0,19268.09375
2022-10-17,443927374.4814377,0.0,0,531456701.76951003,0.0,0,19550.75781
2022-10-18,443927374.4814377,0.0,0,531456701.76951003,0.0,0,19334.41602
2022-10-19,443927374.4814377,0.0,0,531456701.76951003,0.0,0,19139.53516
2022-10-20,443927374.4814377,0.0,0,531456701.76951003,0.0,0,19053.74023
2022-10-21,443927374.4814377,0.0,0,531456701.76951003,0.0,0,19172.46875
2022-10-22,443927374.4814377,0.0,0,531456701.76951003,0.0,0,19208.18945
2022-10-23,443927374.4814377,0.0,0,531456701.76951003,0.0,0,19567.00781
2022-10-24,443927374.4814377,0.0,0,531456701.76951003,0.0,0,19345.57227
2022-10-25,443927374.4814377,0.0,0,531456701.76951003,0.0,0,20095.85742
2022-10-26,443927374.4814377,0.0,0,531456701.76951003,0.0,0,20770.44141
2022-10-27,443927374.4814377,0.0,0,531456701.76951003,0.0,0,20285.83594
2022-10-28,443927374.4814377,0.0,0,531456701.76951003,0.0,0,20595.35156
2022-10-29,443927374.4814377,0.0,0,531456701.76951003,0.0,0,20818.47656
2022-10-30,443927374.4814377,0.0,0,531456701.76951003,0.0,0,20635.60352
2022-10-31,443927374.4814377,0.0,0,531456701.76951003,0.0,0,20495.77344
2022-11-01,443927374.4814377,0.0,0,531456701.76951003,0.0,0,20485.27344
2022-11-02,443927374.4814377,0.0,0,531456701.76951003,0.0,0,20159.50391
2022-11-03,443927374.4814377,0.0,0,531456701.76951003,0.0,0,20209.98828
2022-11-04,443927374.4814377,0.0,0,531456701.76951003,0.0,0,21147.23047
2022-11-05,443927374.4814377,0.0,0,531456701.76951003,0.0,0,21282.69141
2022-11-06,443927374.4814377,0.0,0,531456701.76951003,0.0,0,20926.48633
2022-11-07,443927374.4814377,0.0,0,531456701.76951003,0.0,0,20602.81641
2022-11-08,443927374.4814377,0.0,0,531456701.76951003,0.0,0,18541.27148
2022-11-09,443927374.4814377,0.0,0,531456701.76951003,0.0,0,15880.78027
2022-11-10,443927374.4814377,0.0,0,531456701.76951003,0.0,0,17586.77148
2022-11-11,443927374.4814377,0.0,0,531456701.76951003,0.0,0,17034.29297
2022-11-12,443927374.4814377,0.0,0,531456701.76951003,0.0,0,16799.18555
2022-11-13,443927374.4814377,0.0,0,531456701.76951003,0.0,0,16353.36523
2022-11-14,443927374.4814377,0.0,0,531456701.76951003,0.0,0,16618.19922
2022-11-15,443927374.4814377,0.0,0,531456701.76951003,0.0,0,16884.61328
2022-11-16,443927374.4814377,0.0,0,531456701.76951003,0.0,0,16669.43945
2022-11-17,443927374.4814377,0.0,0,531456701.76951003,0.0,0,16687.51758
2022-11-18,443927374.4814377,0.0,0,531456701.76951003,0.0,0,16697.77734
2022-11-19,443927374.4814377,0.0,0,531456701.76951003,0.0,0,16711.54688
2022-11-20,443927374.4814377,0.0,0,531456701.76951003,0.0,0,16291.83203
2022-11-21,443927374.4814377,0.0,0,531456701.76951003,0.0,0,15787.28418
2022-11-22,443927374.4814377,0.0,0,531456701.76951003,0.0,0,16189.76953
2022-11-23,443927374.4814377,0.0,0,531456701.76951003,0.0,0,16610.70703
2022-11-24,443927374.4814377,0.0,0,531456701.76951003,0.0,0,16604.46484
2022-11-25,443927374.4814377,0.0,0,531456701.76951003,0.0,0,16521.8418
2022-11-26,443927374.4814377,0.0,0,531456701.76951003,0.0,0,16464.28125
2022-11-27,443927374.4814377,0.0,0,531456701.76951003,0.0,0,16444.62695
2022-11-28,443927374.4814377,0.0,0,531456701.76951003,0.0,0,16217.32227
2022-11-29,443927374.4814377,0.0,0,531456701.76951003,0.0,0,16444.98242
2022-11-30,443927374.4814377,0.0,0,531456701.76951003,0.0,0,17168.56641
2022-12-01,443927374.4814377,0.0,0,531456701.76951003,0.0,0,16967.13281
2022-12-02,443927374.4814377,0.0,0,531456701.76951003,0.0,0,17088.66016
2022-12-03,443927374.4814377,0.0,0,531456701.76951003,0.0,0,16908.23633
2022-12-04,443927374.4814377,0.0,0,531456701.76951003,0.0,0,17130.48633
2022-12-05,443927374.4814377,0.0,0,531456701.76951003,0.0,0,16974.82617
2022-12-06,443927374.4814377,0.0,0,531456701.76951003,0.0,0,17089.50391
2022-12-07,443927374.4814377,0.0,0,531456701.76951003,0.0,0,16848.12695
2022-12-08,443927374.4814377,0.0,0,531456701.76951003,0.0,0,17233.47461
2022-12-09,443927374.4814377,0.0,0,531456701.76951003,0.0,0,17133.15234
2022-12-10,443927374.4814377,0.0,0,531456701.76951003,0.0,0,17128.72461
2022-12-11,443927374.4814377,0.0,0,531456701.76951003,0.0,0,17104.19336
2022-12-12,443927374.4814377,0.0,0,531456701.76951003,0.0,0,17206.4375
2022-12-13,443927374.4814377,0.0,0,531456701.76951003,0.0,0,17781.31836
2022-12-14,443927374.4814377,0.0,0,531456701.76951003,0.0,0,17815.65039
2022-12-15,443927374.4814377,0.0,0,531456701.76951003,0.0,0,17364.86523
2022-12-16,443927374.4814377,0.0,0,531456701.76951003,0.0,0,16647.48438
2022-12-17,443927374.4814377,0.0,0,531456701.76951003,0.0,0,16795.0918
2022-12-18,443927374.4814377,0.0,0,531456701.76951003,0.0,0,16757.97656
2022-12-19,443927374.4814377,0.0,0,531456701.76951003,0.0,0,16439.67969
2022-12-20,443927374.4814377,0.0,0,531456701.76951003,0.0,0,16906.30469
2022-12-21,443927374.4814377,0.0,0,531456701.76951003,0.0,0,16817.53516
2022-12-22,443927374.4814377,0.0,0,531456701.76951003,0.0,0,16830.3418
2022-12-23,443927374.4814377,0.0,0,531456701.76951003,0.0,0,16796.95312
2022-12-24,443927374.4814377,0.0,0,531456701.76951003,0.0,0,16847.75586
2022-12-25,443927374.4814377,0.0,0,531456701.76951003,0.0,0,16841.98633
2022-12-26,443927374.4814377,0.0,0,531456701.76951003,0.0,0,16919.80469
2022-12-27,443927374.4814377,0.0,0,531456701.76951003,0.0,0,16717.17383
2022-12-28,443927374.4814377,0.0,0,531456701.76951003,0.0,0,16552.57227
2022-12-29,443927374.4814377,0.0,0,531456701.76951003,0.0,0,16642.3418
2022-12-30,443927374.4814377,0.0,0,531456701.76951003,0.0,0,16602.58594
2022-12-31,443927374.4814377,0.0,0,531456701.76951003,0.0,0,16547.49609
2023-01-01,443927374.4814377,0.0,0,531456701.76951003,0.0,0,16625.08008
2023-01-02,443927374.4814377,0.0,0,531456701.76951003,0.0,0,16688.4707
2023-01-03,443927374.4814377,0.0,0,531456701.76951003,0.0,0,16679.85742
2023-01-04,443927374.4814377,0.0,0,531456701.76951003,0.0,0,16863.23828
2023-01-05,443927374.4814377,0.0,0,531456701.76951003,0.0,0,16836.73633
2023-01-06,443927374.4814377,0.0,0,531456701.76951003,0.0,0,16951.96875
2023-01-07,443927374.4814377,0.0,0,531456701.76951003,0.0,0,16955.07812
2023-01-08,443927374.4814377,0.0,0,531456701.76951003,0.0,0,17091.14453
2023-01-09,443927374.4814377,0.0,0,531456701.76951003,0.0,0,17196.55469
2023-01-10,443927374.4814377,0.0,0,531456701.76951003,0.0,0,17446.29297
2023-01-11,443927374.4814377,0.0,0,531456701.76951003,0.0,0,17934.89648
2023-01-12,443927374.4814377,0.0,0,531456701.76951003,0.0,0,18869.58789
2023-01-13,443927374.4814377,0.0,0,531456701.76951003,0.0,0,19909.57422
2023-01-14,443927374.4814377,0.0,0,531456701.76951003,0.0,0,20976.29883
2023-01-15,443927374.4814377,0.0,0,531456701.76951003,0.0,0,20880.79883
2023-01-16,443927374.4814377,0.0,0,531456701.76951003,0.0,0,21169.63281
2023-01-17,443927374.4814377,0.0,0,531456701.76951003,0.0,0,21161.51953
2023-01-18,443927374.4814377,0.0,0,531456701.76951003,0.0,0,20688.78125
2023-01-19,443927374.4814377,0.0,0,531456701.76951003,0.0,0,21086.79297
2023-01-20,443927374.4814377,0.0,0,531456701.76951003,0.0,0,22676.55273
2023-01-21,443927374.4814377,0.0,0,531456701.76951003,0.0,0,22777.625
2023-01-22,443927374.4814377,0.0,0,531456701.76951003,0.0,0,22720.41602
2023-01-23,443927374.4814377,0.0,0,531456701.76951003,0.0,0,22934.43164
2023-01-24,443927374.4814377,0.0,0,531456701.76951003,0.0,0,22636.46875
2023-01-25,443927374.4814377,0.0,0,531456701.76951003,0.0,0,23117.85938
2023-01-26,443927374.4814377,0.0,0,531456701.76951003,0.0,0,23032.77734
2023-01-27,443927374.4814377,0.0,0,531456701.76951003,0.0,0,23078.72852
2023-01-28,443927374.4814377,0.0,0,531456701.76951003,0.0,0,23031.08984
2023-01-29,443927374.4814377,0.0,0,531456701.76951003,0.0,0,23774.56641
2023-01-30,443927374.4814377,0.0,0,531456701.76951003,0.0,0,22840.13867
2023-01-31,443927374.4814377,0.0,0,531456701.76951003,0.0,0,23139.2832
2023-02-01,443927374.4814377,0.0,0,531456701.76951003,0.0,0,23723.76953
2023-02-02,443927374.4814377,0.0,0,531456701.76951003,0.0,0,23471.87109
2023-02-03,443927374.4814377,0.0,0,531456701.76951003,0.0,0,23449.32227
2023-02-04,443927374.4814377,0.0,0,531456701.76951003,0.0,0,23331.84766
2023-02-05,443927374.4814377,0.0,0,531456701.76951003,0.0,0,22955.66602
2023-02-06,443927374.4814377,0.0,0,531456701.76951003,0.0,0,22760.10938
2023-02-07,443927374.4814377,0.0,0,531456701.76951003,0.0,0,23264.29102
2023-02-08,443927374.4814377,0.0,0,531456701.76951003,0.0,0,22939.39844
2023-02-09,443927374.4814377,0.0,0,531456701.76951003,0.0,0,21819.03906
2023-02-10,443927374.4814377,0.0,0,531456701.76951003,0.0,0,21651.18359
2023-02-11,443927374.4814377,0.0,0,531456701.76951003,0.0,0,21870.875
2023-02-12,443927374.4814377,0.0,0,531456701.76951003,0.0,0,21788.20312
2023-02-13,443927374.4814377,0.0,0,531456701.76951003,0.0,0,21808.10156
2023-02-14,443927374.4814377,0.0,0,531456701.76951003,0.0,0,22220.80469
2023-02-15,443927374.4814377,0.0,0,531456701.76951003,0.0,0,24307.8418
2023-02-16,443927374.4814377,0.0,0,531456701.76951003,0.0,0,23623.47461
2023-02-17,443927374.4814377,0.0,0,531456701.76951003,0.0,0,24565.60156
2023-02-18,443927374.4814377,0.0,0,531456701.76951003,0.0,0,24641.27734
2023-02-19,443927374.4814377,0.0,0,531456701.76951003,0.0,0,24327.64258
2023-02-20,443927374.4814377,0.0,0,531456701.76951003,0.0,0,24829.14844
2023-02-21,443927374.4814377,0.0,0,531456701.76951003,0.0,0,24436.35352
2023-02-22,443927374.4814377,0.0,0,531456701.76951003,0.0,0,24188.84375
2023-02-23,443927374.4814377,0.0,0,531456701.76951003,0.0,0,23947.49219
2023-02-24,443927374.4814377,0.0,0,531456701.76951003,0.0,0,23198.12695
2023-02-25,443927374.4814377,0.0,0,531456701.76951003,0.0,0,23175.375
2023-02-26,443927374.4814377,0.0,0,531456701.76951003,0.0,0,23561.21289
2023-02-27,443927374.4814377,0.0,0,531456701.76951003,0.0,0,23522.87109
2023-02-28,443927374.4814377,0.0,0,531456701.76951003,0.0,0,23147.35352
2023-03-01,443927374.4814377,0.0,0,531456701.76951003,0.0,0,23646.55078
2023-03-02,443927374.4814377,0.0,0,531456701.76951003,0.0,0,23475.4668
2023-03-03,443927374.4814377,0.0,0,531456701.76951003,0.0,0,22362.67969
2023-03-04,443927374.4814377,0.0,0,531456701.76951003,0.0,0,22353.34961
2023-03-05,443927374.4814377,0.0,0,531456701.76951003,0.0,0,22435.51367
2023-03-06,443927374.4814377,0.0,0,531456701.76951003,0.0,0,22429.75781
2023-03-07,443927374.4814377,0.0,0,531456701.76951003,0.0,0,22219.76953
2023-03-08,443927374.4814377,0.0,0,531456701.76951003,0.0,0,21718.08008
2023-03-09,443927374.4814377,0.0,0,531456701.76951003,0.0,0,20363.02148
2023-03-10,443927374.4814377,0.0,0,531456701.76951003,0.0,0,20187.24414
2023-03-11,443927374.4814377,0.0,0,531456701.76951003,0.0,0,20632.41016
2023-03-12,443927374.4814377,0.0,0,531456701.76951003,0.0,0,22163.94922
2023-03-13,443927374.4814377,0.0,0,531456701.76951003,0.0,0,24197.5332
2023-03-14,443927374.4814377,0.0,0,531456701.76951003,0.0,0,24746.07422
2023-03-15,443927374.4814377,0.0,0,531456701.76951003,0.0,0,24375.96094
2023-03-16,443927374.4814377,0.0,0,531456701.76951003,0.0,0,25052.78906
2023-03-17,443927374.4814377,0.0,0,531456701.76951003,0.0,0,27423.92969
2023-03-18,443927374.4814377,0.0,0,531456701.76951003,0.0,0,26965.87891
2023-03-19,443927374.4814377,0.0,0,531456701.76951003,0.0,0,28038.67578
2023-03-20,443927374.4814377,0.0,0,531456701.76951003,0.0,0,27767.23633
2023-03-21,443927374.4814377,0.0,0,531456701.76951003,0.0,0,28175.81641
2023-03-22,443927374.4814377,0.0,0,531456701.76951003,0.0,0,27307.4375
2023-03-23,443927374.4814377,0.0,0,531456701.76951003,0.0,0,28333.97266
2023-03-24,443927374.4814377,0.0,0,531456701.76951003,0.0,0,27493.28516
2023-03-25,443927374.4814377,0.0,0,531456701.76951003,0.0,0,27494.70703
2023-03-26,443927374.4814377,0.0,0,531456701.76951003,0.0,0,27994.33008
2023-03-27,443927374.4814377,0.0,0,531456701.76951003,0.0,0,27139.88867
2023-03-28,443927374.4814377,0.0,0,531456701.76951003,0.0,0,27268.13086
2023-03-29,443927374.4814377,0.0,0,531456701.76951003,0.0,0,28348.44141
2023-03-30,443927374.4814377,0.0,0,531456701.76951003,0.0,0,28033.5625
2023-03-31,443927374.4814377,0.0,0,531456701.76951003,0.0,0,28478.48438
2023-04-01,443927374.4814377,0.0,0,531456701.76951003,0.0,0,28411.03516
2023-04-02,443927374.4814377,0.0,0,531456701.76951003,0.0,0,28199.30859
2023-04-03,443927374.4814377,0.0,0,531456701.76951003,0.0,0,27790.2207
2023-04-04,443927374.4814377,0.0,0,531456701.76951003,0.0,0,28168.08984
2023-04-05,443927374.4814377,0.0,0,531456701.76951003,0.0,0,28177.98438
2023-04-06,443927374.4814377,0.0,0,531456701.76951003,0.0,0,28044.14062
2023-04-07,443927374.4814377,0.0,0,531456701.76951003,0.0,0,27925.85938
2023-04-08,443927374.4814377,0.0,0,531456701.76951003,0.0,0,27947.79492
2023-04-09,443927374.4814377,0.0,0,531456701.76951003,0.0,0,28333.05078
2023-04-10,443927374.4814377,0.0,0,531456701.76951003,0.0,0,29652.98047
2023-04-11,443927374.4814377,0.0,0,531456701.76951003,0.0,0,30235.05859
2023-04-12,443927374.4814377,0.0,0,531456701.76951003,0.0,0,30139.05273
2023-04-13,443927374.4814377,0.0,0,531456701.76951003,0.0,0,30399.06641
2023-04-14,443927374.4814377,0.0,0,531456701.76951003,0.0,0,30485.69922
2023-04-15,443927374.4814377,0.0,0,531456701.76951003,0.0,0,30318.49609
2023-04-16,443927374.4814377,0.0,0,531456701.76951003,0.0,0,30315.35547
2023-04-17,443927374.4814377,0.0,0,530440478.69381225,7.336839728254311,1,29445.04492
2023-04-18,443927374.4814377,0.0,0,530806692.5766712,7.400769848570551,1,30397.55273
2023-04-19,443927374.4814377,0.0,0,528461761.88561875,6.9898815073306215,1,28822.67969
2023-04-20,443927374.4814377,0.0,0,527910313.698071,6.892724357838525,1,28245.98828
2023-04-21,443927374.4814377,0.0,0,528343572.70907015,6.969075369273581,1,27276.91016
2023-04-22,443927374.4814377,0.0,0,529524867.1361039,7.1766140886588365,1,27817.5
2023-04-23,443927374.4814377,0.0,0,529367333.9654823,7.148990997183001,1,27591.38477
2023-04-24,443927374.4814377,0.0,0,529439108.89633715,7.161578610449568,1,27525.33984
2023-04-25,443927374.4814377,0.0,0,530249487.583456,7.303463288891629,1,28307.59766
2023-04-26,443927374.4814377,0.0,0,529390563.79417676,7.1530653294071795,1,28422.70117
2023-04-27,443927374.4814377,0.0,0,529433296.19935256,7.160559328859346,1,29473.78711
2023-04-28,443927374.4814377,0.0,0,528666966.8565702,7.025983892877729,1,29340.26172
2023-04-29,443927374.4814377,0.0,0,528396197.87738323,6.978340704805289,1,29248.48828
2023-04-30,443927374.4814377,0.0,0,530171648.4446893,7.289853699232479,1,29268.80664
2023-05-01,443927374.4814377,0.0,0,529150465.17528117,7.110936630199258,1,28091.56836
2023-05-02,443927374.4814377,0.0,0,528375360.8957047,6.974672307764294,1,28680.53711
2023-05-03,443927374.4814377,0.0,0,528304284.6063143,0.0,0,29006.30859
2023-05-04,443927374.4814377,0.0,0,528304284.6063143,0.0,0,28847.71094
2023-05-05,443927374.4814377,0.0,0,528304284.6063143,0.0,0,29534.38477
2023-05-06,443927374.4814377,0.0,0,528304284.6063143,0.0,0,28904.62305
2023-05-07,443927374.4814377,0.0,0,528304284.6063143,0.0,0,28454.97852
2023-05-08,443927374.4814377,0.0,0,528304284.6063143,0.0,0,27694.27344
2023-05-09,443927374.4814377,0.0,0,528304284.6063143,0.0,0,27658.77539
2023-05-10,443927374.4814377,0.0,0,528304284.6063143,0.0,0,27621.75586
2023-05-11,443927374.4814377,0.0,0,528304284.6063143,0.0,0,27000.78906
2023-05-12,443927374.4814377,0.0,0,528304284.6063143,0.0,0,26804.99023
2023-05-13,443927374.4814377,0.0,0,528304284.6063143,0.0,0,26784.07812
2023-05-14,443927374.4814377,0.0,0,528304284.6063143,0.0,0,26930.63867
2023-05-15,443927374.4814377,0.0,0,528304284.6063143,0.0,0,27192.69336
2023-05-16,443927374.4814377,0.0,0,528304284.6063143,0.0,0,27036.65039
2023-05-17,443927374.4814377,0.0,0,528304284.6063143,0.0,0,27398.80273
2023-05-18,442674067.8023593,7.253129718182154,1,526812762.95988226,7.253129718182154,1,26832.20898
2023-05-19,443085233.91546965,7.33919525871018,1,527302079.0771747,7.339195258710182,1,26890.12891
2023-05-20,443322445.44674313,7.388775900537517,1,527584377.20865667,7.388775900537518,1,27129.58594
2023-05-21,443289663.0825874,7.381927072048672,1,527545363.92756945,7.381927072048672,1,26753.82617
2023-05-22,442817036.46221256,7.283074130112902,1,528508552.7039016,15.051724699288801,2,26851.27734
2023-05-23,443060392.15037286,7.333999899373529,1,528963015.28873885,15.124708654035729,2,27225.72656
2023-05-24,441063221.9149049,6.914400694440159,1,525752517.38112426,14.606419275923507,2,26334.81836
2023-05-25,440996679.5054072,0.0,0,525628558.0368742,7.696585757757375,1,26476.20703
2023-05-26,440996679.5054072,0.0,0,524931241.9673624,7.573970358108663,1,26719.29102
2023-05-27,440996679.5054072,0.0,0,525826588.2036908,7.7313479035487855,1,26868.35352
2023-05-28,440996679.5054072,0.0,0,525962999.30599827,7.755278234308753,1,28085.64648
2023-05-29,440996679.5054072,0.0,0,525284640.232006,7.6361522609888235,1,27745.88477
2023-05-30,440996679.5054072,0.0,0,525412096.6947408,7.658558234112475,1,27702.34961
2023-05-31,440644805.8802618,7.440526675103048,1,524402991.462916,15.009706454346073,2,27219.6582
2023-06-01,440006741.4568729,7.306303943013343,1,523374710.9388251,14.842725013013144,2,26819.97266
2023-06-02,441151820.2637886,7.54690498332204,1,528942371.3016974,15.73909257643685,2,27249.58984
2023-06-03,440769325.3252737,7.466675169534928,1,528002119.9342437,15.589043115579083,2,27075.12891
2023-06-04,441818719.0197895,7.6864573639722975,1,529064890.10525596,15.758605391891772,2,27119.06641
2023-06-05,440201726.36025655,7.347362099507613,1,525489354.07961917,15.185409876259046,2,25760.09766
2023-06-06,441473545.54322636,7.614280476439131,1,526945112.54872274,15.419721866134012,2,27238.7832
2023-06-07,440786877.4792753,7.470359850841667,1,525340677.87137485,15.161406572889335,2,26345.99805
2023-06-08,441098529.2500575,7.535735326591621,1,526109097.8799979,15.285319413316392,2,26508.2168
2023-06-09,441945837.1052045,7.713009759792179,1,524216093.1083746,14.979404931320547,2,26480.375
2023-06-10,440062631.11100703,7.318076400492779,1,521899732.77869236,7.35172246699215,1,25851.24023
2023-06-11,440887824.08307266,7.491545631925725,1,522882883.8766032,7.52592448925153,1,25940.16797
2023-06-12,441172987.0963741,7.551340747164044,1,523222632.68579274,7.585971503797532,1,25902.5
2023-06-13,440815900.66656774,7.476451974723982,1,522797192.9069803,7.51076719058389,1,25918.72852
2023-06-14,437563803.4244503,0.0,0,518922580.44379234,0.0,0,25124.67578
2023-06-15,437563803.4244503,0.0,0,518922580.44379234,0.0,0,25576.39453
2023-06-16,437563803.4244503,0.0,0,518922580.44379234,0.0,0,26327.46289
2023-06-17,437563803.4244503,0.0,0,518922580.44379234,0.0,0,26510.67578
2023-06-18,437563803.4244503,0.0,0,518922580.44379234,0.0,0,26336.21289
2023-06-19,437563803.4244503,0.0,0,518922580.44379234,0.0,0,26851.0293
2023-06-20,437563803.4244503,0.0,0,518922580.44379234,0.0,0,28327.48828
2023-06-21,439486169.8403434,7.9152677158629645,1,521202383.6022956,7.9152677158629645,1,30027.29688
2023-06-22,439352924.6850673,7.8873406354627225,1,521044363.40211815,7.887340635462723,1,29912.28125
2023-06-23,440260244.3648745,8.077172966840704,1,522120386.2948899,8.077172966840704,1,30695.46875
2023-06-24,440090207.90704453,8.041656993929676,1,521918733.9717862,8.041656993929676,1,30548.69531
2023-06-25,440010927.85422283,8.02508817295409,1,521824712.91870546,8.02508817295409,1,30480.26172
2023-06-26,439768650.56511146,7.974417366212676,1,521537387.60736877,7.974417366212676,1,30271.13086
2023-06-27,440251781.9127496,8.07540604037972,1,522110350.3699364,8.07540604037972,1,30688.16406
2023-06-28,439554462.2815291,7.929574682810757,1,521283374.05335104,7.929574682810757,1,30086.24609
2023-06-29,439970484.57366645,8.016633589536347,1,521776749.7843153,8.016633589536347,1,30445.35156
2023-06-30,446653598.8383074,16.79566237961434,2,529702494.26424456,16.795662379614342,2,30477.25195
2023-07-01,444932051.66199327,16.47372514908126,2,527401410.3961881,23.9809519215442,3,30590.07812
2023-07-02,446013581.00556445,16.676266329569064,2,528948567.6906589,24.20330515574767,3,30620.76953
2023-07-03,445320178.48401105,16.54652397828149,2,528495131.94238055,24.13827346677559,3,31156.43945
2023-07-04,442759829.18746394,16.063937179432237,2,525073287.8076223,23.643891044325155,3,30777.58203
2023-07-05,442391793.81118083,15.994108939179952,2,524101576.98186666,23.502322957253032,3,30514.16602
2023-07-06,442388176.0518591,15.993421956317565,2,522824161.4906748,23.315416297438425,3,29909.33789
2023-07-07,443035941.2128831,16.11624841234859,2,524043779.4407346,23.493885918576414,3,30342.26562
2023-07-08,442131629.07550967,15.944677120677486,2,522867277.1786319,23.321739715878152,3,30292.54102
2023-07-09,441161812.19200814,15.759896232976667,2,521665148.67384714,23.14504184250252,3,30171.23438
2023-07-10,442620119.539963,16.037443404676882,2,523755196.7678913,23.45173199050712,3,30414.4707
2023-07-11,442787072.5697447,16.06910151775245,2,523907563.66873235,23.473994357325576,3,30620.95117
2023-07-12,443624262.79108393,16.2274926008629,2,524772547.36108065,23.600132333205472,3,30391.64648
2023-07-13,443813435.41614795,16.263200093850415,2,527758812.2453188,24.032432536783585,3,31476.04883
2023-07-14,437741664.29025114,15.89181807540318,2,519166728.1656959,23.567379105367895,3,30334.06836
2023-07-15,436257034.28520447,15.605588809759865,2,517244105.4890998,23.283275161786477,3,30295.80664
2023-07-16,435758775.84543407,15.509089943928872,2,516493225.4066973,23.17174405579219,3,30249.13281
2023-07-17,434655989.87953496,15.294724118942298,2,514938052.97263604,22.93971384339733,3,30145.88867
2023-07-18,434582054.65019286,15.280313252382713,2,514561702.5049013,22.88335194433327,3,29856.5625
2023-07-19,434647603.60886306,15.293089780308017,2,514462885.0644676,22.868539467093573,3,29913.92383
2023-07-20,434466593.11698455,15.257798598598567,2,514288521.1875105,22.84238889219288,3,29792.01562
2023-07-21,434882625.0825787,15.338867518312501,2,514804739.0336566,22.919758296162655,3,29908.74414
2023-07-22,433815877.7608148,15.130686949176825,2,512981339.26297146,22.645775435014013,3,29771.80273
2023-07-23,435285477.9114756,22.9085463934291,3,515223995.0071299,30.46646613205364,4,30084.53906
2023-07-24,432066184.1183196,22.334143565289587,3,510603278.94610995,29.83722082562661,4,29176.91602
2023-07-25,432140122.6405641,22.34743207601279,3,510614914.71282315,22.408041281179973,3,29227.39062
2023-07-26,433030665.17706794,22.507127267060724,3,511670429.0534799,22.568104127295317,3,29354.97266
2023-07-27,433307963.86718786,22.55671941374248,3,511999010.3171273,22.61779693856991,3,29210.68945
2023-07-28,434090685.81909466,22.696359718689738,3,512923707.79006624,22.75730136492924,3,29319.24609
2023-07-29,433421737.99683607,22.57704843989268,3,512132962.9664976,22.638036899407716,3,29356.91797
2023-07-30,433466295.01478624,22.58500692682025,3,512190164.6509856,22.646676726780555,3,29275.30859
2023-07-31,432001178.6994577,14.486604079979342,2,510455374.45341253,14.519227313611868,2,29230.11133
2023-08-01,431795529.9803265,14.44587711752025,2,510210662.0890552,14.478228166503632,2,29675.73242
2023-08-02,428736882.2194924,6.922370018553023,1,506586166.4153576,6.927690114764674,1,29151.95898
2023-08-03,428677524.7127059,0.0,0,506515976.9758106,0.0,0,29178.67969
2023-08-04,428677524.7127059,0.0,0,506515976.9758106,0.0,0,29074.0918
2023-08-05,428677524.7127059,0.0,0,506515976.9758106,0.0,0,29042.12695
2023-08-06,428677524.7127059,0.0,0,506515976.9758106,0.0,0,29041.85547
2023-08-07,428677524.7127059,0.0,0,506515976.9758106,0.0,0,29180.57812
2023-08-08,428677524.7127059,0.0,0,506515976.9758106,0.0,0,29765.49219
2023-08-09,428677524.7127059,0.0,0,506515976.9758106,0.0,0,29561.49414
2023-08-10,428677524.7127059,0.0,0,506515976.9758106,0.0,0,29429.5918
2023-08-11,428677524.7127059,0.0,0,506515976.9758106,0.0,0,29397.71484
2023-08-12,428677524.7127059,0.0,0,506515976.9758106,0.0,0,29415.96484
2023-08-13,428677524.7127059,0.0,0,506515976.9758106,0.0,0,29282.91406
2023-08-14,428677524.7127059,0.0,0,506515976.9758106,0.0,0,29408.44336
2023-08-15,428677524.7127059,0.0,0,506515976.9758106,0.0,0,29170.34766
2023-08-16,428677524.7127059,0.0,0,506515976.9758106,0.0,0,28701.7793
2023-08-17,428677524.7127059,0.0,0,506515976.9758106,0.0,0,26664.55078
2023-08-18,428677524.7127059,0.0,0,506515976.9758106,0.0,0,26049.55664
2023-08-19,428677524.7127059,0.0,0,506515976.9758106,0.0,0,26096.20508
2023-08-20,428677524.7127059,0.0,0,506515976.9758106,0.0,0,26189.58398
2023-08-21,428677524.7127059,0.0,0,506515976.9758106,0.0,0,26124.14062
2023-08-22,428677524.7127059,0.0,0,506515976.9758106,0.0,0,26031.65625
2023-08-23,428677524.7127059,0.0,0,506515976.9758106,0.0,0,26431.64062
2023-08-24,428677524.7127059,0.0,0,506515976.9758106,0.0,0,26162.37305
2023-08-25,428677524.7127059,0.0,0,506515976.9758106,0.0,0,26047.66797
2023-08-26,428677524.7127059,0.0,0,506515976.9758106,0.0,0,26008.46289
2023-08-27,428677524.7127059,0.0,0,506515976.9758106,0.0,0,26089.69336
2023-08-28,428677524.7127059,0.0,0,506515976.9758106,0.0,0,26106.15039
2023-08-29,428677524.7127059,0.0,0,506515976.9758106,0.0,0,27727.39258
2023-08-30,428677524.7127059,0.0,0,506515976.9758106,0.0,0,27297.26562
2023-08-31,428677524.7127059,0.0,0,506515976.9758106,0.0,0,25931.47266
2023-09-01,428677524.7127059,0.0,0,506515976.9758106,0.0,0,25800.72461
2023-09-02,428677524.7127059,0.0,0,506515976.9758106,0.0,0,25868.79883
2023-09-03,428677524.7127059,0.0,0,506515976.9758106,0.0,0,25969.56641
2023-09-04,428677524.7127059,0.0,0,506515976.9758106,0.0,0,25812.41602
2023-09-05,428677524.7127059,0.0,0,506515976.9758106,0.0,0,25779.98242
2023-09-06,428677524.7127059,0.0,0,506515976.9758106,0.0,0,25753.23633
2023-09-07,428677524.7127059,0.0,0,506515976.9758106,0.0,0,26240.19531
2023-09-08,428677524.7127059,0.0,0,506515976.9758106,0.0,0,25905.6543
2023-09-09,428677524.7127059,0.0,0,506515976.9758106,0.0,0,25895.67773
2023-09-10,428677524.7127059,0.0,0,506515976.9758106,0.0,0,25832.22656
2023-09-11,428677524.7127059,0.0,0,506515976.9758106,0.0,0,25162.6543
2023-09-12,428677524.7127059,0.0,0,506515976.9758106,0.0,0,25833.34375
2023-09-13,428677524.7127059,0.0,0,506515976.9758106,0.0,0,26228.32422
2023-09-14,428677524.7127059,0.0,0,506515976.9758106,0.0,0,26539.67383
2023-09-15,428677524.7127059,0.0,0,506515976.9758106,0.0,0,26608.69336
2023-09-16,428677524.7127059,0.0,0,506515976.9758106,0.0,0,26568.28125
2023-09-17,428677524.7127059,0.0,0,506515976.9758106,0.0,0,26534.1875
2023-09-18,428677524.7127059,0.0,0,506515976.9758106,0.0,0,26754.28125
2023-09-19,428677524.7127059,0.0,0,506515976.9758106,0.0,0,27211.11719
2023-09-20,428677524.7127059,0.0,0,506515976.9758106,0.0,0,27132.00781
2023-09-21,428677524.7127059,0.0,0,506515976.9758106,0.0,0,26567.63281
2023-09-22,428677524.7127059,0.0,0,506515976.9758106,0.0,0,26579.56836
2023-09-23,428677524.7127059,0.0,0,506515976.9758106,0.0,0,26579.39062
2023-09-24,428677524.7127059,0.0,0,506515976.9758106,0.0,0,26256.82617
2023-09-25,428677524.7127059,0.0,0,506515976.9758106,0.0,0,26298.48047
2023-09-26,428677524.7127059,0.0,0,506515976.9758106,0.0,0,26217.25
2023-09-27,428677524.7127059,0.0,0,506515976.9758106,0.0,0,26352.7168
2023-09-28,428677524.7127059,0.0,0,506515976.9758106,0.0,0,27021.54688
2023-09-29,428677524.7127059,0.0,0,506515976.9758106,0.0,0,26911.7207
2023-09-30,428677524.7127059,0.0,0,506515976.9758106,0.0,0,26967.91602
2023-10-01,428677524.7127059,0.0,0,506515976.9758106,0.0,0,27983.75
2023-10-02,428677524.7127059,0.0,0,506515976.9758106,0.0,0,27530.78516
2023-10-03,428677524.7127059,0.0,0,506515976.9758106,0.0,0,27429.97852
2023-10-04,428677524.7127059,0.0,0,506515976.9758106,0.0,0,27799.39453
2023-10-05,428677524.7127059,0.0,0,506515976.9758106,0.0,0,27415.91211
2023-10-06,428677524.7127059,0.0,0,506515976.9758106,0.0,0,27946.59766
2023-10-07,428677524.7127059,0.0,0,506515976.9758106,0.0,0,27968.83984
2023-10-08,428677524.7127059,0.0,0,506515976.9758106,0.0,0,27935.08984
2023-10-09,428677524.7127059,0.0,0,506515976.9758106,0.0,0,27583.67773
2023-10-10,428677524.7127059,0.0,0,506515976.9758106,0.0,0,27391.01953
2023-10-11,428677524.7127059,0.0,0,506515976.9758106,0.0,0,26873.32031
2023-10-12,428677524.7127059,0.0,0,506515976.9758106,0.0,0,26756.79883
2023-10-13,428677524.7127059,0.0,0,506515976.9758106,0.0,0,26862.375
2023-10-14,428677524.7127059,0.0,0,506515976.9758106,0.0,0,26861.70703
2023-10-15,428677524.7127059,0.0,0,506515976.9758106,0.0,0,27159.65234
2023-10-16,428677524.7127059,0.0,0,506515976.9758106,0.0,0,28519.4668
2023-10-17,428677524.7127059,0.0,0,506515976.9758106,0.0,0,28415.74805
2023-10-18,428677524.7127059,0.0,0,506515976.9758106,0.0,0,28328.3418
2023-10-19,428677524.7127059,0.0,0,506515976.9758106,0.0,0,28719.80664
2023-10-20,428677524.7127059,0.0,0,506515976.9758106,0.0,0,29682.94922
2023-10-21,428677524.7127059,0.0,0,506515976.9758106,0.0,0,29918.41211
2023-10-22,428677524.7127059,0.0,0,506515976.9758106,0.0,0,29993.89648
2023-10-23,428677524.7127059,0.0,0,506515976.9758106,0.0,0,33086.23438
2023-10-24,427489049.51703036,14.792642563881165,2,505111700.70718056,14.792642563881161,2,33901.52734
2023-10-25,428185491.5538255,14.93123199937885,2,505934601.3687227,14.931231999378847,2,34502.82031
2023-10-26,427141987.1704285,14.723409694465955,2,504701619.43763334,14.723409694465955,2,34156.64844
2023-10-27,426426113.2255835,14.580249397261868,2,503855758.4590161,14.580249397261868,2,33909.80078
2023-10-28,427351604.5333777,14.765238141560854,2,504949298.7239604,14.765238141560854,2,34089.57422
2023-10-29,427712367.64008665,14.83713121694072,2,505375568.5116615,14.837131216940719,2,34538.48047
2023-10-30,427938488.0473238,14.882130821109484,2,505642747.4337723,14.882130821109483,2,34502.36328
2023-10-31,431534989.5292027,23.043354896999436,3,509892294.83658916,23.043354896999436,3,34667.78125
2023-11-01,435335819.61949205,23.715247994633486,3,514383272.4491714,23.71524799463349,3,35437.25391
2023-11-02,432493270.40844494,16.536934781423742,2,510399455.265581,24.00929245288185,3,34938.24219
2023-11-03,431171010.76942086,16.280981018922837,2,508612929.75353265,23.742371716562158,3,34732.32422
2023-11-04,433928124.1733349,16.81291895181205,2,512251561.5410439,24.28404586876502,3,35082.19531
2023-11-05,433065051.3714448,16.647132063920854,2,511196022.53956604,24.127704388988658,3,35049.35547
2023-11-06,435721649.1678625,24.62404477218855,3,514319609.875544,32.05738348292563,4,35037.37109
2023-11-07,436396959.68427753,24.740686683000675,3,515559559.555067,32.22078928932558,4,35443.5625
2023-11-08,442059203.88055485,25.704667539646596,3,522474645.26641834,33.11786449815808,4,35655.27734
2023-11-09,443498248.2975534,25.94573790192318,3,525305774.69204134,33.47832499752871,4,36693.125
2023-11-10,458656461.44240385,28.393169440633187,3,543889566.816972,35.751258797827425,4,37313.96875
2023-11-11,461194927.5143428,28.787301073593042,3,546694626.7141508,36.08091553594764,4,37138.05078
2023-11-12,460269819.6530699,28.644168882894704,3,545511906.4685845,35.94233305153756,4,37054.51953
2023-11-13,451700048.2508486,27.29038740056573,3,534789866.0647349,34.65803628979858,4,36502.35547
2023-11-14,453359080.06348467,27.556462495764034,3,535701265.2015954,34.769203862463996,4,35537.64062
2023-11-15,464767363.3883965,29.33467771914353,3,551728439.6789439,36.66409503682687,4,37880.58203
2023-11-16,454136875.9100831,27.6805358436303,3,537292376.376568,34.96237512870591,4,36154.76953
2023-11-17,454541184.143264,27.74486302848762,3,538251817.4730989,35.0783055688765,4,36596.68359
2023-11-18,454567074.56369424,27.74897840766733,3,538270257.3787584,35.08052963737028,4,36585.70312
2023-11-19,460547071.81738615,28.687125531247137,3,546204246.3680718,36.0235291956382,4,37386.54688
2023-11-20,453998819.22397953,27.658544188279123,3,538566864.1356422,35.116282957608,4,37476.95703
2023-11-21,445657795.2909456,26.304586464097156,3,526903598.8970282,33.68005059343983,4,35813.8125
2023-11-22,454398636.59517556,27.72219616335515,3,538991415.9179649,35.16739044633702,4,37432.33984
2023-11-23,454225735.4647788,27.694683600745357,3,538631236.8839328,35.12403732255997,4,37289.62109
2023-11-24,455544922.65945786,27.90406854338563,3,540658617.2355379,35.36731144754521,4,37720.28125
2023-11-25,459574340.05553967,28.536185211089254,3,545502067.8771621,35.94117771730567,4,37796.79297
2023-11-26,458222646.0523764,28.32537675208895,3,543559001.3085661,35.71218591383726,4,37479.12109
2023-11-27,452288946.4829868,27.385058213664788,3,536304794.04722965,34.84261112551603,4,37254.16797
2023-11-28,456336723.58575773,28.029163944126633,3,541714635.7950083,35.493306416390205,4,37831.08594
2023-11-29,457459405.2387038,28.20579237554987,3,543071032.2560203,35.65442097726987,4,37858.49219
2023-11-30,457156488.1965847,28.158220724317978,3,542554777.5010237,35.59319451219937,4,37712.74609
2023-12-01,459092366.5951569,28.461159650630886,3,545902905.2748833,35.98821386856402,4,38688.75
2023-12-02,465514353.48200107,29.44807120596159,3,554345258.7022285,36.963075858549054,4,39476.33203
2023-12-03,464074867.07173,29.22923034660142,3,553191736.9861021,36.83163054573374,4,39978.39062
2023-12-04,462982467.7167365,29.062247904473466,3,554080071.7806572,36.93290590891582,4,41980.09766
2023-12-05,463970704.3145615,36.71343729277363,4,555514539.3417808,44.59290909459886,5,44080.64844
2023-12-06,463786376.24742204,36.688284570793925,4,554109095.4700254,44.45237439303664,5,43746.44531
2023-12-07,469780126.313575,37.49605522197036,4,561542530.1506646,45.18768761410856,5,43292.66406
2023-12-08,481215142.14491653,38.981323526023075,4,576243236.6993977,46.586020242284505,5,44166.60156
2023-12-09,476394556.0589174,38.3638819976607,4,570360700.6366152,46.03512383264269,5,43725.98438
2023-12-10,479392468.9723576,38.749327589848725,4,572413545.489207,53.71987479585984,6,43779.69922
2023-12-11,468695525.0194526,45.03898888998087,5,552095093.5088165,46.08485925966711,5,41243.83203
2023-12-12,465797564.53434217,44.69704884875766,5,548686087.1854186,45.74988255804616,5,41450.22266
2023-12-13,471526243.502213,45.368936909045054,5,555634130.6247524,46.42826452164483,5,42890.74219
2023-12-14,477312745.06892025,53.458041575398354,6,562491287.5311126,54.50764047445485,6,43023.97266
2023-12-15,467305164.08257806,52.46132154318646,6,550561333.1303988,53.52187968439935,6,41929.75781
2023-12-16,470490319.27975786,38.519387288272924,4,554387469.3997154,39.5577960682733,4,42240.11719
2023-12-17,465329727.95383954,37.83755611005136,4,548176143.7055309,38.872931871600144,4,41364.66406
2023-12-18,469748893.63808393,30.511331827846668,3,553542775.0578089,31.54089098072571,3,42623.53906
2023-12-19,467008424.37278545,30.103562825246605,3,550250418.857735,31.131274260216834,3,42270.52734
2023-12-20,480094285.01674664,32.00871992651539,3,565909752.2953045,33.036946207741494,3,43652.25
2023-12-21,501987591.15482044,42.16241805573189,4,591808986.1899912,43.1546923955916,4,43869.15234
2023-12-22,503200713.1046716,49.799311142588444,5,593256640.0576572,50.790642121036036,5,43997.90234
2023-12-23,521214908.3031513,51.53434403165073,5,614525315.4189264,52.493774329268504,5,43739.54297
2023-12-24,523321236.7190123,51.72941463302648,5,616933288.6342586,52.67919748779168,5,43016.11719
2023-12-25,538911240.8537533,53.125820141780224,5,635409891.9002655,54.05520328403818,5,43613.14062
2023-12-26,525975363.52621865,51.97299306560386,5,619957231.7602615,52.910012466862796,5,42520.40234
2023-12-27,517826918.45592445,51.21724744105715,5,610412715.8842441,52.17370550287629,5,43442.85547
2023-12-28,505089512.0975659,49.98703828458097,5,595255792.6329174,50.95591059174757,5,42627.85547
2023-12-29,506651597.77744806,50.14123602450099,5,597052443.0292981,51.10349408077644,5,42099.40234
2023-12-30,501705041.8236494,49.649654028642296,5,591204380.8369153,50.6198207236862,5,42156.90234
2023-12-31,499904405.00679153,49.468293981022136,5,589080613.8396461,50.44179416398886,5,42265.1875
2024-01-01,516251255.37698233,51.06835640922777,5,608636062.4568245,52.03409703193537,5,44167.33203
2024-01-02,516852128.9132347,51.125242563069975,5,609408995.9644747,52.094933766992156,5,44957.96875
2024-01-03,498561301.12118566,49.332163618421276,5,587530360.309217,50.311030226073264,5,42848.17578
2024-01-04,509248220.9455608,50.39546258111392,5,600324536.4622335,51.37000648564103,5,44179.92188
2024-01-05,495036662.63544935,42.13979833126814,4,583522871.4361969,43.13709562286225,4,44162.69141
2024-01-06,486692718.31866276,41.14783300548769,4,573624992.5392599,42.155928225044406,4,43989.19531
2024-01-07,477716042.08022594,33.280880380197125,3,563007057.8885905,34.21503296844715,3,43943.09766
2024-01-08,490665294.04090965,35.04167883291953,3,578637151.9527652,35.99201050824353,3,46970.50391
2024-01-09,489057883.3633479,34.82817711340452,3,576652208.2154812,35.77168314962474,3,46139.73047
2024-01-10,496506653.6402005,35.8059080937385,3,585494711.6135881,36.74169893070487,3,46627.77734
2024-01-11,494703509.17263436,35.57192709395784,3,583334283.5306034,36.50741643785215,3,46368.58594
2024-01-12,482110590.12088203,33.88904038001374,3,568069597.9528968,34.80129745509888,3,42853.16797
2024-01-13,485172762.0123306,34.30630024725227,3,571688317.6046405,35.21399755566415,3,42842.38281
2024-01-14,481649531.56424415,33.82575572670712,3,567412275.8319714,34.72576763090611,3,41796.26953
2024-01-15,481796612.0395051,26.69865556402362,2,567567863.4629782,26.758315560282586,2,42511.96875
2024-01-16,483814663.30936736,27.004404608936383,2,569954787.3435497,27.065045724717656,2,43154.94531
2024-01-17,488700963.92787504,27.73425465883383,2,575726030.3516353,27.796166644591963,2,42742.65234
2024-01-18,478663993.61372125,26.21893462140311,2,563874676.7042307,26.278607514618724,2,41262.05859
2024-01-19,476965355.5026996,25.956174804410164,2,561870164.4933549,26.015601146282783,2,41618.40625
2024-01-20,476138352.0045345,17.847545456221944,1,560893214.9910016,17.901684927473017,1,41665.58594
2024-01-21,474558104.11847067,17.57398307997951,1,559026028.6895739,17.62747077391551,1,41545.78516
2024-01-22,467924989.3136167,16.405545305499185,1,551188485.4733182,16.45618676734318,1,39507.36719
2024-01-23,467770570.32083654,0.0,0,551006027.372572,0.0,0,39845.55078
2024-01-24,467770570.32083654,0.0,0,551006027.372572,0.0,0,40077.07422
2024-01-25,467770570.32083654,0.0,0,551006027.372572,0.0,0,39933.80859
2024-01-26,467770570.32083654,0.0,0,551006027.372572,0.0,0,41816.87109
2024-01-27,467770570.32083654,0.0,0,551006027.372572,0.0,0,42120.05469
2024-01-28,467770570.32083654,0.0,0,551006027.372572,0.0,0,42035.59375
2024-01-29,467770570.32083654,0.0,0,551006027.372572,0.0,0,43288.24609
2024-01-30,467770570.32083654,0.0,0,551006027.372572,0.0,0,42952.60938
2024-01-31,467770570.32083654,0.0,0,551006027.372572,0.0,0,42582.60547
2024-02-01,467770570.32083654,0.0,0,551006027.372572,0.0,0,43075.77344
2024-02-02,468941470.911555,7.745497421892503,1,552385278.919965,7.745497421892504,1,43185.85938
2024-02-03,468677626.4836668,7.693562285505788,1,552074485.8105239,7.69356228550579,1,42992.25
2024-02-04,469727268.36213547,7.899828153389573,1,553310901.7766293,7.899828153389575,1,42583.58203
2024-02-05,471677988.9800202,8.28072721658398,1,555608735.1299273,8.280727216583982,1,42658.66797
2024-02-06,469976245.5729734,7.948619648959959,1,553604182.1849201,7.948619648959962,1,43084.67188
2024-02-07,471113217.7491862,8.17077401504025,1,554943468.0694906,8.170774015040253,1,44318.22266
2024-02-08,469840053.60955423,7.921936827584609,1,553443756.1182007,7.921936827584611,1,45301.56641
2024-02-09,470323043.46467054,8.016494751141614,1,554012689.5616757,8.016494751141618,1,47147.19922
2024-02-10,471595385.9744445,8.264661988156284,1,555972745.3376548,15.83028960705449,2,47771.27734
2024-02-11,473714244.7706988,8.674981563764236,1,558929240.075798,16.275511091359082,2,48293.91797
2024-02-12,474455339.3266388,8.817630340950027,1,561268961.7054044,16.624527358056007,2,49958.22266
2024-02-13,473218805.8603416,8.579368356803583,1,559622229.9298638,16.37918856921374,2,49742.44141
2024-02-14,474018403.5773512,8.733581205498488,1,562400967.1785562,16.792346221936697,2,51826.69531
2024-02-15,473346316.51780176,16.131130770069753,2,561709408.9085647,16.689903677474735,2,51938.55469
2024-02-16,472728632.94198346,16.021544805869993,2,560723945.9182086,31.60198966530378,4,52160.20312
2024-02-17,473331287.2600539,16.128467758165378,2,563006709.809971,31.879315859716524,4,51662.99609
2024-02-18,473772898.9707897,16.206645828113693,2,564053500.3759334,32.00573665039936,4,52122.54688
2024-02-19,472974064.3955173,16.065122151596466,2,564320751.4395847,32.03793737871925,4,51779.14453
2024-02-20,472248315.49863744,15.93613144266423,2,562021917.5794168,39.30569123056195,5,52284.875
2024-02-21,470487068.06879395,15.621442086701615,2,555824964.8560902,31.789536382832846,4,51839.17969
2024-02-22,469162509.929534,15.383221207373765,2,553098499.3781025,31.45329704300667,4,51304.97266
2024-02-23,468414498.698568,15.248096652004731,2,551753211.5687898,31.28616608314434,4,50731.94922
2024-02-24,469801730.9665134,23.00318314495502,3,554142465.0418849,39.077037091025495,5,51571.10156
2024-02-25,465539484.909244,23.09405187353382,3,548817825.6927308,39.29146280235182,5,51733.23828
2024-02-26,471842675.6427114,24.12141307802634,3,559155629.1024308,40.41385680175979,5,54522.40234
2024-02-27,472122728.9059862,24.166422658330642,3,560933752.1004632,40.602740945721706,5,57085.37109
2024-02-28,476032560.40456474,24.78927187916623,3,566200214.2656091,41.15521939705621,5,62504.78906
2024-02-29,474702847.3177736,24.578595473885642,3,565708693.8803992,41.10409165314414,5,61198.38281
2024-03-01,479131477.7881662,32.7168259405012,4,575754399.52908,49.511186327192405,6,62440.63281
2024-03-02,486378832.72647256,33.71938816355596,4,585678511.8130486,50.36670116317678,6,62029.84766
2024-03-03,478174834.551389,48.66780404402316,6,575699786.3178357,57.948025731101325,7,63167.37109
2024-03-04,482146368.57136595,42.291112142985504,5,581126269.040051,51.54754538036793,6,68330.41406
2024-03-05,456819503.0876062,26.56463539679803,3,554543806.6307442,43.17272023427054,5,63801.19922
2024-03-06,475295213.0957024,29.419220217694136,3,579832097.7448138,45.65113562301107,5,66106.80469
2024-03-07,471843066.67975754,36.47288136253003,4,576386163.1342337,52.88620790681118,6,66925.48438
2024-03-08,472658963.1684929,51.5864542824083,6,577026624.7645198,60.44512973238499,7,68300.09375
2024-03-09,476419061.7892486,51.968554246660226,6,582442488.470454,60.81293220304245,7,68498.88281
2024-03-10,475752452.4242397,45.171166720279174,5,580611430.4191213,53.96182947726555,6,69019.78906
2024-03-11,486396609.9835769,46.37102446649924,5,595238370.5242977,55.093136859541325,6,72123.90625
2024-03-12,502414344.4068891,55.35619634059172,6,611621870.6645339,63.6097398308195,7,71481.28906
2024-03-13,503805308.9107791,55.47945416481578,6,614981785.0594623,63.808555733904825,7,73083.5
2024-03-14,510733173.3569306,57.27296556237729,6,627105156.1560754,64.50821878890139,7,71396.59375
2024-03-15,496536721.6377122,49.21624675257411,5,611272370.9895978,56.81869232293486,6,69403.77344
2024-03-16,476544013.6678952,54.91596941599484,6,582417612.2135704,62.56667380757459,7,65315.11719
2024-03-17,500282429.7803188,42.98691028621986,4,612468802.5402155,50.57701140844364,5,68390.625
2024-03-18,488990005.7483027,41.670286271710296,4,597735806.3404355,49.35883325117516,5,67548.59375
2024-03-19,467341032.925302,38.968237236185125,4,566140902.7707071,46.53267677271336,5,61912.77344
2024-03-20,484317918.0578753,41.10759485077565,4,586855395.2121428,41.508248758627914,4,67913.67188
2024-03-21,473084908.2090671,39.709243401422526,4,573199286.9715002,40.11472000816972,4,65491.39062
2024-03-22,470563769.1272678,39.386223669126025,4,570032011.0960054,39.78197869027304,4,63778.76172
2024-03-23,471865153.39515835,39.55339391758974,4,571577170.911519,39.94476767386585,4,64062.20312
2024-03-24,481575117.1213988,40.77217439765883,4,583443718.4503576,41.1662192840518,4,67234.17188
2024-03-25,490965569.56425226,49.27625970141109,5,594850260.3854821,49.66528176713213,5,69958.8125
2024-03-26,491100758.6830808,49.29022281923043,5,594943536.7460119,49.6731733384075,5,69987.83594
2024-03-27,489227989.15534055,49.09610529617822,5,592737528.6756756,49.48587056036688,5,69455.34375
2024-03-28,492844672.8203131,49.46965764362526,5,597217011.3470211,49.86475656525909,5,70744.95312
2024-03-29,492765080.72012746,56.97770974578853,6,597136064.1404858,57.37397900490882,6,69892.82812
2024-03-30,488002524.7915976,49.75450080139116,5,591365006.8338474,50.154834216966826,5,69645.30469
2024-03-31,501614118.39806736,51.11794192188795,5,607864978.9362174,51.507838376373016,5,71333.64844
2024-04-01,488527006.6784816,49.80844429656513,5,592041741.2981875,50.211809830700005,5,69702.14844
2024-04-02,473821269.07598466,48.25067579563814,5,574094886.099807,48.655374716588014,5,65446.97266
2024-04-03,475393951.49097264,41.10532153850321,4,575921343.1279094,41.4273097407095,4,65980.8125
2024-04-04,483390305.6827884,42.07957092549915,4,585698559.8972353,42.40507873083325,4,68508.84375
2024-04-05,484374354.926922,42.19724138817106,4,586687620.0896618,42.50217442871856,4,67837.64062
2024-04-06,487102895.96849453,42.52102759534378,4,590117085.1665248,42.83632300660055,4,68896.10938
2024-04-07,485862132.7622691,42.3742415231593,4,588670385.6994818,42.69583919248394,4,69362.55469
2024-04-08,491470957.34211606,43.03188520636933,4,595451509.9828041,43.348430763539774,4,71631.35938
2024-04-09,485728279.80487144,42.358361496166616,4,588392218.9412756,42.668748228106075,4,69139.01562
2024-04-10,481696392.6999322,41.875890415807206,4,583648875.3472654,42.20281427823424,4,70587.88281
2024-04-11,478305322.81320524,41.463804435779856,4,579565900.3419594,41.79563976272226,4,70060.60938
2024-04-12,456552134.3815041,38.67474970075292,4,553315257.9521034,39.03428116261044,4,67195.86719
2024-04-13,450085936.8473853,17.697486586348344,2,545314373.462859,18.284708578947466,2,63821.47266
2024-04-14,449936732.1700308,0.0,0,545127935.2619044,0.0,0,65738.72656
2024-04-15,449936732.1700308,0.0,0,545127935.2619044,0.0,0,63426.21094
2024-04-16,449936732.1700308,0.0,0,545127935.2619044,0.0,0,63811.86328
2024-04-17,449936732.1700308,0.0,0,545127935.2619044,0.0,0,61276.69141
2024-04-18,449936732.1700308,0.0,0,545127935.2619044,0.0,0,63512.75391
2024-04-19,449936732.1700308,0.0,0,545127935.2619044,0.0,0,63843.57031
2024-04-20,449936732.1700308,0.0,0,545127935.2619044,0.0,0,64994.44141
2024-04-21,449936732.1700308,0.0,0,545127935.2619044,0.0,0,64926.64453
2024-04-22,449936732.1700308,0.0,0,545127935.2619044,0.0,0,66837.67969
2024-04-23,449936732.1700308,0.0,0,545127935.2619044,0.0,0,66407.27344
2024-04-24,446433974.71008706,0.0,0,540884114.2858905,0.0,0,64276.89844
2024-04-25,446433974.71008706,0.0,0,540884114.2858905,0.0,0,64481.70703
2024-04-26,446433974.71008706,0.0,0,540884114.2858905,0.0,0,63755.32031
2024-04-27,446433974.71008706,0.0,0,540884114.2858905,0.0,0,63419.14062
2024-04-28,446433974.71008706,0.0,0,540884114.2858905,0.0,0,63113.23047
2024-04-29,446433974.71008706,0.0,0,540884114.2858905,0.0,0,63841.12109
2024-04-30,446433974.71008706,0.0,0,540884114.2858905,0.0,0,60636.85547
2024-05-01,446433974.71008706,0.0,0,540884114.2858905,0.0,0,58254.01172
2024-05-02,446433974.71008706,0.0,0,540884114.2858905,0.0,0,59123.43359
2024-05-03,446433974.71008706,0.0,0,540884114.2858905,0.0,0,62889.83594
2024-05-04,446433974.71008706,0.0,0,540884114.2858905,0.0,0,63891.47266
2024-05-05,446433974.71008706,0.0,0,540884114.2858905,0.0,0,64031.13281
2024-05-06,446433974.71008706,0.0,0,540884114.2858905,0.0,0,63161.94922
2024-05-07,446433974.71008706,0.0,0,540884114.2858905,0.0,0,62334.81641
2024-05-08,446433974.71008706,0.0,0,540884114.2858905,0.0,0,61187.94141
2024-05-09,446433974.71008706,0.0,0,540884114.2858905,0.0,0,63049.96094
2024-05-10,446433974.71008706,0.0,0,540884114.2858905,0.0,0,60792.77734
2024-05-11,446433974.71008706,0.0,0,540884114.2858905,0.0,0,60793.71094
2024-05-12,446433974.71008706,0.0,0,540884114.2858905,0.0,0,61448.39453
2024-05-13,446433974.71008706,0.0,0,540884114.2858905,0.0,0,62901.44922
2024-05-14,446433974.71008706,0.0,0,540884114.2858905,0.0,0,61552.78906
2024-05-15,446433974.71008706,0.0,0,540884114.2858905,0.0,0,66267.49219
2024-05-16,446218213.8285923,7.470374956385266,1,540622705.7912511,7.4703749563852675,1,65231.58203
2024-05-17,446315623.8343318,7.490569883081184,1,540740724.4181068,7.490569883081184,1,67051.875
2024-05-18,445855734.18926513,7.395148593817841,1,540183537.8744466,7.395148593817841,1,66940.80469
2024-05-19,445256523.598833,7.270524237414319,1,539457554.8448462,7.270524237414319,1,66278.36719
2024-05-20,447336764.59706086,7.7017422201331325,1,541977903.5941956,7.7017422201331325,1,71448.19531
2024-05-21,445416631.40222275,7.303856429405199,1,539651535.9760604,7.303856429405199,1,70136.53125
2024-05-22,444913048.9421834,22.24594867364475,3,539041412.7141712,22.24594867364475,3,69122.33594
2024-05-23,440274058.58488965,14.61150061511469,2,533420970.87343746,14.611500615114686,2,67929.5625
2024-05-24,441265418.068565,14.803336855154821,2,534622068.07177424,14.803336855154821,2,68526.10156
2024-05-25,442740974.4092617,15.087278219916278,2,536409801.59930205,15.087278219916278,2,69265.94531
2024-05-26,440815973.0618062,14.716472455534738,2,534077535.89418006,14.716472455534735,2,68518.09375
2024-05-27,441066383.2607635,14.76489116507752,2,534380924.31518704,14.764891165077518,2,69394.55469
2024-05-28,440474280.94728416,14.650314883751205,2,533663553.43049824,14.650314883751209,2,68296.21875
2024-05-29,439576516.7787388,14.47600191167639,2,532575853.1105201,14.476001911676391,2,67578.09375
2024-05-30,435739555.0019523,14.40216185968574,2,527927121.6300504,14.40216185968574,2,68364.99219
2024-05-31,434656994.57924277,7.376226293926845,1,526615528.49742997,7.376226293926845,1,67491.41406
2024-06-01,435077360.2752341,7.465718096200044,1,527124829.1780067,7.465718096200045,1,67706.9375
2024-06-02,435170402.6754355,7.4855025568074485,1,527237556.16357416,7.485502556807449,1,67751.60156
2024-06-03,436434783.6128283,7.753523281533697,1,528769436.8047951,7.753523281533697,1,68804.78125
2024-06-04,439663394.464267,8.430923264088825,1,532681111.13891864,8.430923264088827,1,70567.76562
2024-06-05,440348782.6341416,8.573447473070871,1,533511503.9723615,8.573447473070871,1,71082.82031
2024-06-06,440974029.5417174,8.703079073592077,1,534269031.71212137,8.703079073592077,1,70757.16406
2024-06-07,439509956.92987394,8.39895553926377,1,532495211.47717744,8.398955539263772,1,69342.58594
2024-06-08,439472370.70158565,8.391121286195595,1,532449673.29023665,8.391121286195595,1,69305.77344
2024-06-09,438967304.1104429,8.285718028009535,1,531837751.90593106,8.285718028009535,1,69647.99219
2024-06-10,436324253.72536016,7.730155355950898,1,528635522.5785668,7.730155355950898,1,69512.28125
2024-06-11,435145094.61505467,7.480121909027283,1,527206893.7843673,7.480121909027285,1,67332.03125
2024-06-12,435082394.5812451,0.0,0,527130928.5707547,0.0,0,68241.1875
2024-06-13,435082394.5812451,0.0,0,527130928.5707547,0.0,0,66756.39844
2024-06-14,435082394.5812451,0.0,0,527130928.5707547,0.0,0,66011.09375
2024-06-15,435082394.5812451,0.0,0,527130928.5707547,0.0,0,66191.0
2024-06-16,435082394.5812451,0.0,0,527130928.5707547,0.0,0,66639.04688
2024-06-17,435082394.5812451,0.0,0,527130928.5707547,0.0,0,66490.29688
2024-06-18,435082394.5812451,0.0,0,527130928.5707547,0.0,0,65140.74609
2024-06-19,435082394.5812451,0.0,0,527130928.5707547,0.0,0,64960.29688
2024-06-20,435082394.5812451,0.0,0,527130928.5707547,0.0,0,64828.65625
2024-06-21,435082394.5812451,0.0,0,527130928.5707547,0.0,0,64096.19922
2024-06-22,435082394.5812451,0.0,0,527130928.5707547,0.0,0,64252.57812
2024-06-23,435082394.5812451,0.0,0,527130928.5707547,0.0,0,63180.79688
2024-06-24,435082394.5812451,0.0,0,527130928.5707547,0.0,0,60277.41406
2024-06-25,435082394.5812451,0.0,0,527130928.5707547,0.0,0,61804.64062
2024-06-26,435082394.5812451,0.0,0,527130928.5707547,0.0,0,60811.27734
2024-06-27,435082394.5812451,0.0,0,527130928.5707547,0.0,0,61604.80078
2024-06-28,435082394.5812451,0.0,0,527130928.5707547,0.0,0,60320.13672
2024-06-29,435082394.5812451,0.0,0,527130928.5707547,0.0,0,60887.37891
2024-06-30,435082394.5812451,0.0,0,527130928.5707547,0.0,0,62678.29297
2024-07-01,435082394.5812451,0.0,0,527130928.5707547,0.0,0,62851.98047
2024-07-02,435082394.5812451,0.0,0,527130928.5707547,0.0,0,62029.01562
2024-07-03,435082394.5812451,0.0,0,527130928.5707547,0.0,0,60173.92188
2024-07-04,435082394.5812451,0.0,0,527130928.5707547,0.0,0,56977.70312
2024-07-05,435082394.5812451,0.0,0,527130928.5707547,0.0,0,56662.375
2024-07-06,435082394.5812451,0.0,0,527130928.5707547,0.0,0,58303.53906
2024-07-07,435082394.5812451,0.0,0,527130928.5707547,0.0,0,55849.10938
2024-07-08,435082394.5812451,0.0,0,527130928.5707547,0.0,0,56705.09766
2024-07-09,435082394.5812451,0.0,0,527130928.5707547,0.0,0,58009.22656
2024-07-10,435082394.5812451,0.0,0,527130928.5707547,0.0,0,57742.49609
2024-07-11,435082394.5812451,0.0,0,527130928.5707547,0.0,0,57344.91406
2024-07-12,435082394.5812451,0.0,0,527130928.5707547,0.0,0,57899.46484
2024-07-13,435082394.5812451,0.0,0,527130928.5707547,0.0,0,59231.95312
2024-07-14,435082394.5812451,0.0,0,527130928.5707547,0.0,0,60787.79297
2024-07-15,435082394.5812451,0.0,0,527130928.5707547,0.0,0,64870.15234
2024-07-16,435082394.5812451,0.0,0,527130928.5707547,0.0,0,65097.14844
2024-07-17,435082394.5812451,0.0,0,527130928.5707547,0.0,0,64118.79297
2024-07-18,435082394.5812451,0.0,0,527130928.5707547,0.0,0,63974.06641
2024-07-19,435082394.5812451,0.0,0,527130928.5707547,0.0,0,66710.15625
2024-07-20,435082394.5812451,0.0,0,527130928.5707547,0.0,0,67163.64844
2024-07-21,435082394.5812451,0.0,0,527130928.5707547,0.0,0,68154.52344
2024-07-22,435082394.5812451,0.0,0,527130928.5707547,0.0,0,67585.25
2024-07-23,435082394.5812451,0.0,0,527130928.5707547,0.0,0,65927.67188
2024-07-24,435082394.5812451,0.0,0,527130928.5707547,0.0,0,65372.13281
2024-07-25,435082394.5812451,0.0,0,527130928.5707547,0.0,0,65777.22656
2024-07-26,435082394.5812451,0.0,0,527130928.5707547,0.0,0,67912.0625
2024-07-27,435082394.5812451,0.0,0,527130928.5707547,0.0,0,67813.33594
2024-07-28,435082394.5812451,0.0,0,527130928.5707547,0.0,0,68255.86719
2024-07-29,435082394.5812451,0.0,0,527130928.5707547,0.0,0,66819.91406
2024-07-30,435082394.5812451,0.0,0,527130928.5707547,0.0,0,66201.01562
2024-07-31,435082394.5812451,0.0,0,527130928.5707547,0.0,0,64619.25
2024-08-01,435082394.5812451,0.0,0,527130928.5707547,0.0,0,65357.5
2024-08-02,435082394.5812451,0.0,0,527130928.5707547,0.0,0,61415.06641
2024-08-03,435082394.5812451,0.0,0,527130928.5707547,0.0,0,60680.09375
2024-08-04,435082394.5812451,0.0,0,527130928.5707547,0.0,0,58116.97656
2024-08-05,435082394.5812451,0.0,0,527130928.5707547,0.0,0,53991.45703
2024-08-06,435082394.5812451,0.0,0,527130928.5707547,0.0,0,56034.31641
2024-08-07,435082394.5812451,0.0,0,527130928.5707547,0.0,0,55027.46094
2024-08-08,435082394.5812451,0.0,0,527130928.5707547,0.0,0,61710.13672
2024-08-09,435082394.5812451,0.0,0,527130928.5707547,0.0,0,60880.11328
2024-08-10,435082394.5812451,0.0,0,527130928.5707547,0.0,0,60945.8125
2024-08-11,435082394.5812451,0.0,0,527130928.5707547,0.0,0,58719.48438
2024-08-12,435082394.5812451,0.0,0,527130928.5707547,0.0,0,59354.51562
2024-08-13,435082394.5812451,0.0,0,527130928.5707547,0.0,0,60609.56641
2024-08-14,435082394.5812451,0.0,0,527130928.5707547,0.0,0,58737.26953
2024-08-15,435082394.5812451,0.0,0,527130928.5707547,0.0,0,57560.09766
2024-08-16,435082394.5812451,0.0,0,527130928.5707547,0.0,0,58894.10547
2024-08-17,435082394.5812451,0.0,0,527130928.5707547,0.0,0,59478.97266
2024-08-18,435082394.5812451,0.0,0,527130928.5707547,0.0,0,58483.96484
2024-08-19,435082394.5812451,0.0,0,527130928.5707547,0.0,0,59493.45312
2024-08-20,435082394.5812451,0.0,0,527130928.5707547,0.0,0,59012.79297
2024-08-21,435082394.5812451,0.0,0,527130928.5707547,0.0,0,61175.19141
2024-08-22,435082394.5812451,0.0,0,527130928.5707547,0.0,0,60381.91406
2024-08-23,435082394.5812451,0.0,0,527130928.5707547,0.0,0,64094.35547
2024-08-24,435131480.27277935,7.524999721136136,1,527190399.1135305,7.524999721136137,1,64178.99219
2024-08-25,435160184.2753698,7.5310995499887765,1,527225175.9000144,7.5310995499887765,1,64333.54297
2024-08-26,435092580.2538246,7.516731873264342,1,527143269.18281305,7.516731873264342,1,62880.66016
2024-08-27,434320749.2034723,7.3523799326555155,1,526208145.11587965,7.352379932655515,1,59504.13281
2024-08-28,434468909.71105224,7.383974180502562,1,526387651.31266165,7.383974180502562,1,59027.625
2024-08-29,434709942.6285582,7.435326838268101,1,526679678.54061544,7.435326838268103,1,59388.17969
2024-08-30,434631398.06548506,7.418598981417773,1,526584516.63799053,7.418598981417773,1,59119.47656
2024-08-31,434813067.8888304,7.457280539103651,1,526804621.5741269,7.457280539103653,1,58969.89844
2024-09-01,434513368.0934429,7.39345043369463,1,526441515.5661554,7.393450433694632,1,57325.48828
2024-09-02,434750357.2731322,7.443931703803827,1,526728643.53986037,7.443931703803827,1,59112.48047
2024-09-03,434727473.07029474,7.439059520719166,1,526700917.8234408,7.439059520719166,1,57431.02344
2024-09-04,434648536.35274607,7.422249486395881,1,526605280.79988384,7.422249486395881,1,57971.53906
2024-09-05,434560111.2019086,7.403411582634495,1,526498147.9155142,7.403411582634496,1,56160.48828
2024-09-06,433979867.5047543,7.279607252456486,1,525795144.52423084,7.279607252456488,1,53948.75391
2024-09-07,434386463.4951173,7.366395730192875,1,526287762.3010533,7.366395730192875,1,54139.6875
2024-09-08,434491566.57796186,7.388803708005749,1,526415101.5966569,7.388803708005749,1,54841.56641
2024-09-09,434521560.7119429,7.395196469334277,1,526451441.46214914,7.395196469334278,1,57019.53516
2024-09-10,434836276.0453651,7.462219745047843,1,526832739.7817513,7.462219745047843,1,57648.71094
2024-09-11,434948048.59599304,7.486000018949364,1,526968159.57610524,7.486000018949364,1,57343.17188
2024-09-12,435094464.3003267,7.517132344408223,1,527145551.82903016,7.517132344408223,1,58127.01172
2024-09-13,435096513.1653765,7.517567845290231,1,527148034.1637549,7.517567845290232,1,60571.30078
2024-09-14,435069124.8694684,7.51174592855709,1,527114851.44242716,7.51174592855709,1,60005.12109
2024-09-15,434945735.4529272,7.485508007877378,1,526965357.0511871,7.48550800787738,1,59182.83594
2024-09-16,434765173.89223003,7.4470859767113335,1,526746594.8481197,7.4470859767113335,1,58192.50781
2024-09-17,434968645.2310565,7.490380741828501,1,526993113.7537545,7.490380741828501,1,60308.53906
2024-09-18,434871751.8169066,7.469768750329424,1,526875721.0115765,7.469768750329424,1,61649.67969
2024-09-19,435852984.8321032,7.678081463481844,1,528064549.32751584,7.678081463481842,1,62940.45703
2024-09-20,435784175.9301403,7.663504133251704,1,527981182.81846523,7.663504133251705,1,63192.97656
2024-09-21,436095918.84630585,7.729510824087417,1,528358879.85911846,7.729510824087418,1,63394.83984
2024-09-22,435968715.86957484,7.702588982082798,1,528204765.0889594,7.702588982082798,1,63648.71094
2024-09-23,435754264.2054331,7.657165827303435,1,527944942.7972268,7.6571658273034355,1,63329.80078
2024-09-24,435827653.9263422,7.672715585945033,1,528033859.26962876,7.672715585945033,1,64301.96875
2024-09-25,435828904.2739454,7.672980463280254,1,528035374.14796287,7.672980463280254,1,63143.14453
2024-09-26,435853951.00979656,7.6782861177659045,1,528065719.91531944,7.6782861177659045,1,65181.01953
2024-09-27,436805914.5242821,7.879489673597742,1,529219086.3066193,7.879489673597743,1,65790.66406
2024-09-28,436933594.9064616,7.906409054716878,1,529373779.4848696,7.906409054716878,1,65887.64844
2024-09-29,437063659.4741844,7.933814932182759,1,529531361.2606706,7.933814932182759,1,65635.30469
2024-09-30,436486385.3525877,7.812052998942039,1,528831955.7054308,7.812052998942039,1,63329.5
2024-10-01,436280509.9363241,7.768550638577389,1,528582524.10190815,7.76855063857739,1,60837.00781
2024-10-02,436116117.64349556,7.733784348550424,1,528383352.03002506,7.733784348550424,1,60632.78516
2024-10-03,436185452.25979155,7.748450685142203,1,528467355.476557,7.748450685142203,1,60759.40234
2024-10-04,436432060.59092814,7.8005779293929915,1,528766137.68471885,7.800577929392993,1,62067.47656
2024-10-05,436588589.9023521,7.833634020147972,1,528955783.2376235,7.833634020147972,1,62089.94922
2024-10-06,436608200.4678285,7.83777373752578,1,528979542.727132,7.837773737525781,1,62818.95312
2024-10-07,436961503.2333046,7.912290987146236,1,529407592.2578681,7.912290987146238,1,62236.66016
2024-10-08,437098080.9753604,7.941065150006896,1,529573065.17262775,7.941065150006896,1,62131.96875
2024-10-09,436903504.1547111,7.900066314600155,1,529337322.56059694,7.9000663146001555,1,60582.10156
2024-10-10,437062483.01075774,7.933567112926308,1,529529935.8978744,7.933567112926308,1,60274.5
2024-10-11,447566488.4066145,10.09428810717672,1,542256229.0942686,10.09428810717672,1,62445.08984
2024-10-12,447665910.9329618,10.114255347904995,1,542376686.0221679,10.114255347904994,1,63193.02344
2024-10-13,447985846.46762735,10.178448545080371,1,542764308.9588149,10.178448545080371,1,62851.375
2024-10-14,450402890.57765603,10.660467325242532,1,545692716.8235877,10.660467325242534,1,66046.125
2024-10-15,451272768.77199215,10.832679159733294,1,546746631.4522529,10.832679159733296,1,67041.10938
2024-10-16,451138066.5513411,10.806055301058496,1,546583430.8549944,10.806055301058496,1,67612.71875
2024-10-17,453198298.3975075,11.211529474292885,1,549079537.2009797,11.211529474292886,1,67399.83594
2024-10-18,455091853.22477037,11.580962228972854,1,551373703.3792168,11.580962228972856,1,68418.78906
2024-10-19,455027789.96030146,11.568513731703472,1,551296086.5220252,11.568513731703474,1,68362.73438
2024-10-20,455766984.09651136,11.71193797783537,1,552191668.821533,11.711937977835372,1,69001.70312
2024-10-21,455501393.2153991,11.660459531153489,1,551869888.0059351,11.660459531153489,1,67367.85156
2024-10-22,456554509.8509828,11.864228933580215,1,553145808.0544648,11.864228933580215,1,67361.40625
2024-10-23,456881776.96932155,11.927361107532972,1,553542313.6867982,11.927361107532972,1,66432.19531
2024-10-24,457833246.028164,12.110393667015634,1,554695081.012575,12.110393667015634,1,68161.05469
2024-10-25,457361262.54155236,12.019694156078804,1,554123241.984689,12.019694156078804,1,66642.41406
2024-10-26,458043639.7459936,12.15076410212359,1,554949986.8355323,12.15076410212359,1,67014.69531
2024-10-27,457648467.3860052,12.07490764821426,1,554471209.5380353,12.07490764821426,1,67929.29688
2024-10-28,458716610.92642,12.279645425741565,1,555765335.6698167,12.279645425741565,1,69907.75781
2024-10-29,459131334.1762037,12.358881295335376,1,556267800.155811,12.358881295335378,1,72720.49219
2024-10-30,458460391.96893346,12.230621304589372,1,555454909.5559142,12.230621304589372,1,72339.53906
2024-10-31,458278318.6243161,12.195750651353952,1,555234315.7272246,12.195750651353954,1,70215.1875
2024-11-01,459204451.0939994,12.372835969460558,1,556356386.1093037,12.372835969460557,1,69482.46875
2024-11-02,458743271.7473589,12.284743476895747,1,555797637.0073864,12.284743476895747,1,69289.27344
2024-11-03,459087566.3266939,12.35052588870776,1,556214772.5283064,12.35052588870776,1,68741.11719
2024-11-04,458876178.0141799,12.31014882118313,1,555958661.6884923,12.31014882118313,1,67811.50781
2024-11-05,459286661.44890916,12.388520858353177,1,556455989.3597717,12.388520858353177,1,69359.5625
2024-11-06,459987640.41564703,12.522032715470885,1,557305271.4687403,12.522032715470887,1,75639.07812
2024-11-07,461657732.1077801,27.814049037912408,3,559328697.3656206,27.814049037912415,3,75904.85938
2024-11-08,463646678.2825631,28.123711498066207,3,561738436.4335499,28.12371149806621,3,76545.47656
2024-11-09,471029990.94490683,29.250359739623022,3,570683805.191519,29.250359739623022,3,76778.86719
2024-11-10,476984034.6629409,30.133505548566376,3,577897520.646172,30.133505548566376,3,80474.1875
2024-11-11,482859704.05899286,30.983674696678943,3,585016280.4564756,30.983674696678946,3,88701.48438
2024-11-12,480064865.8659809,30.581875949021985,3,581630150.2194538,30.581875949022,3,87955.8125
2024-11-13,480232565.74900997,24.153604422784024,2,581833329.6543455,24.153604422784028,2,90584.16406
2024-11-14,480094236.3427469,24.13175082390036,2,581665734.4832233,24.131750823900365,2,87250.42969
2024-11-15,485201326.4656793,24.930318273898543,2,587853309.9685218,24.930318273898543,2,91066.00781
2024-11-16,486552859.09465027,25.138844690715988,2,589490780.6144872,25.138844690715995,2,90558.47656
2024-11-17,482834931.7893378,25.34689182064474,2,584986267.2229624,25.346891820644746,2,89845.85156
2024-11-18,481440441.03302675,25.13065932247191,2,583296749.9811418,25.13065932247191,2,90542.64062
2024-11-19,487262633.08790356,26.025256303332394,2,590350718.4763699,26.0252563033324,2,92343.78906
2024-11-20,484616659.87436044,25.621359354451506,2,587144947.9501439,25.621359354451517,2,94339.49219
2024-11-21,488581703.5031438,26.22497294271045,2,591948859.0159452,26.224972942710455,2,98504.72656
2024-11-22,487164410.3381661,33.547660006728435,3,590231715.1567211,33.54766000672844,3,98997.66406
2024-11-23,503480020.898628,50.244100026908136,5,609999150.13467,50.244100026908136,5,97777.28125
2024-11-24,500207847.30010647,43.357718617206885,4,606034696.668118,43.357718617206906,4,98013.82031
2024-11-25,487785943.5906199,41.91527244903028,4,590984743.5591204,41.9152724490303,4,93102.29688
2024-11-26,485707045.7111293,34.88988178513828,3,588466022.0864339,34.889881785138286,3,91985.32031
2024-11-27,489845671.4358689,35.43998649341301,3,593480239.2748553,35.43998649341301,3,95962.53125
2024-11-28,490633367.2073238,35.54363547663171,3,594434584.4945415,35.543635476631714,3,95652.46875
2024-11-29,497286977.09822524,36.40604998631134,3,602495870.3654952,36.406049986311345,3,97461.52344
2024-11-30,497483983.9656583,43.94319082582131,4,602734557.1389849,43.94319082582132,4,96449.05469
2024-12-01,507763110.45056766,59.80373513298732,6,617622633.5405986,45.29446588035021,4,97279.78906
2024-12-02,519991615.9378936,61.64259436215623,6,623117392.1759257,53.22581935951452,5,95865.30469
2024-12-03,517371549.09068,61.44834524460527,6,620025489.8347251,60.54527183328293,6,96002.16406
2024-12-04,505048587.8640881,61.305350530978,6,605634561.9574952,60.40491094448333,6,98768.53125
2024-12-05,516291624.81072116,62.147985492908134,6,618959645.3382404,61.25732170681093,6,96593.57031
2024-12-06,521662532.3308389,62.53770040775812,6,625679646.934781,61.67343059138142,6,99920.71094
2024-12-07,526675326.67136174,62.89425936138486,6,631762318.6191287,62.042442689174074,6,99923.33594
2024-12-08,526566938.7520614,62.886621559377296,6,631065562.2976053,62.000533940565425,6,101236.0156
2024-12-09,485013898.57660055,45.74459454592374,4,592193720.2171078,45.3917741126855,4,97432.71875
2024-12-10,488907910.2470623,46.17672333254338,4,596911571.3949094,45.82338491597094,4,96675.42969
2024-12-11,499817606.514557,47.351543092611564,4,610129385.7572773,46.99706456110612,4,101173.0312
2024-12-12,500757838.11752844,47.45039674853853,4,611268538.1663811,47.09584016924704,4,100043.0
2024-12-13,506317225.20065475,48.027393878003785,4,618004101.1583822,47.67243715365379,4,101459.2578
2024-12-14,499951746.94774234,47.3656690294829,4,610291905.7120824,47.01117917509896,4,101372.9688
2024-12-15,506557518.54963505,48.05204788297453,4,618295232.350439,47.69707616904936,4,104298.6953
2024-12-16,504050931.1091833,47.79371667813538,4,615258336.8532059,47.438910607755666,4,106029.7188
2024-12-17,506923516.4702578,48.089554216450296,4,618738662.896367,47.73456003010214,4,106140.6016
2024-12-18,492327879.55830866,46.5506082212045,4,601055089.0852904,46.19686443071437,4,100041.5391
2024-12-19,485178646.751392,45.76301761355249,4,592393323.4633889,45.41017401479283,4,97490.95312
2024-12-20,491982837.0782505,46.51312254221928,4,600637047.4334686,46.15941760361189,4,97755.92969
2024-12-21,485948369.1716391,45.84892678415133,4,593325892.786303,45.49597643413099,4,97224.72656
2024-12-22,484357790.1324112,45.671100466987575,4,591398801.696533,45.318373405736104,4,95104.9375
2024-12-23,492927068.40333784,46.615579859769994,4,601781045.7689055,46.26176967513938,4,94686.24219
2024-12-24,497956026.91809976,47.154719903683926,4,607873959.6735963,46.80040503786429,4,98676.09375
2024-12-25,493875133.11775386,46.7180589716763,4,602929688.5075672,46.36414650153844,4,99299.19531
2024-12-26,482554456.3877072,45.468070246162505,4,589213944.2920321,45.11560909930378,4,95795.51562
2024-12-27,479748237.0272599,37.25442374750175,3,585814025.0223279,36.9639573963316,3,94164.85938
2024-12-28,483059799.75201327,37.68456906608883,3,589826201.0052235,37.39274759886953,3,95163.92969
2024-12-29,479415941.65575767,37.210933194186104,3,585411427.3306692,36.920606405799596,3,93530.22656
2024-12-30,479444642.02162164,37.21469185375103,3,585446199.7110199,36.92435298519053,3,92643.21094
2024-12-31,479093721.6345573,37.16870368141292,3,585021036.5883757,36.87851285745084,3,93429.20312
2025-01-01,486952218.9624808,38.18268319521739,3,594542122.8130345,37.889349766481594,3,94419.75781
2025-01-02,489435996.10643005,38.49639211691796,3,597551382.1362324,38.202138020132516,3,96886.875
2025-01-03,500382719.8933732,39.84188823544904,3,610814057.7730453,39.54396207944722,3,98107.42969
2025-01-04,505306197.3314434,40.42804195284625,3,616779174.4177328,40.12865646121231,3,98236.22656
2025-01-05,505618555.00577325,40.46484392161631,3,617157616.2783238,40.16536964767759,3,98314.96094
2025-01-06,508379163.1284214,40.788132615121626,3,620502274.5344045,40.48789286575539,3,102078.0859
2025-01-07,500304353.364601,39.832465206517206,3,610719111.570682,39.534563206705684,3,96922.70312
2025-01-08,502871473.437631,40.13961582943326,3,613829346.3324251,39.84093777892536,3,95043.52344
2025-01-09,497630240.82100344,39.5091432973761,3,607479248.3958782,39.21208347997868,3,92484.03906
2025-01-10,505782724.8428764,40.48416818161022,3,617356518.8304685,40.18464742368013,3,94701.45312
2025-01-11,508189963.97099036,40.76608803295081,3,620273047.3149545,40.465899656633965,3,94566.59375
2025-01-12,503597555.03681004,40.22592189472552,3,614709041.9311442,39.92702999271921,3,94488.4375
2025-01-13,504534948.8499787,40.33697832626007,3,615844756.1713117,40.0378139635215,3,94516.52344
2025-01-14,505351424.1702236,40.43337339392578,3,616833969.7066699,40.13397501973757,3,96534.04688
2025-01-15,519580224.60352427,42.06461646733088,3,634073097.0036333,41.76160759124221,3,100504.4922
2025-01-16,519901685.86532366,57.12128254798857,5,634397042.304872,49.30261623465576,4,99756.90625
2025-01-17,531126187.7277539,72.73969959968893,7,642891180.1761813,57.38807784014821,5,104462.0391
2025-01-18,526031065.0151834,72.47565706502016,7,642353484.6607629,57.35240863309035,5,104408.0703
2025-01-19,501476058.8982985,65.04723081843503,6,617880018.5571375,41.833541920879384,3,101089.6094
2025-01-20,501919508.5243045,58.01792680092155,5,619881086.5763376,42.02131186833032,3,102016.6641
2025-01-21,503997485.2390815,45.13374963034096,4,622196072.6059204,29.422567607242406,2,106146.2656
2025-01-22,502512427.5502059,44.97160528822298,4,621948190.8243972,29.3944384801946,2,103653.0703
2025-01-23,499681193.4199215,37.65074372350082,3,619515609.8475978,29.117199709969626,2,103960.1719
2025-01-24,500167769.46442163,37.711398680394645,3,620183806.833807,29.193570090824412,2,104819.4844
2025-01-25,500142877.72097087,37.70829862248515,3,619787478.1128471,29.14829227739215,2,104714.6484
2025-01-26,498478392.7334105,37.5002984296906,3,617886401.1098772,28.93029985689116,2,102682.5
2025-01-27,497871513.21786696,37.42411453966352,3,617600114.0230701,28.897355663792357,2,102087.6875
2025-01-28,498639631.9715323,37.520508223734026,3,618259498.4953332,28.973187866494023,2,101332.4766
2025-01-29,499379878.0235481,37.61312348348856,3,618892368.5587093,29.045818820404502,2,103703.2109
2025-01-30,501023443.42388684,37.817778401384274,3,620861582.5655549,29.2708673196944,2,104735.3047
2025-01-31,498153144.0110612,37.459491805608536,3,617456559.4545765,28.880824768994746,2,102405.0234
2025-02-01,494595304.4304826,37.00961067359957,3,613562642.7483952,28.429473716522967,2,100655.9062
2025-02-02,487490461.0684508,36.09156840361013,3,604960853.9400153,27.411830098782197,2,97688.97656
2025-02-03,488803913.8969964,25.32961580555876,2,605979899.9485244,16.84852275725011,1,101405.4219
2025-02-04,487286453.82086647,25.097084558289573,2,604171761.8263563,16.599670749564886,1,97871.82031
2025-02-05,486549559.0868747,24.983641717948256,2,602951678.8160598,16.43090876026023,1,96615.44531
2025-02-06,486840117.1119899,25.028413305472863,2,603672767.7889093,16.53073229608866,1,96593.29688
2025-02-07,486541124.0694119,24.98234118185623,2,603273831.4654307,16.47553526773362,1,96529.08594
2025-02-08,485919057.64745206,24.886304679746736,2,602295213.1757816,16.339823465560812,1,96482.45312
2025-02-09,486242477.55641186,24.936265893798208,2,602421946.5200516,16.357423312338756,1,96500.09375
2025-02-10,487232045.4210559,25.08872027312272,2,603698562.035453,16.53429868999013,1,97437.55469
2025-02-11,486074510.6554999,24.910327025348387,2,602567113.1793234,16.37757395309739,1,95747.42969
2025-02-12,486317053.887818,24.947776857410375,2,602783024.6567986,16.407526756708794,1,97885.85938
2025-02-13,485339860.6350172,24.796665168445294,2,601936469.3288313,16.289963430331557,1,96623.86719
2025-02-14,485402573.07571983,24.80638119579633,2,601660775.2436435,16.251605666450804,1,97508.96875
2025-02-15,485108854.1343379,8.157651092436156,1,601465113.0897741,0.0,0,97580.35156
2025-02-16,484733575.3948841,8.086547123831481,1,601465113.0897741,0.0,0,96175.03125
2025-02-17,485049710.6671185,8.146452498080748,1,601465113.0897741,0.0,0,95773.38281
2025-02-18,484983207.96263796,8.13385719740906,1,601465113.0897741,0.0,0,95539.54688
2025-02-19,484373631.28796494,8.018245086783352,1,601465113.0897741,0.0,0,96635.60938
2025-02-20,484856699.1697206,8.109887486655694,1,601465113.0897741,0.0,0,98333.9375
2025-02-21,484824293.10925364,8.103745474828429,1,601465113.0897741,0.0,0,96125.54688
2025-02-22,484727648.7250019,8.085423316071882,1,601465113.0897741,0.0,0,96577.75781
2025-02-23,484916327.8613748,8.121186935385943,1,601465113.0897741,0.0,0,96273.92188
2025-02-24,480772630.5688045,7.3292991182904,1,601465113.0897741,0.0,0,91418.17188
2025-02-25,480702156.040458,0.0,0,601465113.0897741,0.0,0,88736.17188
2025-02-26,480702156.040458,0.0,0,601465113.0897741,0.0,0,84347.02344
2025-02-27,480702156.040458,0.0,0,601465113.0897741,0.0,0,84704.22656
2025-02-28,480702156.040458,0.0,0,601465113.0897741,0.0,0,84373.00781
2025-03-01,480702156.040458,0.0,0,601465113.0897741,0.0,0,86031.91406
2025-03-02,480702156.040458,0.0,0,601465113.0897741,0.0,0,94248.35156
2025-03-03,471905884.66014284,7.3771546687800615,1,590459024.8206707,7.3771546687800615,1,86065.67188
2025-03-04,470478661.94718754,14.6339753723914,2,588673252.363308,14.633975372391397,2,87222.19531
2025-03-05,472241268.24183893,14.952597869993486,2,590878664.1365309,14.952597869993486,2,90623.5625
2025-03-06,471340963.58254945,14.790149497553855,2,589752183.1401169,14.790149497553854,2,89961.72656
2025-03-07,470592427.5978765,14.654612596385977,2,588815598.4482954,14.654612596385977,2,86742.67188
2025-03-08,470138254.57619846,14.5721654181228,2,588247327.171761,14.5721654181228,2,86154.59375
2025-03-09,469432372.79434097,14.443708252427287,2,587364112.3568951,14.443708252427284,2,80601.03906
2025-03-10,468709951.5774732,7.4029856317831015,1,586460203.0370766,7.402985631783103,1,78532.0
2025-03-11,469191006.82718015,7.497924109334584,1,587062109.9487299,7.497924109334584,1,82862.21094
2025-03-12,468572998.97992,7.3759217555653,1,586288844.9340596,7.3759217555653,1,83722.35938
2025-03-13,468588879.8051482,7.37906085438286,1,586308715.3719634,7.37906085438286,1,81066.70312
2025-03-14,468963328.4805414,7.453015012139982,1,586777233.7924898,7.453015012139981,1,83969.10156
2025-03-15,468935087.22678494,7.4474414413865135,1,586741897.7144818,7.4474414413865135,1,84343.10938
2025-03-16,469000223.05270463,7.460295352848344,1,586823397.0928613,7.460295352848344,1,82579.6875
2025-03-17,468979820.36787754,7.4562694686931845,1,586797868.8047464,7.4562694686931845,1,84075.6875
2025-03-18,468769733.82036924,7.41479453667825,1,586535003.894598,7.41479453667825,1,82718.5
2025-03-19,468971010.8891544,7.454531062680554,1,586786846.1911594,7.4545310626805525,1,86854.22656
2025-03-20,468698826.85231876,7.400787810333689,1,586446283.5362192,7.400787810333689,1,84167.19531
2025-03-21,468719793.07220095,7.4049298488658435,1,586472516.9317929,7.404929848865844,1,84043.24219
2025-03-22,468689708.4477521,7.398986283515242,1,586434874.3878205,7.398986283515242,1,83832.48438
2025-03-23,468788113.21066105,7.4184244487398106,1,586558000.5920779,7.4184244487398106,1,86054.375
2025-03-24,468791677.7396242,7.419128406858472,1,586562460.6091362,7.419128406858472,1,87498.91406
2025-03-25,468748489.227749,7.410598395212334,1,586508422.1929302,7.410598395212334,1,87471.70312
2025-03-26,468865093.4571069,7.433624881874479,1,586654319.969997,7.43362488187448,1,86900.88281
2025-03-27,468772218.806275,7.415285335666383,1,586538113.163633,7.415285335666384,1,87177.10156
2025-03-28,468527977.2817209,7.367021340864582,1,586232512.794795,7.367021340864582,1,84353.14844
2025-03-29,468458944.16957235,0.0,0,586146137.0461457,0.0,0,82597.58594
2025-03-30,468458944.16957235,0.0,0,586146137.0461457,0.0,0,82334.52344
2025-03-31,468458944.16957235,0.0,0,586146137.0461457,0.0,0,82548.91406
2025-04-01,468458944.16957235,0.0,0,586146137.0461457,0.0,0,85169.17188
2025-04-02,468458944.16957235,0.0,0,586146137.0461457,0.0,0,82485.71094
2025-04-03,468458944.16957235,0.0,0,586146137.0461457,0.0,0,83102.82812
2025-04-04,468458944.16957235,0.0,0,586146137.0461457,0.0,0,83843.80469
2025-04-05,468458944.16957235,0.0,0,586146137.0461457,0.0,0,83504.79688
2025-04-06,468458944.16957235,0.0,0,586146137.0461457,0.0,0,78214.48438
2025-04-07,468458944.16957235,0.0,0,586146137.0461457,0.0,0,79235.33594
2025-04-08,468458944.16957235,0.0,0,586146137.0461457,0.0,0,76271.95312
2025-04-09,468458944.16957235,0.0,0,586146137.0461457,0.0,0,82573.95312
2025-04-10,468458944.16957235,0.0,0,586146137.0461457,0.0,0,79626.14062
2025-04-11,468458944.16957235,0.0,0,586146137.0461457,0.0,0,83404.83594
2025-04-12,468458944.16957235,0.0,0,586146137.0461457,0.0,0,85287.10938
2025-04-13,468458944.16957235,0.0,0,586146137.0461457,0.0,0,83684.97656
2025-04-14,468458944.16957235,0.0,0,586146137.0461457,0.0,0,84542.39062
2025-04-15,468458944.16957235,0.0,0,586146137.0461457,0.0,0,83668.99219
2025-04-16,468458944.16957235,0.0,0,586146137.0461457,0.0,0,84033.86719
2025-04-17,468458944.16957235,0.0,0,586146137.0461457,0.0,0,84895.75
2025-04-18,468458944.16957235,0.0,0,586146137.0461457,0.0,0,84450.80469
2025-04-19,468458944.16957235,0.0,0,586146137.0461457,0.0,0,85063.41406
2025-04-20,468458944.16957235,0.0,0,586146137.0461457,0.0,0,85174.30469
2025-04-21,468458944.16957235,0.0,0,586146137.0461457,0.0,0,87518.90625
2025-04-22,468458944.16957235,0.0,0,586146137.0461457,0.0,0,93441.89062
2025-04-23,468458944.16957235,0.0,0,586146137.0461457,0.0,0,93699.10938
2025-04-24,468046459.7676799,7.43197668148914,1,585630027.4878372,7.431976681489137,1,93943.79688
2025-04-25,468001278.3343789,7.423040047840915,1,585573495.484499,7.423040047840915,1,94720.5
2025-04-26,468425896.2347559,7.50695905119693,1,586104786.7430484,7.5069590511969295,1,94646.92969
2025-04-27,468963222.0025644,7.612935153187474,1,586777100.5649023,7.612935153187475,1,93754.84375
2025-04-28,472759724.7503261,8.354850606611103,1,591527368.325998,8.354850606611103,1,94978.75
2025-04-29,474482977.54933506,8.68769238952065,1,593683540.1396958,8.68769238952065,1,94284.78906
2025-04-30,475768008.4090005,8.934323375784569,1,595291399.0220002,8.934323375784569,1,94207.3125
2025-05-01,474610176.8275609,8.712164809599853,1,593842694.6749973,8.712164809599852,1,96492.33594
2025-05-02,476392187.15011847,9.053639479044762,1,596072385.194825,9.053639479044762,1,96910.07031
2025-05-03,475712944.77447796,8.9237825502925,1,595222502.1910851,8.9237825502925,1,95891.79688
2025-05-04,476041235.08580923,8.986591058416902,1,595633266.2510127,8.986591058416902,1,94315.97656
2025-05-05,475657601.6527656,8.9131857635074,1,595153255.6596494,8.913185763507398,1,94748.05469
2025-05-06,477138273.54533416,9.195849496645916,1,597005904.9064267,9.195849496645916,1,96802.47656
2025-05-07,476501965.06017625,9.074591966374152,1,596209741.7310045,9.074591966374152,1,97032.32031
2025-05-08,478762769.5458055,9.503958206641975,1,599038510.0411438,9.503958206641974,1,103241.4609
2025-05-09,481329134.0588522,17.46135761445055,2,602249601.7799112,17.46135761445055,2,102970.8516
2025-05-10,482788266.7876678,17.710814452534258,2,604075300.751139,17.71081445253425,2,104696.3281
2025-05-11,483598985.65774333,17.848766345538618,2,605089690.0372003,17.848766345538618,2,104106.3594
2025-05-12,484453056.86439145,17.993595658225857,2,606158322.7205331,17.993595658225853,2,102812.9531
2025-05-13,485163103.2529702,18.113613752868236,2,607046748.3829501,18.113613752868236,2,104169.8125
2025-05-14,485090975.2958767,18.10143810323844,2,606956500.2962189,18.101438103238436,2,103539.4141
2025-05-15,484188788.9043989,17.948836949064578,2,605827664.8350928,17.948836949064578,2,103744.6406
2025-05-16,483843721.32890916,17.890319715809312,2,605395908.69315,17.89031971580931,2,103489.2891
2025-05-17,484277957.07071006,17.96394470205255,2,605939234.0064818,17.963944702052554,2,103191.0859
2025-05-18,484675589.960004,18.031247934090903,2,606436761.0254936,18.0312479340909,2,106446.0078
2025-05-19,485346711.1684917,18.144591584472835,2,607276482.6462264,18.14459158447283,2,105606.1797
2025-05-20,486741606.77732444,18.379171386503742,2,609021806.7197144,18.379171386503742,2,106791.0859
2025-05-21,493618226.07411444,19.516235083538465,2,617625984.0695473,19.516235083538465,2,109678.0781
2025-05-22,493869856.2422905,19.557242128300146,2,617940829.2718352,19.557242128300143,2,111673.2812
2025-05-23,494537452.33142257,19.66583505751303,2,618776140.1856775,19.66583505751303,2,107287.7969
2025-05-24,496468256.8242656,19.97826100714358,2,621192005.2448397,19.978261007143576,2,107791.1562
2025-05-25,499187460.55016994,20.41416019936869,2,624594332.7691988,20.414160199368688,2,109035.3906
2025-05-26,496596026.5461819,19.99884988581321,2,621351873.5318365,19.998849885813208,2,109440.3672
2025-05-27,491546278.9335547,19.176982985156325,2,615033518.2244223,19.17698298515632,2,108994.6406
2025-05-28,487528910.0691154,18.510979666420923,2,610006897.9190831,18.51097966642092,2,107802.3281
2025-05-29,485654501.45326316,18.196468586314488,2,607661596.6219215,18.196468586314488,2,105641.7578
2025-05-30,483784361.2314474,17.880244899393542,2,605321636.0332832,17.880244899393542,2,103998.5703
2025-05-31,483593371.09667766,17.84781256257644,2,605082664.9748745,17.847812562576436,2,104638.0938
2025-06-01,487283748.95333564,18.469981091788195,2,609700146.9374726,18.469981091788192,2,105652.1016
2025-06-02,488943234.54680854,18.746696019522403,2,611776531.8207245,18.746696019522403,2,105881.5312
2025-06-03,486890872.8322817,18.404193870533074,2,609208571.6915314,18.404193870533074,2,105432.4688
2025-06-04,482139047.38305986,17.600008791103665,2,603262983.1492606,17.600008791103665,2,104731.9844
2025-06-05,482297911.60552907,17.62715054357631,2,603461757.5594285,17.627150543576306,2,101575.9531
2025-06-06,483567490.4019756,17.84341574987837,2,605050282.4802878,17.843415749878368,2,104390.3438
2025-06-07,484397684.6749916,17.98422138932063,2,606089039.8189673,17.984221389320624,2,105615.625
2025-06-08,484191543.33077943,17.949303714523758,2,605831111.2339774,17.949303714523758,2,105793.6484
2025-06-09,485666357.5561115,18.198465576772463,2,607676431.2386398,18.19846557677246,2,110294.1016
2025-06-10,485982302.4988152,18.25164607526702,2,608071748.5017424,18.251646075267015,2,110257.2344
2025-06-11,485477643.95405877,18.166667897915982,2,607440308.6280503,18.166667897915982,2,108686.625
2025-06-12,486096941.302639,18.270925220458484,2,608215187.0951415,18.27092522045848,2,105929.0547
2025-06-13,490147660.93190575,9.046887194999165,1,613283536.61115,9.046887194999163,1,106090.9688
2025-06-14,492742276.3105645,9.525815747644806,1,616529976.4544905,9.525815747644808,1,105472.4062
2025-06-15,492582265.37319064,9.496426019170949,1,616329767.2494062,9.496426019170949,1,105552.0234
2025-06-16,506676252.8993706,12.013923603597593,1,633964474.5100207,12.013923603597593,1,106796.7578
2025-06-17,502662422.4255297,11.311342350339315,1,628942281.5168428,11.311342350339313,1,104601.1172
2025-06-18,503964155.201079,11.540423984996393,1,630571038.2037435,11.540423984996393,1,104883.3281
2025-06-19,503978947.56775016,11.54302037615578,1,630589546.7383546,11.54302037615578,1,104684.2891
2025-06-20,503570378.8836698,11.47125135780575,1,630078336.6123183,11.47125135780575,1,103309.6016
2025-06-21,503050684.85557574,11.3797936511192,1,629428084.0110935,11.379793651119199,1,102257.4062
2025-06-22,502702814.01742435,11.318468381794839,1,628992820.3652368,11.31846838179484,1,100987.1406
2025-06-23,502431731.8379569,11.27062111947796,1,628653636.3784766,11.270621119477962,1,105577.7734
2025-06-24,502565408.66569173,11.294222150689235,1,628820895.7662299,11.294222150689237,1,106045.6328
2025-06-25,502416592.3172981,11.267947401521297,1,628634693.4771588,11.267947401521297,1,107361.2578
2025-06-26,502008902.7894204,11.195886670266365,1,628124583.3707048,11.195886670266365,1,106960.0
2025-06-27,500297063.9335595,10.892030536147008,1,625982692.9337807,10.892030536147006,1,107088.4297
2025-06-28,501412650.0358031,11.090285630680274,1,627378538.8078126,11.090285630680272,1,107327.7031
2025-06-29,501145215.2274533,11.042839198587723,1,627043918.492037,11.042839198587721,1,108385.5703
2025-06-30,498239495.7738869,10.524043408877784,1,623408218.3858794,10.524043408877784,1,107135.3359
2025-07-01,497728088.3565644,10.432108336409168,1,622768334.1743575,10.432108336409167,1,105698.2812
2025-07-02,497344483.2001457,10.363024017084612,1,622288358.9633294,10.363024017084612,1,108859.3203
2025-07-03,497535526.09722614,10.397442680032423,1,622527396.039102,10.397442680032423,1,109647.9766
2025-07-04,498879819.0499699,10.638887777135041,1,624209404.9560326,10.638887777135038,1,108034.3359
2025-07-05,499161811.7833368,10.689370774226505,1,624562240.467864,10.689370774226505,1,108231.1797
2025-07-06,498957320.0506027,10.652767873360954,1,624306375.9130471,10.652767873360954,1,109232.0703
2025-07-07,498944989.32129896,10.650559781172502,1,624290947.433266,10.650559781172502,1,108299.8516
2025-07-08,498787728.56486666,10.622389159180573,1,624094179.3150799,10.622389159180571,1,108950.2734
2025-07-09,500814783.2415676,10.98414626002847,1,626630474.7217901,10.984146260028469,1,111326.5547
2025-07-10,500812822.0469617,10.983797671884341,1,626628020.8319528,10.983797671884343,1,115987.2031
2025-07-11,500843065.0203326,10.989172837928564,1,626665861.5055802,10.989172837928562,1,117516.9922
2025-07-12,500119952.2809209,10.860473987237027,1,625761086.9375412,10.860473987237027,1,117435.2266
2025-07-13,500325165.37259054,10.897035405668621,1,626017854.0725282,10.89703540566862,1,119116.1172
2025-07-14,499849230.7809212,10.812195457021556,1,625422354.2408661,10.812195457021554,1,119849.7031
2025-07-15,496808407.2291722,17.827299352249877,2,621617608.914771,17.827299352249877,2,117777.1875
2025-07-16,497412867.5299041,17.927156309292734,2,622373922.941179,17.927156309292734,2,118738.5078
2025-07-17,498489500.0493474,18.104416396961273,2,623721029.2354319,18.104416396961277,2,119289.8438
2025-07-18,495241410.19497585,17.567296098167724,2,619656947.751635,17.567296098167724,2,118003.2266
2025-07-19,494243177.92006356,17.87125634146925,2,618407937.5681453,17.87125634146925,2,117939.9766
2025-07-20,494156919.6983319,17.85692024882611,2,618300009.383433,17.85692024882611,2,117300.7891
2025-07-21,494078585.55753917,17.843896799191853,2,618201995.9831214,17.843896799191853,2,117439.5391
2025-07-22,494853718.96552026,17.972585213201583,2,619171859.9561296,17.97258521320158,2,119995.4141
2025-07-23,493325260.39274204,17.718441516538032,2,617259418.9637663,17.71844151653803,2,118754.9609
2025-07-24,493809815.37017524,17.79918097831693,2,617865704.8117449,17.79918097831693,2,118368.0
2025-07-25,493907548.51205224,17.815446662718905,2,617987990.6689914,17.815446662718905,2,117635.8828
2025-07-26,494478742.48777884,25.41685376237581,3,618567668.4722613,17.89246420464594,2,117947.3672
2025-07-27,497339615.7842978,25.845882387222247,3,619603397.6040362,18.029715173718,2,119448.4922
2025-07-28,495283370.6885675,25.538020161891524,3,618613177.3165097,17.898504520622307,2,117924.4766
2025-07-29,496568376.2093549,15.310093486009194,2,620828814.2940032,7.762695275763572,1,117922.1484
2025-07-30,497104629.2748273,15.401452969120328,2,619309656.7407682,7.536438512871663,1,117831.1875
2025-07-31,494941854.2109326,15.031777973151748,2,618924806.7777843,7.4789442941458955,1,115758.2031
2025-08-01,493008450.07323563,14.698562767580597,2,618725046.2454206,7.449073101029009,1,113320.0859
2025-08-02,491829816.99998605,14.494144304846662,2,618507472.3203467,7.4165162293082965,1,112526.9141
2025-08-03,494075913.5632847,14.882858677165874,2,619321194.0442232,7.538161011920078,1,114217.6719
2025-08-04,496650148.1830528,15.324037427903258,2,620074507.3474333,7.650490631221729,1,115071.8828
2025-08-05,495215319.6252089,15.078698714728317,2,620170253.8024583,7.664748229181539,1,114141.4453
2025-08-06,496929696.4209908,15.371671965149114,2,620677495.9985974,7.740208248581684,1,115028.0
2025-08-07,497828189.75034285,15.5244113836454,2,620868139.6408184,7.768537521106783,1,117496.8984
2025-08-08,498047934.8074018,15.561683083301702,2,620796041.0484878,7.757825857092176,1,116688.7266
2025-08-09,496477628.4896779,15.29461360241569,2,620408346.0382773,7.7001834496768895,1,116500.3594
2025-08-10,497039759.63733304,15.390411846208076,2,620841638.2382189,7.764600505660435,1,119306.7578
2025-08-11,498368166.8718153,15.615939872437268,2,621790576.1394663,7.905364405557876,1,118731.4453
2025-08-12,501829461.5676719,16.19796648128154,2,622841107.7047402,8.060698278816322,1,120172.9062
2025-08-13,502831160.3397263,16.364909981789033,2,624016708.8892425,15.734747399922181,2,123344.0625
2025-08-14,497947184.37097704,30.7217118364819,4,620095714.2859031,22.76442228212533,3,118359.5781
2025-08-15,496369902.07019067,30.501570733459012,4,618504962.5085127,22.56577774411842,3,117398.3516
2025-08-16,495595333.9827142,30.392951338262115,4,617535654.9758857,22.444234033547307,3,117491.3516
2025-08-17,495977529.46429104,30.446589855944868,4,618069562.4277226,22.51122908378042,3,117453.0625
2025-08-18,493738504.098006,30.131176234500323,4,615836208.8674092,22.230213092972857,3,116252.3125
2025-08-19,490893100.61081976,22.517824554317624,3,614328373.6019628,8.06127591399683,1,112831.1797
2025-08-20,492427975.88952065,15.767838728200868,2,615294551.6401359,8.205644453963199,1,114274.7422
2025-08-21,490545310.2398945,22.988405652910394,3,615179424.8932565,8.188465749493796,1,112419.0312
2025-08-22,497566066.8823503,24.07505463994088,3,617013758.4767964,8.46141425075215,1,116874.0859
2025-08-23,495245636.1005285,31.269119018896347,4,615804399.879083,15.810997402463546,2,115374.3281
2025-08-24,494546109.17317563,31.171900375184137,4,615733887.9850855,15.801356344625479,2,113458.4297
2025-08-25,484776676.3607904,22.8709961777928,3,608739097.9410176,8.006159465768249,1,110124.3516
2025-08-26,486830714.6306435,15.77149654328585,2,610152678.7641088,8.219287643923758,1,111802.6562
2025-08-27,496155677.17545533,24.728504024768387,3,622266683.0866661,17.374954997865267,2,111222.0625
2025-08-28,509823829.3250805,26.74649965451631,3,638400224.946799,19.463041076388198,2,112544.8047
2025-08-29,500557997.6059296,25.390503725400475,3,627379283.4906346,18.048277897699492,2,108410.8359
2025-08-30,504149056.6437447,25.92194795280297,3,631926413.0444052,18.637974878014802,2,108808.0703
2025-08-31,502202821.9514121,25.634866183181558,3,629731079.2768492,18.35433507203262,2,108236.7109
2025-09-01,496940692.03693056,24.84741005104653,3,623775457.4838505,17.574806644751618,2,109250.5938
2025-09-02,496857930.3116439,24.83489186903818,3,623354568.8074812,17.51915319763381,2,111200.5859
2025-09-03,499780778.67512214,25.274477028502783,3,626831734.2653248,17.976691538080182,2,111723.2109
2025-09-04,496230048.45209926,24.739785157920306,3,622993125.9379822,17.471300159284347,2,110723.6016
2025-09-05,496069307.26214147,17.04763181053638,2,622462884.2459644,9.755036007156638,1,110650.9844
2025-09-06,496707291.82474005,17.154178123036548,2,622634405.4628636,9.77989638414073,1,110224.6953
2025-09-07,496601141.8129519,17.13646957541474,2,621497916.5933845,9.614917321741466,1,111167.6172
2025-09-08,494647986.52610254,16.809276608002875,2,619174467.4141586,9.27574773834423,1,112071.4297
2025-09-09,496039968.19256717,17.042725461335266,2,620826438.8344615,9.517157998103741,1,111530.5469
2025-09-10,496965907.1556355,17.197290134000518,2,621265189.8214095,9.581058948745458,1,113955.3594
2025-09-11,497183831.99146223,17.233584087649973,2,621036792.0900292,9.547805715969321,1,115507.5391
2025-09-12,497610112.38327503,17.304486385103466,2,620396836.0087703,9.454501836201539,1,116101.5781
2025-09-13,496602884.2821038,24.66693091695774,3,618698725.5921283,9.205986286949628,1,115950.5078
2025-09-14,493606943.41929936,24.20969784316234,3,615691921.0190141,8.762582944589761,1,115407.6562
2025-09-15,491413768.2810712,23.87144642014949,3,614527337.6290083,8.589680009368509,1,115444.875
2025-09-16,493617927.6134474,24.21138436090584,3,614878153.277208,8.64183370923365,1,116843.1875
2025-09-17,497230803.8832426,24.762064022794632,3,616044788.8774956,8.814843352519516,1,116468.5078
2025-09-18,497161238.0510433,24.75153627197935,3,615872352.163804,8.78931262574715,1,117137.2031
2025-09-19,495131258.2638044,24.44302644182988,3,614959918.3717753,8.653980694562446,1,115688.8594
2025-09-20,497094708.83395594,24.741465311074155,3,614102982.7440382,8.52651403083609,1,115721.9609
2025-09-21,494719734.05176514,24.380175656087133,3,611388065.0943606,8.12031869318766,1,115306.0938
2025-09-22,488773167.4201686,16.60193162837737,2,608030433.7588927,15.169436016696562,2,112748.5078
2025-09-23,488364770.29132986,16.532189636846432,2,607289732.4959633,15.065969578001503,2,112014.5
2025-09-24,488367408.32919616,8.865330841133211,1,607275612.8084502,7.336043284574818,1,113328.6328
2025-09-25,482477608.71403056,15.359507232182557,2,603911720.0586456,0.0,0,109049.2891
2025-09-26,484272075.45857203,15.67314197845536,2,603911720.0586456,0.0,0,109712.8281
2025-09-27,484271212.65216744,15.672991736708012,2,603911720.0586456,0.0,0,109681.9453
2025-09-28,488630558.61397886,16.425320047870056,2,603911720.0586456,0.0,0,112122.6406
2025-09-29,497087196.56479836,17.84712454232286,2,603911720.0586456,0.0,0,114400.3828
2025-09-30,497631683.495388,17.937012643263024,2,599209576.0317355,0.0,0,114056.0859
2025-10-01,526792357.78515434,22.479622288581727,2,626631828.4818283,11.562345422061846,1,118648.9297
2025-10-02,536498780.07059664,23.882133440042317,2,633377978.6555974,12.504300650857548,1,120681.2578
2025-10-03,538475127.3391796,24.16150630246124,2,631206933.0261496,12.203357892265307,1,122266.5312
2025-10-04,555157986.4182239,33.72972767971672,3,647349778.985807,21.720387017649152,2,122425.4297
2025-10-05,561335022.0372341,34.458978156763806,3,652963312.7661562,22.393357831166316,2,123513.4766
2025-10-06,558459610.711499,34.12151884387244,3,649702843.4359944,22.00389658874641,2,124752.5312
2025-10-07,543570509.2591393,32.3170217772493,3,636221063.9724505,20.35112788184327,2,121451.3828
2025-10-08,573819771.621959,35.88497162319124,3,664911694.1216054,23.787939644882343,2,123354.8672
2025-10-09,594659935.8056703,38.13191586402984,3,685691109.1334366,26.097495667895526,2,121705.5859
2025-10-10,588953859.6079047,32.15934620146031,2,687137976.2477119,20.064888765808274,1,113214.3672
2025-10-11,630066063.0526898,36.5859911587837,2,725705674.0378973,24.31304793445791,1,110807.8828
2025-10-12,618248408.7084172,35.373849200123885,2,707432920.0008914,22.358079456453574,1,115169.7656
2025-10-13,610141705.235646,34.51518794713045,2,699978953.6973146,21.531282798611702,1,115271.0781
2025-10-14,605458871.2075152,34.008705144103146,2,698835855.5813168,21.402930135992452,1,113118.6641
2025-10-15,592249210.1245213,32.53682029466444,2,688033248.2388568,20.168900696016877,1,110783.1641
2025-10-16,575154989.9217489,30.53174258575139,2,672172643.3122089,18.285203792374276,1,108186.0391
2025-10-17,580815321.4236376,31.20874498448181,2,680694008.9191682,19.308162191977342,1,106467.7891
2025-10-18,584083294.4088402,31.593635230720462,2,682986826.4949923,19.579048330296047,1,107198.2656
2025-10-19,593865692.7899,32.72045282617622,2,691780321.0451125,20.60131100344443,1,108666.7109
2025-10-20,613461076.6110983,34.86951916543033,2,711111937.5486037,22.759768660409957,1,110588.9297
2025-10-21,608267132.5243595,34.31337523177199,2,707877074.9561758,22.406795603602905,1,108476.8906
2025-10-22,594228299.2442772,32.76150775083033,2,693680167.8506298,20.81876762487238,1,107688.5859
2025-10-23,598853338.3259821,33.28080126485935,2,695874199.3969009,21.068419245602424,1,110069.7266
2025-10-24,615600033.2475854,35.09582076824827,2,712850579.036015,22.94815746818208,1,111033.9219
2025-10-25,618877587.2468145,35.43955102539663,2,715712233.5895076,23.256236254163312,1,111641.7266
2025-10-26,651410492.7453476,38.663845090083605,2,746360509.4695448,26.407614192187477,1,114472.4453
2025-10-27,660873879.8821954,39.542148495722316,2,755436373.483462,27.29175812474867,1,114119.3281
2025-10-28,643279237.9096628,37.888536519836215,2,739903290.2442427,25.76536516486232,1,112956.1641
2025-10-29,665623162.5511472,39.973520843479626,2,761376649.0168725,27.859029252444213,1,110055.3047
2025-10-30,660819983.7558883,39.537217585518285,2,757900065.9337479,27.52810953126416,1,108305.5469
2025-10-31,697775971.4202404,36.18388244249623,1,793778429.8738054,30.803800534954778,1,109556.1641
2025-11-01,701957098.7331672,36.56399586054723,1,797827598.0388242,31.15498799538218,1,110064.0156
2025-11-02,705637584.7090421,36.894867300306316,1,801391925.4390532,31.46118793933934,1,110639.625
2025-11-03,715524052.9542801,37.76679730457539,1,810966370.1968868,32.27037201152598,1,106547.5234
2025-11-04,721998195.1861272,38.32484108983676,1,817236184.2109089,32.78999189489747,1,101590.5234
2025-11-05,742963188.2928115,40.06519552701466,1,837539508.2462635,34.4192721372517,1,103891.8359
2025-11-06,777891042.4247954,42.75631034116139,1,871365016.162847,36.9650496109277,1,101301.2891
2025-11-07,845891388.0433664,47.3580721468788,1,937219225.8248463,41.39423407980401,1,103372.4062
2025-11-08,821769847.883252,45.81286532274705,1,913858977.4522161,39.89614161505543,1,102282.1172
2025-11-09,828000363.9364169,46.22061129386784,1,919892854.2911525,40.29038239793344,1,104719.6406
2025-11-10,768963445.739027,42.09171623475591,1,862719180.3428333,36.333337873894024,1,105996.5938
2025-11-11,721443636.5800228,38.27743268754129,1,816699127.8417969,32.74579500317763,1,102997.4688
2025-11-12,761260332.1046467,41.505748371459575,1,855259182.0779104,35.77800540983297,1,101663.1875
2025-11-13,769994054.8430703,42.16922437143905,1,863717262.7407953,36.406908911021866,1,99697.49219
2025-11-14,821403933.1543021,45.788726321340214,1,913504611.234523,39.872826158622374,1,94397.78906
2025-11-15,864017822.3641905,48.462459606318205,1,954773577.87011,42.47175263571171,1,95549.14844
2025-11-16,880555190.1952703,49.430366299833295,1,970789015.4167702,43.42081575674016,1,94177.07812
2025-11-17,827467581.4407411,46.1859842975076,1,919376886.7639979,40.256872502062635,1,92093.875
2025-11-18,834392917.0732954,46.63263252863414,1,926083654.2160943,40.68953672323257,1,92948.875
2025-11-19,865364137.5233568,48.542640617859476,1,956077402.4309466,42.5502052188025,1,91465.99219
2025-11-20,853787576.8507353,47.84492697210988,1,944866205.6823896,41.86854156252742,1,86631.89844
2025-11-21,786385323.040689,43.37463821326759,1,879591211.6552143,37.55457099072457,1,85090.6875
2025-11-22,767612832.413086,41.98982671906108,1,861411193.2682129,36.2366649123677,1,84648.35938
2025-11-23,801786072.9995775,44.46230120415311,1,894505903.7427161,38.59576517630611,1,86805.00781
2025-11-24,768935070.23094,42.08957928322658,1,862691700.3845797,36.331309852508646,1,88270.5625
2025-11-25,764340995.5942249,41.74150846594744,1,858242617.7868805,36.00125485933672,1,87341.89062
2025-11-26,773417183.3287088,42.42518219041159,1,867032355.0236738,36.65005666011332,1,90518.36719
2025-11-27,750511244.6098776,40.66797301071457,1,844849342.9055287,34.98669197551812,1,91285.375
2025-11-28,726950367.9741623,38.74498812752766,1,822032063.1450396,33.18210684574355,1,90919.26562
2025-11-29,731721732.4811099,39.14441591072324,1,826652840.2272155,33.5556017088128,1,90851.75781
2025-11-30,711846743.0573934,37.44530848072557,1,807405118.6364892,31.9716344412633,1,90394.3125
2025-12-01,711291429.5714854,0.0,0,806867331.2120802,0.0,0,86321.57031
2025-12-02,711291429.5714854,0.0,0,806867331.2120802,0.0,0,91350.20312
2025-12-03,711291429.5714854,0.0,0,806867331.2120802,0.0,0,93527.80469
2025-12-04,711291429.5714854,0.0,0,806867331.2120802,0.0,0,92141.625
2025-12-05,711291429.5714854,0.0,0,806867331.2120802,0.0,0,89387.75781
2025-12-06,711291429.5714854,0.0,0,806867331.2120802,0.0,0,89272.375
2025-12-07,711291429.5714854,0.0,0,806867331.2120802,0.0,0,90405.64062
2025-12-08,711291429.5714854,0.0,0,806867331.2120802,0.0,0,90640.20312
2025-12-09,711291429.5714854,0.0,0,806867331.2120802,0.0,0,92691.71094
2025-12-10,711291429.5714854,0.0,0,806867331.2120802,0.0,0,92020.94531
2025-12-11,711291429.5714854,0.0,0,806867331.2120802,0.0,0,92511.33594
2025-12-12,711291429.5714854,0.0,0,806867331.2120802,0.0,0,90270.41406
2025-12-13,711291429.5714854,0.0,0,806867331.2120802,0.0,0,90298.71094
2025-12-14,711291429.5714854,0.0,0,806867331.2120802,0.0,0,88175.17969
2025-12-15,711291429.5714854,0.0,0,806867331.2120802,0.0,0,86419.78125
2025-12-16,711291429.5714854,0.0,0,806867331.2120802,0.0,0,87843.98438
2025-12-17,711291429.5714854,0.0,0,806867331.2120802,0.0,0,86143.75781
2025-12-18,711291429.5714854,0.0,0,806867331.2120802,0.0,0,85462.50781
2025-12-19,711291429.5714854,0.0,0,806867331.2120802,0.0,0,88103.38281
2025-12-20,711291429.5714854,0.0,0,806867331.2120802,0.0,0,88344.0
2025-12-21,711291429.5714854,0.0,0,806867331.2120802,0.0,0,88621.75
2025-12-22,711291429.5714854,0.0,0,806867331.2120802,0.0,0,88490.01562
2025-12-23,711291429.5714854,0.0,0,806867331.2120802,0.0,0,87414.0
2025-12-24,711291429.5714854,0.0,0,806867331.2120802,0.0,0,87611.96094
2025-12-25,711291429.5714854,0.0,0,806867331.2120802,0.0,0,87234.74219
2025-12-26,711291429.5714854,0.0,0,806867331.2120802,0.0,0,87301.42969
2025-12-27,711291429.5714854,0.0,0,806867331.2120802,0.0,0,87802.15625
2025-12-28,711291429.5714854,0.0,0,806867331.2120802,0.0,0,87835.83594
2025-12-29,711291429.5714854,0.0,0,806867331.2120802,0.0,0,87138.14062
2025-12-30,711291429.5714854,0.0,0,806867331.2120802,0.0,0,88430.13281
2025-12-31,711291429.5714854,0.0,0,806867331.2120802,0.0,0,87508.82812
2026-01-01,711291429.5714854,0.0,0,806867331.2120802,0.0,0,88731.98438
2026-01-02,711291429.5714854,0.0,0,806867331.2120802,0.0,0,89944.69531
2026-01-03,711291429.5714854,0.0,0,806867331.2120802,0.0,0,90603.1875
2026-01-04,711291429.5714854,0.0,0,806867331.2120802,0.0,0,91413.49219
2026-01-05,711291429.5714854,0.0,0,806867331.2120802,0.0,0,93882.55469
2026-01-06,711291429.5714854,0.0,0,806867331.2120802,0.0,0,93729.03125
2026-01-07,711291429.5714854,0.0,0,806867331.2120802,0.0,0,91308.05469
2026-01-08,711291429.5714854,0.0,0,806867331.2120802,0.0,0,91027.125
2026-01-09,711291429.5714854,0.0,0,806867331.2120802,0.0,0,90513.10156
2026-01-10,711291429.5714854,0.0,0,806867331.2120802,0.0,0,90386.64844
2026-01-11,711291429.5714854,0.0,0,806867331.2120802,0.0,0,90827.46094
2026-01-12,711291429.5714854,0.0,0,806867331.2120802,0.0,0,91192.99219
2026-01-13,711291429.5714854,0.0,0,806867331.2120802,0.0,0,95321.78125
2026-01-14,711291429.5714854,0.0,0,806867331.2120802,0.0,0,96929.32812
2026-01-15,711291429.5714854,0.0,0,806867331.2120802,0.0,0,95551.1875
2026-01-16,711291429.5714854,0.0,0,806867331.2120802,0.0,0,95525.11719
2026-01-17,711291429.5714854,0.0,0,806867331.2120802,0.0,0,95099.92188
2026-01-18,711291429.5714854,0.0,0,806867331.2120802,0.0,0,93634.42969
2026-01-19,711291429.5714854,0.0,0,806867331.2120802,0.0,0,92553.59375
2026-01-20,711291429.5714854,0.0,0,806867331.2120802,0.0,0,88310.90625
2026-01-21,711291429.5714854,0.0,0,806867331.2120802,0.0,0,89376.96094
2026-01-22,711291429.5714854,0.0,0,806867331.2120802,0.0,0,89462.45312
2026-01-23,711291429.5714854,0.0,0,806867331.2120802,0.0,0,89503.875
2026-01-24,711291429.5714854,0.0,0,806867331.2120802,0.0,0,89110.73438
2026-01-25,711291429.5714854,0.0,0,806867331.2120802,0.0,0,86572.21875
2026-01-26,711291429.5714854,0.0,0,806867331.2120802,0.0,0,88267.14062
2026-01-27,711291429.5714854,0.0,0,806867331.2120802,0.0,0,89102.57031
2026-01-28,711291429.5714854,0.0,0,806867331.2120802,0.0,0,89184.57031
2026-01-29,711291429.5714854,0.0,0,806867331.2120802,0.0,0,84561.58594
2026-01-30,711291429.5714854,0.0,0,806867331.2120802,0.0,0,84128.65625
2026-01-31,711291429.5714854,0.0,0,806867331.2120802,0.0,0,78621.11719
2026-02-01,711291429.5714854,0.0,0,806867331.2120802,0.0,0,76974.44531
2026-02-02,711291429.5714854,0.0,0,806867331.2120802,0.0,0,78688.76562
2026-02-03,711291429.5714854,0.0,0,806867331.2120802,0.0,0,75633.54688
2026-02-04,711291429.5714854,0.0,0,806867331.2120802,0.0,0,73019.70312
2026-02-05,711291429.5714854,0.0,0,806867331.2120802,0.0,0,62702.09766
2026-02-06,711291429.5714854,0.0,0,806867331.2120802,0.0,0,70555.39062
2026-02-07,711291429.5714854,0.0,0,806867331.2120802,0.0,0,69281.96875
2026-02-08,711291429.5714854,0.0,0,806867331.2120802,0.0,0,70264.72656
2026-02-09,711291429.5714854,0.0,0,806867331.2120802,0.0,0,70120.78125
2026-02-10,711291429.5714854,0.0,0,806867331.2120802,0.0,0,68793.96094
2026-02-11,711291429.5714854,0.0,0,806867331.2120802,0.0,0,66991.96875
2026-02-12,711291429.5714854,0.0,0,806867331.2120802,0.0,0,66221.84375
2026-02-13,711291429.5714854,0.0,0,806867331.2120802,0.0,0,68857.84375
2026-02-14,711291429.5714854,0.0,0,806867331.2120802,0.0,0,69767.625
2026-02-15,711291429.5714854,0.0,0,806867331.2120802,0.0,0,68788.1875
2026-02-16,711291429.5714854,0.0,0,806867331.2120802,0.0,0,68843.15625
2026-02-17,711291429.5714854,0.0,0,806867331.2120802,0.0,0,67494.21875
2026-02-18,711291429.5714854,0.0,0,806867331.2120802,0.0,0,66425.32031
2026-02-19,711291429.5714854,0.0,0,806867331.2120802,0.0,0,66957.52344
2026-02-20,711291429.5714854,0.0,0,806867331.2120802,0.0,0,68005.42188
2026-02-21,711291429.5714854,0.0,0,806867331.2120802,0.0,0,68003.76562
2026-02-22,711291429.5714854,0.0,0,806867331.2120802,0.0,0,67659.39062
2026-02-23,711291429.5714854,0.0,0,806867331.2120802,0.0,0,64616.73828
2026-02-24,711291429.5714854,0.0,0,806867331.2120802,0.0,0,64080.04297
2026-02-25,711291429.5714854,0.0,0,806867331.2120802,0.0,0,67960.125
2026-02-26,711291429.5714854,0.0,0,806867331.2120802,0.0,0,67453.77344
2026-02-27,711291429.5714854,0.0,0,806867331.2120802,0.0,0,65881.79688
2026-02-28,711291429.5714854,0.0,0,806867331.2120802,0.0,0,66995.85938
2026-03-01,711291429.5714854,0.0,0,806867331.2120802,0.0,0,65738.10156
2026-03-02,711291429.5714854,0.0,0,806867331.2120802,0.0,0,68775.85156
2026-03-03,711291429.5714854,0.0,0,806867331.2120802,0.0,0,68293.64844
2026-03-04,711291429.5714854,0.0,0,806867331.2120802,0.0,0,72710.57812
2026-03-05,711291429.5714854,0.0,0,806867331.2120802,0.0,0,70841.125
2026-03-06,711291429.5714854,0.0,0,806867331.2120802,0.0,0,68136.49219
2026-03-07,711291429.5714854,0.0,0,806867331.2120802,0.0,0,67272.59375
2026-03-08,711291429.5714854,0.0,0,806867331.2120802,0.0,0,65969.78125
2026-03-09,711291429.5714854,0.0,0,806867331.2120802,0.0,0,68402.38281
2026-03-10,711291429.5714854,0.0,0,806867331.2120802,0.0,0,69926.92188
2026-03-11,711291429.5714854,0.0,0,806867331.2120802,0.0,0,70204.88281
2026-03-12,711291429.5714854,0.0,0,806867331.2120802,0.0,0,70493.46094
2026-03-13,711291429.5714854,0.0,0,806867331.2120802,0.0,0,70968.26562
2026-03-14,711291429.5714854,0.0,0,806867331.2120802,0.0,0,71214.625
2026-03-15,711291429.5714854,0.0,0,806867331.2120802,0.0,0,72789.91406
2026-03-16,711291429.5714854,0.0,0,806867331.2120802,0.0,0,74861.08594
2026-03-17,711291429.5714854,0.0,0,806867331.2120802,0.0,0,73922.47656
2026-03-18,711291429.5714854,0.0,0,806867331.2120802,0.0,0,71245.57812
2026-03-19,711291429.5714854,0.0,0,806867331.2120802,0.0,0,69912.78906
2026-03-20,711291429.5714854,0.0,0,806867331.2120802,0.0,0,70522.58594
2026-03-21,711291429.5714854,0.0,0,806867331.2120802,0.0,0,68711.52344
2026-03-22,711291429.5714854,0.0,0,806867331.2120802,0.0,0,67845.21094
2026-03-23,711291429.5714854,0.0,0,806867331.2120802,0.0,0,70914.85938
2026-03-24,711291429.5714854,0.0,0,806867331.2120802,0.0,0,70517.85938
2026-03-25,711291429.5714854,0.0,0,806867331.2120802,0.0,0,71309.88281
2026-03-26,711291429.5714854,0.0,0,806867331.2120802,0.0,0,68791.625
2026-03-27,711291429.5714854,0.0,0,806867331.2120802,0.0,0,66338.375
2026-03-28,711291429.5714854,0.0,0,806867331.2120802,0.0,0,66319.69531
2026-03-29,711291429.5714854,0.0,0,806867331.2120802,0.0,0,65954.92188
2026-03-30,711291429.5714854,0.0,0,806867331.2120802,0.0,0,66691.44531
2026-03-31,711291429.5714854,0.0,0,806867331.2120802,0.0,0,68233.3125
2026-04-01,711291429.5714854,0.0,0,806867331.2120802,0.0,0,68078.55469
2026-04-02,711291429.5714854,0.0,0,806867331.2120802,0.0,0,66888.57031
2026-04-03,711291429.5714854,0.0,0,806867331.2120802,0.0,0,66931.10156
2026-04-04,711291429.5714854,0.0,0,806867331.2120802,0.0,0,67290.51562
2026-04-05,711291429.5714854,0.0,0,806867331.2120802,0.0,0,68981.89844
2026-04-06,711291429.5714854,0.0,0,806867331.2120802,0.0,0,68859.82812
2026-04-07,711291429.5714854,0.0,0,806867331.2120802,0.0,0,71940.70312
2026-04-08,711291429.5714854,0.0,0,806867331.2120802,0.0,0,71123.35938
2026-04-09,711291429.5714854,0.0,0,806867331.2120802,0.0,0,71767.82812
2026-04-10,711291429.5714854,0.0,0,806867331.2120802,0.0,0,72979.04688
2026-04-11,711291429.5714854,0.0,0,806867331.2120802,0.0,0,73054.27344
2026-04-12,711291429.5714854,0.0,0,806867331.2120802,0.0,0,70753.40625
2026-04-13,711291429.5714854,0.0,0,806867331.2120802,0.0,0,74484.64062
2026-04-14,711291429.5714854,0.0,0,806867331.2120802,0.0,0,74181.60938
2026-04-15,711291429.5714854,0.0,0,806867331.2120802,0.0,0,74805.07812
2026-04-16,711291429.5714854,0.0,0,806867331.2120802,0.0,0,75152.13281
2026-04-17,711291429.5714854,0.0,0,806867331.2120802,0.0,0,77126.875
2026-04-18,711291429.5714854,0.0,0,806867331.2120802,0.0,0,75726.21094
2026-04-19,711291429.5714854,0.0,0,806867331.2120802,0.0,0,73856.35156
2026-04-20,711291429.5714854,0.0,0,806867331.2120802,0.0,0,75872.52344
2026-04-21,711291429.5714854,0.0,0,806867331.2120802,0.0,0,76352.77344
2026-04-22,711291429.5714854,0.0,0,806867331.2120802,0.0,0,78203.10156
2026-04-23,711291429.5714854,0.0,0,806867331.2120802,0.0,0,78268.95312
2026-04-24,711291429.5714854,0.0,0,806867331.2120802,0.0,0,77455.3125
2026-04-25,711291429.5714854,0.0,0,806867331.2120802,0.0,0,77612.01562
2026-04-26,711291429.5714854,0.0,0,806867331.2120802,0.0,0,78657.53906
2026-04-27,711291429.5714854,0.0,0,806867331.2120802,0.0,0,77366.625
2026-04-28,711291429.5714854,0.0,0,806867331.2120802,0.0,0,76350.67188
2026-04-29,711291429.5714854,0.0,0,806867331.2120802,0.0,0,75776.13281
2026-04-30,711291429.5714854,0.0,0,806867331.2120802,0.0,0,76304.32031
2026-05-01,711291429.5714854,0.0,0,806867331.2120802,0.0,0,78179.0
2026-05-02,711291429.5714854,0.0,0,806867331.2120802,0.0,0,78657.25
2026-05-03,711291429.5714854,0.0,0,806867331.2120802,0.0,0,78538.22656
2026-05-04,711291429.5714854,0.0,0,806867331.2120802,0.0,0,79827.90625
2026-05-05,711291429.5714854,0.0,0,806867331.2120802,0.0,0,80927.05469
2026-05-06,711291429.5714854,0.0,0,806867331.2120802,0.0,0,81427.53125
2026-05-07,711291429.5714854,0.0,0,806867331.2120802,0.0,0,80009.99219
2026-05-08,711291429.5714854,0.0,0,806867331.2120802,0.0,0,80186.76562
2026-05-09,711291429.5714854,0.0,0,806867331.2120802,0.0,0,80664.36719
2026-05-10,711291429.5714854,0.0,0,806867331.2120802,0.0,0,82138.92969
2026-05-11,711291429.5714854,0.0,0,806867331.2120802,0.0,0,81728.29688
2026-05-12,711291429.5714854,0.0,0,806867331.2120802,0.0,0,80477.49219
2026-05-13,711291429.5714854,0.0,0,806867331.2120802,0.0,0,79277.11719
2026-05-14,711291429.5714854,0.0,0,806867331.2120802,0.0,0,81051.25
2026-05-15,711291429.5714854,0.0,0,806867331.2120802,0.0,0,79065.67969
2026-05-16,711291429.5714854,0.0,0,806867331.2120802,0.0,0,78131.4375
2026-05-17,711291429.5714854,0.0,0,806867331.2120802,0.0,0,77429.35156
2026-05-18,711291429.5714854,0.0,0,806867331.2120802,0.0,0,76954.17188
2026-05-19,711291429.5714854,0.0,0,806867331.2120802,0.0,0,76750.90625
2026-05-20,711291429.5714854,0.0,0,806867331.2120802,0.0,0,77457.77344
2026-05-21,711291429.5714854,0.0,0,806867331.2120802,0.0,0,77539.17188
2026-05-22,711291429.5714854,0.0,0,806867331.2120802,0.0,0,75488.24219
2026-05-23,711291429.5714854,0.0,0,806867331.2120802,0.0,0,76673.36719
2026-05-24,711291429.5714854,0.0,0,806867331.2120802,0.0,0,76981.125
2026-05-25,711291429.5714854,0.0,0,806867331.2120802,0.0,0,77279.92969
2026-05-26,711291429.5714854,0.0,0,806867331.2120802,0.0,0,75825.73438
2026-05-27,711291429.5714854,0.0,0,806867331.2120802,0.0,0,74344.70312
2026-05-28,711291429.5714854,0.0,0,806867331.2120802,0.0,0,73536.55469
2026-05-29,711291429.5714854,0.0,0,806867331.2120802,0.0,0,73372.52344
2026-05-30,711291429.5714854,0.0,0,806867331.2120802,0.0,0,73754.83594
2026-05-31,711291429.5714854,0.0,0,806867331.2120802,0.0,0,73579.6875
2026-06-01,711291429.5714854,0.0,0,806867331.2120802,0.0,0,71319.77344
2026-06-02,711291429.5714854,0.0,0,806867331.2120802,0.0,0,66703.65625
2026-06-03,711291429.5714854,0.0,0,806867331.2120802,0.0,0,64014.36719
2026-06-04,711291429.5714854,0.0,0,806867331.2120802,0.0,0,63801.57422
2026-06-05,711291429.5714854,0.0,0,806867331.2120802,0.0,0,60922.66797
2026-06-06,711291429.5714854,0.0,0,806867331.2120802,0.0,0,60867.41406
2026-06-07,711291429.5714854,0.0,0,806867331.2120802,0.0,0,63239.51953
2026-06-08,711291429.5714854,0.0,0,806867331.2120802,0.0,0,63090.58984
2026-06-09,711291429.5714854,0.0,0,806867331.2120802,0.0,0,61643.78125
2026-06-10,711291429.5714854,0.0,0,806867331.2120802,0.0,0,61449.28906
2026-06-11,711291429.5714854,0.0,0,806867331.2120802,0.0,0,63561.05469
2026-06-12,711291429.5714854,0.0,0,806867331.2120802,0.0,0,63543.19922
2026-06-13,711291429.5714854,0.0,0,806867331.2120802,0.0,0,64421.32422
2026-06-14,711291429.5714854,0.0,0,806867331.2120802,0.0,0,65710.39844
2026-06-15,711291429.5714854,0.0,0,806867331.2120802,0.0,0,66289.5
2026-06-16,711291429.5714854,0.0,0,806867331.2120802,0.0,0,65600.64062
2026-06-17,711291429.5714854,0.0,0,806867331.2120802,0.0,0,64418.44531
2026-06-18,711291429.5714854,0.0,0,806867331.2120802,0.0,0,62896.47266
2026-06-19,711291429.5714854,0.0,0,806867331.2120802,0.0,0,63540.83594
2026-06-20,711291429.5714854,0.0,0,806867331.2120802,0.0,0,64239.67578
2026-06-21,711291429.5714854,0.0,0,806867331.2120802,0.0,0,63237.53906
2026-06-22,711291429.5714854,0.0,0,806867331.2120802,0.0,0,63952.10547
2026-06-23,711291429.5714854,0.0,0,806867331.2120802,0.0,0,62668.01953
2026-06-24,711291429.5714854,0.0,0,806867331.2120802,0.0,0,60995.13281
2026-06-25,711291429.5714854,0.0,0,806867331.2120802,0.0,0,59721.67578
2026-06-26,711291429.5714854,0.0,0,806867331.2120802,0.0,0,60016.42969
2026-06-27,711291429.5714854,0.0,0,806867331.2120802,0.0,0,59940.09766
2026-06-28,711291429.5714854,0.0,0,806867331.2120802,0.0,0,59532.33984
2026-06-29,711291429.5714854,0.0,0,806867331.2120802,0.0,0,60138.37891
2026-06-30,711291429.5714854,0.0,0,806867331.2120802,0.0,0,58558.85938
2026-07-01,711291429.5714854,0.0,0,806867331.2120802,0.0,0,60003.75781
2026-07-02,711291429.5714854,0.0,0,806867331.2120802,0.0,0,61485.30078
2026-07-03,711291429.5714854,0.0,0,806867331.2120802,0.0,0,62544.19922
2026-07-04,711291429.5714854,0.0,0,806867331.2120802,0.0,0,63088.30469
2026-07-05,711291429.5714854,0.0,0,806867331.2120802,0.0,0,63547.88281
2026-07-06,711291429.5714854,0.0,0,806867331.2120802,0.0,0,63995.01562
2026-07-07,711291429.5714854,0.0,0,806867331.2120802,0.0,0,63297.39453
2026-07-08,711291429.5714854,0.0,0,806867331.2120802,0.0,0,62257.57422
2026-07-09,711291429.5714854,0.0,0,806867331.2120802,0.0,0,63193.14844
2026-07-10,711291429.5714854,0.0,0,806867331.2120802,0.0,0,64127.14062
2026-07-11,711291429.5714854,0.0,0,806867331.2120802,0.0,0,63802.02734
2026-07-12,711291429.5714854,0.0,0,806867331.2120802,0.0,0,63758.21875
2026-07-13,711291429.5714854,0.0,0,806867331.2120802,0.0,0,62239.12109
2026-07-14,711291429.5714854,0.0,0,806867331.2120802,0.0,0,64956.11328
2026-07-15,711291429.5714854,0.0,0,806867331.2120802,0.0,0,64712.375
2026-07-16,711291429.5714854,0.0,0,806867331.2120802,0.0,0,63789.28125
2026-07-17,711291429.5714854,0.0,0,806867331.2120802,0.0,0,63899.46094
2026-07-18,711291429.5714854,0.0,0,806867331.2120802,0.0,0,64796.60156
2026-07-19,711291429.5714854,0.0,0,806867331.2120802,0.0,0,64690.80469
2026-07-20,711291429.5714854,0.0,0,806867331.2120802,0.0,0,65230.02734
2026-07-21,711291429.5714854,0.0,0,806867331.2120802,0.0,0,66505.125
2026-07-22,711291429.5714854,0.0,0,806867331.2120802,0.0,0,66100.79688
2026-07-23,711291429.5714854,0.0,0,806867331.2120802,0.0,0,65044.8125
2026-07-24,711291429.5714854,0.0,0,806867331.2120802,0.0,0,64098.49609
2026-07-25,711291429.5714854,0.0,0,806867331.2120802,0.0,0,64311.8125
2026-07-26,711291429.5714854,0.0,0,806867331.2120802,0.0,0,65340.30078
2026-07-27,711291429.5714854,0.0,0,806867331.2120802,0.0,0,63724.89844
2026-07-28,711291429.5714854,0.0,0,806867331.2120802,0.0,0,63871.36328
2026-07-29,711291429.5714854,0.0,0,806867331.2120802,0.0,0,63908.16797
2026-07-30,711291429.5714854,0.0,0,806867331.2120802,0.0,0,64725.30859
2026-07-31,711291429.5714854,0.0,0,806867331.2120802,0.0,0,62813.74609
2026-08-01,711291429.5714854,0.0,0,806867331.2120802,0.0,0,62763.32031
2026-08-02,711291429.5714854,0.0,0,806867331.2120802,0.0,0,63482.0
2026-08-03,711291429.5714854,0.0,0,806867331.2120802,0.0,0,63460.89844
2026-08-04,711291429.5714854,0.0,0,806867331.2120802,0.0,0,64055.95312
2026-08-05,711291429.5714854,0.0,0,806867331.2120802,0.0,0,64597.5
2026-08-06,711291429.5714854,0.0,0,806867331.2120802,0.0,0,64262.11328
2026-08-07,711291429.5714854,0.0,0,806867331.2120802,0.0,0,64880.19141
2026-08-08,711291429.5714854,0.0,0,806867331.2120802,0.0,0,64904.6875
2026-08-09,711291429.5714854,0.0,0,806867331.2120802,0.0,0,64844.88672
2026-08-10,711291429.5714854,0.0,0,806867331.2120802,0.0,0,63910.58594
2026-08-11,711291429.5714854,0.0,0,806867331.2120802,0.0,0,63551.875
2026-08-12,711291429.5714854,0.0,0,806867331.2120802,0.0,0,63402.43359
2026-08-13,711291429.5714854,0.0,0,806867331.2120802,0.0,0,63402.17188
2026-08-14,711291429.5714854,0.0,0,806867331.2120802,0.0,0,62975.59375
2026-08-15,711291429.5714854,0.0,0,806867331.2120802,0.0,0,63024.32031
2026-08-16,711291429.5714854,0.0,0,806867331.2120802,0.0,0,62818.65234
2026-08-17,711291429.5714854,0.0,0,806867331.2120802,0.0,0,64506.25391
2026-08-18,711291429.5714854,0.0,0,806867331.2120802,0.0,0,64680.71094
2026-08-19,711291429.5714854,0.0,0,806867331.2120802,0.0,0,69266.1875
2026-08-20,712629502.3771447,15.189884221224826,2,808385200.2440748,15.189884221224828,2,73032.75781
2026-08-21,738679959.2662871,18.180817218855676,2,837936045.0218062,18.18081721885568,2,78335.1875
2026-08-22,742916850.4650029,26.119471877149692,3,842742245.3386065,26.119471877149703,3,77083.41406
2026-08-23,747961576.8055761,19.46511611432847,2,848464829.2330389,19.465116114328477,2,77755.26562
2026-08-24,746273077.3129373,19.28289982552665,2,846549446.8416059,19.282899825526652,2,78964.48438
2026-08-25,739773831.5460386,18.57376380414437,2,839176900.4157504,18.573763804144377,2,78564.97656
2026-08-26,745130478.0714017,19.15912647286899,2,845253317.0664754,19.159126472868994,2,79027.42188
2026-08-27,745192128.7143875,19.165814535773084,2,845323251.6779516,19.165814535773087,2,80257.53906
2026-08-28,742278948.8649588,18.848569219036758,2,842018629.1944985,18.84856921903676,2,77830.28906
2026-08-29,746587246.6565022,19.316866168361805,2,846905830.975102,19.316866168361805,2,78245.8125
2026-08-30,745366046.4441909,19.184675735707685,2,845520538.6529703,19.18467573570769,2,77667.57031
2026-08-31,747306500.5432694,19.394520594708638,2,847721730.6752139,19.39452059470864,2,78548.63281
2026-09-01,744570191.8331313,19.098294022921593,2,844617745.4245389,19.098294022921596,2,77403.625
2026-09-02,742707273.4504956,18.895369828371702,2,842504507.5572293,18.89536982837171,2,77300.47656
2026-09-03,758715104.1958537,20.606564432607687,2,860663303.1437066,20.60656443260769,2,81271.74219
2026-09-04,764752001.0025232,21.233290452309515,2,867511374.9925895,21.233290452309518,2,79671.96875
2026-09-05,764999758.3613998,21.25880030602075,2,867792423.393616,21.25880030602075,2,79823.86719
2026-09-06,784744006.7336557,23.239937836918763,2,890189697.3218399,23.239937836918767,2,80350.04688
2026-09-07,778687817.1864784,22.642941870303552,2,883319740.375797,22.642941870303556,2,79115.85156
2026-09-08,786378998.5817856,23.399532734703318,2,892044382.2712266,23.39953273470332,2,78438.57812
2026-09-09,792261618.2986012,23.968298668385447,2,898717446.8887802,23.96829866838545,2,78259.52344
2026-09-10,775254406.716069,22.300346547991698,2,879424984.1225355,22.3003465479917,2,76568.125
2026-09-11,784070178.0376309,23.1739703584418,2,889425326.574419,23.1739703584418,2,77173.79688
2026-09-12,780575485.0380602,22.830014657655124,2,885461053.2867908,22.830014657655124,2,77270.46875
2026-09-13,773975544.7258197,22.17196118215884,2,877974282.0359341,22.171961182158842,2,76838.15625
2026-09-14,784809448.3022825,23.246338497469814,2,890263932.2438887,23.246338497469814,2,78163.38281
2026-09-15,777020865.6389177,22.476986908903623,2,881428801.3168933,22.476986908903626,2,75612.50781
2026-09-16,798609241.6189415,24.57262500886123,2,905917997.4297986,24.57262500886123,2,76150.32031
2026-09-17,811734980.8224261,25.79228422809808,2,920807436.1619391,25.792284228098083,2,76403.77344
2026-09-18,843357751.9482334,43.03824185015571,4,956679344.4726892,43.03824185015571,4,80901.46094
2026-09-19,830120329.1435702,42.12990741976731,4,941663215.2653414,42.12990741976731,4,81233.67969
2026-09-20,845679797.67487,43.19464597315499,4,959313402.4136549,43.194645973155,4,81142.60938
2026-09-21,849947296.2318261,43.479859853370485,4,964154322.7853189,43.479859853370485,4,86602.91406
2026-09-22,877634912.605687,52.54090403255665,5,995562311.4133554,52.54090403255665,5,86172.28125
2026-09-23,851831677.8028657,51.103298190125216,5,966291907.8397683,51.103298190125216,5,84383.00781
2026-09-24,860019863.159785,51.56884006294924,5,975580335.8901211,51.56884006294924,5,84379.0625
