rs_mode,symbol,signal_date,signal_close,rs_at_signal,entry_date,entry_price,qty,desired_qty,partial,stop_price,entry_cost,cost_basis,exit_signal_date,exit_date,exit_price,exit_type,exit_cost,net_pnl,pnl_pct,price_pnl_pct,bars_held,days_held
proxy,005930.KS,2016-10-07,34120.0,26.27505991636678,2016-10-10,33000.0,314.0,314.0,False,30689.999999999996,20724.0,10382724.0,2016-10-11,2016-10-12,29900.0,EXIT_MA,18777.2,-1012901.1999999993,-9.755640234682144,-9.393939393939398,2,2
proxy,011780.KS,2016-10-10,74900.0,24.61152650997127,2016-10-11,75900.0,143.0,143.0,False,70587.0,21707.4,10875407.4,,2016-10-27,70587.0,STOP,20187.882,-801654.2819999997,-7.371257485029936,-6.999999999999995,13,16
proxy,009540.KS,2016-10-07,97605.07031,45.85963989430049,2016-10-10,97931.51562,109.0,109.0,False,91076.3095266,21349.070405160004,10695884.27298516,,2016-11-01,91076.3095266,STOP,19854.635476798798,-788421.1700625606,-7.371257485029957,-7.000000000000006,17,22
proxy,005490.KS,2016-10-24,246500.0,20.29101106770492,2016-10-25,247000.0,43.0,43.0,False,229709.99999999997,21242.0,10642242.0,,2016-11-09,229709.99999999997,STOP,19755.059999999998,-784467.0600000024,-7.371257485029963,-7.000000000000018,12,15
proxy,032640.KS,2016-10-24,12150.0,10.02745819235353,2016-10-25,12100.0,875.0,875.0,False,11253.0,21175.0,10608675.0,,2016-11-11,11253.0,STOP,19692.75,-781992.75,-7.371257485029941,-6.999999999999995,14,17
proxy,005490.KS,2016-12-08,279000.0,30.123441201676766,2016-12-09,278000.0,36.0,36.0,False,258539.99999999997,20016.0,10028016.0,,2016-12-19,258539.99999999997,STOP,18614.879999999997,-739190.8800000027,-7.371257485029966,-7.000000000000006,7,10
proxy,047050.KS,2016-12-12,28800.0,26.822882978730732,2016-12-13,29050.0,358.0,358.0,False,27016.5,20799.8,10420699.8,,2016-12-29,27016.5,STOP,19343.814000000002,-768136.6140000001,-7.371257485029941,-6.999999999999995,13,16
proxy,055550.KS,2016-12-08,47300.0,15.606206676736875,2016-12-09,47250.0,217.0,217.0,False,43942.5,20506.5,10273756.5,2017-01-09,2017-01-10,44800.0,EXIT_MA,19443.2,-571599.6999999993,-5.563687439934937,-5.185185185185182,21,32
proxy,161390.KS,2017-01-10,63300.0,15.73797529653223,2017-01-11,63200.0,161.0,161.0,False,58775.99999999999,20350.4,10195550.4,,2017-01-20,58775.99999999999,STOP,18925.871999999996,-751540.2720000017,-7.371257485029957,-7.000000000000006,8,9
proxy,036460.KS,2016-12-08,47100.0,15.016974704126184,2016-12-09,46550.0,217.0,217.0,False,43291.5,20202.7,10121552.7,2017-01-23,2017-01-24,46050.0,EXIT_MA,19985.7,-148688.3999999985,-1.4690275732101707,-1.074113856068748,31,46
proxy,000880.KS,2017-01-04,49117.25781,7.996391160465084,2017-01-05,49117.25781,209.0,209.0,False,45679.0497633,20531.013764580002,10286037.89605458,2017-01-24,2017-01-25,47067.94922,EXIT_MA,19674.402773960002,-468510.9118485395,-4.554823894127848,-4.172278098112336,14,20
proxy,006040.KS,2016-12-14,66568.91406,18.36455095872936,2016-12-15,67057.67188,153.0,153.0,False,62363.63484839999,20519.64759528,10280343.44523528,2017-01-25,2017-01-26,65786.89844,EXIT_MA,20130.79092264,-235078.77483792044,-2.286682114174643,-1.8950455695420532,29,42
proxy,034020.KS,2016-12-20,21927.80664,14.241406365555562,2016-12-21,21927.80664,467.0,467.0,False,20392.860175199996,20480.57140176,10260766.27228176,2017-01-25,2017-01-26,21531.99805,EXIT_MA,20110.8861787,-225434.06911046058,-2.1970490617201164,-1.8050532663763108,25,36
proxy,011780.KS,2016-12-15,80100.0,27.8498577098858,2016-12-16,79400.0,127.0,127.0,False,73842.0,20167.600000000002,10103967.6,2017-02-03,2017-02-06,79900.0,EXIT_MA,20294.600000000002,23037.800000000745,0.2280074611482399,0.6297229219143663,33,52
proxy,103140.KS,2017-01-11,44300.0,40.25113720074226,2017-01-12,44350.0,42.0,233.0,True,41245.5,3725.4,1866425.4,,2017-02-06,41245.5,STOP,3464.6220000000003,-137579.02199999988,-7.371257485029934,-6.999999999999995,16,25
proxy,005850.KS,2017-01-03,23250.0,43.45400962333686,2017-01-04,23350.0,440.0,440.0,False,21715.5,20548.0,10294548.0,,2017-02-10,21715.5,STOP,19109.64,-758837.6400000006,-7.371257485029946,-6.999999999999995,26,37
proxy,000660.KS,2017-01-09,49550.0,45.277028237878426,2017-01-10,49850.0,204.0,204.0,False,46360.5,20338.8,10189738.8,2017-02-14,2017-02-15,48300.0,EXIT_MA,19706.4,-356245.2000000011,-3.49611709379637,-3.1093279839518595,24,36
proxy,005930.KS,2017-01-26,39900.0,36.63763907471891,2017-01-31,39900.0,252.0,252.0,False,37107.0,20109.600000000002,10074909.6,,2017-02-15,37080.0,STOP,18688.32,-749437.9199999999,-7.438656521543378,-7.067669172932334,12,15
proxy,006260.KS,2017-02-10,70200.0,40.992088047020864,2017-02-13,70400.0,147.0,147.0,False,65471.99999999999,20697.600000000002,10369497.6,,2017-03-02,65471.99999999999,STOP,19248.767999999996,-764362.3680000007,-7.371257485029947,-7.000000000000006,13,17
proxy,085620.KS,2017-02-15,6280.0,28.9004542233005,2017-02-16,6300.0,1478.0,1614.0,True,5859.0,18622.8,9330022.8,2017-03-27,2017-03-28,5930.0,EXIT_MA,17529.08,-583011.8800000008,-6.248772296676497,-5.873015873015874,27,40
proxy,010140.KS,2017-03-07,10403.63867,34.6326385571073,2017-03-08,10445.75879,2.0,1009.0,True,9714.5556747,41.78303516,20933.30061516,,2017-03-29,9714.5556747,STOP,38.8582226988,-1543.0474884588002,-7.3712574850299415,-7.000000000000006,16,21
proxy,028670.KS,2017-03-16,5550.0,40.78723948794591,2017-03-17,5560.0,1.0,2004.0,True,5170.799999999999,11.120000000000001,5571.12,,2017-04-03,5170.799999999999,STOP,10.341599999999998,-410.66160000000036,-7.371257485029947,-7.000000000000018,12,17
proxy,086790.KS,2017-01-25,33950.0,21.903085538688366,2017-01-26,34200.0,294.0,294.0,False,31805.999999999996,20109.600000000002,10074909.6,2017-04-04,2017-04-05,36800.0,EXIT_MA,21638.4,722652.0,7.17278892507383,7.602339181286544,46,69
proxy,105560.KS,2016-12-08,44400.0,22.90842493789792,2016-12-09,43800.0,231.0,231.0,False,40734.0,20235.600000000002,10138035.6,2017-04-10,2017-04-11,47150.0,EXIT_MA,21783.3,731831.0999999996,7.218667687456135,7.648401826484008,83,123
proxy,005940.KS,2017-01-17,11350.0,12.549384220133405,2017-01-18,11200.0,1.0,911.0,True,10416.0,22.400000000000002,11222.4,2017-04-10,2017-04-11,11850.0,EXIT_MA,23.7,603.8999999999996,5.381201881950382,5.803571428571419,56,83
proxy,139130.KS,2017-02-10,10850.0,15.431342158138273,2017-02-13,10850.0,83.0,951.0,True,10090.5,1801.1000000000001,902351.1,2017-04-11,2017-04-12,10800.0,EXIT_MA,1792.8,-7743.900000000023,-0.8581914511989872,-0.4608294930875556,41,58
proxy,003230.KS,2017-02-01,43400.0,40.60006648329505,2017-02-02,43500.0,233.0,233.0,False,40455.0,20271.0,10155771.0,2017-04-18,2017-04-19,56600.0,EXIT_MA,26375.600000000002,3005653.4000000004,29.59552160047721,30.114942528735632,53,76
proxy,005930.KS,2017-03-02,39720.0,30.388428012904406,2017-03-03,39340.0,243.0,263.0,True,36586.2,19119.24,9578739.24,2017-04-20,2017-04-21,40480.0,EXIT_MA,19673.28,238227.48000000045,2.4870442135556083,2.8978139298424077,35,49
proxy,011070.KS,2017-01-25,99100.0,17.1793453200718,2017-01-26,99500.0,100.0,100.0,False,92535.0,19900.0,9969900.0,2017-04-27,2017-04-28,129500.0,EXIT_MA,25900.0,2954200.0,29.631189881543445,30.15075376884422,63,92
proxy,000720.KS,2017-02-01,44200.0,13.998842756588797,2017-02-02,44400.0,203.0,228.0,True,41292.0,18026.4,9031226.4,2017-04-28,2017-05-02,48750.0,EXIT_MA,19792.5,845231.0999999996,9.358984733236225,9.797297297297302,61,89
proxy,032640.KS,2017-02-03,12100.0,2.8534655457818885,2017-02-06,12300.0,822.0,838.0,True,11439.0,20221.2,10130821.2,2017-05-02,2017-05-04,14050.0,EXIT_MA,23098.2,1395180.6000000015,13.771643704461011,14.22764227642277,60,87
proxy,003670.KS,2017-02-14,12413.03711,10.199179164145287,2017-02-15,12460.7793,787.0,826.0,True,11588.524749,19613.2666182,9826246.5757182,2017-05-12,2017-05-15,13463.37109,EXIT_MA,21191.346095660003,748235.12601614,7.614658560117108,8.045979836911176,58,89
proxy,139130.KS,2017-05-16,12550.0,17.50706610204727,2017-05-17,12550.0,4.0,887.0,True,11671.5,100.4,50300.4,,2017-05-25,11671.5,STOP,93.372,-3707.7720000000045,-7.371257485029949,-6.999999999999995,7,8
proxy,003230.KS,2017-05-08,62900.0,76.1473239384473,2017-05-10,62200.0,166.0,177.0,True,57845.99999999999,20650.4,10345850.4,,2017-05-29,57845.99999999999,STOP,19204.871999999996,-762619.2720000017,-7.371257485029957,-7.000000000000006,14,19
proxy,036570.KS,2017-03-29,304500.0,13.600167775410332,2017-03-30,306500.0,28.0,36.0,True,285045.0,17164.0,8599164.0,2017-06-20,2017-06-21,347000.0,EXIT_MA,19432.0,1097404.0,12.761752188933714,13.2137030995106,54,83
proxy,055550.KS,2017-04-25,48900.0,5.144073590248327,2017-04-26,48800.0,225.0,225.0,False,45384.0,21960.0,11001960.0,2017-06-21,2017-06-22,48850.0,EXIT_MA,21982.5,-32692.5,-0.29715159844245936,0.10245901639345245,36,57
proxy,032640.KS,2017-05-25,15650.0,14.341681917247199,2017-05-26,15700.0,3.0,722.0,True,14600.999999999998,94.2,47194.2,2017-07-05,2017-07-06,15150.0,EXIT_MA,90.9,-1835.0999999999985,-3.888401540867307,-3.5031847133757954,28,41
proxy,020150.KS,2017-06-26,31303.0332,83.74129202199157,2017-06-27,31156.98633,351.0,387.0,True,28975.997286899998,21872.20440366,10957974.406233659,,2017-07-06,28975.997286899998,STOP,20341.1500954038,-807740.5086271632,-7.371257485029936,-7.000000000000006,8,9
proxy,005940.KS,2017-04-25,13000.0,16.182747210760667,2017-04-26,13150.0,849.0,849.0,False,12229.5,22328.7,11186678.7,2017-07-10,2017-07-11,14150.0,EXIT_MA,24026.7,802644.6000000015,7.1750036049574,7.604562737642584,49,76
proxy,010140.KS,2017-05-10,9603.359375,7.554171381850701,2017-05-11,9687.598633,5.0,1144.0,True,9009.466728689998,96.87598633,48534.86915133,2017-07-11,2017-07-12,9856.079102,EXIT_MA,98.56079102000001,646.9655676500042,1.3329912678507252,1.7391355214292803,43,62
proxy,003490.KS,2017-05-04,22257.53516,8.547633338491396,2017-05-08,22393.25195,497.0,497.0,False,20825.7243135,22258.8924383,11151705.111588301,2017-07-14,2017-07-17,24055.78125,EXIT_MA,23911.4465625,780106.7230991982,6.995403082247484,7.424242373158307,48,70
proxy,023530.KS,2017-04-27,268000.0,10.046867287259566,2017-04-28,265500.0,7.0,40.0,True,246914.99999999997,3717.0,1862217.0,2017-07-17,2017-07-18,289000.0,EXIT_MA,4046.0,156737.0,8.416688280689092,8.851224105461398,52,81
proxy,066970.KS,2017-07-17,24919.23828,66.49322010245476,2017-07-18,25011.36133,81.0,496.0,True,23260.5660369,4051.84053546,2029972.10826546,,2017-07-18,23260.5660369,STOP,3768.2116979778,-149634.47097453778,-7.371257485029939,-6.999999999999995,1,0
proxy,007810.KS,2017-05-29,15150.0,31.357548467339612,2017-05-30,15300.0,625.0,751.0,True,14228.999999999998,19125.0,9581625.0,2017-07-25,2017-07-26,14950.0,EXIT_MA,18687.5,-256562.5,-2.677651233480751,-2.287581699346408,40,57
proxy,181710.KS,2017-06-20,41550.0,32.70952096626199,2017-06-21,41200.0,235.0,282.0,True,38316.0,19364.0,9701364.0,,2017-07-26,38316.0,STOP,18008.52,-715112.5199999996,-7.371257485029936,-6.999999999999995,26,35
proxy,093370.KS,2017-07-11,11350.0,41.659067582060985,2017-07-12,11450.0,4.0,1053.0,True,10648.5,91.60000000000001,45891.6,,2017-07-28,10648.5,STOP,85.188,-3382.7880000000005,-7.3712574850299415,-6.999999999999995,13,16
proxy,009150.KS,2017-04-27,72900.0,26.25323934372264,2017-04-28,72700.0,150.0,150.0,False,67611.0,21810.0,10926810.0,2017-07-28,2017-07-31,90500.0,EXIT_MA,27150.0,2621040.0,23.987238727496862,24.484181568088026,61,94
proxy,006400.KS,2017-05-12,153000.0,23.19310201313548,2017-05-15,153500.0,68.0,72.0,True,142755.0,20876.0,10458876.0,2017-07-28,2017-07-31,163500.0,EXIT_MA,22236.0,636888.0,6.089449764965184,6.514657980456029,54,77
proxy,001820.KS,2017-07-10,21950.0,72.21095863608579,2017-07-11,21850.0,538.0,538.0,False,20320.5,23510.600000000002,11778810.6,,2017-07-31,20150.0,STOP,21681.4,-959792.0,-8.148462799800857,-7.78032036613272,15,20
proxy,006800.KS,2017-06-29,11168.24219,20.591175272660937,2017-06-30,10920.05859,1.0,1077.0,True,10155.6544887,21.84011718,10941.89870718,2017-08-03,2017-08-04,10473.3291,EXIT_MA,20.9466582,-489.5162653799998,-4.473778075269355,-4.090907446312519,25,35
proxy,005930.KS,2017-04-25,42700.0,24.317937377546073,2017-04-26,42700.0,258.0,258.0,False,39711.0,22033.2,11038633.2,2017-08-04,2017-08-07,47500.0,EXIT_MA,24510.0,1191856.8000000007,10.797141080835994,11.241217798594839,68,103
proxy,000660.KS,2017-04-26,53700.0,30.72982616476344,2017-04-27,53800.0,28.0,205.0,True,50034.0,3012.8,1509412.8,2017-08-04,2017-08-07,64000.0,EXIT_MA,3584.0,279003.19999999995,18.484221148780502,18.959107806691456,67,102
proxy,005070.KS,2017-07-18,9949.423828,127.51256487892996,2017-07-19,9594.086914,197.0,1234.0,True,8922.500830019999,3780.070244116,1893815.192302116,,2017-08-10,8922.500830019999,STOP,3515.4653270278795,-139597.99411520408,-7.371257485029951,-7.000000000000006,17,22
proxy,001450.KS,2017-08-01,49200.0,30.06035641233678,2017-08-02,48800.0,240.0,240.0,False,45384.0,23424.0,11735424.0,,2017-08-10,45384.0,STOP,21784.32,-865048.3200000003,-7.371257485029943,-6.999999999999995,7,8
proxy,078930.KS,2017-05-15,62700.0,8.110921578892526,2017-05-16,63200.0,1.0,177.0,True,58775.99999999999,126.4,63326.4,2017-08-14,2017-08-16,70200.0,EXIT_MA,140.4,6733.200000000004,10.632532403547343,11.075949367088601,64,92
proxy,088350.KS,2017-07-10,7560.0,11.518322166549904,2017-07-11,7570.0,30.0,1563.0,True,7040.099999999999,454.2,227554.2,2017-08-29,2017-08-30,7300.0,EXIT_MA,438.0,-8992.200000000012,-3.951673930870101,-3.566710700132103,35,50
proxy,086790.KS,2017-04-24,39900.0,30.098518712610932,2017-04-25,39850.0,275.0,275.0,False,37060.5,21917.5,10980667.5,2017-09-01,2017-09-04,48300.0,EXIT_MA,26565.0,2275267.5,20.72066657149941,21.204516938519458,88,132
proxy,005070.KS,2017-08-30,15368.30566,228.90258959527975,2017-08-31,15501.55762,787.0,787.0,False,14416.4485866,24399.45169388,12224125.298633879,,2017-09-04,14346.71289,STOP,22581.726088860003,-955843.9802927375,-7.81932413928675,-7.449862512590522,3,4
proxy,007810.KS,2017-08-30,17600.0,42.741220586745385,2017-08-31,17750.0,177.0,687.0,True,16507.5,6283.5,3148033.5,,2017-09-05,16500.0,STOP,5841.0,-233374.5,-7.413342329425656,-7.042253521126762,4,5
proxy,000150.KS,2017-08-01,142398.0156,12.254876073167086,2017-08-02,141848.2188,83.0,83.0,False,131918.84348399998,23546.804320799998,11796948.964720799,2017-09-06,2017-09-07,135250.625,EXIT_MA,22451.603750000002,-593598.6934707984,-5.03179843573094,-4.651164361325066,25,36
proxy,001430.KS,2017-07-14,32200.0,7.136438971254852,2017-07-17,32300.0,368.0,373.0,True,30038.999999999996,23772.8,11910172.8,2017-09-13,2017-09-14,32800.0,EXIT_MA,24140.8,136086.3999999985,1.1426064280108388,1.5479876160990669,42,59
proxy,028670.KS,2017-07-12,5710.0,17.808504649280128,2017-07-13,5770.0,1.0,2088.0,True,5366.099999999999,11.540000000000001,5781.54,2017-09-14,2017-09-15,6130.0,EXIT_MA,12.26,336.1999999999998,5.815059655385932,6.239168110918536,45,64
proxy,010120.KS,2017-08-01,11840.0,16.080328136001448,2017-08-02,11880.0,999.0,999.0,False,11048.4,23736.24,11891856.24,2017-09-19,2017-09-20,11520.0,EXIT_MA,23016.96,-406393.2000000011,-3.4174076090243846,-3.0303030303030276,34,49
proxy,001820.KS,2017-09-11,28100.0,146.2357823916139,2017-09-12,28600.0,431.0,431.0,False,26598.0,24653.2,12351253.2,,2017-09-20,26598.0,STOP,22927.476,-910442.675999999,-7.3712574850299335,-6.999999999999995,7,8
proxy,093370.KS,2017-09-11,11950.0,46.32769354448038,2017-09-12,12250.0,162.0,1014.0,True,11392.5,3969.0,1988469.0,,2017-09-20,11392.5,STOP,3691.17,-146575.16999999993,-7.371257485029936,-6.999999999999995,7,8
proxy,103140.KS,2017-07-27,49400.0,17.7862119826306,2017-07-28,49200.0,2.0,243.0,True,45756.0,196.8,98596.8,2017-09-20,2017-09-21,51400.0,EXIT_MA,205.6,3997.5999999999913,4.054492640734781,4.471544715447151,38,55
proxy,007810.KS,2017-09-18,19800.0,50.56933346286831,2017-09-19,19600.0,1.0,613.0,True,18228.0,39.2,19639.2,,2017-09-21,18228.0,STOP,36.456,-1447.655999999999,-7.371257485029934,-6.999999999999995,3,2
proxy,020150.KS,2017-07-07,33639.80859,95.8291685345428,2017-07-10,33396.39453,304.0,346.0,True,31058.646912899996,20305.00787424,10172808.94499424,2017-09-21,2017-09-25,34200.0,EXIT_MA,20793.600000000002,203197.45500576124,1.9974567113614097,2.4062641530903095,53,77
proxy,009150.KS,2017-09-11,109000.0,68.63471759757522,2017-09-12,110000.0,111.0,111.0,False,102300.0,24420.0,12234420.0,,2017-09-25,102300.0,STOP,22710.600000000002,-901830.5999999996,-7.371257485029938,-6.999999999999995,9,13
proxy,051910.KS,2017-09-13,407500.0,45.646403041343945,2017-09-14,406500.0,29.0,29.0,False,378045.0,23577.0,11812077.0,,2017-09-25,366000.0,STOP,21228.0,-1219305.0,-10.322528374984348,-9.963099630996307,7,11
proxy,010060.KS,2017-09-19,102240.6328,18.287427900689675,2017-09-20,104082.8125,110.0,119.0,True,96797.015625,22898.21875,11472007.59375,,2017-09-25,93490.3125,STOP,20567.86875,-1208641.0875000004,-10.535567359269125,-10.176992478945547,3,5
proxy,066970.KS,2017-08-25,33716.97266,118.15377201462012,2017-08-28,32979.99219,353.0,353.0,False,30671.392736699996,23283.874486139997,11665221.11755614,,2017-09-29,30671.392736699996,STOP,21654.0032721102,-859873.4847731516,-7.371257485029951,-7.000000000000006,24,32
proxy,068270.KS,2017-09-20,108241.7578,30.594672606518618,2017-09-21,110233.9375,13.0,108.0,True,102517.561875,2866.082375,1435907.269875,,2017-09-29,102517.561875,STOP,2665.45660875,-105844.42210874986,-7.371257485029931,-6.999999999999995,6,8
proxy,001450.KS,2017-10-10,47200.0,20.578699285480077,2017-10-11,46750.0,238.0,238.0,False,43477.5,22253.0,11148753.0,2017-10-18,2017-10-19,46150.0,EXIT_MA,21967.4,-187020.40000000037,-1.6775006137457737,-1.2834224598930466,6,8
proxy,003670.KS,2017-07-25,20051.83008,48.86784143688169,2017-07-26,19717.63281,472.0,608.0,True,18337.3985133,18613.44537264,9325336.131692639,2017-10-26,2017-10-27,27451.9082,EXIT_MA,25914.601340800004,3606049.937366562,38.66938292027044,39.22517203017131,59,93
proxy,006400.KS,2017-09-11,202500.0,58.62552743366912,2017-09-12,204000.0,59.0,59.0,False,189720.0,24072.0,12060072.0,2017-10-26,2017-10-27,194500.0,EXIT_MA,22951.0,-607523.0,-5.0374740714649135,-4.656862745098033,26,45
proxy,011070.KS,2017-10-26,175000.0,41.65326775216375,2017-10-27,175000.0,62.0,62.0,False,162750.0,21700.0,10871700.0,,2017-11-13,162750.0,STOP,20181.0,-801381.0,-7.371257485029941,-6.999999999999995,12,17
proxy,010950.KS,2017-07-26,114500.0,15.007310308371775,2017-07-27,115000.0,77.0,104.0,True,106950.0,17710.0,8872710.0,2017-11-13,2017-11-14,121000.0,EXIT_MA,18634.0,425656.0,4.797361798142845,5.217391304347818,70,110
proxy,034730.KS,2017-09-27,287000.0,10.264965291087742,2017-09-28,289500.0,38.0,38.0,False,269235.0,22002.0,11023002.0,2017-11-13,2017-11-14,280000.0,EXIT_MA,21280.0,-404282.0,-3.6676215789491833,-3.2815198618307395,27,47
proxy,096770.KS,2017-10-10,193686.0156,18.62173207031945,2017-10-11,195580.2656,56.0,58.0,True,181889.647008,21904.9897472,10974399.8633472,2017-11-15,2017-11-16,185635.5,EXIT_MA,20791.176,-599603.0393472016,-5.463652197964675,-5.084749000361322,26,36
proxy,008930.KS,2017-11-16,107444.5391,57.862188545101965,2017-11-17,105224.6094,52.0,111.0,True,97858.88674199999,10943.3593776,5482623.0481776,,2017-11-23,97232.86719,STOP,10112.218187760001,-436626.172485359,-7.963818935728066,-7.594936446492517,5,6
proxy,066970.KS,2017-11-22,43113.50781,123.47604589892364,2017-11-23,43988.67578,1.0,285.0,True,40909.4684754,87.97735156,44076.65313156,,2017-11-27,40909.4684754,STOP,81.8189369508,-3249.003593110807,-7.371257485029956,-7.000000000000006,3,4
proxy,007810.KS,2017-11-24,19700.0,39.849185379658735,2017-11-27,19800.0,254.0,619.0,True,18414.0,10058.4,5039258.4,,2017-11-27,18414.0,STOP,9354.312,-371456.7120000003,-7.371257485029946,-6.999999999999995,1,0
proxy,018260.KS,2017-10-30,207000.0,16.656194661024582,2017-10-31,206500.0,1.0,53.0,True,192045.0,413.0,206913.0,,2017-11-28,192045.0,STOP,384.09000000000003,-15252.089999999997,-7.371257485029939,-6.999999999999995,21,28
proxy,035720.KS,2017-09-20,28500.0,52.737910921058486,2017-09-21,28800.0,411.0,411.0,False,26784.0,23673.600000000002,11860473.6,2017-11-28,2017-11-29,29200.0,EXIT_MA,24002.4,116724.0,0.9841428254601908,1.388888888888884,42,69
proxy,000660.KS,2017-09-13,75700.0,43.88150503105508,2017-09-14,76300.0,3.0,160.0,True,70959.0,457.8,229357.8,2017-11-29,2017-11-30,77000.0,EXIT_MA,462.0,1180.2000000000116,0.5145671958834674,0.917431192660545,48,77
proxy,066570.KS,2017-10-19,96500.0,44.973191774584144,2017-10-20,96500.0,3.0,114.0,True,89745.0,579.0,290079.0,,2017-11-30,89745.0,STOP,538.47,-21382.469999999972,-7.371257485029931,-6.999999999999995,30,41
proxy,068270.KS,2017-11-16,161587.9062,98.04326166884088,2017-11-17,159890.8594,74.0,74.0,False,148698.499242,23663.8471912,11855587.4427912,,2017-11-30,148698.499242,STOP,22007.377887815997,-873905.876771016,-7.371257485029941,-6.999999999999995,10,13
proxy,051910.KS,2017-10-27,405500.0,28.486433543662148,2017-10-30,406000.0,5.0,27.0,True,377580.0,4060.0,2034060.0,2017-12-07,2017-12-08,393500.0,EXIT_MA,3935.0,-70495.0,-3.4657286412396884,-3.078817733990147,29,39
proxy,082740.KS,2017-11-02,3422.360596,3.677644513673034,2017-11-03,3327.514648,1.0,3271.0,True,3094.58862264,6.6550292959999995,3334.169677296,2017-12-13,2017-12-14,3315.658936,EXIT_MA,6.6313178719999994,-25.142059168000287,-0.7540725758261473,-0.35629330759298083,29,41
proxy,051900.KS,2017-10-18,1063000.0,7.908959812215216,2017-10-19,1065000.0,10.0,10.0,False,990449.9999999999,21300.0,10671300.0,2017-12-27,2017-12-28,1190000.0,EXIT_MA,23800.0,1204900.0,11.291032957559061,11.737089201877925,48,70
proxy,006400.KS,2018-01-05,220500.0,28.116904658527925,2018-01-08,224500.0,24.0,56.0,True,208785.0,10776.0,5398776.0,2018-01-10,2018-01-11,216000.0,EXIT_MA,10368.0,-225144.0,-4.170278596481869,-3.786191536748329,3,3
proxy,035720.KS,2018-01-08,31900.0,45.59630392810079,2018-01-09,31600.0,4.0,387.0,True,29387.999999999996,252.8,126652.8,,2018-01-11,28400.0,STOP,227.20000000000002,-13280.0,-10.48535839712979,-10.126582278481012,3,2
proxy,042700.KS,2017-09-28,4470.0,22.979668458819035,2017-09-29,4475.0,2423.0,2423.0,False,4161.75,21685.850000000002,10864610.85,2018-01-12,2018-01-15,5575.0,EXIT_MA,27016.45,2616597.700000001,24.08367622297306,24.581005586592177,66,108
proxy,068270.KS,2018-01-12,257013.3125,193.9918595498916,2018-01-15,258518.5156,5.0,50.0,True,240422.219508,2585.185156,1295177.763156,,2018-01-17,240422.219508,STOP,2404.22219508,-95470.88781108009,-7.371257485029946,-7.000000000000006,3,2
proxy,009420.KS,2018-01-12,39000.0,201.61574128839726,2018-01-15,37400.0,331.0,331.0,False,34782.0,24758.8,12404158.8,,2018-01-19,34782.0,STOP,23025.684,-914342.4840000011,-7.371257485029949,-6.999999999999995,5,4
proxy,018260.KS,2018-01-17,264000.0,52.10611570486265,2018-01-18,267000.0,4.0,49.0,True,248309.99999999997,2136.0,1070136.0,,2018-01-22,248309.99999999997,STOP,1986.4799999999998,-78882.4800000001,-7.371257485029949,-7.000000000000006,3,4
proxy,128940.KS,2017-09-29,395669.5938,16.007956132965205,2017-10-10,399587.125,27.0,27.0,False,371616.02625,21577.70475,10810430.07975,2018-01-22,2018-01-23,504367.75,EXIT_MA,27235.858500000002,2780263.3117500003,25.718341372541364,26.222222500287007,71,105
proxy,010130.KS,2018-01-10,537000.0,4.689675747310595,2018-01-11,539000.0,9.0,23.0,True,501269.99999999994,9702.0,4860702.0,,2018-02-02,501269.99999999994,STOP,9022.859999999999,-358294.86000000127,-7.371257485029966,-7.000000000000006,17,22
proxy,010120.KS,2017-10-31,11980.0,10.172218621076166,2017-11-01,11940.0,5.0,932.0,True,11104.199999999999,119.4,59819.4,2018-02-02,2018-02-05,12040.0,EXIT_MA,120.4,260.1999999999971,0.43497594425888103,0.8375209380234505,64,96
proxy,071050.KS,2018-01-23,88500.0,47.56128263877796,2018-01-24,88500.0,146.0,146.0,False,82305.0,25842.0,12946842.0,,2018-02-05,82305.0,STOP,24033.06,-954345.0600000005,-7.371257485029944,-6.999999999999995,9,12
proxy,001820.KS,2017-11-14,30600.0,113.2713643203342,2017-11-15,30600.0,373.0,373.0,False,28457.999999999996,22827.600000000002,11436627.6,2018-02-05,2018-02-06,39550.0,EXIT_MA,29504.3,3286018.0999999996,28.732404472101546,29.2483660130719,55,83
proxy,022100.KS,2018-01-15,8840.0,21.611686374836463,2018-01-16,8940.0,23.0,1464.0,True,8314.199999999999,411.24,206031.24,,2018-02-06,8314.199999999999,STOP,382.4532,-15187.093200000003,-7.3712574850299415,-7.000000000000018,16,21
proxy,039490.KS,2018-01-18,105500.0,25.252848999939552,2018-01-19,106500.0,1.0,123.0,True,99045.0,213.0,106713.0,,2018-02-06,99045.0,STOP,198.09,-7866.0899999999965,-7.371257485029936,-6.999999999999995,13,18
proxy,008770.KS,2017-10-26,69400.0,17.313686886730746,2017-10-27,70800.0,158.0,158.0,False,65844.0,22372.8,11208772.8,2018-02-07,2018-02-08,83000.0,EXIT_MA,26228.0,1878999.1999999993,16.763647845551827,17.231638418079086,70,104
proxy,005490.KS,2018-01-03,357500.0,13.537260799572797,2018-01-04,362000.0,34.0,34.0,False,336660.0,24616.0,12332616.0,2018-02-09,2018-02-12,355500.0,EXIT_MA,24174.0,-269790.0,-2.187613722830582,-1.7955801104972413,27,39
proxy,010060.KS,2018-01-03,133097.0469,48.81002734536241,2018-01-04,136320.8438,91.0,91.0,False,126778.38473399999,24810.3935716,12430007.179371601,2018-03-05,2018-03-06,142307.9062,EXIT_MA,25900.038928399998,494112.24589999765,3.97515656081043,4.391890655242547,40,61
proxy,081660.KS,2018-03-08,21200.0,38.3905950658817,2018-03-09,21200.0,570.0,570.0,False,19716.0,24168.0,12108168.0,,2018-03-13,19716.0,STOP,22476.24,-892524.2400000002,-7.3712574850299415,-6.999999999999995,3,4
proxy,028050.KS,2018-03-12,18000.0,36.534988863754876,2018-03-13,18150.0,675.0,675.0,False,16879.5,24502.5,12275752.5,,2018-03-14,16879.5,STOP,22787.325,-904877.3249999993,-7.3712574850299335,-6.999999999999995,2,1
proxy,051900.KS,2018-03-09,1154000.0,8.005693877353833,2018-03-12,1165000.0,10.0,10.0,False,1083450.0,23300.0,11673300.0,2018-03-14,2018-03-15,1141000.0,EXIT_MA,22820.0,-286120.0,-2.451063538159732,-2.060085836909875,3,3
proxy,112610.KS,2018-01-23,16261.50977,45.45513297266971,2018-01-24,16545.55273,793.0,794.0,True,15387.3640389,26241.24662978,13146864.56151978,2018-03-19,2018-03-20,16001.13574,EXIT_MA,25377.80128364,-483341.72098341957,-3.6764790473170073,-3.2904128310737857,36,55
proxy,010120.KS,2018-03-15,12800.0,10.929886178085892,2018-03-16,12960.0,936.0,936.0,False,12052.8,24261.12,12154821.12,,2018-03-23,12052.8,STOP,22562.8416,-895963.1616000012,-7.37125748502995,-7.000000000000006,6,7
proxy,003670.KS,2017-11-14,31844.21484,102.75534494614207,2017-11-15,32082.92578,359.0,359.0,False,29837.1209754,23035.54071004,11540805.89573004,2018-03-23,2018-03-26,45307.58594,EXIT_MA,32530.846704919997,4692086.610025039,40.65649013091066,41.22024359836922,86,131
proxy,051910.KS,2018-03-09,406500.0,12.774763134872039,2018-03-12,410500.0,29.0,29.0,False,381765.0,23809.0,11928309.0,2018-03-23,2018-03-26,390500.0,EXIT_MA,22649.0,-626458.0,-5.251859253478427,-4.8721071863580985,10,14
proxy,011780.KS,2018-03-21,97800.0,14.537451212781939,2018-03-22,98800.0,115.0,120.0,True,91884.0,22724.0,11384724.0,2018-03-23,2018-03-26,96900.0,EXIT_MA,22287.0,-263511.0,-2.314601566098572,-1.9230769230769273,2,4
proxy,066970.KS,2018-03-13,36158.23047,47.25628870191792,2018-03-14,36204.29297,309.0,330.0,True,33669.9924621,22374.25305546,11209500.780785462,2018-04-04,2018-04-05,34776.38672,EXIT_MA,21491.806992960002,-485089.09129842,-4.327481667425596,-3.9440246801206946,16,22
proxy,096770.KS,2018-03-12,203157.2188,12.188263730284653,2018-03-13,200789.4219,47.0,59.0,True,186734.16236699998,18874.2056586,9455977.0349586,2018-04-10,2018-04-11,192265.3438,EXIT_MA,18072.942317200002,-437578.8186757993,-4.627536816746458,-4.245282455290534,21,29
proxy,207940.KS,2018-01-02,592580.0,65.65673830519523,2018-01-03,594862.0625,20.0,20.0,False,553221.718125,23794.482500000002,11921035.7325,2018-04-23,2018-04-24,724940.625,EXIT_MA,28997.625,2548779.1425,21.380517596733075,21.867012657241027,76,111
proxy,017800.KS,2018-04-18,59600.0,55.36726965574646,2018-04-19,61466.66797,204.0,204.0,False,57164.001212099996,25078.40053176,12564278.66641176,,2018-05-25,57164.001212099996,STOP,23322.9124945368,-926145.3316378966,-7.371257485029939,-7.000000000000006,24,36
proxy,052690.KS,2018-04-16,31850.0,37.427925154216325,2018-04-17,32050.0,385.0,385.0,False,29806.499999999996,24678.5,12363928.5,2018-05-29,2018-05-30,30700.0,EXIT_MA,23639.0,-568067.5,-4.594555039686617,-4.212168486739465,28,43
proxy,024110.KS,2018-04-23,16600.0,9.854862122998545,2018-04-24,16600.0,747.0,747.0,False,15437.999999999998,24800.4,12425000.4,2018-05-29,2018-05-30,16000.0,EXIT_MA,23904.0,-496904.4000000004,-3.999230454753147,-3.6144578313253017,23,36
proxy,000720.KS,2018-05-28,79100.0,91.21930232698338,2018-05-29,78700.0,147.0,162.0,True,73191.0,23137.8,11592037.8,,2018-05-30,73191.0,STOP,21518.154,-854478.9539999999,-7.371257485029939,-6.999999999999995,2,1
proxy,071050.KS,2018-04-24,87200.0,27.19162758128325,2018-04-25,86500.0,114.0,139.0,True,80445.0,19722.0,9880722.0,2018-06-18,2018-06-19,84700.0,EXIT_MA,19311.600000000002,-244233.59999999963,-2.4718193670462503,-2.0809248554913284,34,55
proxy,082740.KS,2018-04-26,4908.281738,56.6170563401871,2018-04-27,4884.570312,3.0,2484.0,True,4542.65039016,29.307421872,14683.018357871999,,2018-06-19,3940.061768,STOP,23.640370608,-2886.4734244799984,-19.658583501889275,-19.336573816526116,33,53
proxy,192820.KS,2018-04-16,156720.25,24.31169775242092,2018-04-17,156228.9688,78.0,78.0,False,145292.940984,24371.7191328,12210231.2855328,2018-06-22,2018-06-25,156720.25,EXIT_MA,24448.359,-10500.14453279972,-0.08599464078326458,0.31446229452420926,44,69
proxy,008770.KS,2018-03-09,92200.0,33.94704159202925,2018-03-12,93500.0,130.0,130.0,False,86955.0,24310.0,12179310.0,2018-06-26,2018-06-27,115500.0,EXIT_MA,30030.0,2805660.0,23.03628038041564,23.529411764705888,72,107
proxy,003230.KS,2018-04-16,89300.0,37.9475852576565,2018-04-17,89900.0,137.0,137.0,False,83607.0,24632.600000000002,12340932.6,2018-07-09,2018-07-10,100500.0,EXIT_MA,27537.0,1400030.4000000004,11.34460778110076,11.790878754171308,55,84
proxy,081660.KS,2018-03-20,21900.0,35.804417114134694,2018-03-21,22000.0,539.0,539.0,False,20460.0,23716.0,11881716.0,2018-07-23,2018-07-24,31000.0,EXIT_MA,33418.0,4793866.0,40.346579568136455,40.90909090909092,84,125
proxy,001820.KS,2018-04-16,57400.0,152.29883393060595,2018-04-17,57900.0,213.0,213.0,False,53847.0,24665.4,12357365.4,2018-07-31,2018-08-01,90400.0,EXIT_MA,38510.4,6859324.200000001,55.507982308267756,56.131260794473235,71,106
proxy,180640.KS,2019-04-08,30400.0,35.44676674609088,2019-04-09,31600.0,444.0,444.0,False,29387.999999999996,28060.8,14058460.8,,2019-04-10,29387.999999999996,STOP,26096.543999999998,-1036285.3440000024,-7.371257485029957,-7.000000000000006,2,1
proxy,003490.KS,2019-04-12,24157.56836,13.61384792425366,2019-04-15,25718.31055,562.0,562.0,False,23918.028811499997,28907.381058199997,14482597.910158198,,2019-04-17,23918.028811499997,STOP,26883.864384126,-1067549.582479326,-7.3712574850299415,-7.000000000000006,3,2
proxy,112610.KS,2019-04-12,18770.56445,33.17810768043126,2019-04-15,18912.58594,723.0,723.0,False,17588.7049242,27347.599269240003,13701147.23388924,,2019-04-19,17588.7049242,STOP,25433.2673203932,-1009946.8410130348,-7.371257485029951,-7.000000000000006,5,4
proxy,018880.KS,2019-04-18,12800.0,11.926995745132347,2019-04-19,12750.0,1056.0,1056.0,False,11857.5,26928.0,13490928.0,,2019-05-07,11857.5,STOP,25043.04,-994451.0399999991,-7.3712574850299335,-6.999999999999995,11,18
proxy,005850.KS,2019-04-11,24050.0,21.33930849765841,2019-04-12,24100.0,562.0,562.0,False,22413.0,27088.4,13571288.4,2019-05-09,2019-05-10,23400.0,EXIT_MA,26301.600000000002,-446790.0,-3.2921708450319276,-2.904564315352698,18,28
proxy,081660.KS,2019-02-27,56600.0,75.83204384360481,2019-02-28,56700.0,229.0,229.0,False,52731.0,25968.600000000002,13010268.6,2019-05-30,2019-05-31,77500.0,EXIT_MA,35495.0,4701736.4,36.138657429409264,36.68430335097001,63,92
proxy,000270.KS,2019-04-03,36400.0,12.459344255596388,2019-04-04,36500.0,366.0,366.0,False,33945.0,26718.0,13385718.0,2019-05-31,2019-06-03,38900.0,EXIT_MA,28474.8,823207.1999999993,6.149891996828256,6.57534246575342,40,60
proxy,086280.KS,2019-04-18,73250.0,10.480065569520228,2019-04-19,73500.0,184.0,184.0,False,68355.0,27048.0,13551048.0,2019-07-03,2019-07-04,76750.0,EXIT_MA,28244.0,542708.0,4.004915339389249,4.421768707482987,51,76
proxy,011790.KS,2019-11-04,47100.0,20.986761063693855,2019-11-05,46950.0,278.0,278.0,False,43663.5,26104.2,13078204.2,,2019-11-07,43663.5,STOP,24276.906,-964028.1059999987,-7.371257485029931,-6.999999999999995,3,2
proxy,000990.KS,2019-11-15,18500.0,31.824068268459925,2019-11-18,18600.0,703.0,703.0,False,17298.0,26151.600000000002,13101951.6,,2019-11-21,17298.0,STOP,24320.988,-965778.5879999995,-7.371257485029936,-6.999999999999995,4,3
proxy,011210.KS,2019-11-12,54200.0,32.067487003306866,2019-11-13,54400.0,239.0,239.0,False,50592.0,26003.2,13027603.2,,2019-11-22,50592.0,STOP,24182.976,-960298.175999999,-7.3712574850299335,-6.999999999999995,8,9
proxy,005930.KS,2019-11-06,53300.0,16.56703245249239,2019-11-07,53400.0,244.0,244.0,False,49662.0,26059.2,13055659.2,2019-11-29,2019-12-02,50900.0,EXIT_MA,24839.2,-660898.3999999985,-5.06216032354765,-4.681647940074907,17,25
proxy,012330.KS,2019-11-15,257500.0,11.773050266423748,2019-11-18,254000.0,50.0,50.0,False,236219.99999999997,25400.0,12725400.0,2019-11-29,2019-12-02,245000.0,EXIT_MA,24500.0,-499900.0,-3.9283637449510427,-3.543307086614178,10,14
proxy,180640.KS,2019-12-23,46200.0,54.801292582339265,2019-12-24,47750.0,60.0,282.0,True,44407.5,5730.0,2870730.0,,2019-12-24,44407.5,STOP,5328.900000000001,-211608.8999999999,-7.371257485029938,-6.999999999999995,1,0
proxy,029780.KS,2019-12-18,41650.0,15.543431421150316,2019-12-19,41600.0,315.0,315.0,False,38688.0,26208.0,13130208.0,,2019-12-27,38688.0,STOP,24373.44,-967861.4399999995,-7.371257485029936,-6.999999999999995,6,8
proxy,004800.KS,2019-12-24,102451.4375,10.051763065226291,2019-12-26,102940.4688,25.0,127.0,True,95734.635984,5147.023440000001,2578658.7434400003,2019-12-27,2019-12-30,97438.89844,EXIT_MA,4871.944922000001,-147558.22736200038,-5.722285965034432,-5.344419375715914,2,4
proxy,000500.KS,2019-12-12,10478.56543,31.172573204347763,2019-12-13,10566.62012,1209.0,1209.0,False,9826.9567116,25550.08745016,12800593.81253016,,2020-01-02,9826.9567116,STOP,23761.581328648797,-943564.7295344099,-7.371257485029949,-6.999999999999995,12,20
proxy,012330.KS,2019-12-17,263500.0,16.049546793851437,2019-12-18,259500.0,49.0,49.0,False,241334.99999999997,25431.0,12740931.0,2020-01-02,2020-01-03,249000.0,EXIT_MA,24402.0,-564333.0,-4.429291705606129,-4.046242774566478,9,16
proxy,028050.KS,2019-12-13,19900.0,15.363497661105413,2019-12-16,19900.0,637.0,637.0,False,18507.0,25352.600000000002,12701652.6,,2020-01-08,18507.0,STOP,23577.918,-936271.5179999992,-7.371257485029934,-6.999999999999995,15,23
proxy,035420.KS,2019-11-14,180000.0,35.50685487179347,2019-11-15,177000.0,72.0,72.0,False,164610.0,25488.0,12769488.0,2020-01-28,2020-01-29,183000.0,EXIT_MA,26352.0,380160.0,2.9770966541493284,3.3898305084745672,48,75
proxy,204320.KS,2020-01-23,39000.0,12.60441213300821,2020-01-28,37700.0,1.0,346.0,True,35061.0,75.4,37775.4,,2020-01-30,35061.0,STOP,70.122,-2784.5220000000045,-7.371257485029951,-6.999999999999995,3,2
proxy,229640.KS,2020-01-03,8470.0,16.178585446011233,2020-01-06,8460.0,1516.0,1516.0,False,7867.799999999999,25650.72,12851010.72,2020-01-30,2020-01-31,8050.0,EXIT_MA,24407.600000000002,-671618.3200000003,-5.2261906447153,-4.846335697399528,17,25
proxy,014680.KS,2019-12-18,105000.0,26.9998115486156,2019-12-19,106500.0,125.0,125.0,False,99045.0,26625.0,13339125.0,2020-02-18,2020-02-19,106500.0,EXIT_MA,26625.0,-53250.0,-0.39920159680638717,0.0,39,62
proxy,207940.KS,2020-02-06,789599.5625,40.602348143561194,2020-02-07,792642.3125,16.0,16.0,False,737157.350625,25364.554,12707641.554,,2020-02-21,737157.350625,STOP,23589.035219999998,-936712.979220001,-7.371257485029949,-7.000000000000006,11,14
proxy,000990.KS,2019-12-12,21700.0,54.56600738480692,2019-12-13,22000.0,584.0,584.0,False,20460.0,25696.0,12873696.0,2020-02-24,2020-02-25,27200.0,EXIT_MA,31769.600000000002,2979334.4000000004,23.142805298493922,23.636363636363633,47,74
proxy,005930.KS,2019-12-13,54700.0,18.892296730229305,2019-12-16,54500.0,231.0,231.0,False,50685.0,25179.0,12614679.0,2020-02-24,2020-02-25,56200.0,EXIT_MA,25964.4,341556.5999999996,2.707612298339099,3.119266055045866,46,71
proxy,011070.KS,2020-01-09,145500.0,29.908640416124072,2020-01-10,146000.0,82.0,89.0,True,135780.0,23944.0,11995944.0,2020-02-24,2020-02-25,143000.0,EXIT_MA,23452.0,-293396.0,-2.445793344817215,-2.0547945205479423,30,46
proxy,036570.KS,2020-02-19,687000.0,30.48413703750811,2020-02-20,700000.0,18.0,19.0,True,651000.0,25200.0,12625200.0,,2020-02-25,651000.0,STOP,23436.0,-930636.0,-7.371257485029941,-6.999999999999995,4,5
proxy,000660.KS,2019-12-13,87900.0,18.48567541746223,2019-12-16,87200.0,144.0,144.0,False,81096.0,25113.600000000002,12581913.6,2020-02-26,2020-02-27,94700.0,EXIT_MA,27273.600000000002,1027612.8000000007,8.167380834660959,8.600917431192666,48,73
proxy,007810.KS,2020-02-07,12300.0,79.51320127732596,2020-02-10,12350.0,1022.0,1075.0,True,11485.5,25243.4,12646943.4,,2020-02-28,11200.0,STOP,22892.8,-1223436.2000000011,-9.673769869168554,-9.311740890688258,15,18
proxy,011790.KS,2020-01-07,52200.0,32.17578336232127,2020-01-08,51600.0,247.0,247.0,False,47988.0,25490.4,12770690.4,2020-02-28,2020-03-02,52000.0,EXIT_MA,25688.0,47621.59999999963,0.37289761562146734,0.7751937984496138,36,54
proxy,035720.KS,2020-01-07,32000.0,30.508817000859533,2020-01-08,31700.0,404.0,404.0,False,29480.999999999996,25613.600000000002,12832413.6,2020-03-11,2020-03-12,33400.0,EXIT_MA,26987.2,634199.2000000011,4.9421661409043205,5.362776025236604,44,64
proxy,000990.KS,2020-05-26,32700.0,76.51516795473837,2020-05-27,32150.0,379.0,379.0,False,29899.499999999996,24369.7,12209219.7,,2020-05-28,29899.499999999996,STOP,22663.820999999996,-899973.0210000016,-7.371257485029953,-7.000000000000006,2,1
proxy,006400.KS,2020-05-26,388000.0,47.74337550949003,2020-05-27,378000.0,32.0,32.0,False,351540.0,24192.0,12120192.0,,2020-05-28,351540.0,STOP,22498.56,-893410.5600000005,-7.371257485029944,-6.999999999999995,2,1
proxy,011200.KS,2020-06-04,5520.0,56.10767479246061,2020-06-05,5520.0,2229.0,2229.0,False,5133.599999999999,24608.16,12328688.16,,2020-06-08,5133.599999999999,STOP,22885.588799999998,-908779.3488000017,-7.371257485029954,-7.000000000000006,2,3
proxy,039490.KS,2020-06-02,89400.0,23.14738636504236,2020-06-03,91900.0,136.0,136.0,False,85467.0,24996.8,12523396.8,,2020-06-12,83100.0,STOP,22603.2,-1244400.0,-9.936601226274327,-9.575625680087052,8,9
proxy,097950.KS,2020-06-10,329500.0,21.035006762751312,2020-06-11,327500.0,37.0,37.0,False,304575.0,24235.0,12141735.0,,2020-06-12,304575.0,STOP,22538.55,-894998.5500000007,-7.371257485029946,-6.999999999999995,2,1
proxy,039490.KS,2020-06-18,96600.0,33.3492197849175,2020-06-19,97900.0,133.0,133.0,False,91047.0,26041.4,13046741.4,,2020-06-25,91047.0,STOP,24218.502,-961708.9020000007,-7.371257485029946,-6.999999999999995,5,6
proxy,003230.KS,2020-06-17,137000.0,58.339909240995105,2020-06-18,137500.0,95.0,95.0,False,127874.99999999999,26125.0,13088625.0,,2020-06-29,127500.0,STOP,24225.0,-1000350.0,-7.642896026129558,-7.272727272727275,8,11
proxy,281820.KS,2020-07-06,24100.0,21.254818553723975,2020-07-07,24400.0,445.0,543.0,True,22692.0,21716.0,10879716.0,,2020-07-15,22692.0,STOP,20195.88,-801971.8800000008,-7.371257485029947,-6.999999999999995,7,8
proxy,001440.KS,2020-07-20,6584.70459,16.536723494239645,2020-07-21,6851.089844,1.0,2007.0,True,6371.5135549199995,13.702179688000001,6864.792023688,,2020-07-21,6371.5135549199995,STOP,12.74302710984,-506.0214958778406,-7.371257485029949,-7.000000000000006,1,0
proxy,011070.KS,2020-06-11,167000.0,39.45903020898138,2020-06-12,159500.0,76.0,76.0,False,148335.0,24244.0,12146244.0,2020-07-23,2020-07-24,158500.0,EXIT_MA,24092.0,-124336.0,-1.0236580131273503,-0.6269592476489061,30,42
proxy,207940.KS,2020-06-04,988901.1875,71.7411637430253,2020-06-05,981294.25,12.0,12.0,False,912603.6525,23551.062,11799082.062,2020-07-31,2020-08-03,1107569.375,EXIT_MA,26581.665,1465168.773,12.417650502819258,12.868222248321537,41,59
proxy,068270.KS,2020-06-01,183373.1719,36.692685826197675,2020-06-02,185388.25,66.0,66.0,False,172411.07249999998,24471.249,12260095.749,2020-08-12,2020-08-13,243825.8594,EXIT_MA,32185.0134408,3800225.9579591993,30.996707005890766,31.52174390771798,52,72
proxy,011790.KS,2020-08-12,91000.0,67.32199515352654,2020-08-13,93500.0,21.0,168.0,True,86955.0,3927.0,1967427.0,,2020-08-14,86955.0,STOP,3652.11,-145024.1100000001,-7.371257485029946,-6.999999999999995,2,1
proxy,005070.KS,2020-08-03,15668.29492,58.673045667708564,2020-08-04,15619.02344,847.0,917.0,True,14525.6917992,26458.625707360003,13255771.479387362,,2020-08-18,14525.6917992,STOP,24606.521907844803,-977117.0473728068,-7.371257485029954,-7.000000000000006,10,14
proxy,011200.KS,2020-08-06,6430.0,67.92539739020714,2020-08-07,6500.0,1.0,2340.0,True,6045.0,13.0,6513.0,,2020-08-18,6045.0,STOP,12.09,-480.09000000000015,-7.3712574850299415,-6.999999999999995,7,11
proxy,004370.KS,2020-06-17,375000.0,40.00716819294847,2020-06-18,379500.0,34.0,34.0,False,352935.0,25806.0,12928806.0,2020-08-18,2020-08-19,366500.0,EXIT_MA,24922.0,-492728.0,-3.8110866540962873,-3.4255599472990728,43,62
proxy,192820.KS,2020-08-14,112995.7969,13.326214339211214,2020-08-18,111521.9375,16.0,132.0,True,103715.401875,3568.702,1787919.702,,2020-08-20,103715.401875,STOP,3318.89286,-131792.16486000014,-7.371257485029947,-7.000000000000006,3,2
proxy,042700.KS,2020-07-13,4465.0,11.203639580304461,2020-07-14,4435.0,4.0,3054.0,True,4124.549999999999,35.480000000000004,17775.48,2020-08-27,2020-08-28,4900.0,EXIT_MA,39.2,1785.3199999999997,10.043723151217293,10.484780157835406,32,45
proxy,207940.KS,2020-08-12,1282528.75,77.07054678990544,2020-08-13,1273400.5,11.0,11.0,False,1184262.4649999999,28014.811,14035420.311,,2020-08-31,1184262.4649999999,STOP,26053.77423,-1034586.970230002,-7.371257485029954,-7.000000000000006,12,18
proxy,011070.KS,2020-09-02,169000.0,16.304417325050043,2020-09-03,168500.0,92.0,92.0,False,156705.0,31004.0,15533004.0,2020-09-03,2020-09-04,155500.0,EXIT_MA,28612.0,-1255616.0,-8.083536191711532,-7.71513353115727,1,1
proxy,035420.KS,2020-06-22,270000.0,69.56210389995707,2020-06-23,272000.0,41.0,48.0,True,252959.99999999997,22304.0,11174304.0,2020-09-14,2020-09-15,304000.0,EXIT_MA,24928.0,1264768.0,11.318539391804626,11.764705882352944,59,84
proxy,001440.KS,2020-09-04,6992.606934,13.982709067998039,2020-09-07,7408.833496,998.0,2369.0,True,6890.21515128,14788.031658016,7408803.860666016,,2020-09-17,6890.21515128,STOP,13752.869441954881,-546122.009130531,-7.3712574850299415,-7.000000000000006,9,10
proxy,051910.KS,2020-06-04,417500.0,15.313246544686784,2020-06-05,421500.0,29.0,29.0,False,391995.0,24447.0,12247947.0,2020-09-17,2020-09-18,653000.0,EXIT_MA,37874.0,6651179.0,54.304439756311815,54.92289442467377,74,105
proxy,066970.KS,2020-09-18,43758.35547,99.66246789945454,2020-09-21,43949.85547,357.0,357.0,False,40873.3655871,31380.196805580003,15721478.59959558,,2020-09-21,40873.3655871,STOP,29183.5830291894,-1158870.6680300701,-7.371257485029944,-7.000000000000006,1,0
proxy,035720.KS,2020-06-23,56300.0,86.81391659195519,2020-06-24,56300.0,2.0,234.0,True,52359.0,225.20000000000002,112825.2,2020-09-22,2020-09-23,71700.0,EXIT_MA,286.8,30288.000000000015,26.845066527690637,27.353463587921855,64,91
proxy,251270.KS,2020-09-03,194500.0,92.34921206957189,2020-09-04,188500.0,83.0,83.0,False,175305.0,31291.0,15676791.0,,2020-09-23,175305.0,STOP,29100.63,-1155576.6300000008,-7.371257485029946,-6.999999999999995,14,19
proxy,003670.KS,2020-06-09,60441.94141,8.280184711475773,2020-06-10,60250.97266,204.0,204.0,False,56033.4045738,24582.39684528,12315780.819485279,2020-09-24,2020-09-25,75242.10156,EXIT_MA,30698.77743648,3002909.1213182397,24.382612562958407,24.881140068220752,76,107
proxy,000100.KS,2020-07-24,46482.69141,17.095970332034984,2020-07-27,47469.93359,253.0,284.0,True,44147.0382387,24019.786396540003,12033912.984666541,2020-09-24,2020-09-25,51665.71484,EXIT_MA,26142.851709040002,1011370.0181444194,8.404332152252508,8.838818453463947,43,60
proxy,000990.KS,2020-07-15,31850.0,54.49856369144476,2020-07-16,32100.0,313.0,417.0,True,29852.999999999996,20094.600000000002,10067394.6,2020-09-25,2020-09-28,37050.0,EXIT_MA,23193.3,1506062.0999999996,14.959800026115989,15.420560747663558,51,74
proxy,026960.KS,2020-09-21,30000.0,61.51865473707014,2020-09-22,30000.0,514.0,514.0,False,27899.999999999996,30840.0,15450840.0,,2020-10-06,27899.999999999996,STOP,28681.199999999997,-1138921.2000000011,-7.371257485029947,-7.000000000000018,8,14
proxy,192820.KS,2020-10-12,123804.0859,28.86386462287075,2020-10-13,123312.8047,125.0,125.0,False,114680.90837099998,30828.201175,15444928.788674999,,2020-10-15,114680.90837099998,STOP,28670.227092749996,-1138485.4693927523,-7.371257485029956,-7.000000000000006,3,2
proxy,011780.KS,2020-10-08,141000.0,77.97019700787314,2020-10-12,139000.0,110.0,110.0,False,129269.99999999999,30580.0,15320580.0,,2020-10-19,129269.99999999999,STOP,28439.399999999998,-1129319.4000000022,-7.371257485029954,-7.000000000000006,6,7
proxy,112610.KS,2020-07-06,22250.10156,30.582539482053285,2020-07-07,22534.14453,588.0,588.0,False,20956.7544129,26500.153967280003,13276577.13760728,2020-10-19,2020-10-20,46157.125,EXIT_MA,54280.779,13809531.58339272,104.01424584259591,104.83193821070249,70,105
proxy,103140.KS,2020-10-22,27700.0,13.840894488718824,2020-10-23,27800.0,519.0,519.0,False,25854.0,28856.4,14457056.4,,2020-10-27,25854.0,STOP,26836.452,-1065666.852,-7.371257485029939,-6.999999999999995,3,4
proxy,011780.KS,2020-11-05,154000.0,96.76702557824626,2020-11-06,153000.0,101.0,101.0,False,142290.0,30906.0,15483906.0,,2020-11-10,142290.0,STOP,28742.58,-1141358.58,-7.371257485029941,-6.999999999999995,3,4
proxy,036570.KS,2020-11-04,837000.0,15.489116690128157,2020-11-05,847000.0,18.0,18.0,False,787710.0,30492.0,15276492.0,2020-11-10,2020-11-11,783000.0,EXIT_MA,28188.0,-1210680.0,-7.92511788701228,-7.5560802833530065,4,6
proxy,051910.KS,2020-11-06,720000.0,57.26337446157584,2020-11-09,739000.0,10.0,21.0,True,687270.0,14780.0,7404780.0,,2020-11-11,687270.0,STOP,13745.4,-545825.4000000004,-7.371257485029944,-6.999999999999995,3,2
proxy,112610.KS,2020-11-09,61779.53516,168.12897691658972,2020-11-10,60832.72266,2.0,264.0,True,56574.432073799995,243.33089064,121908.77621064,,2020-11-12,56574.432073799995,STOP,226.2977282952,-8986.209791335219,-7.371257485029956,-7.000000000000006,3,2
proxy,009830.KS,2020-08-25,37937.72656,85.47103594026562,2020-08-26,37991.38672,398.0,398.0,False,35331.9896496,30241.143829120003,15150813.058389122,2020-12-04,2020-12-07,48401.45312,EXIT_MA,38527.55668352,4074437.726687355,26.892535146365017,27.40112246158093,69,103
proxy,008930.KS,2020-12-04,72747.28125,68.35715305739247,2020-12-07,71616.5,228.0,228.0,False,66603.345,32657.124,16361219.124,,2020-12-23,66603.345,STOP,30371.12532,-1206027.5893200003,-7.3712574850299415,-6.999999999999995,13,16
proxy,068270.KS,2020-11-11,238989.6406,18.090337318205236,2020-11-12,237780.5938,13.0,66.0,True,221135.952234,6182.2954388,3097330.0148388,2021-01-15,2021-01-18,269256.2812,EXIT_MA,7000.663311200001,396000.9774500001,12.785236818576786,13.237281855925808,44,67
proxy,207940.KS,2020-11-04,1115176.25,21.65664062017425,2020-11-05,1166903.375,13.0,13.0,False,1085220.13875,30339.48775,15200083.36275,2021-01-18,2021-01-19,1195809.75,EXIT_MA,31091.0535,314352.3337500002,2.068096116632926,2.4771866822306476,50,75
proxy,047040.KS,2021-01-19,6490.0,50.48403568922014,2021-01-20,6610.0,4.0,3119.0,True,6147.299999999999,52.88,26492.88,,2021-01-26,6147.299999999999,STOP,49.178399999999996,-1952.8584000000046,-7.371257485029957,-7.000000000000006,5,6
proxy,082740.KS,2020-12-04,6402.106445,52.01984996048037,2020-12-07,6417.914062,446.0,2594.0,True,5968.66007766,5724.779343304,2868114.450995304,,2021-01-28,5943.684082,STOP,5301.766201144,-222533.11662444845,-7.758864592981084,-7.38916064345394,36,52
proxy,028260.KS,2020-12-23,137000.0,1.2738619839391507,2020-12-24,138000.0,109.0,128.0,True,128339.99999999999,30084.0,15072084.0,,2021-01-29,128339.99999999999,STOP,27978.119999999995,-1111002.120000001,-7.371257485029947,-7.000000000000006,24,36
proxy,272210.KS,2020-12-28,15221.68652,64.91413033351475,2020-12-29,15221.68652,2.0,1151.0,True,14156.168463599999,60.88674608,30504.259786079998,,2021-01-29,14156.168463599999,STOP,56.6246738544,-2248.5475327343993,-7.371257485029939,-7.000000000000006,22,31
proxy,011200.KS,2020-10-21,7600.0,72.53718569249564,2020-10-22,7690.0,1911.0,1911.0,False,7151.7,29391.18,14724981.18,2021-01-29,2021-02-01,13350.0,EXIT_MA,51023.700000000004,10735845.120000001,72.9090583462464,73.60208062418725,69,102
proxy,020150.KS,2021-02-03,79000.0,31.956238086689236,2021-02-04,78500.0,262.0,262.0,False,73005.0,41134.0,20608134.0,,2021-02-08,73005.0,STOP,38254.62,-1519078.620000001,-7.371257485029944,-6.999999999999995,3,4
proxy,022100.KS,2020-12-29,7850.0,20.92348217470372,2020-12-30,7770.0,1.0,2308.0,True,7226.099999999999,15.540000000000001,7785.54,2021-02-09,2021-02-10,7800.0,EXIT_MA,15.6,-1.1400000000003274,-0.014642529612593698,0.38610038610038533,28,42
proxy,006280.KS,2020-10-23,269000.0,67.6354394695964,2020-10-26,272500.0,53.0,53.0,False,253424.99999999997,28885.0,14471385.0,2021-02-18,2021-02-19,408000.0,EXIT_MA,43248.0,7109367.0,49.12706696698346,49.72477064220185,79,116
proxy,023590.KS,2021-01-27,27650.0,6.346558269630837,2021-01-28,27250.0,1.0,757.0,True,25342.5,54.5,27304.5,,2021-02-19,25342.5,STOP,50.685,-2012.6850000000013,-7.371257485029944,-6.999999999999995,15,22
proxy,066970.KS,2020-11-05,40167.67969,47.02563947379083,2020-11-06,40407.05859,388.0,388.0,False,37578.564488699994,31355.87746584,15709294.61038584,2021-02-23,2021-02-24,67887.6875,EXIT_MA,52680.8455,10578447.29411416,67.33877972547833,68.0094762374041,73,110
proxy,000240.KS,2021-02-03,20600.0,11.314719393978013,2021-02-04,20500.0,1007.0,1007.0,False,19065.0,41287.0,20684787.0,,2021-02-24,19065.0,STOP,38396.91,-1524728.9100000001,-7.371257485029941,-6.999999999999995,13,20
proxy,010060.KS,2021-02-15,109609.3281,74.6753131209209,2021-02-16,109609.3281,174.0,185.0,True,101936.675133,38144.0461788,19110167.1355788,,2021-02-24,101936.675133,STOP,35473.962946283995,-1408659.6253830865,-7.371257485029953,-7.000000000000006,7,8
proxy,006400.KS,2020-11-05,484000.0,43.35395586091942,2020-11-06,494000.0,32.0,32.0,False,459419.99999999994,31616.0,15839616.0,2021-02-24,2021-02-25,704000.0,EXIT_MA,45056.0,6643328.0,41.94121877702086,42.510121457489866,74,111
proxy,000270.KS,2020-11-11,58100.0,36.142966621699046,2020-11-12,58600.0,272.0,272.0,False,54497.99999999999,31878.4,15971078.4,2021-02-24,2021-02-25,76500.0,EXIT_MA,41616.0,4795305.6,30.024933069015546,30.546075085324233,70,105
proxy,307950.KS,2020-11-13,81000.0,66.22393989240997,2020-11-16,81200.0,1.0,199.0,True,75516.0,162.4,81362.4,2021-02-24,2021-02-25,130500.0,EXIT_MA,261.0,48876.600000000006,60.072711719418315,60.71428571428572,68,101
proxy,012450.KS,2021-01-18,42986.64062,9.315980961015292,2021-01-19,44152.94531,429.0,448.0,True,41062.2391383,37883.22707598,18979496.76506598,,2021-02-26,41062.2391383,STOP,35231.4011806614,-1399027.57591594,-7.3712574850299335,-7.000000000000006,27,38
proxy,000990.KS,2020-12-24,42950.0,20.5223008136772,2020-12-28,43300.0,1.0,407.0,True,40269.0,86.60000000000001,43386.6,2021-03-02,2021-03-03,55800.0,EXIT_MA,111.60000000000001,12301.800000000003,28.353915725131728,28.86836027713626,42,65
proxy,026960.KS,2021-02-05,38500.0,39.994293767023606,2021-02-08,39300.0,20.0,542.0,True,36549.0,1572.0,787572.0,,2021-03-05,36549.0,STOP,1461.96,-58053.95999999996,-7.371257485029934,-6.999999999999995,17,25
proxy,000660.KS,2021-02-25,148500.0,31.57843957544254,2021-02-26,143500.0,124.0,124.0,False,133455.0,35588.0,17829588.0,,2021-03-09,133455.0,STOP,33096.840000000004,-1314264.8399999999,-7.371257485029939,-6.999999999999995,7,11
proxy,267260.KS,2021-03-17,21550.0,45.09884091244909,2021-03-18,21850.0,875.0,875.0,False,20320.5,38237.5,19156987.5,,2021-03-18,20320.5,STOP,35560.875,-1412110.875,-7.371257485029941,-6.999999999999995,1,0
proxy,204320.KS,2021-03-18,71900.0,78.96894701104202,2021-03-19,70700.0,260.0,260.0,False,65751.0,36764.0,18418764.0,2021-03-19,2021-03-22,73800.0,EXIT_MA,38376.0,730860.0,3.9680187009291177,4.384724186704392,1,3
proxy,267270.KS,2021-03-16,52769.07031,63.554141923861216,2021-03-17,52873.5625,358.0,358.0,False,49172.413125,37857.47075,18966592.84575,,2021-03-22,49172.413125,STOP,35207.4477975,-1398076.3947975002,-7.3712574850299415,-7.000000000000006,4,5
proxy,267270.KS,2021-03-29,57471.26562,118.8732132587239,2021-03-30,58829.67578,62.0,347.0,True,54711.598475399995,7294.87979672,3654734.77815672,,2021-04-01,54711.598475399995,STOP,6784.2382109496,-269399.9108928698,-7.371257485029946,-7.000000000000006,3,2
proxy,011780.KS,2021-03-29,260000.0,170.10096207225715,2021-03-30,266000.0,76.0,76.0,False,247379.99999999997,40432.0,20256432.0,,2021-04-05,247379.99999999997,STOP,37601.759999999995,-1493153.7600000054,-7.371257485029966,-7.000000000000006,5,6
proxy,272210.KS,2021-03-31,19615.11719,99.20663254306919,2021-04-01,19615.11719,1.0,1008.0,True,18242.058986699998,39.230234380000006,19654.34742438,,2021-04-08,18242.058986699998,STOP,36.4841179734,-1448.7725556534024,-7.371257485029951,-7.000000000000018,6,7
proxy,034220.KS,2021-04-05,23015.04688,37.7926737437735,2021-04-06,23015.04688,813.0,852.0,True,21403.9935984,37422.46622688,18748655.57966688,2021-05-11,2021-05-12,21798.80469,EXIT_MA,35444.85642594,-1061672.2231228203,-5.66265788291623,-5.284552303288637,25,36
proxy,103590.KS,2021-04-27,4014.052246,10.918588318976452,2021-04-28,4014.052246,1.0,5641.0,True,3733.06858878,8.028104492,4022.080350492,,2021-05-13,3733.06858878,STOP,7.46613717756,-296.47789888956004,-7.3712574850299415,-7.000000000000006,11,15
proxy,001430.KS,2021-05-11,34350.0,172.67476695556482,2021-05-12,34350.0,513.0,727.0,True,31945.499999999996,35243.1,17656793.1,,2021-05-14,31945.499999999996,STOP,32776.083,-1301527.683000004,-7.371257485029961,-7.000000000000006,3,2
proxy,001120.KS,2020-11-10,18200.0,13.476925571452114,2020-11-11,18250.0,887.0,887.0,False,16972.5,32375.5,16220125.5,2021-05-28,2021-05-31,31900.0,EXIT_MA,56590.6,12018583.899999999,74.09673803078773,74.7945205479452,135,201
proxy,004020.KS,2021-03-26,46400.0,48.7013131303468,2021-03-29,47150.0,430.0,430.0,False,43849.5,40549.0,20315049.0,2021-06-07,2021-06-08,52000.0,EXIT_MA,44720.0,2000231.0,9.846055502991895,10.286320254506887,49,71
proxy,000150.KS,2021-06-07,103000.0,98.8147579555381,2021-06-08,102500.0,217.0,262.0,True,95325.0,44485.0,22286985.0,,2021-06-08,95325.0,STOP,41371.05,-1642831.0500000007,-7.371257485029943,-6.999999999999995,1,0
proxy,009540.KS,2021-03-26,132000.0,7.910810513851979,2021-03-29,133500.0,151.0,151.0,False,124154.99999999999,40317.0,20198817.0,2021-06-08,2021-06-09,139500.0,EXIT_MA,42129.0,823554.0,4.077238780865236,4.494382022471921,50,72
proxy,073240.KS,2021-06-09,7040.0,61.4774618332867,2021-06-10,7030.0,1.0,3590.0,True,6537.9,14.06,7044.06,,2021-06-15,6537.9,STOP,13.0758,-519.2358000000004,-7.371257485029944,-7.000000000000006,4,5
proxy,082740.KS,2021-03-26,6979.086426,51.63229796402309,2021-03-29,7113.45166,2859.0,2859.0,False,6615.510043799999,40674.71659188,20378033.01253188,2021-06-15,2021-06-16,7405.893555,EXIT_MA,42346.89934749,753069.761865627,3.695497801002244,4.1111110186415445,55,79
proxy,002380.KS,2021-03-26,229500.0,8.833513159302687,2021-03-29,230500.0,86.0,86.0,False,214365.0,39646.0,19862646.0,2021-06-16,2021-06-17,307000.0,EXIT_MA,52804.0,6486550.0,32.65702867583705,33.1887201735358,56,80
proxy,241560.KS,2021-03-26,39550.0,20.395817828640624,2021-03-29,40550.0,504.0,504.0,False,37711.5,40874.4,20478074.4,2021-06-17,2021-06-18,47150.0,EXIT_MA,47527.200000000004,3237998.4000000022,15.812025763516136,16.276202219482116,57,81
proxy,042700.KS,2020-11-16,6275.0,23.61833205430825,2020-11-17,6250.0,5.0,2548.0,True,5812.5,62.5,31312.5,2021-06-21,2021-06-22,16525.0,EXIT_MA,165.25,51147.25,163.34451097804393,164.4,147,217
proxy,011200.KS,2021-02-25,18400.0,178.00546166793833,2021-02-26,17900.0,1000.0,1000.0,False,16647.0,35800.0,17935800.0,2021-06-24,2021-06-25,42100.0,EXIT_MA,84200.0,24080000.0,134.2566264119805,135.19553072625698,82,119
proxy,073240.KS,2021-06-22,7890.0,87.93954216168387,2021-06-23,7940.0,5.0,3326.0,True,7384.2,79.4,39779.4,,2021-06-25,7384.2,STOP,73.842,-2932.2419999999984,-7.371257485029936,-7.000000000000006,3,2
proxy,001430.KS,2021-06-24,34400.0,148.7856050272048,2021-06-25,35500.0,741.0,741.0,False,33015.0,52611.0,26358111.0,,2021-06-29,33015.0,STOP,48928.23,-1942924.2300000004,-7.3712574850299415,-6.999999999999995,3,4
proxy,047040.KS,2021-04-08,7000.0,50.54781460625488,2021-04-09,7000.0,4.0,2860.0,True,6510.0,56.0,28056.0,2021-06-30,2021-07-01,7970.0,EXIT_MA,63.76,3760.2400000000016,13.40262332477902,13.857142857142858,57,83
proxy,096770.KS,2021-06-24,277979.6875,46.62770720539421,2021-06-25,281294.625,55.0,91.0,True,261604.00124999997,30942.408750000002,15502146.78375,,2021-07-01,261604.00124999997,STOP,28776.440137499998,-1142703.1551375017,-7.371257485029951,-7.000000000000006,5,6
proxy,073240.KS,2021-06-29,8160.0,97.28168685389404,2021-06-30,8200.0,2972.0,3124.0,True,7625.999999999999,48740.8,24419140.8,,2021-07-02,7625.999999999999,STOP,45328.943999999996,-1799997.7440000027,-7.371257485029951,-7.000000000000006,3,2
proxy,011210.KS,2021-06-21,98600.0,69.56759516533806,2021-06-22,98900.0,1.0,255.0,True,91977.0,197.8,99097.8,,2021-07-08,91977.0,STOP,183.954,-7304.754000000001,-7.371257485029941,-6.999999999999995,13,16
proxy,042700.KS,2021-07-02,17925.0,134.0370733739738,2021-07-05,17975.0,1257.0,1394.0,True,16716.75,45189.15,22639764.15,,2021-07-09,16716.75,STOP,42025.9095,-1668835.3094999976,-7.371257485029931,-6.999999999999995,5,4
proxy,005850.KS,2021-05-25,32200.0,68.9540998649016,2021-05-26,32150.0,508.0,741.0,True,29899.499999999996,32664.4,16364864.4,2021-07-19,2021-07-20,31950.0,EXIT_MA,32461.2,-166725.59999999963,-1.0188022089568896,-0.6220839813374845,39,55
proxy,000270.KS,2021-05-28,84700.0,44.866173897217614,2021-05-31,85100.0,41.0,282.0,True,79143.0,6978.2,3496078.2,2021-07-19,2021-07-20,85100.0,EXIT_MA,6978.2,-13956.400000000373,-0.3992015968063979,0.0,36,50
proxy,004800.KS,2021-07-15,153432.6406,42.95943130323491,2021-07-16,155266.5,135.0,160.0,True,144397.845,41921.955,21002899.455,,2021-07-20,144397.845,STOP,38987.41815,-1548177.7981499992,-7.371257485029938,-6.999999999999995,3,4
proxy,020560.KS,2021-05-26,17200.0,3.117852643746172,2021-05-27,17200.0,1.0,1376.0,True,15995.999999999998,34.4,17234.4,2021-07-20,2021-07-21,17000.0,EXIT_MA,34.0,-268.40000000000146,-1.5573504154481819,-1.1627906976744207,39,55
proxy,001440.KS,2021-05-28,14026.83594,61.40020606482837,2021-05-31,14484.68555,1704.0,1704.0,False,13470.757561499999,49363.808354400004,24731267.9855544,2021-07-23,2021-07-26,21643.7832,EXIT_MA,73762.01314560001,12075976.574099999,48.82878055890061,49.42528869741325,40,56
proxy,034020.KS,2021-05-31,19098.85938,124.52718822457753,2021-06-01,19386.7832,1.0,1269.0,True,18029.708376,38.77356640000001,19425.5567664,2021-07-26,2021-07-27,21978.08594,EXIT_MA,43.95617188,2508.5730017200003,12.913776587649881,13.366336814454073,40,56
proxy,307950.KS,2021-06-08,122000.0,56.186021254102556,2021-06-09,122000.0,212.0,212.0,False,113459.99999999999,51728.0,25915728.0,2021-07-27,2021-07-28,120500.0,EXIT_MA,51092.0,-420820.0,-1.623801577173522,-1.2295081967213073,35,49
proxy,052690.KS,2021-04-01,23000.0,5.78109581845151,2021-04-02,23050.0,147.0,839.0,True,21436.5,6776.7,3395126.7,2021-07-29,2021-07-30,54000.0,EXIT_MA,15876.0,4526997.3,133.33809604218894,134.27331887201737,83,119
proxy,035720.KS,2021-06-15,144500.0,69.24979100831872,2021-06-16,144000.0,146.0,173.0,True,133920.0,42048.0,21066048.0,2021-08-02,2021-08-03,146000.0,EXIT_MA,42632.0,207320.0,0.9841428254601906,1.388888888888884,34,48
proxy,028670.KS,2021-06-16,7430.0,45.224612725364494,2021-06-17,7540.0,3396.0,3396.0,False,7012.2,51211.68,25657051.68,2021-08-02,2021-08-03,7290.0,EXIT_MA,49513.68,-949725.3599999994,-3.701615336965324,-3.3156498673740042,33,47
proxy,097950.KS,2021-08-04,492500.0,4.7002782611493155,2021-08-05,492000.0,48.0,48.0,False,457559.99999999994,47232.0,23663232.0,2021-08-10,2021-08-11,463000.0,EXIT_MA,44448.0,-1483680.0,-6.2699803644743035,-5.894308943089433,4,6
proxy,064350.KS,2021-08-06,26600.0,21.84053785440005,2021-08-09,27000.0,890.0,890.0,False,25110.0,48060.0,24078060.0,,2021-08-11,24800.0,STOP,44144.0,-2050204.0,-8.514822207436978,-8.148148148148149,3,2
proxy,017800.KS,2021-08-06,55900.0,4.646028731321191,2021-08-09,56200.0,423.0,423.0,False,52266.0,47545.200000000004,23820145.2,,2021-08-11,52000.0,STOP,43992.0,-1868137.1999999993,-7.84267763405573,-7.473309608540923,3,2
proxy,353200.KS,2021-08-09,17400.0,7.7508156446271625,2021-08-10,17450.0,1383.0,1383.0,False,16228.499999999998,48266.700000000004,24181616.7,,2021-08-11,16228.499999999998,STOP,44888.030999999995,-1782489.2310000025,-7.37125748502995,-7.000000000000006,2,1
proxy,007810.KS,2021-08-09,16700.0,1.487222914622646,2021-08-10,16800.0,755.0,1441.0,True,15623.999999999998,25368.0,12709368.0,,2021-08-12,15623.999999999998,STOP,23592.239999999998,-936840.2400000021,-7.371257485029957,-7.000000000000006,3,2
proxy,028050.KS,2021-06-08,21150.0,37.43221481114176,2021-06-09,21350.0,737.0,1225.0,True,19855.5,31469.9,15766419.9,2021-08-13,2021-08-17,22900.0,EXIT_MA,33754.6,1077125.4999999981,6.831769715837634,7.259953161592514,48,69
proxy,081660.KS,2021-08-04,55600.0,13.16622480532299,2021-08-05,55600.0,425.0,425.0,False,51708.0,47260.0,23677260.0,,2021-08-17,51708.0,STOP,43951.8,-1745311.8000000007,-7.371257485029943,-6.999999999999995,8,12
proxy,011790.KS,2021-06-17,145000.0,42.665337671366096,2021-06-18,145000.0,163.0,172.0,True,134850.0,47270.0,23682270.0,2021-08-17,2021-08-18,152500.0,EXIT_MA,49715.0,1125515.0,4.752563837841558,5.1724137931034475,42,61
proxy,047050.KS,2021-06-25,23750.0,18.54917274420171,2021-06-28,23950.0,8.0,1087.0,True,22273.5,383.2,191983.2,2021-08-17,2021-08-18,22550.0,EXIT_MA,360.8,-11944.0,-6.221377703882423,-5.845511482254695,36,51
proxy,120110.KS,2021-06-16,67900.0,34.3078982136519,2021-06-17,67400.0,11.0,371.0,True,62681.99999999999,1482.8,742882.8,2021-08-19,2021-08-20,73400.0,EXIT_MA,1614.8,62902.39999999991,8.467338320391844,8.902077151335309,45,64
proxy,000720.KS,2021-08-31,55500.0,20.404493942491847,2021-09-01,54200.0,405.0,405.0,False,50406.0,43902.0,21994902.0,2021-09-01,2021-09-02,54000.0,EXIT_MA,43740.0,-168642.0,-0.7667322182203857,-0.36900369003689537,1,1
proxy,006400.KS,2021-08-05,771000.0,23.359637848314467,2021-08-06,775000.0,30.0,30.0,False,720750.0,46500.0,23296500.0,2021-09-02,2021-09-03,757000.0,EXIT_MA,45420.0,-631920.0,-2.712510462945078,-2.3225806451612874,19,28
proxy,000150.KS,2021-09-01,100000.0,60.382321453839396,2021-09-02,100000.0,226.0,226.0,False,93000.0,45200.0,22645200.0,2021-09-02,2021-09-03,95700.0,EXIT_MA,43256.4,-1060256.3999999985,-4.682035928143706,-4.300000000000004,1,1
proxy,006360.KS,2021-08-31,44750.0,13.861921003495098,2021-09-01,44550.0,503.0,503.0,False,41431.5,44817.3,22453467.3,2021-09-28,2021-09-29,42200.0,EXIT_MA,42453.200000000004,-1269320.5,-5.653115766222886,-5.274971941638606,17,28
proxy,016360.KS,2021-09-02,50300.0,16.79305844522186,2021-09-03,50500.0,445.0,445.0,False,46965.0,44945.0,22517445.0,,2021-09-29,46965.0,STOP,41798.85,-1659818.8500000015,-7.371257485029947,-6.999999999999995,16,26
proxy,005070.KS,2021-07-01,28281.76367,50.580746518331686,2021-07-02,28281.76367,507.0,895.0,True,26302.040213099997,28677.70836138,14367531.88905138,2021-10-06,2021-10-07,44048.60156,EXIT_MA,44665.28198184,7920443.819886779,55.12737943475502,55.74913245854163,64,97
proxy,002380.KS,2021-09-01,385000.0,73.57136680479744,2021-09-02,386500.0,58.0,58.0,False,359445.0,44834.0,22461834.0,2021-10-06,2021-10-07,376500.0,EXIT_MA,43674.0,-668508.0,-2.976195087186558,-2.587322121604141,21,35
proxy,085620.KS,2021-09-08,4790.0,4.800324314775592,2021-09-09,4775.0,1.0,4896.0,True,4440.75,9.55,4784.55,2021-10-21,2021-10-22,4590.0,EXIT_MA,9.18,-203.73000000000047,-4.258080697244265,-3.874345549738223,26,43
proxy,018670.KS,2021-09-06,126500.0,4.477253465452363,2021-09-07,127500.0,181.0,181.0,False,118574.99999999999,46155.0,23123655.0,2021-10-27,2021-10-28,140000.0,EXIT_MA,50680.0,2165665.0,9.365582560369457,9.80392156862746,32,51
proxy,120110.KS,2021-09-07,90000.0,78.59435849080127,2021-09-08,90700.0,260.0,260.0,False,84351.0,47164.0,23629164.0,2021-10-27,2021-10-28,89800.0,EXIT_MA,46696.0,-327860.0,-1.38752263939596,-0.9922822491730932,31,50
proxy,035250.KS,2021-09-02,28300.0,2.274704567702024,2021-09-03,28600.0,792.0,792.0,False,26598.0,45302.4,22696502.4,2021-10-28,2021-10-29,27850.0,EXIT_MA,44114.4,-683416.799999997,-3.0111106458411716,-2.622377622377625,35,56
proxy,036460.KS,2021-09-06,37700.0,8.504916188398909,2021-09-07,37800.0,608.0,608.0,False,35154.0,45964.8,23028364.8,2021-11-11,2021-11-12,42500.0,EXIT_MA,51680.0,2759955.1999999993,11.985024659675354,12.43386243386244,43,66
proxy,138040.KS,2021-08-31,28750.0,115.34928232083253,2021-09-01,28800.0,783.0,783.0,False,26784.0,45100.8,22595500.8,2021-11-17,2021-11-18,34300.0,EXIT_MA,53713.8,4207685.3999999985,18.621784209359053,19.097222222222232,51,78
proxy,093370.KS,2021-09-07,18700.0,76.50910746600236,2021-09-08,18500.0,207.0,1254.0,True,17205.0,7659.0,3837159.0,2021-12-07,2021-12-08,22100.0,EXIT_MA,9149.4,728391.5999999996,18.98257538976101,19.45945945945946,60,91
proxy,003670.KS,2023-03-07,260500.0,68.06037005023467,2023-03-08,259000.0,88.0,88.0,False,240869.99999999997,45584.0,22837584.0,,2023-03-09,240869.99999999997,STOP,42393.119999999995,-1683417.1200000048,-7.371257485029961,-7.000000000000006,2,1
proxy,006400.KS,2023-03-06,781000.0,30.349714963030323,2023-03-07,779000.0,29.0,29.0,False,724470.0,45182.0,22636182.0,,2023-03-10,722000.0,STOP,41876.0,-1740058.0,-7.6870648946010425,-7.317073170731703,4,3
proxy,112610.KS,2023-03-07,76300.0,18.178326491473427,2023-03-08,75000.0,302.0,302.0,False,69750.0,45300.0,22695300.0,,2023-03-13,69750.0,STOP,42129.0,-1672929.0,-7.371257485029941,-6.999999999999995,4,5
proxy,005070.KS,2023-03-06,97557.30469,87.63487879970609,2023-03-07,94601.02344,234.0,234.0,False,87978.9517992,44273.27896992,22180912.763929922,,2023-03-14,87978.9517992,STOP,41174.149442025606,-1635012.1923591457,-7.371257485029941,-6.999999999999995,6,7
proxy,051910.KS,2023-03-07,740000.0,19.908423861586943,2023-03-08,727000.0,31.0,31.0,False,676110.0,45074.0,22582074.0,,2023-03-21,676110.0,STOP,41918.82,-1664582.8200000003,-7.3712574850299415,-6.999999999999995,10,13
proxy,012450.KS,2023-03-06,107077.8359,59.73505124732805,2023-03-07,107077.8359,214.0,214.0,False,99582.387387,45829.31376520001,22960486.196365204,,2023-03-22,99582.387387,STOP,42621.261801636,-1692476.5573488437,-7.371257485029973,-7.000000000000006,12,15
proxy,005490.KS,2023-03-31,368000.0,32.84858072997295,2023-04-03,385000.0,61.0,61.0,False,358050.0,46970.0,23531970.0,,2023-04-05,358050.0,STOP,43682.1,-1734602.1000000015,-7.371257485029946,-6.999999999999995,3,2
proxy,028050.KS,2023-03-31,31700.0,32.51357331542129,2023-04-03,31900.0,708.0,708.0,False,29666.999999999996,45170.4,22630370.4,,2023-04-07,29666.999999999996,STOP,42008.471999999994,-1668142.8720000014,-7.371257485029947,-7.000000000000006,5,4
proxy,009150.KS,2023-04-05,157800.0,8.541667995612803,2023-04-06,157000.0,138.0,144.0,True,146010.0,43332.0,21709332.0,2023-04-18,2023-04-19,147800.0,EXIT_MA,40792.8,-1353724.8000000007,-6.23568150323557,-5.859872611464967,9,13
proxy,001040.KS,2023-03-31,104300.0,25.013716899173982,2023-04-03,104300.0,215.0,215.0,False,96999.0,44849.0,22469349.0,,2023-04-24,96999.0,STOP,41709.57,-1656273.5700000003,-7.3712574850299415,-6.999999999999995,16,21
proxy,103140.KS,2023-04-19,45100.0,44.837612988335565,2023-04-20,46850.0,1.0,579.0,True,43570.5,93.7,46943.7,,2023-04-25,43570.5,STOP,87.141,-3460.3410000000003,-7.3712574850299415,-6.999999999999995,4,5
proxy,005830.KS,2023-04-18,81700.0,22.451102292352786,2023-04-19,80800.0,251.0,316.0,True,75144.0,40561.6,20321361.6,,2023-05-15,75144.0,STOP,37722.288,-1497939.8880000003,-7.371257485029941,-6.999999999999995,17,26
proxy,006260.KS,2023-03-28,80700.0,27.08045084649401,2023-03-29,80300.0,273.0,273.0,False,74679.0,43843.8,21965743.8,2023-05-19,2023-05-22,82400.0,EXIT_MA,44990.4,484465.80000000075,2.2055515370255785,2.6151930261519407,36,54
proxy,281820.KS,2023-05-19,19640.0,7.7453808098614045,2023-05-22,19690.0,758.0,1197.0,True,18311.699999999997,29850.04,14954870.04,2023-05-25,2023-05-26,19360.0,EXIT_MA,29349.760000000002,-309339.7999999989,-2.06848872088225,-1.6759776536312887,4,4
proxy,022100.KS,2023-03-31,9500.0,48.81577314024762,2023-04-03,9950.0,2363.0,2363.0,False,9253.5,47023.700000000004,23558873.7,2023-05-31,2023-06-01,11500.0,EXIT_MA,54349.0,3561277.3000000007,15.116500667007696,15.57788944723617,40,59
proxy,138040.KS,2023-04-11,44300.0,37.2855250385827,2023-04-12,44300.0,475.0,523.0,True,41199.0,42085.0,21084585.0,2023-06-12,2023-06-13,44100.0,EXIT_MA,41895.0,-178980.0,-0.8488666008840108,-0.4514672686230292,40,62
proxy,373220.KS,2023-05-31,599000.0,17.143428043126978,2023-06-01,595000.0,41.0,41.0,False,553350.0,48790.0,24443790.0,2023-06-19,2023-06-20,561000.0,EXIT_MA,46002.0,-1488792.0,-6.0906757912745935,-5.714285714285716,12,19
proxy,004370.KS,2023-03-31,379000.0,15.585628554074477,2023-04-03,372500.0,59.0,59.0,False,346425.0,43955.0,22021455.0,2023-06-20,2023-06-21,414500.0,EXIT_MA,48911.0,2385134.0,10.830955538587254,11.275167785234895,53,79
proxy,003670.KS,2023-04-03,288500.0,95.6271690471002,2023-04-04,289000.0,80.0,80.0,False,268770.0,46240.0,23166240.0,2023-06-28,2023-06-29,351000.0,EXIT_MA,56160.0,4857600.0,20.968443735366638,21.45328719723183,58,86
proxy,281820.KS,2023-07-03,22200.0,20.894950473484293,2023-07-04,22500.0,1243.0,1404.0,True,20925.0,55935.0,28023435.0,,2023-07-10,20925.0,STOP,52019.55,-2065679.5500000007,-7.371257485029943,-6.999999999999995,5,6
proxy,005070.KS,2023-03-22,122685.7031,153.07131514508353,2023-03-23,120714.8438,177.0,177.0,False,112264.80473399999,42733.054705200004,21409260.4073052,2023-07-13,2023-07-14,188216.625,EXIT_MA,66628.68525,11838453.532444801,55.29594814216618,55.91837679203457,77,113
proxy,307950.KS,2023-07-14,159000.0,27.354289450897713,2023-07-17,157800.0,161.0,225.0,True,146754.0,50811.6,25456611.6,,2023-07-19,146754.0,STOP,47254.788,-1876472.3880000003,-7.371257485029941,-6.999999999999995,3,2
proxy,281820.KS,2023-07-17,23600.0,27.16651001497532,2023-07-18,23900.0,4.0,1536.0,True,22227.0,191.20000000000002,95791.2,,2023-07-19,22227.0,STOP,177.816,-7061.016000000003,-7.371257485029943,-6.999999999999995,2,1
proxy,005930.KS,2023-05-26,70300.0,9.213521041266926,2023-05-30,71300.0,205.0,349.0,True,66309.0,29233.0,14645733.0,2023-07-21,2023-07-24,70100.0,EXIT_MA,28741.0,-303974.0,-2.0755123693706556,-1.6830294530154277,38,55
proxy,009420.KS,2023-07-21,23150.0,23.71889374575458,2023-07-24,23350.0,614.0,1582.0,True,21715.5,28673.8,14365573.8,,2023-07-26,21715.5,STOP,26666.634000000002,-1058923.4340000004,-7.3712574850299415,-6.999999999999995,3,2
proxy,047050.KS,2023-07-26,85100.0,249.39320457354592,2023-07-27,85100.0,156.0,450.0,True,79143.0,26551.2,13302151.2,,2023-07-27,79143.0,STOP,24692.616,-980535.8159999996,-7.371257485029938,-6.999999999999995,1,0
proxy,241560.KS,2023-03-28,42500.0,24.407244406284207,2023-03-29,42450.0,519.0,519.0,False,39478.5,44063.1,22075613.1,2023-07-27,2023-07-28,56300.0,EXIT_MA,58439.4,7085647.5,32.09717196937103,32.62661955241462,83,121
proxy,012450.KS,2023-04-03,113964.5859,61.48666414738159,2023-04-04,115519.6562,8.0,202.0,True,107433.28026599999,1848.3144992,926005.5640992,2023-07-28,2023-07-31,130403.9141,EXIT_MA,2086.4626256,115139.28607519995,12.4339734596741,12.884610627849158,80,118
proxy,000660.KS,2023-07-27,124000.0,27.660964368615343,2023-07-28,126200.0,44.0,290.0,True,117365.99999999999,11105.6,5563905.6,,2023-08-03,117365.99999999999,STOP,10328.207999999999,-410129.8080000002,-7.371257485029944,-7.000000000000006,5,6
proxy,009420.KS,2023-08-03,24750.0,36.24230687472812,2023-08-04,25300.0,203.0,1472.0,True,23529.0,10271.800000000001,5146171.8,,2023-08-07,23529.0,STOP,9552.774,-379337.574,-7.371257485029941,-6.999999999999995,2,3
proxy,267270.KS,2023-06-19,76280.03906,42.32206694656536,2023-06-20,78369.90625,292.0,370.0,True,72884.01281249999,45768.02525,22929780.65025,2023-08-07,2023-08-08,79310.34375,EXIT_MA,46317.240750000004,182522.4840000011,0.7960062365359396,1.1999982455000113,35,49
proxy,103590.KS,2023-06-13,8633.286133,58.02503492578327,2023-06-14,8567.09375,2435.0,3224.0,True,7967.3971875,41721.746562500004,20902595.0278125,2023-08-08,2023-08-09,9143.907227,EXIT_MA,44530.828195489994,1318288.241737008,6.306816163174596,6.732895586674292,40,56
proxy,003670.KS,2023-07-19,480000.0,135.90050148861857,2023-07-20,462000.0,51.0,72.0,True,429660.0,47124.0,23609124.0,,2023-08-14,429660.0,STOP,43825.32,-1740289.3200000003,-7.3712574850299415,-6.999999999999995,18,25
proxy,010140.KS,2023-07-28,8890.0,57.68708442838037,2023-07-31,8940.0,122.0,4261.0,True,8314.199999999999,2181.36,1092861.36,,2023-08-17,8314.199999999999,STOP,2028.6647999999998,-80557.62480000022,-7.37125748502996,-7.000000000000018,13,17
proxy,007660.KS,2023-05-19,10340.0,36.020869827402656,2023-05-22,10360.0,2275.0,2275.0,False,9634.8,47138.0,23616138.0,2023-08-25,2023-08-28,32100.0,EXIT_MA,146055.0,49265307.0,208.60865142302268,209.84555984555985,67,98
proxy,281820.KS,2023-09-01,23100.0,26.586647087447535,2023-09-04,23700.0,1809.0,1809.0,False,22041.0,85746.6,42959046.6,,2023-09-06,22041.0,STOP,79744.338,-3166621.938000001,-7.3712574850299415,-6.999999999999995,3,2
proxy,010120.KS,2023-06-05,13820.0,23.73809463688113,2023-06-07,13820.0,2.0,1873.0,True,12852.599999999999,55.28,27695.28,2023-09-07,2023-09-08,18500.0,EXIT_MA,74.0,9230.720000000001,33.32957818083082,33.86396526772793,66,93
proxy,005490.KS,2023-07-13,431500.0,39.80553486518916,2023-07-14,430500.0,78.0,78.0,False,400365.0,67158.0,33646158.0,2023-09-13,2023-09-14,533000.0,EXIT_MA,83148.0,7844694.0,23.315274213477807,23.809523809523814,43,62
proxy,042700.KS,2023-05-19,25950.0,81.291810204282,2023-05-22,25950.0,906.0,906.0,False,24133.5,47021.4,23557721.4,2023-09-19,2023-09-20,49300.0,EXIT_MA,89331.6,21018747.0,89.22232606078786,89.98073217726397,84,121
proxy,005930.KS,2023-09-01,71000.0,7.511609157146601,2023-09-04,72900.0,588.0,588.0,False,67797.0,85730.40000000001,42950930.4,2023-09-21,2023-09-22,68300.0,EXIT_MA,80320.8,-2870851.1999999955,-6.684025638708854,-6.310013717421126,14,18
proxy,103590.KS,2023-09-15,12737.16992,99.76274910077743,2023-09-18,12737.16992,3215.0,3215.0,False,11845.5680256,81900.0025856,41031901.2953856,,2023-09-22,11845.5680256,STOP,76167.00240460799,-3024567.095486209,-7.3712574850299415,-7.000000000000006,5,4
proxy,298040.KS,2023-06-02,88300.0,13.681960496760906,2023-06-05,88200.0,30.0,289.0,True,82026.0,5292.0,2651292.0,2023-09-25,2023-09-26,168700.0,EXIT_MA,10122.0,2399586.0,90.50628900928302,91.26984126984128,79,113
proxy,009420.KS,2023-09-11,27050.0,49.91160311877985,2023-09-12,26900.0,570.0,1615.0,True,25017.0,30666.0,15363666.0,,2023-09-26,25017.0,STOP,28519.38,-1132495.3800000008,-7.371257485029946,-6.999999999999995,11,14
proxy,192820.KS,2023-07-27,103400.0,50.560484010631,2023-07-28,102900.0,348.0,348.0,False,95697.0,71618.40000000001,35880818.4,2023-10-04,2023-10-05,126500.0,EXIT_MA,88044.0,8053137.6000000015,22.444130204120434,22.934888241010686,44,69
proxy,307950.KS,2023-08-30,174900.0,44.263846067100346,2023-08-31,176000.0,233.0,233.0,False,163680.0,82016.0,41090016.0,2023-10-16,2023-10-17,173300.0,EXIT_MA,80757.8,-791873.799999997,-1.9271683904917365,-1.5340909090909127,28,47
proxy,138040.KS,2023-07-20,47150.0,34.972657987539826,2023-07-21,47250.0,1.0,771.0,True,43942.5,94.5,47344.5,2023-10-17,2023-10-18,51700.0,EXIT_MA,103.4,4252.0999999999985,8.981191057039357,9.417989417989414,57,89
proxy,005830.KS,2023-09-15,94000.0,30.65656531117089,2023-09-18,93000.0,4.0,435.0,True,86490.0,744.0,372744.0,,2023-10-23,86490.0,STOP,691.92,-27475.919999999984,-7.371257485029936,-6.999999999999995,21,35
proxy,022100.KS,2023-06-20,14970.0,124.63674940015592,2023-06-21,14700.0,1658.0,1897.0,True,13670.999999999998,48745.200000000004,24421345.2,2023-10-25,2023-10-26,44000.0,EXIT_MA,145904.0,48384750.8,198.1248387578584,199.31972789115648,85,127
proxy,018670.KS,2023-09-19,147400.0,18.108626391999373,2023-09-20,147400.0,270.0,270.0,False,137082.0,79596.0,39877596.0,2023-11-17,2023-11-20,145700.0,EXIT_MA,78678.0,-617274.0,-1.5479217954863678,-1.1533242876526462,38,61
proxy,010140.KS,2023-11-22,7960.0,23.12174286703018,2023-11-23,7970.0,4720.0,4720.0,False,7412.099999999999,75236.8,37693636.8,2023-11-24,2023-11-27,7670.0,EXIT_MA,72404.8,-1563641.599999994,-4.14829062076598,-3.7641154328732718,2,4
proxy,298040.KS,2023-11-29,212000.0,108.12530257213741,2023-11-30,212500.0,178.0,178.0,False,197625.0,75650.0,37900650.0,,2023-12-05,197625.0,STOP,70354.5,-2793754.5,-7.371257485029941,-6.999999999999995,4,5
proxy,229640.KS,2023-11-30,16800.0,99.97142403786853,2023-12-01,16640.0,2243.0,2243.0,False,15475.199999999999,74647.04000000001,37398167.04,,2023-12-05,15475.199999999999,STOP,69421.74719999998,-2756715.1872000024,-7.371257485029947,-7.000000000000006,3,4
proxy,071970.KS,2023-11-28,11520.0,69.6097264791419,2023-11-29,11710.0,3268.0,3268.0,False,10890.3,76536.56,38344816.56,,2023-12-07,10890.3,STOP,71179.0008,-2826495.1608000025,-7.371257485029946,-7.000000000000006,7,8
proxy,307950.KS,2023-11-28,184000.0,39.458298229086815,2023-11-29,183000.0,204.0,204.0,False,170190.0,74664.0,37406664.0,,2023-12-07,170190.0,STOP,69437.52,-2757341.5200000033,-7.371257485029949,-6.999999999999995,7,8
proxy,085620.KS,2023-09-08,4350.0,38.39991358099902,2023-09-11,4370.0,9896.0,9896.0,False,4064.1,86491.04000000001,43332011.04,2023-12-07,2023-12-08,4945.0,EXIT_MA,97871.44,5505837.520000003,12.70616661414015,13.157894736842103,59,88
proxy,079550.KS,2023-12-12,133600.0,62.250872059356425,2023-12-13,131800.0,268.0,268.0,False,122573.99999999999,70644.8,35393044.8,,2023-12-14,122573.99999999999,STOP,65699.66399999999,-2608912.4640000015,-7.371257485029944,-7.000000000000006,2,1
proxy,010140.KS,2023-11-28,8160.0,25.10756274364349,2023-11-29,8220.0,4614.0,4614.0,False,7644.599999999999,75854.16,38002934.16,,2023-12-18,7644.599999999999,STOP,70544.3688,-2801294.1287999973,-7.3712574850299335,-7.000000000000006,14,19
proxy,079550.KS,2023-12-18,138100.0,69.56382272053015,2023-12-19,140000.0,258.0,258.0,False,130199.99999999999,72240.0,36192240.0,,2023-12-26,130199.99999999999,STOP,67183.19999999998,-2667823.2000000067,-7.371257485029958,-7.000000000000006,5,7
proxy,229640.KS,2023-12-21,22400.0,186.66556945149276,2023-12-22,21950.0,1.0,1617.0,True,20413.5,43.9,21993.9,,2023-12-27,20413.5,STOP,40.827,-1621.2270000000026,-7.371257485029951,-6.999999999999995,3,5
proxy,016360.KS,2023-12-14,40100.0,11.06962221876651,2023-12-15,40200.0,892.0,892.0,False,37386.0,71716.8,35930116.8,2023-12-27,2023-12-28,38100.0,EXIT_MA,67970.4,-2012887.1999999955,-5.602228379062758,-5.223880597014929,8,13
proxy,022100.KS,2023-12-26,71400.0,476.747685333471,2023-12-27,72600.0,460.0,501.0,True,67518.0,66792.0,33462792.0,,2024-01-03,67518.0,STOP,62116.56,-2466628.5599999987,-7.371257485029936,-6.999999999999995,4,7
proxy,009420.KS,2023-12-27,44300.0,113.42665609487692,2023-12-28,44000.0,771.0,801.0,True,40920.0,67848.0,33991848.0,,2024-01-04,40920.0,STOP,63098.64,-2505626.6400000006,-7.3712574850299415,-6.999999999999995,4,7
proxy,402340.KS,2023-11-28,50200.0,20.3295888298028,2023-11-29,50300.0,750.0,750.0,False,46779.0,75450.0,37800450.0,2024-01-08,2024-01-09,49350.0,EXIT_MA,74025.0,-861975.0,-2.280329996071475,-1.88866799204771,26,41
proxy,028260.KS,2023-12-14,134000.0,20.03038855135452,2023-12-15,132700.0,267.0,267.0,False,123410.99999999999,70861.8,35501761.8,,2024-01-10,123410.99999999999,STOP,65901.47399999999,-2616926.274,-7.3712574850299415,-7.000000000000006,16,26
proxy,281820.KS,2024-01-03,31100.0,51.905397295238195,2024-01-04,30750.0,1006.0,1139.0,True,28597.499999999996,61869.0,30996369.0,,2024-01-16,28597.499999999996,STOP,57538.16999999999,-2284822.1700000055,-7.371257485029958,-7.000000000000018,9,12
proxy,000660.KS,2023-12-14,136700.0,35.835610703560995,2023-12-15,137000.0,261.0,261.0,False,127409.99999999999,71514.0,35828514.0,2024-01-16,2024-01-17,133800.0,EXIT_MA,69843.6,-976557.6000000015,-2.7256436033043445,-2.335766423357666,20,33
proxy,000270.KS,2023-12-20,95000.0,20.682693760910908,2023-12-21,94300.0,31.0,381.0,True,87699.0,5846.6,2929146.6,,2024-01-17,87699.0,STOP,5437.338,-215914.93800000008,-7.371257485029943,-6.999999999999995,17,27
proxy,018260.KS,2023-11-29,166200.0,26.09334575162854,2023-11-30,166100.0,227.0,227.0,False,154473.0,75409.40000000001,37780109.4,,2024-01-24,154473.0,STOP,70130.742,-2784869.141999997,-7.3712574850299335,-6.999999999999995,37,55
proxy,272210.KS,2023-12-22,17110.0,31.265195473104455,2023-12-26,17200.0,1.0,2123.0,True,15995.999999999998,34.4,17234.4,2024-01-25,2024-01-26,16380.0,EXIT_MA,32.76,-887.1600000000017,-5.14761175323772,-4.767441860465116,21,31
proxy,161890.KS,2023-12-14,54300.0,18.201350922313964,2023-12-15,54100.0,659.0,659.0,False,50313.0,71303.8,35723203.8,2024-01-29,2024-01-30,51000.0,EXIT_MA,67218.0,-2181421.799999997,-6.1064562188008376,-5.7301293900184795,29,46
proxy,028260.KS,2024-02-01,148700.0,32.86258528448799,2024-02-02,152900.0,234.0,234.0,False,142197.0,71557.2,35850157.2,,2024-02-02,142197.0,STOP,66548.196,-2642607.3960000016,-7.371257485029944,-6.999999999999995,1,0
proxy,175330.KS,2024-02-01,12580.0,23.962515578952388,2024-02-02,12460.0,2772.0,2772.0,False,11587.8,69078.24,34608198.24,,2024-02-05,11587.8,STOP,64242.763199999994,-2551059.4032000042,-7.371257485029951,-7.000000000000006,2,3
proxy,139130.KS,2024-02-01,9800.0,24.956280225306383,2024-02-02,9820.0,3559.0,3559.0,False,9132.599999999999,69898.76,35019278.76,,2024-02-14,9132.599999999999,STOP,65005.84679999999,-2581361.2068000026,-7.371257485029949,-7.000000000000018,7,12
proxy,180640.KS,2023-12-12,56900.0,29.63638566834269,2023-12-13,56900.0,629.0,629.0,False,52917.0,71580.2,35861680.2,2024-02-14,2024-02-15,70900.0,EXIT_MA,89192.2,8645227.599999994,24.107145989216626,24.604569420035148,41,64
proxy,281820.KS,2024-02-14,35300.0,72.07978924333514,2024-02-15,35300.0,991.0,991.0,False,32829.0,69964.6,35052264.6,,2024-02-22,32829.0,STOP,65067.078,-2583792.678000003,-7.371257485029949,-6.999999999999995,6,7
proxy,000120.KS,2023-12-20,125300.0,50.576248891993444,2023-12-21,124300.0,289.0,289.0,False,115598.99999999999,71845.40000000001,35994545.4,2024-02-22,2024-02-23,129000.0,EXIT_MA,74562.0,1211892.6000000015,3.3668784715364164,3.7811745776347605,41,64
proxy,088350.KS,2024-02-01,3355.0,20.88638480414222,2024-02-02,3470.0,8367.0,10396.0,True,3227.1,58066.98,29091556.98,,2024-02-26,3227.1,STOP,54002.2914,-2144413.5714000016,-7.371257485029946,-7.000000000000006,15,24
proxy,105560.KS,2024-02-02,66300.0,20.612103973772268,2024-02-05,65000.0,509.0,535.0,True,60449.99999999999,66170.0,33151170.0,,2024-02-26,60449.99999999999,STOP,61538.09999999999,-2443658.100000005,-7.371257485029956,-7.000000000000006,14,21
proxy,032830.KS,2024-02-22,92100.0,28.384129207852972,2024-02-23,94500.0,329.0,390.0,True,87885.0,62181.0,31152681.0,,2024-02-26,87885.0,STOP,57828.33,-2296344.329999998,-7.371257485029934,-6.999999999999995,2,3
proxy,000660.KS,2024-02-22,156500.0,36.75565157481992,2024-02-23,166900.0,230.0,230.0,False,155217.0,76774.0,38463774.0,,2024-02-27,155217.0,STOP,71399.82,-2835263.8200000003,-7.371257485029941,-6.999999999999995,3,4
proxy,272210.KS,2024-02-27,17160.0,14.51484718718469,2024-02-28,17230.0,1022.0,2050.0,True,16023.9,35218.12,17644278.12,2024-02-29,2024-03-04,16660.0,EXIT_MA,34053.04,-651811.1600000001,-3.6941786768888227,-3.3081834010446842,2,5
proxy,000270.KS,2024-02-29,124500.0,46.00904793548995,2024-03-04,124500.0,136.0,285.0,True,115784.99999999999,33864.0,16965864.0,,2024-03-20,115784.99999999999,STOP,31493.519999999997,-1250597.5200000014,-7.371257485029949,-7.000000000000006,13,16
proxy,024110.KS,2024-02-05,13630.0,22.247845938333718,2024-02-06,13580.0,2360.0,2543.0,True,12629.4,64097.6,32112897.6,2024-03-29,2024-04-01,13500.0,EXIT_MA,63720.0,-316617.6000000015,-0.985951513761877,-0.589101620029453,36,55
proxy,071050.KS,2024-02-14,67200.0,12.239866436805306,2024-02-15,67800.0,521.0,521.0,False,63053.99999999999,70647.6,35394447.6,2024-03-29,2024-04-01,67400.0,EXIT_MA,70230.8,-349278.3999999985,-0.9868169266187345,-0.5899705014749235,31,46
proxy,005940.KS,2024-02-16,11580.0,10.45198805683124,2024-02-19,11590.0,3.0,3080.0,True,10778.699999999999,69.54,34839.54,2024-04-01,2024-04-02,11220.0,EXIT_MA,67.32000000000001,-1246.8600000000006,-3.578864703724563,-3.1924072476272602,30,43
proxy,029780.KS,2024-02-23,38000.0,15.192347614756901,2024-02-26,38000.0,1.0,956.0,True,35340.0,76.0,38076.0,2024-04-02,2024-04-03,36300.0,EXIT_MA,72.60000000000001,-1848.5999999999985,-4.855026788528203,-4.473684210526319,26,37
proxy,175330.KS,2024-02-27,13610.0,38.755113083000246,2024-02-28,12960.0,2585.0,2585.0,False,12052.8,67003.2,33568603.2,2024-04-02,2024-04-03,12380.0,EXIT_MA,64004.6,-1630307.8000000045,-4.856644735220929,-4.475308641975307,24,35
proxy,001040.KS,2024-03-29,129800.0,35.94550685115333,2024-04-01,128300.0,298.0,298.0,False,119318.99999999999,76466.8,38309866.8,,2024-04-03,119318.99999999999,STOP,71114.12399999998,-2823918.9240000024,-7.371257485029947,-7.000000000000006,3,2
proxy,028260.KS,2024-02-15,158600.0,35.35271441617505,2024-02-16,157300.0,41.0,219.0,True,146289.0,12898.6,6462198.6,2024-04-03,2024-04-04,152000.0,EXIT_MA,12464.0,-242662.59999999963,-3.755108981020788,-3.3693579148124653,33,48
proxy,003690.KS,2024-03-07,6958.333496,15.859176701099074,2024-03-08,6991.666504,4.0,5345.0,True,6502.249848719999,55.933332032,28022.599348032,2024-04-04,2024-04-05,6608.333496,EXIT_MA,52.866667968,-1642.1320319999977,-5.860027514240299,-5.482712995259298,20,28
proxy,103590.KS,2024-04-04,23200.0,145.30036224389866,2024-04-05,23500.0,1475.0,1711.0,True,21855.0,69325.0,34731825.0,,2024-04-05,21855.0,STOP,64472.25,-2560172.25,-7.371257485029941,-6.999999999999995,1,0
proxy,281820.KS,2024-02-27,39200.0,80.01143033682197,2024-02-28,39000.0,897.0,897.0,False,36270.0,69966.0,35052966.0,2024-04-09,2024-04-11,36800.0,EXIT_MA,66019.2,-2109385.1999999993,-6.0177081733967945,-5.641025641025643,29,43
proxy,138040.KS,2024-02-01,70000.0,39.88457069786993,2024-02-02,69400.0,498.0,498.0,False,64541.99999999999,69122.4,34630322.4,2024-04-12,2024-04-15,76800.0,EXIT_MA,76492.8,3539584.8000000045,10.221056446185452,10.662824207492804,47,73
proxy,005930.KS,2024-03-29,82400.0,9.29701565634757,2024-04-01,83200.0,342.0,470.0,True,77376.0,56908.8,28511308.8,,2024-04-19,77376.0,STOP,52925.184,-2101641.984000001,-7.371257485029943,-6.999999999999995,14,18
proxy,298040.KS,2024-04-04,307000.0,155.74368444244848,2024-04-05,302000.0,129.0,129.0,False,280860.0,77916.0,39035916.0,,2024-04-22,280860.0,STOP,72461.88,-2877437.8800000027,-7.371257485029947,-6.999999999999995,11,17
proxy,000500.KS,2024-04-29,27444.44531,135.31108400724816,2024-04-30,27944.44531,1461.0,1461.0,False,25988.334138299997,81653.66919582001,40908488.267105825,,2024-05-03,25988.334138299997,STOP,75937.91235211259,-3015470.0034016445,-7.371257485029968,-7.000000000000006,3,3
proxy,402340.KS,2024-02-01,53600.0,24.626205689974007,2024-02-02,54500.0,650.0,650.0,False,50685.0,70850.0,35495850.0,2024-05-03,2024-05-07,76300.0,EXIT_MA,99190.0,13999960.0,39.44111776447106,39.99999999999999,61,95
proxy,272210.KS,2024-04-29,20350.0,29.061224136092505,2024-04-30,20150.0,1970.0,1970.0,False,18739.5,79391.0,39774891.0,,2024-05-09,18739.5,STOP,73833.63,-2931909.6300000027,-7.371257485029947,-6.999999999999995,6,9
proxy,012450.KS,2024-02-26,184609.2969,49.88803354986872,2024-02-27,185608.9844,193.0,193.0,False,172616.35549199997,71645.0679784,35894179.05717839,2024-05-17,2024-05-20,230483.9219,EXIT_MA,88966.7938534,8500251.0756682,23.681419380361216,24.177136492106154,54,83
proxy,103140.KS,2024-05-02,72700.0,77.82412658228662,2024-05-03,73000.0,65.0,547.0,True,67890.0,9490.0,4754490.0,,2024-05-23,66600.0,STOP,8658.0,-434148.0,-9.131326388319252,-8.76712328767123,13,20
proxy,011780.KS,2024-05-17,154400.0,8.792459926166273,2024-05-20,158800.0,27.0,257.0,True,147684.0,8575.2,4296175.2,,2024-05-23,147684.0,STOP,7974.936000000001,-316682.1360000004,-7.371257485029949,-6.999999999999995,4,3
proxy,068270.KS,2024-05-07,169544.7344,9.359302974679466,2024-05-08,170416.8906,44.0,239.0,True,158487.708258,14996.686372800003,7513339.872772801,2024-05-23,2024-05-24,159253.4375,EXIT_MA,14014.3025,-520202.92527280096,-6.9237241237806515,-6.550672917863931,11,16
proxy,021240.KS,2024-05-07,59300.0,11.668989360738497,2024-05-08,59000.0,685.0,685.0,False,54869.99999999999,80830.0,40495830.0,2024-05-24,2024-05-27,56700.0,EXIT_MA,77679.0,-1734009.0,-4.28194458540546,-3.898305084745768,12,19
proxy,071050.KS,2024-05-08,69100.0,11.461651810331823,2024-05-09,69100.0,1.0,591.0,True,64262.99999999999,138.20000000000002,69238.2,2024-05-27,2024-05-28,66500.0,EXIT_MA,133.0,-2871.199999999997,-4.146843794321628,-3.76266280752533,12,19
proxy,007660.KS,2024-05-21,53000.0,148.8310891339144,2024-05-22,53000.0,2.0,786.0,True,49290.0,212.0,106212.0,,2024-05-28,49290.0,STOP,197.16,-7829.1600000000035,-7.371257485029943,-6.999999999999995,5,6
proxy,047810.KS,2024-05-28,58600.0,10.469191637516193,2024-05-29,58100.0,3.0,748.0,True,54033.0,348.6,174648.6,,2024-05-30,54033.0,STOP,324.198,-12873.79800000001,-7.371257485029946,-6.999999999999995,2,1
proxy,000500.KS,2024-05-09,31611.11133,183.89933219544506,2024-05-10,31944.44531,1153.0,1282.0,True,29708.334138299997,73663.89088486,36905609.33331486,,2024-05-31,29708.334138299997,STOP,68507.41852291979,-2720407.4903778806,-7.371257485029943,-7.000000000000006,15,21
proxy,097950.KS,2024-05-27,371500.0,12.15630129385144,2024-05-28,372000.0,31.0,115.0,True,345960.0,23064.0,11555064.0,,2024-06-04,345960.0,STOP,21449.52,-851753.5199999996,-7.371257485029936,-6.999999999999995,6,7
proxy,281820.KS,2024-06-07,43800.0,59.91786508834819,2024-06-10,44000.0,900.0,900.0,False,40920.0,79200.0,39679200.0,,2024-06-11,40920.0,STOP,73656.0,-2924856.0,-7.371257485029941,-6.999999999999995,2,1
proxy,073240.KS,2024-04-29,6740.0,28.905778672250094,2024-04-30,6940.0,5949.0,5949.0,False,6454.2,82572.12,41368632.12,2024-06-13,2024-06-14,6750.0,EXIT_MA,80311.5,-1293193.6199999973,-3.1260246078448226,-2.737752161383289,29,45
proxy,042700.KS,2024-06-13,189000.0,243.1613996192541,2024-06-14,190200.0,216.0,216.0,False,176886.0,82166.40000000001,41165366.4,,2024-06-19,176886.0,STOP,76414.75200000001,-3034405.151999995,-7.371257485029928,-6.999999999999995,4,5
proxy,281820.KS,2024-06-20,48150.0,68.49199203045936,2024-06-21,46800.0,2.0,861.0,True,43524.0,187.20000000000002,93787.2,,2024-06-24,43524.0,STOP,174.096,-6913.296000000002,-7.371257485029943,-6.999999999999995,2,3
proxy,002380.KS,2024-05-03,280500.0,16.53581308320884,2024-05-07,280000.0,140.0,140.0,False,260399.99999999997,78400.0,39278400.0,2024-06-24,2024-06-25,284000.0,EXIT_MA,79520.0,402080.0,1.0236669518106645,1.4285714285714235,33,49
proxy,298040.KS,2024-05-17,370500.0,158.52657565773518,2024-05-20,373000.0,107.0,107.0,False,346890.0,79822.0,39990822.0,,2024-06-28,346890.0,STOP,74234.46,-2947826.460000001,-7.3712574850299415,-6.999999999999995,29,39
proxy,229640.KS,2024-04-30,30300.0,175.0257307821624,2024-05-02,30000.0,1298.0,1298.0,False,27899.999999999996,77880.0,39017880.0,2024-07-01,2024-07-02,30900.0,EXIT_MA,80216.40000000001,1010103.6000000015,2.588822355289425,3.0000000000000027,40,61
proxy,036460.KS,2024-06-13,51800.0,87.52689857709241,2024-06-14,52200.0,682.0,788.0,True,48546.0,71200.8,35671600.8,,2024-07-02,48546.0,STOP,66216.744,-2629445.543999996,-7.371257485029929,-6.999999999999995,13,18
proxy,079550.KS,2024-06-19,211000.0,79.18532382518568,2024-06-20,209500.0,181.0,195.0,True,194835.0,75839.0,37995339.0,,2024-07-02,194835.0,STOP,70530.27,-2800734.2700000033,-7.371257485029949,-6.999999999999995,9,12
proxy,000100.KS,2024-07-01,83800.0,18.294767756735567,2024-07-02,83200.0,480.0,487.0,True,77376.0,79872.0,40015872.0,,2024-07-02,77376.0,STOP,74280.96,-2949672.960000001,-7.3712574850299415,-6.999999999999995,1,0
proxy,021240.KS,2024-06-25,62100.0,16.755140257294524,2024-06-26,61000.0,651.0,656.0,True,56729.99999999999,79422.0,39790422.0,,2024-07-05,56729.99999999999,STOP,73862.45999999999,-2933054.4600000083,-7.371257485029961,-7.000000000000018,8,9
proxy,294870.KS,2024-06-26,18590.0,27.295385182796718,2024-06-27,18590.0,1.0,2200.0,True,17288.699999999997,37.18,18627.18,2024-07-08,2024-07-09,17600.0,EXIT_MA,35.2,-1062.380000000001,-5.703386127153982,-5.3254437869822535,8,12
proxy,175330.KS,2024-07-05,15860.0,38.07407447262244,2024-07-08,15710.0,2341.0,2523.0,True,14610.3,73554.22,36850664.22,,2024-07-09,14610.3,STOP,68405.4246,-2716357.3445999995,-7.371257485029939,-7.000000000000006,2,1
proxy,007660.KS,2024-06-28,58700.0,85.15272993820189,2024-07-01,58400.0,633.0,708.0,True,54312.0,73934.40000000001,37041134.4,,2024-07-12,54312.0,STOP,68758.992,-2730397.391999997,-7.3712574850299335,-6.999999999999995,10,11
proxy,281820.KS,2024-07-09,52400.0,72.06224307391336,2024-07-10,51900.0,656.0,763.0,True,48267.0,68092.8,34114492.8,,2024-07-17,48267.0,STOP,63326.304000000004,-2514667.1039999984,-7.371257485029936,-6.999999999999995,6,7
proxy,402340.KS,2024-06-07,87500.0,57.54608410189098,2024-06-10,88100.0,61.0,450.0,True,81933.0,10748.2,5384848.2,2024-07-18,2024-07-19,88200.0,EXIT_MA,10760.4,-15408.600000000559,-0.28614734209221643,0.11350737797957144,29,39
proxy,267260.KS,2024-01-05,90300.0,68.98232503160585,2024-01-08,90200.0,348.0,393.0,True,83886.0,62779.200000000004,31452379.2,2024-07-22,2024-07-23,298500.0,EXIT_MA,207756.0,72217864.8,229.61018096844006,230.9312638580931,133,197
proxy,011790.KS,2024-05-27,135600.0,37.34531149347779,2024-05-28,133700.0,317.0,317.0,False,124340.99999999999,84765.8,42467665.8,2024-07-22,2024-07-23,148000.0,EXIT_MA,93832.0,4354502.200000003,10.253688583939086,10.695587135377703,39,56
proxy,086280.KS,2024-07-03,124500.0,31.390679396573194,2024-07-04,122000.0,197.0,323.0,True,113459.99999999999,48068.0,24082068.0,,2024-08-02,113459.99999999999,STOP,44703.23999999999,-1775151.240000002,-7.371257485029949,-7.000000000000018,22,29
proxy,105560.KS,2024-07-02,83200.0,38.95050189864989,2024-07-03,84300.0,483.0,483.0,False,78399.0,81433.8,40798333.8,,2024-08-05,77400.0,STOP,74768.40000000001,-3488902.1999999955,-8.551580113793754,-8.185053380782914,24,33
proxy,000100.KS,2024-07-12,94900.0,32.849529697910874,2024-07-15,95400.0,359.0,425.0,True,88722.0,68497.2,34317097.2,,2024-08-05,88100.0,STOP,63255.8,-2752453.0000000037,-8.020646338350563,-7.65199161425576,16,21
proxy,009540.KS,2024-07-17,179200.0,47.25663564561362,2024-07-18,180000.0,175.0,222.0,True,167400.0,63000.0,31563000.0,,2024-08-05,167400.0,STOP,58590.0,-2326590.0,-7.371257485029941,-6.999999999999995,13,18
proxy,005940.KS,2024-07-04,13010.0,16.677944423928746,2024-07-05,13010.0,6.0,3094.0,True,12099.3,156.12,78216.12,2024-08-05,2024-08-06,13110.0,EXIT_MA,157.32,286.5599999999977,0.3663694900744216,0.768639508070712,22,32
proxy,071970.KS,2024-03-20,11530.0,35.36215807711521,2024-03-21,11620.0,1349.0,3174.0,True,10806.599999999999,31350.760000000002,15706730.76,2024-08-22,2024-08-23,19700.0,EXIT_MA,53150.6,10815418.639999999,68.85849643226454,69.53528399311533,105,155
proxy,161890.KS,2024-08-22,70500.0,32.80812515466977,2024-08-23,69900.0,378.0,538.0,True,65006.99999999999,52844.4,26475044.4,,2024-08-27,65006.99999999999,STOP,49145.291999999994,-1951543.6920000017,-7.371257485029947,-7.000000000000006,3,4
proxy,006280.KS,2024-08-21,164000.0,41.03505455015136,2024-08-22,164000.0,234.0,234.0,False,152520.0,76752.0,38452752.0,,2024-09-04,152520.0,STOP,71379.36,-2834451.3599999994,-7.371257485029939,-6.999999999999995,10,13
proxy,006360.KS,2024-08-20,20700.0,36.256011657470815,2024-08-21,20750.0,1849.0,1849.0,False,19297.5,76733.5,38443483.5,,2024-09-05,19297.5,STOP,71362.155,-2833768.155000001,-7.371257485029943,-6.999999999999995,12,15
proxy,103140.KS,2024-08-27,64900.0,41.87648900139656,2024-08-28,64600.0,379.0,583.0,True,60077.99999999999,48966.8,24532366.8,,2024-09-09,59300.0,STOP,44949.4,-2102616.1999999993,-8.570784128337747,-8.204334365325073,9,12
proxy,003690.KS,2024-08-19,7333.333496,16.46005058594652,2024-08-20,7375.0,5185.0,5185.0,False,6858.749999999999,76478.75,38315853.75,,2024-09-11,6858.749999999999,STOP,71125.23749999999,-2824360.2375000045,-7.371257485029951,-7.000000000000018,17,22
proxy,138930.KS,2024-08-21,9990.0,27.062569769462907,2024-08-22,9990.0,794.0,3841.0,True,9290.699999999999,15864.12,7947924.12,,2024-09-11,9290.699999999999,STOP,14753.631599999999,-585861.9516000012,-7.371257485029956,-7.000000000000006,15,20
proxy,029780.KS,2024-08-23,44850.0,24.695678469816865,2024-08-26,44800.0,1.0,852.0,True,41664.0,89.60000000000001,44889.6,,2024-09-11,41664.0,STOP,83.328,-3308.928,-7.371257485029941,-6.999999999999995,13,16
proxy,055550.KS,2024-07-02,49500.0,17.702757236521755,2024-07-03,49600.0,812.0,812.0,False,46128.0,80550.40000000001,40355750.4,2024-09-11,2024-09-12,53500.0,EXIT_MA,86884.0,2999365.6000000015,7.432312793767308,7.86290322580645,50,71
proxy,005830.KS,2024-08-19,111700.0,16.937011812034502,2024-08-20,113600.0,340.0,340.0,False,105648.0,77248.0,38701248.0,2024-09-11,2024-09-12,109000.0,EXIT_MA,74120.0,-1715368.0,-4.432332518062466,-4.049295774647888,17,23
proxy,016360.KS,2024-08-20,47800.0,22.401747263255917,2024-08-21,47700.0,800.0,800.0,False,44361.0,76320.0,38236320.0,,2024-09-25,44361.0,STOP,70977.6,-2818497.6000000015,-7.371257485029944,-6.999999999999995,23,35
proxy,294870.KS,2024-07-15,19750.0,35.69313936195585,2024-07-16,19750.0,2.0,2041.0,True,18367.5,79.0,39579.0,2024-09-25,2024-09-26,22550.0,EXIT_MA,90.2,5430.800000000003,13.721417923646387,14.177215189873426,48,72
proxy,086280.KS,2024-09-26,124500.0,27.43931924979835,2024-09-27,123300.0,285.0,285.0,False,114668.99999999999,70281.0,35210781.0,,2024-10-07,114668.99999999999,STOP,65361.329999999994,-2595477.330000002,-7.371257485029946,-7.000000000000018,5,10
proxy,001720.KS,2024-08-19,79900.0,24.818902133903322,2024-08-20,80300.0,475.0,475.0,False,74679.0,76285.0,38218785.0,2024-10-28,2024-10-29,80400.0,EXIT_MA,76380.0,-105165.0,-0.2751657332905795,0.12453300124533051,44,70
proxy,011790.KS,2024-09-26,146900.0,29.04041500666778,2024-09-27,145900.0,242.0,242.0,False,135687.0,70615.6,35378415.6,,2024-11-06,135687.0,STOP,65672.508,-2607834.108000003,-7.371257485029947,-6.999999999999995,26,40
proxy,138040.KS,2024-08-16,88800.0,34.48696207324147,2024-08-19,89200.0,426.0,426.0,False,82956.0,75998.40000000001,38075198.4,2024-12-05,2024-12-06,101100.0,EXIT_MA,86137.2,4907264.3999999985,12.888348862812487,13.340807174887903,73,109
proxy,034020.KS,2025-02-18,30300.0,65.37376516358356,2025-02-19,30900.0,1160.0,1160.0,False,28736.999999999996,71688.0,35915688.0,,2025-02-20,28736.999999999996,STOP,66669.84,-2647437.8400000036,-7.37125748502995,-7.000000000000018,2,1
proxy,010140.KS,2025-02-19,14730.0,46.51804613813046,2025-02-20,14680.0,2361.0,2361.0,False,13652.4,69318.96,34728798.96,,2025-02-20,13652.4,STOP,64466.6328,-2559949.192800004,-7.371257485029951,-7.000000000000006,1,0
proxy,064350.KS,2025-02-18,89700.0,104.50298146829573,2025-02-19,89700.0,392.0,392.0,False,83421.0,70324.8,35232724.8,,2025-02-25,83421.0,STOP,65402.064,-2597094.8639999963,-7.371257485029931,-6.999999999999995,5,6
proxy,079550.KS,2025-02-18,306000.0,70.47793077274453,2025-02-19,307000.0,114.0,114.0,False,285510.0,69996.0,35067996.0,,2025-02-27,285510.0,STOP,65096.28,-2584952.280000001,-7.371257485029943,-6.999999999999995,7,8
proxy,000150.KS,2025-02-18,359500.0,140.79224524638036,2025-02-19,360000.0,97.0,97.0,False,334800.0,69840.0,34989840.0,,2025-02-28,330000.0,STOP,64020.0,-3043860.0,-8.699268130405855,-8.333333333333337,8,9
proxy,012450.KS,2025-02-18,643000.0,139.470576107442,2025-02-19,639000.0,54.0,54.0,False,594270.0,69012.0,34575012.0,,2025-02-28,594270.0,STOP,64181.16,-2548613.16,-7.371257485029941,-6.999999999999995,8,9
proxy,047810.KS,2025-03-17,95000.0,74.76702543746455,2025-03-18,97100.0,354.0,354.0,False,90303.0,68746.8,34442146.8,,2025-03-18,90303.0,STOP,63934.524000000005,-2538819.323999997,-7.3712574850299335,-6.999999999999995,1,0
proxy,272210.KS,2025-03-18,41300.0,119.64963888991925,2025-03-19,42150.0,805.0,805.0,False,39199.5,67861.5,33998611.5,,2025-03-20,39199.5,STOP,63111.195,-2506125.1950000003,-7.371257485029941,-6.999999999999995,2,1
proxy,005440.KS,2025-02-20,5220.0,8.820764281557473,2025-02-21,5310.0,6572.0,6572.0,False,4938.299999999999,69794.64,34967114.64,2025-03-25,2025-03-26,5130.0,EXIT_MA,67428.72,-1320183.3599999994,-3.775499847762101,-3.3898305084745783,22,33
proxy,006040.KS,2025-03-20,37800.0,15.82210176984551,2025-03-21,37800.0,876.0,876.0,False,35154.0,66225.6,33179025.6,,2025-03-28,35154.0,STOP,61589.808000000005,-2445711.408,-7.371257485029939,-6.999999999999995,6,7
proxy,006800.KS,2025-03-17,9847.907227,18.20737299133314,2025-03-18,9847.907227,3422.0,3422.0,False,9158.55372111,67399.077061588,33766937.60785559,,2025-03-31,9158.55372111,STOP,62681.14166727684,-2489047.9158844464,-7.371257485029944,-6.999999999999995,10,13
proxy,111770.KS,2025-03-19,52000.0,29.85356030028732,2025-03-20,52000.0,639.0,639.0,False,48360.0,66456.0,33294456.0,,2025-03-31,48050.0,STOP,61407.9,-2651913.8999999985,-7.965031475510513,-7.596153846153841,8,11
proxy,026960.KS,2025-03-26,28900.0,29.453530584898814,2025-03-27,28900.0,1143.0,1143.0,False,26877.0,66065.4,33098765.4,,2025-03-31,26877.0,STOP,61440.822,-2439795.221999999,-7.371257485029938,-6.999999999999995,3,4
proxy,012330.KS,2025-03-19,270000.0,12.237077382986614,2025-03-20,269500.0,123.0,123.0,False,250634.99999999997,66297.0,33214797.0,,2025-04-07,248500.0,STOP,61131.0,-2710428.0,-8.160302771081215,-7.792207792207795,13,18
proxy,139480.KS,2025-02-21,78100.0,14.456788563013804,2025-02-24,77500.0,449.0,449.0,False,72075.0,69595.0,34867095.0,2025-05-14,2025-05-15,83200.0,EXIT_MA,74713.6,2414991.3999999985,6.926276479299462,7.354838709677414,54,80
proxy,271560.KS,2025-03-17,113700.0,15.446709194608735,2025-03-18,113400.0,296.0,296.0,False,105462.0,67132.8,33633532.8,2025-05-20,2025-05-21,118800.0,EXIT_MA,70329.6,1460937.6000000015,4.343693565250456,4.761904761904767,43,64
proxy,001800.KS,2025-05-08,19460.0,29.05257747499495,2025-05-09,19500.0,19.0,1652.0,True,18135.0,741.0,371241.0,,2025-05-23,18135.0,STOP,689.13,-27365.130000000005,-7.3712574850299415,-6.999999999999995,11,14
proxy,000500.KS,2025-05-20,40666.66797,53.15110045869093,2025-05-21,40944.44531,849.0,849.0,False,38078.3341383,69523.66813638,34831357.73632638,,2025-06-12,38078.3341383,STOP,64657.0113668334,-2567509.0642765127,-7.371257485029938,-7.000000000000006,15,22
proxy,012450.KS,2025-06-12,953000.0,146.13956506420058,2025-06-13,944000.0,34.0,42.0,True,877919.9999999999,64192.0,32160192.0,,2025-06-24,877919.9999999999,STOP,59698.55999999999,-2370610.5600000024,-7.371257485029947,-7.000000000000018,8,11
proxy,082740.KS,2025-06-16,30200.0,68.50974159183319,2025-06-17,30350.0,1.0,1356.0,True,28225.499999999996,60.7,30410.7,,2025-06-25,28225.499999999996,STOP,56.45099999999999,-2241.6510000000053,-7.371257485029957,-7.000000000000018,7,8
proxy,329180.KS,2025-06-24,463500.0,105.71148126617129,2025-06-25,469500.0,63.0,91.0,True,436634.99999999994,59157.0,29637657.0,,2025-06-25,436634.99999999994,STOP,55016.009999999995,-2184668.0100000054,-7.371257485029958,-7.000000000000018,1,0
proxy,402340.KS,2025-06-25,192200.0,100.13094911683417,2025-06-26,190000.0,145.0,223.0,True,176700.0,55100.0,27605100.0,,2025-06-27,176700.0,STOP,51243.0,-2034843.0,-7.371257485029941,-6.999999999999995,2,1
proxy,272210.KS,2025-06-13,54400.0,111.06657997880347,2025-06-16,58100.0,1.0,726.0,True,54033.0,116.2,58216.2,,2025-07-04,54033.0,STOP,108.066,-4291.265999999996,-7.3712574850299335,-6.999999999999995,15,18
proxy,103590.KS,2025-06-27,37600.0,36.72123419495339,2025-06-30,38000.0,672.0,1131.0,True,35340.0,51072.0,25587072.0,,2025-07-07,35300.0,STOP,47443.200000000004,-1912915.1999999993,-7.476100430717509,-7.105263157894736,6,7
proxy,180640.KS,2025-05-07,85400.0,17.42314745777097,2025-05-08,84100.0,378.0,378.0,False,78213.0,63579.6,31853379.6,2025-07-07,2025-07-08,119400.0,EXIT_MA,90266.40000000001,13189554.0,41.40707882688843,41.97384066587395,41,61
proxy,375500.KS,2025-05-07,44950.0,41.66975354108686,2025-05-08,45000.0,718.0,718.0,False,41850.0,64620.0,32374620.0,2025-07-21,2025-07-22,49000.0,EXIT_MA,70364.0,2737016.0,8.454202705699712,8.888888888888879,51,75
proxy,000720.KS,2025-05-20,46750.0,41.96504409769975,2025-05-21,47700.0,5.0,739.0,True,44361.0,477.0,238977.0,2025-07-23,2025-07-24,66600.0,EXIT_MA,666.0,93357.0,39.06526569502504,39.622641509433954,44,64
proxy,069960.KS,2025-05-23,70700.0,44.4525845213347,2025-05-26,70400.0,5.0,514.0,True,65471.99999999999,704.0,352704.0,2025-07-24,2025-07-25,72300.0,EXIT_MA,723.0,8073.0,2.2888881328252584,2.6988636363636465,42,60
proxy,139130.KS,2025-07-08,14240.0,45.38494125832553,2025-07-09,14350.0,3043.0,3043.0,False,13345.5,87334.1,43754384.1,,2025-07-28,13345.5,STOP,81220.713,-3225248.313000001,-7.3712574850299415,-6.999999999999995,14,19
proxy,003690.KS,2025-07-09,11280.0,29.895008077036056,2025-07-10,11200.0,1.0,3929.0,True,10416.0,22.400000000000002,11222.4,,2025-07-28,10416.0,STOP,20.832,-827.232,-7.371257485029941,-6.999999999999995,13,18
proxy,000150.KS,2025-05-14,408500.0,105.33656706177727,2025-05-15,398000.0,86.0,86.0,False,370140.0,68456.0,34296456.0,2025-07-28,2025-07-29,540000.0,EXIT_MA,92880.0,12050664.0,35.13676165257425,35.67839195979901,51,75
proxy,009830.KS,2025-07-21,37900.0,51.1901760428477,2025-07-22,38050.0,921.0,1174.0,True,35386.5,70088.1,35114138.1,,2025-07-30,35386.5,STOP,65181.933000000005,-2588353.533,-7.371257485029939,-6.999999999999995,7,8
proxy,006800.KS,2025-05-21,13461.4541,69.76381951999691,2025-05-22,13391.96289,1.0,2596.0,True,12454.5254877,26.78392578,13418.746815780001,2025-07-30,2025-07-31,19020.75586,EXIT_MA,38.04151172,5563.967532500001,41.46413676988793,42.03112729802374,48,70
proxy,047810.KS,2025-07-28,98500.0,39.44284695665281,2025-07-29,97500.0,423.0,453.0,True,90675.0,82485.0,41324985.0,,2025-08-01,90675.0,STOP,76711.05,-3046171.049999997,-7.3712574850299335,-6.999999999999995,4,3
proxy,103590.KS,2025-07-29,43800.0,45.82400315709405,2025-07-30,43500.0,2.0,1033.0,True,40455.0,174.0,87174.0,,2025-08-01,40455.0,STOP,161.82,-6425.820000000007,-7.371257485029949,-6.999999999999995,3,2
proxy,001720.KS,2025-05-07,97600.0,34.81352416223405,2025-05-08,97600.0,331.0,331.0,False,90768.0,64611.200000000004,32370211.2,2025-08-01,2025-08-04,119600.0,EXIT_MA,79175.2,7138213.599999998,22.05179804325774,22.540983606557386,60,88
proxy,005440.KS,2025-05-15,6200.0,28.405561576027026,2025-05-16,6210.0,2.0,5521.0,True,5775.299999999999,24.84,12444.84,2025-08-01,2025-08-04,8100.0,EXIT_MA,32.4,3722.76,29.9140848737308,30.434782608695656,54,80
proxy,004800.KS,2025-07-30,87300.0,40.6260870923294,2025-07-31,88000.0,369.0,506.0,True,81840.0,64944.0,32536944.0,,2025-08-04,81840.0,STOP,60397.92,-2398381.920000002,-7.371257485029946,-6.999999999999995,3,4
proxy,007340.KS,2025-07-23,29000.0,24.49796218273748,2025-07-24,28700.0,11.0,1519.0,True,26691.0,631.4,316331.4,,2025-08-05,26691.0,STOP,587.202,-23317.602000000014,-7.371257485029944,-6.999999999999995,9,12
proxy,079550.KS,2025-05-08,372500.0,68.96543832108709,2025-05-09,376000.0,86.0,86.0,False,349680.0,64672.0,32400672.0,2025-08-08,2025-08-11,498000.0,EXIT_MA,85656.0,10341672.0,31.918078736144732,32.446808510638306,64,94
proxy,278470.KS,2025-08-06,208500.0,240.5088759823856,2025-08-07,216500.0,107.0,210.0,True,201345.0,46331.0,23211831.0,,2025-08-13,201345.0,STOP,43087.83,-1711003.8299999982,-7.371257485029932,-6.999999999999995,5,6
proxy,010120.KS,2025-08-05,65800.0,41.50317913268496,2025-08-06,64600.0,664.0,664.0,False,60077.99999999999,85788.8,42980188.8,,2025-08-18,59500.0,STOP,79016.0,-3551204.799999997,-8.262422523374298,-7.8947368421052655,8,12
proxy,034020.KS,2025-05-14,31300.0,57.509664690659235,2025-05-15,31900.0,93.0,1122.0,True,29666.999999999996,5933.400000000001,2972633.4,2025-08-19,2025-08-20,54300.0,EXIT_MA,10099.800000000001,2067166.8000000003,69.53991703114148,70.2194357366771,66,97
proxy,007660.KS,2025-07-08,58800.0,38.121650508961075,2025-07-09,58200.0,428.0,737.0,True,54126.0,49819.200000000004,24959419.2,,2025-08-20,54126.0,STOP,46331.856,-1839823.055999998,-7.371257485029932,-6.999999999999995,30,42
proxy,329180.KS,2025-07-28,464500.0,63.69248678954247,2025-07-29,473000.0,96.0,96.0,False,439889.99999999994,90816.0,45498816.0,,2025-08-20,439500.0,STOP,84384.0,-3391200.0,-7.4533807648972665,-7.082452431289643,16,22
proxy,009540.KS,2025-08-13,379500.0,44.18996763169164,2025-08-14,377000.0,56.0,110.0,True,350610.0,42224.0,21154224.0,,2025-08-20,350610.0,STOP,39268.32,-1559332.3200000003,-7.3712574850299415,-6.999999999999995,4,6
proxy,336260.KS,2025-08-14,26150.0,28.211244269320435,2025-08-18,26500.0,13.0,1607.0,True,24645.0,689.0,345189.0,,2025-08-20,24645.0,STOP,640.77,-25444.77000000002,-7.371257485029946,-6.999999999999995,3,2
proxy,024110.KS,2025-06-17,17230.0,3.1600299297579153,2025-06-18,17140.0,1.0,2390.0,True,15940.199999999999,34.28,17174.28,2025-08-22,2025-08-25,19230.0,EXIT_MA,38.46,2017.260000000002,11.745819912101132,12.19369894982496,47,68
proxy,015760.KS,2025-05-07,26600.0,28.36869400832397,2025-05-08,26500.0,1214.0,1214.0,False,24645.0,64342.0,32235342.0,2025-08-26,2025-08-27,37500.0,EXIT_MA,91050.0,13198608.0,40.94452604225511,41.50943396226414,76,111
proxy,035720.KS,2025-08-08,63800.0,41.60077584572321,2025-08-11,64200.0,665.0,670.0,True,59705.99999999999,85386.0,42778386.0,,2025-09-01,59705.99999999999,STOP,79408.97999999998,-3153304.980000004,-7.37125748502995,-7.000000000000006,15,21
proxy,001720.KS,2025-08-28,142400.0,39.23237760692109,2025-08-29,147500.0,286.0,286.0,False,137175.0,84370.0,42269370.0,,2025-09-04,137175.0,STOP,78464.1,-3115784.1000000015,-7.371257485029943,-6.999999999999995,5,6
proxy,316140.KS,2025-05-07,17830.0,18.457888576893914,2025-05-08,17680.0,1811.0,1811.0,False,16442.399999999998,64036.96,32082516.96,2025-09-04,2025-09-05,24350.0,EXIT_MA,88195.7,11927137.339999996,37.17643897724911,37.7262443438914,83,120
proxy,138930.KS,2025-07-04,13400.0,18.96413222489639,2025-07-07,13610.0,4.0,3033.0,True,12657.3,108.88,54548.88,2025-09-05,2025-09-08,14430.0,EXIT_MA,115.44,3055.6800000000003,5.601728211468321,6.02498163115357,44,63
proxy,071970.KS,2025-08-29,92000.0,214.1116154694251,2025-09-01,91200.0,120.0,451.0,True,84816.0,21888.0,10965888.0,,2025-09-22,84816.0,STOP,20355.84,-808323.8399999999,-7.371257485029939,-6.999999999999995,15,21
proxy,443060.KS,2025-09-05,220000.0,32.758087480787346,2025-09-08,222500.0,185.0,185.0,False,206925.0,82325.0,41244825.0,,2025-09-22,206925.0,STOP,76562.25,-3040262.25,-7.371257485029941,-6.999999999999995,10,14
proxy,003230.KS,2025-08-28,1597000.0,84.2156627953963,2025-08-29,1626000.0,25.0,25.0,False,1512180.0,81300.0,40731300.0,,2025-09-23,1512180.0,STOP,75609.0,-3002409.0,-7.371257485029941,-6.999999999999995,17,25
proxy,006800.KS,2025-09-09,21840.11719,76.95756288473262,2025-09-10,22535.0293,1.0,1859.0,True,20957.577248999998,45.070058599999996,22580.099358599997,,2025-09-24,20957.577248999998,STOP,41.915154498,-1664.437264098,-7.3712574850299415,-7.000000000000006,10,14
proxy,353200.KS,2025-09-22,28300.0,44.925469995493486,2025-09-23,28600.0,1499.0,1499.0,False,26598.0,85742.8,42957142.8,,2025-09-26,26598.0,STOP,79740.804,-3166481.6039999947,-7.371257485029928,-6.999999999999995,4,3
proxy,034020.KS,2025-09-24,65900.0,115.63242297432019,2025-09-25,67000.0,562.0,633.0,True,62309.99999999999,75308.0,37729308.0,,2025-09-26,62309.99999999999,STOP,70036.43999999999,-2781124.440000005,-7.371257485029954,-7.000000000000006,2,1
proxy,042660.KS,2025-07-24,88800.0,72.8210690662205,2025-07-25,88000.0,4.0,499.0,True,81840.0,704.0,352704.0,2025-09-26,2025-09-29,105600.0,EXIT_MA,844.8000000000001,68851.20000000001,19.520958083832337,19.999999999999996,44,66
proxy,069960.KS,2025-09-22,89500.0,29.392361773982955,2025-09-23,88400.0,61.0,474.0,True,82212.0,10784.800000000001,5403184.8,,2025-10-10,82212.0,STOP,10029.864,-398282.6639999999,-7.371257485029938,-6.999999999999995,9,17
proxy,111770.KS,2025-09-29,65200.0,8.847660675462254,2025-09-30,64600.0,541.0,618.0,True,60077.99999999999,69897.2,35018497.2,,2025-10-15,60077.99999999999,STOP,65004.39599999999,-2581303.5960000083,-7.371257485029963,-7.000000000000006,7,15
proxy,001040.KS,2025-09-05,175600.0,25.954085278249995,2025-09-08,174000.0,1.0,231.0,True,161820.0,348.0,174348.0,2025-10-16,2025-10-17,168700.0,EXIT_MA,337.40000000000003,-5985.399999999994,-3.4330190194323964,-3.0459770114942497,23,39
proxy,278470.KS,2025-09-29,246500.0,186.45827458138413,2025-09-30,245500.0,163.0,163.0,False,228314.99999999997,80033.0,40096533.0,,2025-10-20,228314.99999999997,STOP,74430.68999999999,-2955618.690000005,-7.371257485029953,-7.000000000000018,10,20
proxy,062040.KS,2025-10-16,138500.0,77.78195313740605,2025-10-17,135000.0,1.0,312.0,True,125549.99999999999,270.0,135270.0,,2025-10-22,125549.99999999999,STOP,251.09999999999997,-9971.10000000002,-7.371257485029956,-7.000000000000006,4,5
proxy,006800.KS,2025-10-20,25066.49805,87.92582551144902,2025-10-21,25265.04492,1468.0,1744.0,True,23496.4917756,74178.17188512001,37163264.11444512,,2025-10-22,23496.4917756,STOP,68985.69985316161,-2739399.887717478,-7.371257485029931,-7.000000000000006,2,1
proxy,064350.KS,2025-10-22,234500.0,120.37815726293432,2025-10-23,230500.0,149.0,192.0,True,214365.0,68689.0,34413189.0,,2025-11-05,214365.0,STOP,63880.770000000004,-2536684.7699999996,-7.371257485029939,-6.999999999999995,10,13
proxy,042660.KS,2025-10-23,134900.0,109.04577405889509,2025-10-24,134400.0,1.0,341.0,True,124991.99999999999,268.8,134668.8,,2025-11-05,124991.99999999999,STOP,249.98399999999998,-9926.784,-7.371257485029941,-7.000000000000006,9,12
proxy,082740.KS,2025-08-05,38700.0,70.58234653471217,2025-08-06,37200.0,1129.0,1129.0,False,34596.0,83997.6,42082797.6,2025-11-05,2025-11-06,46600.0,EXIT_MA,105222.8,10423379.600000001,24.768742085721033,25.268817204301076,59,92
proxy,009540.KS,2025-08-28,408500.0,55.77771370660598,2025-08-29,404000.0,100.0,100.0,False,375720.0,80800.0,40480800.0,2025-11-06,2025-11-07,413000.0,EXIT_MA,82600.0,736600.0,1.8196280705914902,2.2277227722772297,44,70
proxy,009970.KS,2025-11-06,156900.0,5.523568644356391,2025-11-07,164000.0,161.0,321.0,True,152520.0,52808.0,26456808.0,,2025-11-07,152520.0,STOP,49111.44,-1950199.4400000013,-7.371257485029946,-6.999999999999995,1,0
proxy,034220.KS,2025-09-25,14300.0,21.978106460237278,2025-09-26,14110.0,1.0,2879.0,True,13122.3,28.22,14138.22,2025-11-13,2025-11-14,13270.0,EXIT_MA,26.54,-894.7600000000002,-6.328660892248108,-5.953224663359324,30,49
proxy,001720.KS,2025-11-10,155000.0,18.008266999217742,2025-11-11,156200.0,156.0,329.0,True,145266.0,48734.4,24415934.4,,2025-11-18,145266.0,STOP,45322.992,-1799761.3919999972,-7.371257485029929,-6.999999999999995,6,7
proxy,005440.KS,2025-11-12,8920.0,1.000826094568591,2025-11-13,8920.0,6.0,5797.0,True,8295.599999999999,107.04,53627.04,,2025-11-18,8295.599999999999,STOP,99.54719999999999,-3952.9872000000105,-7.37125748502996,-7.000000000000018,4,5
proxy,009150.KS,2025-09-04,178400.0,16.279599278343486,2025-09-05,180200.0,227.0,227.0,False,167586.0,81810.8,40987210.8,2025-11-18,2025-11-19,208000.0,EXIT_MA,94432.0,6134357.200000003,14.96651535995712,15.427302996670367,47,75
proxy,011070.KS,2025-11-06,256000.0,13.042535687521594,2025-11-07,248500.0,196.0,196.0,False,231104.99999999997,97412.0,48803412.0,,2025-11-19,231104.99999999997,STOP,90593.15999999999,-3597425.160000004,-7.371257485029949,-7.000000000000006,9,12
proxy,000990.KS,2025-11-11,69100.0,29.50858404054636,2025-11-12,68200.0,1.0,750.0,True,63425.99999999999,136.4,68336.4,,2025-11-21,63000.0,STOP,126.0,-5462.399999999994,-7.9933973694838985,-7.624633431085048,8,9
proxy,034020.KS,2025-10-10,74500.0,143.78707327169403,2025-10-13,74900.0,67.0,574.0,True,69657.0,10036.6,5028336.6,2025-11-21,2025-11-24,74200.0,EXIT_MA,9942.800000000001,-66879.39999999944,-1.3300501800137932,-0.9345794392523366,30,42
proxy,298040.KS,2025-05-08,537000.0,32.862958657554266,2025-05-09,524000.0,59.0,59.0,False,487319.99999999994,61832.0,30977832.0,2025-12-15,2025-12-16,1910000.0,EXIT_MA,225380.0,81486788.0,263.0487117368317,264.5038167938931,148,221
proxy,001430.KS,2025-12-15,48950.0,61.51864325379353,2025-12-16,47000.0,957.0,957.0,False,43710.0,89958.0,45068958.0,,2025-12-16,43710.0,STOP,83660.94,-3322148.9399999976,-7.371257485029934,-6.999999999999995,1,0
proxy,010130.KS,2025-12-15,1592000.0,42.49943277575883,2025-12-16,1699000.0,29.0,29.0,False,1580070.0,98542.0,49369542.0,,2025-12-16,1580070.0,STOP,91644.06,-3639156.0600000024,-7.371257485029944,-6.999999999999995,1,0
proxy,085620.KS,2025-10-21,8400.0,1.9342581758751365,2025-10-22,8490.0,1.0,5246.0,True,7895.7,16.98,8506.98,2025-12-16,2025-12-17,8810.0,EXIT_MA,17.62,285.39999999999964,3.3548921003693395,3.769140164899887,40,56
proxy,004800.KS,2025-10-15,100300.0,41.763514508026475,2025-10-16,100900.0,320.0,434.0,True,93837.0,64576.0,32352576.0,2025-12-17,2025-12-18,122500.0,EXIT_MA,78400.0,6769024.0,20.922673978109195,21.407333994053523,45,63
proxy,267250.KS,2025-09-05,144700.0,38.86316777183902,2025-09-08,143500.0,281.0,281.0,False,133455.0,80647.0,40404147.0,2025-12-18,2025-12-19,191200.0,EXIT_MA,107454.40000000001,13215598.600000001,32.70852024174648,33.2404181184669,68,102
proxy,034730.KS,2025-08-28,207500.0,18.789912123367973,2025-08-29,206500.0,196.0,196.0,False,192045.0,80948.0,40554948.0,2025-12-19,2025-12-22,253000.0,EXIT_MA,99176.0,8933876.0,22.029065355970868,22.51815980629539,75,115
proxy,042660.KS,2025-12-23,123400.0,39.82469324084271,2025-12-24,130800.0,367.0,367.0,False,121643.99999999999,96007.2,48099607.2,,2025-12-24,121643.99999999999,STOP,89286.69599999998,-3545545.8960000128,-7.371257485029966,-7.000000000000006,1,0
proxy,007660.KS,2025-09-08,69100.0,83.51216500779134,2025-09-09,69200.0,1.0,585.0,True,64355.99999999999,138.4,69338.4,2025-12-24,2025-12-26,119200.0,EXIT_MA,238.4,49623.20000000001,71.56669320318902,72.2543352601156,71,108
proxy,015760.KS,2025-10-17,42700.0,29.78358026330681,2025-10-20,43900.0,2.0,1005.0,True,40827.0,175.6,87975.6,2025-12-29,2025-12-30,47500.0,EXIT_MA,190.0,6834.399999999994,7.768517634434996,8.200455580865595,50,71
proxy,069960.KS,2025-11-06,88300.0,7.7217045294112445,2025-11-07,88300.0,570.0,570.0,False,82119.0,100662.0,50431662.0,2025-12-29,2025-12-30,88500.0,EXIT_MA,100890.0,-87552.0,-0.17360522443222276,0.22650056625141968,36,53
proxy,322000.KS,2025-12-15,58600.0,28.073702338100425,2025-12-16,59000.0,305.0,799.0,True,54869.99999999999,35990.0,18030990.0,2025-12-29,2025-12-30,56400.0,EXIT_MA,34404.0,-863394.0,-4.7883893230488175,-4.406779661016946,9,14
proxy,042700.KS,2025-12-26,132600.0,14.19469469423098,2025-12-29,136200.0,335.0,335.0,False,126665.99999999999,91254.0,45718254.0,2025-12-30,2026-01-02,127600.0,EXIT_MA,85492.0,-3057746.0,-6.688238794071181,-6.3142437591776845,2,4
proxy,071970.KS,2025-12-22,91200.0,98.09474929700941,2025-12-23,92700.0,497.0,497.0,False,86211.0,92143.8,46164043.8,,2026-01-02,86211.0,STOP,85693.734,-3402870.5339999944,-7.371257485029928,-6.999999999999995,6,10
proxy,010060.KS,2025-12-23,121900.0,12.988228780545851,2025-12-24,119600.0,372.0,372.0,False,111227.99999999999,88982.40000000001,44580182.4,,2026-01-02,111227.99999999999,STOP,82753.63199999998,-3286120.0320000052,-7.371257485029953,-7.000000000000018,5,9
proxy,204320.KS,2026-01-02,65400.0,30.41772541586014,2026-01-05,64100.0,667.0,667.0,False,59612.99999999999,85509.40000000001,42840209.4,,2026-01-06,59612.99999999999,STOP,79523.74199999998,-3157862.1420000046,-7.371257485029951,-7.000000000000006,2,1
proxy,353200.KS,2025-10-01,29550.0,46.05575364332174,2025-10-02,30950.0,1.0,1410.0,True,28783.499999999996,61.9,31011.9,2026-01-06,2026-01-07,45500.0,EXIT_MA,91.0,14397.099999999999,46.42443707093083,47.01130856219709,61,97
proxy,006800.KS,2026-01-06,28491.42578,50.90897084196836,2026-01-07,28491.42578,1392.0,1578.0,True,26497.0259754,79320.12937152,39739384.815131515,,2026-01-09,26497.0259754,STOP,73767.7203155136,-2929292.3776902333,-7.371257485029941,-7.000000000000006,3,2
proxy,071970.KS,2026-01-09,100500.0,96.07937637142271,2026-01-12,101000.0,363.0,470.0,True,93930.0,73326.0,36736326.0,,2026-01-14,93930.0,STOP,68193.18000000001,-2707929.1799999997,-7.371257485029939,-6.999999999999995,3,2
proxy,353200.KS,2026-01-15,50600.0,87.54052887390715,2026-01-16,51200.0,6.0,975.0,True,47616.0,614.4,307814.4,,2026-01-21,47616.0,STOP,571.392,-22689.792000000016,-7.371257485029944,-6.999999999999995,4,5
proxy,015760.KS,2026-01-21,67900.0,64.33478052212374,2026-01-22,67800.0,4.0,746.0,True,63053.99999999999,542.4,271742.4,,2026-01-23,63053.99999999999,STOP,504.43199999999996,-20030.832000000053,-7.371257485029958,-7.000000000000006,2,1
proxy,022100.KS,2026-01-16,42000.0,24.14421656921992,2026-01-19,41450.0,1.0,1185.0,True,38548.5,82.9,41532.9,,2026-02-02,37650.0,STOP,75.3,-3958.2000000000044,-9.530275998064196,-9.167671893848006,11,14
proxy,006260.KS,2025-12-29,207000.0,4.728538145419381,2025-12-30,199800.0,212.0,212.0,False,185814.0,84715.2,42442315.2,2026-02-02,2026-02-03,205500.0,EXIT_MA,87132.0,1036552.799999997,2.442262621903333,2.8528528528528607,23,35
proxy,039490.KS,2026-02-03,455000.0,82.619834888301,2026-02-04,454000.0,95.0,116.0,True,422220.0,86260.0,43216260.0,,2026-02-05,422220.0,STOP,80221.8,-3185581.799999997,-7.3712574850299335,-6.999999999999995,2,1
proxy,457190.KS,2026-02-04,122200.0,91.02630347012648,2026-02-05,118400.0,2.0,444.0,True,110111.99999999999,473.6,237273.6,,2026-02-05,110111.99999999999,STOP,440.448,-17490.04800000004,-7.371257485029957,-7.000000000000018,1,0
proxy,007810.KS,2025-09-10,16150.0,32.486381085811736,2025-09-11,16830.0,1.0,2601.0,True,15651.9,33.660000000000004,16863.66,2026-03-03,2026-03-04,49400.0,EXIT_MA,98.8,32437.539999999997,192.35171961484042,193.52346999405822,111,174
proxy,034020.KS,2026-01-05,83200.0,83.34926639956586,2026-01-06,86000.0,243.0,533.0,True,79980.0,41796.0,20939796.0,,2026-03-04,79980.0,STOP,38870.28,-1543526.2800000012,-7.371257485029946,-6.999999999999995,38,57
proxy,082740.KS,2026-01-12,54800.0,43.09532032309292,2026-01-13,53900.0,1.0,871.0,True,50127.0,107.8,54007.8,,2026-03-04,48050.0,STOP,96.10000000000001,-6053.9000000000015,-11.20930680383204,-10.853432282003705,33,50
proxy,120110.KS,2026-02-09,62600.0,19.90975293110324,2026-02-10,62400.0,2.0,863.0,True,58031.99999999999,249.6,125049.6,,2026-03-04,58031.99999999999,STOP,232.128,-9217.728000000017,-7.371257485029954,-7.000000000000006,13,22
proxy,028260.KS,2025-12-03,245500.0,24.18794996187795,2025-12-04,241500.0,115.0,192.0,True,224594.99999999997,55545.0,27828045.0,2026-03-04,2026-03-05,294500.0,EXIT_MA,67735.0,5971720.0,21.459358715281653,21.946169772256717,58,91
proxy,011210.KS,2025-12-04,67200.0,4.018893708946542,2025-12-05,66200.0,1.0,694.0,True,61565.99999999999,132.4,66332.4,2026-03-04,2026-03-05,84800.0,EXIT_MA,169.6,18298.0,27.585312758169465,28.09667673716012,57,90
proxy,307950.KS,2025-12-30,332000.0,77.80826725880291,2026-01-02,326500.0,131.0,131.0,False,303645.0,85543.0,42857043.0,2026-03-04,2026-03-05,406500.0,EXIT_MA,106503.0,10287954.0,24.0052819323069,24.502297090352208,40,62
proxy,001430.KS,2026-01-02,55900.0,90.652637131284,2026-01-05,54600.0,781.0,781.0,False,50778.0,85285.2,42727885.2,2026-03-04,2026-03-05,61300.0,EXIT_MA,95750.6,5051664.1999999955,11.822874397724686,12.271062271062272,39,59
proxy,316140.KS,2025-12-02,29000.0,5.720286958389343,2025-12-03,28500.0,1594.0,1594.0,False,26505.0,90858.0,45519858.0,2026-03-09,2026-03-10,33100.0,EXIT_MA,105522.8,7136019.200000003,15.676716741954694,16.140350877192986,62,97
proxy,475150.KS,2026-03-20,59900.0,121.74385941397581,2026-03-23,58600.0,962.0,962.0,False,54497.99999999999,112746.40000000001,56485946.4,,2026-03-23,54497.99999999999,STOP,104854.15199999999,-4163724.5520000085,-7.371257485029956,-7.000000000000018,1,0
proxy,004170.KS,2025-12-02,238500.0,11.443376407213158,2025-12-03,241000.0,193.0,193.0,False,224129.99999999997,93026.0,46606026.0,2026-03-23,2026-03-24,330500.0,EXIT_MA,127573.0,17052901.0,36.589476648363025,37.136929460580916,72,111
proxy,010060.KS,2026-03-18,193600.0,39.61347039084799,2026-03-19,196900.0,295.0,295.0,False,183117.0,116171.0,58201671.0,,2026-03-24,183117.0,STOP,108039.03,-4290195.030000001,-7.3712574850299415,-6.999999999999995,4,5
proxy,298040.KS,2026-01-14,2125000.0,151.93566986202126,2026-01-15,2242000.0,15.0,23.0,True,2085059.9999999998,67260.0,33697260.0,2026-03-30,2026-03-31,2442000.0,EXIT_MA,73260.0,2859480.0,8.485793800445496,8.920606601248892,49,75
proxy,005930.KS,2025-12-26,117000.0,40.35639100394049,2025-12-29,119400.0,380.0,380.0,False,111041.99999999999,90744.0,45462744.0,2026-03-31,2026-04-01,179000.0,EXIT_MA,136040.0,22421216.0,49.31777985068389,49.91624790619766,61,93
proxy,009970.KS,2026-02-05,217500.0,28.78181611837416,2026-02-06,206500.0,194.0,238.0,True,192045.0,80122.0,40141122.0,2026-04-02,2026-04-03,219500.0,EXIT_MA,85166.0,2356712.0,5.871066583539942,6.295399515738498,36,56
proxy,028260.KS,2026-04-08,309000.0,0.1333196730787911,2026-04-09,305000.0,175.0,175.0,False,283650.0,106750.0,53481750.0,2026-04-13,2026-04-14,297000.0,EXIT_MA,103950.0,-1610700.0,-3.011681554922941,-2.622950819672132,3,5
proxy,020150.KS,2026-04-10,49150.0,23.522255950113248,2026-04-13,48600.0,699.0,1103.0,True,45198.0,67942.8,34039342.8,,2026-04-14,45198.0,STOP,63186.804000000004,-2509127.6039999984,-7.371257485029936,-6.999999999999995,2,1
proxy,039490.KS,2026-04-14,480000.0,45.504676560829374,2026-04-15,484000.0,59.0,112.0,True,450119.99999999994,57112.0,28613112.0,,2026-04-17,450119.99999999994,STOP,53114.159999999996,-2109146.160000004,-7.371257485029954,-7.000000000000018,3,2
proxy,000720.KS,2026-04-08,188700.0,157.01694027991434,2026-04-09,182500.0,287.0,287.0,False,169725.0,104755.0,52482255.0,,2026-04-22,169725.0,STOP,97422.15000000001,-3868602.1499999985,-7.371257485029938,-6.999999999999995,10,13
proxy,000500.KS,2026-04-22,100000.0,115.78634363296891,2026-04-23,120833.3359,401.0,590.0,True,112375.002387,96908.3353918,48551076.0312918,,2026-04-23,112375.002387,STOP,90124.75191437399,-3578824.8260191754,-7.371257485029943,-7.000000000000006,1,0
proxy,020150.KS,2026-04-24,68100.0,72.4989780291068,2026-04-27,69500.0,1.0,877.0,True,64634.99999999999,139.0,69639.0,,2026-04-27,64634.99999999999,STOP,129.26999999999998,-5133.270000000004,-7.371257485029946,-7.000000000000006,1,0
proxy,006800.KS,2026-01-23,34547.09375,93.39699241776995,2026-01-26,33455.08984,8.0,1462.0,True,31113.2335512,535.28143744,268176.00015744,2026-04-30,2026-05-04,66500.0,EXIT_MA,1064.0,262759.99984256,97.98043064565792,98.77393938572068,65,98
proxy,005440.KS,2026-04-21,15280.0,20.80161403439751,2026-04-22,14850.0,2.0,3836.0,True,13810.499999999998,59.4,29759.4,2026-04-30,2026-05-04,14530.0,EXIT_MA,58.120000000000005,-757.5200000000004,-2.545481427716958,-2.154882154882154,7,12
proxy,006360.KS,2026-04-10,37650.0,31.127260003351232,2026-04-13,36200.0,1440.0,1440.0,False,33666.0,104256.0,52232256.0,,2026-05-12,33666.0,STOP,96958.08,-3850174.079999998,-7.371257485029936,-6.999999999999995,20,29
proxy,457190.KS,2026-04-17,111500.0,47.75508056395887,2026-04-20,112000.0,236.0,505.0,True,104160.0,52864.0,26484864.0,,2026-05-12,104160.0,STOP,49163.520000000004,-1952267.5199999996,-7.371257485029939,-6.999999999999995,15,22
proxy,007810.KS,2026-04-14,89100.0,322.76718098325136,2026-04-15,89700.0,607.0,607.0,False,83421.0,108895.8,54556795.8,,2026-05-15,83421.0,STOP,101273.094,-4021521.893999994,-7.371257485029929,-6.999999999999995,21,30
proxy,000660.KS,2026-05-13,1976000.0,316.5962645612682,2026-05-14,1976000.0,4.0,32.0,True,1837679.9999999998,15808.0,7919808.0,,2026-05-15,1837679.9999999998,STOP,14701.439999999999,-583789.4400000013,-7.371257485029957,-7.000000000000018,2,1
proxy,066570.KS,2026-05-14,217000.0,36.25398426871409,2026-05-15,256000.0,1.0,300.0,True,238079.99999999997,512.0,256512.0,,2026-05-15,238079.99999999997,STOP,476.15999999999997,-18908.160000000033,-7.371257485029953,-7.000000000000006,1,0
proxy,009150.KS,2026-05-13,1029000.0,324.57637121616597,2026-05-14,1024000.0,63.0,63.0,False,952319.9999999999,129024.0,64641024.0,,2026-05-18,952319.9999999999,STOP,119992.31999999999,-4764856.320000008,-7.371257485029951,-7.000000000000006,3,4
proxy,066570.KS,2026-05-15,240500.0,78.65540516687119,2026-05-18,249000.0,233.0,250.0,True,231569.99999999997,116034.0,58133034.0,,2026-05-18,231569.99999999997,STOP,107911.61999999998,-4285135.620000005,-7.371257485029949,-7.000000000000006,1,0
proxy,042700.KS,2026-01-02,144500.0,11.882296879040656,2026-01-05,154900.0,302.0,302.0,False,144057.0,93559.6,46873359.6,2026-05-19,2026-05-20,295000.0,EXIT_MA,178180.0,42038460.4,89.68518740440358,90.44544867656552,91,135
proxy,267270.KS,2026-04-08,160900.0,15.14917934195057,2026-04-09,158400.0,337.0,337.0,False,147312.0,106761.6,53487561.6,2026-05-20,2026-05-21,163900.0,EXIT_MA,110468.6,1636269.799999997,3.059159458860052,3.472222222222232,28,42
proxy,000990.KS,2026-05-26,220500.0,158.35395072797428,2026-05-27,228500.0,302.0,302.0,False,212505.0,138014.0,69145014.0,,2026-05-27,212505.0,STOP,128353.02,-5096857.020000003,-7.371257485029944,-6.999999999999995,1,0
proxy,402340.KS,2026-05-27,1276000.0,402.5321972801087,2026-05-28,1264000.0,50.0,50.0,False,1175520.0,126400.0,63326400.0,,2026-05-28,1175520.0,STOP,117552.0,-4667952.0,-7.371257485029941,-6.999999999999995,1,0
proxy,047040.KS,2026-02-11,7480.0,42.08344533880486,2026-02-12,7470.0,6.0,7300.0,True,6947.099999999999,89.64,44909.64,2026-05-28,2026-05-29,26500.0,EXIT_MA,318.0,113772.36,253.3361656873669,254.75234270414995,69,106
proxy,103590.KS,2026-04-15,86800.0,42.20141640723858,2026-04-16,88200.0,3.0,628.0,True,82026.0,529.2,265129.2,2026-05-28,2026-05-29,97600.0,EXIT_MA,585.6,27085.20000000001,10.21584948017797,10.657596371882082,28,43
proxy,229640.KS,2026-04-27,68300.0,4.970877586632961,2026-04-28,72400.0,1.0,914.0,True,67332.0,144.8,72544.8,,2026-05-29,67332.0,STOP,134.66400000000002,-5347.464000000007,-7.37125748502995,-6.999999999999995,21,31
proxy,093370.KS,2026-04-09,11240.0,22.756536990395503,2026-04-10,10940.0,4829.0,4829.0,False,10174.199999999999,105658.52,52934918.52,2026-06-01,2026-06-02,10370.0,EXIT_MA,100153.46,-2958341.980000004,-5.588639904833849,-5.210237659963434,34,53
proxy,011070.KS,2026-05-29,1458000.0,478.4412437530742,2026-06-01,1601000.0,36.0,48.0,True,1488930.0,115272.0,57751272.0,,2026-06-02,1381000.0,STOP,99432.0,-8134704.0,-14.085757279943548,-13.741411617738908,2,1
proxy,034730.KS,2026-05-22,642000.0,78.73405940203016,2026-05-26,661000.0,96.0,96.0,False,614730.0,126912.0,63582912.0,,2026-06-05,614730.0,STOP,118028.16,-4686860.159999996,-7.371257485029934,-6.999999999999995,8,10
proxy,005930.KS,2026-06-01,349000.0,135.63104834119613,2026-06-02,360500.0,142.0,189.0,True,335265.0,102382.0,51293382.0,,2026-06-05,333500.0,STOP,94714.0,-4031096.0,-7.858900783730735,-7.4895977808599135,3,3
proxy,402340.KS,2026-06-02,1346000.0,416.4402466245299,2026-06-04,1347000.0,36.0,46.0,True,1252710.0,96984.0,48588984.0,,2026-06-05,1252710.0,STOP,90195.12,-3581619.1199999973,-7.371257485029934,-6.999999999999995,2,1
proxy,010120.KS,2026-04-23,217000.0,197.94485413027917,2026-04-24,221000.0,203.0,266.0,True,205530.0,89726.0,44952726.0,,2026-06-08,197600.0,STOP,80225.6,-4920151.6000000015,-10.945168486556303,-10.588235294117643,28,45
proxy,000660.KS,2026-05-27,2243000.0,354.5110611647164,2026-05-28,2189000.0,6.0,28.0,True,2035769.9999999998,26268.0,13160268.0,,2026-06-08,1856000.0,STOP,22272.0,-2046540.0,-15.550899115428349,-15.212425765189586,7,11
proxy,004170.KS,2026-06-04,659000.0,68.4160460204491,2026-06-05,656000.0,1.0,92.0,True,610080.0,1312.0,657312.0,,2026-06-08,600000.0,STOP,1200.0,-58512.0,-8.901708777566817,-8.536585365853655,2,3
proxy,000500.KS,2026-04-30,134166.6719,191.86441676636085,2026-05-04,134166.6719,4.0,459.0,True,124775.00486699998,1073.3333751999999,537740.0209752,2026-06-12,2026-06-15,148333.3281,EXIT_MA,1186.6666248000001,54406.62480000011,10.117644712649959,10.558997998071407,27,42
proxy,093370.KS,2026-06-12,19010.0,96.60409626553039,2026-06-15,19010.0,3198.0,3198.0,False,17679.3,121587.96,60915567.96,,2026-06-17,17679.3,STOP,113076.8028,-4490243.362800002,-7.371257485029943,-7.000000000000006,3,2
proxy,017670.KS,2026-04-09,93800.0,5.178077075314413,2026-04-10,95000.0,578.0,578.0,False,88350.0,109820.0,55019820.0,2026-06-17,2026-06-18,98100.0,EXIT_MA,113403.6,1568576.3999999985,2.850929719508349,3.2631578947368345,45,69
proxy,085620.KS,2026-06-16,32250.0,143.35266802671777,2026-06-17,31700.0,697.0,1999.0,True,29480.999999999996,44189.8,22139089.8,,2026-06-22,29000.0,STOP,40426.0,-1966515.8000000007,-8.882550356699854,-8.517350157728709,4,5
proxy,281820.KS,2026-06-12,87100.0,33.325016050599764,2026-06-15,87900.0,697.0,697.0,False,81747.0,122532.6,61388832.6,,2026-06-23,81747.0,STOP,113955.318,-4525128.918000005,-7.371257485029949,-6.999999999999995,7,8
proxy,000660.KS,2026-06-19,2764000.0,428.5356401344746,2026-06-22,2728000.0,15.0,23.0,True,2537040.0,81840.0,41001840.0,,2026-06-23,2537040.0,STOP,76111.2,-3022351.200000003,-7.371257485029947,-6.999999999999995,2,1
proxy,023530.KS,2026-06-09,181900.0,16.371412082279015,2026-06-10,180000.0,330.0,330.0,False,167400.0,118800.0,59518800.0,,2026-06-24,167400.0,STOP,110484.0,-4387284.0,-7.371257485029941,-6.999999999999995,11,14
proxy,402340.KS,2026-06-18,1700000.0,500.91116132431137,2026-06-19,1819000.0,39.0,39.0,False,1691670.0,141882.0,71082882.0,,2026-06-24,1691670.0,STOP,131950.26,-5239702.259999998,-7.371257485029938,-6.999999999999995,4,5
proxy,353200.KS,2026-03-18,74800.0,125.41618662630431,2026-03-19,72400.0,765.0,765.0,False,67332.0,110772.0,55496772.0,2026-06-25,2026-06-26,133000.0,EXIT_MA,203490.0,46044738.0,82.96831750862916,83.70165745856353,67,99
proxy,034730.KS,2026-06-25,858000.0,109.6494311298086,2026-06-26,868000.0,65.0,65.0,False,807240.0,112840.0,56532840.0,,2026-06-26,807240.0,STOP,104941.2,-4167181.200000003,-7.371257485029946,-6.999999999999995,1,0
proxy,001820.KS,2026-05-20,78600.0,66.32716097304761,2026-05-21,75200.0,704.0,704.0,False,69936.0,105881.6,53046681.6,2026-07-08,2026-07-09,103200.0,EXIT_MA,145305.6,19460812.800000004,36.686202063957204,37.23404255319149,33,49
proxy,009150.KS,2026-05-21,1204000.0,420.1953885981444,2026-05-22,1240000.0,48.0,48.0,False,1153200.0,119040.0,59639040.0,2026-07-08,2026-07-09,1552000.0,EXIT_MA,148992.0,14707968.0,24.661644453029425,25.161290322580655,32,48
proxy,007340.KS,2026-08-18,62800.0,51.80596626778791,2026-08-19,61100.0,851.0,851.0,False,56822.99999999999,103992.2,52100092.2,,2026-08-19,56822.99999999999,STOP,96712.74599999998,-3840431.94600001,-7.371257485029958,-7.000000000000018,1,0
proxy,006360.KS,2026-08-26,37800.0,26.706193743411077,2026-08-27,37350.0,1409.0,1409.0,False,34735.5,105252.3,52731402.3,,2026-09-01,34735.5,STOP,97884.639,-3886967.4389999956,-7.371257485029932,-6.999999999999995,4,5
proxy,192820.KS,2026-08-28,303000.0,36.583241405391185,2026-08-31,297000.0,178.0,178.0,False,276210.0,105732.0,52971732.0,,2026-09-02,276210.0,STOP,98330.76000000001,-3904682.759999998,-7.371257485029936,-6.999999999999995,3,2
proxy,278470.KS,2026-08-25,440500.0,20.572000380583468,2026-08-26,444500.0,120.0,120.0,False,413385.0,106680.0,53446680.0,,2026-09-03,413385.0,STOP,99212.40000000001,-3939692.3999999985,-7.371257485029938,-6.999999999999995,7,8
proxy,181710.KS,2026-08-12,61300.0,51.666723342260234,2026-08-13,61400.0,841.0,841.0,False,57101.99999999999,103274.8,51740674.8,,2026-09-09,57101.99999999999,STOP,96045.56399999998,-3813938.3640000075,-7.371257485029956,-7.000000000000018,19,27
proxy,008930.KS,2026-09-08,57700.0,26.384020861032482,2026-09-09,57200.0,893.0,893.0,False,53196.0,102159.2,51181759.2,,2026-09-10,53196.0,STOP,95008.056,-3772739.2560000047,-7.371257485029949,-6.999999999999995,2,1
proxy,000500.KS,2026-09-09,265500.0,309.6543611589511,2026-09-10,260500.0,190.0,190.0,False,242264.99999999997,98990.0,49593990.0,,2026-09-10,242264.99999999997,STOP,92060.69999999998,-3655700.7000000104,-7.371257485029961,-7.000000000000006,1,0
proxy,088350.KS,2026-08-28,5950.0,13.245442686240693,2026-08-31,5940.0,9090.0,9090.0,False,5524.2,107989.2,54102589.2,,2026-09-30,5524.2,STOP,100429.956,-3988041.156000003,-7.371257485029946,-7.000000000000006,21,30
proxy,078930.KS,2026-08-13,107400.0,41.75503625351251,2026-08-14,107000.0,484.0,484.0,False,99510.0,103576.0,51891576.0,2026-09-30,2026-10-01,107200.0,EXIT_MA,103769.6,-110545.60000000149,-0.2130318801649067,0.18691588785046953,31,48
proxy,055550.KS,2026-09-01,111100.0,0.35940107692113976,2026-09-02,110500.0,481.0,481.0,False,102765.0,106301.0,53256801.0,2026-09-30,2026-10-01,103500.0,EXIT_MA,99567.0,-3572868.0,-6.708754436827702,-6.334841628959276,19,29
percentile,005930.KS,2016-10-07,34120.0,91.44736842105263,2016-10-10,33000.0,314.0,314.0,False,30689.999999999996,20724.0,10382724.0,2016-10-11,2016-10-12,29900.0,EXIT_MA,18777.2,-1012901.1999999993,-9.755640234682144,-9.393939393939398,2,2
percentile,011780.KS,2016-10-10,74900.0,90.13157894736842,2016-10-11,75900.0,143.0,143.0,False,70587.0,21707.4,10875407.4,,2016-10-27,70587.0,STOP,20187.882,-801654.2819999997,-7.371257485029936,-6.999999999999995,13,16
percentile,009540.KS,2016-10-07,97605.07031,96.71052631578947,2016-10-10,97931.51562,109.0,109.0,False,91076.3095266,21349.070405160004,10695884.27298516,,2016-11-01,91076.3095266,STOP,19854.635476798798,-788421.1700625606,-7.371257485029957,-7.000000000000006,17,22
percentile,005490.KS,2016-10-24,246500.0,88.23529411764706,2016-10-25,247000.0,43.0,43.0,False,229709.99999999997,21242.0,10642242.0,,2016-11-09,229709.99999999997,STOP,19755.059999999998,-784467.0600000024,-7.371257485029963,-7.000000000000018,12,15
percentile,032640.KS,2016-10-24,12150.0,76.47058823529412,2016-10-25,12100.0,875.0,875.0,False,11253.0,21175.0,10608675.0,,2016-11-11,11253.0,STOP,19692.75,-781992.75,-7.371257485029941,-6.999999999999995,14,17
percentile,005490.KS,2016-12-08,279000.0,95.42483660130719,2016-12-09,278000.0,36.0,36.0,False,258539.99999999997,20016.0,10028016.0,,2016-12-19,258539.99999999997,STOP,18614.879999999997,-739190.8800000027,-7.371257485029966,-7.000000000000006,7,10
percentile,047050.KS,2016-12-12,28800.0,93.4640522875817,2016-12-13,29050.0,358.0,358.0,False,27016.5,20799.8,10420699.8,,2016-12-29,27016.5,STOP,19343.814000000002,-768136.6140000001,-7.371257485029941,-6.999999999999995,13,16
percentile,055550.KS,2016-12-08,47300.0,86.27450980392157,2016-12-09,47250.0,217.0,217.0,False,43942.5,20506.5,10273756.5,2017-01-09,2017-01-10,44800.0,EXIT_MA,19443.2,-571599.6999999993,-5.563687439934937,-5.185185185185182,21,32
percentile,161390.KS,2017-01-10,63300.0,86.27450980392157,2017-01-11,63200.0,161.0,161.0,False,58775.99999999999,20350.4,10195550.4,,2017-01-20,58775.99999999999,STOP,18925.871999999996,-751540.2720000017,-7.371257485029957,-7.000000000000006,8,9
percentile,036460.KS,2016-12-08,47100.0,85.62091503267973,2016-12-09,46550.0,217.0,217.0,False,43291.5,20202.7,10121552.7,2017-01-23,2017-01-24,46050.0,EXIT_MA,19985.7,-148688.3999999985,-1.4690275732101707,-1.074113856068748,31,46
percentile,000880.KS,2017-01-04,49117.25781,78.43137254901961,2017-01-05,49117.25781,209.0,209.0,False,45679.0497633,20531.013764580002,10286037.89605458,2017-01-24,2017-01-25,47067.94922,EXIT_MA,19674.402773960002,-468510.9118485395,-4.554823894127848,-4.172278098112336,14,20
percentile,006040.KS,2016-12-14,66568.91406,89.54248366013073,2016-12-15,67057.67188,153.0,153.0,False,62363.63484839999,20519.64759528,10280343.44523528,2017-01-25,2017-01-26,65786.89844,EXIT_MA,20130.79092264,-235078.77483792044,-2.286682114174643,-1.8950455695420532,29,42
percentile,034020.KS,2016-12-20,21927.80664,84.9673202614379,2016-12-21,21927.80664,467.0,467.0,False,20392.860175199996,20480.57140176,10260766.27228176,2017-01-25,2017-01-26,21531.99805,EXIT_MA,20110.8861787,-225434.06911046058,-2.1970490617201164,-1.8050532663763108,25,36
percentile,011780.KS,2016-12-15,80100.0,93.4640522875817,2016-12-16,79400.0,127.0,127.0,False,73842.0,20167.600000000002,10103967.6,2017-02-03,2017-02-06,79900.0,EXIT_MA,20294.600000000002,23037.800000000745,0.2280074611482399,0.6297229219143663,33,52
percentile,103140.KS,2017-01-11,44300.0,98.69281045751634,2017-01-12,44350.0,42.0,233.0,True,41245.5,3725.4,1866425.4,,2017-02-06,41245.5,STOP,3464.6220000000003,-137579.02199999988,-7.371257485029934,-6.999999999999995,16,25
percentile,005850.KS,2017-01-03,23250.0,99.34640522875817,2017-01-04,23350.0,440.0,440.0,False,21715.5,20548.0,10294548.0,,2017-02-10,21715.5,STOP,19109.64,-758837.6400000006,-7.371257485029946,-6.999999999999995,26,37
percentile,000660.KS,2017-01-09,49550.0,100.0,2017-01-10,49850.0,204.0,204.0,False,46360.5,20338.8,10189738.8,2017-02-14,2017-02-15,48300.0,EXIT_MA,19706.4,-356245.2000000011,-3.49611709379637,-3.1093279839518595,24,36
percentile,005930.KS,2017-01-26,39900.0,98.0392156862745,2017-01-31,39900.0,252.0,252.0,False,37107.0,20109.600000000002,10074909.6,,2017-02-15,37080.0,STOP,18688.32,-749437.9199999999,-7.438656521543378,-7.067669172932334,12,15
percentile,006260.KS,2017-02-10,70200.0,98.69281045751634,2017-02-13,70400.0,147.0,147.0,False,65471.99999999999,20697.600000000002,10369497.6,,2017-03-02,65471.99999999999,STOP,19248.767999999996,-764362.3680000007,-7.371257485029947,-7.000000000000006,13,17
percentile,085620.KS,2017-02-15,6280.0,94.77124183006535,2017-02-16,6300.0,1478.0,1614.0,True,5859.0,18622.8,9330022.8,2017-03-27,2017-03-28,5930.0,EXIT_MA,17529.08,-583011.8800000008,-6.248772296676497,-5.873015873015874,27,40
percentile,010140.KS,2017-03-07,10403.63867,98.0392156862745,2017-03-08,10445.75879,2.0,1009.0,True,9714.5556747,41.78303516,20933.30061516,,2017-03-29,9714.5556747,STOP,38.8582226988,-1543.0474884588002,-7.3712574850299415,-7.000000000000006,16,21
percentile,028670.KS,2017-03-16,5550.0,98.69281045751634,2017-03-17,5560.0,1.0,2004.0,True,5170.799999999999,11.120000000000001,5571.12,,2017-04-03,5170.799999999999,STOP,10.341599999999998,-410.66160000000036,-7.371257485029947,-7.000000000000018,12,17
percentile,086790.KS,2017-01-25,33950.0,91.50326797385621,2017-01-26,34200.0,294.0,294.0,False,31805.999999999996,20109.600000000002,10074909.6,2017-04-04,2017-04-05,36800.0,EXIT_MA,21638.4,722652.0,7.17278892507383,7.602339181286544,46,69
percentile,105560.KS,2016-12-08,44400.0,90.19607843137256,2016-12-09,43800.0,231.0,231.0,False,40734.0,20235.600000000002,10138035.6,2017-04-10,2017-04-11,47150.0,EXIT_MA,21783.3,731831.0999999996,7.218667687456135,7.648401826484008,83,123
percentile,005940.KS,2017-01-17,11350.0,84.31372549019608,2017-01-18,11200.0,1.0,911.0,True,10416.0,22.400000000000002,11222.4,2017-04-10,2017-04-11,11850.0,EXIT_MA,23.7,603.8999999999996,5.381201881950382,5.803571428571419,56,83
percentile,139130.KS,2017-02-10,10850.0,83.00653594771242,2017-02-13,10850.0,83.0,951.0,True,10090.5,1801.1000000000001,902351.1,2017-04-11,2017-04-12,10800.0,EXIT_MA,1792.8,-7743.900000000023,-0.8581914511989872,-0.4608294930875556,41,58
percentile,003230.KS,2017-02-01,43400.0,98.0392156862745,2017-02-02,43500.0,233.0,233.0,False,40455.0,20271.0,10155771.0,2017-04-18,2017-04-19,56600.0,EXIT_MA,26375.600000000002,3005653.4000000004,29.59552160047721,30.114942528735632,53,76
percentile,005930.KS,2017-03-02,39720.0,97.38562091503267,2017-03-03,39340.0,243.0,263.0,True,36586.2,19119.24,9578739.24,2017-04-20,2017-04-21,40480.0,EXIT_MA,19673.28,238227.48000000045,2.4870442135556083,2.8978139298424077,35,49
percentile,011070.KS,2017-01-25,99100.0,86.9281045751634,2017-01-26,99500.0,100.0,100.0,False,92535.0,19900.0,9969900.0,2017-04-27,2017-04-28,129500.0,EXIT_MA,25900.0,2954200.0,29.631189881543445,30.15075376884422,63,92
percentile,000720.KS,2017-02-01,44200.0,84.31372549019608,2017-02-02,44400.0,203.0,228.0,True,41292.0,18026.4,9031226.4,2017-04-28,2017-05-02,48750.0,EXIT_MA,19792.5,845231.0999999996,9.358984733236225,9.797297297297302,61,89
percentile,032640.KS,2017-02-03,12100.0,70.58823529411765,2017-02-06,12300.0,822.0,838.0,True,11439.0,20221.2,10130821.2,2017-05-02,2017-05-04,14050.0,EXIT_MA,23098.2,1395180.6000000015,13.771643704461011,14.22764227642277,60,87
percentile,003670.KS,2017-02-14,12413.03711,75.81699346405229,2017-02-15,12460.7793,787.0,826.0,True,11588.524749,19613.2666182,9826246.5757182,2017-05-12,2017-05-15,13463.37109,EXIT_MA,21191.346095660003,748235.12601614,7.614658560117108,8.045979836911176,58,89
percentile,139130.KS,2017-05-16,12550.0,88.23529411764706,2017-05-17,12550.0,4.0,887.0,True,11671.5,100.4,50300.4,,2017-05-25,11671.5,STOP,93.372,-3707.7720000000045,-7.371257485029949,-6.999999999999995,7,8
percentile,003230.KS,2017-05-08,62900.0,100.0,2017-05-10,62200.0,166.0,177.0,True,57845.99999999999,20650.4,10345850.4,,2017-05-29,57845.99999999999,STOP,19204.871999999996,-762619.2720000017,-7.371257485029957,-7.000000000000006,14,19
percentile,036570.KS,2017-03-29,304500.0,83.66013071895425,2017-03-30,306500.0,28.0,36.0,True,285045.0,17164.0,8599164.0,2017-06-20,2017-06-21,347000.0,EXIT_MA,19432.0,1097404.0,12.761752188933714,13.2137030995106,54,83
percentile,055550.KS,2017-04-25,48900.0,75.16339869281046,2017-04-26,48800.0,225.0,225.0,False,45384.0,21960.0,11001960.0,2017-06-21,2017-06-22,48850.0,EXIT_MA,21982.5,-32692.5,-0.29715159844245936,0.10245901639345245,36,57
percentile,032640.KS,2017-05-25,15650.0,84.9673202614379,2017-05-26,15700.0,3.0,722.0,True,14600.999999999998,94.2,47194.2,2017-07-05,2017-07-06,15150.0,EXIT_MA,90.9,-1835.0999999999985,-3.888401540867307,-3.5031847133757954,28,41
percentile,020150.KS,2017-06-26,31303.0332,99.34640522875817,2017-06-27,31156.98633,351.0,387.0,True,28975.997286899998,21872.20440366,10957974.406233659,,2017-07-06,28975.997286899998,STOP,20341.1500954038,-807740.5086271632,-7.371257485029936,-7.000000000000006,8,9
percentile,005940.KS,2017-04-25,13000.0,87.58169934640523,2017-04-26,13150.0,849.0,849.0,False,12229.5,22328.7,11186678.7,2017-07-10,2017-07-11,14150.0,EXIT_MA,24026.7,802644.6000000015,7.1750036049574,7.604562737642584,49,76
percentile,010140.KS,2017-05-10,9603.359375,80.3921568627451,2017-05-11,9687.598633,5.0,1144.0,True,9009.466728689998,96.87598633,48534.86915133,2017-07-11,2017-07-12,9856.079102,EXIT_MA,98.56079102000001,646.9655676500042,1.3329912678507252,1.7391355214292803,43,62
percentile,003490.KS,2017-05-04,22257.53516,80.3921568627451,2017-05-08,22393.25195,497.0,497.0,False,20825.7243135,22258.8924383,11151705.111588301,2017-07-14,2017-07-17,24055.78125,EXIT_MA,23911.4465625,780106.7230991982,6.995403082247484,7.424242373158307,48,70
percentile,023530.KS,2017-04-27,268000.0,83.00653594771242,2017-04-28,265500.0,7.0,40.0,True,246914.99999999997,3717.0,1862217.0,2017-07-17,2017-07-18,289000.0,EXIT_MA,4046.0,156737.0,8.416688280689092,8.851224105461398,52,81
percentile,066970.KS,2017-07-17,24919.23828,97.38562091503267,2017-07-18,25011.36133,81.0,496.0,True,23260.5660369,4051.84053546,2029972.10826546,,2017-07-18,23260.5660369,STOP,3768.2116979778,-149634.47097453778,-7.371257485029939,-6.999999999999995,1,0
percentile,007810.KS,2017-05-29,15150.0,94.11764705882352,2017-05-30,15300.0,625.0,751.0,True,14228.999999999998,19125.0,9581625.0,2017-07-25,2017-07-26,14950.0,EXIT_MA,18687.5,-256562.5,-2.677651233480751,-2.287581699346408,40,57
percentile,181710.KS,2017-06-20,41550.0,91.50326797385621,2017-06-21,41200.0,235.0,282.0,True,38316.0,19364.0,9701364.0,,2017-07-26,38316.0,STOP,18008.52,-715112.5199999996,-7.371257485029936,-6.999999999999995,26,35
percentile,093370.KS,2017-07-11,11350.0,94.77124183006535,2017-07-12,11450.0,4.0,1053.0,True,10648.5,91.60000000000001,45891.6,,2017-07-28,10648.5,STOP,85.188,-3382.7880000000005,-7.3712574850299415,-6.999999999999995,13,16
percentile,009150.KS,2017-04-27,72900.0,96.73202614379085,2017-04-28,72700.0,150.0,150.0,False,67611.0,21810.0,10926810.0,2017-07-28,2017-07-31,90500.0,EXIT_MA,27150.0,2621040.0,23.987238727496862,24.484181568088026,61,94
percentile,006400.KS,2017-05-12,153000.0,94.77124183006535,2017-05-15,153500.0,68.0,72.0,True,142755.0,20876.0,10458876.0,2017-07-28,2017-07-31,163500.0,EXIT_MA,22236.0,636888.0,6.089449764965184,6.514657980456029,54,77
percentile,001820.KS,2017-07-10,21950.0,99.34640522875817,2017-07-11,21850.0,538.0,538.0,False,20320.5,23510.600000000002,11778810.6,,2017-07-31,20150.0,STOP,21681.4,-959792.0,-8.148462799800857,-7.78032036613272,15,20
percentile,006800.KS,2017-06-29,11168.24219,84.9673202614379,2017-06-30,10920.05859,1.0,1077.0,True,10155.6544887,21.84011718,10941.89870718,2017-08-03,2017-08-04,10473.3291,EXIT_MA,20.9466582,-489.5162653799998,-4.473778075269355,-4.090907446312519,25,35
percentile,005930.KS,2017-04-25,42700.0,94.77124183006535,2017-04-26,42700.0,258.0,258.0,False,39711.0,22033.2,11038633.2,2017-08-04,2017-08-07,47500.0,EXIT_MA,24510.0,1191856.8000000007,10.797141080835994,11.241217798594839,68,103
percentile,000660.KS,2017-04-26,53700.0,98.69281045751634,2017-04-27,53800.0,28.0,205.0,True,50034.0,3012.8,1509412.8,2017-08-04,2017-08-07,64000.0,EXIT_MA,3584.0,279003.19999999995,18.484221148780502,18.959107806691456,67,102
percentile,005070.KS,2017-07-18,9949.423828,99.34640522875817,2017-07-19,9594.086914,197.0,1234.0,True,8922.500830019999,3780.070244116,1893815.192302116,,2017-08-10,8922.500830019999,STOP,3515.4653270278795,-139597.99411520408,-7.371257485029951,-7.000000000000006,17,22
percentile,001450.KS,2017-08-01,49200.0,92.81045751633987,2017-08-02,48800.0,240.0,240.0,False,45384.0,23424.0,11735424.0,,2017-08-10,45384.0,STOP,21784.32,-865048.3200000003,-7.371257485029943,-6.999999999999995,7,8
percentile,078930.KS,2017-05-15,62700.0,80.3921568627451,2017-05-16,63200.0,1.0,177.0,True,58775.99999999999,126.4,63326.4,2017-08-14,2017-08-16,70200.0,EXIT_MA,140.4,6733.200000000004,10.632532403547343,11.075949367088601,64,92
percentile,088350.KS,2017-07-10,7560.0,77.12418300653596,2017-07-11,7570.0,30.0,1563.0,True,7040.099999999999,454.2,227554.2,2017-08-29,2017-08-30,7300.0,EXIT_MA,438.0,-8992.200000000012,-3.951673930870101,-3.566710700132103,35,50
percentile,086790.KS,2017-04-24,39900.0,98.0392156862745,2017-04-25,39850.0,275.0,275.0,False,37060.5,21917.5,10980667.5,2017-09-01,2017-09-04,48300.0,EXIT_MA,26565.0,2275267.5,20.72066657149941,21.204516938519458,88,132
percentile,005070.KS,2017-08-30,15368.30566,100.0,2017-08-31,15501.55762,787.0,787.0,False,14416.4485866,24399.45169388,12224125.298633879,,2017-09-04,14346.71289,STOP,22581.726088860003,-955843.9802927375,-7.81932413928675,-7.449862512590522,3,4
percentile,007810.KS,2017-08-30,17600.0,95.42483660130719,2017-08-31,17750.0,177.0,687.0,True,16507.5,6283.5,3148033.5,,2017-09-05,16500.0,STOP,5841.0,-233374.5,-7.413342329425656,-7.042253521126762,4,5
percentile,000150.KS,2017-08-01,142398.0156,75.16339869281046,2017-08-02,141848.2188,83.0,83.0,False,131918.84348399998,23546.804320799998,11796948.964720799,2017-09-06,2017-09-07,135250.625,EXIT_MA,22451.603750000002,-593598.6934707984,-5.03179843573094,-4.651164361325066,25,36
percentile,001430.KS,2017-07-14,32200.0,73.20261437908496,2017-07-17,32300.0,368.0,373.0,True,30038.999999999996,23772.8,11910172.8,2017-09-13,2017-09-14,32800.0,EXIT_MA,24140.8,136086.3999999985,1.1426064280108388,1.5479876160990669,42,59
percentile,028670.KS,2017-07-12,5710.0,83.00653594771242,2017-07-13,5770.0,1.0,2088.0,True,5366.099999999999,11.540000000000001,5781.54,2017-09-14,2017-09-15,6130.0,EXIT_MA,12.26,336.1999999999998,5.815059655385932,6.239168110918536,45,64
percentile,010120.KS,2017-08-01,11840.0,80.3921568627451,2017-08-02,11880.0,999.0,999.0,False,11048.4,23736.24,11891856.24,2017-09-19,2017-09-20,11520.0,EXIT_MA,23016.96,-406393.2000000011,-3.4174076090243846,-3.0303030303030276,34,49
percentile,001820.KS,2017-09-11,28100.0,98.69281045751634,2017-09-12,28600.0,431.0,431.0,False,26598.0,24653.2,12351253.2,,2017-09-20,26598.0,STOP,22927.476,-910442.675999999,-7.3712574850299335,-6.999999999999995,7,8
percentile,093370.KS,2017-09-11,11950.0,95.42483660130719,2017-09-12,12250.0,162.0,1014.0,True,11392.5,3969.0,1988469.0,,2017-09-20,11392.5,STOP,3691.17,-146575.16999999993,-7.371257485029936,-6.999999999999995,7,8
percentile,103140.KS,2017-07-27,49400.0,85.62091503267973,2017-07-28,49200.0,2.0,243.0,True,45756.0,196.8,98596.8,2017-09-20,2017-09-21,51400.0,EXIT_MA,205.6,3997.5999999999913,4.054492640734781,4.471544715447151,38,55
percentile,007810.KS,2017-09-18,19800.0,95.42483660130719,2017-09-19,19600.0,1.0,613.0,True,18228.0,39.2,19639.2,,2017-09-21,18228.0,STOP,36.456,-1447.655999999999,-7.371257485029934,-6.999999999999995,3,2
percentile,020150.KS,2017-07-07,33639.80859,100.0,2017-07-10,33396.39453,304.0,346.0,True,31058.646912899996,20305.00787424,10172808.94499424,2017-09-21,2017-09-25,34200.0,EXIT_MA,20793.600000000002,203197.45500576124,1.9974567113614097,2.4062641530903095,53,77
percentile,009150.KS,2017-09-11,109000.0,96.73202614379085,2017-09-12,110000.0,111.0,111.0,False,102300.0,24420.0,12234420.0,,2017-09-25,102300.0,STOP,22710.600000000002,-901830.5999999996,-7.371257485029938,-6.999999999999995,9,13
percentile,051910.KS,2017-09-13,407500.0,94.11764705882352,2017-09-14,406500.0,29.0,29.0,False,378045.0,23577.0,11812077.0,,2017-09-25,366000.0,STOP,21228.0,-1219305.0,-10.322528374984348,-9.963099630996307,7,11
percentile,010060.KS,2017-09-19,102240.6328,84.31372549019608,2017-09-20,104082.8125,110.0,119.0,True,96797.015625,22898.21875,11472007.59375,,2017-09-25,93490.3125,STOP,20567.86875,-1208641.0875000004,-10.535567359269125,-10.176992478945547,3,5
percentile,066970.KS,2017-08-25,33716.97266,98.69281045751634,2017-08-28,32979.99219,353.0,353.0,False,30671.392736699996,23283.874486139997,11665221.11755614,,2017-09-29,30671.392736699996,STOP,21654.0032721102,-859873.4847731516,-7.371257485029951,-7.000000000000006,24,32
percentile,068270.KS,2017-09-20,108241.7578,90.84967320261438,2017-09-21,110233.9375,13.0,108.0,True,102517.561875,2866.082375,1435907.269875,,2017-09-29,102517.561875,STOP,2665.45660875,-105844.42210874986,-7.371257485029931,-6.999999999999995,6,8
percentile,001450.KS,2017-10-10,47200.0,87.01298701298701,2017-10-11,46750.0,238.0,238.0,False,43477.5,22253.0,11148753.0,2017-10-18,2017-10-19,46150.0,EXIT_MA,21967.4,-187020.40000000037,-1.6775006137457737,-1.2834224598930466,6,8
percentile,003670.KS,2017-07-25,20051.83008,96.07843137254902,2017-07-26,19717.63281,472.0,608.0,True,18337.3985133,18613.44537264,9325336.131692639,2017-10-26,2017-10-27,27451.9082,EXIT_MA,25914.601340800004,3606049.937366562,38.66938292027044,39.22517203017131,59,93
percentile,006400.KS,2017-09-11,202500.0,96.07843137254902,2017-09-12,204000.0,59.0,59.0,False,189720.0,24072.0,12060072.0,2017-10-26,2017-10-27,194500.0,EXIT_MA,22951.0,-607523.0,-5.0374740714649135,-4.656862745098033,26,45
percentile,011070.KS,2017-10-26,175000.0,95.45454545454545,2017-10-27,175000.0,62.0,62.0,False,162750.0,21700.0,10871700.0,,2017-11-13,162750.0,STOP,20181.0,-801381.0,-7.371257485029941,-6.999999999999995,12,17
percentile,010950.KS,2017-07-26,114500.0,83.00653594771242,2017-07-27,115000.0,77.0,104.0,True,106950.0,17710.0,8872710.0,2017-11-13,2017-11-14,121000.0,EXIT_MA,18634.0,425656.0,4.797361798142845,5.217391304347818,70,110
percentile,034730.KS,2017-09-27,287000.0,77.77777777777779,2017-09-28,289500.0,38.0,38.0,False,269235.0,22002.0,11023002.0,2017-11-13,2017-11-14,280000.0,EXIT_MA,21280.0,-404282.0,-3.6676215789491833,-3.2815198618307395,27,47
percentile,096770.KS,2017-10-10,193686.0156,85.06493506493507,2017-10-11,195580.2656,56.0,58.0,True,181889.647008,21904.9897472,10974399.8633472,2017-11-15,2017-11-16,185635.5,EXIT_MA,20791.176,-599603.0393472016,-5.463652197964675,-5.084749000361322,26,36
percentile,008930.KS,2017-11-16,107444.5391,95.45454545454545,2017-11-17,105224.6094,52.0,111.0,True,97858.88674199999,10943.3593776,5482623.0481776,,2017-11-23,97232.86719,STOP,10112.218187760001,-436626.172485359,-7.963818935728066,-7.594936446492517,5,6
percentile,066970.KS,2017-11-22,43113.50781,98.7012987012987,2017-11-23,43988.67578,1.0,285.0,True,40909.4684754,87.97735156,44076.65313156,,2017-11-27,40909.4684754,STOP,81.8189369508,-3249.003593110807,-7.371257485029956,-7.000000000000006,3,4
percentile,007810.KS,2017-11-24,19700.0,90.96774193548387,2017-11-27,19800.0,254.0,619.0,True,18414.0,10058.4,5039258.4,,2017-11-27,18414.0,STOP,9354.312,-371456.7120000003,-7.371257485029946,-6.999999999999995,1,0
percentile,018260.KS,2017-10-30,207000.0,86.36363636363636,2017-10-31,206500.0,1.0,53.0,True,192045.0,413.0,206913.0,,2017-11-28,192045.0,STOP,384.09000000000003,-15252.089999999997,-7.371257485029939,-6.999999999999995,21,28
percentile,035720.KS,2017-09-20,28500.0,95.42483660130719,2017-09-21,28800.0,411.0,411.0,False,26784.0,23673.600000000002,11860473.6,2017-11-28,2017-11-29,29200.0,EXIT_MA,24002.4,116724.0,0.9841428254601908,1.388888888888884,42,69
percentile,000660.KS,2017-09-13,75700.0,93.4640522875817,2017-09-14,76300.0,3.0,160.0,True,70959.0,457.8,229357.8,2017-11-29,2017-11-30,77000.0,EXIT_MA,462.0,1180.2000000000116,0.5145671958834674,0.917431192660545,48,77
percentile,066570.KS,2017-10-19,96500.0,95.45454545454545,2017-10-20,96500.0,3.0,114.0,True,89745.0,579.0,290079.0,,2017-11-30,89745.0,STOP,538.47,-21382.469999999972,-7.371257485029931,-6.999999999999995,30,41
percentile,068270.KS,2017-11-16,161587.9062,98.05194805194806,2017-11-17,159890.8594,74.0,74.0,False,148698.499242,23663.8471912,11855587.4427912,,2017-11-30,148698.499242,STOP,22007.377887815997,-873905.876771016,-7.371257485029941,-6.999999999999995,10,13
percentile,051910.KS,2017-10-27,405500.0,91.55844155844156,2017-10-30,406000.0,5.0,27.0,True,377580.0,4060.0,2034060.0,2017-12-07,2017-12-08,393500.0,EXIT_MA,3935.0,-70495.0,-3.4657286412396884,-3.078817733990147,29,39
percentile,082740.KS,2017-11-02,3422.360596,74.02597402597402,2017-11-03,3327.514648,1.0,3271.0,True,3094.58862264,6.6550292959999995,3334.169677296,2017-12-13,2017-12-14,3315.658936,EXIT_MA,6.6313178719999994,-25.142059168000287,-0.7540725758261473,-0.35629330759298083,29,41
percentile,051900.KS,2017-10-18,1063000.0,72.72727272727273,2017-10-19,1065000.0,10.0,10.0,False,990449.9999999999,21300.0,10671300.0,2017-12-27,2017-12-28,1190000.0,EXIT_MA,23800.0,1204900.0,11.291032957559061,11.737089201877925,48,70
percentile,006400.KS,2018-01-05,220500.0,87.82051282051282,2018-01-08,224500.0,24.0,56.0,True,208785.0,10776.0,5398776.0,2018-01-10,2018-01-11,216000.0,EXIT_MA,10368.0,-225144.0,-4.170278596481869,-3.786191536748329,3,3
percentile,035720.KS,2018-01-08,31900.0,90.38461538461539,2018-01-09,31600.0,4.0,387.0,True,29387.999999999996,252.8,126652.8,,2018-01-11,28400.0,STOP,227.20000000000002,-13280.0,-10.48535839712979,-10.126582278481012,3,2
percentile,042700.KS,2017-09-28,4470.0,89.6103896103896,2017-09-29,4475.0,2423.0,2423.0,False,4161.75,21685.850000000002,10864610.85,2018-01-12,2018-01-15,5575.0,EXIT_MA,27016.45,2616597.700000001,24.08367622297306,24.581005586592177,66,108
percentile,068270.KS,2018-01-12,257013.3125,99.35897435897436,2018-01-15,258518.5156,5.0,50.0,True,240422.219508,2585.185156,1295177.763156,,2018-01-17,240422.219508,STOP,2404.22219508,-95470.88781108009,-7.371257485029946,-7.000000000000006,3,2
percentile,009420.KS,2018-01-12,39000.0,100.0,2018-01-15,37400.0,332.0,332.0,False,34782.0,24833.600000000002,12441633.6,,2018-01-19,34782.0,STOP,23095.248,-917104.8479999993,-7.371257485029934,-6.999999999999995,5,4
percentile,018260.KS,2018-01-17,264000.0,92.94871794871796,2018-01-18,267000.0,4.0,50.0,True,248309.99999999997,2136.0,1070136.0,,2018-01-22,248309.99999999997,STOP,1986.4799999999998,-78882.4800000001,-7.371257485029949,-7.000000000000006,3,4
percentile,128940.KS,2017-09-29,395669.5938,83.76623376623377,2017-10-10,399587.125,27.0,27.0,False,371616.02625,21577.70475,10810430.07975,2018-01-22,2018-01-23,504367.75,EXIT_MA,27235.858500000002,2780263.3117500003,25.718341372541364,26.222222500287007,71,105
percentile,051900.KS,2018-01-11,1250000.0,85.8974358974359,2018-01-12,1230000.0,4.0,10.0,True,1143900.0,9840.0,4929840.0,2018-01-23,2018-01-24,1194000.0,EXIT_MA,9552.0,-163392.0,-3.314346915924249,-2.9268292682926855,8,12
percentile,010120.KS,2017-10-31,11980.0,79.22077922077922,2017-11-01,11940.0,5.0,932.0,True,11104.199999999999,119.4,59819.4,2018-02-02,2018-02-05,12040.0,EXIT_MA,120.4,260.1999999999971,0.43497594425888103,0.8375209380234505,64,96
percentile,071050.KS,2018-01-23,88500.0,92.3076923076923,2018-01-24,88500.0,146.0,146.0,False,82305.0,25842.0,12946842.0,,2018-02-05,82305.0,STOP,24033.06,-954345.0600000005,-7.371257485029944,-6.999999999999995,9,12
percentile,001820.KS,2017-11-14,30600.0,100.0,2017-11-15,30600.0,373.0,373.0,False,28457.999999999996,22827.600000000002,11436627.6,2018-02-05,2018-02-06,39550.0,EXIT_MA,29504.3,3286018.0999999996,28.732404472101546,29.2483660130719,55,83
percentile,022100.KS,2018-01-15,8840.0,82.05128205128204,2018-01-16,8940.0,11.0,1466.0,True,8314.199999999999,196.68,98536.68,,2018-02-06,8314.199999999999,STOP,182.91239999999996,-7263.392400000012,-7.371257485029953,-7.000000000000018,16,21
percentile,039490.KS,2018-01-18,105500.0,85.25641025641025,2018-01-19,106500.0,1.0,123.0,True,99045.0,213.0,106713.0,,2018-02-06,99045.0,STOP,198.09,-7866.0899999999965,-7.371257485029936,-6.999999999999995,13,18
percentile,008770.KS,2017-10-26,69400.0,86.36363636363636,2017-10-27,70800.0,158.0,158.0,False,65844.0,22372.8,11208772.8,2018-02-07,2018-02-08,83000.0,EXIT_MA,26228.0,1878999.1999999993,16.763647845551827,17.231638418079086,70,104
percentile,005490.KS,2018-01-03,357500.0,77.56410256410257,2018-01-04,362000.0,34.0,34.0,False,336660.0,24616.0,12332616.0,2018-02-09,2018-02-12,355500.0,EXIT_MA,24174.0,-269790.0,-2.187613722830582,-1.7955801104972413,27,39
percentile,005850.KS,2018-01-23,27050.0,83.33333333333334,2018-01-24,27050.0,176.0,478.0,True,25156.5,9521.6,4770321.6,,2018-02-13,25156.5,STOP,8855.088,-351632.6880000001,-7.371257485029943,-6.999999999999995,15,20
percentile,010060.KS,2018-01-03,133097.0469,92.3076923076923,2018-01-04,136320.8438,91.0,91.0,False,126778.38473399999,24810.3935716,12430007.179371601,2018-03-05,2018-03-06,142307.9062,EXIT_MA,25900.038928399998,494112.24589999765,3.97515656081043,4.391890655242547,40,61
percentile,081660.KS,2018-03-08,21200.0,94.23076923076923,2018-03-09,21200.0,570.0,570.0,False,19716.0,24168.0,12108168.0,,2018-03-13,19716.0,STOP,22476.24,-892524.2400000002,-7.3712574850299415,-6.999999999999995,3,4
percentile,028050.KS,2018-03-12,18000.0,92.94871794871796,2018-03-13,18150.0,674.0,674.0,False,16879.5,24466.2,12257566.2,,2018-03-14,16879.5,STOP,22753.566,-903536.7659999989,-7.371257485029932,-6.999999999999995,2,1
percentile,051900.KS,2018-03-09,1154000.0,76.28205128205127,2018-03-12,1165000.0,10.0,10.0,False,1083450.0,23300.0,11673300.0,2018-03-14,2018-03-15,1141000.0,EXIT_MA,22820.0,-286120.0,-2.451063538159732,-2.060085836909875,3,3
percentile,112610.KS,2018-01-23,16261.50977,91.02564102564102,2018-01-24,16545.55273,795.0,795.0,False,15387.3640389,26307.428840700002,13180021.8491907,2018-03-19,2018-03-20,16001.13574,EXIT_MA,25441.8058266,-484560.7417173013,-3.6764790473170197,-3.2904128310737857,36,55
percentile,010120.KS,2018-03-15,12800.0,80.12820512820514,2018-03-16,12960.0,934.0,934.0,False,12052.8,24209.28,12128849.28,,2018-03-23,12052.8,STOP,22514.6304,-894048.7104000002,-7.3712574850299415,-7.000000000000006,6,7
percentile,003670.KS,2017-11-14,31844.21484,98.7012987012987,2017-11-15,32082.92578,359.0,359.0,False,29837.1209754,23035.54071004,11540805.89573004,2018-03-23,2018-03-26,45307.58594,EXIT_MA,32530.846704919997,4692086.610025039,40.65649013091066,41.22024359836922,86,131
percentile,051910.KS,2018-03-09,406500.0,82.6923076923077,2018-03-12,410500.0,29.0,29.0,False,381765.0,23809.0,11928309.0,2018-03-23,2018-03-26,390500.0,EXIT_MA,22649.0,-626458.0,-5.251859253478427,-4.8721071863580985,10,14
percentile,011780.KS,2018-03-21,97800.0,82.6923076923077,2018-03-22,98800.0,115.0,120.0,True,91884.0,22724.0,11384724.0,2018-03-23,2018-03-26,96900.0,EXIT_MA,22287.0,-263511.0,-2.314601566098572,-1.9230769230769273,2,4
percentile,001820.KS,2018-03-22,47400.0,99.35897435897436,2018-03-23,46500.0,2.0,252.0,True,43245.0,186.0,93186.0,,2018-03-29,43245.0,STOP,172.98,-6868.979999999996,-7.371257485029936,-6.999999999999995,5,6
percentile,066970.KS,2018-03-13,36158.23047,95.51282051282051,2018-03-14,36204.29297,310.0,330.0,True,33669.9924621,22446.661641400002,11245777.482341401,2018-04-04,2018-04-05,34776.38672,EXIT_MA,21561.3597664,-486658.9589077998,-4.327481667425595,-3.9440246801206946,16,22
percentile,096770.KS,2018-03-12,203157.2188,83.33333333333334,2018-03-13,200789.4219,46.0,59.0,True,186734.16236699998,18472.626814799998,9254786.034214798,2018-04-10,2018-04-11,192265.3438,EXIT_MA,17688.4116296,-428268.631044399,-4.6275368167464555,-4.245282455290534,21,29
percentile,207940.KS,2018-01-02,592580.0,95.51282051282051,2018-01-03,594862.0625,20.0,20.0,False,553221.718125,23794.482500000002,11921035.7325,2018-04-23,2018-04-24,724940.625,EXIT_MA,28997.625,2548779.1425,21.380517596733075,21.867012657241027,76,111
percentile,017800.KS,2018-04-18,59600.0,94.23076923076923,2018-04-19,61466.66797,203.0,203.0,False,57164.001212099996,24955.46719582,12502689.06510582,,2018-05-25,57164.001212099996,STOP,23208.5844921126,-921605.4035416339,-7.37125748502995,-7.000000000000006,24,36
percentile,052690.KS,2018-04-16,31850.0,91.66666666666666,2018-04-17,32050.0,384.0,384.0,False,29806.499999999996,24614.4,12331814.4,2018-05-29,2018-05-30,30700.0,EXIT_MA,23577.600000000002,-566592.0,-4.594555039686617,-4.212168486739465,28,43
percentile,024110.KS,2018-04-23,16600.0,75.64102564102564,2018-04-24,16600.0,746.0,746.0,False,15437.999999999998,24767.2,12408367.2,2018-05-29,2018-05-30,16000.0,EXIT_MA,23872.0,-496239.19999999925,-3.999230454753139,-3.6144578313253017,23,36
percentile,000720.KS,2018-05-28,79100.0,97.48427672955975,2018-05-29,78700.0,146.0,162.0,True,73191.0,22980.4,11513180.4,,2018-05-30,73191.0,STOP,21371.772,-848666.1720000003,-7.3712574850299415,-6.999999999999995,2,1
percentile,071050.KS,2018-04-24,87200.0,89.1025641025641,2018-04-25,86500.0,114.0,139.0,True,80445.0,19722.0,9880722.0,2018-06-18,2018-06-19,84700.0,EXIT_MA,19311.600000000002,-244233.59999999963,-2.4718193670462503,-2.0809248554913284,34,55
percentile,192820.KS,2018-04-16,156720.25,86.53846153846155,2018-04-17,156228.9688,78.0,78.0,False,145292.940984,24371.7191328,12210231.2855328,2018-06-22,2018-06-25,156720.25,EXIT_MA,24448.359,-10500.14453279972,-0.08599464078326458,0.31446229452420926,44,69
percentile,008770.KS,2018-03-09,92200.0,92.3076923076923,2018-03-12,93500.0,130.0,130.0,False,86955.0,24310.0,12179310.0,2018-06-26,2018-06-27,115500.0,EXIT_MA,30030.0,2805660.0,23.03628038041564,23.529411764705888,72,107
percentile,003230.KS,2018-04-16,89300.0,92.3076923076923,2018-04-17,89900.0,137.0,137.0,False,83607.0,24632.600000000002,12340932.6,2018-07-09,2018-07-10,100500.0,EXIT_MA,27537.0,1400030.4000000004,11.34460778110076,11.790878754171308,55,84
percentile,081660.KS,2018-03-20,21900.0,91.66666666666666,2018-03-21,22000.0,538.0,538.0,False,20460.0,23672.0,11859672.0,2018-07-23,2018-07-24,31000.0,EXIT_MA,33356.0,4784972.0,40.346579568136455,40.90909090909092,84,125
percentile,001820.KS,2018-04-16,57400.0,100.0,2018-04-17,57900.0,213.0,213.0,False,53847.0,24665.4,12357365.4,2018-07-31,2018-08-01,90400.0,EXIT_MA,38510.4,6859324.200000001,55.507982308267756,56.131260794473235,71,106
percentile,180640.KS,2019-04-08,30400.0,98.15950920245399,2019-04-09,31600.0,444.0,444.0,False,29387.999999999996,28060.8,14058460.8,,2019-04-10,29387.999999999996,STOP,26096.543999999998,-1036285.3440000024,-7.371257485029957,-7.000000000000006,2,1
percentile,003490.KS,2019-04-12,24157.56836,88.34355828220859,2019-04-15,25718.31055,561.0,561.0,False,23918.028811499997,28855.9444371,14456828.162987098,,2019-04-17,23918.028811499997,STOP,26836.028326502998,-1065650.0280621033,-7.371257485029943,-7.000000000000006,3,2
percentile,112610.KS,2019-04-12,18770.56445,97.54601226993866,2019-04-15,18912.58594,722.0,722.0,False,17588.7049242,27309.77409736,13682196.82277736,,2019-04-19,17588.7049242,STOP,25398.089910544797,-1008549.9574155062,-7.37125748502995,-7.000000000000006,5,4
percentile,018880.KS,2019-04-18,12800.0,85.88957055214725,2019-04-19,12750.0,1054.0,1054.0,False,11857.5,26877.0,13465377.0,,2019-05-07,11857.5,STOP,24995.61,-992567.6099999994,-7.371257485029936,-6.999999999999995,11,18
percentile,005850.KS,2019-04-11,24050.0,94.47852760736197,2019-04-12,24100.0,562.0,562.0,False,22413.0,27088.4,13571288.4,2019-05-09,2019-05-10,23400.0,EXIT_MA,26301.600000000002,-446790.0,-3.2921708450319276,-2.904564315352698,18,28
percentile,081660.KS,2019-02-27,56600.0,100.0,2019-02-28,56700.0,228.0,228.0,False,52731.0,25855.2,12953455.2,2019-05-30,2019-05-31,77500.0,EXIT_MA,35340.0,4681204.800000001,36.138657429409264,36.68430335097001,63,92
percentile,000270.KS,2019-04-03,36400.0,89.57055214723927,2019-04-04,36500.0,366.0,366.0,False,33945.0,26718.0,13385718.0,2019-05-31,2019-06-03,38900.0,EXIT_MA,28474.8,823207.1999999993,6.149891996828256,6.57534246575342,40,60
percentile,086280.KS,2019-04-18,73250.0,83.43558282208589,2019-04-19,73500.0,184.0,184.0,False,68355.0,27048.0,13551048.0,2019-07-03,2019-07-04,76750.0,EXIT_MA,28244.0,542708.0,4.004915339389249,4.421768707482987,51,76
percentile,011790.KS,2019-11-04,47100.0,94.54545454545455,2019-11-05,46950.0,278.0,278.0,False,43663.5,26104.2,13078204.2,,2019-11-07,43663.5,STOP,24276.906,-964028.1059999987,-7.371257485029931,-6.999999999999995,3,2
percentile,000990.KS,2019-11-15,18500.0,98.7878787878788,2019-11-18,18600.0,702.0,702.0,False,17298.0,26114.4,13083314.4,,2019-11-21,17298.0,STOP,24286.392,-964404.7920000013,-7.37125748502995,-6.999999999999995,4,3
percentile,011210.KS,2019-11-12,54200.0,98.7878787878788,2019-11-13,54400.0,239.0,239.0,False,50592.0,26003.2,13027603.2,,2019-11-22,50592.0,STOP,24182.976,-960298.175999999,-7.3712574850299335,-6.999999999999995,8,9
percentile,005930.KS,2019-11-06,53300.0,92.72727272727272,2019-11-07,53400.0,244.0,244.0,False,49662.0,26059.2,13055659.2,2019-11-29,2019-12-02,50900.0,EXIT_MA,24839.2,-660898.3999999985,-5.06216032354765,-4.681647940074907,17,25
percentile,012330.KS,2019-11-15,257500.0,89.0909090909091,2019-11-18,254000.0,50.0,50.0,False,236219.99999999997,25400.0,12725400.0,2019-11-29,2019-12-02,245000.0,EXIT_MA,24500.0,-499900.0,-3.9283637449510427,-3.543307086614178,10,14
percentile,180640.KS,2019-12-23,46200.0,98.7878787878788,2019-12-24,47750.0,58.0,282.0,True,44407.5,5539.0,2775039.0,,2019-12-24,44407.5,STOP,5151.27,-204555.27000000002,-7.371257485029941,-6.999999999999995,1,0
percentile,029780.KS,2019-12-18,41650.0,89.6969696969697,2019-12-19,41600.0,315.0,315.0,False,38688.0,26208.0,13130208.0,,2019-12-27,38688.0,STOP,24373.44,-967861.4399999995,-7.371257485029936,-6.999999999999995,6,8
percentile,004800.KS,2019-12-24,102451.4375,87.87878787878788,2019-12-26,102940.4688,24.0,126.0,True,95734.635984,4941.1425024,2475512.3937024,2019-12-27,2019-12-30,97438.89844,EXIT_MA,4677.06712512,-141655.89826752013,-5.722285965034423,-5.344419375715914,2,4
percentile,000500.KS,2019-12-12,10478.56543,98.18181818181819,2019-12-13,10566.62012,1208.0,1208.0,False,9826.9567116,25528.95420992,12790006.05916992,,2020-01-02,9826.9567116,STOP,23741.9274152256,-942784.2789723463,-7.371257485029946,-6.999999999999995,12,20
percentile,012330.KS,2019-12-17,263500.0,90.9090909090909,2019-12-18,259500.0,49.0,49.0,False,241334.99999999997,25431.0,12740931.0,2020-01-02,2020-01-03,249000.0,EXIT_MA,24402.0,-564333.0,-4.429291705606129,-4.046242774566478,9,16
percentile,028050.KS,2019-12-13,19900.0,90.30303030303031,2019-12-16,19900.0,636.0,636.0,False,18507.0,25312.8,12681712.8,,2020-01-08,18507.0,STOP,23540.904000000002,-934801.7039999999,-7.371257485029939,-6.999999999999995,15,23
percentile,035420.KS,2019-11-14,180000.0,99.39393939393939,2019-11-15,177000.0,72.0,72.0,False,164610.0,25488.0,12769488.0,2020-01-28,2020-01-29,183000.0,EXIT_MA,26352.0,380160.0,2.9770966541493284,3.3898305084745672,48,75
percentile,229640.KS,2020-01-03,8470.0,88.48484848484848,2020-01-06,8460.0,1514.0,1514.0,False,7867.799999999999,25616.88,12834056.88,2020-01-30,2020-01-31,8050.0,EXIT_MA,24375.4,-670732.2800000012,-5.226190644715307,-4.846335697399528,17,25
percentile,014680.KS,2019-12-18,105000.0,96.96969696969697,2019-12-19,106500.0,125.0,125.0,False,99045.0,26625.0,13339125.0,2020-02-18,2020-02-19,106500.0,EXIT_MA,26625.0,-53250.0,-0.39920159680638717,0.0,39,62
percentile,207940.KS,2020-02-06,789599.5625,98.7878787878788,2020-02-07,792642.3125,16.0,16.0,False,737157.350625,25364.554,12707641.554,,2020-02-21,737157.350625,STOP,23589.035219999998,-936712.979220001,-7.371257485029949,-7.000000000000006,11,14
percentile,000990.KS,2019-12-12,21700.0,99.39393939393939,2019-12-13,22000.0,583.0,583.0,False,20460.0,25652.0,12851652.0,2020-02-24,2020-02-25,27200.0,EXIT_MA,31715.2,2974232.8000000007,23.142805298493926,23.636363636363633,47,74
percentile,005930.KS,2019-12-13,54700.0,93.93939393939394,2019-12-16,54500.0,231.0,231.0,False,50685.0,25179.0,12614679.0,2020-02-24,2020-02-25,56200.0,EXIT_MA,25964.4,341556.5999999996,2.707612298339099,3.119266055045866,46,71
percentile,011070.KS,2020-01-09,145500.0,94.54545454545455,2020-01-10,146000.0,81.0,89.0,True,135780.0,23652.0,11849652.0,2020-02-24,2020-02-25,143000.0,EXIT_MA,23166.0,-289818.0,-2.445793344817215,-2.0547945205479423,30,46
percentile,036570.KS,2020-02-19,687000.0,93.33333333333333,2020-02-20,700000.0,18.0,19.0,True,651000.0,25200.0,12625200.0,,2020-02-25,651000.0,STOP,23436.0,-930636.0,-7.371257485029941,-6.999999999999995,4,5
percentile,000660.KS,2019-12-13,87900.0,92.72727272727272,2019-12-16,87200.0,144.0,144.0,False,81096.0,25113.600000000002,12581913.6,2020-02-26,2020-02-27,94700.0,EXIT_MA,27273.600000000002,1027612.8000000007,8.167380834660959,8.600917431192666,48,73
percentile,007810.KS,2020-02-07,12300.0,99.39393939393939,2020-02-10,12350.0,1020.0,1074.0,True,11485.5,25194.0,12622194.0,,2020-02-28,11200.0,STOP,22848.0,-1221042.0,-9.673769869168545,-9.311740890688258,15,18
percentile,011790.KS,2020-01-07,52200.0,96.36363636363636,2020-01-08,51600.0,247.0,247.0,False,47988.0,25490.4,12770690.4,2020-02-28,2020-03-02,52000.0,EXIT_MA,25688.0,47621.59999999963,0.37289761562146734,0.7751937984496138,36,54
percentile,020150.KS,2020-01-13,46750.0,89.0909090909091,2020-01-14,47450.0,2.0,282.0,True,44128.5,189.8,95089.8,2020-02-28,2020-03-02,46750.0,EXIT_MA,187.0,-1776.800000000003,-1.8685495184551895,-1.475237091675452,32,48
percentile,035720.KS,2020-01-07,32000.0,95.75757575757575,2020-01-08,31700.0,403.0,403.0,False,29480.999999999996,25550.2,12800650.2,2020-03-11,2020-03-12,33400.0,EXIT_MA,26920.4,632629.4000000004,4.942166140904314,5.362776025236604,44,64
percentile,000990.KS,2020-05-26,32700.0,98.80239520958084,2020-05-27,32150.0,379.0,379.0,False,29899.499999999996,24369.7,12209219.7,,2020-05-28,29899.499999999996,STOP,22663.820999999996,-899973.0210000016,-7.371257485029953,-7.000000000000006,2,1
percentile,006400.KS,2020-05-26,388000.0,96.40718562874252,2020-05-27,378000.0,31.0,31.0,False,351540.0,23436.0,11741436.0,,2020-05-28,351540.0,STOP,21795.48,-865491.4800000004,-7.371257485029944,-6.999999999999995,2,1
percentile,011200.KS,2020-06-04,5520.0,98.20359281437125,2020-06-05,5520.0,2227.0,2227.0,False,5133.599999999999,24586.08,12317626.08,,2020-06-08,5133.599999999999,STOP,22865.054399999997,-907963.9344000015,-7.371257485029953,-7.000000000000006,2,3
percentile,039490.KS,2020-06-02,89400.0,88.62275449101796,2020-06-03,91900.0,136.0,136.0,False,85467.0,24996.8,12523396.8,,2020-06-12,83100.0,STOP,22603.2,-1244400.0,-9.936601226274327,-9.575625680087052,8,9
percentile,097950.KS,2020-06-10,329500.0,89.82035928143712,2020-06-11,327500.0,37.0,37.0,False,304575.0,24235.0,12141735.0,,2020-06-12,304575.0,STOP,22538.55,-894998.5500000007,-7.371257485029946,-6.999999999999995,2,1
percentile,039490.KS,2020-06-18,96600.0,89.82035928143712,2020-06-19,97900.0,133.0,133.0,False,91047.0,26041.4,13046741.4,,2020-06-25,91047.0,STOP,24218.502,-961708.9020000007,-7.371257485029946,-6.999999999999995,5,6
percentile,003230.KS,2020-06-17,137000.0,97.0059880239521,2020-06-18,137500.0,95.0,95.0,False,127874.99999999999,26125.0,13088625.0,,2020-06-29,127500.0,STOP,24225.0,-1000350.0,-7.642896026129558,-7.272727272727275,8,11
percentile,281820.KS,2020-07-06,24100.0,85.02994011976048,2020-07-07,24400.0,445.0,543.0,True,22692.0,21716.0,10879716.0,,2020-07-15,22692.0,STOP,20195.88,-801971.8800000008,-7.371257485029947,-6.999999999999995,7,8
percentile,001440.KS,2020-07-20,6584.70459,82.63473053892216,2020-07-21,6851.089844,1.0,2005.0,True,6371.5135549199995,13.702179688000001,6864.792023688,,2020-07-21,6371.5135549199995,STOP,12.74302710984,-506.0214958778406,-7.371257485029949,-7.000000000000006,1,0
percentile,011070.KS,2020-06-11,167000.0,94.61077844311377,2020-06-12,159500.0,76.0,76.0,False,148335.0,24244.0,12146244.0,2020-07-23,2020-07-24,158500.0,EXIT_MA,24092.0,-124336.0,-1.0236580131273503,-0.6269592476489061,30,42
percentile,207940.KS,2020-06-04,988901.1875,99.40119760479041,2020-06-05,981294.25,12.0,12.0,False,912603.6525,23551.062,11799082.062,2020-07-31,2020-08-03,1107569.375,EXIT_MA,26581.665,1465168.773,12.417650502819258,12.868222248321537,41,59
percentile,068270.KS,2020-06-01,183373.1719,94.01197604790418,2020-06-02,185388.25,66.0,66.0,False,172411.07249999998,24471.249,12260095.749,2020-08-12,2020-08-13,243825.8594,EXIT_MA,32185.0134408,3800225.9579591993,30.996707005890766,31.52174390771798,52,72
percentile,011790.KS,2020-08-12,91000.0,92.81437125748504,2020-08-13,93500.0,21.0,168.0,True,86955.0,3927.0,1967427.0,,2020-08-14,86955.0,STOP,3652.11,-145024.1100000001,-7.371257485029946,-6.999999999999995,2,1
percentile,005070.KS,2020-08-03,15668.29492,92.21556886227546,2020-08-04,15619.02344,847.0,916.0,True,14525.6917992,26458.625707360003,13255771.479387362,,2020-08-18,14525.6917992,STOP,24606.521907844803,-977117.0473728068,-7.371257485029954,-7.000000000000006,10,14
percentile,004370.KS,2020-06-17,375000.0,92.81437125748504,2020-06-18,379500.0,34.0,34.0,False,352935.0,25806.0,12928806.0,2020-08-18,2020-08-19,366500.0,EXIT_MA,24922.0,-492728.0,-3.8110866540962873,-3.4255599472990728,43,62
percentile,192820.KS,2020-08-14,112995.7969,78.44311377245509,2020-08-18,111521.9375,16.0,131.0,True,103715.401875,3568.702,1787919.702,,2020-08-20,103715.401875,STOP,3318.89286,-131792.16486000014,-7.371257485029947,-7.000000000000006,3,2
percentile,011200.KS,2020-07-30,5850.0,93.41317365269461,2020-07-31,5900.0,7.0,2351.0,True,5487.0,82.60000000000001,41382.6,,2020-08-21,5487.0,STOP,76.818,-3050.417999999998,-7.371257485029934,-6.999999999999995,15,21
percentile,042700.KS,2020-07-13,4465.0,80.83832335329342,2020-07-14,4435.0,5.0,3051.0,True,4124.549999999999,44.35,22219.35,2020-08-27,2020-08-28,4900.0,EXIT_MA,49.0,2231.6500000000015,10.043723151217302,10.484780157835406,32,45
percentile,207940.KS,2020-08-12,1282528.75,96.40718562874252,2020-08-13,1273400.5,11.0,11.0,False,1184262.4649999999,28014.811,14035420.311,,2020-08-31,1184262.4649999999,STOP,26053.77423,-1034586.970230002,-7.371257485029954,-7.000000000000006,12,18
percentile,011070.KS,2020-09-02,169000.0,76.04790419161677,2020-09-03,168500.0,77.0,92.0,True,156705.0,25949.0,13000449.0,2020-09-03,2020-09-04,155500.0,EXIT_MA,23947.0,-1050896.0,-8.083536191711532,-7.71513353115727,1,1
percentile,035720.KS,2020-08-27,82100.0,99.40119760479041,2020-08-28,82700.0,137.0,186.0,True,76911.0,22659.8,11352559.8,,2020-09-08,76911.0,STOP,21073.614,-836826.4140000008,-7.371257485029947,-6.999999999999995,8,11
percentile,035420.KS,2020-06-22,270000.0,97.60479041916167,2020-06-23,272000.0,41.0,48.0,True,252959.99999999997,22304.0,11174304.0,2020-09-14,2020-09-15,304000.0,EXIT_MA,24928.0,1264768.0,11.318539391804626,11.764705882352944,59,84
percentile,001440.KS,2020-09-04,6992.606934,74.25149700598801,2020-09-07,7408.833496,16.0,2361.0,True,6890.21515128,237.08267187200002,118778.41860787201,,2020-09-17,6890.21515128,STOP,220.48688484096002,-8755.46307223296,-7.371257485029941,-7.000000000000006,9,10
percentile,051910.KS,2020-06-04,417500.0,85.62874251497006,2020-06-05,421500.0,29.0,29.0,False,391995.0,24447.0,12247947.0,2020-09-17,2020-09-18,653000.0,EXIT_MA,37874.0,6651179.0,54.304439756311815,54.92289442467377,74,105
percentile,066970.KS,2020-09-18,43758.35547,97.0059880239521,2020-09-21,43949.85547,358.0,358.0,False,40873.3655871,31468.096516520003,15765516.35477652,,2020-09-21,40873.3655871,STOP,29265.329760363602,-1162116.804355083,-7.371257485029936,-7.000000000000006,1,0
percentile,251270.KS,2020-09-03,194500.0,96.40718562874252,2020-09-04,188500.0,63.0,83.0,True,175305.0,23751.0,11899251.0,,2020-09-23,175305.0,STOP,22088.43,-877124.4299999997,-7.371257485029938,-6.999999999999995,14,19
percentile,003670.KS,2020-06-09,60441.94141,81.437125748503,2020-06-10,60250.97266,204.0,204.0,False,56033.4045738,24582.39684528,12315780.819485279,2020-09-24,2020-09-25,75242.10156,EXIT_MA,30698.77743648,3002909.1213182397,24.382612562958407,24.881140068220752,76,107
percentile,000100.KS,2020-07-24,46482.69141,82.03592814371258,2020-07-27,47469.93359,252.0,284.0,True,44147.0382387,23924.846529360002,11986348.11120936,2020-09-24,2020-09-25,51665.71484,EXIT_MA,26039.52027936,1007372.5081912782,8.404332152252497,8.838818453463947,43,60
percentile,000990.KS,2020-07-15,31850.0,94.01197604790418,2020-07-16,32100.0,313.0,417.0,True,29852.999999999996,20094.600000000002,10067394.6,2020-09-25,2020-09-28,37050.0,EXIT_MA,23193.3,1506062.0999999996,14.959800026115989,15.420560747663558,51,74
percentile,192820.KS,2020-10-12,123804.0859,82.03592814371258,2020-10-13,123312.8047,127.0,127.0,False,114680.90837099998,31321.4523938,15692047.649293799,,2020-10-15,114680.90837099998,STOP,29128.950726233998,-1156701.2369030342,-7.3712574850299415,-7.000000000000006,3,2
percentile,011780.KS,2020-10-08,141000.0,97.0059880239521,2020-10-12,139000.0,111.0,111.0,False,129269.99999999999,30858.0,15459858.0,,2020-10-19,129269.99999999999,STOP,28697.94,-1139585.9400000013,-7.371257485029949,-7.000000000000006,6,7
percentile,112610.KS,2020-07-06,22250.10156,86.82634730538922,2020-07-07,22534.14453,588.0,588.0,False,20956.7544129,26500.153967280003,13276577.13760728,2020-10-19,2020-10-20,46157.125,EXIT_MA,54280.779,13809531.58339272,104.01424584259591,104.83193821070249,70,105
percentile,103140.KS,2020-10-22,27700.0,74.8502994011976,2020-10-23,27800.0,527.0,527.0,False,25854.0,29301.2,14679901.2,,2020-10-27,25854.0,STOP,27250.116,-1082093.3159999996,-7.371257485029938,-6.999999999999995,3,4
percentile,011780.KS,2020-11-05,154000.0,95.83333333333334,2020-11-06,153000.0,102.0,102.0,False,142290.0,31212.0,15637212.0,,2020-11-10,142290.0,STOP,29027.16,-1152659.1600000001,-7.3712574850299415,-6.999999999999995,3,4
percentile,036570.KS,2020-11-04,837000.0,76.78571428571429,2020-11-05,847000.0,18.0,18.0,False,787710.0,30492.0,15276492.0,2020-11-10,2020-11-11,783000.0,EXIT_MA,28188.0,-1210680.0,-7.92511788701228,-7.5560802833530065,4,6
percentile,112610.KS,2020-11-09,61779.53516,98.80952380952381,2020-11-10,60832.72266,4.0,268.0,True,56574.432073799995,486.66178128,243817.55242128,,2020-11-12,56574.432073799995,STOP,452.5954565904,-17972.419582670438,-7.371257485029956,-7.000000000000006,3,2
percentile,082740.KS,2020-11-17,4378.724609,84.52380952380952,2020-11-18,4418.243652,1.0,3714.0,True,4108.96659636,8.836487304,4427.080139304,,2020-11-19,4108.96659636,STOP,8.21793319272,-326.3314761367201,-7.3712574850299415,-7.000000000000006,2,1
percentile,026960.KS,2020-09-08,26650.0,88.62275449101796,2020-09-09,26500.0,396.0,601.0,True,24645.0,20988.0,10514988.0,2020-11-24,2020-11-25,28750.0,EXIT_MA,22770.0,847242.0,8.05746996572892,8.490566037735858,51,77
percentile,336260.KS,2020-11-24,46900.0,100.0,2020-11-25,46800.0,242.0,355.0,True,43524.0,22651.2,11348251.2,,2020-12-03,43524.0,STOP,21065.616,-836508.8159999996,-7.371257485029938,-6.999999999999995,7,8
percentile,009830.KS,2020-08-25,37937.72656,98.20359281437125,2020-08-26,37991.38672,397.0,397.0,False,35331.9896496,30165.161055680004,15112745.688895682,2020-12-04,2020-12-07,48401.45312,EXIT_MA,38430.75377728,4064200.4459670354,26.89253514636502,27.40112246158093,69,103
percentile,039490.KS,2020-12-04,144500.0,89.41176470588236,2020-12-07,145000.0,18.0,115.0,True,134850.0,5220.0,2615220.0,,2020-12-10,134850.0,STOP,4854.6,-192774.6000000001,-7.371257485029943,-6.999999999999995,4,3
percentile,006360.KS,2020-12-11,38650.0,80.58823529411765,2020-12-14,38300.0,1.0,459.0,True,35619.0,76.60000000000001,38376.6,,2020-12-22,35619.0,STOP,71.238,-2828.837999999996,-7.371257485029931,-6.999999999999995,7,8
percentile,008930.KS,2020-12-04,72747.28125,94.70588235294117,2020-12-07,71616.5,229.0,229.0,False,66603.345,32800.357,16432978.857,,2020-12-23,66603.345,STOP,30504.332010000002,-1211317.184010001,-7.371257485029946,-6.999999999999995,13,16
percentile,006800.KS,2020-11-25,9867.761719,78.23529411764706,2020-11-26,9837.980469,1.0,1668.0,True,9149.32183617,19.675960938,9857.656429938,2020-12-29,2020-12-30,9222.486328,EXIT_MA,18.444972656,-653.6150745939995,-6.630532107093434,-6.256305782873362,23,34
percentile,207940.KS,2020-11-04,1115176.25,82.14285714285714,2020-11-05,1166903.375,13.0,13.0,False,1085220.13875,30339.48775,15200083.36275,2021-01-18,2021-01-19,1195809.75,EXIT_MA,31091.0535,314352.3337500002,2.068096116632926,2.4771866822306476,50,75
percentile,047040.KS,2021-01-19,6490.0,85.29411764705883,2021-01-20,6610.0,5.0,3124.0,True,6147.299999999999,66.1,33116.1,,2021-01-26,6147.299999999999,STOP,61.47299999999999,-2441.073000000004,-7.371257485029953,-7.000000000000006,5,6
percentile,082740.KS,2020-12-03,5848.837891,89.41176470588236,2020-12-04,5943.684082,1766.0,2862.0,True,5527.626196259999,20993.092177624,10517539.180989623,2021-01-28,2021-01-29,5967.395508,EXIT_MA,21076.840934256,-195.55479587987065,-0.0018593208212937733,0.39893483019746157,37,56
percentile,000100.KS,2020-12-07,57424.63281,78.23529411764706,2020-12-08,57753.71484,2.0,297.0,True,53710.954801199994,231.01485936,115738.44453936,2021-01-28,2021-01-29,58913.72266,EXIT_MA,235.65489064,1853.3458899999969,1.6013226178875388,2.0085423478189535,35,52
percentile,272210.KS,2020-12-28,15221.68652,92.3529411764706,2020-12-29,15221.68652,10.0,1162.0,True,14156.168463599999,304.4337304,152521.2989304,,2021-01-29,14156.168463599999,STOP,283.123369272,-11242.737663672015,-7.37125748502995,-7.000000000000006,22,31
percentile,011200.KS,2020-10-21,7600.0,97.60479041916167,2020-10-22,7690.0,1940.0,1940.0,False,7151.7,29837.2,14948437.2,2021-01-29,2021-02-01,13350.0,EXIT_MA,51798.0,10898764.8,72.9090583462464,73.60208062418725,69,102
percentile,005070.KS,2020-12-09,16998.62109,85.29411764705883,2020-12-10,16259.55078,1.0,990.0,True,15121.382225399999,32.51910156,16292.069881559999,2021-01-29,2021-02-01,17688.41992,EXIT_MA,35.37683984,1360.9731986000024,8.353592935053667,8.787875872669094,34,53
percentile,020150.KS,2021-02-03,79000.0,82.35294117647058,2021-02-04,78500.0,263.0,263.0,False,73005.0,41291.0,20686791.0,,2021-02-08,73005.0,STOP,38400.63,-1524876.629999999,-7.371257485029934,-6.999999999999995,3,4
percentile,022100.KS,2020-12-29,7850.0,78.23529411764706,2020-12-30,7770.0,2.0,2333.0,True,7226.099999999999,31.080000000000002,15571.08,2021-02-09,2021-02-10,7800.0,EXIT_MA,31.2,-2.280000000000655,-0.014642529612593698,0.38610038610038533,28,42
percentile,006280.KS,2020-10-23,269000.0,97.0059880239521,2020-10-26,272500.0,54.0,54.0,False,253424.99999999997,29430.0,14744430.0,2021-02-18,2021-02-19,408000.0,EXIT_MA,44064.0,7243506.0,49.12706696698346,49.72477064220185,79,116
percentile,112610.KS,2020-12-10,67933.82031,98.82352941176471,2020-12-11,67933.82031,35.0,255.0,True,63178.452888299995,4755.3674217,2382439.0782717,2021-02-18,2021-02-19,81500.0,EXIT_MA,5705.0,464355.92172829993,19.490778419616884,19.969699375206538,45,70
percentile,066970.KS,2020-11-05,40167.67969,93.45238095238095,2020-11-06,40407.05859,394.0,394.0,False,37578.564488699994,31840.76216892,15952221.84662892,2021-02-23,2021-02-24,67887.6875,EXIT_MA,53495.49775,10742031.530621082,67.33877972547835,68.0094762374041,73,110
percentile,000240.KS,2021-02-03,20600.0,70.58823529411765,2021-02-04,20500.0,778.0,1011.0,True,19065.0,31898.0,15980898.0,,2021-02-24,19065.0,STOP,29665.14,-1177993.1400000006,-7.371257485029944,-6.999999999999995,13,20
percentile,010060.KS,2021-02-15,109609.3281,93.52941176470588,2021-02-16,109609.3281,174.0,188.0,True,101936.675133,38144.0461788,19110167.1355788,,2021-02-24,101936.675133,STOP,35473.962946283995,-1408659.6253830865,-7.371257485029953,-7.000000000000006,7,8
percentile,006400.KS,2020-11-05,484000.0,92.26190476190477,2020-11-06,494000.0,26.0,32.0,True,459419.99999999994,25688.0,12869688.0,2021-02-24,2021-02-25,704000.0,EXIT_MA,36608.0,5397704.0,41.94121877702086,42.510121457489866,74,111
percentile,000270.KS,2020-11-11,58100.0,89.28571428571429,2020-11-12,58600.0,205.0,277.0,True,54497.99999999999,24026.0,12037026.0,2021-02-24,2021-02-25,76500.0,EXIT_MA,31365.0,3614109.0,30.024933069015553,30.546075085324233,70,105
percentile,307950.KS,2020-11-13,81000.0,95.83333333333334,2020-11-16,81200.0,2.0,203.0,True,75516.0,324.8,162724.8,2021-02-24,2021-02-25,130500.0,EXIT_MA,522.0,97753.20000000001,60.072711719418315,60.71428571428572,68,101
percentile,012450.KS,2021-01-18,42986.64062,71.76470588235294,2021-01-19,44152.94531,350.0,449.0,True,41062.2391383,30907.061717,15484437.920217,,2021-02-26,41062.2391383,STOP,28743.567396809998,-1141397.7892088108,-7.371257485029944,-7.000000000000006,27,38
percentile,005070.KS,2021-02-16,20989.60156,77.64705882352942,2021-02-17,21383.77344,3.0,976.0,True,19886.9092992,128.30264064,64279.62296064,,2021-02-26,19886.9092992,STOP,119.32145579520001,-4738.216518835201,-7.3712574850299415,-7.000000000000006,8,9
percentile,000660.KS,2021-02-25,148500.0,81.76470588235294,2021-02-26,143500.0,128.0,128.0,False,133455.0,36736.0,18404736.0,,2021-03-09,133455.0,STOP,34164.48,-1356660.4800000004,-7.371257485029943,-6.999999999999995,7,11
percentile,088350.KS,2021-02-17,3300.0,85.88235294117646,2021-02-18,3290.0,2.0,6162.0,True,3059.7,13.16,6593.16,,2021-03-18,3059.7,STOP,12.2388,-485.9988000000003,-7.371257485029944,-7.000000000000006,20,28
percentile,267260.KS,2021-03-17,21550.0,88.23529411764706,2021-03-18,21850.0,900.0,900.0,False,20320.5,39330.0,19704330.0,,2021-03-18,20320.5,STOP,36576.9,-1452456.8999999985,-7.371257485029932,-6.999999999999995,1,0
percentile,204320.KS,2021-03-18,71900.0,95.29411764705881,2021-03-19,70700.0,267.0,267.0,False,65751.0,37753.8,18914653.8,2021-03-19,2021-03-22,73800.0,EXIT_MA,39409.200000000004,750537.0,3.9680187009291177,4.384724186704392,1,3
percentile,267270.KS,2021-03-16,52769.07031,92.94117647058823,2021-03-17,52873.5625,369.0,369.0,False,49172.413125,39020.689125000004,19549365.251625,,2021-03-22,49172.413125,STOP,36289.240886249994,-1441034.0493862517,-7.371257485029949,-7.000000000000006,4,5
percentile,267270.KS,2021-03-29,57471.26562,97.05882352941177,2021-03-30,58829.67578,358.0,358.0,False,54711.598475399995,42122.04785848,21103145.97709848,,2021-04-01,54711.598475399995,STOP,39173.504508386395,-1555567.2274136692,-7.371257485029954,-7.000000000000006,3,2
percentile,047040.KS,2021-03-29,6770.0,87.05882352941177,2021-03-30,6800.0,720.0,3042.0,True,6324.0,9792.0,4905792.0,,2021-04-02,6324.0,STOP,9106.56,-361618.5599999996,-7.371257485029932,-6.999999999999995,4,3
percentile,011780.KS,2021-03-29,260000.0,98.82352941176471,2021-03-30,266000.0,79.0,79.0,False,247379.99999999997,42028.0,21056028.0,,2021-04-05,247379.99999999997,STOP,39086.03999999999,-1552094.0400000028,-7.371257485029954,-7.000000000000006,5,6
percentile,079550.KS,2021-04-05,43900.0,73.52941176470588,2021-04-06,43900.0,68.0,462.0,True,40827.0,5970.400000000001,2991170.4,,2021-04-21,40827.0,STOP,5552.472,-220486.87199999997,-7.371257485029939,-6.999999999999995,12,15
percentile,066970.KS,2021-04-22,97283.34375,98.23529411764706,2021-04-23,100538.8906,1.0,232.0,True,93501.16825799999,201.0777812,100739.9683812,,2021-04-23,93501.16825799999,STOP,187.00233651599999,-7425.802459716011,-7.371257485029951,-7.000000000000006,1,0
percentile,001430.KS,2021-04-23,24550.0,95.88235294117648,2021-04-26,25050.0,7.0,898.0,True,23296.5,350.7,175700.7,,2021-04-26,23296.5,STOP,326.151,-12951.351000000024,-7.371257485029953,-6.999999999999995,1,0
percentile,011780.KS,2021-04-21,282000.0,97.6470588235294,2021-04-22,287000.0,9.0,77.0,True,266910.0,5166.0,2588166.0,,2021-04-28,266910.0,STOP,4804.38,-190780.3799999999,-7.371257485029936,-6.999999999999995,5,6
percentile,014680.KS,2020-12-24,184000.0,82.35294117647058,2020-12-28,186000.0,81.0,96.0,True,172980.0,30132.0,15096132.0,2021-04-29,2021-04-30,241500.0,EXIT_MA,39123.0,4426245.0,29.32039147511429,29.838709677419352,84,123
percentile,001430.KS,2021-04-26,25500.0,97.05882352941177,2021-04-27,25350.0,6.0,881.0,True,23575.5,304.2,152404.2,,2021-05-03,23575.5,STOP,282.906,-11234.106,-7.371257485029939,-6.999999999999995,5,6
percentile,034220.KS,2021-04-05,23015.04688,82.35294117647058,2021-04-06,23015.04688,882.0,882.0,False,21403.9935984,40598.54269632001,20339869.890856322,2021-05-11,2021-05-12,21798.80469,EXIT_MA,38453.09147316,-1151777.245749481,-5.662657882916234,-5.284552303288637,25,36
percentile,001430.KS,2021-05-11,34350.0,98.82352941176471,2021-05-12,34350.0,557.0,739.0,True,31945.499999999996,38265.9,19171215.9,,2021-05-14,31945.499999999996,STOP,35587.287,-1413159.6870000027,-7.371257485029954,-7.000000000000006,3,2
percentile,003550.KS,2021-04-28,138768.9844,75.88235294117646,2021-04-29,138768.9844,17.0,166.0,True,129055.15549199998,4718.145469599999,2363790.8802695996,,2021-05-27,119500.0,STOP,4063.0,-336353.8802695996,-14.22942626088976,-13.88565642626407,19,28
percentile,001120.KS,2020-11-10,18200.0,76.78571428571429,2020-11-11,18250.0,904.0,904.0,False,16972.5,32996.0,16530996.0,2021-05-28,2021-05-31,31900.0,EXIT_MA,57675.200000000004,12248928.8,74.09673803078775,74.7945205479452,135,201
percentile,004020.KS,2021-03-26,46400.0,84.11764705882354,2021-03-29,47150.0,446.0,446.0,False,43849.5,42057.8,21070957.8,2021-06-07,2021-06-08,52000.0,EXIT_MA,46384.0,2074658.1999999993,9.846055502991891,10.286320254506887,49,71
percentile,073240.KS,2021-06-07,6700.0,90.64327485380117,2021-06-08,6760.0,3417.0,4394.0,True,6286.799999999999,46197.840000000004,23145117.84,,2021-06-08,6286.799999999999,STOP,42963.9912,-1706086.2312000021,-7.37125748502995,-7.000000000000006,1,0
percentile,073240.KS,2021-06-09,7040.0,92.39766081871345,2021-06-10,7030.0,6.0,3869.0,True,6537.9,84.36,42264.36,,2021-06-15,6537.9,STOP,78.45479999999999,-3115.414800000006,-7.371257485029954,-7.000000000000006,4,5
percentile,082740.KS,2021-03-26,6979.086426,85.88235294117646,2021-03-29,7113.45166,2965.0,2965.0,False,6615.510043799999,42182.7683438,21133566.9402438,2021-06-15,2021-06-16,7405.893555,EXIT_MA,43916.94878115,780990.5015500486,3.6954978010022526,4.1111110186415445,55,79
percentile,241560.KS,2021-03-26,39550.0,72.94117647058823,2021-03-29,40550.0,523.0,523.0,False,37711.5,42415.3,21250065.3,2021-06-17,2021-06-18,47150.0,EXIT_MA,49318.9,3360065.8000000007,15.812025763516127,16.276202219482116,57,81
percentile,042700.KS,2020-11-16,6275.0,85.71428571428571,2020-11-17,6250.0,12.0,2605.0,True,5812.5,150.0,75150.0,2021-06-21,2021-06-22,16525.0,EXIT_MA,396.6,122753.4,163.3445109780439,164.4,147,217
percentile,071970.KS,2021-04-29,6480.0,95.88235294117648,2021-04-30,6950.0,2809.0,3516.0,True,6463.5,39045.1,19561595.1,2021-06-21,2021-06-22,6950.0,EXIT_MA,39045.1,-78090.20000000298,-0.39920159680640244,0.0,35,53
percentile,011200.KS,2021-02-25,18400.0,99.41176470588235,2021-02-26,17900.0,1037.0,1037.0,False,16647.0,37124.6,18599424.6,2021-06-24,2021-06-25,42100.0,EXIT_MA,87315.40000000001,24970960.0,134.2566264119805,135.19553072625698,82,119
percentile,073240.KS,2021-06-22,7890.0,95.90643274853801,2021-06-23,7940.0,2.0,3495.0,True,7384.2,31.76,15911.76,,2021-06-25,7384.2,STOP,29.5368,-1172.8968000000004,-7.371257485029943,-7.000000000000006,3,2
percentile,028050.KS,2021-06-24,27350.0,95.90643274853801,2021-06-25,27600.0,585.0,968.0,True,25668.0,32292.0,16178292.0,,2021-06-25,25668.0,STOP,30031.56,-1192543.5600000005,-7.371257485029943,-6.999999999999995,1,0
percentile,001430.KS,2021-06-24,34400.0,98.83040935672514,2021-06-25,35500.0,770.0,770.0,False,33015.0,54670.0,27389670.0,,2021-06-29,33015.0,STOP,50843.1,-2018963.1000000015,-7.371257485029946,-6.999999999999995,3,4
percentile,073240.KS,2021-06-29,8160.0,95.90643274853801,2021-06-30,8200.0,3089.0,3222.0,True,7625.999999999999,50659.6,25380459.6,,2021-07-02,7625.999999999999,STOP,47113.42799999999,-1870859.0280000046,-7.371257485029958,-7.000000000000006,3,2
percentile,011210.KS,2021-06-21,98600.0,94.15204678362574,2021-06-22,98900.0,199.0,269.0,True,91977.0,39362.200000000004,19720462.2,,2021-07-08,91977.0,STOP,36606.846,-1453646.046,-7.371257485029941,-6.999999999999995,13,16
percentile,003490.KS,2021-05-07,27900.0,73.52941176470588,2021-05-10,28150.0,5.0,889.0,True,26179.5,281.5,141031.5,2021-07-08,2021-07-09,30350.0,EXIT_MA,303.5,10415.0,7.384875010192758,7.815275310834813,43,60
percentile,042700.KS,2021-07-02,17925.0,97.6608187134503,2021-07-05,17975.0,1305.0,1446.0,True,16716.75,46914.75,23504289.75,,2021-07-09,16716.75,STOP,43630.7175,-1732561.7175000012,-7.371257485029946,-6.999999999999995,5,4
percentile,020560.KS,2021-07-16,18650.0,72.09302325581395,2021-07-19,18150.0,781.0,1346.0,True,16879.5,28350.3,14203500.3,,2021-07-19,16879.5,STOP,26365.779000000002,-1046976.5789999999,-7.371257485029939,-6.999999999999995,1,0
percentile,005850.KS,2021-05-25,32200.0,95.88235294117648,2021-05-26,32150.0,551.0,766.0,True,29899.499999999996,35429.3,17750079.3,2021-07-19,2021-07-20,31950.0,EXIT_MA,35208.9,-180838.19999999925,-1.0188022089568876,-0.6220839813374845,39,55
percentile,000270.KS,2021-05-28,84700.0,87.13450292397661,2021-05-31,85100.0,26.0,303.0,True,79143.0,4425.2,2217025.2,2021-07-19,2021-07-20,85100.0,EXIT_MA,4425.2,-8850.400000000373,-0.399201596806404,0.0,36,50
percentile,004800.KS,2021-07-15,153432.6406,87.79069767441861,2021-07-16,155266.5,167.0,167.0,False,144397.845,51859.011,25981364.511,,2021-07-20,144397.845,STOP,48228.880229999995,-1915153.27623,-7.371257485029941,-6.999999999999995,3,4
percentile,001440.KS,2021-05-28,14026.83594,91.81286549707602,2021-05-31,14484.68555,1831.0,1831.0,False,13470.757561499999,53042.9184841,26574502.1605341,2021-07-23,2021-07-26,21643.7832,EXIT_MA,79259.5340784,12976005.344587505,48.82878055890064,49.42528869741325,40,56
percentile,034020.KS,2021-05-31,19098.85938,98.24561403508771,2021-06-01,19386.7832,3.0,1366.0,True,18029.708376,116.3206992,58276.6702992,2021-07-26,2021-07-27,21978.08594,EXIT_MA,131.86851564,7525.719005159997,12.913776587649876,13.366336814454073,40,56
percentile,307950.KS,2021-06-08,122000.0,91.22807017543859,2021-06-09,122000.0,175.0,228.0,True,113459.99999999999,42700.0,21392700.0,2021-07-27,2021-07-28,120500.0,EXIT_MA,42175.0,-347375.0,-1.623801577173522,-1.2295081967213073,35,49
percentile,052690.KS,2021-04-02,25900.0,75.29411764705883,2021-04-05,26200.0,772.0,772.0,False,24366.0,40452.8,20266852.8,2021-07-29,2021-07-30,54000.0,EXIT_MA,83376.0,21337771.2,105.28408831192576,106.10687022900764,82,116
percentile,000150.KS,2021-05-27,86000.0,93.56725146198829,2021-05-28,86000.0,23.0,297.0,True,79980.0,3956.0,1981956.0,2021-08-02,2021-08-03,95200.0,EXIT_MA,4379.2,203264.7999999998,10.255767534698036,10.697674418604652,47,67
percentile,035720.KS,2021-06-15,144500.0,94.73684210526315,2021-06-16,144000.0,152.0,183.0,True,133920.0,43776.0,21931776.0,2021-08-02,2021-08-03,146000.0,EXIT_MA,44384.0,215840.0,0.9841428254601906,1.388888888888884,34,48
percentile,028670.KS,2021-06-16,7430.0,87.13450292397661,2021-06-17,7540.0,3.0,3620.0,True,7012.2,45.24,22665.24,2021-08-02,2021-08-03,7290.0,EXIT_MA,43.74,-838.9800000000032,-3.701615336965341,-3.3156498673740042,33,47
percentile,103590.KS,2021-06-02,4964.375488,85.96491228070175,2021-06-03,5011.655273,1.0,5308.0,True,4660.83940389,10.023310546000001,5021.6785835460005,2021-08-09,2021-08-10,5616.836426,EXIT_MA,11.233672852,583.924169601999,11.628067385978886,12.075474469690239,48,68
percentile,064350.KS,2021-08-06,26600.0,80.23255813953489,2021-08-09,27000.0,911.0,911.0,False,25110.0,49194.0,24646194.0,,2021-08-11,24800.0,STOP,45185.6,-2098579.6000000015,-8.514822207436984,-8.148148148148149,3,2
percentile,081660.KS,2021-08-04,55600.0,70.34883720930233,2021-08-05,55600.0,436.0,436.0,False,51708.0,48483.200000000004,24290083.2,,2021-08-17,51708.0,STOP,45089.376000000004,-1790484.5759999976,-7.371257485029931,-6.999999999999995,8,12
percentile,011790.KS,2021-06-17,145000.0,85.38011695906432,2021-06-18,145000.0,169.0,183.0,True,134850.0,49010.0,24554010.0,2021-08-17,2021-08-18,152500.0,EXIT_MA,51545.0,1166945.0,4.752563837841558,5.1724137931034475,42,61
percentile,047050.KS,2021-06-25,23750.0,73.68421052631578,2021-06-28,23950.0,625.0,1126.0,True,22273.5,29937.5,14998687.5,2021-08-17,2021-08-18,22550.0,EXIT_MA,28187.5,-933125.0,-6.221377703882423,-5.845511482254695,36,51
percentile,005070.KS,2021-08-09,48532.29688,99.4186046511628,2021-08-10,48581.56641,500.0,500.0,False,45180.8567613,48581.56641,24339364.77141,,2021-08-18,45180.8567613,STOP,45180.8567613,-1794117.2475212999,-7.371257485029941,-7.000000000000006,6,8
percentile,000720.KS,2021-08-31,55500.0,76.16279069767442,2021-09-01,54200.0,421.0,421.0,False,50406.0,45636.4,22863836.4,2021-09-01,2021-09-02,54000.0,EXIT_MA,45468.0,-175304.3999999985,-0.7667322182203794,-0.36900369003689537,1,1
percentile,006400.KS,2021-08-05,771000.0,81.97674418604652,2021-08-06,775000.0,31.0,31.0,False,720750.0,48050.0,24073050.0,2021-09-02,2021-09-03,757000.0,EXIT_MA,46934.0,-652984.0,-2.712510462945078,-2.3225806451612874,19,28
percentile,000150.KS,2021-09-01,100000.0,94.18604651162791,2021-09-02,100000.0,235.0,235.0,False,93000.0,47000.0,23547000.0,2021-09-02,2021-09-03,95700.0,EXIT_MA,44979.0,-1102479.0,-4.682035928143712,-4.300000000000004,1,1
percentile,004020.KS,2021-09-07,53200.0,83.72093023255815,2021-09-08,53400.0,453.0,453.0,False,49662.0,48380.4,24238580.4,,2021-09-23,49662.0,STOP,44993.772000000004,-1786688.1719999984,-7.3712574850299335,-6.999999999999995,9,15
percentile,005490.KS,2021-09-07,360500.0,78.48837209302324,2021-09-08,359000.0,66.0,66.0,False,333870.0,47388.0,23741388.0,2021-09-27,2021-09-28,344500.0,EXIT_MA,45474.0,-1049862.0,-4.422075069915878,-4.038997214484674,11,20
percentile,006360.KS,2021-08-31,44750.0,70.34883720930233,2021-09-01,44550.0,522.0,522.0,False,41431.5,46510.200000000004,23301610.2,2021-09-28,2021-09-29,42200.0,EXIT_MA,44056.8,-1317267.0,-5.653115766222886,-5.274971941638606,17,28
percentile,016360.KS,2021-09-02,50300.0,72.67441860465115,2021-09-03,50500.0,465.0,465.0,False,46965.0,46965.0,23529465.0,,2021-09-29,46965.0,STOP,43677.450000000004,-1734417.4499999993,-7.371257485029938,-6.999999999999995,16,26
percentile,002380.KS,2021-09-01,385000.0,95.34883720930233,2021-09-02,386500.0,61.0,61.0,False,359445.0,47153.0,23623653.0,2021-10-06,2021-10-07,376500.0,EXIT_MA,45933.0,-703086.0,-2.976195087186558,-2.587322121604141,21,35
percentile,267260.KS,2021-09-07,26450.0,90.11627906976744,2021-09-08,26500.0,912.0,912.0,False,24645.0,48336.0,24216336.0,,2021-10-08,24645.0,STOP,44952.48,-1785048.4800000004,-7.3712574850299415,-6.999999999999995,19,30
percentile,120110.KS,2021-09-07,90000.0,95.34883720930233,2021-09-08,90700.0,268.0,268.0,False,84351.0,48615.200000000004,24356215.2,2021-10-27,2021-10-28,89800.0,EXIT_MA,48132.8,-337948.0,-1.38752263939596,-0.9922822491730932,31,50
percentile,175330.KS,2021-09-14,8410.0,84.88372093023256,2021-09-15,8320.0,171.0,2902.0,True,7737.599999999999,2845.44,1425565.44,2021-11-05,2021-11-08,8400.0,EXIT_MA,2872.8,7961.760000000009,0.558498387839706,0.9615384615384581,33,54
percentile,138040.KS,2021-08-31,28750.0,98.83720930232558,2021-09-01,28800.0,813.0,813.0,False,26784.0,46828.8,23461228.8,2021-11-17,2021-11-18,34300.0,EXIT_MA,55771.8,4368899.3999999985,18.621784209359053,19.097222222222232,51,78
percentile,093370.KS,2021-09-07,18700.0,94.18604651162791,2021-09-08,18500.0,1290.0,1290.0,False,17205.0,47730.0,23912730.0,2021-12-07,2021-12-08,22100.0,EXIT_MA,57018.0,4539252.0,18.98257538976102,19.45945945945946,60,91
percentile,003670.KS,2023-03-07,260500.0,99.45945945945947,2023-03-08,259000.0,89.0,89.0,False,240869.99999999997,46102.0,23097102.0,,2023-03-09,240869.99999999997,STOP,42874.85999999999,-1702546.8600000031,-7.371257485029954,-7.000000000000006,2,1
percentile,006400.KS,2023-03-06,781000.0,96.21621621621622,2023-03-07,779000.0,29.0,29.0,False,724470.0,45182.0,22636182.0,,2023-03-10,722000.0,STOP,41876.0,-1740058.0,-7.6870648946010425,-7.317073170731703,4,3
percentile,112610.KS,2023-03-07,76300.0,87.02702702702703,2023-03-08,75000.0,305.0,305.0,False,69750.0,45750.0,22920750.0,,2023-03-13,69750.0,STOP,42547.5,-1689547.5,-7.371257485029941,-6.999999999999995,4,5
percentile,005070.KS,2023-03-06,97557.30469,100.0,2023-03-07,94601.02344,237.0,237.0,False,87978.9517992,44840.885110560004,22465283.44039056,,2023-03-14,87978.9517992,STOP,41702.0231528208,-1655973.88713298,-7.371257485029936,-6.999999999999995,6,7
percentile,051910.KS,2023-03-07,740000.0,88.64864864864866,2023-03-08,727000.0,31.0,31.0,False,676110.0,45074.0,22582074.0,,2023-03-21,676110.0,STOP,41918.82,-1664582.8200000003,-7.3712574850299415,-6.999999999999995,10,13
percentile,012450.KS,2023-03-06,107077.8359,99.45945945945947,2023-03-07,107077.8359,216.0,216.0,False,99582.387387,46257.6251088,23175070.1795088,,2023-03-22,99582.387387,STOP,43019.591351184,-1708294.0952679887,-7.37125748502996,-7.000000000000006,12,15
percentile,005490.KS,2023-03-31,368000.0,95.67567567567568,2023-04-03,385000.0,61.0,61.0,False,358050.0,46970.0,23531970.0,,2023-04-05,358050.0,STOP,43682.1,-1734602.1000000015,-7.371257485029946,-6.999999999999995,3,2
percentile,028050.KS,2023-03-31,31700.0,95.13513513513514,2023-04-03,31900.0,715.0,715.0,False,29666.999999999996,45617.0,22854117.0,,2023-04-07,29666.999999999996,STOP,42423.80999999999,-1684635.8100000024,-7.37125748502995,-7.000000000000006,5,4
percentile,009150.KS,2023-04-05,157800.0,75.67567567567568,2023-04-06,157000.0,138.0,146.0,True,146010.0,43332.0,21709332.0,2023-04-18,2023-04-19,147800.0,EXIT_MA,40792.8,-1353724.8000000007,-6.23568150323557,-5.859872611464967,9,13
percentile,001040.KS,2023-03-31,104300.0,91.8918918918919,2023-04-03,104300.0,217.0,217.0,False,96999.0,45266.200000000004,22678366.2,,2023-04-24,96999.0,STOP,42097.566,-1671680.765999999,-7.371257485029936,-6.999999999999995,16,21
percentile,042660.KS,2023-04-14,23118.21875,87.02702702702703,2023-04-17,23465.86133,1.0,1055.0,True,21823.251036899997,46.93172266,23512.79305266,,2023-05-04,21823.251036899997,STOP,43.646502073799994,-1733.1885178338016,-7.371257485029947,-7.000000000000006,13,17
percentile,005830.KS,2023-04-18,81700.0,83.78378378378379,2023-04-19,80800.0,251.0,319.0,True,75144.0,40561.6,20321361.6,,2023-05-15,75144.0,STOP,37722.288,-1497939.8880000003,-7.371257485029941,-6.999999999999995,17,26
percentile,006260.KS,2023-03-28,80700.0,92.43243243243244,2023-03-29,80300.0,276.0,276.0,False,74679.0,44325.6,22207125.6,2023-05-19,2023-05-22,82400.0,EXIT_MA,45484.8,489789.59999999776,2.205551537025565,2.6151930261519407,36,54
percentile,281820.KS,2023-05-19,19640.0,75.67567567567568,2023-05-22,19690.0,757.0,1210.0,True,18311.699999999997,29810.66,14935140.66,2023-05-25,2023-05-26,19360.0,EXIT_MA,29311.04,-308931.69999999925,-2.068488720882253,-1.6759776536312887,4,4
percentile,022100.KS,2023-03-31,9500.0,96.21621621621622,2023-04-03,9950.0,2387.0,2387.0,False,9253.5,47501.3,23798151.3,2023-05-31,2023-06-01,11500.0,EXIT_MA,54901.0,3597447.6999999993,15.11650066700769,15.57788944723617,40,59
percentile,138040.KS,2023-04-11,44300.0,94.5945945945946,2023-04-12,44300.0,479.0,529.0,True,41199.0,42439.4,21262139.4,2023-06-12,2023-06-13,44100.0,EXIT_MA,42247.8,-180487.19999999925,-0.8488666008840073,-0.4514672686230292,40,62
percentile,373220.KS,2023-05-31,599000.0,86.48648648648648,2023-06-01,595000.0,42.0,42.0,False,553350.0,49980.0,25039980.0,2023-06-19,2023-06-20,561000.0,EXIT_MA,47124.0,-1525104.0,-6.0906757912745935,-5.714285714285716,12,19
percentile,004370.KS,2023-03-31,379000.0,85.94594594594595,2023-04-03,372500.0,59.0,59.0,False,346425.0,43955.0,22021455.0,2023-06-20,2023-06-21,414500.0,EXIT_MA,48911.0,2385134.0,10.830955538587254,11.275167785234895,53,79
percentile,003670.KS,2023-04-03,288500.0,99.45945945945947,2023-04-04,289000.0,80.0,80.0,False,268770.0,46240.0,23166240.0,2023-06-28,2023-06-29,351000.0,EXIT_MA,56160.0,4857600.0,20.968443735366638,21.45328719723183,58,86
percentile,281820.KS,2023-07-03,22200.0,80.54054054054053,2023-07-04,22500.0,1243.0,1419.0,True,20925.0,55935.0,28023435.0,,2023-07-10,20925.0,STOP,52019.55,-2065679.5500000007,-7.371257485029943,-6.999999999999995,5,6
percentile,005070.KS,2023-03-22,122685.7031,100.0,2023-03-23,120714.8438,179.0,179.0,False,112264.80473399999,43215.9140804,21651172.9542804,2023-07-13,2023-07-14,188216.625,EXIT_MA,67381.55175,11972221.368969604,55.29594814216621,55.91837679203457,77,113
percentile,307950.KS,2023-07-14,159000.0,83.78378378378379,2023-07-17,157800.0,161.0,227.0,True,146754.0,50811.6,25456611.6,,2023-07-19,146754.0,STOP,47254.788,-1876472.3880000003,-7.371257485029941,-6.999999999999995,3,2
percentile,281820.KS,2023-07-17,23600.0,84.86486486486487,2023-07-18,23900.0,2.0,1551.0,True,22227.0,95.60000000000001,47895.6,,2023-07-19,22227.0,STOP,88.908,-3530.5080000000016,-7.371257485029943,-6.999999999999995,2,1
percentile,005930.KS,2023-05-26,70300.0,77.83783783783784,2023-05-30,71300.0,204.0,353.0,True,66309.0,29090.4,14574290.4,2023-07-21,2023-07-24,70100.0,EXIT_MA,28600.8,-302491.2000000011,-2.075512369370663,-1.6830294530154277,38,55
percentile,009420.KS,2023-07-21,23150.0,83.78378378378379,2023-07-24,23350.0,611.0,1597.0,True,21715.5,28533.7,14295383.7,,2023-07-26,21715.5,STOP,26536.341,-1053749.5409999993,-7.371257485029934,-6.999999999999995,3,2
percentile,047050.KS,2023-07-26,85100.0,98.91891891891892,2023-07-27,85100.0,155.0,454.0,True,79143.0,26381.0,13216881.0,,2023-07-27,79143.0,STOP,24534.33,-974250.3300000001,-7.371257485029941,-6.999999999999995,1,0
percentile,241560.KS,2023-03-28,42500.0,90.81081081081082,2023-03-29,42450.0,524.0,524.0,False,39478.5,44487.6,22288287.6,2023-07-27,2023-07-28,56300.0,EXIT_MA,59002.4,7153910.0,32.09717196937103,32.62661955241462,83,121
percentile,012450.KS,2023-04-03,113964.5859,97.2972972972973,2023-04-04,115519.6562,14.0,204.0,True,107433.28026599999,3234.5503736,1620509.7371736001,2023-07-28,2023-07-31,130403.9141,EXIT_MA,3651.3095948,201493.75063159992,12.433973459674098,12.884610627849158,80,118
percentile,000660.KS,2023-07-27,124000.0,84.32432432432432,2023-07-28,126200.0,43.0,293.0,True,117365.99999999999,10853.2,5437453.2,,2023-08-03,117365.99999999999,STOP,10093.475999999999,-400808.6760000009,-7.371257485029957,-7.000000000000006,5,6
percentile,009420.KS,2023-08-03,24750.0,87.02702702702703,2023-08-04,25300.0,198.0,1485.0,True,23529.0,10018.800000000001,5019418.8,,2023-08-07,23529.0,STOP,9317.484,-369994.284,-7.371257485029941,-6.999999999999995,2,3
percentile,267270.KS,2023-06-19,76280.03906,92.97297297297298,2023-06-20,78369.90625,299.0,374.0,True,72884.01281249999,46865.2039375,23479467.1726875,2023-08-07,2023-08-08,79310.34375,EXIT_MA,47427.585562500004,186898.02299999818,0.796006236535927,1.1999982455000113,35,49
percentile,103590.KS,2023-06-13,8633.286133,96.75675675675676,2023-06-14,8567.09375,2455.0,3256.0,True,7967.3971875,42064.4303125,21074279.5865625,2023-08-08,2023-08-09,9143.907227,EXIT_MA,44896.58448457,1329116.0712379292,6.306816163174601,6.732895586674292,40,56
percentile,003670.KS,2023-07-19,480000.0,97.83783783783784,2023-07-20,462000.0,51.0,73.0,True,429660.0,47124.0,23609124.0,,2023-08-14,429660.0,STOP,43825.32,-1740289.3200000003,-7.3712574850299415,-6.999999999999995,18,25
percentile,010140.KS,2023-07-28,8890.0,92.43243243243244,2023-07-31,8940.0,213.0,4300.0,True,8314.199999999999,3808.44,1908028.44,,2023-08-17,8314.199999999999,STOP,3541.8491999999997,-140645.68920000014,-7.371257485029947,-7.000000000000018,13,17
percentile,007660.KS,2023-05-19,10340.0,93.51351351351352,2023-05-22,10360.0,2298.0,2298.0,False,9634.8,47614.56,23854894.56,2023-08-25,2023-08-28,32100.0,EXIT_MA,147531.6,49763373.84,208.6086514230227,209.84555984555985,67,98
percentile,281820.KS,2023-09-01,23100.0,87.02702702702703,2023-09-04,23700.0,1823.0,1823.0,False,22041.0,86410.2,43291510.2,,2023-09-06,22041.0,STOP,80361.486,-3191128.6860000044,-7.37125748502995,-6.999999999999995,3,2
percentile,010120.KS,2023-06-05,13820.0,89.1891891891892,2023-06-07,13820.0,2.0,1892.0,True,12852.599999999999,55.28,27695.28,2023-09-07,2023-09-08,18500.0,EXIT_MA,74.0,9230.720000000001,33.32957818083082,33.86396526772793,66,93
percentile,005490.KS,2023-07-13,431500.0,88.10810810810811,2023-07-14,430500.0,79.0,79.0,False,400365.0,68019.0,34077519.0,2023-09-13,2023-09-14,533000.0,EXIT_MA,84214.0,7945267.0,23.315274213477807,23.809523809523814,43,62
percentile,042700.KS,2023-05-19,25950.0,99.45945945945947,2023-05-22,25950.0,915.0,915.0,False,24133.5,47488.5,23791738.5,2023-09-19,2023-09-20,49300.0,EXIT_MA,90219.0,21227542.5,89.22232606078786,89.98073217726397,84,121
percentile,005930.KS,2023-09-01,71000.0,71.89189189189189,2023-09-04,72900.0,593.0,593.0,False,67797.0,86459.40000000001,43316159.4,2023-09-21,2023-09-22,68300.0,EXIT_MA,81003.8,-2895263.1999999955,-6.684025638708854,-6.310013717421126,14,18
percentile,103590.KS,2023-09-15,12737.16992,97.2972972972973,2023-09-18,12737.16992,3240.0,3240.0,False,11845.5680256,82536.8610816,41350967.4018816,,2023-09-22,11845.5680256,STOP,76759.280805888,-3048086.279743485,-7.3712574850299335,-7.000000000000006,5,4
percentile,298040.KS,2023-06-02,88300.0,83.78378378378379,2023-06-05,88200.0,27.0,292.0,True,82026.0,4762.8,2386162.8,2023-09-25,2023-09-26,168700.0,EXIT_MA,9109.800000000001,2159627.4000000004,90.50628900928305,91.26984126984128,79,113
percentile,009420.KS,2023-09-11,27050.0,90.81081081081082,2023-09-12,26900.0,608.0,1627.0,True,25017.0,32710.4,16387910.4,,2023-09-26,25017.0,STOP,30420.672000000002,-1207995.0720000006,-7.371257485029943,-6.999999999999995,11,14
percentile,192820.KS,2023-07-27,103400.0,91.8918918918919,2023-07-28,102900.0,351.0,351.0,False,95697.0,72235.8,36190135.8,2023-10-04,2023-10-05,126500.0,EXIT_MA,88803.0,8122561.200000003,22.444130204120437,22.934888241010686,44,69
percentile,307950.KS,2023-08-30,174900.0,90.81081081081082,2023-08-31,176000.0,235.0,235.0,False,163680.0,82720.0,41442720.0,2023-10-16,2023-10-17,173300.0,EXIT_MA,81451.0,-798671.0,-1.9271683904917438,-1.5340909090909127,28,47
percentile,005830.KS,2023-09-15,94000.0,87.56756756756758,2023-09-18,93000.0,7.0,439.0,True,86490.0,1302.0,652302.0,,2023-10-23,86490.0,STOP,1210.8600000000001,-48082.859999999986,-7.371257485029938,-6.999999999999995,21,35
percentile,022100.KS,2023-06-20,14970.0,98.91891891891892,2023-06-21,14700.0,1659.0,1917.0,True,13670.999999999998,48774.6,24436074.6,2023-10-25,2023-10-26,44000.0,EXIT_MA,145992.0,48413933.4,198.1248387578584,199.31972789115648,85,127
percentile,018670.KS,2023-09-19,147400.0,80.0,2023-09-20,147400.0,272.0,272.0,False,137082.0,80185.6,40172985.6,2023-11-17,2023-11-20,145700.0,EXIT_MA,79260.8,-621846.3999999985,-1.5479217954863642,-1.1533242876526462,38,61
percentile,010140.KS,2023-11-22,7960.0,86.48648648648648,2023-11-23,7970.0,4758.0,4758.0,False,7412.099999999999,75842.52,37997102.52,2023-11-24,2023-11-27,7670.0,EXIT_MA,72987.72,-1576230.240000002,-4.1482906207660015,-3.7641154328732718,2,4
percentile,298040.KS,2023-11-29,212000.0,98.37837837837839,2023-11-30,212500.0,179.0,179.0,False,197625.0,76075.0,38113575.0,,2023-12-05,197625.0,STOP,70749.75,-2809449.75,-7.371257485029941,-6.999999999999995,4,5
percentile,229640.KS,2023-11-30,16800.0,97.83783783783784,2023-12-01,16640.0,2261.0,2261.0,False,15475.199999999999,75246.08,37698286.08,,2023-12-05,15475.199999999999,STOP,69978.8544,-2778837.734400004,-7.371257485029951,-7.000000000000006,3,4
percentile,071970.KS,2023-11-28,11520.0,95.67567567567568,2023-11-29,11710.0,3294.0,3294.0,False,10890.3,77145.48,38649885.48,,2023-12-07,10890.3,STOP,71745.29639999999,-2848982.5764000043,-7.371257485029951,-7.000000000000006,7,8
percentile,307950.KS,2023-11-28,184000.0,91.8918918918919,2023-11-29,183000.0,206.0,206.0,False,170190.0,75396.0,37773396.0,,2023-12-07,170190.0,STOP,70118.28,-2784374.280000001,-7.371257485029943,-6.999999999999995,7,8
percentile,085620.KS,2023-09-08,4350.0,90.27027027027027,2023-09-11,4370.0,9974.0,9974.0,False,4064.1,87172.76,43673552.76,2023-12-07,2023-12-08,4945.0,EXIT_MA,98642.86,5549234.380000003,12.706166614140146,13.157894736842103,59,88
percentile,079550.KS,2023-12-12,133600.0,95.67567567567568,2023-12-13,131800.0,270.0,270.0,False,122573.99999999999,71172.0,35657172.0,,2023-12-14,122573.99999999999,STOP,66189.95999999999,-2628381.9600000046,-7.371257485029953,-7.000000000000006,2,1
percentile,010140.KS,2023-11-28,8160.0,87.56756756756758,2023-11-29,8220.0,4651.0,4651.0,False,7644.599999999999,76462.44,38307682.44,,2023-12-18,7644.599999999999,STOP,71110.06919999998,-2823757.9092000052,-7.371257485029954,-7.000000000000006,14,19
percentile,079550.KS,2023-12-18,138100.0,97.2972972972973,2023-12-19,140000.0,260.0,260.0,False,130199.99999999999,72800.0,36472800.0,,2023-12-26,130199.99999999999,STOP,67703.99999999999,-2688504.0000000075,-7.371257485029961,-7.000000000000006,5,7
percentile,229640.KS,2023-12-21,22400.0,99.45945945945947,2023-12-22,21950.0,1.0,1630.0,True,20413.5,43.9,21993.9,,2023-12-27,20413.5,STOP,40.827,-1621.2270000000026,-7.371257485029951,-6.999999999999995,3,5
percentile,016360.KS,2023-12-14,40100.0,70.8108108108108,2023-12-15,40200.0,899.0,899.0,False,37386.0,72279.6,36212079.6,2023-12-27,2023-12-28,38100.0,EXIT_MA,68503.8,-2028683.3999999985,-5.602228379062766,-5.223880597014929,8,13
percentile,022100.KS,2023-12-26,71400.0,100.0,2023-12-27,72600.0,464.0,506.0,True,67518.0,67372.8,33753772.8,,2024-01-03,67518.0,STOP,62656.704,-2488077.503999997,-7.371257485029932,-6.999999999999995,4,7
percentile,009420.KS,2023-12-27,44300.0,97.83783783783784,2023-12-28,44000.0,776.0,807.0,True,40920.0,68288.0,34212288.0,,2024-01-04,40920.0,STOP,63507.840000000004,-2521875.84,-7.371257485029941,-6.999999999999995,4,7
percentile,272210.KS,2024-01-03,19350.0,94.5945945945946,2024-01-04,19110.0,1633.0,1846.0,True,17772.3,62413.26,31269043.26,,2024-01-05,17772.3,STOP,58044.3318,-2304921.691800002,-7.371257485029946,-7.000000000000006,2,1
percentile,402340.KS,2023-11-28,50200.0,83.24324324324324,2023-11-29,50300.0,756.0,756.0,False,46779.0,76053.6,38102853.6,2024-01-08,2024-01-09,49350.0,EXIT_MA,74617.2,-868870.8000000045,-2.280329996071487,-1.88866799204771,26,41
percentile,175330.KS,2023-12-28,11390.0,78.91891891891892,2024-01-02,11250.0,2.0,3213.0,True,10462.5,45.0,22545.0,2024-01-08,2024-01-09,10740.0,EXIT_MA,42.96,-1107.9599999999991,-4.914437791084493,-4.533333333333333,5,7
percentile,028260.KS,2023-12-14,134000.0,81.62162162162161,2023-12-15,132700.0,269.0,269.0,False,123410.99999999999,71392.6,35767692.6,,2024-01-10,123410.99999999999,STOP,66395.11799999999,-2636528.718000006,-7.371257485029957,-7.000000000000006,16,26
percentile,000660.KS,2023-12-14,136700.0,90.81081081081082,2023-12-15,137000.0,263.0,263.0,False,127409.99999999999,72062.0,36103062.0,2024-01-16,2024-01-17,133800.0,EXIT_MA,70378.8,-984040.799999997,-2.725643603304332,-2.335766423357666,20,33
percentile,000270.KS,2023-12-20,95000.0,82.70270270270271,2023-12-21,94300.0,32.0,384.0,True,87699.0,6035.2,3023635.2,,2024-01-17,87699.0,STOP,5612.736,-222879.93600000022,-7.371257485029947,-6.999999999999995,17,27
percentile,018260.KS,2023-11-29,166200.0,88.10810810810811,2023-11-30,166100.0,229.0,229.0,False,154473.0,76073.8,38112973.8,,2024-01-24,154473.0,STOP,70748.634,-2809405.4340000004,-7.3712574850299415,-6.999999999999995,37,55
percentile,161890.KS,2023-12-14,54300.0,80.54054054054053,2023-12-15,54100.0,664.0,664.0,False,50313.0,71844.8,35994244.8,2024-01-29,2024-01-30,51000.0,EXIT_MA,67728.0,-2197972.799999997,-6.1064562188008376,-5.7301293900184795,29,46
percentile,028260.KS,2024-02-01,148700.0,90.27027027027027,2024-02-02,152900.0,236.0,236.0,False,142197.0,72168.8,36156568.8,,2024-02-02,142197.0,STOP,67116.984,-2665193.783999998,-7.371257485029936,-6.999999999999995,1,0
percentile,175330.KS,2024-02-01,12580.0,87.56756756756758,2024-02-02,12460.0,2798.0,2798.0,False,11587.8,69726.16,34932806.16,,2024-02-05,11587.8,STOP,64845.328799999996,-2574987.088799998,-7.371257485029936,-7.000000000000006,2,3
percentile,139130.KS,2024-02-01,9800.0,88.64864864864866,2024-02-02,9820.0,3592.0,3592.0,False,9132.599999999999,70546.88,35343986.88,,2024-02-14,9132.599999999999,STOP,65608.59839999999,-2605296.2784000076,-7.371257485029961,-7.000000000000018,7,12
percentile,180640.KS,2023-12-12,56900.0,89.1891891891892,2023-12-13,56900.0,635.0,635.0,False,52917.0,72263.0,36203763.0,2024-02-14,2024-02-15,70900.0,EXIT_MA,90043.0,8727694.0,24.107145989216647,24.604569420035148,41,64
percentile,281820.KS,2024-02-14,35300.0,97.2972972972973,2024-02-15,35300.0,1002.0,1002.0,False,32829.0,70741.2,35441341.2,,2024-02-22,32829.0,STOP,65789.316,-2612472.5160000026,-7.371257485029947,-6.999999999999995,6,7
percentile,000120.KS,2023-12-20,125300.0,93.51351351351352,2023-12-21,124300.0,291.0,291.0,False,115598.99999999999,72342.6,36243642.6,2024-02-22,2024-02-23,129000.0,EXIT_MA,75078.0,1220279.3999999985,3.366878471536408,3.7811745776347605,41,64
percentile,088350.KS,2024-02-01,3355.0,84.32432432432432,2024-02-02,3470.0,7273.0,10493.0,True,3227.1,50474.62,25287784.62,,2024-02-26,3227.1,STOP,46941.3966,-1864027.7166000009,-7.371257485029943,-7.000000000000006,15,24
percentile,105560.KS,2024-02-02,66300.0,82.70270270270271,2024-02-05,65000.0,514.0,539.0,True,60449.99999999999,66820.0,33476820.0,,2024-02-26,60449.99999999999,STOP,62142.59999999999,-2467662.600000005,-7.371257485029956,-7.000000000000006,14,21
percentile,032830.KS,2024-02-22,92100.0,84.86486486486487,2024-02-23,94500.0,331.0,396.0,True,87885.0,62559.0,31342059.0,,2024-02-26,87885.0,STOP,58179.87,-2310303.870000001,-7.371257485029943,-6.999999999999995,2,3
percentile,000660.KS,2024-02-22,156500.0,88.10810810810811,2024-02-23,166900.0,233.0,233.0,False,155217.0,77775.40000000001,38965475.4,,2024-02-27,155217.0,STOP,72331.122,-2872245.522,-7.371257485029941,-6.999999999999995,3,4
percentile,272210.KS,2024-02-27,17160.0,74.5945945945946,2024-02-28,17230.0,794.0,2079.0,True,16023.9,27361.24,13707981.24,2024-02-29,2024-03-04,16660.0,EXIT_MA,26456.08,-506397.3200000003,-3.694178676888825,-3.3081834010446842,2,5
percentile,000270.KS,2024-02-29,124500.0,93.51351351351352,2024-03-04,124500.0,105.0,289.0,True,115784.99999999999,26145.0,13098645.0,,2024-03-20,115784.99999999999,STOP,24314.85,-965534.8500000015,-7.371257485029951,-7.000000000000006,13,16
percentile,024110.KS,2024-02-05,13630.0,82.70270270270271,2024-02-06,13580.0,2379.0,2565.0,True,12629.4,64613.64,32371433.64,2024-03-29,2024-04-01,13500.0,EXIT_MA,64233.0,-319166.6400000006,-0.9859515137618742,-0.589101620029453,36,55
percentile,071050.KS,2024-02-14,67200.0,72.97297297297297,2024-02-15,67800.0,526.0,526.0,False,63053.99999999999,71325.6,35734125.6,2024-03-29,2024-04-01,67400.0,EXIT_MA,70904.8,-352630.3999999985,-0.9868169266187348,-0.5899705014749235,31,46
percentile,175330.KS,2024-02-27,13610.0,92.43243243243244,2024-02-28,12960.0,2621.0,2621.0,False,12052.8,67936.32,34036096.32,2024-04-02,2024-04-03,12380.0,EXIT_MA,64895.96,-1653012.2800000012,-4.85664473522092,-4.475308641975307,24,35
percentile,001040.KS,2024-03-29,129800.0,91.35135135135135,2024-04-01,128300.0,305.0,305.0,False,119318.99999999999,78263.0,39209763.0,,2024-04-03,119318.99999999999,STOP,72784.58999999998,-2890252.590000011,-7.371257485029968,-7.000000000000006,3,2
percentile,028260.KS,2024-02-15,158600.0,89.1891891891892,2024-02-16,157300.0,41.0,222.0,True,146289.0,12898.6,6462198.6,2024-04-03,2024-04-04,152000.0,EXIT_MA,12464.0,-242662.59999999963,-3.755108981020788,-3.3693579148124653,33,48
percentile,003690.KS,2024-03-07,6958.333496,75.13513513513513,2024-03-08,6991.666504,2.0,5422.0,True,6502.249848719999,27.966666016,14011.299674016,2024-04-04,2024-04-05,6608.333496,EXIT_MA,26.433333984,-821.0660159999989,-5.860027514240299,-5.482712995259298,20,28
percentile,103590.KS,2024-04-04,23200.0,98.37837837837839,2024-04-05,23500.0,1488.0,1748.0,True,21855.0,69936.0,35037936.0,,2024-04-05,21855.0,STOP,65040.48,-2582736.4800000004,-7.3712574850299415,-6.999999999999995,1,0
percentile,281820.KS,2024-02-27,39200.0,97.83783783783784,2024-02-28,39000.0,910.0,910.0,False,36270.0,70980.0,35560980.0,2024-04-09,2024-04-11,36800.0,EXIT_MA,66976.0,-2139956.0,-6.017708173396796,-5.641025641025643,29,43
percentile,138040.KS,2024-02-01,70000.0,93.51351351351352,2024-02-02,69400.0,502.0,502.0,False,64541.99999999999,69677.6,34908477.6,2024-04-12,2024-04-15,76800.0,EXIT_MA,77107.2,3568015.1999999955,10.221056446185425,10.662824207492804,47,73
percentile,005930.KS,2024-03-29,82400.0,72.97297297297297,2024-04-01,83200.0,338.0,480.0,True,77376.0,56243.200000000004,28177843.2,,2024-04-19,77376.0,STOP,52306.176,-2077061.3759999983,-7.371257485029934,-6.999999999999995,14,18
percentile,298040.KS,2024-04-04,307000.0,98.91891891891892,2024-04-05,302000.0,132.0,132.0,False,280860.0,79728.0,39943728.0,,2024-04-22,280860.0,STOP,74147.04000000001,-2944355.039999999,-7.371257485029938,-6.999999999999995,11,17
percentile,000500.KS,2024-04-29,27444.44531,98.37837837837839,2024-04-30,27944.44531,1495.0,1495.0,False,25988.334138299997,83553.8914769,41860499.6299269,,2024-05-03,25988.334138299997,STOP,77705.119073517,-3085645.212241918,-7.371257485029943,-7.000000000000006,3,3
percentile,402340.KS,2024-02-01,53600.0,88.10810810810811,2024-02-02,54500.0,656.0,656.0,False,50685.0,71504.0,35823504.0,2024-05-03,2024-05-07,76300.0,EXIT_MA,100105.6,14129190.399999999,39.44111776447106,39.99999999999999,61,95
percentile,272210.KS,2024-04-29,20350.0,85.4054054054054,2024-04-30,20150.0,2016.0,2016.0,False,18739.5,81244.8,40703644.8,,2024-05-09,18739.5,STOP,75557.664,-3000370.463999994,-7.371257485029926,-6.999999999999995,6,9
percentile,012450.KS,2024-02-26,184609.2969,94.5945945945946,2024-02-27,185608.9844,195.0,195.0,False,172616.35549199997,72387.503916,36266139.461916,2024-05-17,2024-05-20,230483.9219,EXIT_MA,89888.729541,8588336.579042993,23.68141938036119,24.177136492106154,54,83
percentile,103140.KS,2024-05-02,72700.0,94.5945945945946,2024-05-03,73000.0,35.0,560.0,True,67890.0,5110.0,2560110.0,,2024-05-23,66600.0,STOP,4662.0,-233772.0,-9.131326388319252,-8.76712328767123,13,20
percentile,021240.KS,2024-05-07,59300.0,70.8108108108108,2024-05-08,59000.0,702.0,702.0,False,54869.99999999999,82836.0,41500836.0,2024-05-24,2024-05-27,56700.0,EXIT_MA,79606.8,-1777042.799999997,-4.281944585405453,-3.898305084745768,12,19
percentile,071050.KS,2024-05-08,69100.0,73.51351351351352,2024-05-09,69100.0,102.0,607.0,True,64262.99999999999,14096.4,7062296.4,2024-05-27,2024-05-28,66500.0,EXIT_MA,13566.0,-292862.4000000004,-4.146843794321637,-3.76266280752533,12,19
percentile,007660.KS,2024-05-21,53000.0,96.21621621621622,2024-05-22,53000.0,3.0,807.0,True,49290.0,318.0,159318.0,,2024-05-28,49290.0,STOP,295.74,-11743.73999999999,-7.371257485029934,-6.999999999999995,5,6
percentile,047810.KS,2024-05-28,58600.0,70.8108108108108,2024-05-29,58100.0,6.0,773.0,True,54033.0,697.2,349297.2,,2024-05-30,54033.0,STOP,648.396,-25747.59600000002,-7.371257485029946,-6.999999999999995,2,1
percentile,000500.KS,2024-05-09,31611.11133,98.91891891891892,2024-05-10,31944.44531,1179.0,1317.0,True,29708.334138299997,75325.00204097999,37737826.02253098,,2024-05-31,29708.334138299997,STOP,70052.25189811138,-2781752.3253733963,-7.371257485029953,-7.000000000000006,15,21
percentile,097950.KS,2024-05-27,371500.0,72.43243243243244,2024-05-28,372000.0,13.0,119.0,True,345960.0,9672.0,4845672.0,,2024-06-04,345960.0,STOP,8994.960000000001,-357186.95999999996,-7.371257485029939,-6.999999999999995,6,7
percentile,281820.KS,2024-06-07,43800.0,94.5945945945946,2024-06-10,44000.0,902.0,929.0,True,40920.0,79376.0,39767376.0,,2024-06-11,40920.0,STOP,73819.68000000001,-2931355.6799999997,-7.371257485029939,-6.999999999999995,2,1
percentile,073240.KS,2024-04-29,6740.0,84.86486486486487,2024-04-30,6940.0,6089.0,6089.0,False,6454.2,84515.32,42342175.32,2024-06-13,2024-06-14,6750.0,EXIT_MA,82201.5,-1323626.8200000003,-3.1260246078448297,-2.737752161383289,29,45
percentile,002380.KS,2024-05-03,280500.0,75.13513513513513,2024-05-07,280000.0,143.0,143.0,False,260399.99999999997,80080.0,40120080.0,2024-06-24,2024-06-25,284000.0,EXIT_MA,81224.0,410696.0,1.0236669518106645,1.4285714285714235,33,49
percentile,298040.KS,2024-05-17,370500.0,97.2972972972973,2024-05-20,373000.0,110.0,110.0,False,346890.0,82060.0,41112060.0,,2024-06-28,346890.0,STOP,76315.8,-3030475.799999997,-7.3712574850299335,-6.999999999999995,29,39
percentile,229640.KS,2024-04-30,30300.0,98.91891891891892,2024-05-02,30000.0,1330.0,1330.0,False,27899.999999999996,79800.0,39979800.0,2024-07-01,2024-07-02,30900.0,EXIT_MA,82194.0,1035006.0,2.588822355289421,3.0000000000000027,40,61
percentile,036460.KS,2024-06-13,51800.0,95.16129032258065,2024-06-14,52200.0,814.0,814.0,False,48546.0,84981.6,42575781.6,,2024-07-02,48546.0,STOP,79032.888,-3138370.487999998,-7.371257485029934,-6.999999999999995,13,18
percentile,000100.KS,2024-07-01,83800.0,77.41935483870968,2024-07-02,83200.0,492.0,505.0,True,77376.0,81868.8,41016268.8,,2024-07-02,77376.0,STOP,76137.984,-3023414.7839999944,-7.371257485029926,-6.999999999999995,1,0
percentile,082740.KS,2024-06-14,15430.0,91.93548387096774,2024-06-17,15300.0,7.0,2807.0,True,14228.999999999998,214.20000000000002,107314.2,,2024-07-03,14228.999999999998,STOP,199.206,-7910.406000000017,-7.371257485029957,-7.000000000000018,13,16
percentile,021240.KS,2024-06-25,62100.0,74.19354838709677,2024-06-26,61000.0,663.0,687.0,True,56729.99999999999,80886.0,40523886.0,,2024-07-05,56729.99999999999,STOP,75223.97999999998,-2987119.980000004,-7.37125748502995,-7.000000000000018,8,9
percentile,294870.KS,2024-06-26,18590.0,83.33333333333334,2024-06-27,18590.0,1.0,2315.0,True,17288.699999999997,37.18,18627.18,2024-07-08,2024-07-09,17600.0,EXIT_MA,35.2,-1062.380000000001,-5.703386127153982,-5.3254437869822535,8,12
percentile,175330.KS,2024-07-05,15860.0,88.70967741935483,2024-07-08,15710.0,2385.0,2650.0,True,14610.3,74936.7,37543286.7,,2024-07-09,14610.3,STOP,69691.13100000001,-2767412.3310000002,-7.371257485029941,-7.000000000000006,2,1
percentile,007660.KS,2024-06-28,58700.0,95.16129032258065,2024-07-01,58400.0,650.0,737.0,True,54312.0,75920.0,38035920.0,,2024-07-12,54312.0,STOP,70605.6,-2803725.6000000015,-7.371257485029944,-6.999999999999995,10,11
percentile,042700.KS,2024-03-04,95400.0,99.45945945945947,2024-03-05,96000.0,1.0,386.0,True,89280.0,192.0,96192.0,2024-07-15,2024-07-16,159600.0,EXIT_MA,319.2,63088.79999999999,65.58632734530937,66.25000000000001,90,133
percentile,281820.KS,2024-07-09,52400.0,94.08602150537635,2024-07-10,51900.0,669.0,805.0,True,48267.0,69442.2,34790542.2,,2024-07-17,48267.0,STOP,64581.246,-2564500.4460000023,-7.371257485029946,-6.999999999999995,6,7
percentile,000660.KS,2024-06-13,222000.0,91.93548387096774,2024-06-14,225000.0,156.0,190.0,True,209250.0,70200.0,35170200.0,,2024-07-18,209250.0,STOP,65286.0,-2592486.0,-7.371257485029941,-6.999999999999995,25,34
percentile,267260.KS,2024-01-05,90300.0,97.2972972972973,2024-01-08,90200.0,394.0,394.0,False,83886.0,71077.6,35609877.6,2024-07-22,2024-07-23,298500.0,EXIT_MA,235218.0,81763904.4,229.61018096844006,230.9312638580931,133,197
percentile,011790.KS,2024-05-27,135600.0,88.10810810810811,2024-05-28,133700.0,327.0,327.0,False,124340.99999999999,87439.8,43807339.8,2024-07-22,2024-07-23,148000.0,EXIT_MA,96792.0,4491868.200000003,10.253688583939086,10.695587135377703,39,56
percentile,003230.KS,2024-05-20,502000.0,98.91891891891892,2024-05-21,507000.0,7.0,85.0,True,471509.99999999994,7098.0,3556098.0,2024-08-02,2024-08-05,545000.0,EXIT_MA,7630.0,251272.0,7.06594700146059,7.495069033530566,53,76
percentile,105560.KS,2024-07-02,83200.0,88.70967741935483,2024-07-03,84300.0,507.0,507.0,False,78399.0,85480.2,42825580.2,,2024-08-05,77400.0,STOP,78483.6,-3662263.8000000045,-8.551580113793774,-8.185053380782914,24,33
percentile,138040.KS,2024-07-03,82200.0,86.02150537634408,2024-07-04,82500.0,1.0,516.0,True,76725.0,165.0,82665.0,,2024-08-05,76725.0,STOP,153.45000000000002,-6093.449999999997,-7.371257485029936,-6.999999999999995,23,32
percentile,000100.KS,2024-07-12,94900.0,86.55913978494624,2024-07-15,95400.0,368.0,446.0,True,88722.0,70214.40000000001,35177414.4,,2024-08-05,88100.0,STOP,64841.6,-2821456.0,-8.020646338350552,-7.65199161425576,16,21
percentile,009540.KS,2024-07-17,179200.0,90.32258064516128,2024-07-18,180000.0,178.0,232.0,True,167400.0,64080.0,32104080.0,,2024-08-05,167400.0,STOP,59594.4,-2366474.3999999985,-7.371257485029936,-6.999999999999995,13,18
percentile,005940.KS,2024-07-04,13010.0,77.41935483870968,2024-07-05,13010.0,1.0,3238.0,True,12099.3,26.02,13036.02,2024-08-05,2024-08-06,13110.0,EXIT_MA,26.22,47.76000000000022,0.3663694900744262,0.768639508070712,22,32
percentile,071970.KS,2024-03-20,11530.0,90.81081081081082,2024-03-21,11620.0,1042.0,3231.0,True,10806.599999999999,24216.08,12132256.08,2024-08-22,2024-08-23,19700.0,EXIT_MA,41054.8,8354089.119999999,68.85849643226454,69.53528399311533,105,155
percentile,161890.KS,2024-08-22,70500.0,87.63440860215054,2024-08-23,69900.0,292.0,560.0,True,65006.99999999999,40821.6,20451621.6,,2024-08-27,65006.99999999999,STOP,37964.087999999996,-1507541.6880000047,-7.371257485029963,-7.000000000000006,3,4
percentile,006280.KS,2024-08-21,164000.0,91.93548387096774,2024-08-22,164000.0,243.0,243.0,False,152520.0,79704.0,39931704.0,,2024-09-04,152520.0,STOP,74124.72,-2943468.719999999,-7.371257485029938,-6.999999999999995,10,13
percentile,006360.KS,2024-08-20,20700.0,88.70967741935483,2024-08-21,20750.0,1922.0,1922.0,False,19297.5,79763.0,39961263.0,,2024-09-05,19297.5,STOP,74179.59,-2945647.5900000036,-7.371257485029949,-6.999999999999995,12,15
percentile,103140.KS,2024-08-27,64900.0,90.86021505376344,2024-08-28,64600.0,293.0,609.0,True,60077.99999999999,37855.6,18965655.6,,2024-09-09,59300.0,STOP,34749.8,-1625505.4000000022,-8.570784128337763,-8.204334365325073,9,12
percentile,003690.KS,2024-08-19,7333.333496,74.19354838709677,2024-08-20,7375.0,5385.0,5385.0,False,6858.749999999999,79428.75,39793803.75,,2024-09-11,6858.749999999999,STOP,73868.73749999999,-2933303.7375000045,-7.371257485029951,-7.000000000000018,17,22
percentile,138930.KS,2024-08-21,9990.0,82.79569892473118,2024-08-22,9990.0,2453.0,3995.0,True,9290.699999999999,49010.94,24554480.94,,2024-09-11,9290.699999999999,STOP,45580.174199999994,-1809974.014200002,-7.371257485029947,-7.000000000000006,15,20
percentile,055550.KS,2024-07-02,49500.0,77.41935483870968,2024-07-03,49600.0,697.0,853.0,True,46128.0,69142.4,34640342.4,2024-09-11,2024-09-12,53500.0,EXIT_MA,74579.0,2574578.6000000015,7.432312793767308,7.86290322580645,50,71
percentile,005830.KS,2024-08-19,111700.0,74.73118279569893,2024-08-20,113600.0,353.0,353.0,False,105648.0,80201.6,40181001.6,2024-09-11,2024-09-12,109000.0,EXIT_MA,76954.0,-1780955.6000000015,-4.43233251806247,-4.049295774647888,17,23
percentile,016360.KS,2024-08-20,47800.0,79.56989247311827,2024-08-21,47700.0,832.0,832.0,False,44361.0,79372.8,39765772.8,,2024-09-25,44361.0,STOP,73816.704,-2931237.5040000007,-7.3712574850299415,-6.999999999999995,23,35
percentile,294870.KS,2024-07-15,19750.0,86.02150537634408,2024-07-16,19750.0,11.0,2141.0,True,18367.5,434.5,217684.5,2024-09-25,2024-09-26,22550.0,EXIT_MA,496.1,29869.399999999994,13.721417923646376,14.177215189873426,48,72
percentile,395400.KS,2024-08-30,5330.0,82.79569892473118,2024-09-02,5350.0,2.0,7303.0,True,4975.5,21.400000000000002,10721.4,2024-09-27,2024-09-30,5180.0,EXIT_MA,20.72,-382.119999999999,-3.564086779711596,-3.1775700934579487,17,28
percentile,086280.KS,2024-09-26,124500.0,84.40860215053763,2024-09-27,123300.0,298.0,298.0,False,114668.99999999999,73486.8,36816886.8,,2024-10-07,114668.99999999999,STOP,68342.72399999999,-2713867.524000004,-7.371257485029951,-7.000000000000018,5,10
percentile,001720.KS,2024-08-19,79900.0,82.79569892473118,2024-08-20,80300.0,494.0,494.0,False,74679.0,79336.40000000001,39747536.4,2024-10-28,2024-10-29,80400.0,EXIT_MA,79435.2,-109371.60000000149,-0.27516573329058325,0.12453300124533051,44,70
percentile,011790.KS,2024-09-26,146900.0,84.94623655913979,2024-09-27,145900.0,252.0,252.0,False,135687.0,73533.6,36840333.6,,2024-11-06,135687.0,STOP,68386.248,-2715595.848000005,-7.371257485029953,-6.999999999999995,26,40
percentile,138040.KS,2024-08-16,88800.0,89.24731182795699,2024-08-19,89200.0,443.0,443.0,False,82956.0,79031.2,39594631.2,2024-12-05,2024-12-06,101100.0,EXIT_MA,89574.6,5103094.1999999955,12.88834886281248,13.340807174887903,73,109
percentile,034020.KS,2025-02-18,30300.0,92.02127659574468,2025-02-19,30900.0,1211.0,1211.0,False,28736.999999999996,74839.8,37494739.8,,2025-02-20,28736.999999999996,STOP,69601.01399999998,-2763833.814000003,-7.371257485029949,-7.000000000000018,2,1
percentile,010140.KS,2025-02-19,14730.0,89.8936170212766,2025-02-20,14680.0,2464.0,2464.0,False,13652.4,72343.04000000001,36243863.04,,2025-02-20,13652.4,STOP,67279.02720000001,-2671628.467199996,-7.371257485029929,-7.000000000000006,1,0
percentile,064350.KS,2025-02-18,89700.0,96.80851063829788,2025-02-19,89700.0,409.0,409.0,False,83421.0,73374.6,36760674.6,,2025-02-25,83421.0,STOP,68238.378,-2709723.978,-7.371257485029941,-6.999999999999995,5,6
percentile,079550.KS,2025-02-18,306000.0,93.61702127659575,2025-02-19,307000.0,119.0,119.0,False,285510.0,73066.0,36606066.0,,2025-02-27,285510.0,STOP,67951.38,-2698327.3800000027,-7.371257485029947,-6.999999999999995,7,8
percentile,000150.KS,2025-02-18,359500.0,98.93617021276596,2025-02-19,360000.0,102.0,102.0,False,334800.0,73440.0,36793440.0,,2025-02-28,330000.0,STOP,67320.0,-3200760.0,-8.699268130405855,-8.333333333333337,8,9
percentile,012450.KS,2025-02-18,643000.0,98.40425531914893,2025-02-19,639000.0,57.0,57.0,False,594270.0,72846.0,36495846.0,,2025-02-28,594270.0,STOP,67746.78,-2690202.780000001,-7.371257485029943,-6.999999999999995,8,9
percentile,005440.KS,2025-02-21,5480.0,70.2127659574468,2025-02-24,5550.0,6664.0,6664.0,False,5161.5,73970.40000000001,37059170.4,,2025-03-12,5161.5,STOP,68792.472,-2731726.8720000014,-7.371257485029944,-6.999999999999995,12,16
percentile,047810.KS,2025-03-17,95000.0,95.23809523809523,2025-03-18,97100.0,367.0,367.0,False,90303.0,71271.40000000001,35706971.4,,2025-03-18,90303.0,STOP,66282.402,-2632052.8019999973,-7.3712574850299335,-6.999999999999995,1,0
percentile,272210.KS,2025-03-18,41300.0,97.88359788359789,2025-03-19,42150.0,833.0,833.0,False,39199.5,70221.90000000001,35181171.9,,2025-03-20,39199.5,STOP,65306.367,-2593294.766999997,-7.371257485029932,-6.999999999999995,2,1
percentile,006040.KS,2025-03-20,37800.0,74.60317460317461,2025-03-21,37800.0,906.0,906.0,False,35154.0,68493.6,34315293.6,,2025-03-28,35154.0,STOP,63699.048,-2529468.648000002,-7.371257485029946,-6.999999999999995,6,7
percentile,012330.KS,2025-03-24,279500.0,76.19047619047619,2025-03-25,288000.0,122.0,122.0,False,267840.0,70272.0,35206272.0,,2025-03-28,267840.0,STOP,65352.96,-2595144.960000001,-7.371257485029943,-6.999999999999995,4,3
percentile,006800.KS,2025-03-17,9847.907227,75.13227513227513,2025-03-18,9847.907227,3541.0,3541.0,False,9158.55372111,69742.87898161399,34941182.36978861,,2025-03-31,9158.55372111,STOP,64860.87745290102,-2575604.5207910016,-7.371257485029932,-6.999999999999995,10,13
percentile,111770.KS,2025-03-19,52000.0,86.24338624338624,2025-03-20,52000.0,661.0,661.0,False,48360.0,68744.0,34440744.0,,2025-03-31,48050.0,STOP,63522.1,-2743216.1000000015,-7.965031475510521,-7.596153846153841,8,11
percentile,026960.KS,2025-03-26,28900.0,89.41798941798942,2025-03-27,28900.0,1179.0,1179.0,False,26877.0,68146.2,34141246.2,,2025-03-31,26877.0,STOP,63375.966,-2516639.166000005,-7.371257485029954,-6.999999999999995,3,4
percentile,139480.KS,2025-02-21,78100.0,72.3404255319149,2025-02-24,77500.0,467.0,467.0,False,72075.0,72385.0,36264885.0,2025-05-14,2025-05-15,83200.0,EXIT_MA,77708.8,2511806.200000003,6.926276479299474,7.354838709677414,54,80
percentile,271560.KS,2025-03-17,113700.0,71.95767195767195,2025-03-18,113400.0,306.0,306.0,False,105462.0,69400.8,34769800.8,2025-05-20,2025-05-21,118800.0,EXIT_MA,72705.6,1510293.6000000015,4.343693565250456,4.761904761904767,43,64
percentile,001800.KS,2025-05-08,19460.0,84.73684210526315,2025-05-09,19500.0,22.0,1718.0,True,18135.0,858.0,429858.0,,2025-05-23,18135.0,STOP,797.94,-31685.940000000002,-7.371257485029941,-6.999999999999995,11,14
percentile,000500.KS,2025-05-20,40666.66797,90.0,2025-05-21,40944.44531,884.0,884.0,False,38078.3341383,72389.77930808,36267279.43334808,,2025-06-12,38078.3341383,STOP,67322.4947565144,-2673354.549847394,-7.371257485029939,-7.000000000000006,15,22
percentile,012450.KS,2025-06-12,953000.0,98.42931937172776,2025-06-13,944000.0,35.0,43.0,True,877919.9999999999,66080.0,33106080.0,,2025-06-24,877919.9999999999,STOP,61454.399999999994,-2440334.4000000022,-7.371257485029947,-7.000000000000018,8,11
percentile,082740.KS,2025-06-16,30200.0,90.0523560209424,2025-06-17,30350.0,3.0,1411.0,True,28225.499999999996,182.1,91232.1,,2025-06-25,28225.499999999996,STOP,169.35299999999998,-6724.953000000023,-7.3712574850299655,-7.000000000000018,7,8
percentile,329180.KS,2025-06-24,463500.0,93.717277486911,2025-06-25,469500.0,65.0,94.0,True,436634.99999999994,61035.0,30578535.0,,2025-06-25,436634.99999999994,STOP,56762.549999999996,-2254022.5500000045,-7.371257485029954,-7.000000000000018,1,0
percentile,402340.KS,2025-06-25,192200.0,93.19371727748691,2025-06-26,190000.0,149.0,232.0,True,176700.0,56620.0,28366620.0,,2025-06-27,176700.0,STOP,52656.6,-2090976.6000000015,-7.371257485029946,-6.999999999999995,2,1
percentile,064350.KS,2025-06-13,186800.0,100.0,2025-06-16,193200.0,2.0,220.0,True,179676.0,772.8000000000001,387172.8,,2025-07-04,179676.0,STOP,718.7040000000001,-28539.504000000015,-7.371257485029944,-6.999999999999995,15,18
percentile,103590.KS,2025-06-27,37600.0,79.05759162303664,2025-06-30,38000.0,693.0,1177.0,True,35340.0,52668.0,26386668.0,,2025-07-07,35300.0,STOP,48925.8,-1972693.8000000007,-7.476100430717516,-7.105263157894736,6,7
percentile,180640.KS,2025-05-07,85400.0,74.21052631578947,2025-05-08,84100.0,393.0,393.0,False,78213.0,66102.6,33117402.6,2025-07-07,2025-07-08,119400.0,EXIT_MA,93848.40000000001,13712949.0,41.40707882688843,41.97384066587395,41,61
percentile,085620.KS,2025-07-14,7870.0,70.15706806282722,2025-07-15,7910.0,1.0,5915.0,True,7356.299999999999,15.82,7925.82,,2025-07-18,7356.299999999999,STOP,14.712599999999998,-584.2326000000003,-7.371257485029944,-7.000000000000006,4,3
percentile,375500.KS,2025-05-07,44950.0,90.52631578947368,2025-05-08,45000.0,747.0,747.0,False,41850.0,67230.0,33682230.0,2025-07-21,2025-07-22,49000.0,EXIT_MA,73206.0,2847564.0,8.454202705699712,8.888888888888879,51,75
percentile,000720.KS,2025-05-23,54200.0,92.14659685863874,2025-05-26,56200.0,7.0,697.0,True,52266.0,786.8000000000001,394186.8,2025-07-23,2025-07-24,66600.0,EXIT_MA,932.4,71080.79999999999,18.03226287638246,18.50533807829182,41,59
percentile,005940.KS,2025-07-09,21850.0,82.72251308900523,2025-07-10,21900.0,1.0,2111.0,True,20367.0,43.800000000000004,21943.8,,2025-07-25,20350.0,STOP,40.7,-1634.5,-7.448573173288127,-7.077625570776258,12,15
percentile,139130.KS,2025-07-08,14240.0,85.86387434554975,2025-07-09,14350.0,3167.0,3167.0,False,13345.5,90892.90000000001,45537342.9,,2025-07-28,13345.5,STOP,84530.397,-3356674.7969999984,-7.371257485029936,-6.999999999999995,14,19
percentile,000150.KS,2025-05-14,408500.0,97.36842105263158,2025-05-15,398000.0,89.0,89.0,False,370140.0,70844.0,35492844.0,2025-07-28,2025-07-29,540000.0,EXIT_MA,96120.0,12471036.0,35.13676165257425,35.67839195979901,51,75
percentile,009830.KS,2025-07-21,37900.0,86.38743455497382,2025-07-22,38050.0,958.0,1222.0,True,35386.5,72903.8,36524803.8,,2025-07-30,35386.5,STOP,67800.534,-2692337.333999999,-7.371257485029938,-6.999999999999995,7,8
percentile,103590.KS,2025-07-29,43800.0,86.45833333333334,2025-07-30,43500.0,5.0,1069.0,True,40455.0,435.0,217935.0,,2025-08-01,40455.0,STOP,404.55,-16064.549999999988,-7.371257485029934,-6.999999999999995,3,2
percentile,001720.KS,2025-05-07,97600.0,86.8421052631579,2025-05-08,97600.0,344.0,344.0,False,90768.0,67148.8,33641548.8,2025-08-01,2025-08-04,119600.0,EXIT_MA,82284.8,7418566.400000006,22.05179804325777,22.540983606557386,60,88
percentile,005440.KS,2025-05-15,6200.0,82.10526315789474,2025-05-16,6210.0,3.0,5742.0,True,5775.299999999999,37.26,18667.26,2025-08-01,2025-08-04,8100.0,EXIT_MA,48.6,5584.140000000003,29.91408487373082,30.434782608695656,54,80
percentile,003690.KS,2025-05-20,8850.0,71.05263157894737,2025-05-21,8850.0,2.0,4062.0,True,8230.5,35.4,17735.4,2025-08-01,2025-08-04,10290.0,EXIT_MA,41.160000000000004,2803.4399999999987,15.807030007781039,16.271186440677976,51,75
percentile,004800.KS,2025-07-30,87300.0,86.45833333333334,2025-07-31,88000.0,383.0,528.0,True,81840.0,67408.0,33771408.0,,2025-08-04,81840.0,STOP,62689.44,-2489377.4400000013,-7.371257485029944,-6.999999999999995,3,4
percentile,007340.KS,2025-07-23,29000.0,72.25130890052355,2025-07-24,28700.0,16.0,1581.0,True,26691.0,918.4,460118.4,,2025-08-05,26691.0,STOP,854.112,-33916.512000000046,-7.37125748502995,-6.999999999999995,9,12
percentile,079550.KS,2025-05-08,372500.0,94.73684210526315,2025-05-09,376000.0,89.0,89.0,False,349680.0,66928.0,33530928.0,2025-08-08,2025-08-11,498000.0,EXIT_MA,88644.0,10702428.0,31.918078736144732,32.446808510638306,64,94
percentile,278470.KS,2025-08-06,208500.0,100.0,2025-08-07,216500.0,125.0,224.0,True,201345.0,54125.0,27116625.0,,2025-08-13,201345.0,STOP,50336.25,-1998836.25,-7.371257485029941,-6.999999999999995,5,6
percentile,010120.KS,2025-08-05,65800.0,87.5,2025-08-06,64600.0,708.0,708.0,False,60077.99999999999,91473.6,45828273.6,,2025-08-18,59500.0,STOP,84252.0,-3786525.6000000015,-8.262422523374308,-7.8947368421052655,8,12
percentile,034020.KS,2025-05-14,31300.0,90.52631578947368,2025-05-15,31900.0,102.0,1167.0,True,29666.999999999996,6507.6,3260307.6,2025-08-19,2025-08-20,54300.0,EXIT_MA,11077.2,2267215.1999999997,69.53991703114146,70.2194357366771,66,97
percentile,007660.KS,2025-07-08,58800.0,82.19895287958116,2025-07-09,58200.0,447.0,767.0,True,54126.0,52030.8,26067430.8,,2025-08-20,54126.0,STOP,48388.644,-1921497.444000002,-7.371257485029947,-6.999999999999995,30,42
percentile,329180.KS,2025-07-28,464500.0,91.66666666666666,2025-07-29,473000.0,89.0,100.0,True,439889.99999999994,84194.0,42181194.0,,2025-08-20,439500.0,STOP,78231.0,-3143925.0,-7.4533807648972665,-7.082452431289643,16,22
percentile,009540.KS,2025-08-13,379500.0,88.08290155440415,2025-08-14,377000.0,116.0,116.0,False,350610.0,87464.0,43819464.0,,2025-08-20,350610.0,STOP,81341.52,-3230045.5200000033,-7.371257485029947,-6.999999999999995,4,6
percentile,336260.KS,2025-08-14,26150.0,81.86528497409327,2025-08-18,26500.0,961.0,1691.0,True,24645.0,50933.0,25517433.0,,2025-08-20,24645.0,STOP,47367.69,-1880955.6900000013,-7.371257485029946,-6.999999999999995,3,2
percentile,015760.KS,2025-05-07,26600.0,84.21052631578947,2025-05-08,26500.0,1263.0,1263.0,False,24645.0,66939.0,33536439.0,2025-08-26,2025-08-27,37500.0,EXIT_MA,94725.0,13731336.0,40.94452604225511,41.50943396226414,76,111
percentile,032640.KS,2025-05-09,12870.0,81.57894736842105,2025-05-12,12920.0,1.0,2642.0,True,12015.599999999999,25.84,12945.84,2025-09-01,2025-09-02,14240.0,EXIT_MA,28.48,1265.6800000000003,9.77673136698739,10.216718266253878,78,113
percentile,035720.KS,2025-08-07,63600.0,86.97916666666666,2025-08-08,62500.0,2.0,736.0,True,58124.99999999999,250.0,125250.0,2025-09-02,2025-09-03,59600.0,EXIT_MA,238.4,-6288.399999999994,-5.020678642714566,-4.64,17,26
percentile,001720.KS,2025-08-28,142400.0,87.04663212435233,2025-08-29,147500.0,299.0,299.0,False,137175.0,88205.0,44190705.0,,2025-09-04,137175.0,STOP,82030.65000000001,-3257410.6499999985,-7.371257485029936,-6.999999999999995,5,6
percentile,316140.KS,2025-05-07,17830.0,75.78947368421053,2025-05-08,17680.0,1884.0,1884.0,False,16442.399999999998,66618.24,33375738.24,2025-09-04,2025-09-05,24350.0,EXIT_MA,91750.8,12407910.960000005,37.176438977249134,37.7262443438914,83,120
percentile,071970.KS,2025-08-29,92000.0,99.48186528497409,2025-09-01,91200.0,463.0,463.0,False,84816.0,84451.2,42310051.2,,2025-09-22,84816.0,STOP,78539.616,-3118782.8159999996,-7.371257485029939,-6.999999999999995,15,21
percentile,443060.KS,2025-09-05,220000.0,86.01036269430051,2025-09-08,222500.0,8.0,192.0,True,206925.0,3560.0,1783560.0,,2025-09-22,206925.0,STOP,3310.8,-131470.80000000005,-7.371257485029943,-6.999999999999995,10,14
percentile,003230.KS,2025-08-28,1597000.0,95.85492227979275,2025-08-29,1626000.0,26.0,26.0,False,1512180.0,84552.0,42360552.0,,2025-09-23,1512180.0,STOP,78633.36,-3122505.3599999994,-7.371257485029939,-6.999999999999995,17,25
percentile,086280.KS,2025-08-29,184400.0,84.4559585492228,2025-09-01,187500.0,47.0,231.0,True,174375.0,17625.0,8830125.0,,2025-09-24,174375.0,STOP,16391.25,-650891.25,-7.371257485029941,-6.999999999999995,17,23
percentile,006800.KS,2025-09-09,21840.11719,94.81865284974094,2025-09-10,22535.0293,1.0,1942.0,True,20957.577248999998,45.070058599999996,22580.099358599997,,2025-09-24,20957.577248999998,STOP,41.915154498,-1664.437264098,-7.3712574850299415,-7.000000000000006,10,14
percentile,007810.KS,2025-09-22,18350.0,89.63730569948186,2025-09-23,18550.0,2197.0,2414.0,True,17251.5,81508.7,40835858.7,,2025-09-26,17251.5,STOP,75803.091,-3010116.291000001,-7.3712574850299415,-6.999999999999995,4,3
percentile,034020.KS,2025-09-24,65900.0,97.92746113989638,2025-09-25,67000.0,658.0,658.0,False,62309.99999999999,88172.0,44174172.0,,2025-09-26,62309.99999999999,STOP,81999.95999999999,-3256191.9600000083,-7.371257485029958,-7.000000000000006,2,1
percentile,353200.KS,2025-09-24,29100.0,88.60103626943005,2025-09-25,28800.0,113.0,1491.0,True,26784.0,6508.8,3260908.8,,2025-09-26,26784.0,STOP,6053.184,-240369.9839999997,-7.371257485029932,-6.999999999999995,2,1
percentile,042660.KS,2025-07-28,97600.0,94.27083333333334,2025-07-29,100100.0,476.0,476.0,False,93093.0,95295.2,47742895.2,2025-09-26,2025-09-29,105600.0,EXIT_MA,100531.2,2422173.599999994,5.073369744028414,5.494505494505497,42,62
percentile,111770.KS,2025-09-29,65200.0,70.98445595854922,2025-09-30,64600.0,642.0,642.0,False,60077.99999999999,82946.40000000001,41556146.4,,2025-10-15,60077.99999999999,STOP,77140.15199999999,-3063210.5520000085,-7.371257485029961,-7.000000000000006,7,15
percentile,278470.KS,2025-09-29,246500.0,100.0,2025-09-30,245500.0,170.0,170.0,False,228314.99999999997,83470.0,41818470.0,,2025-10-20,228314.99999999997,STOP,77627.09999999999,-3082547.100000009,-7.371257485029961,-7.000000000000018,10,20
percentile,006800.KS,2025-10-20,25066.49805,94.84536082474226,2025-10-21,25265.04492,1531.0,1806.0,True,23496.4917756,77361.56754504,38758145.34006504,,2025-10-22,23496.4917756,STOP,71946.2578168872,-2856962.689438328,-7.371257485029943,-7.000000000000006,2,1
percentile,064350.KS,2025-10-22,234500.0,97.9381443298969,2025-10-23,230500.0,155.0,197.0,True,214365.0,71455.0,35798955.0,,2025-11-05,214365.0,STOP,66453.15,-2638833.1499999985,-7.371257485029936,-6.999999999999995,10,13
percentile,082740.KS,2025-07-25,35650.0,87.43455497382199,2025-07-28,35800.0,1.0,1311.0,True,33294.0,71.60000000000001,35871.6,2025-11-05,2025-11-06,46600.0,EXIT_MA,93.2,10635.200000000004,29.647966636559296,30.16759776536313,66,101
percentile,007810.KS,2025-11-05,22700.0,90.20618556701031,2025-11-06,23050.0,1437.0,2336.0,True,21436.5,66245.7,33189095.7,,2025-11-06,21436.5,STOP,61608.501000000004,-2446453.7009999976,-7.3712574850299335,-6.999999999999995,1,0
percentile,009540.KS,2025-08-28,408500.0,92.2279792746114,2025-08-29,404000.0,104.0,104.0,False,375720.0,84032.0,42100032.0,2025-11-06,2025-11-07,413000.0,EXIT_MA,85904.0,766064.0,1.8196280705914902,2.2277227722772297,44,70
percentile,034220.KS,2025-09-25,14300.0,81.34715025906736,2025-09-26,14110.0,1.0,2979.0,True,13122.3,28.22,14138.22,2025-11-13,2025-11-14,13270.0,EXIT_MA,26.54,-894.7600000000002,-6.328660892248108,-5.953224663359324,30,49
percentile,005440.KS,2025-11-12,8920.0,72.68041237113401,2025-11-13,8920.0,2.0,6341.0,True,8295.599999999999,35.68,17875.68,,2025-11-18,8295.599999999999,STOP,33.182399999999994,-1317.6624000000047,-7.371257485029966,-7.000000000000018,4,5
percentile,009150.KS,2025-09-04,178400.0,75.64766839378238,2025-09-05,180200.0,238.0,238.0,False,167586.0,85775.2,42973375.2,2025-11-18,2025-11-19,208000.0,EXIT_MA,99008.0,6431616.799999997,14.966515359957103,15.427302996670367,47,75
percentile,011070.KS,2025-11-06,256000.0,80.41237113402062,2025-11-07,248500.0,210.0,210.0,False,231104.99999999997,104370.0,52289370.0,,2025-11-19,231104.99999999997,STOP,97064.09999999999,-3854384.100000009,-7.371257485029957,-7.000000000000006,9,12
percentile,034020.KS,2025-10-10,74500.0,98.44559585492227,2025-10-13,74900.0,2.0,598.0,True,69657.0,299.6,150099.6,2025-11-21,2025-11-24,74200.0,EXIT_MA,296.8,-1996.3999999999942,-1.3300501800138003,-0.9345794392523366,30,42
percentile,010140.KS,2025-10-24,24800.0,86.5979381443299,2025-10-27,25900.0,1.0,1961.0,True,24087.0,51.800000000000004,25951.8,2025-12-01,2025-12-02,24350.0,EXIT_MA,48.7,-1650.5,-6.359867138310252,-5.984555984555984,26,36
percentile,298040.KS,2025-05-08,537000.0,86.8421052631579,2025-05-09,524000.0,62.0,62.0,False,487319.99999999994,64976.0,32552976.0,2025-12-15,2025-12-16,1910000.0,EXIT_MA,236840.0,85630184.0,263.0487117368317,264.5038167938931,148,221
percentile,001430.KS,2025-12-15,48950.0,93.81443298969072,2025-12-16,47000.0,1035.0,1035.0,False,43710.0,97290.0,48742290.0,,2025-12-16,43710.0,STOP,90479.7,-3592919.700000003,-7.371257485029946,-6.999999999999995,1,0
percentile,010130.KS,2025-12-15,1592000.0,90.20618556701031,2025-12-16,1699000.0,31.0,31.0,False,1580070.0,105338.0,52774338.0,,2025-12-16,1580070.0,STOP,97964.34,-3890132.3400000036,-7.371257485029947,-6.999999999999995,1,0
percentile,402340.KS,2025-10-02,240000.0,96.37305699481865,2025-10-10,245000.0,16.0,180.0,True,227849.99999999997,7840.0,3927840.0,2025-12-16,2025-12-17,281500.0,EXIT_MA,9008.0,567152.0,14.439284695914296,14.897959183673471,48,68
percentile,085620.KS,2025-10-21,8400.0,72.68041237113401,2025-10-22,8490.0,2.0,5383.0,True,7895.7,33.96,17013.96,2025-12-16,2025-12-17,8810.0,EXIT_MA,35.24,570.7999999999993,3.3548921003693395,3.769140164899887,40,56
percentile,004800.KS,2025-10-15,100300.0,90.15544041450777,2025-10-16,100900.0,380.0,447.0,True,93837.0,76684.0,38418684.0,2025-12-17,2025-12-18,122500.0,EXIT_MA,93100.0,8038216.0,20.922673978109195,21.407333994053523,45,63
percentile,267250.KS,2025-09-05,144700.0,89.11917098445595,2025-09-08,143500.0,292.0,292.0,False,133455.0,83804.0,41985804.0,2025-12-18,2025-12-19,191200.0,EXIT_MA,111660.8,13732935.200000003,32.70852024174648,33.2404181184669,68,102
percentile,034730.KS,2025-08-28,207500.0,75.12953367875647,2025-08-29,206500.0,205.0,205.0,False,192045.0,84665.0,42417165.0,2025-12-19,2025-12-22,253000.0,EXIT_MA,103730.0,9344105.0,22.029065355970868,22.51815980629539,75,115
percentile,042660.KS,2025-12-23,123400.0,92.26804123711341,2025-12-24,130800.0,400.0,400.0,False,121643.99999999999,104640.0,52424640.0,,2025-12-24,121643.99999999999,STOP,97315.19999999998,-3864355.2000000104,-7.37125748502996,-7.000000000000006,1,0
percentile,007660.KS,2025-09-08,69100.0,95.33678756476684,2025-09-09,69200.0,2.0,608.0,True,64355.99999999999,276.8,138676.8,2025-12-24,2025-12-26,119200.0,EXIT_MA,476.8,99246.40000000002,71.56669320318902,72.2543352601156,71,108
percentile,015760.KS,2025-10-17,42700.0,86.5979381443299,2025-10-20,43900.0,1.0,1038.0,True,40827.0,87.8,43987.8,2025-12-29,2025-12-30,47500.0,EXIT_MA,95.0,3417.199999999997,7.768517634434996,8.200455580865595,50,71
percentile,069960.KS,2025-11-06,88300.0,76.28865979381443,2025-11-07,88300.0,241.0,611.0,True,82119.0,42560.6,21322860.6,2025-12-29,2025-12-30,88500.0,EXIT_MA,42657.0,-37017.60000000149,-0.17360522443222973,0.22650056625141968,36,53
percentile,322000.KS,2025-12-15,58600.0,86.5979381443299,2025-12-16,59000.0,282.0,864.0,True,54869.99999999999,33276.0,16671276.0,2025-12-29,2025-12-30,56400.0,EXIT_MA,31809.600000000002,-798285.5999999996,-4.788389323048816,-4.406779661016946,9,14
percentile,042700.KS,2025-12-26,132600.0,82.4742268041237,2025-12-29,136200.0,365.0,365.0,False,126665.99999999999,99426.0,49812426.0,2025-12-30,2026-01-02,127600.0,EXIT_MA,93148.0,-3331574.0,-6.688238794071181,-6.3142437591776845,2,4
percentile,071970.KS,2025-12-22,91200.0,96.90721649484536,2025-12-23,92700.0,542.0,542.0,False,86211.0,100486.8,50343886.8,,2026-01-02,86211.0,STOP,93452.724,-3710977.5239999965,-7.3712574850299335,-6.999999999999995,6,10
percentile,010060.KS,2025-12-23,121900.0,80.9278350515464,2025-12-24,119600.0,405.0,405.0,False,111227.99999999999,96876.0,48534876.0,,2026-01-02,111227.99999999999,STOP,90094.68,-3577630.680000007,-7.371257485029954,-7.000000000000018,5,9
percentile,204320.KS,2026-01-02,65400.0,90.72164948453609,2026-01-05,64100.0,692.0,737.0,True,59612.99999999999,88714.40000000001,44445914.4,,2026-01-06,59612.99999999999,STOP,82504.39199999999,-3276222.792000003,-7.371257485029947,-7.000000000000006,2,1
percentile,353200.KS,2025-10-01,29550.0,90.67357512953367,2025-10-02,30950.0,1434.0,1434.0,False,28783.499999999996,88764.6,44471064.6,2026-01-06,2026-01-07,45500.0,EXIT_MA,130494.0,20645441.4,46.42443707093083,47.01130856219709,61,97
percentile,042700.KS,2026-01-06,183700.0,92.78350515463917,2026-01-07,194300.0,59.0,258.0,True,180699.0,22927.4,11486627.4,,2026-01-07,180699.0,STOP,21322.482,-846708.8820000011,-7.37125748502995,-6.999999999999995,1,0
percentile,006800.KS,2026-01-06,28491.42578,93.29896907216495,2026-01-07,28491.42578,1669.0,1669.0,False,26497.0259754,95104.37925364001,47647294.006073646,,2026-01-09,26497.0259754,STOP,88447.0727058852,-3512204.7258369327,-7.371257485029954,-7.000000000000006,3,2
percentile,042700.KS,2026-01-07,186500.0,93.29896907216495,2026-01-08,182700.0,58.0,264.0,True,169911.0,21193.2,10617793.2,,2026-01-12,169911.0,STOP,19709.676,-782664.8760000002,-7.3712574850299415,-6.999999999999995,3,4
percentile,071970.KS,2026-01-09,100500.0,96.90721649484536,2026-01-12,101000.0,437.0,511.0,True,93930.0,88274.0,44225274.0,,2026-01-14,93930.0,STOP,82094.82,-3259958.8200000003,-7.371257485029941,-6.999999999999995,3,2
percentile,353200.KS,2026-01-15,50600.0,95.36082474226805,2026-01-16,51200.0,10.0,1050.0,True,47616.0,1024.0,513024.0,,2026-01-21,47616.0,STOP,952.32,-37816.32000000001,-7.3712574850299415,-6.999999999999995,4,5
percentile,015760.KS,2026-01-21,67900.0,92.78350515463917,2026-01-22,67800.0,7.0,811.0,True,63053.99999999999,949.2,475549.2,,2026-01-23,63053.99999999999,STOP,882.7559999999999,-35053.956000000064,-7.371257485029953,-7.000000000000006,2,1
percentile,010140.KS,2026-01-19,31850.0,85.05154639175258,2026-01-20,31400.0,1.0,1705.0,True,29201.999999999996,62.800000000000004,31462.8,,2026-01-29,29201.999999999996,STOP,58.403999999999996,-2319.2040000000015,-7.371257485029946,-7.000000000000006,8,9
percentile,042660.KS,2026-01-12,145700.0,94.3298969072165,2026-01-13,144500.0,68.0,357.0,True,134385.0,19652.0,9845652.0,,2026-02-02,134385.0,STOP,18276.36,-725748.3599999994,-7.3712574850299335,-6.999999999999995,15,20
percentile,006260.KS,2025-12-29,207000.0,76.28865979381443,2025-12-30,199800.0,196.0,233.0,True,185814.0,78321.6,39239121.6,2026-02-02,2026-02-03,205500.0,EXIT_MA,80556.0,958322.3999999985,2.4422626219033368,2.8528528528528607,23,35
percentile,039490.KS,2026-02-03,455000.0,94.84536082474226,2026-02-04,454000.0,108.0,122.0,True,422220.0,98064.0,49130064.0,,2026-02-05,422220.0,STOP,91199.52,-3621503.5200000033,-7.371257485029947,-6.999999999999995,2,1
percentile,457190.KS,2026-02-04,122200.0,95.36082474226805,2026-02-05,118400.0,1.0,468.0,True,110111.99999999999,236.8,118636.8,,2026-02-05,110111.99999999999,STOP,220.224,-8745.02400000002,-7.371257485029957,-7.000000000000018,1,0
percentile,034020.KS,2026-01-06,85900.0,97.42268041237114,2026-01-07,85000.0,553.0,553.0,False,79050.0,94010.0,47099010.0,,2026-03-04,79050.0,STOP,87429.3,-3471789.299999997,-7.3712574850299335,-6.999999999999995,37,56
percentile,120110.KS,2026-02-09,62600.0,82.4742268041237,2026-02-10,62400.0,3.0,912.0,True,58031.99999999999,374.40000000000003,187574.4,,2026-03-04,58031.99999999999,STOP,348.19199999999995,-13826.592000000033,-7.371257485029958,-7.000000000000006,13,22
percentile,011210.KS,2025-12-17,73600.0,82.9896907216495,2025-12-18,72000.0,675.0,675.0,False,66960.0,97200.0,48697200.0,2026-03-04,2026-03-05,84800.0,EXIT_MA,114480.0,8428320.0,17.30760700820581,17.777777777777782,48,77
percentile,307950.KS,2025-12-30,332000.0,95.87628865979381,2026-01-02,326500.0,142.0,144.0,True,303645.0,92726.0,46455726.0,2026-03-04,2026-03-05,406500.0,EXIT_MA,115446.0,11151828.0,24.0052819323069,24.502297090352208,40,62
percentile,001430.KS,2026-01-02,55900.0,97.42268041237114,2026-01-05,54600.0,862.0,862.0,False,50778.0,94130.40000000001,47159330.4,2026-03-04,2026-03-05,61300.0,EXIT_MA,105681.2,5575588.3999999985,11.822874397724695,12.271062271062272,39,59
percentile,316140.KS,2025-12-02,29000.0,72.16494845360825,2025-12-03,28500.0,1657.0,1728.0,True,26505.0,94449.0,47318949.0,2026-03-09,2026-03-10,33100.0,EXIT_MA,109693.40000000001,7418057.6000000015,15.67671674195469,16.140350877192986,62,97
percentile,475150.KS,2026-03-20,59900.0,95.8974358974359,2026-03-23,58600.0,948.0,948.0,False,54497.99999999999,111105.6,55663905.6,,2026-03-23,54497.99999999999,STOP,103328.20799999998,-4103129.808000006,-7.37125748502995,-7.000000000000018,1,0
percentile,004170.KS,2025-12-02,238500.0,76.80412371134021,2025-12-03,241000.0,210.0,210.0,False,224129.99999999997,101220.0,50711220.0,2026-03-23,2026-03-24,330500.0,EXIT_MA,138810.0,18554970.0,36.589476648363025,37.136929460580916,72,111
percentile,010060.KS,2026-03-18,193600.0,89.23076923076924,2026-03-19,196900.0,291.0,291.0,False,183117.0,114595.8,57412495.8,,2026-03-24,183117.0,STOP,106574.094,-4232022.893999994,-7.371257485029929,-6.999999999999995,4,5
percentile,298040.KS,2026-01-14,2125000.0,98.4536082474227,2026-01-15,2242000.0,18.0,24.0,True,2085059.9999999998,80712.0,40436712.0,2026-03-30,2026-03-31,2442000.0,EXIT_MA,87912.0,3431376.0,8.485793800445496,8.920606601248892,49,75
percentile,005930.KS,2025-12-26,117000.0,92.78350515463917,2025-12-29,119400.0,413.0,413.0,False,111041.99999999999,98624.40000000001,49410824.4,2026-03-31,2026-04-01,179000.0,EXIT_MA,147854.0,24368321.6,49.3177798506839,49.91624790619766,61,93
percentile,009970.KS,2026-02-05,217500.0,85.05154639175258,2026-02-06,206500.0,220.0,251.0,True,192045.0,90860.0,45520860.0,2026-04-02,2026-04-03,219500.0,EXIT_MA,96580.0,2672560.0,5.871066583539942,6.295399515738498,36,56
percentile,028260.KS,2026-04-08,309000.0,73.46938775510205,2026-04-09,305000.0,175.0,175.0,False,283650.0,106750.0,53481750.0,2026-04-13,2026-04-14,297000.0,EXIT_MA,103950.0,-1610700.0,-3.011681554922941,-2.622950819672132,3,5
percentile,020150.KS,2026-04-10,49150.0,83.16326530612244,2026-04-13,48600.0,1100.0,1100.0,False,45198.0,106920.0,53566920.0,,2026-04-14,45198.0,STOP,99435.6,-3948555.6000000015,-7.371257485029943,-6.999999999999995,2,1
percentile,039490.KS,2026-04-14,480000.0,87.75510204081633,2026-04-15,484000.0,112.0,112.0,False,450119.99999999994,108416.0,54316416.0,,2026-04-17,450119.99999999994,STOP,100826.87999999999,-4003802.88000001,-7.371257485029958,-7.000000000000018,3,2
percentile,000720.KS,2026-04-08,188700.0,97.44897959183673,2026-04-09,182500.0,287.0,287.0,False,169725.0,104755.0,52482255.0,,2026-04-22,169725.0,STOP,97422.15000000001,-3868602.1499999985,-7.371257485029938,-6.999999999999995,10,13
percentile,000500.KS,2026-04-22,100000.0,93.87755102040816,2026-04-23,120833.3359,401.0,607.0,True,112375.002387,96908.3353918,48551076.0312918,,2026-04-23,112375.002387,STOP,90124.75191437399,-3578824.8260191754,-7.371257485029943,-7.000000000000006,1,0
percentile,006800.KS,2026-01-23,34547.09375,95.36082474226805,2026-01-26,33455.08984,13.0,1577.0,True,31113.2335512,869.83233584,435786.00025584,2026-04-30,2026-05-04,66500.0,EXIT_MA,1729.0,426984.99974416,97.98043064565792,98.77393938572068,65,98
percentile,006360.KS,2026-04-10,37650.0,85.71428571428571,2026-04-13,36200.0,1436.0,1436.0,False,33666.0,103966.40000000001,52087166.4,,2026-05-12,33666.0,STOP,96688.75200000001,-3839479.151999995,-7.371257485029931,-6.999999999999995,20,29
percentile,457190.KS,2026-04-17,111500.0,86.22448979591837,2026-04-20,112000.0,448.0,504.0,True,104160.0,100352.0,50276352.0,,2026-05-12,104160.0,STOP,93327.36,-3705999.3599999994,-7.371257485029939,-6.999999999999995,15,22
percentile,007810.KS,2026-04-14,89100.0,99.48979591836735,2026-04-15,89700.0,605.0,605.0,False,83421.0,108537.0,54377037.0,,2026-05-15,83421.0,STOP,100939.41,-4008271.4099999964,-7.3712574850299335,-6.999999999999995,21,30
percentile,010060.KS,2026-04-23,322000.0,95.91836734693877,2026-04-24,322000.0,139.0,184.0,True,299460.0,89516.0,44847516.0,,2026-05-15,299460.0,STOP,83249.88,-3305825.8800000027,-7.371257485029946,-6.999999999999995,14,21
percentile,000660.KS,2026-05-13,1976000.0,97.44897959183673,2026-05-14,1976000.0,15.0,33.0,True,1837679.9999999998,59280.0,29699280.0,,2026-05-15,1837679.9999999998,STOP,55130.399999999994,-2189210.4000000022,-7.371257485029947,-7.000000000000018,2,1
percentile,066570.KS,2026-05-14,217000.0,85.71428571428571,2026-05-15,256000.0,2.0,304.0,True,238079.99999999997,1024.0,513024.0,,2026-05-15,238079.99999999997,STOP,952.3199999999999,-37816.320000000065,-7.371257485029953,-7.000000000000006,1,0
percentile,001440.KS,2026-05-04,60700.0,93.36734693877551,2026-05-06,62600.0,1.0,1029.0,True,58217.99999999999,125.2,62725.2,,2026-05-18,58217.99999999999,STOP,116.43599999999999,-4623.636000000006,-7.37125748502995,-7.000000000000006,9,12
percentile,009150.KS,2026-05-13,1029000.0,97.95918367346938,2026-05-14,1024000.0,63.0,63.0,False,952319.9999999999,129024.0,64641024.0,,2026-05-18,952319.9999999999,STOP,119992.31999999999,-4764856.320000008,-7.371257485029951,-7.000000000000006,3,4
percentile,066570.KS,2026-05-15,240500.0,90.81632653061224,2026-05-18,249000.0,254.0,254.0,False,231569.99999999997,126492.0,63372492.0,,2026-05-18,231569.99999999997,STOP,117637.55999999998,-4671349.56000001,-7.371257485029956,-7.000000000000006,1,0
percentile,020150.KS,2026-04-21,56700.0,80.10204081632652,2026-04-22,59200.0,1.0,1042.0,True,55055.99999999999,118.4,59318.4,,2026-05-20,55055.99999999999,STOP,110.112,-4372.51200000001,-7.371257485029957,-7.000000000000018,19,28
percentile,004170.KS,2026-05-15,541000.0,88.26530612244898,2026-05-18,520000.0,108.0,113.0,True,483599.99999999994,112320.0,56272320.0,,2026-05-20,483599.99999999994,STOP,104457.59999999999,-4147977.600000009,-7.371257485029956,-7.000000000000006,3,2
percentile,267270.KS,2026-04-08,160900.0,80.10204081632652,2026-04-09,158400.0,336.0,336.0,False,147312.0,106444.8,53328844.8,2026-05-20,2026-05-21,163900.0,EXIT_MA,110140.8,1631414.400000006,3.059159458860069,3.472222222222232,28,42
percentile,005850.KS,2026-05-22,75800.0,77.04081632653062,2026-05-26,78200.0,466.0,877.0,True,72726.0,72882.40000000001,36514082.4,,2026-05-27,72726.0,STOP,67780.632,-2691547.031999998,-7.371257485029934,-6.999999999999995,2,1
percentile,402340.KS,2026-05-27,1276000.0,99.48979591836735,2026-05-28,1264000.0,26.0,57.0,True,1175520.0,65728.0,32929728.0,,2026-05-28,1175520.0,STOP,61127.04,-2427335.039999999,-7.371257485029938,-6.999999999999995,1,0
percentile,047040.KS,2026-02-11,7480.0,90.20618556701031,2026-02-12,7470.0,1.0,7766.0,True,6947.099999999999,14.94,7484.94,2026-05-28,2026-05-29,26500.0,EXIT_MA,53.0,18962.06,253.33616568736693,254.75234270414995,69,106
percentile,093370.KS,2026-04-09,11240.0,82.6530612244898,2026-04-10,10940.0,4808.0,4808.0,False,10174.199999999999,105199.04000000001,52704719.04,2026-06-01,2026-06-02,10370.0,EXIT_MA,99717.92,-2945476.960000001,-5.588639904833844,-5.210237659963434,34,53
percentile,066570.KS,2026-05-29,293000.0,92.85714285714286,2026-06-01,375000.0,83.0,292.0,True,348750.0,62250.0,31187250.0,,2026-06-02,348750.0,STOP,57892.5,-2298892.5,-7.371257485029941,-6.999999999999995,2,1
percentile,034730.KS,2026-05-22,642000.0,90.3061224489796,2026-05-26,661000.0,103.0,103.0,False,614730.0,136166.0,68219166.0,,2026-06-05,614730.0,STOP,126634.38,-5028610.380000003,-7.371257485029944,-6.999999999999995,8,10
percentile,005930.KS,2026-06-01,349000.0,94.89795918367348,2026-06-02,360500.0,138.0,235.0,True,335265.0,99498.0,49848498.0,,2026-06-05,333500.0,STOP,92046.0,-3917544.0,-7.858900783730735,-7.4895977808599135,3,3
percentile,402340.KS,2026-06-02,1346000.0,99.48979591836735,2026-06-04,1347000.0,21.0,55.0,True,1252710.0,56574.0,28343574.0,,2026-06-05,1252710.0,STOP,52613.82,-2089277.8200000003,-7.3712574850299415,-6.999999999999995,2,1
percentile,004170.KS,2026-06-04,659000.0,90.81632653061224,2026-06-05,656000.0,1.0,110.0,True,610080.0,1312.0,657312.0,,2026-06-08,600000.0,STOP,1200.0,-58512.0,-8.901708777566817,-8.536585365853655,2,3
percentile,010120.KS,2025-10-23,73400.0,89.17525773195877,2025-10-24,73100.0,1.0,650.0,True,67983.0,146.20000000000002,73246.2,2026-06-08,2026-06-09,218500.0,EXIT_MA,437.0,144816.8,197.7123727920356,198.90560875512998,151,228
percentile,062040.KS,2026-04-14,183600.0,84.6938775510204,2026-04-15,186400.0,23.0,293.0,True,173352.0,8574.4,4295774.4,2026-06-08,2026-06-09,225000.0,EXIT_MA,10350.0,868875.5999999996,20.226285626172537,20.708154506437772,35,55
percentile,000500.KS,2026-04-30,134166.6719,95.91836734693877,2026-05-04,134166.6719,6.0,458.0,True,124775.00486699998,1610.0000628,806610.0314628,2026-06-12,2026-06-15,148333.3281,EXIT_MA,1779.9999372,81609.93720000004,10.117644712649945,10.558997998071407,27,42
percentile,093370.KS,2026-06-12,19010.0,93.90862944162437,2026-06-15,19010.0,130.0,3877.0,True,17679.3,4942.6,2476242.6,,2026-06-17,17679.3,STOP,4596.618,-182530.21799999988,-7.371257485029934,-7.000000000000006,3,2
percentile,017670.KS,2026-04-08,89000.0,70.40816326530613,2026-04-09,93000.0,609.0,609.0,False,86490.0,113274.0,56750274.0,2026-06-17,2026-06-18,98100.0,EXIT_MA,119485.8,2873140.200000003,5.062777670465525,5.483870967741944,46,70
percentile,032830.KS,2026-06-19,497000.0,93.4010152284264,2026-06-22,486500.0,3.0,162.0,True,452444.99999999994,2919.0,1462419.0,,2026-06-22,452444.99999999994,STOP,2714.6699999999996,-107798.67000000016,-7.371257485029951,-7.000000000000018,1,0
percentile,000990.KS,2026-04-24,152000.0,90.3061224489796,2026-04-27,155500.0,1.0,412.0,True,144615.0,311.0,155811.0,2026-06-23,2026-06-24,152800.0,EXIT_MA,305.6,-3316.600000000006,-2.1286045272798493,-1.7363344051446905,38,58
percentile,023530.KS,2026-06-09,181900.0,88.83248730964468,2026-06-10,180000.0,406.0,406.0,False,167400.0,146160.0,73226160.0,,2026-06-24,167400.0,STOP,135928.8,-5397688.799999997,-7.371257485029936,-6.999999999999995,11,14
percentile,402340.KS,2026-06-18,1700000.0,99.49238578680203,2026-06-19,1819000.0,33.0,50.0,True,1691670.0,120054.0,60147054.0,,2026-06-24,1691670.0,STOP,111650.22,-4433594.219999999,-7.371257485029938,-6.999999999999995,4,5
percentile,353200.KS,2026-03-18,74800.0,95.8974358974359,2026-03-19,72400.0,755.0,755.0,False,67332.0,109324.0,54771324.0,2026-06-25,2026-06-26,133000.0,EXIT_MA,200830.0,45442846.0,82.96831750862916,83.70165745856353,67,99
percentile,034730.KS,2026-06-25,858000.0,94.9238578680203,2026-06-26,868000.0,82.0,82.0,False,807240.0,142352.0,71318352.0,,2026-06-26,807240.0,STOP,132387.36000000002,-5257059.359999999,-7.371257485029939,-6.999999999999995,1,0
percentile,483650.KS,2026-06-25,232000.0,77.15736040609137,2026-06-26,232000.0,304.0,304.0,False,215760.0,141056.0,70669056.0,,2026-07-01,215760.0,STOP,131182.08000000002,-5209198.079999998,-7.371257485029938,-6.999999999999995,4,5
percentile,011070.KS,2026-04-10,380000.0,80.61224489795919,2026-04-13,366000.0,142.0,142.0,False,340380.0,103944.0,52075944.0,2026-07-02,2026-07-03,889000.0,EXIT_MA,252476.0,73909580.0,141.92652945475172,142.89617486338798,55,81
percentile,005440.KS,2026-06-25,14840.0,79.69543147208121,2026-06-26,14700.0,4760.0,4760.0,False,13670.999999999998,139944.0,70111944.0,,2026-07-08,13670.999999999998,STOP,130147.91999999998,-5168131.920000009,-7.371257485029953,-7.000000000000018,9,12
percentile,001820.KS,2026-05-20,78600.0,90.3061224489796,2026-05-21,75200.0,752.0,752.0,False,69936.0,113100.8,56663500.8,2026-07-08,2026-07-09,103200.0,EXIT_MA,155212.80000000002,20787686.400000006,36.686202063957204,37.23404255319149,33,49
percentile,009150.KS,2026-05-21,1204000.0,99.48979591836735,2026-05-22,1240000.0,52.0,52.0,False,1153200.0,128960.0,64608960.0,2026-07-08,2026-07-09,1552000.0,EXIT_MA,161408.0,15933632.0,24.661644453029425,25.161290322580655,32,48
percentile,069960.KS,2026-06-05,146500.0,79.59183673469387,2026-06-08,137300.0,484.0,484.0,False,127688.99999999999,132906.4,66586106.4,2026-07-20,2026-07-21,136500.0,EXIT_MA,132132.0,-652238.3999999985,-0.9795412816028517,-0.5826656955571718,30,43
percentile,007340.KS,2026-08-18,62800.0,92.42424242424242,2026-08-19,61100.0,1001.0,1001.0,False,56822.99999999999,122322.2,61283422.2,,2026-08-19,56822.99999999999,STOP,113759.646,-4517358.846000008,-7.371257485029953,-7.000000000000018,1,0
percentile,028670.KS,2026-08-24,6320.0,81.31313131313132,2026-08-25,6290.0,9763.0,9763.0,False,5849.7,122818.54000000001,61532088.54,,2026-08-26,5849.7,STOP,114221.24220000001,-4535688.6822,-7.371257485029941,-7.000000000000006,2,1
percentile,006360.KS,2026-08-26,37800.0,89.8989898989899,2026-08-27,37350.0,1646.0,1646.0,False,34735.5,122956.2,61601056.2,,2026-09-01,34735.5,STOP,114349.266,-4540772.466000006,-7.371257485029949,-6.999999999999995,4,5
percentile,192820.KS,2026-08-28,303000.0,90.9090909090909,2026-08-31,297000.0,210.0,210.0,False,276210.0,124740.0,62494740.0,,2026-09-02,276210.0,STOP,116008.2,-4606648.200000003,-7.371257485029944,-6.999999999999995,3,2
percentile,278470.KS,2026-08-25,440500.0,88.38383838383838,2026-08-26,444500.0,141.0,141.0,False,413385.0,125349.0,62799849.0,,2026-09-03,413385.0,STOP,116574.57,-4629138.57,-7.371257485029941,-6.999999999999995,7,8
percentile,181710.KS,2026-08-12,61300.0,93.90862944162437,2026-08-13,61400.0,978.0,978.0,False,57101.99999999999,120098.40000000001,60169298.4,,2026-09-09,57101.99999999999,STOP,111691.51199999999,-4435233.912000008,-7.371257485029953,-7.000000000000018,19,27
percentile,008930.KS,2026-09-08,57700.0,90.9090909090909,2026-09-09,57200.0,1052.0,1052.0,False,53196.0,120348.8,60294748.8,,2026-09-10,53196.0,STOP,111924.384,-4444481.184,-7.3712574850299415,-6.999999999999995,2,1
percentile,000500.KS,2026-09-09,265500.0,100.0,2026-09-10,260500.0,223.0,223.0,False,242264.99999999997,116183.0,58207683.0,,2026-09-10,242264.99999999997,STOP,108050.18999999999,-4290638.190000005,-7.371257485029949,-7.000000000000006,1,0
percentile,078930.KS,2026-08-13,107400.0,91.87817258883248,2026-08-14,107000.0,563.0,563.0,False,99510.0,120482.0,60361482.0,2026-09-30,2026-10-01,107200.0,EXIT_MA,120707.2,-128589.20000000298,-0.2130318801649088,0.18691588785046953,31,48
percentile,086790.KS,2026-08-31,136300.0,79.7979797979798,2026-09-01,134100.0,421.0,465.0,True,124712.99999999999,112912.2,56569012.2,2026-09-30,2026-10-01,130600.0,EXIT_MA,109965.2,-1696377.400000006,-2.998775007777148,-2.6099925428784476,20,30
percentile,055550.KS,2026-09-01,111100.0,80.8080808080808,2026-09-02,110500.0,516.0,568.0,True,102765.0,114036.0,57132036.0,2026-09-30,2026-10-01,103500.0,EXIT_MA,106812.0,-3832848.0,-6.708754436827702,-6.334841628959276,19,29
